user_email,family_size,house_type,district,milk_packets,deliveries,oil_type,bottles,segregation,food_waste,compost,garden_waste,old_devices,batteries,disposal_method,family_size_encoded,batteries_encoded,fraud_probability,fraud_flag
0.0,0.3333333333333333,0.0,0.6923076923076923,0.3333333333333333,0.4444444444444445,1.0,0.0,0.0,0.0,0.6000000000000001,0.0,1.0,0.0,0.0,0.3333333333333333,0.0,0.61968199398367,0.0
0.5534351145038168,0.3333333333333333,0.0,0.38461538461538464,0.3333333333333333,0.9444444444444444,0.5,1.0,0.5,0.0,0.2,0.0,0.0,0.6666666666666666,0.0,0.3333333333333333,0.6666666666666666,0.34651196103710075,0.0
0.6112322791712105,0.3333333333333333,0.5,0.46153846153846156,0.16666666666666666,0.9444444444444444,0.5,1.0,1.0,0.0,0.2,0.6666666666666666,0.0,0.3333333333333333,0.0,0.3333333333333333,0.3333333333333333,0.3240223463687151,0.0
0.66793893129771,0.6666666666666666,1.0,0.6153846153846154,0.6666666666666666,0.8333333333333333,1.0,0.3333333333333333,0.0,0.0,0.4,0.3333333333333333,0.0,1.0,0.3333333333333333,0.6666666666666666,1.0,0.6298524566680991,0.0
0.7235550708833152,0.6666666666666666,0.5,0.6153846153846154,0.6666666666666666,0.27777777777777773,0.0,1.0,0.5,0.0,1.0,0.3333333333333333,0.0,0.6666666666666666,0.0,0.6666666666666666,0.6666666666666666,0.30525712648617676,0.0
0.7758996728462377,0.6666666666666666,0.5,0.23076923076923078,0.6666666666666666,0.3888888888888889,0.5,0.6666666666666666,0.5,0.0,0.0,1.0,0.0,0.0,0.0,0.6666666666666666,0.0,0.2756052141527002,0.0
0.8336968375136314,0.3333333333333333,0.0,0.7692307692307693,0.16666666666666666,0.16666666666666669,1.0,1.0,0.0,0.0,0.0,0.0,0.0,0.3333333333333333,0.3333333333333333,0.3333333333333333,0.3333333333333333,0.21601489757914338,0.0
0.8865866957470011,0.3333333333333333,0.0,0.3076923076923077,0.3333333333333333,0.7777777777777777,0.0,0.6666666666666666,1.0,0.0,0.0,1.0,0.0,0.6666666666666666,0.6666666666666666,0.3333333333333333,0.6666666666666666,0.19567397221028507,0.0
0.9443838604143948,0.3333333333333333,0.5,0.9230769230769231,0.5,0.0,0.5,1.0,1.0,0.0,0.6000000000000001,0.6666666666666666,0.0,1.0,0.3333333333333333,0.3333333333333333,1.0,0.7405815785704054,0.0
1.0,0.6666666666666666,0.0,0.15384615384615385,0.5,0.8888888888888888,1.0,0.0,1.0,0.0,0.4,0.3333333333333333,0.08333333333333333,0.3333333333333333,0.0,0.6666666666666666,0.3333333333333333,0.22102850594470705,0.0
0.0534351145038168,0.0,0.5,0.15384615384615385,0.0,0.5555555555555556,0.0,1.0,0.0,0.0,0.0,0.6666666666666666,0.0,0.6666666666666666,0.0,0.0,0.6666666666666666,0.9427016186792724,0.0
0.16466739367502728,0.6666666666666666,0.5,1.0,0.5,0.3888888888888889,1.0,0.0,0.5,0.0,0.0,0.6666666666666666,0.0,0.0,0.3333333333333333,0.6666666666666666,0.0,0.06646612233204412,0.0
0.2197382769901854,0.3333333333333333,0.0,0.46153846153846156,0.5,1.0,1.0,1.0,1.0,0.0,0.0,1.0,0.0,0.0,0.3333333333333333,0.3333333333333333,0.0,0.6000572983813207,0.0
0.2742639040348964,0.6666666666666666,0.5,0.7692307692307693,0.5,0.9444444444444444,0.5,1.0,1.0,0.0,0.0,1.0,0.0,0.6666666666666666,0.3333333333333333,0.6666666666666666,0.6666666666666666,0.37115026500501364,0.0
0.3282442748091603,0.6666666666666666,0.5,0.8461538461538463,0.5,0.3333333333333333,1.0,0.6666666666666666,1.0,0.0,0.2,0.6666666666666666,0.0,0.0,0.3333333333333333,0.6666666666666666,0.0,0.08680704770090245,0.0
0.38386041439476554,0.6666666666666666,0.5,0.5384615384615385,0.6666666666666666,0.8888888888888888,0.0,0.0,1.0,0.0,1.0,0.6666666666666666,0.0,0.6666666666666666,0.6666666666666666,0.6666666666666666,0.6666666666666666,0.4586735424724252,0.0
0.43838604143947657,0.3333333333333333,0.5,0.0,0.16666666666666666,0.0,1.0,0.3333333333333333,1.0,0.0,0.0,0.3333333333333333,0.0,0.3333333333333333,1.0,0.3333333333333333,0.3333333333333333,0.44506517690875236,0.0
0.4961832061068703,0.3333333333333333,1.0,0.6153846153846154,0.5,0.2222222222222222,0.5,0.3333333333333333,1.0,0.0,0.0,0.0,0.0,0.6666666666666666,0.3333333333333333,0.3333333333333333,0.6666666666666666,0.1810628849734995,0.0
0.5528898582333697,0.3333333333333333,0.5,1.0,0.16666666666666666,0.8333333333333333,0.5,0.3333333333333333,1.0,0.0,0.6000000000000001,0.6666666666666666,0.0,0.0,1.0,0.3333333333333333,0.0,0.3790287924366137,0.0
0.5599781897491821,0.6666666666666666,1.0,0.07692307692307693,0.6666666666666666,0.05555555555555555,0.5,0.0,0.0,0.0,1.0,0.6666666666666666,0.0,0.6666666666666666,1.0,0.6666666666666666,0.6666666666666666,0.5241369431313566,0.0
0.5654307524536533,0.0,1.0,0.0,0.0,0.5555555555555556,1.0,0.0,0.0,0.0,0.2,0.3333333333333333,0.0,0.0,0.6666666666666666,0.0,0.0,0.9618965764217162,0.0
0.5708833151581243,0.3333333333333333,0.0,0.15384615384615385,0.3333333333333333,0.5555555555555556,1.0,1.0,0.0,0.0,0.0,0.0,0.0,1.0,1.0,0.3333333333333333,1.0,0.2774674115456239,0.0
0.5763358778625954,0.3333333333333333,1.0,1.0,0.3333333333333333,0.3333333333333333,0.0,1.0,0.5,0.0,0.2,1.0,0.08333333333333333,0.0,0.0,0.3333333333333333,0.0,0.1826385904598195,0.0
0.5817884405670666,0.3333333333333333,0.5,0.15384615384615385,0.3333333333333333,0.7222222222222221,0.0,0.3333333333333333,0.5,0.0,0.0,1.0,0.08333333333333333,0.3333333333333333,0.0,0.3333333333333333,0.3333333333333333,0.10113164303108436,0.0
0.5877862595419847,0.6666666666666666,0.0,0.6153846153846154,0.6666666666666666,0.6111111111111112,0.5,0.3333333333333333,0.0,0.0,0.6000000000000001,0.6666666666666666,0.0,0.6666666666666666,0.6666666666666666,0.6666666666666666,0.6666666666666666,0.26658071909468556,0.0
0.5932388222464559,0.3333333333333333,0.0,0.5384615384615385,0.3333333333333333,0.3333333333333333,1.0,0.6666666666666666,0.5,0.0,0.0,0.0,0.0,1.0,0.0,0.3333333333333333,1.0,0.3781693167168027,0.0
0.598691384950927,0.6666666666666666,0.0,0.07692307692307693,0.6666666666666666,0.2222222222222222,1.0,0.6666666666666666,1.0,0.0,0.2,1.0,0.0,0.3333333333333333,0.0,0.6666666666666666,0.3333333333333333,0.28205128205128205,0.0
0.6046892039258451,0.0,1.0,0.38461538461538464,0.16666666666666666,0.7777777777777777,0.0,1.0,0.0,0.0,0.0,0.6666666666666666,0.0,0.0,0.6666666666666666,0.0,0.0,0.7503223033949291,0.0
0.6106870229007634,1.0,1.0,0.46153846153846156,0.5,0.3333333333333333,1.0,0.6666666666666666,0.0,0.0,0.0,0.0,0.0,0.3333333333333333,1.0,1.0,0.3333333333333333,0.45981951009883976,0.0
0.6221374045801527,0.3333333333333333,0.5,0.5384615384615385,0.3333333333333333,0.0,1.0,1.0,0.5,0.0,0.2,1.0,0.0,0.0,1.0,0.3333333333333333,0.0,0.4721386620827962,0.0
0.6281352235550709,0.3333333333333333,0.0,0.15384615384615385,0.5,0.8888888888888888,0.5,0.3333333333333333,0.5,0.0,0.0,0.0,0.0,0.0,0.0,0.3333333333333333,0.0,0.4238647758200831,0.0
0.6341330425299891,0.6666666666666666,0.5,0.3076923076923077,0.6666666666666666,0.9444444444444444,0.5,0.0,0.5,0.0,0.6000000000000001,0.0,0.0,0.6666666666666666,0.0,0.6666666666666666,0.6666666666666666,0.5247099269445639,0.0
0.6401308615049074,0.6666666666666666,1.0,0.3076923076923077,0.5,0.3333333333333333,0.0,0.0,0.5,0.0,0.4,0.3333333333333333,0.0,1.0,0.3333333333333333,0.6666666666666666,1.0,0.32301962469560236,0.0
0.6455834242093784,0.3333333333333333,0.0,0.8461538461538463,0.3333333333333333,0.49999999999999994,1.0,0.3333333333333333,0.5,0.0,0.4,0.6666666666666666,0.0,0.3333333333333333,1.0,0.3333333333333333,0.3333333333333333,0.03767368571837845,0.0
0.6510359869138496,0.0,0.0,0.8461538461538463,0.16666666666666666,0.2222222222222222,0.0,1.0,0.0,0.0,0.2,1.0,0.08333333333333333,0.6666666666666666,0.6666666666666666,0.0,0.6666666666666666,0.7637874230053001,0.0
0.6570338058887677,0.6666666666666666,0.5,0.23076923076923078,0.3333333333333333,0.8888888888888888,0.0,0.3333333333333333,0.5,0.0,0.0,0.3333333333333333,0.0,0.3333333333333333,0.3333333333333333,0.6666666666666666,0.3333333333333333,0.297951582867784,0.0
0.6619411123227917,0.6666666666666666,1.0,0.0,0.3333333333333333,1.0,0.5,0.3333333333333333,1.0,0.0,0.4,0.3333333333333333,0.0,0.6666666666666666,0.0,0.6666666666666666,0.6666666666666666,0.6090817934393354,0.0
0.6673936750272629,1.0,1.0,0.6923076923076923,0.6666666666666666,0.3333333333333333,1.0,0.3333333333333333,0.0,0.0,0.6000000000000001,0.6666666666666666,0.0,1.0,0.0,1.0,1.0,0.7914338919925512,0.0
0.6739367502726281,0.3333333333333333,0.0,0.15384615384615385,0.16666666666666666,0.7777777777777777,0.5,0.6666666666666666,0.0,0.0,0.0,0.6666666666666666,0.0,0.0,0.0,0.3333333333333333,0.0,0.3215871651625842,0.0
0.6788440567066522,0.3333333333333333,0.5,0.5384615384615385,0.3333333333333333,0.9444444444444444,0.0,0.3333333333333333,1.0,0.0,0.2,0.0,0.0,0.0,0.0,0.3333333333333333,0.0,0.41082939406961755,0.0
0.6842966194111233,0.6666666666666666,0.5,0.6153846153846154,0.6666666666666666,0.4444444444444445,0.5,0.3333333333333333,0.0,0.0,0.0,0.0,0.0,0.0,0.6666666666666666,0.6666666666666666,0.0,0.3185790001432459,0.0
0.6897491821155943,0.0,0.0,0.9230769230769231,0.16666666666666666,1.0,1.0,1.0,1.0,0.0,0.2,0.0,0.0,0.3333333333333333,0.3333333333333333,0.0,0.3333333333333333,0.8676407391491191,0.0
0.6957470010905126,0.3333333333333333,1.0,0.9230769230769231,0.5,0.6111111111111112,0.5,0.0,0.0,0.0,0.0,0.0,0.0,0.0,1.0,0.3333333333333333,0.0,0.20641741870792152,0.0
0.7011995637949837,0.3333333333333333,0.0,0.8461538461538463,0.5,0.7222222222222221,1.0,1.0,0.5,0.0,0.0,0.6666666666666666,0.0,0.3333333333333333,1.0,0.3333333333333333,0.3333333333333333,0.16960320870935397,0.0
0.7066521264994547,0.3333333333333333,0.0,0.6153846153846154,0.16666666666666666,0.05555555555555555,0.0,1.0,1.0,0.0,0.0,0.6666666666666666,0.0,0.3333333333333333,0.0,0.3333333333333333,0.3333333333333333,0.37516115169746456,0.0
0.712649945474373,0.3333333333333333,0.5,0.15384615384615385,0.5,0.8333333333333333,1.0,0.3333333333333333,0.0,0.0,0.4,1.0,0.0,0.3333333333333333,0.6666666666666666,0.3333333333333333,0.3333333333333333,0.2453803180060163,0.0
0.7181025081788441,0.3333333333333333,0.0,0.5384615384615385,0.3333333333333333,0.4444444444444445,0.0,1.0,0.5,0.0,0.0,1.0,0.0,0.6666666666666666,0.6666666666666666,0.3333333333333333,0.6666666666666666,0.1622976650909612,0.0
0.7230098146128681,0.3333333333333333,1.0,0.7692307692307693,0.16666666666666666,0.05555555555555555,1.0,0.3333333333333333,1.0,0.0,0.0,0.0,0.0,0.0,1.0,0.3333333333333333,0.0,0.4568113450795015,0.0
0.7339149400218102,0.6666666666666666,0.0,0.6923076923076923,0.5,0.0,0.0,0.0,1.0,0.0,0.4,0.0,0.08333333333333333,0.6666666666666666,0.0,0.6666666666666666,0.6666666666666666,0.3952155851597192,0.0
0.7399127589967285,0.6666666666666666,0.0,0.6153846153846154,0.3333333333333333,0.8888888888888888,1.0,0.6666666666666666,1.0,0.0,0.4,0.3333333333333333,0.0,0.3333333333333333,0.3333333333333333,0.6666666666666666,0.3333333333333333,0.297951582867784,0.0
0.7459105779716467,0.6666666666666666,0.0,0.8461538461538463,0.3333333333333333,0.7777777777777777,0.0,1.0,0.0,0.0,0.2,0.3333333333333333,0.0,0.3333333333333333,0.0,0.6666666666666666,0.3333333333333333,0.24366136656639453,0.0
0.7508178844056707,0.0,0.0,0.6153846153846154,0.0,0.8888888888888888,1.0,0.6666666666666666,0.5,0.0,0.6000000000000001,0.3333333333333333,0.0,0.3333333333333333,1.0,0.0,0.3333333333333333,0.9614668385618107,0.0
0.7568157033805889,0.3333333333333333,0.5,0.9230769230769231,0.5,0.0,0.0,0.3333333333333333,0.5,0.0,0.2,0.0,0.0,0.3333333333333333,1.0,0.3333333333333333,0.3333333333333333,0.3781693167168027,0.0
0.7617230098146129,0.6666666666666666,0.0,0.38461538461538464,0.6666666666666666,0.5555555555555556,1.0,0.3333333333333333,0.0,0.0,0.0,0.6666666666666666,0.0,0.0,1.0,0.6666666666666666,0.0,0.26214009454232917,0.0
0.7649945474372956,1.0,1.0,0.6923076923076923,0.8333333333333333,0.2222222222222222,1.0,0.6666666666666666,0.5,0.0,0.8,0.3333333333333333,0.0,0.6666666666666666,0.3333333333333333,1.0,0.6666666666666666,0.9087523277467411,0.0
0.7699018538713196,0.3333333333333333,0.0,0.9230769230769231,0.5,0.4444444444444445,1.0,0.0,0.0,0.0,0.6000000000000001,0.0,0.0,0.3333333333333333,0.3333333333333333,0.3333333333333333,0.3333333333333333,0.12920784987824094,0.0
0.7753544165757906,0.6666666666666666,1.0,0.07692307692307693,0.3333333333333333,0.3333333333333333,0.0,1.0,1.0,0.0,0.2,1.0,0.0,1.0,0.0,0.6666666666666666,1.0,0.4006589313851884,0.0
0.781897491821156,1.0,1.0,0.0,0.6666666666666666,0.8888888888888888,0.0,0.0,1.0,0.0,0.6000000000000001,0.0,0.0,0.6666666666666666,0.6666666666666666,1.0,0.6666666666666666,0.8219452800458388,0.0
0.7878953107960742,0.6666666666666666,0.5,0.23076923076923078,0.5,0.2222222222222222,0.0,0.6666666666666666,0.5,0.0,0.4,0.0,0.0,0.0,0.0,0.6666666666666666,0.0,0.06589313851883684,0.0
0.7938931297709924,0.3333333333333333,1.0,0.9230769230769231,0.3333333333333333,0.6111111111111112,0.0,0.3333333333333333,0.5,0.0,0.4,0.6666666666666666,0.0,0.3333333333333333,0.3333333333333333,0.3333333333333333,0.3333333333333333,0.001289213579716373,0.0
0.7998909487459106,1.0,1.0,1.0,0.6666666666666666,0.2222222222222222,0.0,1.0,0.0,0.0,0.2,0.0,0.08333333333333333,0.6666666666666666,0.0,1.0,0.6666666666666666,0.6639449935539321,0.0
0.8053435114503817,0.3333333333333333,0.0,0.46153846153846156,0.16666666666666666,0.7222222222222221,1.0,0.3333333333333333,1.0,0.0,0.0,1.0,0.0,0.0,0.0,0.3333333333333333,0.0,0.282910757771093,0.0
0.8107960741548528,0.3333333333333333,0.5,0.07692307692307693,0.5,0.49999999999999994,0.5,1.0,0.5,0.0,0.0,0.0,0.0,1.0,1.0,0.3333333333333333,1.0,0.3665663944993554,0.0
0.8162486368593239,0.0,0.0,0.9230769230769231,0.0,0.7777777777777777,1.0,0.6666666666666666,0.0,0.0,0.6000000000000001,0.3333333333333333,0.08333333333333333,0.6666666666666666,0.0,0.0,0.6666666666666666,0.9035954734278756,0.0
0.8217011995637951,1.0,0.0,0.7692307692307693,0.5,1.0,1.0,0.0,0.0,0.0,0.4,0.6666666666666666,0.0,0.0,0.3333333333333333,1.0,0.0,0.8381320727689443,0.0
0.8276990185387132,0.3333333333333333,0.0,0.6923076923076923,0.16666666666666666,0.49999999999999994,0.5,0.3333333333333333,0.0,0.0,0.0,0.3333333333333333,0.0,0.0,0.6666666666666666,0.3333333333333333,0.0,0.22332044119753616,0.0
0.8331515812431843,1.0,0.0,0.8461538461538463,0.8333333333333333,0.6111111111111112,1.0,0.0,0.0,0.0,0.4,0.6666666666666666,0.08333333333333333,0.0,0.0,1.0,0.0,0.9126199684858903,0.0
0.8429661941112323,0.3333333333333333,1.0,0.6923076923076923,0.16666666666666666,0.27777777777777773,0.5,0.3333333333333333,1.0,0.0,0.2,0.3333333333333333,0.08333333333333333,0.0,0.0,0.3333333333333333,0.0,0.28563243088382756,0.0
0.8478735005452563,0.6666666666666666,1.0,0.23076923076923078,0.5,0.7777777777777777,0.5,0.3333333333333333,0.0,0.0,0.0,0.0,0.0,0.0,1.0,0.6666666666666666,0.0,0.21314997851310702,0.0
0.8533260632497274,0.6666666666666666,0.0,0.6923076923076923,0.5,0.8888888888888888,1.0,0.6666666666666666,1.0,0.0,0.8,0.3333333333333333,0.0,0.0,0.6666666666666666,0.6666666666666666,0.0,0.32072768944277324,0.0
0.8587786259541985,0.6666666666666666,0.0,0.38461538461538464,0.3333333333333333,0.0,1.0,0.3333333333333333,0.5,0.0,0.0,1.0,0.0,0.0,0.3333333333333333,0.6666666666666666,0.0,0.4828821085804326,0.0
0.8642311886586697,0.0,1.0,0.6923076923076923,0.16666666666666666,1.0,1.0,0.0,0.5,0.0,0.0,0.0,0.08333333333333333,0.6666666666666666,0.6666666666666666,0.0,0.6666666666666666,0.8904168457241083,0.0
0.8702290076335878,0.3333333333333333,0.0,0.0,0.5,0.5555555555555556,0.0,0.0,1.0,0.0,0.6000000000000001,0.6666666666666666,0.0,0.3333333333333333,0.0,0.3333333333333333,0.3333333333333333,0.034235782839134796,0.0
0.8756815703380589,0.6666666666666666,1.0,0.46153846153846156,0.3333333333333333,0.16666666666666669,0.0,0.6666666666666666,1.0,0.0,0.0,0.3333333333333333,0.0,0.6666666666666666,0.3333333333333333,0.6666666666666666,0.6666666666666666,0.2280475576564962,0.0
0.880588876772083,1.0,0.0,1.0,0.6666666666666666,0.05555555555555555,1.0,0.6666666666666666,1.0,0.0,0.2,0.0,0.0,0.3333333333333333,0.0,1.0,0.3333333333333333,0.6795588024638304,0.0
0.886041439476554,0.3333333333333333,1.0,0.0,0.16666666666666666,0.49999999999999994,0.5,0.6666666666666666,0.0,0.0,0.0,0.3333333333333333,0.08333333333333333,0.0,0.0,0.3333333333333333,0.0,0.2516831399512964,0.0
0.8925845147219194,0.6666666666666666,0.0,0.38461538461538464,0.5,0.6111111111111112,0.5,0.3333333333333333,0.5,0.0,0.2,0.0,0.0,0.0,1.0,0.6666666666666666,0.0,0.06431743303251683,0.0
0.8980370774263905,0.6666666666666666,0.5,0.07692307692307693,0.6666666666666666,0.27777777777777773,1.0,0.3333333333333333,0.5,0.0,0.0,0.3333333333333333,0.0,0.0,1.0,0.6666666666666666,0.0,0.27159432746024925,0.0
0.9034896401308615,0.3333333333333333,0.0,0.7692307692307693,0.3333333333333333,0.6666666666666665,0.5,1.0,0.0,0.0,0.0,1.0,0.0,1.0,1.0,0.3333333333333333,1.0,0.3172897865635296,0.0
0.9094874591057798,0.0,1.0,0.15384615384615385,0.16666666666666666,0.4444444444444445,0.5,1.0,1.0,0.0,0.0,0.6666666666666666,0.0,0.3333333333333333,0.6666666666666666,0.0,0.3333333333333333,0.6850021486892995,0.0
0.920937840785169,0.3333333333333333,0.0,1.0,0.3333333333333333,0.7777777777777777,0.5,0.6666666666666666,1.0,0.0,0.2,0.6666666666666666,0.0,0.0,0.3333333333333333,0.3333333333333333,0.0,0.24609654777252543,0.0
0.9269356597600873,0.3333333333333333,0.0,0.15384615384615385,0.3333333333333333,0.5555555555555556,1.0,1.0,0.5,0.0,0.0,0.6666666666666666,0.0,0.3333333333333333,1.0,0.3333333333333333,0.3333333333333333,0.0,0.0
0.9323882224645584,0.3333333333333333,0.0,0.46153846153846156,0.16666666666666666,0.27777777777777773,1.0,0.3333333333333333,1.0,0.0,0.0,1.0,0.0,0.0,1.0,0.3333333333333333,0.0,0.2085661080074488,0.0
0.9383860414394766,0.3333333333333333,0.0,0.46153846153846156,0.3333333333333333,0.6666666666666665,0.5,0.6666666666666666,1.0,0.0,0.0,0.6666666666666666,0.08333333333333333,0.0,0.0,0.3333333333333333,0.0,0.1966766938833978,0.0
0.9438386041439477,0.3333333333333333,0.5,0.3076923076923077,0.16666666666666666,0.49999999999999994,1.0,0.0,0.0,0.0,0.2,0.6666666666666666,0.0,0.3333333333333333,1.0,0.3333333333333333,0.3333333333333333,0.1445351668815356,0.0
0.9492911668484189,0.0,0.0,0.23076923076923078,0.16666666666666666,0.1111111111111111,0.5,0.6666666666666666,0.5,0.0,0.0,0.6666666666666666,0.0,0.0,0.3333333333333333,0.0,0.0,0.763071193238791,0.0
0.955288985823337,0.3333333333333333,0.0,0.3076923076923077,0.3333333333333333,0.9444444444444444,0.5,1.0,1.0,0.0,0.0,0.6666666666666666,0.0,0.6666666666666666,0.0,0.3333333333333333,0.6666666666666666,0.34651196103710075,0.0
0.9612868047982552,0.6666666666666666,0.0,0.9230769230769231,0.3333333333333333,0.1111111111111111,1.0,0.3333333333333333,1.0,0.0,0.0,1.0,0.0,0.3333333333333333,1.0,0.6666666666666666,0.3333333333333333,0.23048273886262713,0.0
0.9672846237731735,0.6666666666666666,1.0,0.6153846153846154,0.3333333333333333,0.6666666666666665,0.0,0.6666666666666666,0.0,0.0,0.6000000000000001,0.3333333333333333,0.0,0.6666666666666666,0.6666666666666666,0.6666666666666666,0.6666666666666666,0.267010456954591,0.0
0.9727371864776445,0.3333333333333333,1.0,0.9230769230769231,0.5,0.3888888888888889,1.0,0.0,0.0,0.0,0.6000000000000001,1.0,0.0,0.6666666666666666,0.6666666666666666,0.3333333333333333,0.6666666666666666,0.15298667812634292,0.0
0.9781897491821157,0.6666666666666666,0.5,0.0,0.6666666666666666,0.16666666666666669,0.5,0.6666666666666666,0.0,0.0,0.6000000000000001,0.3333333333333333,0.0,0.0,0.6666666666666666,0.6666666666666666,0.0,0.33863343360550063,0.0
0.9836423118865868,0.3333333333333333,0.0,0.0,0.3333333333333333,0.05555555555555555,0.5,0.6666666666666666,0.0,0.0,0.0,0.3333333333333333,0.0,0.3333333333333333,0.3333333333333333,0.3333333333333333,0.3333333333333333,0.2774674115456239,0.0
0.994547437295529,1.0,0.0,0.38461538461538464,0.6666666666666666,0.0,0.0,0.3333333333333333,0.0,0.0,0.0,0.6666666666666666,0.0,0.0,0.0,1.0,0.0,0.8361266294227188,0.0
0.9994547437295529,0.6666666666666666,1.0,0.7692307692307693,0.6666666666666666,0.2222222222222222,0.5,0.6666666666666666,0.5,0.0,0.2,0.0,0.08333333333333333,0.6666666666666666,0.0,0.6666666666666666,0.6666666666666666,0.23649906890130357,0.0
0.0054525627044711015,1.0,0.0,1.0,0.6666666666666666,0.2222222222222222,0.0,0.6666666666666666,0.0,0.0,0.2,0.0,0.0,0.3333333333333333,0.3333333333333333,1.0,0.3333333333333333,0.552356395931815,0.0
0.010359869138495093,0.6666666666666666,1.0,0.0,0.6666666666666666,0.49999999999999994,0.0,0.6666666666666666,0.5,0.0,0.0,0.0,0.0,0.6666666666666666,0.6666666666666666,0.6666666666666666,0.6666666666666666,0.2890703337630712,0.0
0.015812431842966195,0.6666666666666666,1.0,0.46153846153846156,0.6666666666666666,0.16666666666666669,1.0,0.6666666666666666,0.5,0.0,0.0,0.0,0.16666666666666666,0.0,0.6666666666666666,0.6666666666666666,0.0,0.5066609368285345,0.0
0.021264994547437296,1.0,0.5,0.07692307692307693,0.8333333333333333,0.6666666666666665,1.0,0.6666666666666666,1.0,0.0,0.0,1.0,0.0,0.3333333333333333,0.0,1.0,0.3333333333333333,0.8402807620684716,0.0
0.0267175572519084,0.3333333333333333,0.0,1.0,0.16666666666666666,0.1111111111111111,1.0,0.3333333333333333,1.0,0.0,0.0,0.0,0.0,0.6666666666666666,0.6666666666666666,0.3333333333333333,0.6666666666666666,0.4098266723965048,0.0
0.03271537622682661,1.0,0.5,0.7692307692307693,0.8333333333333333,0.16666666666666669,0.5,0.0,0.0,0.0,0.2,0.6666666666666666,0.0,0.3333333333333333,0.3333333333333333,1.0,0.3333333333333333,0.8659217877094972,0.0
0.04143947655398037,0.6666666666666666,0.5,0.0,0.5,0.4444444444444445,0.0,1.0,1.0,0.0,0.2,0.0,0.0,0.3333333333333333,0.0,0.6666666666666666,0.3333333333333333,0.08852599914052428,0.0
0.05288985823336969,0.3333333333333333,0.0,0.38461538461538464,0.5,0.27777777777777773,1.0,0.3333333333333333,0.0,0.0,0.2,0.3333333333333333,0.08333333333333333,0.3333333333333333,1.0,0.3333333333333333,0.3333333333333333,0.12104283054003724,0.0
0.05834242093784079,0.0,0.0,0.7692307692307693,0.16666666666666666,0.8888888888888888,0.5,0.0,1.0,0.0,0.4,1.0,0.0,0.3333333333333333,0.3333333333333333,0.0,0.3333333333333333,0.7276894427732417,0.0
0.06379498364231188,0.0,1.0,0.5384615384615385,0.16666666666666666,0.16666666666666669,0.0,1.0,0.5,0.0,0.0,1.0,0.0,0.0,1.0,0.0,0.0,0.7185217017619252,0.0
0.0697928026172301,0.6666666666666666,1.0,0.0,0.6666666666666666,0.2222222222222222,0.0,1.0,0.5,0.0,0.4,0.0,0.0,0.0,0.0,0.6666666666666666,0.0,0.2787566251253402,0.0
0.07579062159214832,0.6666666666666666,0.5,0.46153846153846156,0.5,0.9444444444444444,0.5,0.6666666666666666,0.0,0.0,0.4,1.0,0.0,0.3333333333333333,0.3333333333333333,0.6666666666666666,0.3333333333333333,0.2976650909611804,0.0
0.08124318429661942,0.3333333333333333,0.5,0.5384615384615385,0.3333333333333333,0.5555555555555556,0.0,0.0,0.5,0.0,0.0,0.6666666666666666,0.0,0.3333333333333333,1.0,0.3333333333333333,0.3333333333333333,0.0,0.0
0.08669574700109052,0.0,0.0,0.6923076923076923,0.16666666666666666,0.4444444444444445,0.0,0.3333333333333333,1.0,0.0,0.4,0.3333333333333333,0.0,1.0,0.3333333333333333,0.0,1.0,0.9424151267726688,0.0
0.09269356597600872,0.0,0.0,0.23076923076923078,0.16666666666666666,0.6111111111111112,0.0,0.0,1.0,0.0,0.6000000000000001,0.6666666666666666,0.0,0.0,1.0,0.0,0.0,0.6934536599341068,0.0
0.09760087241003272,0.6666666666666666,0.0,0.07692307692307693,0.3333333333333333,0.5555555555555556,1.0,0.6666666666666666,0.0,0.0,0.0,0.0,0.08333333333333333,0.6666666666666666,0.6666666666666666,0.6666666666666666,0.6666666666666666,0.16659504369001576,0.0
0.10359869138495092,0.0,0.0,0.38461538461538464,0.16666666666666666,0.27777777777777773,1.0,0.0,0.5,0.0,0.2,0.6666666666666666,0.0,0.3333333333333333,0.0,0.0,0.3333333333333333,0.6572124337487466,0.0
0.10905125408942204,0.6666666666666666,0.0,0.46153846153846156,0.5,0.3888888888888889,1.0,0.0,0.5,0.0,0.2,0.6666666666666666,0.0,0.3333333333333333,0.3333333333333333,0.6666666666666666,0.3333333333333333,0.041541326457527575,0.0
0.11504907306434024,0.6666666666666666,1.0,0.23076923076923078,0.5,0.5555555555555556,0.5,0.3333333333333333,0.5,0.0,0.0,0.0,0.0,0.6666666666666666,0.3333333333333333,0.6666666666666666,0.6666666666666666,0.09583154275891707,0.0
0.11995637949836424,0.6666666666666666,1.0,0.7692307692307693,0.5,0.4444444444444445,1.0,1.0,0.0,0.0,0.0,0.6666666666666666,0.0,0.6666666666666666,0.0,0.6666666666666666,0.6666666666666666,0.160865205557943,0.0
0.12595419847328246,0.6666666666666666,0.0,0.5384615384615385,0.5,0.7777777777777777,0.0,0.6666666666666666,1.0,0.0,0.0,0.6666666666666666,0.08333333333333333,0.0,0.6666666666666666,0.6666666666666666,0.0,0.25683999427016185,0.0
0.13195201744820065,0.3333333333333333,0.0,0.9230769230769231,0.16666666666666666,0.0,0.0,0.3333333333333333,0.0,0.0,0.0,1.0,0.0,0.3333333333333333,0.0,0.3333333333333333,0.3333333333333333,0.44506517690875236,0.0
0.13740458015267176,1.0,0.0,0.46153846153846156,0.5,0.2222222222222222,1.0,0.0,0.0,0.0,0.4,0.0,0.08333333333333333,0.0,0.3333333333333333,1.0,0.0,0.6248388483025354,0.0
0.14176663031624864,0.6666666666666666,0.0,0.38461538461538464,0.6666666666666666,0.27777777777777773,0.5,0.0,0.0,0.0,0.2,0.6666666666666666,0.0,0.0,0.3333333333333333,0.6666666666666666,0.0,0.27159432746024925,0.0
0.14721919302071976,0.6666666666666666,0.5,0.15384615384615385,0.5,0.9444444444444444,0.5,0.6666666666666666,0.0,0.0,0.2,0.0,0.0,0.0,0.3333333333333333,0.6666666666666666,0.0,0.36613665663944994,0.0
0.15321701199563795,1.0,1.0,0.9230769230769231,1.0,0.4444444444444445,1.0,0.6666666666666666,0.5,0.0,0.2,0.0,0.0,0.3333333333333333,0.0,1.0,0.3333333333333333,0.9462827675118178,0.0
0.15812431842966196,0.3333333333333333,0.0,0.38461538461538464,0.3333333333333333,0.27777777777777773,1.0,1.0,0.0,0.0,0.2,0.6666666666666666,0.08333333333333333,0.0,0.0,0.3333333333333333,0.0,0.17433032516831398,0.0
0.16412213740458015,0.6666666666666666,1.0,1.0,0.3333333333333333,0.3888888888888889,0.5,1.0,0.5,0.0,0.0,0.3333333333333333,0.0,0.6666666666666666,0.0,0.6666666666666666,0.6666666666666666,0.17991691734708495,0.0
0.16957470010905126,0.3333333333333333,1.0,0.0,0.5,0.3888888888888889,0.5,0.6666666666666666,1.0,0.0,0.0,0.3333333333333333,0.08333333333333333,0.0,0.3333333333333333,0.3333333333333333,0.0,0.21343647041971064,0.0
0.17502726281352238,0.3333333333333333,0.0,0.6153846153846154,0.3333333333333333,0.1111111111111111,0.5,0.0,0.0,0.0,0.0,0.0,0.0,0.3333333333333333,0.3333333333333333,0.3333333333333333,0.3333333333333333,0.19538748030368144,0.0
0.18102508178844057,0.3333333333333333,0.5,0.9230769230769231,0.16666666666666666,0.6111111111111112,1.0,0.3333333333333333,0.5,0.0,0.6000000000000001,0.0,0.0,1.0,0.0,0.3333333333333333,1.0,0.3509525855894571,0.0
0.18702290076335878,0.6666666666666666,0.5,0.23076923076923078,0.5,0.4444444444444445,0.5,0.0,0.0,0.0,0.0,0.6666666666666666,0.0,0.3333333333333333,1.0,0.6666666666666666,0.3333333333333333,0.08852599914052428,0.0
0.1924754634678299,0.6666666666666666,0.0,0.23076923076923078,0.5,0.05555555555555555,0.0,0.3333333333333333,0.0,0.0,0.6000000000000001,0.3333333333333333,0.0,0.3333333333333333,1.0,0.6666666666666666,0.3333333333333333,0.23048273886262713,0.0
0.19792802617230099,0.3333333333333333,0.0,0.8461538461538463,0.16666666666666666,0.2222222222222222,1.0,0.0,1.0,0.0,0.0,0.0,0.0,0.0,0.0,0.3333333333333333,0.0,0.22260421143102707,0.0
0.20283533260632497,0.3333333333333333,0.0,0.15384615384615385,0.5,0.49999999999999994,1.0,0.3333333333333333,1.0,0.0,0.2,1.0,0.0,1.0,0.6666666666666666,0.3333333333333333,1.0,0.3665663944993554,0.0
0.2088331515812432,0.0,0.0,0.7692307692307693,0.16666666666666666,0.1111111111111111,1.0,0.6666666666666666,1.0,0.0,0.2,0.0,0.0,0.0,1.0,0.0,0.0,0.763071193238791,0.0
0.2142857142857143,0.6666666666666666,0.5,0.23076923076923078,0.3333333333333333,0.0,1.0,0.3333333333333333,0.0,0.0,0.6000000000000001,0.6666666666666666,0.0,1.0,0.3333333333333333,0.6666666666666666,1.0,0.7317003294656925,0.0
0.21919302071973829,0.3333333333333333,0.0,0.5384615384615385,0.16666666666666666,0.7222222222222221,0.5,1.0,1.0,0.0,0.4,1.0,0.0,0.3333333333333333,0.3333333333333333,0.3333333333333333,0.3333333333333333,0.19510098839707776,0.0
0.2251908396946565,0.3333333333333333,0.5,0.7692307692307693,0.16666666666666666,1.0,0.0,1.0,1.0,0.0,0.0,0.0,0.0,0.0,0.0,0.3333333333333333,0.0,0.5940409683426443,0.0
0.23118865866957472,0.0,1.0,1.0,0.0,0.3333333333333333,0.5,0.3333333333333333,1.0,0.0,0.4,0.6666666666666666,0.08333333333333333,0.0,0.0,0.0,0.0,0.9432746024924795,0.0
0.2371864776444929,0.0,1.0,1.0,0.16666666666666666,0.27777777777777773,0.0,1.0,1.0,0.0,0.0,0.0,0.0,0.0,1.0,0.0,0.0,0.6716802750322304,0.0
0.2410032715376227,0.6666666666666666,1.0,0.7692307692307693,0.5,0.27777777777777773,0.5,0.6666666666666666,0.0,0.0,1.0,0.6666666666666666,0.08333333333333333,0.0,0.3333333333333333,0.6666666666666666,0.0,0.1767655063744449,0.0
0.2513631406761178,0.3333333333333333,1.0,0.6153846153846154,0.3333333333333333,0.16666666666666669,1.0,1.0,0.5,0.0,0.0,0.3333333333333333,0.0,0.3333333333333333,0.3333333333333333,0.3333333333333333,0.3333333333333333,0.11001289213579717,0.0
0.2568157033805889,0.3333333333333333,0.5,0.5384615384615385,0.16666666666666666,0.7777777777777777,1.0,0.6666666666666666,0.5,0.0,0.0,0.6666666666666666,0.16666666666666666,0.3333333333333333,0.3333333333333333,0.3333333333333333,0.3333333333333333,0.28778112018335483,0.0
0.2628135223555071,0.3333333333333333,0.0,0.9230769230769231,0.3333333333333333,1.0,1.0,0.0,1.0,0.0,0.0,0.0,0.0,1.0,0.6666666666666666,0.3333333333333333,1.0,0.6291362269015901,0.0
0.2677208287895311,0.3333333333333333,1.0,0.7692307692307693,0.16666666666666666,0.49999999999999994,1.0,1.0,1.0,0.0,0.0,0.3333333333333333,0.0,1.0,0.3333333333333333,0.3333333333333333,1.0,0.34679845294370437,0.0
0.2737186477644493,0.6666666666666666,0.5,0.7692307692307693,0.6666666666666666,0.05555555555555555,1.0,1.0,1.0,0.0,0.2,0.6666666666666666,0.0,1.0,0.0,0.6666666666666666,1.0,0.7746741154562383,0.0
0.2797164667393675,0.6666666666666666,1.0,0.46153846153846156,0.6666666666666666,0.6666666666666665,0.0,0.3333333333333333,0.5,0.0,0.2,1.0,0.0,0.0,0.3333333333333333,0.6666666666666666,0.0,0.29121902306259845,0.0
0.2846237731733915,0.3333333333333333,1.0,0.5384615384615385,0.3333333333333333,0.05555555555555555,1.0,1.0,0.0,0.0,0.4,0.3333333333333333,0.0,0.0,1.0,0.3333333333333333,0.0,0.37301246239793723,0.0
0.2949836423118866,0.6666666666666666,1.0,0.9230769230769231,0.3333333333333333,0.16666666666666669,1.0,1.0,0.0,0.0,0.2,0.0,0.0,0.3333333333333333,0.0,0.6666666666666666,0.3333333333333333,0.1684572410829394,0.0
0.3004362050163577,1.0,0.0,0.7692307692307693,0.6666666666666666,0.3888888888888889,1.0,0.6666666666666666,1.0,0.0,0.2,1.0,0.0,0.0,0.6666666666666666,1.0,0.0,0.579286635152557,0.0
0.3058887677208288,0.6666666666666666,1.0,0.5384615384615385,0.3333333333333333,0.5555555555555556,0.5,0.3333333333333333,0.0,0.0,0.0,0.0,0.0,0.3333333333333333,0.3333333333333333,0.6666666666666666,0.3333333333333333,0.09010170462684429,0.0
0.3113413304252999,0.6666666666666666,0.0,1.0,0.3333333333333333,0.49999999999999994,0.5,0.6666666666666666,0.5,0.0,0.4,0.3333333333333333,0.0,1.0,0.6666666666666666,0.6666666666666666,1.0,0.3929236499068901,0.0
0.316793893129771,0.3333333333333333,1.0,0.7692307692307693,0.16666666666666666,0.8888888888888888,0.5,0.0,1.0,0.0,0.2,0.6666666666666666,0.08333333333333333,0.6666666666666666,0.3333333333333333,0.3333333333333333,0.6666666666666666,0.3612662942271881,0.0
0.3222464558342421,0.6666666666666666,0.5,0.6153846153846154,0.5,0.2222222222222222,0.0,0.0,1.0,0.0,0.2,1.0,0.0,0.0,1.0,0.6666666666666666,0.0,0.06589313851883684,0.0
0.3276990185387132,0.3333333333333333,1.0,0.6153846153846154,0.3333333333333333,0.3333333333333333,0.5,0.0,0.0,0.0,0.0,0.0,0.0,0.3333333333333333,1.0,0.3333333333333333,0.3333333333333333,0.05930382466695316,0.0
0.3386041439476554,0.3333333333333333,0.0,0.38461538461538464,0.5,0.3333333333333333,1.0,0.6666666666666666,0.0,0.0,0.4,0.3333333333333333,0.08333333333333333,0.6666666666666666,0.3333333333333333,0.3333333333333333,0.6666666666666666,0.14954877524709925,0.0
0.3440567066521265,0.6666666666666666,0.5,0.46153846153846156,0.6666666666666666,0.27777777777777773,0.5,0.0,1.0,0.3333333333333333,0.0,0.0,0.0,0.0,0.0,0.6666666666666666,0.0,0.27159432746024925,0.0
0.3484187568157034,0.3333333333333333,0.0,0.46153846153846156,0.5,0.05555555555555555,0.5,1.0,0.5,0.0,0.4,0.0,0.0,0.0,0.6666666666666666,0.3333333333333333,0.0,0.4156997564818794,0.0
0.35441657579062164,1.0,1.0,0.8461538461538463,0.5,0.8333333333333333,1.0,1.0,1.0,0.0,0.0,0.0,0.0,0.0,1.0,1.0,0.0,0.6292794728548918,0.0
0.3604143947655398,0.3333333333333333,1.0,0.5384615384615385,0.5,0.27777777777777773,1.0,1.0,0.5,0.0,0.0,0.3333333333333333,0.0,0.6666666666666666,0.6666666666666666,0.3333333333333333,0.6666666666666666,0.16860048703624123,0.0
0.366412213740458,0.3333333333333333,1.0,0.6153846153846154,0.3333333333333333,0.6111111111111112,0.5,0.3333333333333333,1.0,0.0,0.0,0.0,0.0,0.6666666666666666,0.6666666666666666,0.3333333333333333,0.6666666666666666,0.10456954591032804,0.0
0.37186477644492916,0.3333333333333333,0.0,1.0,0.5,0.0,1.0,0.3333333333333333,0.0,0.0,0.0,1.0,0.08333333333333333,0.6666666666666666,0.3333333333333333,0.3333333333333333,0.6666666666666666,0.4336055006446068,0.0
0.37786259541984735,0.3333333333333333,1.0,0.0,0.3333333333333333,0.9444444444444444,0.5,0.3333333333333333,1.0,0.0,0.0,0.0,0.08333333333333333,0.3333333333333333,0.0,0.3333333333333333,0.3333333333333333,0.25483455092393636,0.0
0.38331515812431843,1.0,1.0,1.0,0.8333333333333333,0.4444444444444445,0.0,0.0,0.5,0.0,0.2,0.0,0.08333333333333333,0.3333333333333333,0.0,1.0,0.3333333333333333,0.8928520269302392,0.0
0.3893129770992367,0.0,1.0,0.8461538461538463,0.16666666666666666,0.9444444444444444,1.0,0.3333333333333333,0.0,0.0,0.0,0.0,0.0,0.0,0.3333333333333333,0.0,0.0,0.8481592895000717,0.0
0.39476553980370777,0.3333333333333333,1.0,0.6923076923076923,0.3333333333333333,0.5555555555555556,1.0,0.3333333333333333,0.0,0.0,0.0,0.6666666666666666,0.0,0.0,0.3333333333333333,0.3333333333333333,0.0,0.1332187365706919,0.0
0.40512540894220284,0.6666666666666666,1.0,0.0,0.5,0.49999999999999994,0.5,0.6666666666666666,1.0,0.0,0.0,0.3333333333333333,0.16666666666666666,1.0,0.0,0.6666666666666666,1.0,0.24165592322016904,0.0
0.4100327153762268,1.0,1.0,0.7692307692307693,0.8333333333333333,0.7222222222222221,1.0,0.3333333333333333,0.0,0.0,0.0,0.0,0.0,0.0,0.3333333333333333,1.0,0.0,0.9285202693023921,0.0
0.4143947655398037,0.6666666666666666,1.0,0.6153846153846154,0.5,0.3888888888888889,1.0,0.6666666666666666,0.0,0.0,0.2,0.6666666666666666,0.08333333333333333,0.0,0.3333333333333333,0.6666666666666666,0.0,0.16888697894284485,0.0
0.41984732824427484,0.6666666666666666,0.0,0.3076923076923077,0.6666666666666666,0.05555555555555555,0.0,0.0,0.0,0.0,0.2,0.3333333333333333,0.0,0.0,0.0,0.6666666666666666,0.0,0.5228477295516402,0.0
0.42584514721919303,0.3333333333333333,1.0,0.23076923076923078,0.5,0.0,1.0,1.0,0.0,0.0,0.4,1.0,0.0,0.0,0.0,0.3333333333333333,0.0,0.4831686004870362,0.0
0.4318429661941113,1.0,0.0,0.6923076923076923,0.5,0.7222222222222221,0.0,1.0,1.0,0.0,0.0,1.0,0.08333333333333333,0.0,0.0,1.0,0.0,0.6543475146827102,0.0
0.43784078516902947,0.6666666666666666,0.0,0.5384615384615385,0.5,0.0,1.0,1.0,1.0,0.0,0.2,0.3333333333333333,0.0,0.6666666666666666,1.0,0.6666666666666666,0.6666666666666666,0.43331900873800316,0.0
0.44438386041439476,0.3333333333333333,0.0,0.6153846153846154,0.5,0.6111111111111112,0.5,0.6666666666666666,0.5,0.0,0.0,0.0,0.0,0.3333333333333333,1.0,0.3333333333333333,0.3333333333333333,0.053001002721673116,0.0
0.450381679389313,0.6666666666666666,0.0,0.46153846153846156,0.5,0.27777777777777773,0.5,0.3333333333333333,1.0,0.0,0.4,1.0,0.0,1.0,0.3333333333333333,0.6666666666666666,1.0,0.32430883827531876,0.0
0.4563794983642312,0.3333333333333333,0.0,0.38461538461538464,0.5,0.3333333333333333,0.5,1.0,1.0,0.0,0.0,1.0,0.0,0.0,0.0,0.3333333333333333,0.0,0.21773384901876522,0.0
0.4612868047982552,0.6666666666666666,0.0,1.0,0.5,0.1111111111111111,0.0,0.0,0.0,0.0,0.6000000000000001,0.3333333333333333,0.08333333333333333,0.0,1.0,0.6666666666666666,0.0,0.30124623979372583,0.0
0.4672846237731734,0.3333333333333333,1.0,0.15384615384615385,0.16666666666666666,0.3888888888888889,1.0,0.0,0.0,0.0,0.0,0.6666666666666666,0.0,0.0,0.0,0.3333333333333333,0.0,0.21472568399942701,0.0
0.4732824427480916,0.6666666666666666,1.0,0.8461538461538463,0.5,0.5555555555555556,0.0,0.0,0.5,0.0,0.2,1.0,0.0,0.3333333333333333,1.0,0.6666666666666666,0.3333333333333333,0.02578427159432746,0.0
0.47928026172300986,0.3333333333333333,0.5,0.15384615384615385,0.3333333333333333,0.2222222222222222,1.0,0.6666666666666666,1.0,0.0,0.0,0.0,0.0,0.0,1.0,0.3333333333333333,0.0,0.14181349376880104,0.0
0.48418756815703384,0.6666666666666666,0.0,1.0,0.6666666666666666,0.7222222222222221,0.0,0.3333333333333333,1.0,0.0,0.2,1.0,0.0,0.0,0.6666666666666666,0.6666666666666666,0.0,0.36012032660077353,0.0
0.48964013086150493,1.0,1.0,0.23076923076923078,0.6666666666666666,0.3888888888888889,0.0,1.0,0.5,0.0,0.0,0.6666666666666666,0.0,0.3333333333333333,0.3333333333333333,1.0,0.3333333333333333,0.5460535739865349,0.0
0.4956379498364231,1.0,0.0,0.15384615384615385,0.6666666666666666,0.3333333333333333,1.0,0.3333333333333333,1.0,0.3333333333333333,0.2,0.0,0.0,1.0,1.0,1.0,1.0,0.7914338919925512,0.0
0.5016357688113413,0.6666666666666666,1.0,0.3076923076923077,0.6666666666666666,0.8888888888888888,1.0,0.0,0.5,0.0,0.0,1.0,0.0,0.0,0.3333333333333333,0.6666666666666666,0.0,0.47772525426156714,0.0
0.5070883315158125,0.6666666666666666,0.0,0.15384615384615385,0.5,0.5555555555555556,1.0,0.6666666666666666,0.5,0.0,0.4,0.6666666666666666,0.08333333333333333,0.0,0.3333333333333333,0.6666666666666666,0.0,0.1580002864919066,0.0
0.5130861504907307,0.3333333333333333,0.0,0.23076923076923078,0.3333333333333333,0.7222222222222221,0.0,0.0,1.0,0.0,0.0,1.0,0.0,0.3333333333333333,0.3333333333333333,0.3333333333333333,0.3333333333333333,0.08981521272024065,0.0
0.5185387131952017,0.6666666666666666,1.0,0.6923076923076923,0.3333333333333333,0.9444444444444444,1.0,0.3333333333333333,0.0,0.0,0.2,0.3333333333333333,0.0,0.0,0.6666666666666666,0.6666666666666666,0.0,0.4615384615384615,0.0
0.52453653217012,0.6666666666666666,0.0,0.7692307692307693,0.3333333333333333,0.3888888888888889,0.5,0.3333333333333333,1.0,0.0,0.4,0.6666666666666666,0.0,0.0,0.3333333333333333,0.6666666666666666,0.0,0.18335482022632862,0.0
0.5305343511450382,0.6666666666666666,1.0,0.8461538461538463,0.3333333333333333,0.5555555555555556,1.0,0.6666666666666666,1.0,0.0,0.2,0.0,0.0,0.0,1.0,0.6666666666666666,0.0,0.17160865205557943,0.0
0.5359869138495092,0.6666666666666666,0.0,0.07692307692307693,0.3333333333333333,0.3888888888888889,0.5,0.0,0.0,0.0,0.4,1.0,0.0,0.6666666666666666,1.0,0.6666666666666666,0.6666666666666666,0.17991691734708495,0.0
0.5414394765539804,0.3333333333333333,0.5,0.5384615384615385,0.16666666666666666,0.16666666666666669,0.5,0.6666666666666666,1.0,0.0,0.0,1.0,0.0,0.0,0.3333333333333333,0.3333333333333333,0.0,0.27818364131213297,0.0
0.5463467829880044,0.6666666666666666,0.0,0.07692307692307693,0.5,0.05555555555555555,0.5,0.3333333333333333,0.5,0.0,1.0,0.6666666666666666,0.0,0.3333333333333333,1.0,0.6666666666666666,0.3333333333333333,0.23048273886262713,0.0
0.5523446019629226,0.3333333333333333,1.0,0.6153846153846154,0.16666666666666666,0.9444444444444444,0.5,0.6666666666666666,0.5,0.0,0.4,1.0,0.08333333333333333,0.0,0.3333333333333333,0.3333333333333333,0.0,0.4843145681134508,0.0
0.5545256270447111,0.0,1.0,0.6923076923076923,0.16666666666666666,0.6666666666666665,1.0,0.6666666666666666,0.0,0.0,0.2,0.6666666666666666,0.0,1.0,0.0,0.0,1.0,0.9504369001575704,0.0
0.5550708833151582,1.0,0.0,0.46153846153846156,0.8333333333333333,0.8888888888888888,0.0,0.0,0.5,0.0,0.2,1.0,0.0,0.3333333333333333,0.6666666666666666,1.0,0.3333333333333333,0.9384042400802178,0.0
0.5556161395856053,0.3333333333333333,1.0,0.3076923076923077,0.16666666666666666,0.9444444444444444,0.5,0.0,0.5,0.0,0.6000000000000001,0.6666666666666666,0.0,0.6666666666666666,0.0,0.3333333333333333,0.6666666666666666,0.4586735424724252,0.0
0.5561613958560524,1.0,0.5,0.7692307692307693,0.5,0.05555555555555555,0.0,1.0,0.0,0.0,0.0,0.3333333333333333,0.0,0.3333333333333333,0.3333333333333333,1.0,0.3333333333333333,0.6007735281478298,0.0
0.5567066521264995,0.0,0.5,0.6923076923076923,0.16666666666666666,0.6666666666666665,0.5,0.0,0.0,0.0,0.2,0.6666666666666666,0.0,0.0,0.3333333333333333,0.0,0.0,0.6862913622690159,0.0
0.5572519083969466,0.3333333333333333,0.5,0.5384615384615385,0.16666666666666666,0.5555555555555556,0.5,0.3333333333333333,1.0,0.0,0.2,0.0,0.0,0.0,1.0,0.3333333333333333,0.0,0.22718808193668527,0.0
0.5577971646673937,0.6666666666666666,1.0,0.8461538461538463,0.5,0.4444444444444445,0.0,0.3333333333333333,1.0,0.0,0.0,0.3333333333333333,0.08333333333333333,1.0,0.6666666666666666,0.6666666666666666,1.0,0.23119896862913625,0.0
0.5583424209378408,0.3333333333333333,0.5,0.6153846153846154,0.3333333333333333,0.7777777777777777,0.0,0.6666666666666666,0.5,0.0,0.4,1.0,0.08333333333333333,0.0,0.0,0.3333333333333333,0.0,0.2627130783555365,0.0
0.5588876772082879,0.3333333333333333,1.0,0.07692307692307693,0.3333333333333333,0.27777777777777773,0.0,0.6666666666666666,0.5,0.0,0.4,0.3333333333333333,0.0,0.6666666666666666,0.0,0.3333333333333333,0.6666666666666666,0.13479444205701188,0.0
0.559432933478735,0.3333333333333333,0.5,0.23076923076923078,0.16666666666666666,1.0,0.0,0.6666666666666666,0.0,0.0,0.0,0.0,0.0,0.0,0.3333333333333333,0.3333333333333333,0.0,0.5940409683426443,0.0
0.5605234460196292,0.3333333333333333,0.5,0.8461538461538463,0.5,0.16666666666666669,0.0,1.0,0.0,0.0,0.0,0.0,0.0,0.3333333333333333,0.3333333333333333,0.3333333333333333,0.3333333333333333,0.1408107720956883,0.0
0.5610687022900763,1.0,0.0,0.9230769230769231,0.8333333333333333,0.4444444444444445,0.0,0.3333333333333333,1.0,0.0,0.2,0.6666666666666666,0.0,0.3333333333333333,0.3333333333333333,1.0,0.3333333333333333,0.8434321730411116,0.0
0.5616139585605234,1.0,0.5,0.9230769230769231,1.0,0.6666666666666665,0.5,1.0,0.5,0.0,0.4,0.0,0.0,0.3333333333333333,1.0,1.0,0.3333333333333333,0.9485747027646468,0.0
0.5621592148309705,0.6666666666666666,0.5,0.8461538461538463,0.3333333333333333,0.7222222222222221,0.0,1.0,0.0,0.0,0.0,1.0,0.0,0.0,0.3333333333333333,0.6666666666666666,0.0,0.24380461251969632,0.0
0.5627044711014177,0.6666666666666666,0.5,0.6923076923076923,0.5,0.4444444444444445,1.0,0.6666666666666666,1.0,0.0,0.0,0.0,0.0,1.0,1.0,0.6666666666666666,1.0,0.3162870648904168,0.0
0.5632497273718649,0.3333333333333333,0.5,0.7692307692307693,0.3333333333333333,0.8888888888888888,0.0,1.0,1.0,0.0,0.0,0.6666666666666666,0.0,1.0,1.0,0.3333333333333333,1.0,0.3976507663658502,0.0
0.563794983642312,0.3333333333333333,1.0,0.6153846153846154,0.3333333333333333,0.49999999999999994,1.0,1.0,0.0,0.0,0.4,0.3333333333333333,0.0,0.3333333333333333,0.0,0.3333333333333333,0.3333333333333333,0.03767368571837845,0.0
0.5643402399127591,0.6666666666666666,0.5,0.07692307692307693,0.5,0.16666666666666669,0.0,0.3333333333333333,0.5,0.0,0.0,0.0,0.0,0.0,1.0,0.6666666666666666,0.0,0.10385331614381894,0.0
0.5648854961832062,0.3333333333333333,0.0,0.0,0.3333333333333333,0.9444444444444444,0.5,1.0,0.0,0.0,0.0,0.3333333333333333,0.0,0.6666666666666666,0.6666666666666666,0.3333333333333333,0.6666666666666666,0.34651196103710075,0.0
0.5659760087241004,0.6666666666666666,0.5,0.0,0.3333333333333333,0.6111111111111112,0.0,0.3333333333333333,0.5,0.0,0.6000000000000001,0.0,0.0,0.0,0.0,0.6666666666666666,0.0,0.17189514396218308,0.0
0.5665212649945475,0.3333333333333333,0.5,0.07692307692307693,0.16666666666666666,0.7777777777777777,0.5,0.3333333333333333,1.0,0.0,0.2,0.6666666666666666,0.08333333333333333,0.3333333333333333,1.0,0.3333333333333333,0.3333333333333333,0.2145824380461252,0.0
0.5670665212649946,0.6666666666666666,1.0,0.46153846153846156,0.5,0.1111111111111111,0.5,1.0,0.5,0.0,0.4,0.6666666666666666,0.08333333333333333,0.3333333333333333,0.6666666666666666,0.6666666666666666,0.3333333333333333,0.21572840567253976,0.0
0.5676117775354417,1.0,0.0,0.46153846153846156,0.5,0.8333333333333333,0.5,0.0,1.0,0.0,0.4,0.0,0.0,0.0,0.3333333333333333,1.0,0.0,0.6292794728548918,0.0
0.5681570338058888,0.6666666666666666,0.0,0.23076923076923078,0.6666666666666666,0.2222222222222222,1.0,0.6666666666666666,0.5,0.0,0.0,0.3333333333333333,0.0,0.0,0.0,0.6666666666666666,0.0,0.2787566251253402,0.0
0.5687022900763359,0.3333333333333333,0.0,0.6153846153846154,0.16666666666666666,0.1111111111111111,0.5,1.0,1.0,0.0,0.0,1.0,0.0,0.0,0.6666666666666666,0.3333333333333333,0.0,0.36670964045265725,0.0
0.569247546346783,0.3333333333333333,0.0,0.3076923076923077,0.16666666666666666,0.3888888888888889,0.5,0.0,0.0,0.0,0.4,0.0,0.0,0.3333333333333333,0.6666666666666666,0.3333333333333333,0.3333333333333333,0.1461108723678556,0.0
0.5697928026172301,0.0,0.5,0.38461538461538464,0.16666666666666666,0.9444444444444444,0.0,0.3333333333333333,0.0,0.0,0.2,0.3333333333333333,0.0,0.0,0.6666666666666666,0.0,0.0,0.8481592895000717,0.0
0.5703380588876772,0.3333333333333333,0.5,0.46153846153846156,0.3333333333333333,0.16666666666666669,1.0,0.6666666666666666,0.0,0.0,0.0,0.0,0.0,0.0,1.0,0.3333333333333333,0.0,0.18822518263859048,0.0
0.5714285714285715,0.3333333333333333,1.0,1.0,0.3333333333333333,0.05555555555555555,1.0,1.0,0.0,0.0,0.0,1.0,0.0,0.3333333333333333,1.0,0.3333333333333333,0.3333333333333333,0.2774674115456239,0.0
0.5719738276990186,0.6666666666666666,0.0,0.38461538461538464,0.5,0.6666666666666665,1.0,0.6666666666666666,0.5,0.0,0.4,0.3333333333333333,0.0,0.3333333333333333,0.6666666666666666,0.6666666666666666,0.3333333333333333,0.12032660077352815,0.0
0.5725190839694657,0.3333333333333333,1.0,0.23076923076923078,0.3333333333333333,0.7222222222222221,1.0,0.6666666666666666,1.0,0.0,0.0,0.0,0.08333333333333333,0.0,1.0,0.3333333333333333,0.0,0.2257556224036671,0.0
0.5730643402399128,0.3333333333333333,1.0,0.9230769230769231,0.16666666666666666,0.05555555555555555,0.5,1.0,1.0,0.0,0.0,0.3333333333333333,0.0,0.0,0.0,0.3333333333333333,0.0,0.4568113450795015,0.0
0.5736095965103599,0.3333333333333333,0.0,0.6153846153846154,0.5,0.16666666666666669,0.0,0.3333333333333333,0.0,0.0,0.0,0.3333333333333333,0.08333333333333333,0.6666666666666666,0.0,0.3333333333333333,0.6666666666666666,0.18994413407821228,0.0
0.574154852780807,0.6666666666666666,0.0,1.0,0.6666666666666666,0.3888888888888889,0.5,0.6666666666666666,0.0,0.0,0.0,0.3333333333333333,0.0,0.6666666666666666,0.0,0.6666666666666666,0.6666666666666666,0.28205128205128205,0.0
0.5747001090512541,0.6666666666666666,0.5,1.0,0.3333333333333333,0.05555555555555555,1.0,0.3333333333333333,0.0,0.0,1.0,1.0,0.08333333333333333,0.3333333333333333,0.0,0.6666666666666666,0.3333333333333333,0.3844721386620828,0.0
0.5752453653217012,0.3333333333333333,0.0,0.3076923076923077,0.5,0.0,0.0,0.6666666666666666,0.5,0.0,0.0,0.0,0.0,0.6666666666666666,1.0,0.3333333333333333,0.6666666666666666,0.506374444921931,0.0
0.5757906215921483,0.6666666666666666,1.0,0.38461538461538464,0.3333333333333333,0.3333333333333333,0.0,0.0,0.5,0.0,0.6000000000000001,1.0,0.0,0.6666666666666666,0.0,0.6666666666666666,0.6666666666666666,0.2094255837272597,0.0
0.5768811341330425,0.6666666666666666,0.0,0.9230769230769231,0.6666666666666666,0.0,0.0,1.0,0.5,0.0,0.2,0.0,0.0,0.3333333333333333,0.6666666666666666,0.6666666666666666,0.3333333333333333,0.5610943990832259,0.0
0.5774263904034896,0.3333333333333333,0.0,0.3076923076923077,0.16666666666666666,0.2222222222222222,0.0,0.6666666666666666,0.0,0.0,0.0,0.6666666666666666,0.0,1.0,0.0,0.3333333333333333,1.0,0.4479300959747887,0.0
0.5779716466739367,0.6666666666666666,1.0,0.6923076923076923,0.6666666666666666,0.7777777777777777,1.0,1.0,0.0,0.0,0.0,1.0,0.0,0.0,0.0,0.6666666666666666,0.0,0.37688010313708636,0.0
0.5785169029443838,0.3333333333333333,0.5,0.8461538461538463,0.3333333333333333,0.1111111111111111,0.5,0.6666666666666666,1.0,0.0,0.2,0.3333333333333333,0.0,0.0,1.0,0.3333333333333333,0.0,0.2905027932960894,0.0
0.579062159214831,0.3333333333333333,0.0,0.07692307692307693,0.3333333333333333,0.7777777777777777,0.0,1.0,0.5,0.0,0.2,0.0,0.0,0.3333333333333333,0.3333333333333333,0.3333333333333333,0.3333333333333333,0.13508093396361553,0.0
0.579607415485278,0.3333333333333333,1.0,0.3076923076923077,0.16666666666666666,0.16666666666666669,0.0,0.3333333333333333,0.0,0.0,0.0,1.0,0.0,0.3333333333333333,1.0,0.3333333333333333,0.3333333333333333,0.21601489757914338,0.0
0.5801526717557253,0.3333333333333333,0.0,0.0,0.3333333333333333,0.0,0.5,0.6666666666666666,1.0,0.0,0.2,0.0,0.08333333333333333,0.0,0.3333333333333333,0.3333333333333333,0.0,0.5449076063601204,0.0
0.5806979280261724,0.6666666666666666,0.5,0.5384615384615385,0.5,0.3888888888888889,0.0,0.6666666666666666,1.0,0.0,0.0,1.0,0.0,0.0,1.0,0.6666666666666666,0.0,0.06646612233204412,0.0
0.5812431842966195,0.3333333333333333,0.0,1.0,0.3333333333333333,0.16666666666666669,0.0,0.0,0.5,0.0,0.2,0.3333333333333333,0.0,0.6666666666666666,0.6666666666666666,0.3333333333333333,0.6666666666666666,0.2079931241942415,0.0
0.5823336968375137,0.6666666666666666,0.5,1.0,0.6666666666666666,0.16666666666666669,0.0,1.0,0.5,0.0,0.4,0.6666666666666666,0.08333333333333333,0.3333333333333333,1.0,0.6666666666666666,0.3333333333333333,0.3167168027503223,0.0
0.5828789531079608,1.0,1.0,0.9230769230769231,0.5,0.27777777777777773,0.5,0.0,0.0,0.0,0.0,0.0,0.0,0.3333333333333333,0.3333333333333333,1.0,0.3333333333333333,0.4772955164016617,0.0
0.5834242093784079,0.6666666666666666,0.5,0.0,0.5,0.05555555555555555,0.5,0.6666666666666666,0.0,0.0,0.0,0.0,0.08333333333333333,0.6666666666666666,0.6666666666666666,0.6666666666666666,0.6666666666666666,0.2999570262140095,0.0
0.583969465648855,0.3333333333333333,1.0,0.0,0.5,0.4444444444444445,0.0,0.6666666666666666,0.5,0.0,0.0,0.0,0.16666666666666666,0.0,1.0,0.3333333333333333,0.0,0.3148546053573987,0.0
0.5845147219193021,0.6666666666666666,0.0,0.7692307692307693,0.3333333333333333,0.27777777777777773,1.0,0.6666666666666666,0.0,0.0,0.0,0.3333333333333333,0.0,1.0,0.3333333333333333,0.6666666666666666,1.0,0.396218306832832,0.0
0.5850599781897492,0.6666666666666666,0.0,0.7692307692307693,0.5,0.16666666666666669,0.5,0.6666666666666666,1.0,0.0,0.0,0.6666666666666666,0.0,0.3333333333333333,0.6666666666666666,0.6666666666666666,0.3333333333333333,0.09425583727259705,0.0
0.5856052344601963,0.3333333333333333,0.0,0.46153846153846156,0.5,1.0,0.5,0.3333333333333333,0.5,0.0,0.4,0.3333333333333333,0.0,0.6666666666666666,0.0,0.3333333333333333,0.6666666666666666,0.5153989399799456,0.0
0.5861504907306434,0.6666666666666666,0.0,0.7692307692307693,0.5,0.2222222222222222,0.0,0.6666666666666666,1.0,0.0,0.0,0.0,0.08333333333333333,0.0,0.6666666666666666,0.6666666666666666,0.0,0.184644033806045,0.0
0.5866957470010905,0.3333333333333333,0.0,0.07692307692307693,0.3333333333333333,0.7777777777777777,0.0,1.0,1.0,0.0,0.0,0.0,0.0,0.0,0.3333333333333333,0.3333333333333333,0.0,0.24609654777252543,0.0
0.5872410032715376,0.3333333333333333,1.0,0.8461538461538463,0.5,0.9444444444444444,1.0,0.3333333333333333,0.0,0.0,0.0,0.3333333333333333,0.0,0.0,0.6666666666666666,0.3333333333333333,0.0,0.463543904884687,0.0
0.5883315158124318,0.3333333333333333,0.5,0.5384615384615385,0.3333333333333333,0.6111111111111112,0.0,0.3333333333333333,0.5,0.0,0.2,0.0,0.08333333333333333,0.0,0.3333333333333333,0.3333333333333333,0.0,0.16201117318435754,0.0
0.588876772082879,0.3333333333333333,0.0,0.7692307692307693,0.16666666666666666,0.8333333333333333,1.0,1.0,1.0,0.0,0.0,0.3333333333333333,0.0,0.0,0.0,0.3333333333333333,0.0,0.3790287924366137,0.0
0.5894220283533261,0.3333333333333333,1.0,0.7692307692307693,0.5,0.8888888888888888,0.0,0.6666666666666666,0.0,0.0,0.2,1.0,0.08333333333333333,0.0,0.6666666666666666,0.3333333333333333,0.0,0.436613665663945,0.0
0.5899672846237732,1.0,1.0,0.6923076923076923,0.8333333333333333,0.27777777777777773,0.5,0.0,0.5,0.0,0.0,0.0,0.08333333333333333,0.6666666666666666,0.3333333333333333,1.0,0.6666666666666666,0.9189227904311704,0.0
0.5905125408942203,0.6666666666666666,0.5,0.07692307692307693,0.5,0.1111111111111111,1.0,0.0,1.0,0.0,0.0,0.3333333333333333,0.0,0.6666666666666666,0.6666666666666666,0.6666666666666666,0.6666666666666666,0.2316287064890417,0.0
0.5910577971646674,0.0,0.5,0.15384615384615385,0.0,0.9444444444444444,1.0,0.3333333333333333,1.0,0.0,0.6000000000000001,0.3333333333333333,0.0,0.3333333333333333,1.0,0.0,0.3333333333333333,0.9712075633863343,0.0
0.5916030534351145,0.3333333333333333,1.0,0.9230769230769231,0.5,0.05555555555555555,0.0,0.3333333333333333,0.5,0.0,0.4,1.0,0.0,0.3333333333333333,0.6666666666666666,0.3333333333333333,0.3333333333333333,0.31413837559088953,0.0
0.5921483097055616,0.6666666666666666,0.5,0.0,0.5,0.05555555555555555,1.0,0.3333333333333333,0.0,0.0,0.0,0.3333333333333333,0.0,0.6666666666666666,0.3333333333333333,0.6666666666666666,0.6666666666666666,0.32101418134937687,0.0
0.5926935659760088,0.6666666666666666,0.0,0.9230769230769231,0.6666666666666666,0.9444444444444444,1.0,0.3333333333333333,0.0,0.0,0.2,1.0,0.0,0.3333333333333333,0.0,0.6666666666666666,0.3333333333333333,0.4940552929379745,0.0
0.593784078516903,0.6666666666666666,0.0,0.3076923076923077,0.3333333333333333,0.8333333333333333,0.0,1.0,0.0,0.0,0.0,0.3333333333333333,0.0,0.3333333333333333,0.3333333333333333,0.6666666666666666,0.3333333333333333,0.31327889987107865,0.0
0.5943293347873501,0.0,1.0,0.15384615384615385,0.0,0.16666666666666669,0.5,0.3333333333333333,0.0,0.0,0.0,0.6666666666666666,0.0,0.0,0.6666666666666666,0.0,0.0,0.9545910328033234,0.0
0.5948745910577972,0.0,1.0,0.46153846153846156,0.0,0.7777777777777777,1.0,0.6666666666666666,0.5,0.0,1.0,0.0,0.08333333333333333,0.6666666666666666,0.6666666666666666,0.0,0.6666666666666666,0.9035954734278756,0.0
0.5954198473282443,1.0,0.5,0.15384615384615385,0.8333333333333333,0.27777777777777773,0.0,1.0,1.0,0.0,0.6000000000000001,0.0,0.16666666666666666,0.3333333333333333,0.0,1.0,0.3333333333333333,0.9273743016759776,0.0
0.5959651035986914,0.0,0.5,0.7692307692307693,0.0,0.4444444444444445,1.0,0.3333333333333333,0.0,0.0,0.0,0.3333333333333333,0.0,0.3333333333333333,0.0,0.0,0.3333333333333333,0.8951439621830684,0.0
0.5965103598691385,0.3333333333333333,0.5,0.9230769230769231,0.3333333333333333,0.6111111111111112,1.0,0.0,0.0,0.0,0.0,0.3333333333333333,0.0,0.0,0.0,0.3333333333333333,0.0,0.1362269015900301,0.0
0.5970556161395857,0.0,0.0,0.9230769230769231,0.16666666666666666,0.3333333333333333,0.5,0.6666666666666666,1.0,0.0,0.0,0.3333333333333333,0.0,0.0,0.0,0.0,0.0,0.6736857183784558,0.0
0.5976008724100328,0.6666666666666666,0.5,0.07692307692307693,0.3333333333333333,0.5555555555555556,0.0,0.6666666666666666,0.5,0.0,0.0,0.3333333333333333,0.0,1.0,0.3333333333333333,0.6666666666666666,1.0,0.3783125626701046,0.0
0.5981461286804799,0.3333333333333333,0.0,0.9230769230769231,0.5,0.05555555555555555,0.5,0.0,1.0,0.0,0.2,0.3333333333333333,0.0,0.3333333333333333,0.6666666666666666,0.3333333333333333,0.3333333333333333,0.31413837559088953,0.0
0.5992366412213741,1.0,0.0,0.15384615384615385,0.6666666666666666,0.16666666666666669,1.0,0.3333333333333333,0.5,0.0,0.2,0.0,0.08333333333333333,0.0,0.3333333333333333,1.0,0.0,0.694169889700616,0.0
0.5997818974918212,0.6666666666666666,0.0,0.9230769230769231,0.6666666666666666,0.6111111111111112,0.5,0.6666666666666666,1.0,0.0,0.4,0.0,0.0,0.3333333333333333,0.6666666666666666,0.6666666666666666,0.3333333333333333,0.26256983240223464,0.0
0.6003271537622683,1.0,0.0,0.6153846153846154,0.5,0.16666666666666669,0.0,0.6666666666666666,0.0,0.0,0.0,1.0,0.0,0.0,0.3333333333333333,1.0,0.0,0.5502077066322876,0.0
0.6008724100327154,0.3333333333333333,0.0,0.8461538461538463,0.16666666666666666,0.27777777777777773,0.5,0.3333333333333333,0.0,0.0,0.2,0.6666666666666666,0.0,0.0,1.0,0.3333333333333333,0.0,0.2085661080074488,0.0
0.6014176663031625,1.0,0.0,0.0,0.5,0.5555555555555556,1.0,0.3333333333333333,1.0,0.0,0.0,1.0,0.0,0.0,0.6666666666666666,1.0,0.0,0.4982094255837273,0.0
0.6019629225736096,0.3333333333333333,1.0,0.7692307692307693,0.5,0.7777777777777777,1.0,0.3333333333333333,0.0,0.0,0.0,0.3333333333333333,0.0,0.6666666666666666,0.6666666666666666,0.3333333333333333,0.6666666666666666,0.2516831399512964,0.0
0.6025081788440567,0.6666666666666666,1.0,0.9230769230769231,0.6666666666666666,0.5555555555555556,0.5,1.0,1.0,0.0,0.0,1.0,0.0,0.6666666666666666,0.3333333333333333,0.6666666666666666,0.6666666666666666,0.2627130783555365,0.0
0.6030534351145038,0.6666666666666666,0.0,0.9230769230769231,0.3333333333333333,0.05555555555555555,0.5,0.0,0.5,0.0,0.0,0.6666666666666666,0.0,1.0,0.3333333333333333,0.6666666666666666,1.0,0.6474717089242229,0.0
0.6035986913849509,0.6666666666666666,0.0,0.6923076923076923,0.5,0.6111111111111112,1.0,0.6666666666666666,0.5,0.0,0.0,1.0,0.0,0.0,0.0,0.6666666666666666,0.0,0.06431743303251683,0.0
0.604143947655398,0.0,0.0,0.6923076923076923,0.16666666666666666,0.8888888888888888,1.0,1.0,0.0,0.0,0.0,1.0,0.0,0.3333333333333333,0.6666666666666666,0.0,0.3333333333333333,0.7276894427732417,0.0
0.6052344601962922,0.6666666666666666,0.5,0.6153846153846154,0.6666666666666666,0.6111111111111112,0.0,0.3333333333333333,1.0,0.0,0.0,0.6666666666666666,0.0,0.0,0.0,0.6666666666666666,0.0,0.2694456381607219,0.0
0.6057797164667394,0.3333333333333333,1.0,0.3076923076923077,0.16666666666666666,0.6666666666666665,1.0,1.0,1.0,0.0,0.0,0.3333333333333333,0.0,0.0,0.0,0.3333333333333333,0.0,0.23478011746168173,0.0
0.6063249727371866,0.3333333333333333,0.0,0.8461538461538463,0.3333333333333333,0.8888888888888888,0.0,0.3333333333333333,0.0,0.0,0.0,0.6666666666666666,0.0,0.3333333333333333,0.6666666666666666,0.3333333333333333,0.3333333333333333,0.19209282337773959,0.0
0.6068702290076337,0.6666666666666666,1.0,0.7692307692307693,0.6666666666666666,0.49999999999999994,1.0,0.3333333333333333,1.0,0.3333333333333333,0.2,0.3333333333333333,0.08333333333333333,0.0,1.0,0.6666666666666666,0.0,0.32502506804182785,0.0
0.6074154852780808,0.3333333333333333,0.0,0.6153846153846154,0.5,0.05555555555555555,0.0,0.0,0.0,0.0,0.0,0.0,0.0,0.0,1.0,0.3333333333333333,0.0,0.4156997564818794,0.0
0.6079607415485279,1.0,0.5,0.8461538461538463,0.6666666666666666,0.9444444444444444,0.5,0.6666666666666666,1.0,0.0,0.0,0.6666666666666666,0.0,0.0,0.3333333333333333,1.0,0.0,0.800315141097264,0.0
0.608505997818975,0.6666666666666666,1.0,0.23076923076923078,0.5,0.6666666666666665,1.0,0.6666666666666666,1.0,0.0,0.0,0.6666666666666666,0.0,0.3333333333333333,0.6666666666666666,0.6666666666666666,0.3333333333333333,0.12032660077352815,0.0
0.6090512540894221,0.3333333333333333,0.0,1.0,0.5,0.1111111111111111,1.0,0.0,0.5,0.0,0.0,1.0,0.08333333333333333,0.0,0.6666666666666666,0.3333333333333333,0.0,0.3965047987394356,0.0
0.6095965103598692,0.6666666666666666,1.0,0.38461538461538464,0.5,0.0,0.0,0.3333333333333333,1.0,0.0,0.0,0.3333333333333333,0.0,0.0,1.0,0.6666666666666666,0.0,0.3389199255121043,0.0
0.6101417666303163,0.3333333333333333,0.0,0.07692307692307693,0.5,0.6111111111111112,0.5,0.0,0.0,0.0,0.0,0.3333333333333333,0.0,0.3333333333333333,1.0,0.3333333333333333,0.3333333333333333,0.053001002721673116,0.0
0.6117775354416576,0.3333333333333333,1.0,0.6923076923076923,0.3333333333333333,0.16666666666666669,0.5,1.0,1.0,0.0,0.0,0.6666666666666666,0.0,0.0,1.0,0.3333333333333333,0.0,0.18822518263859048,0.0
0.6123227917121047,1.0,1.0,0.6923076923076923,0.8333333333333333,0.6666666666666665,0.5,0.3333333333333333,0.0,0.0,0.4,0.6666666666666666,0.0,0.3333333333333333,1.0,1.0,0.3333333333333333,0.8402807620684716,0.0
0.6128680479825518,0.6666666666666666,1.0,0.0,0.6666666666666666,0.8333333333333333,0.5,0.6666666666666666,0.5,0.0,0.2,0.0,0.0,0.0,1.0,0.6666666666666666,0.0,0.4308838275318722,0.0
0.6134133042529989,0.3333333333333333,1.0,0.38461538461538464,0.3333333333333333,0.4444444444444445,0.5,0.6666666666666666,1.0,0.0,0.0,0.0,0.0,0.6666666666666666,0.0,0.3333333333333333,0.6666666666666666,0.1622976650909612,0.0
0.613958560523446,0.3333333333333333,1.0,0.0,0.16666666666666666,0.16666666666666669,0.0,0.3333333333333333,1.0,0.0,0.0,0.0,0.0,1.0,0.3333333333333333,0.3333333333333333,1.0,0.4913336198252399,0.0
0.6145038167938932,0.3333333333333333,1.0,0.07692307692307693,0.16666666666666666,0.7777777777777777,1.0,0.3333333333333333,0.5,0.0,0.0,0.3333333333333333,0.0,0.0,1.0,0.3333333333333333,0.0,0.3215871651625842,0.0
0.6150490730643403,1.0,1.0,0.3076923076923077,0.8333333333333333,0.2222222222222222,0.5,1.0,1.0,0.0,0.4,1.0,0.08333333333333333,0.0,0.0,1.0,0.0,0.9335338776679559,0.0
0.6155943293347874,0.0,0.5,0.5384615384615385,0.16666666666666666,1.0,1.0,0.0,1.0,0.0,0.8,0.0,0.0,0.0,0.3333333333333333,0.0,0.0,0.9353960750608795,0.0
0.6161395856052345,0.6666666666666666,1.0,0.6153846153846154,0.3333333333333333,0.6111111111111112,1.0,1.0,1.0,0.0,0.0,0.3333333333333333,0.0,0.0,0.3333333333333333,0.6666666666666666,0.0,0.17189514396218308,0.0
0.6166848418756816,0.3333333333333333,0.5,0.07692307692307693,0.5,0.9444444444444444,1.0,1.0,0.0,0.0,0.4,0.3333333333333333,0.0,0.0,0.6666666666666666,0.3333333333333333,0.0,0.463543904884687,0.0
0.6172300981461287,0.3333333333333333,1.0,0.6153846153846154,0.16666666666666666,0.27777777777777773,0.5,0.0,1.0,0.0,0.0,0.6666666666666666,0.0,0.0,0.3333333333333333,0.3333333333333333,0.0,0.2085661080074488,0.0
0.6177753544165758,0.3333333333333333,0.0,0.9230769230769231,0.3333333333333333,0.49999999999999994,1.0,0.0,0.5,0.0,0.0,0.0,0.0,0.0,0.6666666666666666,0.3333333333333333,0.0,0.14639736427445926,0.0
0.6183206106870229,0.3333333333333333,0.5,0.15384615384615385,0.3333333333333333,0.0,0.5,0.6666666666666666,0.0,0.0,0.2,0.6666666666666666,0.0,0.0,0.3333333333333333,0.3333333333333333,0.0,0.4721386620827962,0.0
0.61886586695747,0.3333333333333333,1.0,0.6153846153846154,0.5,0.5555555555555556,1.0,0.6666666666666666,0.0,0.0,0.2,0.3333333333333333,0.0,0.3333333333333333,1.0,0.3333333333333333,0.3333333333333333,0.034235782839134796,0.0
0.6194111232279171,0.3333333333333333,1.0,0.3076923076923077,0.16666666666666666,0.9444444444444444,0.0,0.0,0.0,0.0,0.0,0.0,0.0,0.3333333333333333,0.3333333333333333,0.3333333333333333,0.3333333333333333,0.3240223463687151,0.0
0.6199563794983642,0.3333333333333333,1.0,0.3076923076923077,0.16666666666666666,0.16666666666666669,1.0,0.6666666666666666,0.0,0.0,0.2,0.6666666666666666,0.0,0.0,1.0,0.3333333333333333,0.0,0.27818364131213297,0.0
0.6205016357688113,0.3333333333333333,0.0,1.0,0.16666666666666666,0.4444444444444445,0.5,0.0,1.0,0.0,0.0,0.0,0.08333333333333333,1.0,0.3333333333333333,0.3333333333333333,1.0,0.4254404813064031,0.0
0.6210468920392584,0.3333333333333333,0.0,0.7692307692307693,0.5,0.8888888888888888,0.0,0.6666666666666666,0.0,0.0,0.0,0.6666666666666666,0.0,1.0,0.0,0.3333333333333333,1.0,0.4742873513823234,0.0
0.6215921483097055,0.6666666666666666,1.0,0.7692307692307693,0.5,0.1111111111111111,0.0,0.3333333333333333,0.5,0.0,0.6000000000000001,0.0,0.0,0.0,1.0,0.6666666666666666,0.0,0.18292508236642313,0.0
0.6226826608505998,0.0,0.5,0.5384615384615385,0.0,0.1111111111111111,1.0,0.3333333333333333,0.5,0.0,0.6000000000000001,1.0,0.0,0.0,1.0,0.0,0.0,0.9798023205844436,0.0
0.623227917121047,0.3333333333333333,0.5,0.38461538461538464,0.3333333333333333,0.7777777777777777,1.0,0.3333333333333333,0.5,0.0,0.0,0.6666666666666666,0.0,0.6666666666666666,1.0,0.3333333333333333,0.6666666666666666,0.19567397221028507,0.0
0.6237731733914941,0.0,1.0,0.6923076923076923,0.0,0.27777777777777773,0.5,0.6666666666666666,0.0,0.0,0.4,1.0,0.0,0.3333333333333333,0.6666666666666666,0.0,0.3333333333333333,0.8931385188368429,0.0
0.6243184296619412,0.6666666666666666,0.5,0.15384615384615385,0.5,0.3888888888888889,0.0,0.6666666666666666,0.5,0.0,0.4,1.0,0.08333333333333333,0.0,0.3333333333333333,0.6666666666666666,0.0,0.16888697894284485,0.0
0.6248636859323883,0.3333333333333333,1.0,0.23076923076923078,0.3333333333333333,0.6111111111111112,0.5,1.0,0.0,0.0,0.0,0.3333333333333333,0.0,0.3333333333333333,0.0,0.3333333333333333,0.3333333333333333,0.001289213579716373,0.0
0.6254089422028354,0.6666666666666666,1.0,0.3076923076923077,0.3333333333333333,0.8333333333333333,0.0,0.6666666666666666,0.0,0.0,0.0,0.3333333333333333,0.0,1.0,0.0,0.6666666666666666,1.0,0.5353101274888984,0.0
0.6259541984732825,0.3333333333333333,0.5,0.3076923076923077,0.16666666666666666,0.0,1.0,0.6666666666666666,0.5,0.0,0.2,0.3333333333333333,0.0,0.6666666666666666,0.0,0.3333333333333333,0.6666666666666666,0.579286635152557,0.0
0.6264994547437296,0.0,0.0,0.15384615384615385,0.16666666666666666,0.0,0.0,0.0,0.5,0.0,0.4,0.0,0.0,0.0,0.3333333333333333,0.0,0.0,0.9371150265005014,0.0
0.6270447110141767,0.3333333333333333,0.0,0.5384615384615385,0.5,0.16666666666666669,0.5,0.6666666666666666,0.5,0.0,0.0,0.0,0.08333333333333333,0.0,0.3333333333333333,0.3333333333333333,0.0,0.296375877381464,0.0
0.6275899672846238,0.3333333333333333,1.0,0.6153846153846154,0.16666666666666666,0.5555555555555556,0.0,1.0,1.0,0.0,0.2,0.6666666666666666,0.08333333333333333,0.0,0.6666666666666666,0.3333333333333333,0.0,0.2913622690159003,0.0
0.628680479825518,1.0,0.0,0.6153846153846154,1.0,0.3888888888888889,0.5,0.3333333333333333,0.0,0.0,0.2,0.0,0.0,0.0,1.0,1.0,0.0,0.9787995989113307,0.0
0.6292257360959651,0.6666666666666666,1.0,0.23076923076923078,0.3333333333333333,0.8333333333333333,1.0,0.0,0.0,0.0,0.2,0.3333333333333333,0.08333333333333333,0.0,0.0,0.6666666666666666,0.0,0.38504512247529005,0.0
0.6297709923664122,0.0,0.5,0.15384615384615385,0.16666666666666666,0.8888888888888888,1.0,0.3333333333333333,0.0,0.0,0.4,0.0,0.08333333333333333,0.6666666666666666,0.6666666666666666,0.0,0.6666666666666666,0.736140954018049,0.0
0.6303162486368593,0.6666666666666666,0.5,0.6153846153846154,0.6666666666666666,0.3888888888888889,1.0,0.3333333333333333,0.0,0.0,0.4,0.0,0.0,0.3333333333333333,0.0,0.6666666666666666,0.3333333333333333,0.29422718808193665,0.0
0.6308615049073064,0.3333333333333333,0.5,0.15384615384615385,0.5,0.4444444444444445,1.0,0.0,0.5,0.0,0.0,0.0,0.0,0.0,0.6666666666666666,0.3333333333333333,0.0,0.23965047987394356,0.0
0.6314067611777536,0.3333333333333333,0.5,0.3076923076923077,0.5,1.0,0.0,0.0,1.0,0.0,0.0,0.3333333333333333,0.0,1.0,0.0,0.3333333333333333,1.0,0.7084944850307979,0.0
0.6319520174482007,1.0,0.5,0.3076923076923077,0.6666666666666666,0.05555555555555555,0.0,1.0,1.0,0.0,0.0,0.6666666666666666,0.0,0.0,0.6666666666666666,1.0,0.0,0.7382896433175763,0.0
0.6324972737186478,0.0,1.0,0.9230769230769231,0.16666666666666666,0.1111111111111111,0.0,0.3333333333333333,1.0,0.0,0.0,0.0,0.0,0.0,1.0,0.0,0.0,0.763071193238791,0.0
0.6330425299890949,0.3333333333333333,0.5,0.46153846153846156,0.16666666666666666,0.3888888888888889,0.5,0.3333333333333333,0.5,0.0,0.0,0.3333333333333333,0.0,0.0,0.3333333333333333,0.3333333333333333,0.0,0.21472568399942701,0.0
0.633587786259542,0.6666666666666666,0.0,0.6153846153846154,0.3333333333333333,0.27777777777777773,1.0,1.0,1.0,0.0,0.6000000000000001,0.0,0.08333333333333333,0.0,0.0,0.6666666666666666,0.0,0.28778112018335483,0.0
0.6346782988004362,1.0,0.0,0.23076923076923078,1.0,0.5555555555555556,0.0,1.0,0.5,0.0,0.0,0.6666666666666666,0.0,0.3333333333333333,0.3333333333333333,1.0,0.3333333333333333,0.9382609941269159,0.0
0.6352235550708834,0.3333333333333333,1.0,1.0,0.16666666666666666,0.1111111111111111,1.0,0.6666666666666666,1.0,0.0,0.0,0.0,0.0,0.3333333333333333,0.6666666666666666,0.3333333333333333,0.3333333333333333,0.3023922074201404,0.0
0.6357688113413305,0.3333333333333333,0.0,0.5384615384615385,0.5,0.7222222222222221,1.0,0.0,1.0,0.0,0.0,0.6666666666666666,0.0,0.3333333333333333,0.6666666666666666,0.3333333333333333,0.3333333333333333,0.16960320870935397,0.0
0.6363140676117776,0.6666666666666666,0.0,0.6923076923076923,0.3333333333333333,0.9444444444444444,0.5,0.3333333333333333,1.0,0.0,0.2,0.6666666666666666,0.0,0.0,1.0,0.6666666666666666,0.0,0.4615384615384615,0.0
0.6368593238822247,0.6666666666666666,0.0,0.8461538461538463,0.6666666666666666,0.7222222222222221,1.0,0.3333333333333333,0.5,0.0,0.0,0.0,0.0,0.0,0.3333333333333333,0.6666666666666666,0.0,0.36012032660077353,0.0
0.6374045801526718,0.3333333333333333,0.0,0.7692307692307693,0.16666666666666666,0.8888888888888888,0.0,0.6666666666666666,0.0,0.0,0.4,1.0,0.0,0.0,1.0,0.3333333333333333,0.0,0.4456381607219596,0.0
0.6379498364231189,0.6666666666666666,1.0,0.8461538461538463,0.5,1.0,0.0,0.6666666666666666,1.0,0.0,0.4,0.0,0.0,0.3333333333333333,0.0,0.6666666666666666,0.3333333333333333,0.4495058014611087,0.0
0.638495092693566,0.3333333333333333,1.0,0.9230769230769231,0.5,0.16666666666666669,0.0,0.6666666666666666,1.0,0.0,0.6000000000000001,0.0,0.0,1.0,0.6666666666666666,0.3333333333333333,1.0,0.436613665663945,0.0
0.6390403489640131,0.3333333333333333,0.5,0.9230769230769231,0.16666666666666666,1.0,0.0,0.3333333333333333,0.0,0.0,0.0,0.6666666666666666,0.0,0.0,0.0,0.3333333333333333,0.0,0.5940409683426443,0.0
0.6395856052344602,0.3333333333333333,1.0,0.6923076923076923,0.5,0.4444444444444445,0.0,0.0,0.0,0.0,0.2,0.3333333333333333,0.08333333333333333,0.6666666666666666,0.0,0.3333333333333333,0.6666666666666666,0.13536742587021916,0.0
0.6406761177753545,0.3333333333333333,0.0,0.46153846153846156,0.3333333333333333,0.5555555555555556,0.5,0.6666666666666666,1.0,0.0,0.0,0.3333333333333333,0.0,0.0,1.0,0.3333333333333333,0.0,0.1332187365706919,0.0
0.6412213740458016,1.0,1.0,0.0,0.6666666666666666,0.2222222222222222,0.0,0.6666666666666666,0.0,0.0,0.0,0.3333333333333333,0.0,0.0,0.0,1.0,0.0,0.5767082079931242,0.0
0.6417666303162487,0.3333333333333333,0.0,1.0,0.5,0.2222222222222222,0.0,1.0,0.5,0.0,0.4,0.3333333333333333,0.0,0.3333333333333333,1.0,0.3333333333333333,0.3333333333333333,0.08379888268156424,0.0
0.6423118865866958,0.3333333333333333,1.0,0.6923076923076923,0.16666666666666666,0.7777777777777777,0.0,0.0,0.5,0.0,0.2,0.0,0.0,0.3333333333333333,0.6666666666666666,0.3333333333333333,0.3333333333333333,0.22847729551640164,0.0
0.6428571428571429,0.0,0.5,1.0,0.0,0.16666666666666669,1.0,1.0,0.0,0.0,0.0,0.6666666666666666,0.0,0.0,0.0,0.0,0.0,0.9545910328033234,0.0
0.64340239912759,0.3333333333333333,0.0,1.0,0.3333333333333333,0.9444444444444444,0.5,0.6666666666666666,0.0,0.0,0.0,1.0,0.0,0.6666666666666666,0.3333333333333333,0.3333333333333333,0.6666666666666666,0.34651196103710075,0.0
0.6439476553980371,0.6666666666666666,0.0,0.8461538461538463,0.3333333333333333,0.9444444444444444,0.5,0.3333333333333333,1.0,0.0,0.2,0.3333333333333333,0.0,0.0,0.3333333333333333,0.6666666666666666,0.0,0.4615384615384615,0.0
0.6444929116684842,0.6666666666666666,0.5,0.0,0.6666666666666666,0.8888888888888888,0.0,0.3333333333333333,0.0,0.0,0.0,0.3333333333333333,0.08333333333333333,0.3333333333333333,1.0,0.6666666666666666,0.3333333333333333,0.3389199255121043,0.0
0.6450381679389313,0.6666666666666666,0.0,1.0,0.6666666666666666,0.0,0.5,0.3333333333333333,0.0,0.0,0.2,1.0,0.0,1.0,1.0,0.6666666666666666,1.0,0.8654920498495918,0.0
0.6461286804798255,0.3333333333333333,0.5,0.07692307692307693,0.5,0.4444444444444445,0.0,0.6666666666666666,0.5,0.0,0.4,0.3333333333333333,0.0,0.0,0.0,0.3333333333333333,0.0,0.23965047987394356,0.0
0.6466739367502726,0.3333333333333333,0.0,0.0,0.5,1.0,1.0,1.0,0.5,0.0,0.2,0.0,0.0,0.0,0.3333333333333333,0.3333333333333333,0.0,0.6000572983813207,0.0
0.6472191930207197,0.3333333333333333,0.0,1.0,0.5,0.9444444444444444,1.0,0.3333333333333333,0.5,0.0,0.2,0.3333333333333333,0.0,0.0,0.0,0.3333333333333333,0.0,0.463543904884687,0.0
0.6477644492911668,1.0,0.0,0.15384615384615385,0.6666666666666666,0.3333333333333333,1.0,0.0,1.0,0.0,0.0,0.3333333333333333,0.0,1.0,0.3333333333333333,1.0,1.0,0.7914338919925512,0.0
0.6483097055616139,0.6666666666666666,0.0,0.15384615384615385,0.3333333333333333,0.1111111111111111,0.0,0.3333333333333333,1.0,0.0,0.2,0.6666666666666666,0.0,0.3333333333333333,0.0,0.6666666666666666,0.3333333333333333,0.23048273886262713,0.0
0.6488549618320612,0.6666666666666666,1.0,0.3076923076923077,0.5,0.3333333333333333,0.5,1.0,0.5,0.0,0.0,0.3333333333333333,0.0,0.6666666666666666,0.6666666666666666,0.6666666666666666,0.6666666666666666,0.12046984672682998,0.0
0.6494002181025083,0.3333333333333333,1.0,0.07692307692307693,0.5,0.7222222222222221,0.5,1.0,0.5,0.0,0.2,0.6666666666666666,0.0,0.3333333333333333,0.0,0.3333333333333333,0.3333333333333333,0.16960320870935397,0.0
0.6499454743729554,1.0,0.5,0.8461538461538463,0.5,0.9444444444444444,1.0,1.0,1.0,0.0,0.6000000000000001,0.0,0.0,0.3333333333333333,0.0,1.0,0.3333333333333333,0.6706775533591176,0.0
0.6504907306434025,0.6666666666666666,0.5,0.7692307692307693,0.6666666666666666,0.5555555555555556,0.0,0.0,1.0,0.0,0.0,0.3333333333333333,0.0,0.6666666666666666,0.3333333333333333,0.6666666666666666,0.6666666666666666,0.2627130783555365,0.0
0.6515812431842967,0.6666666666666666,1.0,0.38461538461538464,0.3333333333333333,0.3333333333333333,0.5,0.0,1.0,0.0,0.6000000000000001,0.3333333333333333,0.0,0.3333333333333333,0.0,0.6666666666666666,0.3333333333333333,0.11488325454805902,0.0
0.6521264994547438,0.3333333333333333,0.5,0.3076923076923077,0.5,0.6666666666666665,0.5,0.0,0.5,0.0,0.0,0.3333333333333333,0.0,0.6666666666666666,1.0,0.3333333333333333,0.6666666666666666,0.21057155135367425,0.0
0.6526717557251909,0.3333333333333333,0.0,0.15384615384615385,0.3333333333333333,0.1111111111111111,0.5,0.6666666666666666,1.0,0.0,0.0,0.6666666666666666,0.0,0.3333333333333333,1.0,0.3333333333333333,0.3333333333333333,0.19538748030368144,0.0
0.653217011995638,0.6666666666666666,0.0,0.6923076923076923,0.5,0.1111111111111111,0.5,0.6666666666666666,0.0,0.0,0.0,0.3333333333333333,0.0,0.0,1.0,0.6666666666666666,0.0,0.18292508236642313,0.0
0.6537622682660851,0.6666666666666666,0.5,0.07692307692307693,0.5,0.8333333333333333,0.5,0.0,0.5,0.0,0.2,0.3333333333333333,0.0,0.6666666666666666,0.3333333333333333,0.6666666666666666,0.6666666666666666,0.3154275891706059,0.0
0.6543075245365322,1.0,0.5,0.0,0.6666666666666666,0.3888888888888889,0.0,0.0,1.0,0.0,0.0,0.0,0.0,0.0,0.3333333333333333,1.0,0.0,0.579286635152557,0.0
0.6548527808069793,0.3333333333333333,1.0,0.0,0.16666666666666666,0.2222222222222222,1.0,1.0,1.0,0.0,0.4,1.0,0.16666666666666666,0.3333333333333333,0.0,0.3333333333333333,0.3333333333333333,0.2854891849305257,0.0
0.6553980370774264,0.6666666666666666,0.5,0.6923076923076923,0.6666666666666666,0.49999999999999994,0.5,0.6666666666666666,0.0,0.0,0.0,0.6666666666666666,0.0,0.0,0.3333333333333333,0.6666666666666666,0.0,0.27202406532015466,0.0
0.6559432933478735,0.3333333333333333,0.5,0.5384615384615385,0.16666666666666666,1.0,0.5,0.0,0.5,0.0,0.0,0.0,0.08333333333333333,0.3333333333333333,1.0,0.3333333333333333,0.3333333333333333,0.4613952155851597,0.0
0.6564885496183206,0.3333333333333333,1.0,0.07692307692307693,0.5,0.1111111111111111,0.5,1.0,0.0,0.0,1.0,0.3333333333333333,0.16666666666666666,0.0,0.3333333333333333,0.3333333333333333,0.0,0.4917633576851454,0.0
0.6575790621592149,0.3333333333333333,1.0,0.6153846153846154,0.16666666666666666,0.05555555555555555,1.0,0.0,0.5,0.0,0.0,0.3333333333333333,0.08333333333333333,0.6666666666666666,0.3333333333333333,0.3333333333333333,0.6666666666666666,0.45552213149978515,0.0
0.658124318429662,0.3333333333333333,0.5,0.6153846153846154,0.16666666666666666,0.5555555555555556,0.5,1.0,1.0,0.0,0.6000000000000001,1.0,0.0,0.0,0.3333333333333333,0.3333333333333333,0.0,0.22718808193668527,0.0
0.6586695747001091,0.6666666666666666,0.0,0.15384615384615385,0.6666666666666666,0.5555555555555556,0.0,1.0,0.5,0.0,0.0,0.0,0.0,0.6666666666666666,0.0,0.6666666666666666,0.6666666666666666,0.2627130783555365,0.0
0.6592148309705562,0.6666666666666666,1.0,0.15384615384615385,0.6666666666666666,0.2222222222222222,0.5,0.6666666666666666,1.0,0.0,0.2,0.3333333333333333,0.0,0.3333333333333333,1.0,0.6666666666666666,0.3333333333333333,0.28205128205128205,0.0
0.6597600872410033,0.6666666666666666,0.5,0.8461538461538463,0.3333333333333333,0.6111111111111112,0.0,0.6666666666666666,1.0,0.0,0.6000000000000001,0.3333333333333333,0.0,0.3333333333333333,0.6666666666666666,0.6666666666666666,0.3333333333333333,0.08179343933533878,0.0
0.6603053435114504,0.0,0.0,0.46153846153846156,0.16666666666666666,0.3333333333333333,0.0,0.0,0.5,0.0,0.4,0.0,0.0,0.3333333333333333,1.0,0.0,0.3333333333333333,0.645752757484601,0.0
0.6608505997818975,0.3333333333333333,1.0,0.9230769230769231,0.16666666666666666,0.49999999999999994,0.5,0.6666666666666666,0.0,0.0,0.0,0.6666666666666666,0.08333333333333333,0.0,0.0,0.3333333333333333,0.0,0.2516831399512964,0.0
0.6613958560523446,0.6666666666666666,0.0,0.9230769230769231,0.3333333333333333,0.6111111111111112,0.5,1.0,0.5,0.0,0.4,1.0,0.0,0.0,0.0,0.6666666666666666,0.0,0.17189514396218308,0.0
0.6624863685932388,0.0,0.5,0.3076923076923077,0.16666666666666666,0.3888888888888889,0.0,0.3333333333333333,0.0,0.0,0.2,0.0,0.0,0.0,0.0,0.0,0.0,0.6779830969775104,0.0
0.6630316248636859,0.6666666666666666,1.0,0.8461538461538463,0.3333333333333333,0.5555555555555556,0.0,0.6666666666666666,0.0,0.0,0.2,0.0,0.0,0.0,0.0,0.6666666666666666,0.0,0.17160865205557943,0.0
0.663576881134133,0.6666666666666666,1.0,0.38461538461538464,0.6666666666666666,0.9444444444444444,1.0,0.6666666666666666,1.0,0.0,0.4,0.6666666666666666,0.0,0.0,0.0,0.6666666666666666,0.0,0.5390345222747458,0.0
0.6641221374045801,0.3333333333333333,0.0,0.38461538461538464,0.3333333333333333,0.2222222222222222,1.0,0.0,0.5,0.0,0.2,0.3333333333333333,0.0,0.3333333333333333,0.6666666666666666,0.3333333333333333,0.3333333333333333,0.041541326457527575,0.0
0.6646673936750273,0.6666666666666666,1.0,0.46153846153846156,0.5,0.0,1.0,0.3333333333333333,1.0,0.0,0.2,0.6666666666666666,0.08333333333333333,0.0,0.0,0.6666666666666666,0.0,0.43475146827102135,0.0
0.6652126499454744,1.0,0.5,0.5384615384615385,0.6666666666666666,0.16666666666666669,0.0,0.3333333333333333,1.0,0.0,0.8,0.6666666666666666,0.0,0.0,0.3333333333333333,1.0,0.0,0.6248388483025354,0.0
0.6657579062159216,0.3333333333333333,0.0,1.0,0.5,0.1111111111111111,1.0,0.3333333333333333,0.5,0.0,0.0,0.0,0.0,0.6666666666666666,1.0,0.3333333333333333,0.6666666666666666,0.3373442200257843,0.0
0.6663031624863687,0.6666666666666666,0.5,0.5384615384615385,0.5,0.5555555555555556,1.0,0.0,0.0,0.0,0.8,0.3333333333333333,0.0,0.0,1.0,0.6666666666666666,0.0,0.05930382466695316,0.0
0.6668484187568158,0.3333333333333333,0.0,0.5384615384615385,0.5,0.49999999999999994,0.0,0.0,0.0,0.0,0.2,0.0,0.0,0.3333333333333333,0.0,0.3333333333333333,0.3333333333333333,0.0969775103853316,0.0
0.6684841875681571,0.6666666666666666,0.0,0.15384615384615385,0.6666666666666666,0.2222222222222222,0.0,0.0,0.5,0.0,0.0,0.3333333333333333,0.0,0.0,0.3333333333333333,0.6666666666666666,0.0,0.2787566251253402,0.0
0.6690294438386042,0.6666666666666666,0.0,0.0,0.6666666666666666,0.4444444444444445,0.5,0.3333333333333333,0.0,0.0,0.8,1.0,0.0,0.0,0.0,0.6666666666666666,0.0,0.3185790001432459,0.0
0.6695747001090513,0.6666666666666666,1.0,0.7692307692307693,0.6666666666666666,0.7222222222222221,0.0,0.6666666666666666,0.5,0.0,0.6000000000000001,0.3333333333333333,0.0,0.0,0.0,0.6666666666666666,0.0,0.36012032660077353,0.0
0.6701199563794984,0.6666666666666666,1.0,0.5384615384615385,0.3333333333333333,0.4444444444444445,0.0,1.0,0.0,0.0,0.2,0.3333333333333333,0.0,0.0,0.6666666666666666,0.6666666666666666,0.0,0.23750179057441625,0.0
0.6706652126499455,0.0,0.5,0.15384615384615385,0.16666666666666666,0.1111111111111111,0.0,1.0,0.0,0.0,0.4,0.3333333333333333,0.0,0.3333333333333333,1.0,0.0,0.3333333333333333,0.7756768371293511,0.0
0.6712104689203926,0.3333333333333333,1.0,0.46153846153846156,0.5,0.3333333333333333,1.0,0.3333333333333333,0.5,0.0,0.0,1.0,0.0,0.0,0.0,0.3333333333333333,0.0,0.21773384901876522,0.0
0.6717557251908397,0.3333333333333333,0.5,0.15384615384615385,0.16666666666666666,0.2222222222222222,0.0,1.0,0.5,0.0,0.0,0.0,0.0,1.0,0.6666666666666666,0.3333333333333333,1.0,0.4479300959747887,0.0
0.6723009814612868,0.6666666666666666,1.0,0.15384615384615385,0.3333333333333333,0.27777777777777773,0.5,0.3333333333333333,1.0,0.0,0.0,1.0,0.0,0.3333333333333333,0.0,0.6666666666666666,0.3333333333333333,0.12619968485890273,0.0
0.6728462377317339,0.3333333333333333,1.0,0.5384615384615385,0.3333333333333333,0.16666666666666669,0.0,1.0,0.0,0.0,0.4,0.3333333333333333,0.0,0.0,0.0,0.3333333333333333,0.0,0.18822518263859048,0.0
0.673391494002181,0.0,1.0,0.8461538461538463,0.0,0.27777777777777773,0.0,1.0,0.0,0.0,0.0,0.0,0.0,0.0,0.0,0.0,0.0,0.9170605930382466,0.0
0.6744820065430753,1.0,0.0,0.6923076923076923,0.8333333333333333,0.5555555555555556,0.5,0.6666666666666666,0.5,0.0,0.4,0.3333333333333333,0.0,0.3333333333333333,0.3333333333333333,1.0,0.3333333333333333,0.831256267010457,0.0
0.6750272628135224,1.0,0.5,0.6153846153846154,0.5,0.27777777777777773,1.0,0.3333333333333333,1.0,0.0,0.2,0.3333333333333333,0.0,0.0,0.6666666666666666,1.0,0.0,0.4870362412261854,0.0
0.6755725190839695,0.3333333333333333,1.0,0.3076923076923077,0.16666666666666666,0.5555555555555556,1.0,0.0,1.0,0.0,0.4,1.0,0.0,0.0,1.0,0.3333333333333333,0.0,0.22718808193668527,0.0
0.6761177753544166,0.0,0.0,0.23076923076923078,0.0,0.3333333333333333,0.0,0.6666666666666666,1.0,0.0,0.4,0.3333333333333333,0.0,0.3333333333333333,0.6666666666666666,0.0,0.3333333333333333,0.9005873084085374,0.0
0.6766630316248637,0.6666666666666666,1.0,0.07692307692307693,0.3333333333333333,1.0,0.0,0.0,0.5,0.0,0.4,0.0,0.0,0.0,0.6666666666666666,0.6666666666666666,0.0,0.649763644177052,0.0
0.6772082878953108,0.6666666666666666,1.0,0.46153846153846156,0.3333333333333333,0.5555555555555556,0.5,0.3333333333333333,0.5,0.3333333333333333,0.2,0.6666666666666666,0.0,0.0,0.3333333333333333,0.6666666666666666,0.0,0.17160865205557943,0.0
0.677753544165758,0.6666666666666666,0.5,0.7692307692307693,0.5,0.3333333333333333,0.0,0.0,0.5,0.0,0.2,0.0,0.0,0.3333333333333333,0.6666666666666666,0.6666666666666666,0.3333333333333333,0.06789858186506231,0.0
0.678298800436205,0.3333333333333333,0.5,0.5384615384615385,0.3333333333333333,0.0,0.5,0.3333333333333333,0.5,0.0,0.0,0.0,0.0,0.0,0.0,0.3333333333333333,0.0,0.4721386620827962,0.0
0.6793893129770993,0.6666666666666666,0.5,0.6923076923076923,0.5,0.6111111111111112,0.5,0.0,1.0,0.0,0.4,0.0,0.0,0.0,1.0,0.6666666666666666,0.0,0.06431743303251683,0.0
0.6799345692475464,0.3333333333333333,0.5,1.0,0.16666666666666666,0.9444444444444444,0.5,0.3333333333333333,0.5,0.0,0.6000000000000001,0.3333333333333333,0.0,0.0,0.0,0.3333333333333333,0.0,0.45781406675261427,0.0
0.6804798255179935,0.6666666666666666,0.5,0.0,0.6666666666666666,0.2222222222222222,0.0,1.0,1.0,0.0,0.0,0.3333333333333333,0.0,0.6666666666666666,0.6666666666666666,0.6666666666666666,0.6666666666666666,0.29078928520269304,0.0
0.6810250817884406,0.3333333333333333,1.0,0.38461538461538464,0.3333333333333333,0.7777777777777777,0.0,0.0,0.0,0.0,0.0,0.3333333333333333,0.08333333333333333,1.0,0.0,0.3333333333333333,1.0,0.28334049563099845,0.0
0.6815703380588877,0.6666666666666666,0.0,0.07692307692307693,0.6666666666666666,0.9444444444444444,0.0,1.0,0.5,0.0,0.0,1.0,0.0,0.0,0.3333333333333333,0.6666666666666666,0.0,0.5390345222747458,0.0
0.6821155943293348,0.3333333333333333,0.5,0.6153846153846154,0.16666666666666666,0.3888888888888889,0.5,0.0,1.0,0.0,0.2,1.0,0.0,0.0,1.0,0.3333333333333333,0.0,0.21472568399942701,0.0
0.6826608505997819,0.6666666666666666,1.0,1.0,0.5,0.4444444444444445,0.5,0.0,0.0,0.0,0.0,0.3333333333333333,0.0,0.6666666666666666,0.6666666666666666,0.6666666666666666,0.6666666666666666,0.160865205557943,0.0
0.6832061068702291,0.6666666666666666,0.5,0.5384615384615385,0.3333333333333333,0.9444444444444444,1.0,0.6666666666666666,0.0,0.0,0.2,0.6666666666666666,0.08333333333333333,0.0,0.3333333333333333,0.6666666666666666,0.0,0.46798452943704344,0.0
0.6837513631406762,0.3333333333333333,0.0,0.38461538461538464,0.3333333333333333,0.49999999999999994,0.0,0.0,0.5,0.0,0.0,1.0,0.0,0.0,0.0,0.3333333333333333,0.0,0.14639736427445926,0.0
0.6848418756815704,0.3333333333333333,1.0,0.8461538461538463,0.3333333333333333,0.7222222222222221,0.5,0.3333333333333333,0.5,0.0,0.0,0.0,0.0,0.3333333333333333,0.0,0.3333333333333333,0.3333333333333333,0.08981521272024065,0.0
0.6853871319520175,0.3333333333333333,0.5,0.7692307692307693,0.3333333333333333,0.4444444444444445,0.5,0.0,0.0,0.0,0.0,0.3333333333333333,0.08333333333333333,0.0,1.0,0.3333333333333333,0.0,0.1809196390201977,0.0
0.6859323882224646,0.3333333333333333,1.0,0.07692307692307693,0.5,0.6666666666666665,1.0,0.0,0.5,0.0,0.0,0.3333333333333333,0.08333333333333333,0.0,0.3333333333333333,0.3333333333333333,0.0,0.26486176765506375,0.0
0.6864776444929117,0.3333333333333333,1.0,0.46153846153846156,0.16666666666666666,0.6666666666666665,1.0,0.3333333333333333,0.0,0.0,0.6000000000000001,0.6666666666666666,0.0,0.6666666666666666,1.0,0.3333333333333333,0.6666666666666666,0.27904311703194384,0.0
0.6870229007633588,0.6666666666666666,1.0,0.7692307692307693,0.3333333333333333,0.7777777777777777,1.0,1.0,0.5,0.0,0.0,0.0,0.0,0.0,0.0,0.6666666666666666,0.0,0.2786133791720384,0.0
0.6875681570338059,0.0,0.0,0.07692307692307693,0.0,0.3333333333333333,1.0,0.6666666666666666,1.0,0.0,0.2,0.0,0.0,0.6666666666666666,0.3333333333333333,0.0,0.6666666666666666,0.9305257126486176,0.0
0.688113413304253,1.0,0.0,0.23076923076923078,0.6666666666666666,0.7777777777777777,0.5,0.3333333333333333,0.0,0.0,0.0,1.0,0.0,0.0,0.0,1.0,0.0,0.6562097120756339,0.0
0.6886586695747001,0.6666666666666666,1.0,0.9230769230769231,0.6666666666666666,0.3333333333333333,0.0,1.0,1.0,0.0,0.0,0.3333333333333333,0.0,0.3333333333333333,0.0,0.6666666666666666,0.3333333333333333,0.30898152127202405,0.0
0.6892039258451472,0.3333333333333333,0.0,0.8461538461538463,0.16666666666666666,0.7222222222222221,1.0,1.0,1.0,0.0,0.2,0.0,0.0,0.3333333333333333,0.6666666666666666,0.3333333333333333,0.3333333333333333,0.19510098839707776,0.0
0.6902944383860414,0.3333333333333333,0.5,0.6923076923076923,0.5,0.0,0.5,1.0,1.0,0.0,0.0,0.3333333333333333,0.0,0.3333333333333333,1.0,0.3333333333333333,0.3333333333333333,0.3781693167168027,0.0
0.6908396946564885,0.6666666666666666,1.0,0.3076923076923077,0.5,1.0,1.0,0.0,1.0,0.0,0.4,0.3333333333333333,0.0,0.0,0.3333333333333333,0.6666666666666666,0.0,0.5325884543761639,0.0
0.6913849509269356,0.6666666666666666,0.5,0.7692307692307693,0.3333333333333333,0.6111111111111112,1.0,0.0,0.5,0.0,0.0,0.6666666666666666,0.0,0.3333333333333333,0.0,0.6666666666666666,0.3333333333333333,0.08179343933533878,0.0
0.6919302071973829,0.3333333333333333,0.5,0.0,0.5,0.49999999999999994,1.0,1.0,0.0,0.0,0.2,0.3333333333333333,0.0,0.0,0.6666666666666666,0.3333333333333333,0.0,0.19639020197679416,0.0
0.69247546346783,0.3333333333333333,0.0,0.8461538461538463,0.3333333333333333,0.1111111111111111,0.5,0.0,1.0,0.0,0.0,0.3333333333333333,0.0,0.0,0.6666666666666666,0.3333333333333333,0.0,0.2905027932960894,0.0
0.6930207197382771,0.6666666666666666,0.0,0.6923076923076923,0.5,0.6111111111111112,0.0,1.0,1.0,0.0,0.2,1.0,0.0,0.0,0.6666666666666666,0.6666666666666666,0.0,0.06431743303251683,0.0
0.6935659760087242,0.3333333333333333,1.0,0.15384615384615385,0.3333333333333333,0.49999999999999994,0.5,1.0,0.5,0.0,0.0,0.0,0.08333333333333333,0.6666666666666666,0.0,0.3333333333333333,0.6666666666666666,0.06130926801317863,0.0
0.6941112322791713,1.0,0.0,0.5384615384615385,1.0,0.16666666666666669,0.0,1.0,1.0,0.3333333333333333,0.4,0.0,0.0,0.3333333333333333,1.0,1.0,0.3333333333333333,0.9795158286778398,0.0
0.6946564885496184,0.3333333333333333,1.0,0.07692307692307693,0.3333333333333333,0.8333333333333333,0.5,1.0,0.5,0.0,0.8,0.0,0.0,0.6666666666666666,0.3333333333333333,0.3333333333333333,0.6666666666666666,0.2481019911187509,0.0
0.6952017448200655,0.6666666666666666,0.0,0.7692307692307693,0.3333333333333333,0.3888888888888889,1.0,0.0,0.5,0.0,0.0,1.0,0.0,0.3333333333333333,0.0,0.6666666666666666,0.3333333333333333,0.0902449505801461,0.0
0.6962922573609597,0.3333333333333333,0.5,0.46153846153846156,0.5,1.0,0.0,0.3333333333333333,1.0,0.0,0.2,0.0,0.0,0.0,0.3333333333333333,0.3333333333333333,0.0,0.6000572983813207,0.0
0.6968375136314068,0.3333333333333333,1.0,0.23076923076923078,0.3333333333333333,0.1111111111111111,0.0,1.0,1.0,0.0,0.8,1.0,0.0,0.0,0.3333333333333333,0.3333333333333333,0.0,0.2905027932960894,0.0
0.6973827699018539,0.3333333333333333,1.0,0.5384615384615385,0.5,0.49999999999999994,0.0,0.0,1.0,0.0,0.0,0.3333333333333333,0.0,0.0,1.0,0.3333333333333333,0.0,0.19639020197679416,0.0
0.697928026172301,1.0,0.0,0.46153846153846156,0.8333333333333333,0.3888888888888889,0.0,0.0,1.0,0.0,0.2,1.0,0.0,0.6666666666666666,0.6666666666666666,1.0,0.6666666666666666,0.8813923506660937,0.0
0.6984732824427481,0.3333333333333333,0.0,1.0,0.16666666666666666,0.8333333333333333,0.5,0.6666666666666666,0.5,0.0,0.2,0.0,0.0,0.3333333333333333,0.0,0.3333333333333333,0.3333333333333333,0.2714510815069474,0.0
0.6990185387131952,0.3333333333333333,0.0,0.3076923076923077,0.3333333333333333,0.49999999999999994,0.0,0.6666666666666666,0.5,0.0,0.6000000000000001,1.0,0.0,0.3333333333333333,0.3333333333333333,0.3333333333333333,0.3333333333333333,0.03767368571837845,0.0
0.6995637949836423,0.6666666666666666,1.0,1.0,0.3333333333333333,0.0,1.0,0.6666666666666666,1.0,0.0,0.0,1.0,0.0,0.3333333333333333,0.6666666666666666,0.6666666666666666,0.3333333333333333,0.3933533877667956,0.0
0.7001090512540895,0.6666666666666666,1.0,0.8461538461538463,0.3333333333333333,0.5555555555555556,1.0,0.0,0.5,0.0,0.4,1.0,0.0,0.3333333333333333,0.6666666666666666,0.6666666666666666,0.3333333333333333,0.09010170462684429,0.0
0.7006543075245366,0.6666666666666666,1.0,0.23076923076923078,0.5,0.2222222222222222,0.0,0.6666666666666666,1.0,0.0,0.0,0.0,0.0,0.3333333333333333,0.6666666666666666,0.6666666666666666,0.3333333333333333,0.05099555937544765,0.0
0.7017448200654308,0.3333333333333333,0.0,0.15384615384615385,0.3333333333333333,0.16666666666666669,1.0,0.0,0.5,0.0,0.0,0.0,0.08333333333333333,0.6666666666666666,0.0,0.3333333333333333,0.6666666666666666,0.15971923793152845,0.0
0.7022900763358779,0.3333333333333333,0.5,0.07692307692307693,0.16666666666666666,0.8888888888888888,0.5,0.6666666666666666,0.5,0.0,0.2,0.0,0.0,0.3333333333333333,0.0,0.3333333333333333,0.3333333333333333,0.2952299097550494,0.0
0.702835332606325,1.0,0.0,0.7692307692307693,0.5,0.2222222222222222,1.0,0.0,1.0,0.0,0.6000000000000001,0.6666666666666666,0.0,0.0,0.0,1.0,0.0,0.4997851310700473,0.0
0.7033805888767721,0.0,1.0,0.6153846153846154,0.16666666666666666,1.0,0.5,0.3333333333333333,1.0,0.0,0.2,0.0,0.08333333333333333,0.0,0.6666666666666666,0.0,0.0,0.9014467841283483,0.0
0.7039258451472192,0.3333333333333333,0.5,0.46153846153846156,0.5,0.0,0.5,0.0,0.5,0.0,0.2,1.0,0.0,0.3333333333333333,0.6666666666666666,0.3333333333333333,0.3333333333333333,0.3781693167168027,0.0
0.7044711014176663,0.3333333333333333,1.0,0.07692307692307693,0.16666666666666666,0.5555555555555556,0.0,1.0,0.5,0.0,0.0,0.6666666666666666,0.0,0.0,0.0,0.3333333333333333,0.0,0.22718808193668527,0.0
0.7050163576881134,0.3333333333333333,1.0,0.23076923076923078,0.5,0.7777777777777777,0.0,0.0,1.0,0.0,0.4,0.3333333333333333,0.0,0.0,0.6666666666666666,0.3333333333333333,0.0,0.33705772811918067,0.0
0.7055616139585605,0.3333333333333333,1.0,0.9230769230769231,0.3333333333333333,0.8888888888888888,0.5,0.6666666666666666,0.0,0.0,0.0,1.0,0.0,0.6666666666666666,0.3333333333333333,0.3333333333333333,0.6666666666666666,0.2594184214295946,0.0
0.7061068702290076,0.3333333333333333,0.5,0.07692307692307693,0.5,0.0,0.0,1.0,1.0,0.0,0.2,0.0,0.0,0.6666666666666666,1.0,0.3333333333333333,0.6666666666666666,0.506374444921931,0.0
0.7071973827699018,0.6666666666666666,0.0,0.07692307692307693,0.6666666666666666,0.16666666666666669,0.5,0.6666666666666666,0.0,0.0,0.0,1.0,0.0,0.0,1.0,0.6666666666666666,0.0,0.33863343360550063,0.0
0.707742639040349,0.3333333333333333,1.0,1.0,0.16666666666666666,1.0,0.0,0.3333333333333333,1.0,0.0,0.0,0.0,0.0,0.0,1.0,0.3333333333333333,0.0,0.5940409683426443,0.0
0.7082878953107961,0.6666666666666666,0.0,0.15384615384615385,0.6666666666666666,0.0,0.5,0.3333333333333333,0.0,0.0,0.4,0.6666666666666666,0.0,0.0,0.0,0.6666666666666666,0.0,0.5857327030511388,0.0
0.7088331515812433,0.3333333333333333,0.0,0.46153846153846156,0.3333333333333333,0.27777777777777773,1.0,0.3333333333333333,1.0,0.0,0.0,0.6666666666666666,0.0,0.3333333333333333,0.3333333333333333,0.3333333333333333,0.3333333333333333,0.05615241369431313,0.0
0.7093784078516904,0.6666666666666666,0.0,0.7692307692307693,0.5,0.0,0.5,0.3333333333333333,0.0,0.0,0.4,0.0,0.0,0.3333333333333333,0.0,0.6666666666666666,0.3333333333333333,0.3182925082366423,0.0
0.7099236641221375,0.6666666666666666,0.5,0.7692307692307693,0.3333333333333333,0.0,0.0,1.0,0.0,0.0,0.4,0.3333333333333333,0.0,0.6666666666666666,1.0,0.6666666666666666,0.6666666666666666,0.48861194671250535,0.0
0.7104689203925846,0.3333333333333333,0.0,0.7692307692307693,0.3333333333333333,1.0,1.0,0.6666666666666666,0.5,0.0,0.2,0.0,0.0,0.0,0.3333333333333333,0.3333333333333333,0.0,0.5516401661653058,0.0
0.7110141766630317,0.3333333333333333,0.0,0.5384615384615385,0.16666666666666666,0.6666666666666665,1.0,0.6666666666666666,1.0,0.0,0.0,0.3333333333333333,0.0,0.3333333333333333,1.0,0.3333333333333333,0.3333333333333333,0.15227044835983386,0.0
0.7115594329334788,0.3333333333333333,1.0,0.6923076923076923,0.3333333333333333,0.8333333333333333,0.0,1.0,0.5,0.0,0.4,0.0,0.0,1.0,0.0,0.3333333333333333,1.0,0.36384472138662083,0.0
0.7121046892039259,0.3333333333333333,0.0,0.3076923076923077,0.5,0.16666666666666669,0.0,0.6666666666666666,0.0,0.0,0.0,0.3333333333333333,0.0,0.6666666666666666,0.6666666666666666,0.3333333333333333,0.6666666666666666,0.22890703337630713,0.0
0.7131952017448201,0.6666666666666666,1.0,0.5384615384615385,0.3333333333333333,0.27777777777777773,0.5,1.0,0.0,0.0,0.0,0.3333333333333333,0.0,0.3333333333333333,1.0,0.6666666666666666,0.3333333333333333,0.12619968485890273,0.0
0.7137404580152672,0.3333333333333333,1.0,0.0,0.3333333333333333,0.3888888888888889,1.0,0.3333333333333333,1.0,0.0,0.4,0.6666666666666666,0.0,0.6666666666666666,0.3333333333333333,0.3333333333333333,0.6666666666666666,0.10242085661080075,0.0
0.7142857142857143,1.0,1.0,0.5384615384615385,0.5,0.3888888888888889,0.5,1.0,0.5,0.0,0.8,1.0,0.0,0.0,0.0,1.0,0.0,0.48918493052571266,0.0
0.7148309705561614,0.0,0.5,0.8461538461538463,0.0,0.8888888888888888,0.0,1.0,0.5,0.0,0.4,0.6666666666666666,0.0,0.6666666666666666,0.3333333333333333,0.0,0.6666666666666666,0.9931241942415127,0.0
0.7153762268266085,0.0,0.0,1.0,0.16666666666666666,0.1111111111111111,0.0,0.3333333333333333,0.5,0.0,0.6000000000000001,1.0,0.08333333333333333,0.3333333333333333,1.0,0.0,0.3333333333333333,0.817791147400086,0.0
0.7159214830970556,0.3333333333333333,1.0,0.0,0.5,0.7222222222222221,0.5,0.0,1.0,0.0,0.0,0.3333333333333333,0.0,0.3333333333333333,0.3333333333333333,0.3333333333333333,0.3333333333333333,0.16960320870935397,0.0
0.7164667393675027,0.3333333333333333,1.0,0.3076923076923077,0.5,0.49999999999999994,0.0,1.0,0.0,0.0,0.2,0.6666666666666666,0.0,0.3333333333333333,0.6666666666666666,0.3333333333333333,0.3333333333333333,0.0969775103853316,0.0
0.7170119956379498,0.3333333333333333,1.0,1.0,0.16666666666666666,0.0,1.0,1.0,0.0,0.0,0.0,0.6666666666666666,0.0,0.0,1.0,0.3333333333333333,0.0,0.5669674831686005,0.0
0.717557251908397,0.6666666666666666,0.0,0.38461538461538464,0.6666666666666666,0.7222222222222221,0.0,0.0,0.5,0.0,0.2,0.0,0.0,0.0,0.3333333333333333,0.6666666666666666,0.0,0.36012032660077353,0.0
0.7186477644492912,0.3333333333333333,0.0,0.38461538461538464,0.5,0.49999999999999994,1.0,0.3333333333333333,0.0,0.0,0.0,0.3333333333333333,0.0,0.0,1.0,0.3333333333333333,0.0,0.19639020197679416,0.0
0.7191930207197383,0.6666666666666666,0.5,0.15384615384615385,0.3333333333333333,0.0,0.0,0.3333333333333333,0.0,0.0,0.4,0.3333333333333333,0.0,0.6666666666666666,0.3333333333333333,0.6666666666666666,0.6666666666666666,0.48861194671250535,0.0
0.7197382769901854,0.3333333333333333,0.0,0.5384615384615385,0.16666666666666666,0.7222222222222221,0.0,0.3333333333333333,0.0,0.0,0.0,0.6666666666666666,0.0,0.3333333333333333,0.0,0.3333333333333333,0.3333333333333333,0.19510098839707776,0.0
0.7202835332606325,0.6666666666666666,1.0,0.07692307692307693,0.5,0.16666666666666669,0.5,0.6666666666666666,0.5,0.0,0.0,1.0,0.0,0.3333333333333333,0.3333333333333333,0.6666666666666666,0.3333333333333333,0.09425583727259705,0.0
0.7208287895310797,0.3333333333333333,0.5,0.15384615384615385,0.5,0.6666666666666665,0.5,0.6666666666666666,0.5,0.0,0.0,1.0,0.0,0.6666666666666666,0.0,0.3333333333333333,0.6666666666666666,0.21057155135367425,0.0
0.7213740458015268,0.6666666666666666,0.5,1.0,0.5,0.6666666666666665,0.5,0.6666666666666666,1.0,0.0,0.0,0.6666666666666666,0.08333333333333333,0.0,1.0,0.6666666666666666,0.0,0.1939550207706632,0.0
0.7219193020719739,0.3333333333333333,0.0,0.6923076923076923,0.5,0.1111111111111111,0.0,0.3333333333333333,0.0,0.0,0.2,0.3333333333333333,0.0,0.0,1.0,0.3333333333333333,0.0,0.3278899871078642,0.0
0.722464558342421,0.3333333333333333,0.0,0.8461538461538463,0.3333333333333333,0.3888888888888889,1.0,0.3333333333333333,1.0,0.0,0.4,0.3333333333333333,0.08333333333333333,0.0,0.0,0.3333333333333333,0.0,0.16415986248388484,0.0
0.7241003271537623,0.3333333333333333,1.0,0.8461538461538463,0.3333333333333333,0.8888888888888888,0.5,0.0,1.0,0.0,0.6000000000000001,0.3333333333333333,0.0,1.0,1.0,0.3333333333333333,1.0,0.3976507663658502,0.0
0.7246455834242094,0.0,0.0,0.5384615384615385,0.16666666666666666,0.3333333333333333,1.0,0.0,1.0,0.6666666666666666,0.6000000000000001,0.6666666666666666,0.08333333333333333,0.0,1.0,0.0,0.0,0.6663801747600631,0.0
0.7251908396946565,0.0,1.0,0.15384615384615385,0.0,0.3333333333333333,0.5,0.0,1.0,0.6666666666666666,0.2,0.3333333333333333,0.0,0.6666666666666666,0.3333333333333333,0.0,0.6666666666666666,0.9305257126486176,0.0
0.7257360959651036,0.3333333333333333,0.5,1.0,0.5,0.49999999999999994,1.0,0.3333333333333333,0.0,0.0,0.6000000000000001,0.3333333333333333,0.3333333333333333,0.3333333333333333,0.0,0.3333333333333333,0.3333333333333333,0.3500931098696462,0.0
0.7262813522355508,0.6666666666666666,0.5,0.6153846153846154,0.6666666666666666,0.2222222222222222,0.5,0.0,1.0,0.3333333333333333,0.6000000000000001,0.3333333333333333,0.0,0.6666666666666666,1.0,0.6666666666666666,0.6666666666666666,0.29078928520269304,0.0
0.7268266085059979,0.3333333333333333,0.5,0.7692307692307693,0.3333333333333333,0.9444444444444444,0.5,1.0,0.5,0.0,0.2,1.0,0.0,0.0,0.3333333333333333,0.3333333333333333,0.0,0.41082939406961755,0.0
0.727371864776445,0.3333333333333333,0.0,1.0,0.3333333333333333,0.7777777777777777,0.0,0.6666666666666666,1.0,0.0,0.0,0.3333333333333333,0.08333333333333333,0.0,0.0,0.3333333333333333,0.0,0.2627130783555365,0.0
0.7279171210468921,0.3333333333333333,1.0,0.5384615384615385,0.16666666666666666,0.7222222222222221,0.5,0.0,1.0,0.0,1.0,0.3333333333333333,0.0,0.3333333333333333,0.6666666666666666,0.3333333333333333,0.3333333333333333,0.19510098839707776,0.0
0.7284623773173392,0.3333333333333333,1.0,0.9230769230769231,0.3333333333333333,0.5555555555555556,0.0,0.3333333333333333,1.0,0.0,0.0,0.0,0.0,0.6666666666666666,0.3333333333333333,0.3333333333333333,0.6666666666666666,0.10915341641598625,0.0
0.7290076335877863,0.3333333333333333,0.0,0.6153846153846154,0.3333333333333333,0.8333333333333333,0.5,0.6666666666666666,0.5,0.0,0.6000000000000001,1.0,0.25,0.6666666666666666,0.6666666666666666,0.3333333333333333,0.6666666666666666,0.3162870648904168,0.0
0.7295528898582334,0.6666666666666666,0.5,0.6923076923076923,0.5,0.8888888888888888,0.0,0.3333333333333333,0.0,0.3333333333333333,0.2,0.3333333333333333,0.0,0.6666666666666666,1.0,0.6666666666666666,0.6666666666666666,0.31471135940409684,0.0
0.7300981461286805,0.3333333333333333,0.5,0.6923076923076923,0.5,0.3333333333333333,0.0,0.3333333333333333,0.0,0.0,0.4,0.3333333333333333,0.16666666666666666,0.0,0.6666666666666666,0.3333333333333333,0.0,0.3225898868356969,0.0
0.7306434023991276,0.6666666666666666,0.0,0.6153846153846154,0.3333333333333333,0.7777777777777777,0.5,0.6666666666666666,0.0,0.3333333333333333,0.0,1.0,0.08333333333333333,1.0,0.6666666666666666,0.6666666666666666,1.0,0.4076779830969775,0.0
0.7311886586695747,1.0,1.0,0.7692307692307693,0.6666666666666666,0.7222222222222221,0.5,1.0,0.5,1.0,0.2,0.6666666666666666,0.3333333333333333,1.0,1.0,1.0,1.0,0.9656209712075633,0.0
0.7317339149400218,0.0,0.5,0.15384615384615385,0.16666666666666666,0.5555555555555556,0.5,1.0,1.0,0.6666666666666666,0.4,0.3333333333333333,0.16666666666666666,0.0,1.0,0.0,0.0,0.7484601060020054,0.0
0.7322791712104689,0.6666666666666666,1.0,0.3076923076923077,0.6666666666666666,0.6666666666666665,0.0,1.0,0.0,0.3333333333333333,0.4,1.0,0.25,0.3333333333333333,0.6666666666666666,0.6666666666666666,0.3333333333333333,0.3957885689729265,0.0
0.732824427480916,0.3333333333333333,0.5,0.8461538461538463,0.16666666666666666,0.7777777777777777,1.0,0.6666666666666666,0.5,0.0,0.0,0.6666666666666666,0.0,0.6666666666666666,0.6666666666666666,0.3333333333333333,0.6666666666666666,0.2988110585875949,0.0
0.7333696837513631,0.3333333333333333,1.0,0.3076923076923077,0.5,0.16666666666666669,1.0,1.0,0.5,0.0,0.8,0.6666666666666666,0.3333333333333333,0.6666666666666666,1.0,0.3333333333333333,0.6666666666666666,0.4187079215012176,0.0
0.7344601962922575,0.3333333333333333,0.5,0.38461538461538464,0.5,0.8333333333333333,1.0,1.0,0.5,0.0,0.6000000000000001,0.6666666666666666,0.25,0.3333333333333333,0.3333333333333333,0.3333333333333333,0.3333333333333333,0.2664374731413838,0.0
0.7350054525627046,0.3333333333333333,1.0,0.6923076923076923,0.5,0.3888888888888889,1.0,0.0,1.0,0.0,0.0,0.6666666666666666,0.08333333333333333,1.0,1.0,0.3333333333333333,1.0,0.3710070190517118,0.0
0.7355507088331517,0.6666666666666666,0.5,0.0,0.3333333333333333,0.9444444444444444,0.5,0.3333333333333333,1.0,0.3333333333333333,0.8,0.0,0.25,0.6666666666666666,0.0,0.6666666666666666,0.6666666666666666,0.44649763644177054,0.0
0.7360959651035988,1.0,0.5,0.8461538461538463,0.8333333333333333,0.3888888888888889,0.0,1.0,0.5,1.0,0.0,0.3333333333333333,0.0,0.3333333333333333,1.0,1.0,0.3333333333333333,0.8156424581005587,0.0
0.7366412213740459,0.6666666666666666,0.0,0.7692307692307693,0.3333333333333333,0.05555555555555555,0.5,0.3333333333333333,0.5,0.3333333333333333,0.6000000000000001,0.6666666666666666,0.25,0.3333333333333333,0.6666666666666666,0.6666666666666666,0.3333333333333333,0.49262283340495633,0.0
0.737186477644493,0.6666666666666666,0.0,0.3076923076923077,0.5,0.8888888888888888,0.5,1.0,0.0,0.3333333333333333,0.2,0.3333333333333333,0.16666666666666666,1.0,0.0,0.6666666666666666,1.0,0.30497063457957313,0.0
0.7377317339149401,0.3333333333333333,0.0,1.0,0.5,0.05555555555555555,0.0,0.6666666666666666,0.5,0.0,0.2,0.6666666666666666,0.0,0.0,0.0,0.3333333333333333,0.0,0.4156997564818794,0.0
0.7382769901853872,0.0,0.5,0.15384615384615385,0.16666666666666666,0.6666666666666665,0.5,1.0,0.0,0.6666666666666666,0.0,0.0,0.16666666666666666,0.6666666666666666,0.6666666666666666,0.0,0.6666666666666666,0.7183784558086234,0.0
0.7388222464558343,0.3333333333333333,0.5,0.6923076923076923,0.16666666666666666,0.8888888888888888,0.5,0.3333333333333333,0.0,0.0,1.0,1.0,0.0,0.6666666666666666,0.0,0.3333333333333333,0.6666666666666666,0.3940696175333047,0.0
0.7393675027262814,0.6666666666666666,1.0,0.7692307692307693,0.3333333333333333,0.6111111111111112,0.5,0.0,1.0,0.3333333333333333,0.8,0.6666666666666666,0.16666666666666666,0.6666666666666666,0.6666666666666666,0.6666666666666666,0.6666666666666666,0.23005300100272166,0.0
0.7404580152671756,0.3333333333333333,0.0,0.0,0.5,0.27777777777777773,0.5,0.6666666666666666,0.0,0.0,0.0,1.0,0.0,0.0,1.0,0.3333333333333333,0.0,0.18321157427302678,0.0
0.7410032715376227,0.6666666666666666,0.0,0.15384615384615385,0.5,0.1111111111111111,1.0,1.0,0.0,0.3333333333333333,0.6000000000000001,1.0,0.08333333333333333,0.3333333333333333,0.3333333333333333,0.6666666666666666,0.3333333333333333,0.21572840567253976,0.0
0.7415485278080698,1.0,0.5,0.5384615384615385,0.5,0.27777777777777773,0.0,0.3333333333333333,0.0,1.0,0.4,1.0,0.16666666666666666,0.3333333333333333,0.0,1.0,0.3333333333333333,0.6762641455378886,0.0
0.7420937840785169,0.6666666666666666,1.0,0.5384615384615385,0.3333333333333333,0.6666666666666665,1.0,1.0,1.0,0.3333333333333333,0.4,0.0,0.3333333333333333,0.0,0.0,0.6666666666666666,0.0,0.5196963185790001,0.0
0.742639040348964,0.6666666666666666,0.0,0.6153846153846154,0.5,0.7222222222222221,0.5,0.6666666666666666,0.0,0.3333333333333333,1.0,1.0,0.0,0.3333333333333333,0.6666666666666666,0.6666666666666666,0.3333333333333333,0.16745451940982667,0.0
0.7431842966194112,0.3333333333333333,0.0,0.6923076923076923,0.5,0.3333333333333333,0.5,1.0,0.0,0.0,1.0,0.3333333333333333,0.3333333333333333,0.6666666666666666,0.3333333333333333,0.3333333333333333,0.6666666666666666,0.3578283913479444,0.0
0.7437295528898583,0.3333333333333333,0.5,0.38461538461538464,0.5,0.16666666666666669,1.0,0.6666666666666666,1.0,0.0,1.0,0.0,0.3333333333333333,0.6666666666666666,0.3333333333333333,0.3333333333333333,0.6666666666666666,0.4187079215012176,0.0
0.7442748091603054,0.3333333333333333,0.5,0.07692307692307693,0.3333333333333333,0.05555555555555555,1.0,0.3333333333333333,0.5,0.0,0.6000000000000001,0.3333333333333333,0.0,0.6666666666666666,0.6666666666666666,0.3333333333333333,0.6666666666666666,0.38418564675547917,0.0
0.7448200654307525,1.0,0.0,0.0,0.6666666666666666,1.0,1.0,0.0,1.0,1.0,0.8,1.0,0.16666666666666666,0.0,0.6666666666666666,1.0,0.0,0.9914052428018908,0.0
0.7453653217011996,0.6666666666666666,1.0,0.07692307692307693,0.5,0.9444444444444444,0.5,0.0,1.0,0.3333333333333333,1.0,0.6666666666666666,0.25,0.3333333333333333,0.0,0.6666666666666666,0.3333333333333333,0.34493625555078067,0.0
0.7464558342420938,0.3333333333333333,0.5,0.7692307692307693,0.16666666666666666,0.7222222222222221,0.5,1.0,0.0,0.0,0.8,0.3333333333333333,0.3333333333333333,0.0,0.6666666666666666,0.3333333333333333,0.0,0.5771379458530297,0.0
0.7470010905125409,0.3333333333333333,0.0,0.15384615384615385,0.5,0.2222222222222222,1.0,0.3333333333333333,0.0,0.0,0.6000000000000001,0.0,0.3333333333333333,0.3333333333333333,0.3333333333333333,0.3333333333333333,0.3333333333333333,0.43947858472998136,0.0
0.747546346782988,0.0,1.0,0.38461538461538464,0.16666666666666666,0.6111111111111112,0.5,0.6666666666666666,0.5,0.6666666666666666,0.6000000000000001,0.3333333333333333,0.3333333333333333,0.3333333333333333,1.0,0.0,0.3333333333333333,0.784558086234064,0.0
0.7480916030534351,0.6666666666666666,0.0,0.15384615384615385,0.3333333333333333,0.6666666666666665,0.0,0.0,0.0,0.3333333333333333,0.0,0.0,0.3333333333333333,0.6666666666666666,1.0,0.6666666666666666,0.6666666666666666,0.44578140667526145,0.0
0.7486368593238822,0.3333333333333333,1.0,0.46153846153846156,0.5,0.27777777777777773,0.5,0.6666666666666666,1.0,0.0,0.0,0.6666666666666666,0.0,0.6666666666666666,0.0,0.3333333333333333,0.6666666666666666,0.16860048703624123,0.0
0.7491821155943293,1.0,0.0,0.8461538461538463,0.5,0.0,0.0,0.6666666666666666,1.0,1.0,0.2,0.6666666666666666,0.16666666666666666,0.6666666666666666,0.6666666666666666,1.0,0.6666666666666666,0.8408537458816789,0.0
0.7497273718647764,0.3333333333333333,0.5,0.07692307692307693,0.5,0.7222222222222221,0.0,1.0,0.0,0.0,0.8,0.0,0.3333333333333333,0.3333333333333333,0.6666666666666666,0.3333333333333333,0.3333333333333333,0.39679129064603924,0.0
0.7502726281352236,0.6666666666666666,1.0,0.38461538461538464,0.5,0.3888888888888889,0.5,0.3333333333333333,0.0,0.3333333333333333,0.6000000000000001,0.6666666666666666,0.3333333333333333,0.3333333333333333,0.6666666666666666,0.6666666666666666,0.3333333333333333,0.4059590316573557,0.0
0.7513631406761178,0.0,1.0,0.23076923076923078,0.16666666666666666,0.6111111111111112,1.0,1.0,0.0,0.6666666666666666,0.6000000000000001,0.3333333333333333,0.3333333333333333,0.6666666666666666,0.3333333333333333,0.0,0.6666666666666666,0.8133505228477296,0.0
0.751908396946565,0.3333333333333333,1.0,0.15384615384615385,0.16666666666666666,0.49999999999999994,0.0,0.0,0.0,0.0,0.0,0.0,0.25,1.0,0.6666666666666666,0.3333333333333333,1.0,0.4655493482309125,0.0
0.7524536532170121,1.0,1.0,0.9230769230769231,0.5,0.7777777777777777,0.0,0.6666666666666666,0.5,1.0,0.8,0.6666666666666666,0.3333333333333333,0.6666666666666666,0.3333333333333333,1.0,0.6666666666666666,0.8909898295373156,0.0
0.7529989094874592,0.3333333333333333,1.0,0.23076923076923078,0.3333333333333333,0.9444444444444444,0.0,1.0,0.0,0.0,1.0,0.6666666666666666,0.16666666666666666,0.6666666666666666,0.0,0.3333333333333333,0.6666666666666666,0.34665520699040253,0.0
0.7535441657579063,0.6666666666666666,1.0,0.15384615384615385,0.3333333333333333,0.8888888888888888,1.0,1.0,1.0,0.3333333333333333,0.8,1.0,0.25,0.6666666666666666,0.3333333333333333,0.6666666666666666,0.6666666666666666,0.4053860478441484,0.0
0.7540894220283534,0.3333333333333333,0.5,0.38461538461538464,0.16666666666666666,0.9444444444444444,0.5,1.0,0.5,0.0,0.4,0.0,0.0,0.3333333333333333,0.3333333333333333,0.3333333333333333,0.3333333333333333,0.3240223463687151,0.0
0.7546346782988005,0.6666666666666666,1.0,0.9230769230769231,0.6666666666666666,0.6111111111111112,0.5,1.0,0.5,0.3333333333333333,0.8,0.3333333333333333,0.16666666666666666,1.0,0.6666666666666666,0.6666666666666666,1.0,0.4403380604497923,0.0
0.7551799345692476,1.0,0.0,0.07692307692307693,1.0,0.6666666666666665,1.0,1.0,0.5,1.0,1.0,0.0,0.16666666666666666,0.0,0.3333333333333333,1.0,0.0,0.9974215728405672,0.0
0.7557251908396947,0.6666666666666666,1.0,0.5384615384615385,0.5,0.9444444444444444,0.0,1.0,1.0,0.3333333333333333,1.0,1.0,0.08333333333333333,0.0,0.6666666666666666,0.6666666666666666,0.0,0.38919925512104286,0.0
0.7562704471101418,0.3333333333333333,0.5,0.38461538461538464,0.3333333333333333,0.1111111111111111,0.0,0.6666666666666666,0.5,0.0,0.0,1.0,0.16666666666666666,0.6666666666666666,0.3333333333333333,0.3333333333333333,0.6666666666666666,0.2922217447357112,0.0
0.757360959651036,0.6666666666666666,0.5,0.38461538461538464,0.6666666666666666,0.16666666666666669,1.0,0.0,0.5,0.3333333333333333,0.6000000000000001,0.6666666666666666,0.25,0.3333333333333333,0.6666666666666666,0.6666666666666666,0.3333333333333333,0.4771522704483599,0.0
0.7579062159214831,0.0,1.0,0.23076923076923078,0.16666666666666666,0.8888888888888888,0.0,1.0,0.0,0.6666666666666666,0.0,0.3333333333333333,0.25,0.3333333333333333,0.3333333333333333,0.0,0.3333333333333333,0.8348374158430024,0.0
0.7584514721919302,0.3333333333333333,0.5,0.15384615384615385,0.16666666666666666,0.16666666666666669,0.5,0.6666666666666666,1.0,0.0,0.8,0.3333333333333333,0.3333333333333333,0.6666666666666666,1.0,0.3333333333333333,0.6666666666666666,0.5560807907176623,0.0
0.7589967284623773,0.3333333333333333,0.5,0.38461538461538464,0.5,0.27777777777777773,1.0,0.3333333333333333,0.5,0.0,0.4,0.3333333333333333,0.3333333333333333,1.0,0.3333333333333333,0.3333333333333333,1.0,0.5838705056582151,0.0
0.7595419847328244,0.6666666666666666,0.5,0.8461538461538463,0.3333333333333333,0.16666666666666669,1.0,1.0,0.5,0.3333333333333333,0.0,0.6666666666666666,0.0,0.6666666666666666,1.0,0.6666666666666666,0.6666666666666666,0.2280475576564962,0.0
0.7600872410032715,0.6666666666666666,1.0,0.5384615384615385,0.5,0.6111111111111112,1.0,0.6666666666666666,1.0,0.3333333333333333,0.6000000000000001,0.0,0.16666666666666666,0.3333333333333333,0.0,0.6666666666666666,0.3333333333333333,0.1415270018621974,0.0
0.7606324972737187,0.3333333333333333,1.0,0.23076923076923078,0.5,0.2222222222222222,1.0,0.3333333333333333,0.5,0.0,0.4,0.6666666666666666,0.08333333333333333,0.0,0.0,0.3333333333333333,0.0,0.24323162870648904,0.0
0.7611777535441658,0.3333333333333333,1.0,0.0,0.16666666666666666,0.6666666666666665,0.0,0.6666666666666666,0.0,0.0,0.4,1.0,0.08333333333333333,1.0,0.0,0.3333333333333333,1.0,0.4073914911903739,0.0
0.76226826608506,0.6666666666666666,1.0,0.46153846153846156,0.6666666666666666,0.5555555555555556,0.5,0.3333333333333333,0.5,0.3333333333333333,1.0,1.0,0.08333333333333333,0.6666666666666666,1.0,0.6666666666666666,0.6666666666666666,0.1803466552069904,0.0
0.7628135223555071,0.3333333333333333,1.0,1.0,0.5,0.9444444444444444,1.0,0.3333333333333333,0.0,0.0,0.6000000000000001,0.3333333333333333,0.0,0.3333333333333333,1.0,0.3333333333333333,0.3333333333333333,0.29408394212863487,0.0
0.7633587786259542,1.0,0.0,0.0,0.8333333333333333,0.7222222222222221,0.0,0.6666666666666666,1.0,1.0,0.2,1.0,0.08333333333333333,0.0,0.3333333333333333,1.0,0.0,0.948431456811345,0.0
0.7639040348964014,0.3333333333333333,0.5,0.6923076923076923,0.3333333333333333,0.4444444444444445,0.5,0.6666666666666666,0.0,0.0,0.8,1.0,0.08333333333333333,0.6666666666666666,0.6666666666666666,0.3333333333333333,0.6666666666666666,0.1176049276607936,0.0
0.7644492911668485,0.3333333333333333,0.0,1.0,0.5,0.6111111111111112,1.0,0.0,1.0,0.0,1.0,1.0,0.25,0.3333333333333333,0.0,0.3333333333333333,0.3333333333333333,0.20140381034235783,0.0
0.7655398037077427,0.6666666666666666,1.0,0.5384615384615385,0.5,0.8888888888888888,0.5,1.0,0.5,0.3333333333333333,0.2,0.3333333333333333,0.08333333333333333,0.3333333333333333,0.6666666666666666,0.6666666666666666,0.3333333333333333,0.22102850594470705,0.0
0.7660850599781898,0.6666666666666666,0.5,0.38461538461538464,0.5,0.27777777777777773,0.5,0.0,0.5,0.3333333333333333,0.0,0.3333333333333333,0.08333333333333333,0.3333333333333333,0.6666666666666666,0.6666666666666666,0.3333333333333333,0.1176049276607936,0.0
0.7666303162486369,0.3333333333333333,0.0,0.9230769230769231,0.16666666666666666,0.6666666666666665,1.0,0.0,0.5,0.0,0.0,0.0,0.25,0.3333333333333333,0.0,0.3333333333333333,0.3333333333333333,0.31643031084371864,0.0
0.767175572519084,0.3333333333333333,0.0,0.07692307692307693,0.3333333333333333,0.5555555555555556,0.5,1.0,0.5,0.0,0.4,0.0,0.0,1.0,1.0,0.3333333333333333,1.0,0.2774674115456239,0.0
0.7677208287895311,0.6666666666666666,1.0,0.9230769230769231,0.5,0.9444444444444444,0.5,1.0,1.0,0.3333333333333333,0.2,1.0,0.08333333333333333,0.0,0.6666666666666666,0.6666666666666666,0.0,0.38919925512104286,0.0
0.7682660850599782,0.6666666666666666,0.0,0.38461538461538464,0.6666666666666666,0.2222222222222222,0.5,1.0,1.0,0.3333333333333333,0.4,0.0,0.08333333333333333,1.0,1.0,0.6666666666666666,1.0,0.5042257556224037,0.0
0.7688113413304254,0.3333333333333333,0.5,0.0,0.3333333333333333,0.6111111111111112,0.5,1.0,0.0,0.0,0.6000000000000001,0.6666666666666666,0.08333333333333333,0.3333333333333333,1.0,0.3333333333333333,0.3333333333333333,0.02363558229480017,0.0
0.7693565976008725,0.3333333333333333,0.5,0.0,0.3333333333333333,0.7222222222222221,1.0,0.6666666666666666,0.0,0.0,0.4,0.6666666666666666,0.3333333333333333,1.0,1.0,0.3333333333333333,1.0,0.5522131499785131,0.0
0.7704471101417667,0.6666666666666666,0.0,0.15384615384615385,0.6666666666666666,0.3888888888888889,1.0,0.6666666666666666,0.0,0.3333333333333333,1.0,0.3333333333333333,0.0,0.6666666666666666,0.3333333333333333,0.6666666666666666,0.6666666666666666,0.28205128205128205,0.0
0.7709923664122138,0.3333333333333333,1.0,0.7692307692307693,0.5,0.8333333333333333,1.0,0.0,1.0,0.0,0.6000000000000001,0.6666666666666666,0.0,0.6666666666666666,0.3333333333333333,0.3333333333333333,0.6666666666666666,0.29752184500787854,0.0
0.7715376226826609,0.3333333333333333,1.0,1.0,0.5,0.8888888888888888,1.0,0.6666666666666666,1.0,0.0,1.0,0.0,0.16666666666666666,0.6666666666666666,0.0,0.3333333333333333,0.6666666666666666,0.23979372582724537,0.0
0.772082878953108,0.0,0.5,1.0,0.0,0.2222222222222222,0.0,0.6666666666666666,1.0,0.6666666666666666,0.4,0.0,0.0,0.0,0.6666666666666666,0.0,0.0,0.9240796447500359,0.0
0.7726281352235551,0.6666666666666666,0.5,0.6923076923076923,0.3333333333333333,1.0,0.0,0.3333333333333333,0.0,0.3333333333333333,0.2,0.0,0.0,0.3333333333333333,0.3333333333333333,0.6666666666666666,0.3333333333333333,0.5116745451940983,0.0
0.7731733914940022,0.6666666666666666,0.5,1.0,0.6666666666666666,0.49999999999999994,0.5,0.6666666666666666,0.0,0.3333333333333333,0.8,0.0,0.25,0.0,0.0,0.6666666666666666,0.0,0.4851740438332617,0.0
0.7737186477644493,0.3333333333333333,0.0,0.8461538461538463,0.16666666666666666,0.2222222222222222,0.0,0.6666666666666666,1.0,0.0,1.0,1.0,0.08333333333333333,0.3333333333333333,0.3333333333333333,0.3333333333333333,0.3333333333333333,0.21057155135367425,0.0
0.7742639040348964,0.6666666666666666,0.5,0.6153846153846154,0.6666666666666666,0.9444444444444444,0.5,1.0,0.5,0.3333333333333333,0.2,0.6666666666666666,0.16666666666666666,0.0,0.6666666666666666,0.6666666666666666,0.0,0.5976221171751898,0.0
0.7748091603053435,1.0,0.0,0.15384615384615385,0.5,0.16666666666666669,0.0,0.3333333333333333,0.0,1.0,0.2,0.0,0.25,0.3333333333333333,0.6666666666666666,1.0,0.3333333333333333,0.6935969058874087,0.0
0.7764449291166848,0.3333333333333333,0.5,0.0,0.5,0.5555555555555556,1.0,0.3333333333333333,0.5,0.0,0.4,0.0,0.16666666666666666,0.3333333333333333,1.0,0.3333333333333333,0.3333333333333333,0.10843718664947716,0.0
0.7769901853871319,0.3333333333333333,1.0,0.6153846153846154,0.5,0.8888888888888888,0.5,0.0,1.0,0.0,0.0,0.0,0.08333333333333333,1.0,0.3333333333333333,0.3333333333333333,1.0,0.3783125626701046,0.0
0.7775354416575792,0.6666666666666666,0.5,0.15384615384615385,0.3333333333333333,0.5555555555555556,1.0,1.0,0.0,0.3333333333333333,0.6000000000000001,0.0,0.16666666666666666,0.0,0.3333333333333333,0.6666666666666666,0.0,0.34250107434464977,0.0
0.7780806979280263,0.3333333333333333,0.5,0.3076923076923077,0.3333333333333333,0.5555555555555556,0.5,0.6666666666666666,0.0,0.0,0.2,0.6666666666666666,0.0,1.0,0.3333333333333333,0.3333333333333333,1.0,0.2774674115456239,0.0
0.7786259541984734,0.6666666666666666,0.0,0.8461538461538463,0.6666666666666666,0.5555555555555556,0.5,1.0,1.0,0.3333333333333333,0.0,1.0,0.16666666666666666,1.0,0.0,0.6666666666666666,1.0,0.41154562383612664,0.0
0.7791712104689205,1.0,1.0,1.0,0.8333333333333333,0.8333333333333333,1.0,0.3333333333333333,0.0,1.0,0.2,0.0,0.16666666666666666,0.0,1.0,1.0,0.0,0.9250823664231486,0.0
0.7797164667393676,0.6666666666666666,0.0,1.0,0.5,0.4444444444444445,0.0,0.0,0.5,0.3333333333333333,0.6000000000000001,0.3333333333333333,0.0,0.6666666666666666,0.6666666666666666,0.6666666666666666,0.6666666666666666,0.160865205557943,0.0
0.7802617230098147,0.6666666666666666,0.0,0.3076923076923077,0.6666666666666666,0.16666666666666669,0.0,0.0,0.5,0.3333333333333333,0.8,0.0,0.08333333333333333,0.6666666666666666,0.3333333333333333,0.6666666666666666,0.6666666666666666,0.2718808193668529,0.0
0.7808069792802618,0.6666666666666666,0.5,0.15384615384615385,0.6666666666666666,0.27777777777777773,0.5,1.0,0.0,0.3333333333333333,0.2,0.3333333333333333,0.0,0.6666666666666666,0.0,0.6666666666666666,0.6666666666666666,0.30525712648617676,0.0
0.7813522355507089,0.6666666666666666,0.5,0.9230769230769231,0.3333333333333333,0.7222222222222221,0.0,0.3333333333333333,0.0,0.3333333333333333,0.8,0.3333333333333333,0.16666666666666666,0.3333333333333333,0.0,0.6666666666666666,0.3333333333333333,0.2509669101847873,0.0
0.7824427480916031,0.6666666666666666,0.0,0.15384615384615385,0.5,0.7222222222222221,1.0,1.0,0.5,0.3333333333333333,0.0,1.0,0.3333333333333333,0.0,1.0,0.6666666666666666,0.0,0.45323019624695604,0.0
0.7829880043620502,0.3333333333333333,0.5,0.7692307692307693,0.5,0.0,0.0,0.3333333333333333,1.0,0.0,0.4,0.3333333333333333,0.25,0.6666666666666666,1.0,0.3333333333333333,0.6666666666666666,0.4860335195530726,0.0
0.7835332606324973,0.3333333333333333,0.5,0.46153846153846156,0.5,0.1111111111111111,1.0,1.0,0.5,0.0,0.0,1.0,0.25,0.3333333333333333,0.0,0.3333333333333333,0.3333333333333333,0.36484744305973354,0.0
0.7840785169029444,0.3333333333333333,0.5,0.23076923076923078,0.3333333333333333,0.16666666666666669,1.0,0.0,0.5,0.0,0.2,1.0,0.3333333333333333,1.0,0.3333333333333333,0.3333333333333333,1.0,0.6391634436327174,0.0
0.7846237731733915,0.3333333333333333,0.0,0.3076923076923077,0.16666666666666666,0.6666666666666665,1.0,0.6666666666666666,0.5,0.0,0.2,1.0,0.08333333333333333,0.3333333333333333,1.0,0.3333333333333333,0.3333333333333333,0.1488325454805902,0.0
0.7851690294438386,0.3333333333333333,0.5,0.6153846153846154,0.3333333333333333,0.05555555555555555,0.0,0.6666666666666666,1.0,0.0,0.8,1.0,0.3333333333333333,0.6666666666666666,0.0,0.3333333333333333,0.6666666666666666,0.5328749462827675,0.0
0.7857142857142857,0.6666666666666666,0.0,0.6923076923076923,0.3333333333333333,0.6111111111111112,0.5,1.0,0.0,0.3333333333333333,0.6000000000000001,0.3333333333333333,0.3333333333333333,1.0,0.6666666666666666,0.6666666666666666,1.0,0.5708351239077496,0.0
0.7862595419847329,0.3333333333333333,1.0,0.0,0.5,0.8888888888888888,0.0,0.6666666666666666,0.0,0.0,1.0,1.0,0.0,0.3333333333333333,0.3333333333333333,0.3333333333333333,0.3333333333333333,0.24781549921214727,0.0
0.78680479825518,0.3333333333333333,1.0,0.38461538461538464,0.16666666666666666,0.6666666666666665,0.0,1.0,0.5,0.0,0.6000000000000001,1.0,0.08333333333333333,0.3333333333333333,0.6666666666666666,0.3333333333333333,0.3333333333333333,0.1488325454805902,0.0
0.7873500545256271,0.6666666666666666,0.0,0.3076923076923077,0.5,0.0,0.0,0.3333333333333333,1.0,0.3333333333333333,0.6000000000000001,1.0,0.0,0.0,0.6666666666666666,0.6666666666666666,0.0,0.3389199255121043,0.0
0.7884405670665213,0.6666666666666666,0.0,0.9230769230769231,0.6666666666666666,0.8333333333333333,0.0,1.0,0.0,0.3333333333333333,0.0,0.3333333333333333,0.0,0.0,0.6666666666666666,0.6666666666666666,0.0,0.4308838275318722,0.0
0.7889858233369684,0.3333333333333333,0.5,0.9230769230769231,0.5,1.0,0.0,1.0,1.0,0.0,0.0,1.0,0.25,0.3333333333333333,0.6666666666666666,0.3333333333333333,0.3333333333333333,0.49348230912476726,0.0
0.7895310796074155,0.6666666666666666,1.0,0.0,0.5,0.3888888888888889,0.5,0.3333333333333333,1.0,0.3333333333333333,0.8,0.3333333333333333,0.08333333333333333,0.6666666666666666,0.3333333333333333,0.6666666666666666,0.6666666666666666,0.07720956882968055,0.0
0.7900763358778626,0.6666666666666666,0.5,0.5384615384615385,0.3333333333333333,0.3888888888888889,0.0,0.6666666666666666,1.0,0.3333333333333333,0.2,0.0,0.25,0.0,0.3333333333333333,0.6666666666666666,0.0,0.40524280189084655,0.0
0.7906215921483097,0.6666666666666666,1.0,0.38461538461538464,0.6666666666666666,0.1111111111111111,0.0,0.0,0.0,0.3333333333333333,0.4,0.6666666666666666,0.0,1.0,0.6666666666666666,0.6666666666666666,1.0,0.7115026500501361,0.0
0.7911668484187568,0.6666666666666666,0.5,0.46153846153846156,0.5,0.7222222222222221,0.0,0.3333333333333333,0.5,0.3333333333333333,0.8,0.6666666666666666,0.0,0.0,0.0,0.6666666666666666,0.0,0.16373012462397937,0.0
0.7917121046892039,0.6666666666666666,1.0,0.9230769230769231,0.3333333333333333,0.5555555555555556,0.0,0.0,1.0,0.3333333333333333,0.4,0.6666666666666666,0.0,0.3333333333333333,0.3333333333333333,0.6666666666666666,0.3333333333333333,0.09010170462684429,0.0
0.792257360959651,1.0,1.0,0.9230769230769231,1.0,0.49999999999999994,0.0,0.0,1.0,1.0,0.6000000000000001,1.0,0.0,0.0,0.0,1.0,0.0,0.9561667382896433,0.0
0.7928026172300982,0.6666666666666666,1.0,0.38461538461538464,0.6666666666666666,0.7777777777777777,1.0,0.3333333333333333,0.5,0.3333333333333333,0.8,0.3333333333333333,0.16666666666666666,0.0,0.6666666666666666,0.6666666666666666,0.0,0.4251539893997995,0.0
0.7933478735005453,0.3333333333333333,0.5,0.38461538461538464,0.3333333333333333,0.8333333333333333,1.0,0.6666666666666666,1.0,0.0,0.6000000000000001,0.0,0.3333333333333333,0.3333333333333333,0.3333333333333333,0.3333333333333333,0.3333333333333333,0.534020913909182,0.0
0.7944383860414395,0.6666666666666666,0.0,0.9230769230769231,0.3333333333333333,0.2222222222222222,0.0,0.3333333333333333,0.5,0.3333333333333333,0.2,0.6666666666666666,0.25,0.6666666666666666,0.3333333333333333,0.6666666666666666,0.6666666666666666,0.2674401948144965,0.0
0.7949836423118867,0.3333333333333333,0.5,0.9230769230769231,0.16666666666666666,0.5555555555555556,0.0,1.0,1.0,0.0,0.4,0.0,0.0,1.0,1.0,0.3333333333333333,1.0,0.33677123621257704,0.0
0.7955288985823338,0.3333333333333333,0.0,0.15384615384615385,0.16666666666666666,1.0,1.0,0.3333333333333333,1.0,0.0,0.6000000000000001,0.6666666666666666,0.3333333333333333,0.0,0.0,0.3333333333333333,0.0,0.9210714797306976,0.0
0.7960741548527809,0.6666666666666666,0.5,0.23076923076923078,0.3333333333333333,0.4444444444444445,0.5,1.0,0.5,0.3333333333333333,0.6000000000000001,0.0,0.08333333333333333,0.0,0.0,0.6666666666666666,0.0,0.24724251539894002,0.0
0.796619411123228,0.3333333333333333,0.5,0.07692307692307693,0.5,1.0,0.0,0.0,1.0,0.0,0.2,0.0,0.16666666666666666,1.0,0.6666666666666666,0.3333333333333333,1.0,0.5439048846870076,0.0
0.7971646673936751,0.6666666666666666,1.0,0.6153846153846154,0.5,0.1111111111111111,0.5,0.0,0.5,0.3333333333333333,0.8,0.6666666666666666,0.25,0.0,0.3333333333333333,0.6666666666666666,0.0,0.4308838275318722,0.0
0.7977099236641222,0.3333333333333333,0.5,0.0,0.3333333333333333,0.8333333333333333,1.0,0.3333333333333333,0.5,0.0,0.0,0.6666666666666666,0.16666666666666666,0.3333333333333333,0.3333333333333333,0.3333333333333333,0.3333333333333333,0.19080360979802322,0.0
0.7982551799345693,0.0,0.0,0.23076923076923078,0.0,0.7222222222222221,1.0,1.0,0.0,0.6666666666666666,0.4,0.3333333333333333,0.16666666666666666,0.6666666666666666,0.6666666666666666,0.0,0.6666666666666666,0.902592751754763,0.0
0.7988004362050164,0.0,1.0,0.46153846153846156,0.0,0.7777777777777777,0.5,0.0,1.0,0.6666666666666666,0.2,0.3333333333333333,0.25,0.6666666666666666,0.0,0.0,0.6666666666666666,0.9000143245953302,0.0
0.7993456924754635,0.6666666666666666,0.5,0.6923076923076923,0.3333333333333333,0.8888888888888888,1.0,0.6666666666666666,1.0,0.3333333333333333,0.8,0.0,0.08333333333333333,0.3333333333333333,1.0,0.6666666666666666,0.3333333333333333,0.2946569259418422,0.0
0.8004362050163577,0.3333333333333333,0.5,0.38461538461538464,0.3333333333333333,0.6666666666666665,1.0,1.0,1.0,0.0,0.2,0.0,0.25,0.0,0.3333333333333333,0.3333333333333333,0.0,0.30668958601919494,0.0
0.8009814612868048,0.6666666666666666,0.5,0.5384615384615385,0.5,0.49999999999999994,0.0,0.3333333333333333,1.0,0.3333333333333333,0.2,0.6666666666666666,0.08333333333333333,0.6666666666666666,0.0,0.6666666666666666,0.6666666666666666,0.07047700902449505,0.0
0.8015267175572519,0.3333333333333333,1.0,0.7692307692307693,0.3333333333333333,0.8333333333333333,1.0,0.3333333333333333,1.0,0.0,1.0,0.0,0.25,0.3333333333333333,0.6666666666666666,0.3333333333333333,0.3333333333333333,0.2852026930239221,0.0
0.802071973827699,0.3333333333333333,0.0,0.9230769230769231,0.3333333333333333,0.7222222222222221,1.0,0.3333333333333333,0.5,0.0,0.0,0.0,0.25,1.0,0.3333333333333333,0.3333333333333333,1.0,0.3750179057441627,0.0
0.8026172300981461,0.0,0.0,0.07692307692307693,0.16666666666666666,0.7777777777777777,1.0,1.0,1.0,0.6666666666666666,0.8,0.3333333333333333,0.25,0.6666666666666666,0.3333333333333333,0.0,0.6666666666666666,0.75275748460106,0.0
0.8031624863685933,0.3333333333333333,1.0,0.38461538461538464,0.3333333333333333,0.8333333333333333,1.0,0.3333333333333333,1.0,0.0,0.6000000000000001,1.0,0.25,1.0,0.6666666666666666,0.3333333333333333,1.0,0.3919209282337774,0.0
0.8037077426390404,0.3333333333333333,0.0,0.9230769230769231,0.3333333333333333,0.05555555555555555,0.5,0.0,0.5,0.0,0.0,0.3333333333333333,0.0,0.0,0.0,0.3333333333333333,0.0,0.37301246239793723,0.0
0.8042529989094875,0.3333333333333333,0.5,1.0,0.5,0.5555555555555556,0.5,0.0,1.0,0.0,0.4,0.3333333333333333,0.25,0.6666666666666666,0.0,0.3333333333333333,0.6666666666666666,0.1952442343503796,0.0
0.8047982551799346,0.6666666666666666,1.0,0.0,0.5,0.16666666666666669,0.5,1.0,0.5,0.3333333333333333,1.0,1.0,0.0,0.0,0.6666666666666666,0.6666666666666666,0.0,0.10385331614381894,0.0
0.8058887677208288,1.0,0.5,0.15384615384615385,0.6666666666666666,0.7222222222222221,0.5,0.3333333333333333,0.5,1.0,0.4,0.6666666666666666,0.25,1.0,0.6666666666666666,1.0,1.0,0.8518836842859189,0.0
0.806434023991276,0.6666666666666666,1.0,0.15384615384615385,0.6666666666666666,0.3333333333333333,0.0,0.0,0.0,0.3333333333333333,0.6000000000000001,0.0,0.3333333333333333,0.0,1.0,0.6666666666666666,0.0,0.6559232201690303,0.0
0.806979280261723,0.6666666666666666,0.0,0.9230769230769231,0.5,0.9444444444444444,1.0,1.0,0.0,0.3333333333333333,0.8,1.0,0.08333333333333333,1.0,0.6666666666666666,0.6666666666666666,1.0,0.4447786850021487,0.0
0.8075245365321702,0.3333333333333333,0.0,0.6923076923076923,0.5,0.6111111111111112,0.5,1.0,0.0,0.0,1.0,0.6666666666666666,0.16666666666666666,0.6666666666666666,0.3333333333333333,0.3333333333333333,0.6666666666666666,0.14868929952728838,0.0
0.8080697928026173,0.0,1.0,0.15384615384615385,0.0,0.5555555555555556,1.0,0.0,0.5,0.6666666666666666,0.4,1.0,0.16666666666666666,0.6666666666666666,0.3333333333333333,0.0,0.6666666666666666,0.8994413407821229,0.0
0.8086150490730644,0.6666666666666666,0.5,0.7692307692307693,0.5,0.3333333333333333,0.5,0.6666666666666666,0.0,0.3333333333333333,0.4,1.0,0.3333333333333333,0.0,1.0,0.6666666666666666,0.0,0.5066609368285345,0.0
0.8091603053435115,0.3333333333333333,1.0,0.15384615384615385,0.3333333333333333,0.7777777777777777,1.0,0.6666666666666666,0.5,0.0,1.0,1.0,0.3333333333333333,1.0,0.0,0.3333333333333333,1.0,0.5874516544907606,0.0
0.8097055616139586,0.3333333333333333,0.0,0.3076923076923077,0.16666666666666666,0.16666666666666669,0.5,0.0,0.5,0.0,0.4,0.0,0.25,1.0,0.0,0.3333333333333333,1.0,0.5742730267869933,0.0
0.8102508178844057,0.0,0.0,0.15384615384615385,0.16666666666666666,0.7777777777777777,1.0,1.0,0.0,0.6666666666666666,0.4,0.3333333333333333,0.08333333333333333,0.6666666666666666,0.6666666666666666,0.0,0.6666666666666666,0.6652342071336484,0.0
0.8113413304252999,0.3333333333333333,1.0,0.6923076923076923,0.5,0.7222222222222221,0.0,0.6666666666666666,0.0,0.0,0.8,0.3333333333333333,0.16666666666666666,1.0,0.0,0.3333333333333333,1.0,0.3041111588597622,0.0
0.8118865866957471,0.0,0.5,0.38461538461538464,0.16666666666666666,0.7222222222222221,0.5,0.6666666666666666,1.0,0.6666666666666666,0.6000000000000001,0.3333333333333333,0.25,1.0,0.0,0.0,1.0,0.9438475863056869,0.0
0.8124318429661942,0.3333333333333333,0.0,0.15384615384615385,0.5,0.16666666666666669,1.0,0.6666666666666666,0.5,0.0,0.0,0.0,0.16666666666666666,1.0,0.3333333333333333,0.3333333333333333,1.0,0.40481306403094114,0.0
0.8129770992366413,0.3333333333333333,0.5,0.9230769230769231,0.3333333333333333,0.9444444444444444,0.0,0.3333333333333333,1.0,0.0,0.8,0.0,0.16666666666666666,1.0,1.0,0.3333333333333333,1.0,0.46784128348374154,0.0
0.8135223555070884,0.3333333333333333,0.5,0.46153846153846156,0.3333333333333333,0.9444444444444444,0.5,0.3333333333333333,0.5,0.0,0.0,0.0,0.08333333333333333,0.6666666666666666,0.3333333333333333,0.3333333333333333,0.6666666666666666,0.32087093539607503,0.0
0.8140676117775355,0.3333333333333333,1.0,0.07692307692307693,0.3333333333333333,0.0,1.0,0.0,0.0,0.0,0.2,0.0,0.16666666666666666,0.6666666666666666,0.0,0.3333333333333333,0.6666666666666666,0.4843145681134508,0.0
0.8146128680479826,0.3333333333333333,0.5,0.23076923076923078,0.3333333333333333,0.6666666666666665,1.0,0.3333333333333333,0.0,0.0,1.0,0.0,0.25,0.0,0.3333333333333333,0.3333333333333333,0.0,0.30668958601919494,0.0
0.8151581243184297,0.3333333333333333,1.0,0.15384615384615385,0.3333333333333333,0.5555555555555556,0.0,0.3333333333333333,0.0,0.0,0.8,1.0,0.08333333333333333,0.6666666666666666,1.0,0.3333333333333333,0.6666666666666666,0.0714797306976078,0.0
0.8157033805888768,0.3333333333333333,1.0,0.0,0.3333333333333333,0.7777777777777777,0.0,1.0,1.0,0.0,0.2,0.6666666666666666,0.08333333333333333,0.0,0.3333333333333333,0.3333333333333333,0.0,0.2627130783555365,0.0
0.816793893129771,0.3333333333333333,0.5,0.0,0.16666666666666666,0.49999999999999994,0.0,1.0,1.0,0.0,0.6000000000000001,0.6666666666666666,0.3333333333333333,0.6666666666666666,1.0,0.3333333333333333,0.6666666666666666,0.4704197106431744,0.0
0.8173391494002181,0.3333333333333333,1.0,0.07692307692307693,0.5,0.2222222222222222,0.0,0.3333333333333333,1.0,0.0,0.6000000000000001,1.0,0.08333333333333333,0.6666666666666666,0.0,0.3333333333333333,0.6666666666666666,0.13508093396361553,0.0
0.8178844056706652,0.6666666666666666,0.5,0.38461538461538464,0.5,0.27777777777777773,1.0,1.0,0.5,0.3333333333333333,0.8,0.3333333333333333,0.16666666666666666,0.3333333333333333,1.0,0.6666666666666666,0.3333333333333333,0.21601489757914338,0.0
0.8184296619411123,0.3333333333333333,0.0,0.3076923076923077,0.16666666666666666,0.7777777777777777,1.0,0.6666666666666666,0.0,0.0,0.2,0.3333333333333333,0.0,0.6666666666666666,0.6666666666666666,0.3333333333333333,0.6666666666666666,0.2988110585875949,0.0
0.8189749182115594,0.6666666666666666,0.5,0.07692307692307693,0.6666666666666666,0.8888888888888888,1.0,0.6666666666666666,0.5,0.3333333333333333,0.4,0.3333333333333333,0.25,0.0,0.0,0.6666666666666666,0.0,0.5739865348803896,0.0
0.8195201744820065,0.6666666666666666,1.0,0.6153846153846154,0.5,0.6111111111111112,0.5,0.3333333333333333,0.0,0.3333333333333333,0.0,0.0,0.16666666666666666,1.0,0.3333333333333333,0.6666666666666666,1.0,0.24394785847299816,0.0
0.8200654307524536,0.3333333333333333,0.5,0.9230769230769231,0.5,0.4444444444444445,0.0,1.0,1.0,0.0,1.0,0.3333333333333333,0.16666666666666666,0.6666666666666666,0.6666666666666666,0.3333333333333333,0.6666666666666666,0.17404383326171036,0.0
0.8206106870229009,0.3333333333333333,0.0,0.07692307692307693,0.16666666666666666,0.1111111111111111,1.0,1.0,0.5,0.0,0.8,0.0,0.0,0.0,0.0,0.3333333333333333,0.0,0.36670964045265725,0.0
0.821155943293348,0.3333333333333333,0.5,0.6153846153846154,0.16666666666666666,0.27777777777777773,1.0,1.0,0.0,0.0,0.6000000000000001,1.0,0.0,0.6666666666666666,0.0,0.3333333333333333,0.6666666666666666,0.2703051138805329,0.0
0.8222464558342422,0.6666666666666666,0.0,0.38461538461538464,0.3333333333333333,0.7222222222222221,1.0,1.0,1.0,0.3333333333333333,0.0,0.3333333333333333,0.25,0.0,0.6666666666666666,0.6666666666666666,0.0,0.3622690159003008,0.0
0.8227917121046893,0.3333333333333333,0.5,0.8461538461538463,0.3333333333333333,0.0,0.5,0.0,1.0,0.0,0.2,0.0,0.3333333333333333,1.0,0.3333333333333333,0.3333333333333333,1.0,0.88110585875949,0.0
0.8233369683751364,1.0,1.0,0.38461538461538464,0.5,0.7222222222222221,1.0,0.3333333333333333,0.0,1.0,1.0,0.0,0.25,0.3333333333333333,1.0,1.0,0.3333333333333333,0.7173757341355107,0.0
0.8238822246455835,0.3333333333333333,0.0,0.6923076923076923,0.5,0.7222222222222221,1.0,0.3333333333333333,0.5,0.0,1.0,0.3333333333333333,0.16666666666666666,0.0,1.0,0.3333333333333333,0.0,0.36785560807907175,0.0
0.8244274809160306,0.3333333333333333,1.0,0.6923076923076923,0.5,1.0,0.5,0.3333333333333333,1.0,0.0,0.2,0.0,0.3333333333333333,0.0,0.6666666666666666,0.3333333333333333,0.0,0.8397077782552642,0.0
0.8249727371864777,0.6666666666666666,0.5,0.6923076923076923,0.3333333333333333,0.8888888888888888,1.0,1.0,1.0,0.3333333333333333,0.2,1.0,0.25,1.0,0.6666666666666666,0.6666666666666666,1.0,0.5039392637158,0.0
0.8255179934569248,0.6666666666666666,0.0,0.5384615384615385,0.6666666666666666,0.0,0.5,0.3333333333333333,0.5,0.3333333333333333,1.0,0.6666666666666666,0.16666666666666666,0.6666666666666666,1.0,0.6666666666666666,0.6666666666666666,0.551496920212004,0.0
0.8260632497273719,0.3333333333333333,0.5,1.0,0.3333333333333333,0.49999999999999994,1.0,0.6666666666666666,1.0,0.0,0.0,0.6666666666666666,0.3333333333333333,1.0,0.3333333333333333,0.3333333333333333,1.0,0.4919066036384473,0.0
0.826608505997819,0.3333333333333333,0.5,0.5384615384615385,0.16666666666666666,0.8333333333333333,0.5,1.0,0.5,0.0,0.0,0.0,0.08333333333333333,0.0,0.0,0.3333333333333333,0.0,0.40108866924509384,0.0
0.8271537622682661,0.3333333333333333,1.0,0.9230769230769231,0.5,0.27777777777777773,1.0,0.3333333333333333,0.5,0.0,1.0,0.6666666666666666,0.25,0.3333333333333333,0.3333333333333333,0.3333333333333333,0.3333333333333333,0.25913192952299097,0.0
0.8282442748091603,0.6666666666666666,0.0,0.3076923076923077,0.3333333333333333,0.3888888888888889,1.0,0.6666666666666666,0.5,0.3333333333333333,0.0,0.6666666666666666,0.0,0.3333333333333333,0.3333333333333333,0.6666666666666666,0.3333333333333333,0.0902449505801461,0.0
0.8287895310796074,0.3333333333333333,0.5,0.9230769230769231,0.16666666666666666,0.3333333333333333,0.5,0.3333333333333333,0.0,0.0,0.8,0.6666666666666666,0.16666666666666666,0.6666666666666666,1.0,0.3333333333333333,0.6666666666666666,0.3245953301819224,0.0
0.8293347873500546,1.0,0.5,1.0,0.5,0.3888888888888889,0.0,0.6666666666666666,0.5,1.0,0.8,0.0,0.08333333333333333,0.6666666666666666,0.3333333333333333,1.0,0.6666666666666666,0.5744162727402952,0.0
0.8298800436205017,0.6666666666666666,1.0,1.0,0.5,0.16666666666666669,1.0,0.3333333333333333,0.5,0.3333333333333333,1.0,0.3333333333333333,0.25,0.0,0.6666666666666666,0.6666666666666666,0.0,0.3871938117748174,0.0
0.8304252998909488,0.6666666666666666,0.5,0.9230769230769231,0.5,0.9444444444444444,0.0,1.0,0.0,0.3333333333333333,0.4,0.6666666666666666,0.25,0.3333333333333333,1.0,0.6666666666666666,0.3333333333333333,0.34493625555078067,0.0
0.8309705561613959,0.6666666666666666,0.5,1.0,0.5,1.0,0.5,1.0,0.0,0.3333333333333333,0.8,0.3333333333333333,0.3333333333333333,0.6666666666666666,0.3333333333333333,0.6666666666666666,0.6666666666666666,0.6063601203266008,0.0
0.831515812431843,0.3333333333333333,0.5,0.38461538461538464,0.16666666666666666,0.0,1.0,1.0,0.5,0.0,0.4,1.0,0.3333333333333333,1.0,0.0,0.3333333333333333,1.0,0.9939836699613236,0.0
0.8320610687022901,0.3333333333333333,0.5,0.3076923076923077,0.3333333333333333,0.4444444444444445,0.5,1.0,0.5,0.0,0.2,0.0,0.3333333333333333,0.0,0.3333333333333333,0.3333333333333333,0.0,0.4483598338346942,0.0
0.8326063249727372,0.3333333333333333,0.5,0.3076923076923077,0.5,0.27777777777777773,1.0,1.0,0.0,0.0,0.8,0.6666666666666666,0.16666666666666666,0.6666666666666666,0.3333333333333333,0.3333333333333333,0.6666666666666666,0.16487609225039393,0.0
0.8342420937840785,0.3333333333333333,0.0,0.7692307692307693,0.16666666666666666,0.1111111111111111,0.5,0.0,0.0,0.0,0.4,0.3333333333333333,0.08333333333333333,1.0,0.3333333333333333,0.3333333333333333,1.0,0.6225469130497063,0.0
0.8347873500545256,0.3333333333333333,1.0,0.6923076923076923,0.5,0.7777777777777777,0.5,0.0,1.0,0.0,0.2,0.6666666666666666,0.0,0.6666666666666666,0.6666666666666666,0.3333333333333333,0.6666666666666666,0.2516831399512964,0.0
0.8353326063249727,0.3333333333333333,1.0,0.6923076923076923,0.16666666666666666,0.4444444444444445,0.5,0.3333333333333333,1.0,0.0,0.2,0.6666666666666666,0.25,0.3333333333333333,0.0,0.3333333333333333,0.3333333333333333,0.32774674115456237,0.0
0.8358778625954199,0.6666666666666666,0.0,0.0,0.6666666666666666,0.8888888888888888,0.0,0.6666666666666666,1.0,0.3333333333333333,0.0,0.3333333333333333,0.25,0.6666666666666666,0.0,0.6666666666666666,0.6666666666666666,0.4338919925512104,0.0
0.836423118865867,1.0,1.0,0.38461538461538464,0.6666666666666666,0.7777777777777777,1.0,0.6666666666666666,1.0,1.0,0.4,1.0,0.25,0.6666666666666666,0.3333333333333333,1.0,0.6666666666666666,0.740008594757198,0.0
0.8369683751363141,0.6666666666666666,0.0,0.07692307692307693,0.6666666666666666,0.6111111111111112,0.0,1.0,0.0,0.3333333333333333,0.6000000000000001,0.3333333333333333,0.3333333333333333,0.0,1.0,0.6666666666666666,0.0,0.6128061882251826,0.0
0.8375136314067613,0.6666666666666666,1.0,0.38461538461538464,0.5,0.49999999999999994,0.0,0.0,0.5,0.3333333333333333,1.0,1.0,0.25,1.0,0.3333333333333333,0.6666666666666666,1.0,0.2660077352814783,0.0
0.8380588876772084,0.3333333333333333,0.5,0.5384615384615385,0.5,0.2222222222222222,0.0,0.3333333333333333,0.5,0.0,0.2,0.3333333333333333,0.08333333333333333,1.0,0.0,0.3333333333333333,1.0,0.3649906890130354,0.0
0.8386041439476555,0.3333333333333333,0.0,0.8461538461538463,0.3333333333333333,0.3333333333333333,0.0,0.0,0.0,0.0,0.6000000000000001,0.6666666666666666,0.0,1.0,0.0,0.3333333333333333,1.0,0.3781693167168027,0.0
0.8391494002181026,1.0,1.0,0.07692307692307693,0.6666666666666666,0.8888888888888888,0.0,0.6666666666666666,0.5,1.0,0.2,0.0,0.3333333333333333,0.6666666666666666,0.0,1.0,0.6666666666666666,0.8836842859189228,0.0
0.8396946564885497,0.3333333333333333,1.0,0.8461538461538463,0.3333333333333333,0.7777777777777777,0.0,0.3333333333333333,1.0,0.0,0.4,0.0,0.08333333333333333,0.0,1.0,0.3333333333333333,0.0,0.2627130783555365,0.0
0.8402399127589968,0.3333333333333333,0.0,0.38461538461538464,0.16666666666666666,0.16666666666666669,0.0,0.0,0.5,0.0,1.0,0.0,0.25,1.0,1.0,0.3333333333333333,1.0,0.5742730267869933,0.0
0.8407851690294439,0.3333333333333333,0.0,0.38461538461538464,0.16666666666666666,0.6111111111111112,0.5,1.0,1.0,0.0,1.0,0.6666666666666666,0.0,1.0,1.0,0.3333333333333333,1.0,0.3509525855894571,0.0
0.841330425299891,0.3333333333333333,0.5,0.38461538461538464,0.5,0.4444444444444445,0.0,0.6666666666666666,0.5,0.0,0.6000000000000001,0.3333333333333333,0.08333333333333333,1.0,1.0,0.3333333333333333,1.0,0.3221601489757914,0.0
0.8418756815703381,0.3333333333333333,0.0,0.3076923076923077,0.16666666666666666,0.5555555555555556,1.0,1.0,1.0,0.0,1.0,0.6666666666666666,0.16666666666666666,0.0,1.0,0.3333333333333333,0.0,0.35840137516115167,0.0
0.8424209378407852,1.0,0.0,1.0,0.6666666666666666,0.5555555555555556,0.0,0.3333333333333333,0.0,1.0,1.0,1.0,0.0,0.6666666666666666,0.6666666666666666,1.0,0.6666666666666666,0.684572410829394,0.0
0.8435114503816794,0.6666666666666666,1.0,0.5384615384615385,0.6666666666666666,0.5555555555555556,1.0,0.0,0.0,0.3333333333333333,0.0,0.3333333333333333,0.08333333333333333,0.0,0.3333333333333333,0.6666666666666666,0.0,0.3286062168743733,0.0
0.8440567066521265,0.3333333333333333,1.0,0.07692307692307693,0.16666666666666666,0.05555555555555555,1.0,0.3333333333333333,1.0,0.0,0.4,0.6666666666666666,0.3333333333333333,1.0,0.3333333333333333,0.3333333333333333,1.0,0.916774101131643,0.0
0.8446019629225736,0.6666666666666666,1.0,0.38461538461538464,0.6666666666666666,0.7222222222222221,0.0,1.0,1.0,0.3333333333333333,0.4,0.6666666666666666,0.25,1.0,0.6666666666666666,0.6666666666666666,1.0,0.5274316000572984,0.0
0.8451472191930207,0.3333333333333333,0.5,1.0,0.5,0.7777777777777777,1.0,0.6666666666666666,0.5,0.0,0.4,0.0,0.25,0.6666666666666666,0.0,0.3333333333333333,0.6666666666666666,0.2737430167597765,0.0
0.8456924754634678,0.6666666666666666,0.5,0.6923076923076923,0.3333333333333333,0.2222222222222222,0.0,0.0,0.5,0.3333333333333333,0.6000000000000001,0.6666666666666666,0.25,0.6666666666666666,0.3333333333333333,0.6666666666666666,0.6666666666666666,0.2674401948144965,0.0
0.846237731733915,0.0,0.0,0.7692307692307693,0.16666666666666666,0.1111111111111111,0.5,0.3333333333333333,1.0,0.6666666666666666,0.8,0.0,0.08333333333333333,0.0,1.0,0.0,0.0,0.7885689729265148,0.0
0.8467829880043621,0.6666666666666666,0.0,0.9230769230769231,0.5,0.4444444444444445,0.0,0.3333333333333333,0.0,0.3333333333333333,0.6000000000000001,0.3333333333333333,0.25,0.6666666666666666,0.3333333333333333,0.6666666666666666,0.6666666666666666,0.18192236069331041,0.0
0.8473282442748092,0.6666666666666666,0.0,0.46153846153846156,0.3333333333333333,0.7777777777777777,0.5,0.3333333333333333,0.5,0.3333333333333333,0.8,1.0,0.08333333333333333,1.0,0.3333333333333333,0.6666666666666666,1.0,0.4076779830969775,0.0
0.8484187568157034,1.0,0.5,0.0,0.5,0.8888888888888888,1.0,0.3333333333333333,0.5,1.0,0.0,0.0,0.25,0.3333333333333333,0.3333333333333333,1.0,0.3333333333333333,0.7632144391920929,0.0
0.8489640130861505,0.6666666666666666,1.0,0.07692307692307693,0.6666666666666666,0.27777777777777773,0.0,0.6666666666666666,0.0,0.3333333333333333,0.8,0.6666666666666666,0.0,0.0,0.3333333333333333,0.6666666666666666,0.0,0.27159432746024925,0.0
0.8495092693565977,0.3333333333333333,0.5,0.7692307692307693,0.3333333333333333,0.1111111111111111,0.0,0.0,0.5,0.0,1.0,0.6666666666666666,0.25,0.3333333333333333,0.0,0.3333333333333333,0.3333333333333333,0.35439048846870075,0.0
0.8500545256270448,0.6666666666666666,1.0,0.7692307692307693,0.3333333333333333,1.0,0.5,0.0,1.0,0.3333333333333333,0.0,0.6666666666666666,0.08333333333333333,0.0,0.6666666666666666,0.6666666666666666,0.0,0.6231198968629136,0.0
0.8505997818974919,0.3333333333333333,0.5,0.15384615384615385,0.16666666666666666,1.0,0.0,0.3333333333333333,0.5,0.0,0.0,0.6666666666666666,0.0,0.3333333333333333,0.6666666666666666,0.3333333333333333,0.3333333333333333,0.4752900730554362,0.0
0.851145038167939,0.3333333333333333,0.5,0.46153846153846156,0.3333333333333333,0.16666666666666669,1.0,0.3333333333333333,1.0,0.0,0.0,0.3333333333333333,0.3333333333333333,0.0,0.3333333333333333,0.3333333333333333,0.0,0.5973356252685862,0.0
0.8516902944383861,0.6666666666666666,0.5,0.07692307692307693,0.5,0.05555555555555555,0.5,0.3333333333333333,0.5,0.3333333333333333,0.4,1.0,0.0,0.0,0.3333333333333333,0.6666666666666666,0.0,0.2617103566824237,0.0
0.8522355507088332,0.6666666666666666,0.5,0.6923076923076923,0.6666666666666666,0.4444444444444445,0.5,0.6666666666666666,0.5,0.3333333333333333,0.8,0.6666666666666666,0.0,0.0,0.3333333333333333,0.6666666666666666,0.0,0.3185790001432459,0.0
0.8527808069792803,0.6666666666666666,0.5,1.0,0.3333333333333333,0.9444444444444444,0.0,0.0,1.0,0.3333333333333333,0.0,1.0,0.3333333333333333,0.3333333333333333,0.0,0.6666666666666666,0.3333333333333333,0.688583297521845,0.0
0.8538713195201745,1.0,1.0,0.5384615384615385,0.5,0.4444444444444445,0.0,1.0,0.5,1.0,0.2,0.3333333333333333,0.0,0.3333333333333333,0.0,1.0,0.3333333333333333,0.5078069044549491,0.0
0.8544165757906216,0.6666666666666666,0.5,0.07692307692307693,0.3333333333333333,0.2222222222222222,0.5,0.6666666666666666,0.5,0.3333333333333333,0.8,0.3333333333333333,0.16666666666666666,0.0,0.0,0.6666666666666666,0.0,0.4076779830969775,0.0
0.8549618320610688,0.3333333333333333,0.0,0.3076923076923077,0.16666666666666666,0.3888888888888889,1.0,0.6666666666666666,0.5,0.0,0.6000000000000001,1.0,0.25,1.0,0.6666666666666666,0.3333333333333333,1.0,0.5133934966337201,0.0
0.8555070883315159,0.3333333333333333,0.0,0.07692307692307693,0.5,0.7222222222222221,1.0,0.3333333333333333,0.5,0.0,0.4,1.0,0.16666666666666666,1.0,0.3333333333333333,0.3333333333333333,1.0,0.3041111588597622,0.0
0.856052344601963,0.3333333333333333,0.0,0.9230769230769231,0.16666666666666666,0.4444444444444445,0.0,0.0,1.0,0.0,0.0,0.6666666666666666,0.3333333333333333,0.0,0.0,0.3333333333333333,0.0,0.5590889557370005,0.0
0.8565976008724101,0.6666666666666666,0.0,0.9230769230769231,0.3333333333333333,0.6111111111111112,0.0,0.0,0.5,0.3333333333333333,0.0,1.0,0.08333333333333333,0.3333333333333333,1.0,0.6666666666666666,0.3333333333333333,0.11516974645466264,0.0
0.8571428571428572,0.6666666666666666,1.0,0.3076923076923077,0.3333333333333333,0.1111111111111111,1.0,0.6666666666666666,0.0,0.3333333333333333,1.0,0.6666666666666666,0.25,0.0,1.0,0.6666666666666666,0.0,0.5238504512247529,0.0
0.8576881134133043,1.0,1.0,0.46153846153846156,0.6666666666666666,0.5555555555555556,0.0,0.3333333333333333,0.5,1.0,0.6000000000000001,0.6666666666666666,0.08333333333333333,0.0,0.3333333333333333,1.0,0.0,0.6635152556940267,0.0
0.8582333696837514,0.6666666666666666,0.0,0.0,0.6666666666666666,0.6666666666666665,0.0,0.0,1.0,0.3333333333333333,0.6000000000000001,0.3333333333333333,0.25,0.6666666666666666,0.3333333333333333,0.6666666666666666,0.6666666666666666,0.35338776679558803,0.0
0.8593238822246456,0.6666666666666666,0.5,0.0,0.5,0.8333333333333333,1.0,0.3333333333333333,0.5,0.3333333333333333,0.4,0.0,0.3333333333333333,0.0,0.6666666666666666,0.6666666666666666,0.0,0.5308695029365421,0.0
0.8598691384950927,0.0,0.5,0.6153846153846154,0.0,0.7777777777777777,1.0,0.6666666666666666,0.0,0.6666666666666666,0.6000000000000001,0.6666666666666666,0.25,0.6666666666666666,0.3333333333333333,0.0,0.6666666666666666,0.9000143245953302,0.0
0.8604143947655398,1.0,1.0,0.3076923076923077,0.6666666666666666,0.0,0.5,0.3333333333333333,0.0,1.0,0.0,0.3333333333333333,0.25,0.6666666666666666,0.6666666666666666,1.0,0.6666666666666666,0.9252256123764504,0.0
0.8609596510359869,0.6666666666666666,1.0,0.07692307692307693,0.6666666666666666,0.1111111111111111,1.0,0.3333333333333333,0.0,0.3333333333333333,0.0,0.6666666666666666,0.16666666666666666,0.6666666666666666,0.0,0.6666666666666666,0.6666666666666666,0.3659934106861481,0.0
0.861504907306434,1.0,0.0,0.46153846153846156,0.8333333333333333,0.9444444444444444,0.5,0.6666666666666666,0.0,1.0,0.6000000000000001,0.3333333333333333,0.0,0.3333333333333333,0.3333333333333333,1.0,0.3333333333333333,0.9809482882108581,0.0
0.8620501635768811,0.3333333333333333,0.0,0.3076923076923077,0.3333333333333333,0.3333333333333333,0.5,0.6666666666666666,0.0,0.0,0.4,0.0,0.3333333333333333,1.0,0.3333333333333333,0.3333333333333333,1.0,0.5590889557370005,0.0
0.8625954198473282,0.3333333333333333,0.0,0.0,0.5,0.8888888888888888,0.0,1.0,0.0,0.0,1.0,0.0,0.08333333333333333,0.3333333333333333,0.3333333333333333,0.3333333333333333,0.3333333333333333,0.19481449649047414,0.0
0.8631406761177753,0.3333333333333333,1.0,0.8461538461538463,0.16666666666666666,0.49999999999999994,0.0,0.3333333333333333,0.5,0.0,0.2,0.0,0.08333333333333333,0.3333333333333333,0.0,0.3333333333333333,0.3333333333333333,0.16057871365133936,0.0
0.8636859323882226,1.0,1.0,0.15384615384615385,0.5,0.4444444444444445,1.0,1.0,0.0,1.0,0.6000000000000001,0.0,0.25,0.6666666666666666,0.6666666666666666,1.0,0.6666666666666666,0.6501933820369574,0.0
0.8647764449291168,0.3333333333333333,0.5,0.6153846153846154,0.16666666666666666,0.4444444444444445,1.0,0.6666666666666666,0.5,0.0,0.4,0.0,0.25,0.3333333333333333,0.6666666666666666,0.3333333333333333,0.3333333333333333,0.32774674115456237,0.0
0.8653217011995639,0.6666666666666666,1.0,0.6153846153846154,0.5,0.4444444444444445,1.0,0.0,1.0,0.3333333333333333,0.8,0.0,0.16666666666666666,1.0,0.3333333333333333,0.6666666666666666,1.0,0.23621257699469989,0.0
0.865866957470011,0.3333333333333333,0.5,0.46153846153846156,0.16666666666666666,0.9444444444444444,1.0,0.0,0.5,0.0,0.4,0.0,0.3333333333333333,0.6666666666666666,0.6666666666666666,0.3333333333333333,0.6666666666666666,0.721100128921358,0.0
0.8664122137404581,0.3333333333333333,0.5,0.07692307692307693,0.16666666666666666,0.2222222222222222,0.5,0.3333333333333333,1.0,0.0,0.6000000000000001,0.3333333333333333,0.0,1.0,0.0,0.3333333333333333,1.0,0.4479300959747887,0.0
0.8669574700109052,0.6666666666666666,0.0,0.46153846153846156,0.3333333333333333,0.4444444444444445,0.5,0.0,0.0,0.3333333333333333,0.4,0.6666666666666666,0.08333333333333333,0.3333333333333333,0.0,0.6666666666666666,0.3333333333333333,0.16802750322303395,0.0
0.8675027262813523,0.6666666666666666,1.0,0.0,0.5,0.16666666666666669,0.5,0.3333333333333333,0.5,0.3333333333333333,0.8,0.6666666666666666,0.3333333333333333,0.0,0.0,0.6666666666666666,0.0,0.5600916774101132,0.0
0.8680479825517994,0.3333333333333333,0.0,0.0,0.5,0.27777777777777773,0.0,1.0,0.0,0.0,0.0,0.6666666666666666,0.0,0.0,0.0,0.3333333333333333,0.0,0.18321157427302678,0.0
0.8685932388222465,0.6666666666666666,0.5,0.38461538461538464,0.5,0.8888888888888888,0.5,1.0,1.0,0.3333333333333333,0.6000000000000001,0.0,0.3333333333333333,0.3333333333333333,1.0,0.6666666666666666,0.3333333333333333,0.4818793869073199,0.0
0.8691384950926936,0.6666666666666666,1.0,0.0,0.3333333333333333,0.3888888888888889,0.5,1.0,0.5,0.3333333333333333,1.0,0.3333333333333333,0.0,1.0,0.3333333333333333,0.6666666666666666,1.0,0.36312849162011174,0.0
0.8696837513631407,0.3333333333333333,1.0,0.3076923076923077,0.3333333333333333,0.6111111111111112,0.5,0.0,0.0,0.0,0.6000000000000001,0.0,0.25,0.0,0.6666666666666666,0.3333333333333333,0.0,0.3172897865635296,0.0
0.8707742639040349,0.0,0.5,0.07692307692307693,0.16666666666666666,0.5555555555555556,1.0,0.3333333333333333,0.5,0.6666666666666666,0.4,0.3333333333333333,0.08333333333333333,1.0,0.3333333333333333,0.0,1.0,0.9104712791863631,0.0
0.871319520174482,0.3333333333333333,0.5,0.7692307692307693,0.3333333333333333,0.6666666666666665,1.0,0.3333333333333333,0.5,0.0,0.8,0.6666666666666666,0.3333333333333333,0.0,1.0,0.3333333333333333,0.0,0.4833118464403381,0.0
0.8718647764449291,0.6666666666666666,0.5,0.38461538461538464,0.6666666666666666,0.3888888888888889,1.0,0.0,0.5,0.3333333333333333,0.2,1.0,0.16666666666666666,1.0,0.6666666666666666,0.6666666666666666,1.0,0.4429164876092251,0.0
0.8724100327153763,1.0,0.5,0.0,0.5,0.9444444444444444,0.5,0.3333333333333333,1.0,1.0,1.0,0.0,0.25,1.0,1.0,1.0,1.0,0.9329608938547486,0.0
0.8729552889858234,0.6666666666666666,1.0,0.07692307692307693,0.5,0.4444444444444445,1.0,0.3333333333333333,0.0,0.3333333333333333,0.4,0.6666666666666666,0.16666666666666666,0.3333333333333333,0.6666666666666666,0.6666666666666666,0.3333333333333333,0.1824953445065177,0.0
0.8735005452562705,0.6666666666666666,1.0,1.0,0.3333333333333333,0.7777777777777777,0.0,0.6666666666666666,0.0,0.3333333333333333,0.2,0.6666666666666666,0.3333333333333333,0.3333333333333333,1.0,0.6666666666666666,0.3333333333333333,0.5424724251539894,0.0
0.8740458015267176,0.3333333333333333,0.0,0.6923076923076923,0.5,0.16666666666666669,0.0,0.0,0.0,0.0,0.0,0.0,0.3333333333333333,0.3333333333333333,1.0,0.3333333333333333,0.3333333333333333,0.47113594040968343,0.0
0.8745910577971647,0.6666666666666666,0.0,0.07692307692307693,0.6666666666666666,0.7222222222222221,0.0,0.6666666666666666,0.0,0.3333333333333333,1.0,0.0,0.0,1.0,1.0,0.6666666666666666,1.0,0.5960464116888697,0.0
0.8751363140676118,0.6666666666666666,0.5,0.7692307692307693,0.3333333333333333,0.9444444444444444,1.0,0.0,0.5,0.3333333333333333,0.8,1.0,0.16666666666666666,0.0,0.3333333333333333,0.6666666666666666,0.0,0.5247099269445639,0.0
0.876226826608506,0.3333333333333333,0.0,0.9230769230769231,0.3333333333333333,0.1111111111111111,1.0,0.3333333333333333,0.0,0.0,1.0,0.6666666666666666,0.16666666666666666,0.0,1.0,0.3333333333333333,0.0,0.4632574129780834,0.0
0.8767720828789531,0.3333333333333333,0.5,0.9230769230769231,0.3333333333333333,0.8333333333333333,0.5,0.3333333333333333,0.5,0.0,0.2,0.6666666666666666,0.08333333333333333,1.0,0.6666666666666666,0.3333333333333333,1.0,0.2882108580432603,0.0
0.8773173391494002,0.3333333333333333,1.0,0.0,0.5,0.8888888888888888,0.5,0.0,1.0,0.0,0.2,0.3333333333333333,0.08333333333333333,0.3333333333333333,0.0,0.3333333333333333,0.3333333333333333,0.19481449649047414,0.0
0.8778625954198473,0.3333333333333333,0.0,0.23076923076923078,0.16666666666666666,0.8333333333333333,0.0,0.0,1.0,0.0,0.6000000000000001,0.6666666666666666,0.08333333333333333,0.3333333333333333,0.6666666666666666,0.3333333333333333,0.3333333333333333,0.24767225325884543,0.0
0.8784078516902945,0.3333333333333333,0.5,0.23076923076923078,0.5,0.8333333333333333,0.5,0.0,0.0,0.0,1.0,1.0,0.25,1.0,1.0,0.3333333333333333,1.0,0.39235066609368285,0.0
0.8789531079607416,0.6666666666666666,0.0,1.0,0.5,0.8888888888888888,0.0,0.3333333333333333,0.0,0.3333333333333333,0.4,0.6666666666666666,0.3333333333333333,0.3333333333333333,0.3333333333333333,0.6666666666666666,0.3333333333333333,0.4818793869073199,0.0
0.8794983642311887,0.3333333333333333,1.0,0.8461538461538463,0.3333333333333333,0.1111111111111111,0.0,0.6666666666666666,0.0,0.0,1.0,0.3333333333333333,0.25,0.3333333333333333,1.0,0.3333333333333333,0.3333333333333333,0.35439048846870075,0.0
0.8800436205016358,1.0,0.5,0.38461538461538464,0.5,0.4444444444444445,0.5,0.6666666666666666,1.0,1.0,0.2,0.0,0.3333333333333333,0.0,0.6666666666666666,1.0,0.0,0.8465835840137517,0.0
0.8811341330425301,0.6666666666666666,0.5,0.8461538461538463,0.3333333333333333,0.8333333333333333,0.0,0.6666666666666666,0.5,0.3333333333333333,0.8,0.0,0.16666666666666666,0.3333333333333333,1.0,0.6666666666666666,0.3333333333333333,0.287637874230053,0.0
0.8816793893129772,0.6666666666666666,1.0,0.46153846153846156,0.6666666666666666,0.2222222222222222,0.5,0.3333333333333333,0.0,0.3333333333333333,0.0,1.0,0.3333333333333333,0.0,0.0,0.6666666666666666,0.0,0.6967483168600487,0.0
0.8822246455834243,1.0,0.5,0.46153846153846156,0.8333333333333333,0.7777777777777777,0.0,1.0,1.0,1.0,0.0,0.0,0.0,0.6666666666666666,0.6666666666666666,1.0,0.6666666666666666,0.9795158286778398,0.0
0.8827699018538714,0.3333333333333333,0.5,0.3076923076923077,0.3333333333333333,0.9444444444444444,1.0,1.0,1.0,0.0,0.8,0.3333333333333333,0.25,0.6666666666666666,1.0,0.3333333333333333,0.6666666666666666,0.40954018048990115,0.0
0.8833151581243185,0.3333333333333333,0.0,0.07692307692307693,0.5,0.16666666666666669,0.0,1.0,1.0,0.0,0.2,0.6666666666666666,0.16666666666666666,0.3333333333333333,0.0,0.3333333333333333,0.3333333333333333,0.21816358687867068,0.0
0.8838604143947656,0.3333333333333333,0.0,0.07692307692307693,0.16666666666666666,0.0,1.0,0.0,0.5,0.0,0.6000000000000001,0.3333333333333333,0.08333333333333333,0.0,1.0,0.3333333333333333,0.0,0.6494771522704484,0.0
0.8844056706652127,0.3333333333333333,0.5,0.6153846153846154,0.16666666666666666,0.6111111111111112,0.5,0.3333333333333333,1.0,0.0,0.6000000000000001,1.0,0.3333333333333333,0.3333333333333333,1.0,0.3333333333333333,0.3333333333333333,0.4510815069474287,0.0
0.8849509269356598,0.6666666666666666,0.0,0.23076923076923078,0.5,0.0,0.0,0.3333333333333333,0.0,0.3333333333333333,0.8,1.0,0.25,1.0,0.6666666666666666,0.6666666666666666,1.0,0.6309984242945137,0.0
0.8854961832061069,0.6666666666666666,0.0,0.8461538461538463,0.3333333333333333,0.8888888888888888,0.5,0.3333333333333333,0.5,0.3333333333333333,0.4,0.3333333333333333,0.25,0.0,0.6666666666666666,0.6666666666666666,0.0,0.4851740438332617,0.0
0.8871319520174482,0.3333333333333333,0.5,0.0,0.5,0.16666666666666669,0.0,1.0,0.0,0.0,0.2,1.0,0.0,0.6666666666666666,1.0,0.3333333333333333,0.6666666666666666,0.22890703337630713,0.0
0.8876772082878953,0.6666666666666666,0.0,0.23076923076923078,0.6666666666666666,0.8888888888888888,1.0,1.0,0.0,0.3333333333333333,0.0,0.6666666666666666,0.08333333333333333,0.6666666666666666,0.6666666666666666,0.6666666666666666,0.6666666666666666,0.3419280905314425,0.0
0.8882224645583424,0.6666666666666666,0.5,0.23076923076923078,0.6666666666666666,0.16666666666666669,0.0,0.3333333333333333,0.0,0.3333333333333333,0.8,0.3333333333333333,0.0,0.6666666666666666,0.3333333333333333,0.6666666666666666,0.6666666666666666,0.3413551067182352,0.0
0.8887677208287895,0.6666666666666666,1.0,0.0,0.5,0.05555555555555555,0.5,0.0,1.0,0.3333333333333333,1.0,0.6666666666666666,0.08333333333333333,0.3333333333333333,0.3333333333333333,0.6666666666666666,0.3333333333333333,0.2946569259418422,0.0
0.8893129770992367,0.6666666666666666,0.0,0.6923076923076923,0.6666666666666666,0.9444444444444444,0.0,1.0,0.5,0.3333333333333333,1.0,1.0,0.0,0.0,1.0,0.6666666666666666,0.0,0.5390345222747458,0.0
0.8898582333696838,0.3333333333333333,0.5,0.5384615384615385,0.16666666666666666,0.7222222222222221,1.0,1.0,0.5,0.0,0.2,0.0,0.0,0.0,0.6666666666666666,0.3333333333333333,0.0,0.282910757771093,0.0
0.8904034896401309,0.6666666666666666,0.0,0.8461538461538463,0.3333333333333333,0.27777777777777773,0.5,0.6666666666666666,1.0,0.3333333333333333,0.8,0.3333333333333333,0.3333333333333333,0.6666666666666666,0.6666666666666666,0.6666666666666666,0.6666666666666666,0.4311703194384759,0.0
0.890948745910578,0.6666666666666666,0.0,0.6923076923076923,0.5,0.49999999999999994,0.0,0.0,0.0,0.3333333333333333,0.6000000000000001,0.6666666666666666,0.0,0.0,0.6666666666666666,0.6666666666666666,0.0,0.07677983096977511,0.0
0.8914940021810251,1.0,1.0,0.07692307692307693,0.6666666666666666,0.9444444444444444,0.0,0.6666666666666666,0.5,1.0,1.0,0.6666666666666666,0.08333333333333333,0.3333333333333333,0.3333333333333333,1.0,0.3333333333333333,0.7960177624982094,0.0
0.8920392584514723,0.6666666666666666,1.0,1.0,0.3333333333333333,0.9444444444444444,1.0,1.0,0.0,0.3333333333333333,0.8,0.6666666666666666,0.0,1.0,0.0,0.6666666666666666,1.0,0.6444635439048847,0.0
0.8931297709923665,0.3333333333333333,0.5,0.07692307692307693,0.16666666666666666,0.27777777777777773,1.0,0.6666666666666666,0.5,0.0,0.2,0.0,0.0,0.6666666666666666,0.6666666666666666,0.3333333333333333,0.6666666666666666,0.2703051138805329,0.0
0.8936750272628136,1.0,0.5,1.0,0.5,0.16666666666666669,0.5,0.3333333333333333,0.5,1.0,0.2,0.6666666666666666,0.08333333333333333,0.0,0.0,1.0,0.0,0.6586448932817648,0.0
0.8942202835332607,1.0,0.5,0.23076923076923078,0.6666666666666666,0.4444444444444445,0.5,0.6666666666666666,0.0,1.0,1.0,0.6666666666666666,0.3333333333333333,1.0,0.0,1.0,1.0,0.9067468844005157,0.0
0.8947655398037078,0.0,0.0,0.38461538461538464,0.16666666666666666,0.2222222222222222,1.0,0.0,0.5,0.6666666666666666,0.4,0.6666666666666666,0.16666666666666666,0.0,0.3333333333333333,0.0,0.0,0.805901733276035,0.0
0.8953107960741549,0.6666666666666666,1.0,0.5384615384615385,0.3333333333333333,0.8333333333333333,0.0,0.0,1.0,0.3333333333333333,0.2,0.6666666666666666,0.25,1.0,0.3333333333333333,0.6666666666666666,1.0,0.48445781406675265,0.0
0.895856052344602,1.0,0.5,0.5384615384615385,0.5,0.1111111111111111,1.0,0.0,1.0,1.0,1.0,0.6666666666666666,0.0,1.0,0.0,1.0,1.0,0.8256696748316861,0.0
0.8964013086150491,0.3333333333333333,1.0,0.5384615384615385,0.3333333333333333,0.8333333333333333,0.0,0.6666666666666666,0.0,0.0,0.6000000000000001,1.0,0.3333333333333333,1.0,0.6666666666666666,0.3333333333333333,1.0,0.592751754762928,0.0
0.8969465648854962,0.3333333333333333,0.0,0.6153846153846154,0.5,0.7222222222222221,1.0,0.3333333333333333,0.0,0.0,0.4,1.0,0.0,0.3333333333333333,0.0,0.3333333333333333,0.3333333333333333,0.16960320870935397,0.0
0.8974918211559433,0.3333333333333333,0.5,0.3076923076923077,0.5,0.4444444444444445,1.0,0.0,0.0,0.0,1.0,0.0,0.3333333333333333,0.6666666666666666,0.0,0.3333333333333333,0.6666666666666666,0.32774674115456237,0.0
0.8985823336968376,0.3333333333333333,1.0,0.15384615384615385,0.5,0.3333333333333333,0.5,1.0,1.0,0.0,0.4,0.3333333333333333,0.16666666666666666,0.6666666666666666,0.3333333333333333,0.3333333333333333,0.6666666666666666,0.184644033806045,0.0
0.8991275899672847,0.3333333333333333,0.0,0.7692307692307693,0.3333333333333333,0.6111111111111112,1.0,0.3333333333333333,0.0,0.0,1.0,0.6666666666666666,0.3333333333333333,0.6666666666666666,0.0,0.3333333333333333,0.6666666666666666,0.3525282910757771,0.0
0.8996728462377318,0.3333333333333333,0.0,0.07692307692307693,0.5,0.7222222222222221,1.0,0.3333333333333333,1.0,0.0,0.8,1.0,0.25,0.6666666666666666,0.6666666666666666,0.3333333333333333,0.6666666666666666,0.2661509812347801,0.0
0.9002181025081789,0.6666666666666666,0.5,0.3076923076923077,0.6666666666666666,0.8888888888888888,1.0,0.3333333333333333,1.0,0.3333333333333333,0.0,1.0,0.3333333333333333,0.0,0.0,0.6666666666666666,0.0,0.6797020484171322,0.0
0.900763358778626,0.0,1.0,0.3076923076923077,0.16666666666666666,0.7777777777777777,0.5,1.0,0.5,0.6666666666666666,0.6000000000000001,0.3333333333333333,0.25,1.0,0.0,0.0,1.0,0.9704913336198252,0.0
0.9013086150490731,0.3333333333333333,1.0,0.9230769230769231,0.5,0.9444444444444444,0.5,0.3333333333333333,0.5,0.0,0.4,1.0,0.25,1.0,1.0,0.3333333333333333,1.0,0.5281478298238075,0.0
0.9018538713195202,0.3333333333333333,0.0,0.3076923076923077,0.16666666666666666,0.6111111111111112,0.0,0.6666666666666666,0.5,0.0,0.8,0.6666666666666666,0.0,1.0,0.6666666666666666,0.3333333333333333,1.0,0.3509525855894571,0.0
0.9023991275899673,0.6666666666666666,0.5,0.9230769230769231,0.5,0.4444444444444445,1.0,0.6666666666666666,1.0,0.3333333333333333,0.6000000000000001,0.0,0.3333333333333333,0.0,1.0,0.6666666666666666,0.0,0.44678412834837417,0.0
0.9029443838604144,0.3333333333333333,0.5,0.6923076923076923,0.5,0.2222222222222222,0.5,0.6666666666666666,0.0,0.0,0.6000000000000001,0.6666666666666666,0.16666666666666666,1.0,1.0,0.3333333333333333,1.0,0.3785990545767082,0.0
0.9040348964013086,0.6666666666666666,0.5,0.9230769230769231,0.6666666666666666,1.0,1.0,0.6666666666666666,0.0,0.3333333333333333,0.0,1.0,0.25,0.6666666666666666,1.0,0.6666666666666666,0.6666666666666666,0.5964761495487753,0.0
0.9045801526717557,0.0,0.5,0.07692307692307693,0.16666666666666666,0.5555555555555556,1.0,0.6666666666666666,1.0,0.6666666666666666,0.8,0.0,0.08333333333333333,0.6666666666666666,0.6666666666666666,0.0,0.6666666666666666,0.6848589027359977,0.0
0.9051254089422028,0.3333333333333333,1.0,0.38461538461538464,0.16666666666666666,0.3888888888888889,0.5,1.0,1.0,0.0,0.8,0.0,0.25,1.0,1.0,0.3333333333333333,1.0,0.5133934966337201,0.0
0.9056706652126499,0.3333333333333333,1.0,0.6153846153846154,0.3333333333333333,0.27777777777777773,1.0,0.0,1.0,0.0,1.0,0.3333333333333333,0.0,0.0,1.0,0.3333333333333333,0.0,0.13149978513107005,0.0
0.906215921483097,0.6666666666666666,0.5,1.0,0.3333333333333333,0.6111111111111112,0.5,0.0,0.0,0.3333333333333333,0.0,0.6666666666666666,0.25,0.6666666666666666,1.0,0.6666666666666666,0.6666666666666666,0.2778971494055293,0.0
0.9067611777535443,0.6666666666666666,0.5,0.8461538461538463,0.6666666666666666,0.7777777777777777,1.0,0.3333333333333333,1.0,0.3333333333333333,0.8,0.6666666666666666,0.3333333333333333,1.0,0.0,0.6666666666666666,1.0,0.6650909611803466,0.0
0.9073064340239914,0.3333333333333333,1.0,0.6153846153846154,0.16666666666666666,0.6666666666666665,0.0,0.3333333333333333,0.0,0.0,0.4,0.6666666666666666,0.25,1.0,0.6666666666666666,0.3333333333333333,1.0,0.5073771665950437,0.0
0.9078516902944385,0.3333333333333333,1.0,0.8461538461538463,0.3333333333333333,0.1111111111111111,0.0,1.0,1.0,0.0,0.2,0.0,0.3333333333333333,0.6666666666666666,0.6666666666666666,0.3333333333333333,0.6666666666666666,0.4251539893997995,0.0
0.9083969465648856,1.0,0.0,0.7692307692307693,0.6666666666666666,0.27777777777777773,1.0,0.6666666666666666,1.0,1.0,0.6000000000000001,1.0,0.0,0.6666666666666666,0.6666666666666666,1.0,0.6666666666666666,0.6415986248388483,0.0
0.9089422028353327,0.3333333333333333,1.0,0.3076923076923077,0.3333333333333333,0.2222222222222222,0.0,1.0,1.0,0.0,1.0,1.0,0.16666666666666666,0.6666666666666666,0.6666666666666666,0.3333333333333333,0.6666666666666666,0.19266580719094684,0.0
0.9100327153762269,0.6666666666666666,1.0,1.0,0.3333333333333333,0.3888888888888889,1.0,1.0,0.0,0.3333333333333333,0.8,0.0,0.25,0.0,1.0,0.6666666666666666,0.0,0.40524280189084655,0.0
0.910577971646674,1.0,0.5,0.3076923076923077,0.8333333333333333,0.8888888888888888,0.0,0.3333333333333333,1.0,1.0,1.0,0.0,0.16666666666666666,0.0,0.0,1.0,0.0,0.9720670391061452,0.0
0.9111232279171211,0.6666666666666666,1.0,0.3076923076923077,0.5,0.7222222222222221,0.0,0.6666666666666666,1.0,0.3333333333333333,0.6000000000000001,0.0,0.3333333333333333,0.0,0.3333333333333333,0.6666666666666666,0.0,0.45323019624695604,0.0
0.9116684841875682,0.3333333333333333,0.0,0.5384615384615385,0.16666666666666666,0.8333333333333333,0.0,0.3333333333333333,0.5,0.0,0.8,1.0,0.3333333333333333,0.3333333333333333,1.0,0.3333333333333333,0.3333333333333333,0.6130926801317862,0.0
0.9122137404580153,0.6666666666666666,1.0,0.6153846153846154,0.3333333333333333,0.6666666666666665,0.0,1.0,0.5,0.3333333333333333,1.0,0.3333333333333333,0.08333333333333333,1.0,1.0,0.6666666666666666,1.0,0.37286921644463544,0.0
0.9127589967284624,0.6666666666666666,1.0,0.5384615384615385,0.6666666666666666,0.49999999999999994,0.0,0.3333333333333333,0.0,0.3333333333333333,0.8,0.0,0.16666666666666666,0.6666666666666666,0.3333333333333333,0.6666666666666666,0.6666666666666666,0.21730411115885975,0.0
0.9133042529989095,0.3333333333333333,1.0,0.0,0.5,0.4444444444444445,0.5,0.3333333333333333,1.0,0.0,1.0,0.6666666666666666,0.0,0.0,0.3333333333333333,0.3333333333333333,0.0,0.23965047987394356,0.0
0.9138495092693566,0.3333333333333333,0.5,0.6153846153846154,0.5,0.7222222222222221,1.0,0.0,0.5,0.0,1.0,0.3333333333333333,0.16666666666666666,0.3333333333333333,0.0,0.3333333333333333,0.3333333333333333,0.15828677839851024,0.0
0.9143947655398037,0.6666666666666666,0.5,0.15384615384615385,0.5,0.6666666666666665,0.5,1.0,1.0,0.3333333333333333,1.0,0.3333333333333333,0.3333333333333333,0.3333333333333333,1.0,0.6666666666666666,0.3333333333333333,0.4151267726686721,0.0
0.9149400218102509,0.3333333333333333,1.0,0.8461538461538463,0.3333333333333333,0.6666666666666665,0.0,1.0,0.5,0.0,0.4,0.0,0.25,1.0,0.3333333333333333,0.3333333333333333,1.0,0.37516115169746456,0.0
0.915485278080698,0.3333333333333333,1.0,0.07692307692307693,0.3333333333333333,0.2222222222222222,1.0,1.0,0.0,0.0,0.0,0.6666666666666666,0.16666666666666666,0.0,0.3333333333333333,0.3333333333333333,0.0,0.27904311703194384,0.0
0.9160305343511451,0.3333333333333333,1.0,0.6153846153846154,0.3333333333333333,0.9444444444444444,0.5,0.6666666666666666,0.5,0.0,0.8,0.6666666666666666,0.16666666666666666,0.6666666666666666,1.0,0.3333333333333333,0.6666666666666666,0.34665520699040253,0.0
0.9165757906215922,0.6666666666666666,0.5,0.07692307692307693,0.5,1.0,1.0,1.0,1.0,0.3333333333333333,0.8,0.3333333333333333,0.0,1.0,0.3333333333333333,0.6666666666666666,1.0,0.6829967053430741,0.0
0.9171210468920393,0.6666666666666666,0.0,0.46153846153846156,0.5,0.6666666666666665,1.0,0.0,0.5,0.3333333333333333,0.0,0.3333333333333333,0.0,0.6666666666666666,0.3333333333333333,0.6666666666666666,0.6666666666666666,0.18793869073198682,0.0
0.9176663031624864,0.3333333333333333,0.5,0.07692307692307693,0.5,0.05555555555555555,0.0,1.0,0.5,0.0,0.6000000000000001,0.0,0.08333333333333333,0.6666666666666666,0.0,0.3333333333333333,0.6666666666666666,0.34493625555078067,0.0
0.9182115594329335,0.3333333333333333,0.0,0.6923076923076923,0.3333333333333333,0.1111111111111111,1.0,0.3333333333333333,0.5,0.0,0.8,1.0,0.08333333333333333,0.6666666666666666,0.0,0.3333333333333333,0.6666666666666666,0.2450938260994127,0.0
0.9187568157033806,0.6666666666666666,1.0,0.07692307692307693,0.3333333333333333,0.8888888888888888,1.0,1.0,1.0,0.3333333333333333,0.6000000000000001,0.0,0.3333333333333333,0.6666666666666666,0.6666666666666666,0.6666666666666666,0.6666666666666666,0.5639593181492623,0.0
0.9193020719738277,0.6666666666666666,0.0,0.3076923076923077,0.6666666666666666,0.4444444444444445,0.0,1.0,0.5,0.3333333333333333,0.6000000000000001,1.0,0.08333333333333333,1.0,0.6666666666666666,0.6666666666666666,1.0,0.4154132645752758,0.0
0.9198473282442748,0.6666666666666666,1.0,0.5384615384615385,0.5,0.3888888888888889,0.0,1.0,0.5,0.3333333333333333,1.0,0.3333333333333333,0.0,0.3333333333333333,1.0,0.6666666666666666,0.3333333333333333,0.041541326457527575,0.0
0.920392584514722,0.3333333333333333,0.0,0.9230769230769231,0.16666666666666666,0.16666666666666669,0.0,1.0,1.0,0.0,0.0,0.0,0.0,1.0,0.0,0.3333333333333333,1.0,0.4913336198252399,0.0
0.9214830970556162,0.6666666666666666,0.0,0.23076923076923078,0.5,0.7222222222222221,0.0,1.0,1.0,0.3333333333333333,0.6000000000000001,1.0,0.08333333333333333,0.0,0.0,0.6666666666666666,0.0,0.25010743446497635,0.0
0.9220283533260633,0.6666666666666666,1.0,0.6923076923076923,0.5,0.6666666666666665,1.0,0.0,0.5,0.3333333333333333,0.8,0.0,0.0,0.0,0.0,0.6666666666666666,0.0,0.10915341641598625,0.0
0.9225736095965104,0.6666666666666666,0.0,0.46153846153846156,0.3333333333333333,0.8888888888888888,0.0,0.0,1.0,0.3333333333333333,0.6000000000000001,0.3333333333333333,0.08333333333333333,0.0,0.0,0.6666666666666666,0.0,0.39435610943990834,0.0
0.9231188658669575,0.6666666666666666,0.5,0.5384615384615385,0.5,0.0,1.0,0.0,1.0,0.3333333333333333,0.6000000000000001,0.3333333333333333,0.25,1.0,0.3333333333333333,0.6666666666666666,1.0,0.6309984242945137,0.0
0.9236641221374047,0.6666666666666666,1.0,0.3076923076923077,0.3333333333333333,0.7777777777777777,1.0,1.0,0.5,0.3333333333333333,0.2,0.3333333333333333,0.0,0.6666666666666666,0.6666666666666666,0.6666666666666666,0.6666666666666666,0.3447930095974789,0.0
0.9242093784078518,0.6666666666666666,1.0,0.38461538461538464,0.6666666666666666,0.05555555555555555,0.0,1.0,0.0,0.3333333333333333,0.8,1.0,0.25,0.0,0.6666666666666666,0.6666666666666666,0.0,0.6749749319581722,0.0
0.9247546346782989,1.0,0.0,0.6153846153846154,0.8333333333333333,0.49999999999999994,0.0,0.0,0.5,1.0,0.0,0.0,0.08333333333333333,0.0,1.0,1.0,0.0,0.9058874086807048,0.0
0.925299890948746,1.0,0.0,0.15384615384615385,0.5,0.4444444444444445,0.0,0.3333333333333333,0.5,1.0,1.0,1.0,0.25,0.0,0.3333333333333333,1.0,0.0,0.7407248245237072,0.0
0.9258451472191931,0.3333333333333333,0.0,0.8461538461538463,0.3333333333333333,0.27777777777777773,0.0,1.0,0.0,0.0,0.4,0.0,0.3333333333333333,0.3333333333333333,0.3333333333333333,0.3333333333333333,0.3333333333333333,0.4509382609941269,0.0
0.9263904034896402,0.6666666666666666,0.5,0.23076923076923078,0.3333333333333333,0.05555555555555555,1.0,1.0,1.0,0.3333333333333333,0.4,0.3333333333333333,0.3333333333333333,0.0,0.0,0.6666666666666666,0.0,0.794012319151984,0.0
0.9274809160305344,0.6666666666666666,0.0,0.46153846153846156,0.3333333333333333,0.6111111111111112,0.0,1.0,1.0,0.3333333333333333,0.4,1.0,0.0,0.0,0.6666666666666666,0.6666666666666666,0.0,0.17189514396218308,0.0
0.9280261723009815,0.3333333333333333,0.0,0.46153846153846156,0.3333333333333333,0.05555555555555555,1.0,0.6666666666666666,1.0,0.0,0.2,1.0,0.3333333333333333,0.6666666666666666,0.6666666666666666,0.3333333333333333,0.6666666666666666,0.5328749462827675,0.0
0.9285714285714286,0.3333333333333333,1.0,0.3076923076923077,0.5,0.8888888888888888,0.0,0.0,0.5,0.0,0.2,0.3333333333333333,0.08333333333333333,0.3333333333333333,0.3333333333333333,0.3333333333333333,0.3333333333333333,0.19481449649047414,0.0
0.9291166848418757,1.0,0.0,0.38461538461538464,1.0,0.49999999999999994,0.0,0.6666666666666666,0.0,1.0,0.6000000000000001,0.6666666666666666,0.08333333333333333,0.6666666666666666,0.6666666666666666,1.0,0.6666666666666666,0.9906890130353817,0.0
0.9296619411123228,0.6666666666666666,1.0,0.07692307692307693,0.3333333333333333,0.7222222222222221,1.0,0.6666666666666666,0.5,0.3333333333333333,0.6000000000000001,0.6666666666666666,0.16666666666666666,0.3333333333333333,0.0,0.6666666666666666,0.3333333333333333,0.2509669101847873,0.0
0.9302071973827699,0.6666666666666666,0.0,0.6923076923076923,0.6666666666666666,0.49999999999999994,1.0,1.0,0.5,0.3333333333333333,0.2,0.3333333333333333,0.0,0.3333333333333333,0.6666666666666666,0.6666666666666666,0.3333333333333333,0.3054003724394786,0.0
0.930752453653217,0.3333333333333333,0.5,1.0,0.5,0.6111111111111112,0.0,0.3333333333333333,0.0,0.0,0.6000000000000001,0.3333333333333333,0.16666666666666666,0.6666666666666666,0.0,0.3333333333333333,0.6666666666666666,0.14868929952728838,0.0
0.9312977099236641,1.0,0.5,0.9230769230769231,0.5,0.6111111111111112,1.0,0.0,1.0,1.0,0.0,1.0,0.08333333333333333,0.0,0.0,1.0,0.0,0.6108007448789572,0.0
0.9318429661941112,0.6666666666666666,0.5,0.07692307692307693,0.5,0.2222222222222222,0.0,1.0,1.0,0.3333333333333333,0.6000000000000001,0.6666666666666666,0.0,0.3333333333333333,1.0,0.6666666666666666,0.3333333333333333,0.05099555937544765,0.0
0.9329334787350055,0.3333333333333333,0.5,0.3076923076923077,0.5,0.0,0.0,0.3333333333333333,1.0,0.0,0.2,0.3333333333333333,0.25,0.3333333333333333,0.6666666666666666,0.3333333333333333,0.3333333333333333,0.5185503509525856,0.0
0.9334787350054526,0.3333333333333333,0.5,0.38461538461538464,0.3333333333333333,0.2222222222222222,0.0,1.0,1.0,0.0,1.0,0.3333333333333333,0.08333333333333333,0.0,0.0,0.3333333333333333,0.0,0.18994413407821228,0.0
0.9340239912758997,0.3333333333333333,0.5,0.9230769230769231,0.3333333333333333,0.8888888888888888,0.5,0.3333333333333333,1.0,0.0,0.2,0.6666666666666666,0.08333333333333333,1.0,1.0,0.3333333333333333,1.0,0.3353387766795588,0.0
0.9345692475463468,0.3333333333333333,0.5,0.15384615384615385,0.3333333333333333,0.1111111111111111,0.5,0.3333333333333333,0.0,0.0,0.6000000000000001,0.0,0.3333333333333333,0.6666666666666666,0.3333333333333333,0.3333333333333333,0.6666666666666666,0.4251539893997995,0.0
0.935114503816794,0.6666666666666666,0.5,0.9230769230769231,0.5,0.27777777777777773,1.0,0.0,0.5,0.3333333333333333,0.6000000000000001,0.0,0.0,0.0,0.3333333333333333,0.6666666666666666,0.0,0.06216874373298954,0.0
0.935659760087241,0.3333333333333333,1.0,0.5384615384615385,0.5,0.7777777777777777,0.0,0.3333333333333333,1.0,0.0,0.6000000000000001,1.0,0.0,0.0,1.0,0.3333333333333333,0.0,0.33705772811918067,0.0
0.9362050163576882,0.0,0.5,0.0,0.16666666666666666,0.6111111111111112,0.5,0.3333333333333333,0.5,0.6666666666666666,0.4,0.6666666666666666,0.08333333333333333,0.0,1.0,0.0,0.0,0.6562097120756339,0.0
0.9367502726281353,0.3333333333333333,0.5,0.5384615384615385,0.5,0.9444444444444444,0.5,0.6666666666666666,0.5,0.0,0.2,0.0,0.0,1.0,0.3333333333333333,0.3333333333333333,1.0,0.5933247385761352,0.0
0.9372955288985824,0.3333333333333333,0.5,0.9230769230769231,0.5,0.8333333333333333,0.5,1.0,1.0,0.0,1.0,0.3333333333333333,0.08333333333333333,0.0,0.3333333333333333,0.3333333333333333,0.0,0.38619109010170466,0.0
0.9378407851690295,0.3333333333333333,0.0,0.3076923076923077,0.16666666666666666,0.9444444444444444,0.5,0.0,0.0,0.0,0.8,0.3333333333333333,0.16666666666666666,0.0,0.3333333333333333,0.3333333333333333,0.0,0.5738432889270878,0.0
0.9389312977099237,0.6666666666666666,0.0,0.46153846153846156,0.6666666666666666,0.1111111111111111,0.5,0.6666666666666666,1.0,0.3333333333333333,0.0,0.3333333333333333,0.0,0.3333333333333333,0.3333333333333333,0.6666666666666666,0.3333333333333333,0.3950723392064174,0.0
0.9394765539803708,0.6666666666666666,0.5,0.15384615384615385,0.3333333333333333,0.05555555555555555,0.5,1.0,1.0,0.3333333333333333,0.6000000000000001,1.0,0.3333333333333333,1.0,1.0,0.6666666666666666,1.0,0.8369861051425297,0.0
0.9400218102508179,0.3333333333333333,1.0,0.07692307692307693,0.3333333333333333,0.6666666666666665,1.0,1.0,0.5,0.0,0.2,0.3333333333333333,0.16666666666666666,1.0,0.0,0.3333333333333333,1.0,0.3343360550064461,0.0
0.940567066521265,0.3333333333333333,0.0,0.9230769230769231,0.16666666666666666,0.4444444444444445,1.0,1.0,0.5,0.0,0.0,0.0,0.08333333333333333,0.6666666666666666,0.0,0.3333333333333333,0.6666666666666666,0.25669674831686007,0.0
0.9411123227917122,0.6666666666666666,0.5,0.07692307692307693,0.6666666666666666,0.4444444444444445,0.5,1.0,1.0,0.3333333333333333,0.0,0.3333333333333333,0.3333333333333333,0.6666666666666666,1.0,0.6666666666666666,0.6666666666666666,0.46125196963185794,0.0
0.9416575790621593,0.0,1.0,0.6923076923076923,0.0,0.6111111111111112,0.5,0.6666666666666666,0.5,0.6666666666666666,0.4,0.6666666666666666,0.08333333333333333,0.0,0.6666666666666666,0.0,0.0,0.9719237931528434,0.0
0.9422028353326064,0.3333333333333333,1.0,0.6153846153846154,0.3333333333333333,0.16666666666666669,1.0,0.3333333333333333,1.0,0.0,0.8,1.0,0.16666666666666666,0.6666666666666666,0.6666666666666666,0.3333333333333333,0.6666666666666666,0.23248818220885262,0.0
0.9427480916030535,0.3333333333333333,0.5,0.46153846153846156,0.5,0.6111111111111112,0.5,0.0,0.5,0.0,0.0,1.0,0.16666666666666666,0.0,0.6666666666666666,0.3333333333333333,0.0,0.3373442200257843,0.0
0.9432933478735006,0.3333333333333333,1.0,0.9230769230769231,0.16666666666666666,1.0,1.0,0.3333333333333333,1.0,0.0,0.6000000000000001,0.3333333333333333,0.08333333333333333,1.0,1.0,0.3333333333333333,1.0,0.671966766938834,0.0
0.9449291166848419,0.3333333333333333,0.0,1.0,0.16666666666666666,0.05555555555555555,1.0,0.3333333333333333,0.5,0.0,0.6000000000000001,0.6666666666666666,0.3333333333333333,0.6666666666666666,0.0,0.3333333333333333,0.6666666666666666,0.6797020484171322,0.0
0.945474372955289,0.6666666666666666,1.0,0.07692307692307693,0.6666666666666666,0.49999999999999994,1.0,0.6666666666666666,0.0,0.3333333333333333,0.4,0.6666666666666666,0.25,1.0,0.6666666666666666,0.6666666666666666,1.0,0.4694169889700616,0.0
0.9460196292257361,0.0,0.5,0.07692307692307693,0.16666666666666666,0.3333333333333333,0.5,0.6666666666666666,0.0,0.6666666666666666,1.0,0.0,0.3333333333333333,0.3333333333333333,0.6666666666666666,0.0,0.3333333333333333,0.8475863056868643,0.0
0.9465648854961832,0.0,0.5,0.0,0.16666666666666666,0.7777777777777777,1.0,1.0,0.5,0.6666666666666666,0.4,0.6666666666666666,0.25,0.3333333333333333,0.3333333333333333,0.0,0.3333333333333333,0.761495487752471,0.0
0.9471101417666303,1.0,0.0,0.15384615384615385,0.6666666666666666,0.4444444444444445,0.0,0.0,1.0,1.0,0.0,0.0,0.08333333333333333,0.3333333333333333,1.0,1.0,0.3333333333333333,0.6340065893138519,0.0
0.9476553980370774,0.3333333333333333,1.0,1.0,0.16666666666666666,0.7777777777777777,0.5,0.0,0.0,0.0,0.6000000000000001,0.3333333333333333,0.3333333333333333,1.0,0.3333333333333333,0.3333333333333333,1.0,0.7127918636298525,0.0
0.9482006543075245,0.3333333333333333,1.0,0.38461538461538464,0.5,1.0,1.0,0.0,0.5,0.0,0.4,1.0,0.16666666666666666,0.3333333333333333,0.3333333333333333,0.3333333333333333,0.3333333333333333,0.3807477438762355,0.0
0.9487459105779716,0.6666666666666666,1.0,0.0,0.3333333333333333,0.7777777777777777,0.0,0.3333333333333333,0.0,0.3333333333333333,0.0,0.0,0.16666666666666666,0.0,0.0,0.6666666666666666,0.0,0.3585446211144535,0.0
0.949836423118866,0.3333333333333333,1.0,0.15384615384615385,0.3333333333333333,0.3888888888888889,0.0,0.0,0.0,0.0,0.4,0.6666666666666666,0.0,0.3333333333333333,0.0,0.3333333333333333,0.3333333333333333,0.04369001575705486,0.0
0.9503816793893131,0.3333333333333333,1.0,0.3076923076923077,0.5,0.2222222222222222,1.0,0.6666666666666666,0.5,0.0,1.0,1.0,0.16666666666666666,0.0,1.0,0.3333333333333333,0.0,0.3361982523993697,0.0
0.9509269356597602,0.3333333333333333,1.0,0.38461538461538464,0.5,0.5555555555555556,0.0,0.6666666666666666,0.5,0.0,0.6000000000000001,0.3333333333333333,0.16666666666666666,0.6666666666666666,1.0,0.3333333333333333,0.6666666666666666,0.12462397937258271,0.0
0.9514721919302073,0.6666666666666666,0.0,0.15384615384615385,0.3333333333333333,0.3888888888888889,1.0,0.0,1.0,0.3333333333333333,0.0,0.3333333333333333,0.3333333333333333,0.3333333333333333,0.3333333333333333,0.6666666666666666,0.3333333333333333,0.501504082509669,0.0
0.9520174482006544,1.0,0.0,0.46153846153846156,0.6666666666666666,1.0,0.0,0.6666666666666666,0.5,1.0,0.4,1.0,0.16666666666666666,1.0,1.0,1.0,1.0,0.9971350809339636,0.0
0.9525627044711015,0.0,0.0,0.6923076923076923,0.0,0.27777777777777773,0.0,0.3333333333333333,0.5,0.6666666666666666,0.4,0.3333333333333333,0.0,0.6666666666666666,0.3333333333333333,0.0,0.6666666666666666,0.9371150265005014,0.0
0.9531079607415486,1.0,1.0,1.0,0.6666666666666666,0.16666666666666669,0.5,1.0,0.0,1.0,0.2,0.0,0.08333333333333333,0.3333333333333333,0.6666666666666666,1.0,0.3333333333333333,0.6699613235926085,0.0
0.9536532170119957,0.6666666666666666,0.5,0.23076923076923078,0.5,0.05555555555555555,0.0,0.6666666666666666,0.0,0.3333333333333333,1.0,0.3333333333333333,0.3333333333333333,1.0,0.0,0.6666666666666666,1.0,0.7500358114883254,0.0
0.9541984732824428,0.6666666666666666,1.0,0.0,0.5,0.6111111111111112,0.0,0.0,0.0,0.3333333333333333,0.8,0.0,0.0,0.0,1.0,0.6666666666666666,0.0,0.06431743303251683,0.0
0.9547437295528899,0.3333333333333333,0.5,0.9230769230769231,0.5,0.5555555555555556,0.0,0.0,0.5,0.0,0.2,0.6666666666666666,0.16666666666666666,1.0,1.0,0.3333333333333333,1.0,0.24910471279186364,0.0
0.9558342420937841,0.6666666666666666,1.0,0.3076923076923077,0.5,0.49999999999999994,1.0,0.3333333333333333,1.0,0.3333333333333333,0.8,0.0,0.25,0.6666666666666666,1.0,0.6666666666666666,0.6666666666666666,0.1824953445065177,0.0
0.9563794983642312,0.6666666666666666,0.5,0.9230769230769231,0.6666666666666666,0.4444444444444445,1.0,1.0,0.0,0.3333333333333333,0.4,0.0,0.08333333333333333,0.6666666666666666,0.3333333333333333,0.6666666666666666,0.6666666666666666,0.22231771952442342,0.0
0.9569247546346783,1.0,0.5,0.5384615384615385,0.8333333333333333,0.3888888888888889,0.5,1.0,1.0,1.0,0.8,0.6666666666666666,0.0,0.0,0.0,1.0,0.0,0.8924222890703337,0.0
0.9574700109051254,0.3333333333333333,0.5,0.3076923076923077,0.5,1.0,1.0,0.0,0.0,0.0,0.0,0.3333333333333333,0.08333333333333333,0.6666666666666666,0.3333333333333333,0.3333333333333333,0.6666666666666666,0.4625411832115743,0.0
0.9580152671755726,0.6666666666666666,0.5,0.3076923076923077,0.6666666666666666,0.6666666666666665,0.5,0.3333333333333333,1.0,0.3333333333333333,0.8,0.0,0.3333333333333333,0.3333333333333333,0.0,0.6666666666666666,0.3333333333333333,0.5709783698610514,0.0
0.9585605234460197,0.6666666666666666,0.5,0.5384615384615385,0.3333333333333333,0.0,1.0,0.0,0.5,0.3333333333333333,0.4,0.3333333333333333,0.3333333333333333,0.6666666666666666,1.0,0.6666666666666666,0.6666666666666666,0.6769803753043976,0.0
0.9591057797164668,0.6666666666666666,1.0,0.8461538461538463,0.5,1.0,0.5,0.6666666666666666,1.0,0.3333333333333333,0.2,0.6666666666666666,0.0,0.6666666666666666,1.0,0.6666666666666666,0.6666666666666666,0.4969202120040109,0.0
0.9596510359869139,0.3333333333333333,1.0,1.0,0.16666666666666666,0.05555555555555555,1.0,0.0,0.5,0.0,0.2,1.0,0.0,1.0,0.6666666666666666,0.3333333333333333,1.0,0.6872940839421285,0.0
0.960196292257361,0.6666666666666666,0.5,0.7692307692307693,0.6666666666666666,0.8888888888888888,0.0,0.3333333333333333,0.0,0.3333333333333333,0.2,0.0,0.25,1.0,0.3333333333333333,0.6666666666666666,1.0,0.5679702048417132,0.0
0.9607415485278081,0.3333333333333333,1.0,0.6923076923076923,0.3333333333333333,0.3888888888888889,1.0,0.3333333333333333,0.5,0.0,0.4,0.0,0.08333333333333333,0.3333333333333333,0.0,0.3333333333333333,0.3333333333333333,0.10385331614381894,0.0
0.9618320610687023,1.0,0.5,0.5384615384615385,0.6666666666666666,0.1111111111111111,1.0,0.3333333333333333,0.0,1.0,0.4,0.3333333333333333,0.25,0.6666666666666666,0.3333333333333333,1.0,0.6666666666666666,0.7775390345222748,0.0
0.9623773173391494,0.3333333333333333,1.0,0.6153846153846154,0.16666666666666666,0.6666666666666665,1.0,0.6666666666666666,0.5,0.0,0.8,1.0,0.25,0.6666666666666666,0.3333333333333333,0.3333333333333333,0.6666666666666666,0.3555364560951153,0.0
0.9629225736095965,0.6666666666666666,0.0,0.46153846153846156,0.3333333333333333,0.7777777777777777,0.0,0.0,0.0,0.3333333333333333,0.2,0.0,0.16666666666666666,0.3333333333333333,0.0,0.6666666666666666,0.3333333333333333,0.23750179057441625,0.0
0.9634678298800436,0.6666666666666666,1.0,0.46153846153846156,0.5,0.05555555555555555,0.5,0.0,0.0,0.3333333333333333,1.0,0.0,0.3333333333333333,0.6666666666666666,0.3333333333333333,0.6666666666666666,0.6666666666666666,0.5384615384615385,0.0
0.9640130861504908,0.3333333333333333,0.0,0.46153846153846156,0.5,0.5555555555555556,0.5,0.0,0.5,0.0,0.8,0.0,0.0,0.6666666666666666,1.0,0.3333333333333333,0.6666666666666666,0.1372296232631428,0.0
0.9645583424209379,0.6666666666666666,0.5,0.38461538461538464,0.5,0.1111111111111111,0.0,1.0,0.5,0.3333333333333333,0.8,0.6666666666666666,0.25,1.0,0.6666666666666666,0.6666666666666666,1.0,0.4268729408394213,0.0
0.965103598691385,0.3333333333333333,0.0,0.3076923076923077,0.5,0.4444444444444445,0.5,0.0,0.0,0.0,0.4,0.0,0.3333333333333333,0.3333333333333333,1.0,0.3333333333333333,0.3333333333333333,0.3407821229050279,0.0
0.9656488549618321,0.6666666666666666,1.0,0.38461538461538464,0.5,1.0,0.5,0.6666666666666666,0.5,0.3333333333333333,0.4,0.0,0.0,0.3333333333333333,1.0,0.6666666666666666,0.3333333333333333,0.4495058014611087,0.0
0.9661941112322792,0.6666666666666666,1.0,0.07692307692307693,0.3333333333333333,0.1111111111111111,1.0,0.6666666666666666,0.5,0.3333333333333333,0.2,0.0,0.0,0.6666666666666666,0.6666666666666666,0.6666666666666666,0.6666666666666666,0.3092680131786277,0.0
0.9667393675027264,0.6666666666666666,1.0,0.46153846153846156,0.3333333333333333,0.9444444444444444,0.5,0.0,1.0,0.3333333333333333,0.4,0.3333333333333333,0.0,0.0,1.0,0.6666666666666666,0.0,0.4615384615384615,0.0
0.9678298800436206,0.3333333333333333,0.5,0.38461538461538464,0.5,0.6666666666666665,0.5,1.0,0.5,0.0,1.0,0.0,0.0,0.6666666666666666,0.0,0.3333333333333333,0.6666666666666666,0.21057155135367425,0.0
0.9683751363140677,0.6666666666666666,0.5,0.6153846153846154,0.5,0.6666666666666665,1.0,0.0,1.0,0.3333333333333333,1.0,1.0,0.16666666666666666,1.0,0.6666666666666666,0.6666666666666666,1.0,0.29236499068901306,0.0
0.9689203925845148,0.6666666666666666,0.5,0.15384615384615385,0.6666666666666666,0.05555555555555555,1.0,0.6666666666666666,1.0,0.3333333333333333,0.0,0.0,0.3333333333333333,0.3333333333333333,0.6666666666666666,0.6666666666666666,0.3333333333333333,0.74487895716946,0.0
0.9694656488549619,0.6666666666666666,1.0,0.7692307692307693,0.3333333333333333,0.05555555555555555,0.5,0.0,0.0,0.3333333333333333,0.2,1.0,0.16666666666666666,0.0,0.3333333333333333,0.6666666666666666,0.0,0.5881678842572697,0.0
0.970010905125409,1.0,0.0,0.46153846153846156,0.6666666666666666,0.05555555555555555,0.5,1.0,0.0,1.0,0.8,1.0,0.25,0.0,0.0,1.0,0.0,0.9056009167741012,0.0
0.9705561613958561,0.3333333333333333,0.5,0.6923076923076923,0.5,0.7777777777777777,0.5,0.3333333333333333,0.0,0.0,0.8,0.0,0.25,0.3333333333333333,0.3333333333333333,0.3333333333333333,0.3333333333333333,0.24423435037960178,0.0
0.9711014176663032,0.6666666666666666,0.5,0.8461538461538463,0.6666666666666666,0.0,1.0,0.0,0.0,0.3333333333333333,0.6000000000000001,1.0,0.3333333333333333,0.3333333333333333,1.0,0.6666666666666666,0.3333333333333333,0.8348374158430024,0.0
0.9716466739367503,0.6666666666666666,1.0,0.23076923076923078,0.6666666666666666,0.2222222222222222,0.0,0.6666666666666666,1.0,0.3333333333333333,0.8,0.0,0.0,1.0,0.0,0.6666666666666666,1.0,0.5506374444921931,0.0
0.9721919302071974,0.3333333333333333,1.0,0.07692307692307693,0.16666666666666666,0.2222222222222222,0.0,0.6666666666666666,0.5,0.0,0.6000000000000001,0.0,0.25,0.0,1.0,0.3333333333333333,0.0,0.49333906317146536,0.0
0.9732824427480916,0.6666666666666666,0.0,0.6153846153846154,0.6666666666666666,0.0,0.5,0.0,0.0,0.3333333333333333,0.2,1.0,0.25,1.0,0.3333333333333333,0.6666666666666666,1.0,0.7494628276751182,0.0
0.9738276990185387,0.6666666666666666,0.5,0.7692307692307693,0.5,0.3333333333333333,0.0,0.0,0.0,0.3333333333333333,0.2,0.0,0.0,1.0,0.3333333333333333,0.6666666666666666,1.0,0.32301962469560236,0.0
0.9743729552889858,1.0,0.0,0.7692307692307693,0.5,0.05555555555555555,0.0,0.0,0.0,1.0,0.8,0.0,0.16666666666666666,0.6666666666666666,0.0,1.0,0.6666666666666666,0.7524709926944564,0.0
0.9749182115594329,1.0,0.0,0.5384615384615385,0.5,0.8333333333333333,0.5,1.0,0.0,1.0,0.6000000000000001,0.0,0.3333333333333333,0.6666666666666666,0.0,1.0,0.6666666666666666,0.8740868070477009,0.0
0.9754634678298801,0.3333333333333333,0.0,0.0,0.3333333333333333,0.4444444444444445,0.5,0.6666666666666666,1.0,0.0,0.2,0.3333333333333333,0.3333333333333333,0.3333333333333333,0.6666666666666666,0.3333333333333333,0.3333333333333333,0.37243947858473,0.0
0.9760087241003272,0.3333333333333333,0.5,0.9230769230769231,0.16666666666666666,0.6111111111111112,0.5,0.3333333333333333,0.5,0.0,1.0,1.0,0.25,0.3333333333333333,1.0,0.3333333333333333,0.3333333333333333,0.3086950293654204,0.0
0.9765539803707743,0.3333333333333333,1.0,0.07692307692307693,0.16666666666666666,0.5555555555555556,0.0,0.6666666666666666,0.5,0.0,0.2,1.0,0.25,0.3333333333333333,0.6666666666666666,0.3333333333333333,0.3333333333333333,0.32087093539607503,0.0
0.9770992366412214,1.0,0.5,0.0,0.5,0.05555555555555555,0.0,0.0,0.0,1.0,0.2,0.6666666666666666,0.0,0.3333333333333333,0.3333333333333333,1.0,0.3333333333333333,0.6007735281478298,0.0
0.9776444929116686,0.6666666666666666,0.0,0.15384615384615385,0.5,0.49999999999999994,0.5,1.0,1.0,0.3333333333333333,0.6000000000000001,0.6666666666666666,0.16666666666666666,0.3333333333333333,0.0,0.6666666666666666,0.3333333333333333,0.17819796590746312,0.0
0.9787350054525628,0.3333333333333333,1.0,0.3076923076923077,0.5,0.8888888888888888,1.0,1.0,1.0,0.0,0.0,0.0,0.16666666666666666,0.3333333333333333,0.6666666666666666,0.3333333333333333,0.3333333333333333,0.1855035095258559,0.0
0.9792802617230099,0.6666666666666666,0.5,0.8461538461538463,0.6666666666666666,0.16666666666666669,0.0,0.6666666666666666,1.0,0.3333333333333333,0.2,1.0,0.08333333333333333,0.0,1.0,0.6666666666666666,0.0,0.4016616530583011,0.0
0.979825517993457,0.6666666666666666,0.5,0.46153846153846156,0.5,0.8888888888888888,1.0,0.3333333333333333,0.0,0.3333333333333333,0.4,0.6666666666666666,0.16666666666666666,1.0,0.3333333333333333,0.6666666666666666,1.0,0.30497063457957313,0.0
0.9803707742639041,0.6666666666666666,0.5,0.23076923076923078,0.3333333333333333,0.05555555555555555,0.0,0.6666666666666666,0.5,0.3333333333333333,0.0,0.0,0.25,0.0,0.0,0.6666666666666666,0.0,0.6083655636728262,0.0
0.9809160305343512,0.0,1.0,0.07692307692307693,0.16666666666666666,0.5555555555555556,0.0,0.0,1.0,0.6666666666666666,0.2,0.6666666666666666,0.3333333333333333,0.3333333333333333,0.0,0.0,0.3333333333333333,0.7973069760779258,0.0
0.9814612868047983,0.6666666666666666,0.5,0.15384615384615385,0.5,0.6666666666666665,0.0,1.0,0.0,0.3333333333333333,0.0,0.6666666666666666,0.0,0.0,0.3333333333333333,0.6666666666666666,0.0,0.10915341641598625,0.0
0.9820065430752454,0.3333333333333333,1.0,0.5384615384615385,0.5,0.6666666666666665,0.5,0.0,1.0,0.0,1.0,0.0,0.3333333333333333,1.0,0.3333333333333333,0.3333333333333333,1.0,0.5595186935969059,0.0
0.9825517993456925,0.3333333333333333,0.5,0.6923076923076923,0.16666666666666666,0.6666666666666665,0.0,0.6666666666666666,0.0,0.0,1.0,0.0,0.25,1.0,0.3333333333333333,0.3333333333333333,1.0,0.5073771665950437,0.0
0.9830970556161396,0.3333333333333333,0.0,0.7692307692307693,0.16666666666666666,0.3888888888888889,0.0,0.6666666666666666,0.5,0.0,0.8,1.0,0.3333333333333333,0.6666666666666666,0.3333333333333333,0.3333333333333333,0.6666666666666666,0.4569545910328033,0.0
0.9841875681570339,1.0,1.0,0.15384615384615385,0.5,0.5555555555555556,1.0,0.3333333333333333,0.5,1.0,0.0,0.3333333333333333,0.0,0.0,0.3333333333333333,1.0,0.0,0.4982094255837273,0.0
0.984732824427481,0.3333333333333333,0.0,0.23076923076923078,0.5,0.7777777777777777,0.5,0.3333333333333333,0.5,0.0,0.4,0.0,0.3333333333333333,0.0,0.6666666666666666,0.3333333333333333,0.0,0.5639593181492623,0.0
0.9852780806979281,0.6666666666666666,1.0,0.9230769230769231,0.5,0.9444444444444444,1.0,1.0,0.0,0.3333333333333333,1.0,0.0,0.08333333333333333,0.0,0.0,0.6666666666666666,0.0,0.38919925512104286,0.0
0.9858233369683752,0.6666666666666666,0.0,0.46153846153846156,0.3333333333333333,0.1111111111111111,1.0,0.0,0.0,0.3333333333333333,0.2,1.0,0.25,0.6666666666666666,0.0,0.6666666666666666,0.6666666666666666,0.31800601633003867,0.0
0.9863685932388223,0.6666666666666666,0.5,0.38461538461538464,0.3333333333333333,0.05555555555555555,0.0,0.6666666666666666,0.5,0.3333333333333333,1.0,0.6666666666666666,0.25,0.0,0.3333333333333333,0.6666666666666666,0.0,0.6083655636728262,0.0
0.9869138495092694,0.3333333333333333,0.5,0.07692307692307693,0.3333333333333333,0.8333333333333333,0.0,0.0,0.0,0.0,0.4,1.0,0.16666666666666666,1.0,0.3333333333333333,0.3333333333333333,1.0,0.29623263142816214,0.0
0.9874591057797165,0.3333333333333333,0.0,0.0,0.3333333333333333,0.0,0.0,0.6666666666666666,0.0,0.0,0.4,0.3333333333333333,0.3333333333333333,0.0,1.0,0.3333333333333333,0.0,0.8632001145967626,0.0
0.9880043620501636,0.3333333333333333,1.0,0.9230769230769231,0.16666666666666666,0.9444444444444444,1.0,1.0,0.5,0.0,1.0,1.0,0.25,0.3333333333333333,0.6666666666666666,0.3333333333333333,0.3333333333333333,0.4959174903308981,0.0
0.9885496183206107,0.3333333333333333,0.0,0.3076923076923077,0.16666666666666666,0.3333333333333333,1.0,0.3333333333333333,1.0,0.0,0.0,0.3333333333333333,0.16666666666666666,0.0,1.0,0.3333333333333333,0.0,0.33361982523993694,0.0
0.9890948745910578,0.3333333333333333,1.0,0.8461538461538463,0.5,0.6666666666666665,0.0,0.6666666666666666,1.0,0.0,0.8,0.0,0.16666666666666666,0.6666666666666666,0.3333333333333333,0.3333333333333333,0.6666666666666666,0.20011459676264146,0.0
0.9896401308615049,0.3333333333333333,0.5,1.0,0.16666666666666666,0.3888888888888889,0.0,0.0,0.5,0.0,0.4,0.3333333333333333,0.0,1.0,0.0,0.3333333333333333,1.0,0.38833977940123193,0.0
0.990185387131952,0.3333333333333333,0.5,0.9230769230769231,0.16666666666666666,0.3333333333333333,0.0,0.0,0.5,0.0,0.8,0.6666666666666666,0.0,0.3333333333333333,0.0,0.3333333333333333,0.3333333333333333,0.15126772668672112,0.0
0.9907306434023991,0.0,0.5,0.15384615384615385,0.16666666666666666,0.4444444444444445,0.0,0.0,1.0,0.6666666666666666,0.4,0.3333333333333333,0.08333333333333333,0.6666666666666666,0.3333333333333333,0.0,0.6666666666666666,0.732130067325598,0.0
0.9912758996728462,0.6666666666666666,0.5,0.6923076923076923,0.3333333333333333,0.6111111111111112,1.0,1.0,1.0,0.3333333333333333,0.0,0.3333333333333333,0.0,1.0,0.3333333333333333,0.6666666666666666,1.0,0.3611230482738863,0.0
0.9918211559432933,1.0,0.5,1.0,1.0,0.4444444444444445,1.0,1.0,1.0,1.0,0.6000000000000001,1.0,0.16666666666666666,0.6666666666666666,1.0,1.0,0.6666666666666666,0.9893997994556653,0.0
0.9923664122137406,0.3333333333333333,1.0,0.46153846153846156,0.16666666666666666,0.1111111111111111,1.0,0.3333333333333333,0.5,0.0,1.0,0.3333333333333333,0.3333333333333333,1.0,0.3333333333333333,0.3333333333333333,1.0,0.796447500358115,0.0
0.9929116684841877,0.3333333333333333,0.5,0.15384615384615385,0.5,0.2222222222222222,0.5,0.3333333333333333,0.0,0.0,0.8,0.3333333333333333,0.08333333333333333,0.3333333333333333,0.6666666666666666,0.3333333333333333,0.3333333333333333,0.11903738719381178,0.0
0.9934569247546348,0.6666666666666666,0.0,0.23076923076923078,0.3333333333333333,0.0,1.0,0.6666666666666666,0.0,0.3333333333333333,0.4,0.6666666666666666,0.08333333333333333,1.0,0.0,0.6666666666666666,1.0,0.7284056725397507,0.0
0.9940021810250819,0.6666666666666666,0.5,0.07692307692307693,0.5,0.05555555555555555,0.0,0.6666666666666666,0.0,0.3333333333333333,0.4,0.0,0.25,0.0,1.0,0.6666666666666666,0.0,0.5188368428591892,0.0
0.9950926935659761,0.3333333333333333,1.0,0.23076923076923078,0.3333333333333333,0.6666666666666665,0.5,1.0,1.0,0.0,0.8,1.0,0.16666666666666666,0.6666666666666666,0.0,0.3333333333333333,0.6666666666666666,0.20885259991405242,0.0
0.9956379498364232,0.6666666666666666,0.5,0.3076923076923077,0.5,0.0,0.5,0.3333333333333333,1.0,0.3333333333333333,0.8,0.0,0.0,0.0,0.3333333333333333,0.6666666666666666,0.0,0.3389199255121043,0.0
0.9961832061068703,0.3333333333333333,0.5,0.38461538461538464,0.16666666666666666,0.6666666666666665,1.0,1.0,0.0,0.0,0.6000000000000001,0.0,0.3333333333333333,1.0,0.6666666666666666,0.3333333333333333,1.0,0.6645179773671394,0.0
0.9967284623773174,0.3333333333333333,0.5,1.0,0.16666666666666666,0.1111111111111111,0.0,0.0,0.5,0.0,0.8,1.0,0.25,0.6666666666666666,0.6666666666666666,0.3333333333333333,0.6666666666666666,0.4268729408394213,0.0
0.9972737186477645,0.0,1.0,0.7692307692307693,0.0,0.9444444444444444,0.5,0.3333333333333333,0.0,0.6666666666666666,0.6000000000000001,0.3333333333333333,0.0,0.3333333333333333,0.0,0.0,0.3333333333333333,0.9712075633863343,0.0
0.9978189749182116,0.3333333333333333,0.0,0.38461538461538464,0.16666666666666666,0.49999999999999994,1.0,1.0,0.0,0.0,0.2,0.6666666666666666,0.0,1.0,1.0,0.3333333333333333,1.0,0.34679845294370437,0.0
0.9983642311886587,0.3333333333333333,0.5,0.46153846153846156,0.3333333333333333,0.6666666666666665,1.0,0.3333333333333333,1.0,0.0,0.4,0.0,0.25,0.6666666666666666,1.0,0.3333333333333333,0.6666666666666666,0.24022346368715083,0.0
0.9989094874591058,0.3333333333333333,0.5,0.07692307692307693,0.16666666666666666,0.6666666666666665,0.0,0.6666666666666666,0.5,0.0,0.2,0.3333333333333333,0.3333333333333333,0.0,0.0,0.3333333333333333,0.0,0.5834407677983097,0.0
0.0005452562704471102,0.3333333333333333,0.5,0.6153846153846154,0.5,0.0,1.0,0.0,0.5,0.0,0.6000000000000001,0.3333333333333333,0.16666666666666666,0.6666666666666666,0.0,0.3333333333333333,0.6666666666666666,0.4750035811488325,0.0
0.0010905125408942203,0.6666666666666666,0.0,0.15384615384615385,0.3333333333333333,0.27777777777777773,0.5,1.0,0.0,0.3333333333333333,1.0,0.0,0.16666666666666666,1.0,0.3333333333333333,0.6666666666666666,1.0,0.46612233204411974,0.0
0.0016357688113413306,0.6666666666666666,0.5,0.7692307692307693,0.6666666666666666,0.7777777777777777,0.0,0.0,0.0,0.3333333333333333,1.0,1.0,0.25,1.0,0.3333333333333333,0.6666666666666666,1.0,0.5510671823520985,0.0
0.0021810250817884407,0.0,0.0,0.3076923076923077,0.0,0.1111111111111111,0.5,0.3333333333333333,0.0,0.6666666666666666,0.6000000000000001,0.0,0.0,0.0,0.6666666666666666,0.0,0.0,0.9798023205844436,0.0
0.0027262813522355507,0.3333333333333333,0.5,0.5384615384615385,0.3333333333333333,0.6111111111111112,1.0,0.3333333333333333,1.0,0.0,0.0,1.0,0.16666666666666666,0.0,0.0,0.3333333333333333,0.0,0.2546913049706346,0.0
0.0032715376226826612,0.3333333333333333,1.0,0.9230769230769231,0.3333333333333333,0.1111111111111111,0.0,0.6666666666666666,0.5,0.0,0.4,0.0,0.3333333333333333,1.0,0.0,0.3333333333333333,1.0,0.6675261423864776,0.0
0.0038167938931297713,0.3333333333333333,1.0,0.46153846153846156,0.5,0.6666666666666665,1.0,1.0,0.0,0.0,0.2,0.3333333333333333,0.0,0.0,0.3333333333333333,0.3333333333333333,0.0,0.22819080360979802,0.0
0.004362050163576881,0.3333333333333333,1.0,0.0,0.5,0.9444444444444444,0.5,0.3333333333333333,0.0,0.0,0.4,0.0,0.25,0.3333333333333333,0.0,0.3333333333333333,0.3333333333333333,0.3854748603351955,0.0
0.004907306434023991,0.3333333333333333,0.5,0.23076923076923078,0.5,0.1111111111111111,0.5,0.3333333333333333,1.0,0.0,1.0,0.3333333333333333,0.25,0.0,0.0,0.3333333333333333,0.0,0.5244234350379602,0.0
0.0059978189749182115,0.3333333333333333,0.0,0.5384615384615385,0.16666666666666666,1.0,0.5,0.6666666666666666,0.5,0.0,1.0,0.6666666666666666,0.16666666666666666,0.0,0.6666666666666666,0.3333333333333333,0.0,0.6887265434751468,0.0
0.0065430752453653224,0.6666666666666666,0.0,0.8461538461538463,0.3333333333333333,0.9444444444444444,0.0,1.0,0.5,0.3333333333333333,0.4,0.6666666666666666,0.25,0.0,0.6666666666666666,0.6666666666666666,0.0,0.5691161724681277,0.0
0.0070883315158124325,0.3333333333333333,1.0,0.23076923076923078,0.3333333333333333,0.49999999999999994,1.0,1.0,0.5,0.0,1.0,0.6666666666666666,0.25,0.0,0.3333333333333333,0.3333333333333333,0.0,0.31227617819796594,0.0
0.0076335877862595426,0.6666666666666666,0.0,0.15384615384615385,0.6666666666666666,0.49999999999999994,0.0,0.6666666666666666,1.0,0.3333333333333333,0.6000000000000001,1.0,0.3333333333333333,1.0,0.3333333333333333,0.6666666666666666,1.0,0.5843002435181206,0.0
0.008178844056706653,0.3333333333333333,0.5,0.07692307692307693,0.16666666666666666,0.27777777777777773,1.0,0.6666666666666666,1.0,0.0,0.8,1.0,0.0,0.3333333333333333,0.0,0.3333333333333333,0.3333333333333333,0.14625411832115745,0.0
0.008724100327153763,1.0,0.0,0.9230769230769231,0.5,0.0,0.0,0.0,0.5,1.0,0.4,0.3333333333333333,0.25,0.3333333333333333,1.0,1.0,0.3333333333333333,0.8149262283340496,0.0
0.009269356597600873,0.0,0.0,0.15384615384615385,0.16666666666666666,0.3333333333333333,0.5,1.0,0.0,0.6666666666666666,0.2,0.6666666666666666,0.3333333333333333,0.0,0.3333333333333333,0.0,0.0,0.927087809769374,0.0
0.009814612868047983,0.6666666666666666,0.5,0.7692307692307693,0.6666666666666666,0.1111111111111111,1.0,0.0,0.5,0.3333333333333333,1.0,0.0,0.16666666666666666,1.0,0.3333333333333333,0.6666666666666666,1.0,0.6277037673685718,0.0
0.010905125408942203,0.0,0.0,0.8461538461538463,0.16666666666666666,0.7222222222222221,0.5,0.0,1.0,0.6666666666666666,0.8,0.6666666666666666,0.16666666666666666,0.3333333333333333,0.0,0.0,0.3333333333333333,0.6593611230482739,0.0
0.011450381679389313,0.0,0.0,0.9230769230769231,0.0,0.6666666666666665,1.0,0.0,1.0,0.6666666666666666,1.0,0.6666666666666666,0.0,0.0,0.6666666666666666,0.0,0.0,0.9979945566537746,0.0
0.011995637949836423,0.6666666666666666,0.5,0.46153846153846156,0.3333333333333333,0.16666666666666669,0.0,0.0,0.5,0.3333333333333333,0.0,0.0,0.16666666666666666,0.0,0.3333333333333333,0.6666666666666666,0.0,0.4409110442629996,0.0
0.012540894220283533,0.0,1.0,0.7692307692307693,0.16666666666666666,0.8888888888888888,0.0,0.3333333333333333,1.0,0.6666666666666666,0.6000000000000001,1.0,0.0,0.0,0.3333333333333333,0.0,0.0,0.8302535453373442,0.0
0.013086150490730645,0.3333333333333333,1.0,0.38461538461538464,0.5,0.8888888888888888,1.0,0.6666666666666666,1.0,0.0,0.0,0.3333333333333333,0.0,0.6666666666666666,0.0,0.3333333333333333,0.6666666666666666,0.31499785131070046,0.0
0.013631406761177755,0.3333333333333333,0.0,0.8461538461538463,0.5,0.1111111111111111,0.0,0.0,1.0,0.0,0.6000000000000001,0.6666666666666666,0.3333333333333333,1.0,0.0,0.3333333333333333,1.0,0.6745451940982667,0.0
0.014176663031624865,0.3333333333333333,0.5,0.7692307692307693,0.16666666666666666,0.6111111111111112,1.0,0.3333333333333333,0.0,0.0,0.6000000000000001,0.0,0.3333333333333333,0.0,0.3333333333333333,0.3333333333333333,0.0,0.5802893568256696,0.0
0.014721919302071975,0.3333333333333333,0.0,0.0,0.16666666666666666,0.49999999999999994,1.0,0.0,0.0,0.0,0.8,0.6666666666666666,0.0,0.0,0.0,0.3333333333333333,0.0,0.22332044119753616,0.0
0.015267175572519085,0.3333333333333333,1.0,0.0,0.3333333333333333,0.1111111111111111,0.0,0.3333333333333333,1.0,0.0,0.2,1.0,0.25,0.6666666666666666,1.0,0.3333333333333333,0.6666666666666666,0.2925082366423149,0.0
0.016357688113413305,0.3333333333333333,0.0,0.46153846153846156,0.5,0.8333333333333333,1.0,0.6666666666666666,0.5,0.0,0.4,0.3333333333333333,0.08333333333333333,0.0,0.3333333333333333,0.3333333333333333,0.0,0.38619109010170466,0.0
0.016902944383860415,0.3333333333333333,0.0,0.38461538461538464,0.3333333333333333,1.0,1.0,0.6666666666666666,1.0,0.0,0.2,0.3333333333333333,0.16666666666666666,0.3333333333333333,0.3333333333333333,0.3333333333333333,0.3333333333333333,0.4029508666380175,0.0
0.017448200654307525,0.0,0.5,1.0,0.16666666666666666,0.7222222222222221,0.5,0.3333333333333333,0.0,0.6666666666666666,0.6000000000000001,1.0,0.3333333333333333,0.0,1.0,0.0,0.0,0.8786706775533591,0.0
0.017993456924754635,1.0,1.0,0.38461538461538464,0.5,0.27777777777777773,0.0,0.0,0.0,1.0,0.0,0.3333333333333333,0.0,0.0,0.6666666666666666,1.0,0.0,0.4870362412261854,0.0
0.018538713195201745,0.0,1.0,0.15384615384615385,0.16666666666666666,0.27777777777777773,0.0,1.0,0.5,0.6666666666666666,0.6000000000000001,0.6666666666666666,0.25,0.6666666666666666,0.0,0.0,0.6666666666666666,0.7712362125769947,0.0
0.019083969465648856,0.0,0.0,0.38461538461538464,0.16666666666666666,0.3333333333333333,1.0,1.0,0.0,0.6666666666666666,0.2,0.6666666666666666,0.08333333333333333,0.0,0.6666666666666666,0.0,0.0,0.6663801747600631,0.0
0.019629225736095966,0.3333333333333333,0.5,0.07692307692307693,0.3333333333333333,0.27777777777777773,1.0,0.6666666666666666,0.5,0.0,0.6000000000000001,0.6666666666666666,0.3333333333333333,0.3333333333333333,0.0,0.3333333333333333,0.3333333333333333,0.4509382609941269,0.0
0.020174482006543076,0.6666666666666666,0.0,0.0,0.3333333333333333,0.5555555555555556,0.5,0.3333333333333333,0.0,0.3333333333333333,0.2,0.6666666666666666,0.0,0.3333333333333333,0.0,0.6666666666666666,0.3333333333333333,0.09010170462684429,0.0
0.020719738276990186,0.3333333333333333,1.0,0.9230769230769231,0.3333333333333333,0.6111111111111112,0.5,0.6666666666666666,1.0,0.0,0.6000000000000001,0.0,0.08333333333333333,0.0,1.0,0.3333333333333333,0.0,0.16201117318435754,0.0
0.021810250817884406,0.3333333333333333,0.5,0.8461538461538463,0.3333333333333333,0.2222222222222222,1.0,0.3333333333333333,0.0,0.0,0.2,0.0,0.08333333333333333,0.3333333333333333,0.6666666666666666,0.3333333333333333,0.3333333333333333,0.086377309840997,0.0
0.022355507088331516,0.0,0.0,0.6153846153846154,0.16666666666666666,0.27777777777777773,0.5,0.0,0.0,0.6666666666666666,0.8,0.3333333333333333,0.0,1.0,0.0,0.0,1.0,0.9550207706632288,0.0
0.022900763358778626,0.3333333333333333,1.0,0.3076923076923077,0.16666666666666666,0.8333333333333333,1.0,0.0,0.0,0.0,0.4,0.6666666666666666,0.16666666666666666,1.0,0.6666666666666666,0.3333333333333333,1.0,0.4295946139521558,0.0
0.023446019629225736,0.3333333333333333,0.0,0.38461538461538464,0.5,0.4444444444444445,0.5,0.0,1.0,0.0,0.6000000000000001,0.0,0.3333333333333333,0.0,0.6666666666666666,0.3333333333333333,0.0,0.4900444062455236,0.0
0.023991275899672846,0.6666666666666666,0.5,0.3076923076923077,0.5,0.16666666666666669,1.0,1.0,1.0,0.3333333333333333,1.0,0.0,0.25,0.3333333333333333,0.0,0.6666666666666666,0.3333333333333333,0.2909325311559948,0.0
0.024536532170119956,0.6666666666666666,1.0,0.46153846153846156,0.3333333333333333,0.3333333333333333,0.0,0.0,1.0,0.3333333333333333,0.4,0.6666666666666666,0.16666666666666666,0.6666666666666666,1.0,0.6666666666666666,0.6666666666666666,0.2576994699899728,0.0
0.025081788440567066,1.0,1.0,0.6153846153846154,0.6666666666666666,0.8333333333333333,0.0,0.3333333333333333,0.0,1.0,0.4,1.0,0.3333333333333333,1.0,0.0,1.0,1.0,0.932674401948145,0.0
0.025627044711014176,0.6666666666666666,0.0,0.46153846153846156,0.3333333333333333,0.49999999999999994,0.0,1.0,0.5,0.3333333333333333,1.0,0.6666666666666666,0.25,0.3333333333333333,0.0,0.6666666666666666,0.3333333333333333,0.3064030941125913,0.0
0.02617230098146129,0.3333333333333333,0.0,0.6923076923076923,0.3333333333333333,0.6666666666666665,0.0,1.0,0.0,0.0,1.0,0.3333333333333333,0.0,1.0,0.3333333333333333,0.3333333333333333,1.0,0.3172897865635296,0.0
0.02726281352235551,0.6666666666666666,0.5,0.38461538461538464,0.3333333333333333,0.6666666666666665,0.5,0.0,0.0,0.3333333333333333,0.6000000000000001,1.0,0.25,0.6666666666666666,0.0,0.6666666666666666,0.6666666666666666,0.31184644033806047,0.0
0.02780806979280262,0.3333333333333333,1.0,0.46153846153846156,0.5,0.3333333333333333,0.5,1.0,0.0,0.0,0.4,0.3333333333333333,0.25,0.3333333333333333,1.0,0.3333333333333333,0.3333333333333333,0.28348374158430023,0.0
0.02835332606324973,0.6666666666666666,0.5,0.46153846153846156,0.3333333333333333,0.1111111111111111,0.5,0.3333333333333333,0.5,0.3333333333333333,0.2,0.6666666666666666,0.0,0.3333333333333333,0.6666666666666666,0.6666666666666666,0.3333333333333333,0.23048273886262713,0.0
0.02889858233369684,0.3333333333333333,0.0,0.0,0.3333333333333333,0.3888888888888889,0.5,1.0,1.0,0.0,0.4,0.0,0.3333333333333333,0.0,1.0,0.3333333333333333,0.0,0.4573843288927088,0.0
0.02944383860414395,0.6666666666666666,0.0,0.9230769230769231,0.6666666666666666,0.0,0.0,0.3333333333333333,1.0,0.3333333333333333,0.4,0.3333333333333333,0.08333333333333333,1.0,0.0,0.6666666666666666,1.0,0.7973069760779258,0.0
0.02998909487459106,0.6666666666666666,0.0,0.5384615384615385,0.3333333333333333,0.7222222222222221,0.5,0.0,1.0,0.3333333333333333,0.0,1.0,0.16666666666666666,0.0,0.3333333333333333,0.6666666666666666,0.0,0.37057728119180633,0.0
0.03053435114503817,0.6666666666666666,0.5,0.46153846153846156,0.3333333333333333,0.9444444444444444,0.5,0.6666666666666666,1.0,0.3333333333333333,1.0,0.6666666666666666,0.08333333333333333,0.0,0.3333333333333333,0.6666666666666666,0.0,0.46798452943704344,0.0
0.03107960741548528,0.0,0.0,0.6153846153846154,0.16666666666666666,0.27777777777777773,0.5,1.0,1.0,0.6666666666666666,1.0,1.0,0.25,0.0,0.0,0.0,0.0,0.8070477009024496,0.0
0.03162486368593239,0.6666666666666666,1.0,0.8461538461538463,0.3333333333333333,0.4444444444444445,0.0,0.0,0.0,0.3333333333333333,0.4,0.3333333333333333,0.3333333333333333,1.0,0.0,0.6666666666666666,1.0,0.5732703051138806,0.0
0.0321701199563795,1.0,0.0,0.5384615384615385,0.8333333333333333,0.7777777777777777,0.0,0.6666666666666666,0.0,1.0,0.0,0.3333333333333333,0.16666666666666666,0.0,0.0,1.0,0.0,0.9093253115599484,0.0
0.03326063249727372,1.0,0.5,0.15384615384615385,0.5,1.0,0.5,0.0,0.5,1.0,0.6000000000000001,1.0,0.25,0.6666666666666666,1.0,1.0,0.6666666666666666,0.9240796447500359,0.0
0.03380588876772083,0.3333333333333333,0.5,0.9230769230769231,0.5,0.8333333333333333,1.0,0.0,1.0,0.0,0.6000000000000001,1.0,0.0,0.0,1.0,0.3333333333333333,0.0,0.3973642744592465,0.0
0.03435114503816794,0.6666666666666666,1.0,0.7692307692307693,0.6666666666666666,0.7777777777777777,0.5,0.0,0.5,0.3333333333333333,0.6000000000000001,0.3333333333333333,0.16666666666666666,0.0,1.0,0.6666666666666666,0.0,0.4251539893997995,0.0
0.03489640130861505,0.6666666666666666,0.5,0.6923076923076923,0.3333333333333333,0.8333333333333333,0.5,0.0,0.5,0.3333333333333333,1.0,0.6666666666666666,0.16666666666666666,0.6666666666666666,0.3333333333333333,0.6666666666666666,0.6666666666666666,0.370004297378599,0.0
0.03544165757906216,0.0,1.0,0.6153846153846154,0.16666666666666666,0.2222222222222222,1.0,0.3333333333333333,1.0,0.6666666666666666,1.0,0.0,0.08333333333333333,0.6666666666666666,0.0,0.0,0.6666666666666666,0.7637874230053001,0.0
0.03598691384950927,0.6666666666666666,0.0,0.6923076923076923,0.3333333333333333,0.6111111111111112,1.0,0.0,0.0,0.3333333333333333,0.8,0.0,0.0,0.3333333333333333,1.0,0.6666666666666666,0.3333333333333333,0.08179343933533878,0.0
0.03653217011995638,0.3333333333333333,0.0,1.0,0.16666666666666666,0.7777777777777777,0.0,0.6666666666666666,0.0,0.0,0.2,0.6666666666666666,0.3333333333333333,1.0,1.0,0.3333333333333333,1.0,0.7127918636298525,0.0
0.03707742639040349,0.6666666666666666,1.0,0.15384615384615385,0.5,0.0,0.5,0.6666666666666666,1.0,0.3333333333333333,0.4,0.3333333333333333,0.08333333333333333,0.3333333333333333,1.0,0.6666666666666666,0.3333333333333333,0.3682853459389772,0.0
0.0376226826608506,0.0,0.5,0.0,0.0,0.9444444444444444,0.5,0.3333333333333333,0.0,0.6666666666666666,0.0,0.6666666666666666,0.08333333333333333,0.6666666666666666,0.3333333333333333,0.0,0.6666666666666666,1.0,0.0
0.03816793893129771,0.3333333333333333,1.0,0.8461538461538463,0.5,0.05555555555555555,0.5,0.6666666666666666,1.0,0.0,0.0,0.0,0.0,1.0,0.0,0.3333333333333333,1.0,0.6470419710643175,0.0
0.03871319520174482,0.6666666666666666,0.5,0.38461538461538464,0.3333333333333333,0.8333333333333333,0.0,0.3333333333333333,1.0,0.3333333333333333,0.6000000000000001,0.6666666666666666,0.08333333333333333,1.0,0.3333333333333333,0.6666666666666666,1.0,0.43303251683139954,0.0
0.03925845147219193,0.3333333333333333,0.0,0.7692307692307693,0.16666666666666666,0.4444444444444445,0.5,0.6666666666666666,0.0,0.0,0.4,0.3333333333333333,0.0,1.0,0.0,0.3333333333333333,1.0,0.4012319151983957,0.0
0.03980370774263904,0.3333333333333333,0.5,0.7692307692307693,0.5,0.8888888888888888,0.0,0.6666666666666666,1.0,0.0,0.4,1.0,0.25,0.3333333333333333,0.0,0.3333333333333333,0.3333333333333333,0.29007305543618395,0.0
0.04034896401308615,0.6666666666666666,0.5,0.6923076923076923,0.5,0.9444444444444444,0.0,1.0,1.0,0.3333333333333333,0.0,1.0,0.25,0.3333333333333333,1.0,0.6666666666666666,0.3333333333333333,0.34493625555078067,0.0
0.04089422028353326,0.3333333333333333,0.5,0.5384615384615385,0.16666666666666666,0.9444444444444444,1.0,0.0,1.0,0.0,1.0,0.6666666666666666,0.08333333333333333,0.0,0.3333333333333333,0.3333333333333333,0.0,0.4843145681134508,0.0
0.04198473282442748,1.0,0.0,0.8461538461538463,0.5,0.16666666666666669,0.0,0.6666666666666666,0.5,1.0,1.0,0.6666666666666666,0.25,0.6666666666666666,0.3333333333333333,1.0,0.6666666666666666,0.7021916630855178,0.0
0.04252998909487459,0.3333333333333333,0.0,0.23076923076923078,0.3333333333333333,0.16666666666666669,1.0,1.0,1.0,0.0,0.4,0.0,0.0,0.3333333333333333,0.6666666666666666,0.3333333333333333,0.3333333333333333,0.11001289213579717,0.0
0.0430752453653217,0.3333333333333333,0.0,0.5384615384615385,0.3333333333333333,0.05555555555555555,0.0,0.3333333333333333,0.0,0.0,0.6000000000000001,1.0,0.08333333333333333,0.3333333333333333,0.6666666666666666,0.3333333333333333,0.3333333333333333,0.3213006732559805,0.0
0.04362050163576881,0.6666666666666666,1.0,0.07692307692307693,0.5,0.7222222222222221,1.0,0.6666666666666666,0.5,0.3333333333333333,0.0,0.6666666666666666,0.08333333333333333,0.3333333333333333,1.0,0.6666666666666666,0.3333333333333333,0.1484028076206847,0.0
0.04416575790621592,1.0,1.0,0.0,0.8333333333333333,0.3888888888888889,0.0,0.6666666666666666,1.0,1.0,0.0,0.3333333333333333,0.0,0.6666666666666666,0.0,1.0,0.6666666666666666,0.8813923506660937,0.0
0.04471101417666303,0.6666666666666666,0.0,0.0,0.3333333333333333,0.4444444444444445,0.5,0.0,0.0,0.3333333333333333,1.0,1.0,0.08333333333333333,1.0,0.0,0.6666666666666666,1.0,0.3213006732559805,0.0
0.04525627044711014,0.3333333333333333,0.5,0.07692307692307693,0.5,0.27777777777777773,0.0,0.6666666666666666,0.5,0.0,0.2,0.6666666666666666,0.3333333333333333,0.6666666666666666,0.3333333333333333,0.3333333333333333,0.6666666666666666,0.37616387337057733,0.0
0.04580152671755725,0.3333333333333333,1.0,0.7692307692307693,0.3333333333333333,0.27777777777777773,0.0,1.0,0.0,0.0,0.6000000000000001,0.6666666666666666,0.16666666666666666,0.0,1.0,0.3333333333333333,0.0,0.25239936971780547,0.0
0.04634678298800436,0.3333333333333333,0.0,0.6153846153846154,0.16666666666666666,0.6111111111111112,0.5,1.0,0.0,0.0,0.4,0.0,0.16666666666666666,0.6666666666666666,0.6666666666666666,0.3333333333333333,0.6666666666666666,0.280475576564962,0.0
0.04689203925845147,0.3333333333333333,1.0,0.6153846153846154,0.16666666666666666,0.8333333333333333,0.5,0.0,0.0,0.0,0.6000000000000001,1.0,0.3333333333333333,0.3333333333333333,1.0,0.3333333333333333,0.3333333333333333,0.6130926801317862,0.0
0.04743729552889858,0.6666666666666666,0.5,0.3076923076923077,0.3333333333333333,0.5555555555555556,0.5,0.6666666666666666,0.0,0.3333333333333333,1.0,1.0,0.0,1.0,0.6666666666666666,0.6666666666666666,1.0,0.3783125626701046,0.0
0.04798255179934569,0.3333333333333333,0.0,0.38461538461538464,0.3333333333333333,0.3333333333333333,0.5,0.3333333333333333,1.0,0.0,0.2,0.3333333333333333,0.0,0.0,0.3333333333333333,0.3333333333333333,0.0,0.15141097264002293,0.0
0.0485278080697928,0.6666666666666666,0.0,0.9230769230769231,0.5,0.05555555555555555,0.0,0.6666666666666666,1.0,0.3333333333333333,1.0,1.0,0.25,0.3333333333333333,0.3333333333333333,0.6666666666666666,0.3333333333333333,0.3973642744592465,0.0
0.04907306434023991,0.6666666666666666,0.0,0.07692307692307693,0.5,0.9444444444444444,0.0,0.0,0.5,0.3333333333333333,0.6000000000000001,0.6666666666666666,0.16666666666666666,0.6666666666666666,0.6666666666666666,0.6666666666666666,0.6666666666666666,0.3104139808050423,0.0
0.04961832061068702,0.0,1.0,0.38461538461538464,0.16666666666666666,0.5555555555555556,0.5,0.3333333333333333,0.0,0.6666666666666666,0.4,0.0,0.3333333333333333,0.3333333333333333,1.0,0.0,0.3333333333333333,0.7973069760779258,0.0
0.05016357688113413,0.6666666666666666,1.0,1.0,0.6666666666666666,0.05555555555555555,0.0,0.0,1.0,0.3333333333333333,0.0,1.0,0.25,1.0,1.0,0.6666666666666666,1.0,0.6680991261996849,0.0
0.05070883315158124,0.3333333333333333,0.5,0.9230769230769231,0.5,0.16666666666666669,0.0,1.0,1.0,0.0,0.6000000000000001,0.0,0.25,1.0,1.0,0.3333333333333333,1.0,0.4271594327460249,0.0
0.05125408942202835,0.0,1.0,1.0,0.16666666666666666,0.16666666666666669,0.5,1.0,0.5,0.6666666666666666,0.0,1.0,0.3333333333333333,0.3333333333333333,0.0,0.0,0.3333333333333333,0.9098982953731558,0.0
0.05179934569247546,0.3333333333333333,0.5,0.23076923076923078,0.3333333333333333,0.8888888888888888,0.5,1.0,1.0,0.0,0.8,0.3333333333333333,0.08333333333333333,1.0,0.3333333333333333,0.3333333333333333,1.0,0.3353387766795588,0.0
0.05234460196292258,0.0,0.5,0.07692307692307693,0.0,0.8888888888888888,1.0,1.0,0.0,0.6666666666666666,0.8,0.0,0.16666666666666666,0.3333333333333333,0.0,0.0,0.3333333333333333,0.9816645179773672,0.0
0.05398037077426391,1.0,0.0,0.23076923076923078,0.5,0.0,0.5,1.0,1.0,1.0,0.4,0.3333333333333333,0.0,0.0,0.3333333333333333,1.0,0.0,0.7368571837845581,0.0
0.05452562704471102,0.3333333333333333,1.0,0.38461538461538464,0.5,0.1111111111111111,0.0,0.0,0.5,0.0,0.2,0.0,0.08333333333333333,0.3333333333333333,0.3333333333333333,0.3333333333333333,0.3333333333333333,0.25798596189657647,0.0
0.05507088331515813,0.6666666666666666,0.0,0.7692307692307693,0.5,0.16666666666666669,1.0,0.3333333333333333,0.5,0.3333333333333333,0.0,1.0,0.16666666666666666,1.0,0.6666666666666666,0.6666666666666666,1.0,0.36241226185360265,0.0
0.05561613958560524,1.0,0.5,0.5384615384615385,0.5,0.05555555555555555,0.0,0.3333333333333333,0.0,1.0,0.2,0.6666666666666666,0.25,0.0,0.3333333333333333,1.0,0.0,0.8273886262713078,0.0
0.05616139585605235,0.6666666666666666,0.0,0.46153846153846156,0.5,0.0,0.0,0.3333333333333333,0.0,0.3333333333333333,0.0,1.0,0.3333333333333333,0.3333333333333333,0.3333333333333333,0.6666666666666666,0.3333333333333333,0.6665234207133649,0.0
0.05670665212649946,0.6666666666666666,0.0,0.6153846153846154,0.5,0.8888888888888888,0.0,0.6666666666666666,0.0,0.3333333333333333,0.0,1.0,0.3333333333333333,0.6666666666666666,0.6666666666666666,0.6666666666666666,0.6666666666666666,0.45938977223893424,0.0
0.05725190839694657,0.0,0.5,0.38461538461538464,0.0,0.3333333333333333,1.0,0.0,1.0,0.6666666666666666,0.2,1.0,0.25,0.6666666666666666,1.0,0.0,0.6666666666666666,0.9488611946712505,0.0
0.05779716466739368,0.6666666666666666,0.5,0.46153846153846156,0.5,0.16666666666666669,0.0,0.0,0.0,0.3333333333333333,0.4,1.0,0.25,1.0,1.0,0.6666666666666666,1.0,0.3675691161724681,0.0
0.0588876772082879,1.0,1.0,0.38461538461538464,0.5,0.7777777777777777,0.0,0.6666666666666666,0.5,1.0,0.6000000000000001,0.6666666666666666,0.3333333333333333,1.0,0.3333333333333333,1.0,1.0,0.9911187508952872,0.0
0.05943293347873501,0.6666666666666666,0.5,0.6153846153846154,0.6666666666666666,0.5555555555555556,0.5,1.0,1.0,0.3333333333333333,0.8,0.3333333333333333,0.16666666666666666,0.6666666666666666,0.0,0.6666666666666666,0.6666666666666666,0.21658788139235066,0.0
0.05997818974918212,0.3333333333333333,0.5,0.8461538461538463,0.5,0.7222222222222221,1.0,1.0,1.0,0.0,1.0,0.0,0.16666666666666666,0.3333333333333333,0.3333333333333333,0.3333333333333333,0.3333333333333333,0.15828677839851024,0.0
0.06052344601962923,0.6666666666666666,0.5,0.7692307692307693,0.3333333333333333,0.3333333333333333,0.0,0.0,0.5,0.3333333333333333,0.8,0.6666666666666666,0.3333333333333333,0.6666666666666666,0.0,0.6666666666666666,0.6666666666666666,0.40782122905027934,0.0
0.06106870229007634,0.6666666666666666,0.5,0.6153846153846154,0.5,0.7222222222222221,0.5,0.0,1.0,0.3333333333333333,0.2,1.0,0.3333333333333333,1.0,0.3333333333333333,0.6666666666666666,1.0,0.5500644606789858,0.0
0.06161395856052345,0.3333333333333333,0.5,0.7692307692307693,0.3333333333333333,0.9444444444444444,0.0,0.3333333333333333,0.0,0.0,0.0,1.0,0.25,0.3333333333333333,0.0,0.3333333333333333,0.3333333333333333,0.40882395072339206,0.0
0.06215921483097056,0.6666666666666666,0.0,1.0,0.5,0.49999999999999994,0.0,0.0,0.5,0.3333333333333333,0.4,0.0,0.3333333333333333,1.0,0.3333333333333333,0.6666666666666666,1.0,0.4781549921214726,0.0
0.06270447110141766,0.6666666666666666,1.0,0.46153846153846156,0.5,0.05555555555555555,0.0,1.0,0.0,0.3333333333333333,0.8,1.0,0.0,1.0,1.0,0.6666666666666666,1.0,0.575275748460106,0.0
0.06324972737186478,0.3333333333333333,0.5,0.7692307692307693,0.5,0.6111111111111112,0.5,0.6666666666666666,0.0,0.0,0.0,0.0,0.0,1.0,0.3333333333333333,0.3333333333333333,1.0,0.326457527574846,0.0
0.064340239912759,0.6666666666666666,0.0,0.9230769230769231,0.5,0.05555555555555555,1.0,1.0,1.0,0.3333333333333333,1.0,0.0,0.3333333333333333,1.0,0.3333333333333333,0.6666666666666666,1.0,0.7500358114883254,0.0
0.0648854961832061,0.6666666666666666,0.5,0.3076923076923077,0.5,0.27777777777777773,0.5,1.0,0.0,0.3333333333333333,0.2,0.3333333333333333,0.0,0.3333333333333333,1.0,0.6666666666666666,0.3333333333333333,0.059447070620254984,0.0
0.06543075245365322,0.6666666666666666,0.0,0.5384615384615385,0.6666666666666666,0.2222222222222222,0.5,0.6666666666666666,1.0,0.3333333333333333,0.2,0.0,0.25,0.0,0.6666666666666666,0.6666666666666666,0.0,0.5370290789285203,0.0
0.06597600872410032,0.3333333333333333,0.5,1.0,0.16666666666666666,0.7222222222222221,0.0,0.6666666666666666,1.0,0.0,0.2,1.0,0.16666666666666666,0.6666666666666666,0.0,0.3333333333333333,0.6666666666666666,0.33404956309984246,0.0
0.06652126499454744,0.3333333333333333,0.0,0.0,0.3333333333333333,0.1111111111111111,1.0,0.0,0.0,0.0,0.0,0.0,0.25,0.3333333333333333,0.0,0.3333333333333333,0.3333333333333333,0.35439048846870075,0.0
0.06706652126499454,0.6666666666666666,0.5,0.6153846153846154,0.5,0.8888888888888888,0.5,1.0,0.5,0.3333333333333333,0.6000000000000001,0.6666666666666666,0.08333333333333333,0.0,0.3333333333333333,0.6666666666666666,0.0,0.33046841426729695,0.0
0.06761177753544166,0.3333333333333333,1.0,0.15384615384615385,0.3333333333333333,0.4444444444444445,1.0,1.0,1.0,0.0,0.8,0.6666666666666666,0.16666666666666666,1.0,0.6666666666666666,0.3333333333333333,1.0,0.3472281908036098,0.0
0.06815703380588876,0.6666666666666666,1.0,0.23076923076923078,0.5,0.8888888888888888,0.5,0.3333333333333333,0.5,0.3333333333333333,0.4,0.3333333333333333,0.16666666666666666,0.3333333333333333,0.6666666666666666,0.6666666666666666,0.3333333333333333,0.22518263859045984,0.0
0.06870229007633588,1.0,0.0,0.15384615384615385,1.0,0.27777777777777773,1.0,1.0,0.5,1.0,1.0,1.0,0.0,0.0,0.0,1.0,0.0,0.9838132072768946,0.0
0.06924754634678298,0.3333333333333333,0.0,0.8461538461538463,0.16666666666666666,1.0,0.0,0.3333333333333333,0.0,0.0,0.2,0.6666666666666666,0.0,0.0,0.0,0.3333333333333333,0.0,0.5940409683426443,0.0
0.07033805888767722,0.3333333333333333,0.5,0.6153846153846154,0.5,0.8888888888888888,0.5,0.3333333333333333,0.5,0.0,0.4,1.0,0.16666666666666666,0.6666666666666666,0.3333333333333333,0.3333333333333333,0.6666666666666666,0.23979372582724537,0.0
0.07088331515812432,0.0,0.0,1.0,0.16666666666666666,0.7222222222222221,0.5,0.3333333333333333,0.5,0.6666666666666666,1.0,0.0,0.25,1.0,0.0,0.0,1.0,0.9438475863056869,0.0
0.07142857142857144,0.6666666666666666,1.0,1.0,0.6666666666666666,0.6111111111111112,0.5,0.3333333333333333,1.0,0.3333333333333333,0.6000000000000001,0.3333333333333333,0.25,0.6666666666666666,0.0,0.6666666666666666,0.6666666666666666,0.3316143818937115,0.0
0.07197382769901854,0.6666666666666666,0.0,0.0,0.6666666666666666,1.0,0.0,0.6666666666666666,0.0,0.3333333333333333,0.0,1.0,0.3333333333333333,0.0,1.0,0.6666666666666666,0.0,0.889843861910901,0.0
0.07251908396946566,0.6666666666666666,1.0,0.9230769230769231,0.5,0.2222222222222222,0.0,0.3333333333333333,0.5,0.3333333333333333,0.6000000000000001,0.3333333333333333,0.08333333333333333,1.0,0.6666666666666666,0.6666666666666666,1.0,0.3235926085088096,0.0
0.07306434023991276,0.3333333333333333,0.0,0.6923076923076923,0.16666666666666666,0.1111111111111111,0.0,1.0,0.5,0.0,0.2,1.0,0.3333333333333333,0.3333333333333333,1.0,0.3333333333333333,0.3333333333333333,0.5991978226615098,0.0
0.07360959651035988,0.3333333333333333,1.0,0.6153846153846154,0.16666666666666666,0.1111111111111111,0.5,1.0,1.0,0.0,0.6000000000000001,1.0,0.16666666666666666,1.0,1.0,0.3333333333333333,1.0,0.645036527718092,0.0
0.07415485278080698,1.0,0.0,0.7692307692307693,0.5,0.05555555555555555,0.5,1.0,0.0,1.0,0.2,0.0,0.08333333333333333,1.0,0.3333333333333333,1.0,1.0,0.8798166451797736,0.0
0.0747001090512541,0.3333333333333333,0.0,0.0,0.5,0.6666666666666665,0.5,0.6666666666666666,0.0,0.0,0.6000000000000001,0.6666666666666666,0.3333333333333333,0.6666666666666666,0.3333333333333333,0.3333333333333333,0.6666666666666666,0.392207420140381,0.0
0.0752453653217012,0.6666666666666666,0.0,0.46153846153846156,0.6666666666666666,0.8888888888888888,1.0,0.0,0.0,0.3333333333333333,0.2,0.6666666666666666,0.08333333333333333,0.3333333333333333,0.0,0.6666666666666666,0.3333333333333333,0.3389199255121043,0.0
0.07633587786259542,1.0,1.0,0.3076923076923077,1.0,0.4444444444444445,1.0,0.6666666666666666,0.5,1.0,0.2,0.3333333333333333,0.0,0.3333333333333333,0.0,1.0,0.3333333333333333,0.9462827675118178,0.0
0.07688113413304254,0.6666666666666666,0.0,0.5384615384615385,0.5,0.2222222222222222,0.0,0.0,0.0,0.3333333333333333,0.0,1.0,0.08333333333333333,0.0,0.0,0.6666666666666666,0.0,0.184644033806045,0.0
0.07742639040348964,0.6666666666666666,0.5,0.07692307692307693,0.3333333333333333,0.0,1.0,1.0,1.0,0.3333333333333333,0.6000000000000001,1.0,0.16666666666666666,0.6666666666666666,0.6666666666666666,0.6666666666666666,0.6666666666666666,0.5161151697464547,0.0
0.07797164667393676,0.3333333333333333,0.5,0.8461538461538463,0.16666666666666666,0.05555555555555555,0.0,0.6666666666666666,1.0,0.0,0.0,0.3333333333333333,0.08333333333333333,1.0,0.6666666666666666,0.3333333333333333,1.0,0.7165162584156998,0.0
0.07851690294438386,0.6666666666666666,1.0,0.6153846153846154,0.5,0.27777777777777773,0.5,0.0,1.0,0.3333333333333333,0.6000000000000001,0.3333333333333333,0.25,0.3333333333333333,1.0,0.6666666666666666,0.3333333333333333,0.27087809769374016,0.0
0.07906215921483098,0.3333333333333333,1.0,0.7692307692307693,0.16666666666666666,0.8888888888888888,1.0,0.0,0.0,0.0,0.8,0.6666666666666666,0.25,0.6666666666666666,0.6666666666666666,0.3333333333333333,0.6666666666666666,0.46096547772525426,0.0
0.07960741548527808,0.6666666666666666,0.5,0.3076923076923077,0.6666666666666666,0.5555555555555556,0.5,0.3333333333333333,0.0,0.3333333333333333,0.0,1.0,0.25,0.6666666666666666,0.0,0.6666666666666666,0.6666666666666666,0.3069760779257986,0.0
0.0801526717557252,0.6666666666666666,0.5,0.7692307692307693,0.3333333333333333,0.1111111111111111,1.0,0.0,1.0,0.3333333333333333,0.4,1.0,0.25,0.3333333333333333,0.0,0.6666666666666666,0.3333333333333333,0.41025641025641024,0.0
0.0806979280261723,0.6666666666666666,0.5,1.0,0.6666666666666666,0.7777777777777777,0.5,0.3333333333333333,0.0,0.3333333333333333,0.6000000000000001,0.6666666666666666,0.16666666666666666,1.0,0.0,0.6666666666666666,1.0,0.48732273313278907,0.0
0.08178844056706652,0.3333333333333333,0.5,0.7692307692307693,0.5,0.6111111111111112,1.0,0.6666666666666666,0.0,0.0,0.2,0.0,0.3333333333333333,0.6666666666666666,0.6666666666666666,0.3333333333333333,0.6666666666666666,0.33519553072625696,0.0
0.08233369683751364,0.3333333333333333,1.0,0.8461538461538463,0.3333333333333333,0.4444444444444445,1.0,0.3333333333333333,1.0,0.0,1.0,0.6666666666666666,0.3333333333333333,0.0,0.6666666666666666,0.3333333333333333,0.0,0.4483598338346942,0.0
0.08287895310796074,1.0,1.0,0.23076923076923078,0.6666666666666666,0.3333333333333333,0.0,0.3333333333333333,0.0,1.0,0.8,0.3333333333333333,0.08333333333333333,0.6666666666666666,1.0,1.0,0.6666666666666666,0.6676693883397794,0.0
0.08342420937840786,0.3333333333333333,1.0,0.3076923076923077,0.3333333333333333,0.49999999999999994,0.0,1.0,0.5,0.0,0.2,0.6666666666666666,0.3333333333333333,0.0,0.6666666666666666,0.3333333333333333,0.0,0.42429451367998855,0.0
0.08396946564885496,0.0,0.0,0.0,0.16666666666666666,0.1111111111111111,0.5,1.0,0.0,0.6666666666666666,0.4,1.0,0.25,0.3333333333333333,1.0,0.0,0.3333333333333333,0.9123334765792867,0.0
0.08451472191930208,1.0,1.0,0.23076923076923078,0.6666666666666666,0.8888888888888888,0.0,0.0,1.0,1.0,0.6000000000000001,0.3333333333333333,0.08333333333333333,0.0,0.6666666666666666,1.0,0.0,0.7418707921501217,0.0
0.08505997818974918,0.6666666666666666,1.0,0.9230769230769231,0.3333333333333333,0.49999999999999994,0.0,0.3333333333333333,0.0,0.3333333333333333,0.8,0.3333333333333333,0.16666666666666666,1.0,1.0,0.6666666666666666,1.0,0.38117748173614097,0.0
0.0856052344601963,0.6666666666666666,1.0,1.0,0.3333333333333333,0.0,1.0,0.6666666666666666,0.5,0.3333333333333333,0.4,0.3333333333333333,0.0,0.0,0.0,0.6666666666666666,0.0,0.4828821085804326,0.0
0.0861504907306434,0.6666666666666666,1.0,0.3076923076923077,0.6666666666666666,0.0,0.5,1.0,1.0,0.3333333333333333,0.4,0.3333333333333333,0.25,0.6666666666666666,0.6666666666666666,0.6666666666666666,0.6666666666666666,0.5672539750752041,0.0
0.08724100327153762,1.0,0.5,0.23076923076923078,0.6666666666666666,0.8888888888888888,0.0,0.0,0.5,1.0,0.0,1.0,0.25,0.3333333333333333,1.0,1.0,0.3333333333333333,0.8080504225755621,0.0
0.08778625954198474,1.0,1.0,0.38461538461538464,0.6666666666666666,0.5555555555555556,0.0,0.6666666666666666,1.0,1.0,1.0,0.3333333333333333,0.16666666666666666,0.6666666666666666,0.0,1.0,0.6666666666666666,0.6891562813350522,0.0
0.08833151581243184,0.0,0.0,0.3076923076923077,0.0,0.7777777777777777,1.0,0.3333333333333333,1.0,0.6666666666666666,0.4,1.0,0.25,0.3333333333333333,0.3333333333333333,0.0,0.3333333333333333,0.9891133075490617,0.0
0.08887677208287896,0.3333333333333333,0.0,0.38461538461538464,0.5,0.3333333333333333,0.0,0.3333333333333333,0.0,0.0,0.6000000000000001,0.6666666666666666,0.08333333333333333,0.6666666666666666,1.0,0.3333333333333333,0.6666666666666666,0.14954877524709925,0.0
0.08942202835332606,0.6666666666666666,1.0,0.9230769230769231,0.5,0.3888888888888889,0.0,0.6666666666666666,0.5,0.3333333333333333,0.0,0.0,0.3333333333333333,0.0,1.0,0.6666666666666666,0.0,0.4655493482309125,0.0
0.08996728462377318,0.3333333333333333,0.0,0.46153846153846156,0.16666666666666666,0.4444444444444445,1.0,1.0,0.0,0.0,0.8,0.3333333333333333,0.16666666666666666,0.0,1.0,0.3333333333333333,0.0,0.3316143818937115,0.0
0.09051254089422028,0.3333333333333333,0.0,0.15384615384615385,0.5,0.7222222222222221,0.0,0.3333333333333333,0.5,0.0,0.6000000000000001,1.0,0.3333333333333333,0.0,0.0,0.3333333333333333,0.0,0.5191233347657929,0.0
0.0910577971646674,0.6666666666666666,0.0,0.07692307692307693,0.6666666666666666,0.27777777777777773,1.0,0.0,0.5,0.3333333333333333,0.8,0.6666666666666666,0.16666666666666666,0.3333333333333333,0.3333333333333333,0.6666666666666666,0.3333333333333333,0.3635582294800172,0.0
0.0916030534351145,0.3333333333333333,0.0,0.38461538461538464,0.16666666666666666,0.7777777777777777,0.5,1.0,1.0,0.0,0.4,0.3333333333333333,0.08333333333333333,1.0,0.0,0.3333333333333333,1.0,0.4234350379601776,0.0
0.09214830970556162,0.3333333333333333,0.0,0.07692307692307693,0.16666666666666666,0.4444444444444445,1.0,1.0,0.5,0.0,0.8,0.6666666666666666,0.0,0.3333333333333333,0.6666666666666666,0.3333333333333333,0.3333333333333333,0.1938117748173614,0.0
0.09323882224645584,1.0,0.0,0.0,0.5,0.5555555555555556,0.5,0.0,1.0,1.0,0.0,0.3333333333333333,0.08333333333333333,1.0,0.3333333333333333,1.0,1.0,0.736140954018049,0.0
0.09378407851690294,0.6666666666666666,0.5,0.15384615384615385,0.5,0.7222222222222221,0.0,0.0,0.5,0.3333333333333333,0.2,0.6666666666666666,0.25,0.3333333333333333,1.0,0.6666666666666666,0.3333333333333333,0.24724251539894002,0.0
0.09432933478735006,0.3333333333333333,1.0,0.46153846153846156,0.5,0.8888888888888888,0.5,1.0,1.0,0.0,1.0,0.0,0.3333333333333333,0.3333333333333333,0.0,0.3333333333333333,0.3333333333333333,0.4909038819653345,0.0
0.09487459105779716,0.3333333333333333,0.5,0.23076923076923078,0.16666666666666666,0.4444444444444445,0.0,0.0,0.5,0.0,0.8,0.3333333333333333,0.3333333333333333,0.3333333333333333,1.0,0.3333333333333333,0.3333333333333333,0.4638303967912907,0.0
0.09541984732824428,0.3333333333333333,1.0,0.0,0.3333333333333333,0.7222222222222221,0.5,0.3333333333333333,1.0,0.0,0.8,0.3333333333333333,0.25,0.0,0.6666666666666666,0.3333333333333333,0.0,0.3276034952012606,0.0
0.09596510359869138,0.6666666666666666,0.0,0.5384615384615385,0.6666666666666666,0.16666666666666669,1.0,0.6666666666666666,0.5,0.3333333333333333,0.2,0.6666666666666666,0.3333333333333333,0.3333333333333333,0.0,0.6666666666666666,0.3333333333333333,0.6663801747600631,0.0
0.0965103598691385,0.3333333333333333,1.0,0.7692307692307693,0.3333333333333333,0.7222222222222221,0.0,1.0,0.0,0.0,0.0,0.0,0.16666666666666666,0.3333333333333333,0.3333333333333333,0.3333333333333333,0.3333333333333333,0.17418707921501217,0.0
0.0970556161395856,0.6666666666666666,0.0,0.07692307692307693,0.5,0.8333333333333333,0.5,0.0,0.5,0.3333333333333333,0.8,1.0,0.08333333333333333,0.3333333333333333,0.0,0.6666666666666666,0.3333333333333333,0.21429594613952158,0.0
0.09814612868047982,0.3333333333333333,0.5,0.38461538461538464,0.16666666666666666,0.3888888888888889,1.0,0.6666666666666666,0.5,0.0,1.0,0.3333333333333333,0.25,0.0,1.0,0.3333333333333333,0.0,0.39435610943990834,0.0
0.09869138495092694,0.6666666666666666,0.0,0.46153846153846156,0.6666666666666666,0.27777777777777773,0.5,1.0,0.0,0.3333333333333333,0.2,0.3333333333333333,0.0,0.0,0.6666666666666666,0.6666666666666666,0.0,0.27159432746024925,0.0
0.09923664122137404,0.6666666666666666,1.0,0.46153846153846156,0.6666666666666666,0.7777777777777777,1.0,0.3333333333333333,0.0,0.3333333333333333,0.4,0.0,0.08333333333333333,1.0,0.6666666666666666,0.6666666666666666,1.0,0.49734994986391634,0.0
0.09978189749182116,0.3333333333333333,0.5,0.9230769230769231,0.16666666666666666,0.3888888888888889,0.0,0.6666666666666666,1.0,0.0,0.8,1.0,0.25,0.6666666666666666,0.3333333333333333,0.3333333333333333,0.6666666666666666,0.30124623979372583,0.0
0.10032715376226826,0.6666666666666666,0.0,0.7692307692307693,0.6666666666666666,0.0,1.0,0.3333333333333333,0.5,0.3333333333333333,0.4,0.0,0.3333333333333333,0.0,0.3333333333333333,0.6666666666666666,0.0,0.9157713794585303,0.0
0.10087241003271538,0.3333333333333333,0.5,0.0,0.3333333333333333,0.49999999999999994,1.0,0.0,0.5,0.0,0.6000000000000001,0.0,0.25,1.0,0.6666666666666666,0.3333333333333333,1.0,0.3115599484314568,0.0
0.10141766630316248,0.6666666666666666,0.5,0.6923076923076923,0.3333333333333333,0.5555555555555556,0.5,1.0,0.0,0.3333333333333333,0.8,0.0,0.0,0.6666666666666666,0.0,0.6666666666666666,0.6666666666666666,0.2117175189800888,0.0
0.1019629225736096,0.3333333333333333,0.0,0.8461538461538463,0.3333333333333333,0.4444444444444445,0.0,0.0,0.5,0.0,0.0,0.3333333333333333,0.25,1.0,0.0,0.3333333333333333,1.0,0.3592608508809626,0.0
0.1025081788440567,0.6666666666666666,0.5,0.38461538461538464,0.5,0.4444444444444445,0.0,0.3333333333333333,0.5,0.3333333333333333,0.6000000000000001,0.6666666666666666,0.08333333333333333,1.0,0.6666666666666666,0.6666666666666666,1.0,0.23119896862913625,0.0
0.10305343511450382,0.3333333333333333,1.0,0.23076923076923078,0.3333333333333333,0.7777777777777777,1.0,0.6666666666666666,1.0,0.0,0.4,0.3333333333333333,0.0,1.0,0.0,0.3333333333333333,1.0,0.35596619395502077,0.0
0.10414394765539804,0.6666666666666666,1.0,0.5384615384615385,0.3333333333333333,0.6666666666666665,0.0,0.3333333333333333,0.5,0.3333333333333333,1.0,0.0,0.08333333333333333,0.3333333333333333,0.3333333333333333,0.6666666666666666,0.3333333333333333,0.17160865205557943,0.0
0.10468920392584516,0.3333333333333333,0.0,0.23076923076923078,0.3333333333333333,0.5555555555555556,0.0,0.3333333333333333,1.0,0.0,0.0,0.3333333333333333,0.08333333333333333,0.6666666666666666,0.6666666666666666,0.3333333333333333,0.6666666666666666,0.0714797306976078,0.0
0.10523446019629226,0.3333333333333333,0.0,0.15384615384615385,0.3333333333333333,0.8333333333333333,0.0,1.0,1.0,0.0,0.8,1.0,0.16666666666666666,0.0,0.3333333333333333,0.3333333333333333,0.0,0.3889127632144392,0.0
0.10577971646673938,0.6666666666666666,0.5,0.6923076923076923,0.3333333333333333,0.4444444444444445,0.5,0.3333333333333333,0.5,0.3333333333333333,0.8,0.6666666666666666,0.3333333333333333,0.3333333333333333,1.0,0.6666666666666666,0.3333333333333333,0.4831686004870362,0.0
0.10632497273718648,0.6666666666666666,0.5,0.7692307692307693,0.3333333333333333,0.0,0.5,1.0,0.0,0.3333333333333333,1.0,0.0,0.0,0.6666666666666666,0.3333333333333333,0.6666666666666666,0.6666666666666666,0.48861194671250535,0.0
0.1068702290076336,0.6666666666666666,0.0,0.7692307692307693,0.5,0.3888888888888889,1.0,0.6666666666666666,0.0,0.3333333333333333,0.6000000000000001,1.0,0.25,1.0,0.3333333333333333,0.6666666666666666,1.0,0.3086950293654204,0.0
0.1074154852780807,1.0,1.0,0.07692307692307693,0.5,0.6111111111111112,1.0,1.0,0.5,1.0,0.6000000000000001,1.0,0.16666666666666666,0.0,0.6666666666666666,1.0,0.0,0.696461824953445,0.0
0.10796074154852782,1.0,0.5,1.0,0.5,0.3888888888888889,0.0,1.0,1.0,1.0,0.2,0.3333333333333333,0.0,0.6666666666666666,0.6666666666666666,1.0,0.6666666666666666,0.5025068041827818,0.0
0.10850599781897492,1.0,0.0,0.9230769230769231,0.6666666666666666,0.6111111111111112,1.0,0.6666666666666666,0.0,1.0,0.2,0.6666666666666666,0.25,0.0,0.0,1.0,0.0,0.724251539893998,0.0
0.10959651035986914,0.3333333333333333,0.5,0.46153846153846156,0.5,0.1111111111111111,0.0,0.0,0.5,0.0,0.0,0.6666666666666666,0.08333333333333333,0.3333333333333333,0.3333333333333333,0.3333333333333333,0.3333333333333333,0.25798596189657647,0.0
0.11014176663031626,0.3333333333333333,0.5,0.23076923076923078,0.5,0.2222222222222222,0.5,0.0,1.0,0.0,1.0,1.0,0.16666666666666666,0.0,0.6666666666666666,0.3333333333333333,0.0,0.3361982523993697,0.0
0.11068702290076336,0.6666666666666666,1.0,0.9230769230769231,0.3333333333333333,0.3888888888888889,0.5,1.0,0.5,0.3333333333333333,0.4,0.3333333333333333,0.16666666666666666,0.3333333333333333,0.0,0.6666666666666666,0.3333333333333333,0.25440481306403095,0.0
0.11123227917121048,0.3333333333333333,0.0,0.07692307692307693,0.5,0.6111111111111112,0.0,1.0,0.5,0.0,0.0,0.6666666666666666,0.08333333333333333,0.0,0.3333333333333333,0.3333333333333333,0.0,0.23965047987394356,0.0
0.11177753544165758,0.6666666666666666,1.0,0.8461538461538463,0.6666666666666666,0.3333333333333333,0.5,0.6666666666666666,0.0,0.3333333333333333,0.4,0.0,0.08333333333333333,0.0,0.0,0.6666666666666666,0.0,0.3615527861337917,0.0
0.1123227917121047,0.6666666666666666,0.0,0.38461538461538464,0.6666666666666666,0.27777777777777773,1.0,0.0,0.5,0.3333333333333333,0.2,0.0,0.16666666666666666,0.0,0.0,0.6666666666666666,0.0,0.466695315857327,0.0
0.1128680479825518,0.3333333333333333,1.0,1.0,0.5,0.7222222222222221,0.5,1.0,0.0,0.0,0.2,0.6666666666666666,0.3333333333333333,0.0,0.3333333333333333,0.3333333333333333,0.0,0.5191233347657929,0.0
0.11341330425299892,0.3333333333333333,1.0,0.6923076923076923,0.16666666666666666,0.2222222222222222,0.0,0.0,0.0,0.0,0.4,0.0,0.3333333333333333,0.6666666666666666,0.3333333333333333,0.3333333333333333,0.6666666666666666,0.5290073055436184,0.0
0.11395856052344602,0.6666666666666666,0.0,0.9230769230769231,0.5,0.2222222222222222,0.0,0.6666666666666666,1.0,0.3333333333333333,0.8,0.3333333333333333,0.25,0.0,0.0,0.6666666666666666,0.0,0.36900157570548636,0.0
0.11450381679389314,0.6666666666666666,0.5,1.0,0.6666666666666666,0.0,0.0,1.0,0.0,0.3333333333333333,0.2,0.0,0.16666666666666666,0.6666666666666666,0.6666666666666666,0.6666666666666666,0.6666666666666666,0.551496920212004,0.0
0.11559432933478736,0.6666666666666666,0.0,0.8461538461538463,0.3333333333333333,0.27777777777777773,0.5,0.6666666666666666,1.0,0.3333333333333333,0.0,0.3333333333333333,0.0,0.3333333333333333,0.3333333333333333,0.6666666666666666,0.3333333333333333,0.12619968485890273,0.0
0.11613958560523446,0.0,1.0,0.9230769230769231,0.16666666666666666,0.0,1.0,1.0,1.0,0.6666666666666666,1.0,0.6666666666666666,0.16666666666666666,0.3333333333333333,0.0,0.0,0.3333333333333333,0.9893997994556653,0.0
0.11668484187568158,1.0,0.0,0.15384615384615385,0.6666666666666666,0.05555555555555555,0.0,0.0,0.0,1.0,0.8,0.6666666666666666,0.0,0.6666666666666666,1.0,1.0,0.6666666666666666,0.7815499212147258,0.0
0.11723009814612868,0.3333333333333333,0.5,0.5384615384615385,0.5,0.3333333333333333,0.0,0.3333333333333333,0.5,0.0,0.6000000000000001,1.0,0.0,1.0,0.0,0.3333333333333333,1.0,0.4032373585446211,0.0
0.1177753544165758,0.6666666666666666,1.0,0.9230769230769231,0.5,0.7222222222222221,1.0,1.0,0.0,0.3333333333333333,0.0,0.3333333333333333,0.08333333333333333,0.6666666666666666,0.0,0.6666666666666666,0.6666666666666666,0.15527861337917204,0.0
0.1183206106870229,0.6666666666666666,0.5,0.23076923076923078,0.5,0.6111111111111112,0.0,0.3333333333333333,0.0,0.3333333333333333,0.2,1.0,0.3333333333333333,0.3333333333333333,0.3333333333333333,0.6666666666666666,0.3333333333333333,0.36341498352671536,0.0
0.11886586695747002,0.3333333333333333,1.0,0.38461538461538464,0.16666666666666666,0.49999999999999994,1.0,0.6666666666666666,1.0,0.0,0.6000000000000001,0.0,0.0,0.0,1.0,0.3333333333333333,0.0,0.22332044119753616,0.0
0.11941112322791712,0.3333333333333333,0.5,0.3076923076923077,0.5,0.7777777777777777,0.0,1.0,0.5,0.0,0.2,1.0,0.25,1.0,1.0,0.3333333333333333,1.0,0.3927804039535883,0.0
0.12050163576881134,0.3333333333333333,0.5,0.6923076923076923,0.3333333333333333,0.05555555555555555,1.0,0.3333333333333333,1.0,0.0,0.4,0.6666666666666666,0.08333333333333333,0.3333333333333333,0.6666666666666666,0.3333333333333333,0.3333333333333333,0.3213006732559805,0.0
0.12104689203925846,0.6666666666666666,1.0,0.46153846153846156,0.5,0.05555555555555555,0.0,0.0,0.0,0.3333333333333333,0.8,0.3333333333333333,0.08333333333333333,0.3333333333333333,0.0,0.6666666666666666,0.3333333333333333,0.2946569259418422,0.0
0.12159214830970556,0.3333333333333333,0.0,0.38461538461538464,0.3333333333333333,0.05555555555555555,1.0,0.3333333333333333,0.0,0.0,1.0,0.3333333333333333,0.0,0.0,1.0,0.3333333333333333,0.0,0.37301246239793723,0.0
0.12213740458015268,0.3333333333333333,0.5,0.46153846153846156,0.5,0.05555555555555555,0.5,0.0,1.0,0.0,0.6000000000000001,0.3333333333333333,0.25,0.6666666666666666,0.0,0.3333333333333333,0.6666666666666666,0.40309411259131933,0.0
0.12268266085059978,0.3333333333333333,0.0,0.23076923076923078,0.3333333333333333,1.0,0.5,0.0,0.5,0.0,0.4,0.3333333333333333,0.0,0.6666666666666666,0.6666666666666666,0.3333333333333333,0.6666666666666666,0.4585302965191233,0.0
0.1232279171210469,0.0,0.0,0.7692307692307693,0.0,0.3888888888888889,0.0,0.3333333333333333,1.0,0.6666666666666666,0.0,0.3333333333333333,0.25,0.6666666666666666,0.0,0.0,0.6666666666666666,0.9555937544764359,0.0
0.123773173391494,0.3333333333333333,1.0,0.6153846153846154,0.16666666666666666,0.3888888888888889,0.5,0.3333333333333333,0.0,0.0,0.0,0.3333333333333333,0.0,1.0,0.6666666666666666,0.3333333333333333,1.0,0.38833977940123193,0.0
0.12431842966194112,1.0,1.0,0.5384615384615385,0.6666666666666666,0.49999999999999994,0.0,0.0,0.0,1.0,0.8,0.0,0.08333333333333333,1.0,0.0,1.0,1.0,0.7580575848732274,0.0
0.12486368593238822,0.3333333333333333,0.0,0.8461538461538463,0.5,0.2222222222222222,0.0,1.0,1.0,0.0,1.0,0.3333333333333333,0.25,0.6666666666666666,0.0,0.3333333333333333,0.6666666666666666,0.23807477438762356,0.0
0.12540894220283533,1.0,1.0,0.0,0.5,0.7222222222222221,1.0,0.3333333333333333,0.5,1.0,0.8,0.0,0.16666666666666666,0.0,0.6666666666666666,1.0,0.0,0.7218163586878671,0.0
0.12649945474372956,0.6666666666666666,0.0,0.9230769230769231,0.3333333333333333,1.0,1.0,1.0,0.5,0.3333333333333333,1.0,0.0,0.0,0.3333333333333333,0.0,0.6666666666666666,0.3333333333333333,0.5116745451940983,0.0
0.12704471101417666,0.0,0.5,0.6153846153846154,0.0,0.2222222222222222,0.5,0.0,0.5,0.6666666666666666,0.0,0.3333333333333333,0.0,0.0,0.0,0.0,0.0,0.9240796447500359,0.0
0.12758996728462377,0.6666666666666666,1.0,0.15384615384615385,0.6666666666666666,0.0,0.5,0.0,0.5,0.3333333333333333,0.4,0.6666666666666666,0.16666666666666666,1.0,0.3333333333333333,0.6666666666666666,1.0,0.7954447786850022,0.0
0.1281352235550709,0.3333333333333333,1.0,0.46153846153846156,0.5,1.0,0.0,1.0,0.5,0.0,0.6000000000000001,0.0,0.08333333333333333,0.6666666666666666,0.3333333333333333,0.3333333333333333,0.6666666666666666,0.4625411832115743,0.0
0.128680479825518,0.3333333333333333,0.5,0.23076923076923078,0.5,0.27777777777777773,0.0,0.6666666666666666,1.0,0.0,0.0,0.6666666666666666,0.3333333333333333,0.0,0.6666666666666666,0.3333333333333333,0.0,0.5708351239077496,0.0
0.1292257360959651,0.0,1.0,0.6153846153846154,0.16666666666666666,0.49999999999999994,1.0,0.3333333333333333,0.5,0.6666666666666666,0.6000000000000001,0.3333333333333333,0.3333333333333333,0.3333333333333333,0.6666666666666666,0.0,0.3333333333333333,0.8038962899298094,0.0
0.1297709923664122,1.0,1.0,0.23076923076923078,0.6666666666666666,0.7777777777777777,0.5,1.0,0.5,1.0,0.2,1.0,0.3333333333333333,1.0,0.6666666666666666,1.0,1.0,0.9391204698467269,0.0
0.13031624863685934,0.6666666666666666,0.0,0.46153846153846156,0.3333333333333333,0.2222222222222222,0.5,1.0,0.5,0.3333333333333333,0.2,1.0,0.3333333333333333,1.0,1.0,0.6666666666666666,1.0,0.6500501360836557,0.0
0.13086150490730644,0.6666666666666666,0.5,0.15384615384615385,0.3333333333333333,0.5555555555555556,1.0,0.3333333333333333,1.0,0.3333333333333333,1.0,0.3333333333333333,0.08333333333333333,1.0,0.3333333333333333,0.6666666666666666,1.0,0.30797879959891133,0.0
0.13140676117775354,0.3333333333333333,0.5,0.9230769230769231,0.5,0.7222222222222221,0.0,0.0,0.0,0.0,0.4,0.3333333333333333,0.3333333333333333,1.0,0.0,0.3333333333333333,1.0,0.5456238361266295,0.0
0.13249727371864778,0.6666666666666666,1.0,0.7692307692307693,0.5,0.3888888888888889,0.0,1.0,1.0,0.3333333333333333,0.4,0.3333333333333333,0.3333333333333333,1.0,0.3333333333333333,0.6666666666666666,1.0,0.5002148689299527,0.0
0.13304252998909488,0.6666666666666666,0.5,0.7692307692307693,0.6666666666666666,0.6666666666666665,1.0,0.0,0.5,0.3333333333333333,1.0,1.0,0.08333333333333333,0.3333333333333333,0.0,0.6666666666666666,0.3333333333333333,0.2367855608079072,0.0
0.13358778625954199,0.6666666666666666,1.0,0.6923076923076923,0.5,0.3333333333333333,0.5,0.0,0.0,0.3333333333333333,0.6000000000000001,0.3333333333333333,0.25,0.6666666666666666,0.3333333333333333,0.6666666666666666,0.6666666666666666,0.2018335482022633,0.0
0.1341330425299891,0.6666666666666666,0.5,0.38461538461538464,0.5,0.6111111111111112,0.5,0.0,1.0,0.3333333333333333,0.6000000000000001,0.0,0.0,0.3333333333333333,0.6666666666666666,0.6666666666666666,0.3333333333333333,0.0335195530726257,0.0
0.13467829880043622,1.0,1.0,0.6923076923076923,0.5,0.6111111111111112,1.0,0.6666666666666666,0.5,1.0,0.8,1.0,0.16666666666666666,0.0,1.0,1.0,0.0,0.696461824953445,0.0
0.13522355507088332,0.3333333333333333,0.5,0.9230769230769231,0.16666666666666666,0.3888888888888889,0.5,0.0,1.0,0.0,1.0,0.0,0.25,0.6666666666666666,0.0,0.3333333333333333,0.6666666666666666,0.30124623979372583,0.0
0.13576881134133043,0.3333333333333333,0.5,0.5384615384615385,0.3333333333333333,0.8333333333333333,0.0,0.3333333333333333,1.0,0.0,0.8,0.3333333333333333,0.25,1.0,0.3333333333333333,0.3333333333333333,1.0,0.3919209282337774,0.0
0.13631406761177753,0.6666666666666666,0.0,0.7692307692307693,0.3333333333333333,0.0,0.5,0.6666666666666666,0.5,0.3333333333333333,0.6000000000000001,0.3333333333333333,0.3333333333333333,0.6666666666666666,1.0,0.6666666666666666,0.6666666666666666,0.6769803753043976,0.0
0.13685932388222466,0.3333333333333333,0.0,0.0,0.5,0.16666666666666669,0.5,0.6666666666666666,0.0,0.0,0.8,0.0,0.3333333333333333,0.3333333333333333,0.6666666666666666,0.3333333333333333,0.3333333333333333,0.47113594040968343,0.0
0.13794983642311887,0.6666666666666666,0.0,0.23076923076923078,0.3333333333333333,0.3333333333333333,1.0,0.0,0.0,0.3333333333333333,0.6000000000000001,0.3333333333333333,0.3333333333333333,0.0,0.0,0.6666666666666666,0.0,0.5811488325454806,0.0
0.13849509269356597,0.6666666666666666,0.5,0.07692307692307693,0.3333333333333333,0.7777777777777777,0.5,0.3333333333333333,1.0,0.3333333333333333,0.0,0.6666666666666666,0.16666666666666666,1.0,0.6666666666666666,0.6666666666666666,1.0,0.40137516115169747,0.0
0.1390403489640131,1.0,1.0,0.3076923076923077,0.6666666666666666,0.6111111111111112,0.5,1.0,0.5,1.0,0.6000000000000001,0.3333333333333333,0.16666666666666666,1.0,0.0,1.0,1.0,0.7958745165449076,0.0
0.1395856052344602,0.6666666666666666,1.0,1.0,0.6666666666666666,0.49999999999999994,1.0,0.3333333333333333,1.0,0.3333333333333333,0.4,1.0,0.0,0.3333333333333333,1.0,0.6666666666666666,0.3333333333333333,0.3054003724394786,0.0
0.1401308615049073,0.3333333333333333,1.0,0.7692307692307693,0.5,0.6111111111111112,0.5,0.6666666666666666,1.0,0.0,0.6000000000000001,0.0,0.25,0.0,1.0,0.3333333333333333,0.0,0.4003724394785847,0.0
0.14067611777535444,0.6666666666666666,1.0,0.0,0.6666666666666666,0.1111111111111111,0.5,1.0,0.5,0.3333333333333333,0.4,0.3333333333333333,0.3333333333333333,0.6666666666666666,0.0,0.6666666666666666,0.6666666666666666,0.5847299813780261,0.0
0.14122137404580154,0.3333333333333333,1.0,1.0,0.3333333333333333,0.0,1.0,0.0,0.0,0.0,0.0,0.0,0.0,0.0,0.3333333333333333,0.3333333333333333,0.0,0.4721386620827962,0.0
0.14231188658669575,0.3333333333333333,0.0,0.5384615384615385,0.3333333333333333,0.0,0.0,0.6666666666666666,0.5,0.0,0.2,1.0,0.25,0.6666666666666666,0.0,0.3333333333333333,0.6666666666666666,0.5012175906030655,0.0
0.14285714285714288,0.6666666666666666,1.0,1.0,0.3333333333333333,0.9444444444444444,0.0,1.0,1.0,0.3333333333333333,0.0,0.0,0.0,0.3333333333333333,0.0,0.6666666666666666,0.3333333333333333,0.3500931098696462,0.0
0.14340239912758998,0.6666666666666666,0.5,0.07692307692307693,0.6666666666666666,0.3888888888888889,1.0,0.3333333333333333,0.5,0.3333333333333333,0.2,1.0,0.16666666666666666,0.6666666666666666,0.6666666666666666,0.6666666666666666,0.6666666666666666,0.22503939263715803,0.0
0.14394765539803708,0.6666666666666666,1.0,0.15384615384615385,0.5,0.27777777777777773,0.5,0.6666666666666666,1.0,0.3333333333333333,0.2,1.0,0.16666666666666666,0.0,0.3333333333333333,0.6666666666666666,0.0,0.3068328319724968,0.0
0.1444929116684842,0.6666666666666666,0.0,0.7692307692307693,0.6666666666666666,0.49999999999999994,0.0,1.0,0.5,0.3333333333333333,0.6000000000000001,1.0,0.25,0.0,0.0,0.6666666666666666,0.0,0.4851740438332617,0.0
0.14503816793893132,0.6666666666666666,0.5,0.15384615384615385,0.3333333333333333,0.9444444444444444,1.0,0.3333333333333333,0.5,0.3333333333333333,0.2,0.0,0.16666666666666666,1.0,0.0,0.6666666666666666,1.0,0.5519266580719094,0.0
0.14558342420937842,0.3333333333333333,1.0,0.3076923076923077,0.3333333333333333,0.4444444444444445,1.0,0.3333333333333333,0.0,0.0,0.4,1.0,0.0,1.0,0.3333333333333333,0.3333333333333333,1.0,0.33361982523993694,0.0
0.14612868047982552,0.3333333333333333,0.0,0.8461538461538463,0.3333333333333333,0.16666666666666669,1.0,1.0,0.0,0.0,0.2,1.0,0.25,1.0,0.3333333333333333,0.3333333333333333,1.0,0.4638303967912907,0.0
0.14667393675027263,0.3333333333333333,0.5,0.8461538461538463,0.16666666666666666,0.0,1.0,1.0,0.5,0.0,0.4,0.0,0.0,1.0,0.0,0.3333333333333333,1.0,0.7842715943274603,0.0
0.14776444929116686,0.6666666666666666,1.0,0.23076923076923078,0.5,0.7222222222222221,0.0,0.0,0.5,0.3333333333333333,0.2,0.6666666666666666,0.0,0.6666666666666666,0.3333333333333333,0.6666666666666666,0.6666666666666666,0.2145824380461252,0.0
0.14830970556161396,0.3333333333333333,0.5,0.15384615384615385,0.3333333333333333,0.8888888888888888,1.0,0.6666666666666666,1.0,0.0,0.8,0.6666666666666666,0.25,0.6666666666666666,0.0,0.3333333333333333,0.6666666666666666,0.34221458243804614,0.0
0.14885496183206107,0.6666666666666666,0.5,0.8461538461538463,0.3333333333333333,0.7222222222222221,0.0,1.0,0.5,0.3333333333333333,0.0,1.0,0.0,0.0,0.3333333333333333,0.6666666666666666,0.0,0.24380461251969632,0.0
0.1494002181025082,0.3333333333333333,0.0,0.9230769230769231,0.16666666666666666,0.9444444444444444,0.5,1.0,1.0,0.0,0.2,0.6666666666666666,0.08333333333333333,0.0,1.0,0.3333333333333333,0.0,0.4843145681134508,0.0
0.1499454743729553,1.0,0.0,0.07692307692307693,0.5,0.05555555555555555,0.5,0.3333333333333333,0.0,1.0,0.6000000000000001,0.6666666666666666,0.3333333333333333,0.6666666666666666,0.6666666666666666,1.0,0.6666666666666666,0.9193525282910758,0.0
0.1504907306434024,1.0,0.0,0.0,0.8333333333333333,0.7222222222222221,1.0,0.6666666666666666,1.0,1.0,0.0,0.6666666666666666,0.16666666666666666,0.6666666666666666,1.0,1.0,0.6666666666666666,0.9441340782122905,0.0
0.1510359869138495,0.0,0.0,0.8461538461538463,0.16666666666666666,0.0,0.5,1.0,0.0,0.6666666666666666,1.0,0.3333333333333333,0.25,0.6666666666666666,1.0,0.0,0.6666666666666666,0.9979945566537746,0.0
0.15158124318429664,0.3333333333333333,0.0,0.5384615384615385,0.3333333333333333,1.0,1.0,0.0,1.0,0.0,0.2,0.3333333333333333,0.25,0.6666666666666666,1.0,0.3333333333333333,0.6666666666666666,0.507950150408251,0.0
0.15212649945474374,1.0,0.0,0.46153846153846156,0.8333333333333333,0.3888888888888889,0.5,0.0,1.0,1.0,0.2,1.0,0.16666666666666666,0.3333333333333333,1.0,1.0,0.3333333333333333,0.8917060593038246,0.0
0.15267175572519084,0.6666666666666666,1.0,0.5384615384615385,0.5,0.3888888888888889,1.0,0.6666666666666666,0.0,0.3333333333333333,0.2,0.6666666666666666,0.16666666666666666,1.0,1.0,0.6666666666666666,1.0,0.2750322303394929,0.0
0.15376226826608508,0.0,0.5,0.5384615384615385,0.16666666666666666,0.49999999999999994,1.0,0.3333333333333333,1.0,0.6666666666666666,0.4,0.6666666666666666,0.3333333333333333,0.0,0.0,0.0,0.0,0.8957169459962756,0.0
0.15430752453653218,0.3333333333333333,1.0,0.23076923076923078,0.5,1.0,1.0,0.3333333333333333,1.0,0.0,0.8,0.0,0.25,0.0,0.6666666666666666,0.3333333333333333,0.0,0.724251539893998,0.0
0.15485278080697928,0.6666666666666666,0.0,0.46153846153846156,0.5,0.6111111111111112,0.5,0.6666666666666666,0.0,0.3333333333333333,0.8,0.0,0.25,0.3333333333333333,0.6666666666666666,0.6666666666666666,0.3333333333333333,0.21272024065320155,0.0
0.1553980370774264,0.6666666666666666,0.0,0.7692307692307693,0.3333333333333333,0.7777777777777777,0.5,1.0,1.0,0.3333333333333333,0.0,1.0,0.16666666666666666,1.0,0.0,0.6666666666666666,1.0,0.40137516115169747,0.0
0.15594329334787352,0.6666666666666666,1.0,0.38461538461538464,0.5,0.2222222222222222,0.0,0.0,1.0,0.3333333333333333,1.0,0.6666666666666666,0.3333333333333333,0.0,1.0,0.6666666666666666,0.0,0.5479157713794586,0.0
0.15648854961832062,0.3333333333333333,0.5,0.6923076923076923,0.3333333333333333,0.8333333333333333,1.0,0.3333333333333333,0.5,0.0,0.6000000000000001,0.3333333333333333,0.25,1.0,0.0,0.3333333333333333,1.0,0.3919209282337774,0.0
0.15703380588876772,0.6666666666666666,0.0,0.07692307692307693,0.5,0.4444444444444445,1.0,0.3333333333333333,0.0,0.3333333333333333,1.0,0.0,0.25,1.0,0.0,0.6666666666666666,1.0,0.2644320297951583,0.0
0.15757906215921483,0.3333333333333333,0.0,0.9230769230769231,0.5,0.6111111111111112,1.0,1.0,0.5,0.0,0.4,1.0,0.3333333333333333,1.0,0.0,0.3333333333333333,1.0,0.5132502506804183,0.0
0.15866957470010906,0.3333333333333333,1.0,0.15384615384615385,0.5,0.05555555555555555,1.0,0.6666666666666666,0.0,0.0,1.0,1.0,0.25,0.6666666666666666,0.6666666666666666,0.3333333333333333,0.6666666666666666,0.40309411259131933,0.0
0.15921483097055616,0.3333333333333333,0.5,0.9230769230769231,0.16666666666666666,0.27777777777777773,0.5,0.3333333333333333,0.0,0.0,0.2,0.0,0.08333333333333333,0.0,0.3333333333333333,0.3333333333333333,0.0,0.28563243088382756,0.0
0.15976008724100327,0.3333333333333333,0.0,0.46153846153846156,0.16666666666666666,0.16666666666666669,0.0,0.6666666666666666,0.0,0.0,0.4,0.3333333333333333,0.25,0.0,0.6666666666666666,0.3333333333333333,0.0,0.5454805901733276,0.0
0.1603053435114504,1.0,0.0,1.0,0.6666666666666666,0.7222222222222221,1.0,0.6666666666666666,0.5,1.0,0.0,0.0,0.25,1.0,0.6666666666666666,1.0,1.0,0.8518836842859189,0.0
0.1608505997818975,0.3333333333333333,0.5,0.23076923076923078,0.16666666666666666,0.5555555555555556,0.5,0.3333333333333333,0.0,0.0,0.4,0.3333333333333333,0.0,0.6666666666666666,0.6666666666666666,0.3333333333333333,0.6666666666666666,0.23735854462111447,0.0
0.1613958560523446,0.6666666666666666,0.0,0.3076923076923077,0.5,0.27777777777777773,0.0,0.3333333333333333,1.0,0.3333333333333333,0.0,0.0,0.3333333333333333,0.0,0.0,0.6666666666666666,0.0,0.5267153702907893,0.0
0.1619411123227917,0.3333333333333333,0.0,0.9230769230769231,0.5,0.6111111111111112,0.5,0.3333333333333333,0.0,0.0,0.2,0.0,0.0,0.0,0.3333333333333333,0.3333333333333333,0.0,0.20641741870792152,0.0
0.16248636859323884,0.3333333333333333,0.0,0.7692307692307693,0.3333333333333333,0.2222222222222222,1.0,1.0,0.0,0.0,1.0,0.0,0.3333333333333333,1.0,0.3333333333333333,0.3333333333333333,1.0,0.5940409683426443,0.0
0.16303162486368594,0.3333333333333333,0.0,0.6923076923076923,0.16666666666666666,0.2222222222222222,1.0,0.6666666666666666,0.0,0.0,1.0,1.0,0.3333333333333333,0.6666666666666666,0.0,0.3333333333333333,0.6666666666666666,0.5290073055436184,0.0
0.16357688113413305,0.3333333333333333,0.5,0.38461538461538464,0.3333333333333333,0.0,1.0,1.0,0.0,0.0,0.6000000000000001,0.6666666666666666,0.3333333333333333,0.6666666666666666,0.3333333333333333,0.3333333333333333,0.6666666666666666,0.6397364274459246,0.0
0.16521264994547438,0.6666666666666666,0.5,0.38461538461538464,0.6666666666666666,0.8333333333333333,0.5,0.3333333333333333,0.5,0.3333333333333333,0.0,0.3333333333333333,0.08333333333333333,0.0,0.0,0.6666666666666666,0.0,0.4086807047700903,0.0
0.16575790621592149,0.6666666666666666,0.5,0.38461538461538464,0.6666666666666666,0.8888888888888888,1.0,0.3333333333333333,0.0,0.3333333333333333,0.2,0.3333333333333333,0.3333333333333333,0.0,0.3333333333333333,0.6666666666666666,0.0,0.6797020484171322,0.0
0.1663031624863686,0.3333333333333333,0.0,0.6923076923076923,0.3333333333333333,0.3888888888888889,1.0,0.3333333333333333,1.0,0.0,0.8,0.6666666666666666,0.0,0.6666666666666666,0.0,0.3333333333333333,0.6666666666666666,0.10242085661080075,0.0
0.16684841875681572,0.3333333333333333,0.0,0.5384615384615385,0.5,0.6111111111111112,0.0,1.0,1.0,0.0,0.6000000000000001,0.3333333333333333,0.08333333333333333,0.6666666666666666,0.6666666666666666,0.3333333333333333,0.6666666666666666,0.09998567540466982,0.0
0.16739367502726282,0.3333333333333333,1.0,0.15384615384615385,0.16666666666666666,0.4444444444444445,1.0,1.0,0.5,0.0,0.8,0.3333333333333333,0.3333333333333333,0.0,0.6666666666666666,0.3333333333333333,0.0,0.5590889557370005,0.0
0.16793893129770993,0.3333333333333333,0.0,0.6923076923076923,0.5,0.1111111111111111,1.0,0.0,0.0,0.0,0.4,1.0,0.25,0.3333333333333333,0.6666666666666666,0.3333333333333333,0.3333333333333333,0.36484744305973354,0.0
0.16848418756815703,0.0,0.0,0.6153846153846154,0.16666666666666666,0.2222222222222222,0.0,0.0,1.0,0.6666666666666666,0.2,1.0,0.25,0.3333333333333333,1.0,0.0,0.3333333333333333,0.8305400372439479,0.0
0.16902944383860416,0.6666666666666666,0.5,1.0,0.3333333333333333,0.27777777777777773,1.0,1.0,1.0,0.3333333333333333,1.0,0.3333333333333333,0.25,0.6666666666666666,1.0,0.6666666666666666,0.6666666666666666,0.2667239650479874,0.0
0.17011995637949837,1.0,1.0,0.7692307692307693,0.6666666666666666,0.3888888888888889,0.5,0.6666666666666666,1.0,1.0,0.2,0.3333333333333333,0.0,0.0,1.0,1.0,0.0,0.579286635152557,0.0
0.17066521264994547,0.6666666666666666,1.0,0.6153846153846154,0.5,0.49999999999999994,1.0,0.3333333333333333,0.0,0.3333333333333333,0.2,0.3333333333333333,0.08333333333333333,1.0,0.0,0.6666666666666666,1.0,0.2280475576564962,0.0
0.1712104689203926,0.6666666666666666,0.5,0.23076923076923078,0.6666666666666666,0.2222222222222222,0.0,1.0,1.0,0.3333333333333333,0.4,0.3333333333333333,0.16666666666666666,0.6666666666666666,0.3333333333333333,0.6666666666666666,0.6666666666666666,0.26758344076779833,0.0
0.1717557251908397,0.6666666666666666,0.5,0.7692307692307693,0.6666666666666666,0.5555555555555556,0.5,0.6666666666666666,1.0,0.3333333333333333,0.8,0.3333333333333333,0.0,0.3333333333333333,0.3333333333333333,0.6666666666666666,0.3333333333333333,0.2609941269159146,0.0
0.1723009814612868,0.3333333333333333,0.0,0.5384615384615385,0.16666666666666666,0.7222222222222221,0.5,0.3333333333333333,1.0,0.0,0.2,0.0,0.08333333333333333,0.3333333333333333,0.3333333333333333,0.3333333333333333,0.3333333333333333,0.18937115026500503,0.0
0.1728462377317339,0.3333333333333333,1.0,1.0,0.5,0.05555555555555555,0.0,0.3333333333333333,0.5,0.0,0.0,1.0,0.08333333333333333,0.6666666666666666,0.3333333333333333,0.3333333333333333,0.6666666666666666,0.34493625555078067,0.0
0.17339149400218104,0.6666666666666666,0.5,0.3076923076923077,0.6666666666666666,0.8333333333333333,1.0,1.0,0.5,0.3333333333333333,1.0,0.6666666666666666,0.16666666666666666,0.6666666666666666,0.6666666666666666,0.6666666666666666,0.6666666666666666,0.3380604497922934,0.0
0.17393675027262814,0.3333333333333333,1.0,0.15384615384615385,0.5,0.3888888888888889,0.5,0.6666666666666666,0.0,0.0,1.0,0.3333333333333333,0.08333333333333333,1.0,0.0,0.3333333333333333,1.0,0.3710070190517118,0.0
0.17448200654307525,0.6666666666666666,1.0,0.7692307692307693,0.3333333333333333,0.1111111111111111,0.5,0.0,0.0,0.3333333333333333,1.0,0.6666666666666666,0.25,0.3333333333333333,0.3333333333333333,0.6666666666666666,0.3333333333333333,0.41025641025641024,0.0
0.17557251908396948,0.6666666666666666,1.0,0.8461538461538463,0.6666666666666666,0.05555555555555555,1.0,1.0,0.0,0.3333333333333333,1.0,0.0,0.25,1.0,0.3333333333333333,0.6666666666666666,1.0,0.6680991261996849,0.0
0.17611777535441658,0.6666666666666666,1.0,0.7692307692307693,0.6666666666666666,0.1111111111111111,0.0,0.0,0.5,0.3333333333333333,0.0,1.0,0.0,0.6666666666666666,0.0,0.6666666666666666,0.6666666666666666,0.43632717375734137,0.0
0.1766630316248637,0.3333333333333333,1.0,0.6923076923076923,0.16666666666666666,0.3333333333333333,0.0,0.3333333333333333,1.0,0.0,1.0,0.6666666666666666,0.3333333333333333,0.3333333333333333,0.6666666666666666,0.3333333333333333,0.3333333333333333,0.5108150694742873,0.0
0.17720828789531082,0.6666666666666666,0.0,1.0,0.6666666666666666,0.9444444444444444,1.0,0.6666666666666666,1.0,0.3333333333333333,0.0,0.0,0.16666666666666666,0.3333333333333333,0.3333333333333333,0.6666666666666666,0.3333333333333333,0.4351812061309268,0.0
0.17775354416575792,0.6666666666666666,1.0,0.0,0.3333333333333333,0.27777777777777773,0.0,1.0,0.0,0.3333333333333333,0.4,0.6666666666666666,0.0,1.0,1.0,0.6666666666666666,1.0,0.396218306832832,0.0
0.17829880043620502,0.3333333333333333,1.0,0.15384615384615385,0.5,0.8888888888888888,0.0,0.6666666666666666,1.0,0.0,1.0,1.0,0.08333333333333333,0.6666666666666666,0.0,0.3333333333333333,0.6666666666666666,0.2707348517404383,0.0
0.17884405670665213,0.6666666666666666,0.5,1.0,0.3333333333333333,0.0,1.0,0.6666666666666666,0.5,0.3333333333333333,0.6000000000000001,0.0,0.25,0.6666666666666666,0.3333333333333333,0.6666666666666666,0.6666666666666666,0.5272883541039965,0.0
0.17938931297709926,0.3333333333333333,0.0,0.6153846153846154,0.16666666666666666,0.4444444444444445,1.0,1.0,0.0,0.0,0.4,0.0,0.08333333333333333,0.0,0.3333333333333333,0.3333333333333333,0.0,0.2859189227904312,0.0
0.17993456924754636,0.6666666666666666,0.5,0.9230769230769231,0.5,1.0,0.5,0.0,0.5,0.3333333333333333,0.4,0.0,0.08333333333333333,1.0,1.0,0.6666666666666666,1.0,0.5632430883827532,0.0
0.18047982551799346,0.3333333333333333,0.0,0.5384615384615385,0.3333333333333333,0.4444444444444445,0.0,0.3333333333333333,1.0,0.0,0.2,1.0,0.08333333333333333,0.0,0.6666666666666666,0.3333333333333333,0.0,0.1809196390201977,0.0
0.1815703380588877,0.6666666666666666,1.0,0.3076923076923077,0.3333333333333333,0.7222222222222221,0.0,0.6666666666666666,1.0,0.3333333333333333,1.0,0.3333333333333333,0.25,0.0,0.0,0.6666666666666666,0.0,0.3622690159003008,0.0
0.1821155943293348,1.0,1.0,0.8461538461538463,0.5,0.3888888888888889,0.5,0.6666666666666666,1.0,1.0,0.4,0.6666666666666666,0.0,1.0,0.0,1.0,1.0,0.6272740295086664,0.0
0.1826608505997819,0.3333333333333333,1.0,0.6923076923076923,0.5,0.49999999999999994,0.0,1.0,1.0,0.0,0.6000000000000001,1.0,0.25,1.0,1.0,0.3333333333333333,1.0,0.3245953301819224,0.0
0.183206106870229,0.3333333333333333,0.0,0.6923076923076923,0.16666666666666666,0.3333333333333333,1.0,0.3333333333333333,1.0,0.0,0.6000000000000001,0.6666666666666666,0.16666666666666666,0.3333333333333333,1.0,0.3333333333333333,0.3333333333333333,0.2786133791720384,0.0
0.18375136314067614,0.6666666666666666,1.0,0.07692307692307693,0.3333333333333333,0.49999999999999994,0.0,0.6666666666666666,1.0,0.3333333333333333,0.2,0.3333333333333333,0.0,0.0,0.3333333333333333,0.6666666666666666,0.0,0.20742014038103423,0.0
0.18429661941112324,1.0,0.0,0.07692307692307693,0.6666666666666666,0.4444444444444445,0.5,0.6666666666666666,0.0,1.0,0.8,0.6666666666666666,0.08333333333333333,0.6666666666666666,1.0,1.0,0.6666666666666666,0.6504798739435611,0.0
0.18484187568157034,0.3333333333333333,0.5,0.7692307692307693,0.5,0.5555555555555556,1.0,1.0,0.0,0.0,1.0,0.0,0.3333333333333333,0.0,0.0,0.3333333333333333,0.0,0.49548775247099275,0.0
0.18538713195201745,0.3333333333333333,1.0,0.5384615384615385,0.16666666666666666,0.6666666666666665,0.0,0.6666666666666666,1.0,0.0,0.6000000000000001,0.0,0.16666666666666666,0.3333333333333333,0.0,0.3333333333333333,0.3333333333333333,0.25010743446497635,0.0
0.18593238822246458,0.3333333333333333,1.0,0.07692307692307693,0.3333333333333333,0.9444444444444444,0.5,0.0,0.0,0.0,0.2,0.3333333333333333,0.08333333333333333,0.6666666666666666,0.3333333333333333,0.3333333333333333,0.6666666666666666,0.32087093539607503,0.0
0.18647764449291168,0.3333333333333333,0.5,0.5384615384615385,0.5,0.8333333333333333,1.0,1.0,1.0,0.0,0.2,1.0,0.3333333333333333,0.0,0.6666666666666666,0.3333333333333333,0.0,0.6219739292364991,0.0
0.1875681570338059,0.0,0.5,0.7692307692307693,0.16666666666666666,0.4444444444444445,0.5,0.6666666666666666,0.0,0.6666666666666666,0.8,0.6666666666666666,0.3333333333333333,0.6666666666666666,0.0,0.0,0.6666666666666666,0.8222317719524423,0.0
0.18811341330425302,0.3333333333333333,0.0,0.15384615384615385,0.5,0.1111111111111111,1.0,1.0,0.0,0.0,0.4,0.3333333333333333,0.0,0.0,0.0,0.3333333333333333,0.0,0.3278899871078642,0.0
0.18865866957470012,0.6666666666666666,0.0,0.46153846153846156,0.3333333333333333,0.05555555555555555,0.5,0.3333333333333333,1.0,0.3333333333333333,1.0,0.6666666666666666,0.3333333333333333,0.3333333333333333,0.0,0.6666666666666666,0.3333333333333333,0.7013321873657069,0.0
0.18920392584514723,0.3333333333333333,0.0,0.46153846153846156,0.3333333333333333,0.8333333333333333,0.0,0.6666666666666666,0.0,0.0,0.8,0.3333333333333333,0.08333333333333333,1.0,1.0,0.3333333333333333,1.0,0.2882108580432603,0.0
0.18974918211559433,0.3333333333333333,0.5,0.5384615384615385,0.5,0.27777777777777773,0.0,0.0,0.5,0.0,0.8,1.0,0.3333333333333333,0.6666666666666666,0.6666666666666666,0.3333333333333333,0.6666666666666666,0.37616387337057733,0.0
0.19029443838604146,0.6666666666666666,0.5,0.8461538461538463,0.6666666666666666,0.4444444444444445,1.0,0.6666666666666666,0.0,0.3333333333333333,0.4,0.3333333333333333,0.3333333333333333,1.0,1.0,0.6666666666666666,1.0,0.5834407677983097,0.0
0.19083969465648856,1.0,0.0,0.15384615384615385,0.8333333333333333,0.49999999999999994,0.5,0.3333333333333333,1.0,1.0,0.2,0.3333333333333333,0.16666666666666666,0.6666666666666666,0.3333333333333333,1.0,0.6666666666666666,0.8680704770090245,0.0
0.19138495092693567,0.0,0.5,0.8461538461538463,0.0,0.4444444444444445,0.0,1.0,0.0,0.6666666666666666,0.8,0.6666666666666666,0.25,0.3333333333333333,1.0,0.0,0.3333333333333333,0.9829537315570835,0.0
0.19193020719738277,0.6666666666666666,0.0,0.5384615384615385,0.5,0.3888888888888889,1.0,0.6666666666666666,0.0,0.3333333333333333,0.2,0.0,0.3333333333333333,0.3333333333333333,1.0,0.6666666666666666,0.3333333333333333,0.4059590316573557,0.0
0.193020719738277,0.3333333333333333,1.0,0.7692307692307693,0.3333333333333333,0.3888888888888889,0.5,0.6666666666666666,0.0,0.0,0.6000000000000001,0.0,0.0,0.0,1.0,0.3333333333333333,0.0,0.1378026070763501,0.0
0.1935659760087241,1.0,0.0,0.6923076923076923,0.5,0.1111111111111111,0.0,0.6666666666666666,1.0,1.0,0.4,0.6666666666666666,0.25,1.0,1.0,1.0,1.0,0.8579000143245954,0.0
0.1941112322791712,0.6666666666666666,0.5,0.7692307692307693,0.6666666666666666,0.7777777777777777,1.0,0.3333333333333333,0.0,0.3333333333333333,0.8,0.6666666666666666,0.08333333333333333,0.3333333333333333,0.0,0.6666666666666666,0.3333333333333333,0.3018192236069331,0.0
0.19465648854961834,0.6666666666666666,0.0,0.15384615384615385,0.6666666666666666,0.4444444444444445,0.0,1.0,0.0,0.3333333333333333,0.0,0.6666666666666666,0.25,0.6666666666666666,0.6666666666666666,0.6666666666666666,0.6666666666666666,0.31141670247815495,0.0
0.19520174482006544,0.3333333333333333,0.5,0.5384615384615385,0.5,0.2222222222222222,1.0,0.3333333333333333,1.0,0.0,0.8,0.6666666666666666,0.08333333333333333,0.6666666666666666,0.3333333333333333,0.3333333333333333,0.6666666666666666,0.13508093396361553,0.0
0.19574700109051255,0.6666666666666666,0.0,0.6923076923076923,0.6666666666666666,0.2222222222222222,1.0,0.3333333333333333,0.5,0.3333333333333333,0.0,1.0,0.25,1.0,1.0,0.6666666666666666,1.0,0.5479157713794586,0.0
0.19629225736095965,0.3333333333333333,0.0,0.6923076923076923,0.16666666666666666,0.8333333333333333,0.0,1.0,0.0,0.0,1.0,0.6666666666666666,0.25,0.6666666666666666,0.6666666666666666,0.3333333333333333,0.6666666666666666,0.43546769803753044,0.0
0.19683751363140678,0.6666666666666666,1.0,0.5384615384615385,0.6666666666666666,0.4444444444444445,1.0,0.0,0.5,0.3333333333333333,0.2,0.0,0.08333333333333333,0.3333333333333333,1.0,0.6666666666666666,0.3333333333333333,0.24581005586592178,0.0
0.19738276990185388,0.3333333333333333,1.0,0.8461538461538463,0.16666666666666666,1.0,1.0,0.0,1.0,0.0,0.8,0.0,0.25,0.3333333333333333,1.0,0.3333333333333333,0.3333333333333333,0.634722819080361,0.0
0.1984732824427481,0.6666666666666666,0.5,0.3076923076923077,0.5,0.4444444444444445,1.0,0.6666666666666666,0.5,0.3333333333333333,0.6000000000000001,0.3333333333333333,0.08333333333333333,1.0,0.6666666666666666,0.6666666666666666,1.0,0.23119896862913625,0.0
0.19901853871319522,0.6666666666666666,1.0,0.46153846153846156,0.3333333333333333,0.0,0.5,1.0,1.0,0.3333333333333333,1.0,0.3333333333333333,0.0,0.0,0.6666666666666666,0.6666666666666666,0.0,0.4828821085804326,0.0
0.19956379498364232,0.6666666666666666,0.5,0.15384615384615385,0.3333333333333333,0.7777777777777777,0.5,1.0,0.0,0.3333333333333333,0.4,0.3333333333333333,0.08333333333333333,0.3333333333333333,0.6666666666666666,0.6666666666666666,0.3333333333333333,0.23864775820083084,0.0
0.20010905125408943,0.3333333333333333,1.0,1.0,0.3333333333333333,1.0,1.0,0.3333333333333333,1.0,0.0,0.6000000000000001,0.0,0.25,1.0,1.0,0.3333333333333333,1.0,0.6148116315714082,0.0
0.20065430752453653,0.6666666666666666,0.0,0.6923076923076923,0.3333333333333333,1.0,0.0,0.6666666666666666,1.0,0.3333333333333333,1.0,0.3333333333333333,0.16666666666666666,1.0,0.6666666666666666,0.6666666666666666,1.0,0.6448932817647902,0.0
0.20119956379498366,0.3333333333333333,0.0,0.6153846153846154,0.5,0.7222222222222221,0.0,0.0,1.0,0.0,0.4,0.0,0.3333333333333333,0.6666666666666666,0.0,0.3333333333333333,0.6666666666666666,0.3944993553932101,0.0
0.20174482006543076,0.3333333333333333,0.5,0.8461538461538463,0.5,0.0,0.5,0.0,1.0,0.0,0.8,0.0,0.3333333333333333,0.0,1.0,0.3333333333333333,0.0,0.8596189657642171,0.0
0.20229007633587787,0.3333333333333333,0.0,0.3076923076923077,0.16666666666666666,0.3333333333333333,0.5,0.0,0.5,0.0,1.0,0.0,0.25,0.6666666666666666,0.3333333333333333,0.3333333333333333,0.6666666666666666,0.3257412978083369,0.0
0.2033805888767721,0.6666666666666666,0.0,0.7692307692307693,0.6666666666666666,0.27777777777777773,0.0,1.0,1.0,0.3333333333333333,0.8,0.6666666666666666,0.3333333333333333,0.0,0.6666666666666666,0.6666666666666666,0.0,0.6832831972496778,0.0
0.2039258451472192,0.3333333333333333,0.0,0.23076923076923078,0.3333333333333333,0.3333333333333333,0.0,1.0,0.0,0.0,1.0,0.0,0.08333333333333333,0.6666666666666666,1.0,0.3333333333333333,0.6666666666666666,0.11731843575418993,0.0
0.2044711014176663,0.6666666666666666,0.0,0.15384615384615385,0.5,0.2222222222222222,0.0,0.0,0.0,0.3333333333333333,0.6000000000000001,0.6666666666666666,0.3333333333333333,0.3333333333333333,0.3333333333333333,0.6666666666666666,0.3333333333333333,0.47084944850307975,0.0
0.2050163576881134,0.6666666666666666,1.0,0.23076923076923078,0.3333333333333333,0.7222222222222221,0.0,0.0,1.0,0.3333333333333333,0.4,0.0,0.3333333333333333,0.6666666666666666,0.0,0.6666666666666666,0.6666666666666666,0.4623979372582725,0.0
0.20556161395856054,0.6666666666666666,0.5,0.0,0.5,0.16666666666666669,0.0,0.6666666666666666,0.0,0.3333333333333333,0.4,0.0,0.25,0.6666666666666666,0.3333333333333333,0.6666666666666666,0.6666666666666666,0.21515542185933248,0.0
0.20610687022900764,0.6666666666666666,0.5,0.5384615384615385,0.3333333333333333,0.05555555555555555,0.5,0.3333333333333333,0.0,0.3333333333333333,0.8,0.6666666666666666,0.3333333333333333,0.6666666666666666,0.3333333333333333,0.6666666666666666,0.6666666666666666,0.5735567970204841,0.0
0.20665212649945475,0.3333333333333333,1.0,0.6923076923076923,0.3333333333333333,0.6666666666666665,0.0,0.6666666666666666,0.5,0.0,0.4,1.0,0.0,0.3333333333333333,0.6666666666666666,0.3333333333333333,0.3333333333333333,0.04569545910328033,0.0
0.20719738276990185,1.0,0.5,0.38461538461538464,0.5,0.16666666666666669,0.5,0.3333333333333333,0.5,1.0,0.2,1.0,0.08333333333333333,1.0,1.0,1.0,1.0,0.7792579859618965,0.0
0.20774263904034898,0.6666666666666666,0.5,0.07692307692307693,0.6666666666666666,0.7777777777777777,1.0,0.0,1.0,0.3333333333333333,0.6000000000000001,0.0,0.0,0.3333333333333333,0.6666666666666666,0.6666666666666666,0.3333333333333333,0.4165592322016903,0.0
0.20828789531079608,0.3333333333333333,1.0,0.3076923076923077,0.5,0.16666666666666669,1.0,0.3333333333333333,0.0,0.0,0.6000000000000001,1.0,0.3333333333333333,1.0,0.0,0.3333333333333333,1.0,0.6352958028935682,0.0
0.20937840785169032,0.6666666666666666,1.0,0.5384615384615385,0.5,0.27777777777777773,0.0,0.0,0.5,0.3333333333333333,1.0,0.0,0.0,0.0,1.0,0.6666666666666666,0.0,0.06216874373298954,0.0
0.20992366412213742,0.6666666666666666,0.5,0.8461538461538463,0.5,0.8333333333333333,0.0,0.0,0.0,0.3333333333333333,1.0,1.0,0.16666666666666666,0.0,0.6666666666666666,0.6666666666666666,0.0,0.3579716373012462,0.0
0.21046892039258452,0.3333333333333333,0.0,0.46153846153846156,0.16666666666666666,0.16666666666666669,0.5,1.0,0.5,0.0,1.0,0.3333333333333333,0.25,0.3333333333333333,0.3333333333333333,0.3333333333333333,0.3333333333333333,0.4023778828248102,0.0
0.21101417666303163,0.0,0.5,0.3076923076923077,0.16666666666666666,0.3333333333333333,1.0,0.0,0.5,0.6666666666666666,0.8,0.6666666666666666,0.25,1.0,0.6666666666666666,0.0,1.0,0.9583154275891707,0.0
0.21155943293347876,0.6666666666666666,0.0,0.0,0.3333333333333333,0.6111111111111112,0.0,0.3333333333333333,0.0,0.3333333333333333,0.0,0.3333333333333333,0.0,0.3333333333333333,1.0,0.6666666666666666,0.3333333333333333,0.08179343933533878,0.0
0.21210468920392586,0.6666666666666666,0.0,0.46153846153846156,0.5,0.4444444444444445,1.0,1.0,1.0,0.3333333333333333,0.0,1.0,0.16666666666666666,0.3333333333333333,0.3333333333333333,0.6666666666666666,0.3333333333333333,0.1824953445065177,0.0
0.21264994547437296,1.0,0.5,0.0,0.5,0.0,1.0,1.0,1.0,1.0,0.0,1.0,0.25,1.0,1.0,1.0,1.0,0.9630425440481307,0.0
0.21319520174482007,0.3333333333333333,0.5,0.9230769230769231,0.5,0.0,0.0,0.0,1.0,0.0,0.2,1.0,0.08333333333333333,0.3333333333333333,0.6666666666666666,0.3333333333333333,0.3333333333333333,0.39306689586019194,0.0
0.2137404580152672,0.6666666666666666,0.0,0.46153846153846156,0.3333333333333333,0.8333333333333333,1.0,1.0,0.0,0.3333333333333333,0.4,0.6666666666666666,0.3333333333333333,0.6666666666666666,1.0,0.6666666666666666,0.6666666666666666,0.553072625698324,0.0
0.2148309705561614,0.6666666666666666,0.0,0.0,0.3333333333333333,0.6666666666666665,0.0,0.6666666666666666,1.0,0.3333333333333333,0.2,0.3333333333333333,0.08333333333333333,0.0,0.6666666666666666,0.6666666666666666,0.0,0.27302678699326743,0.0
0.2153762268266085,0.3333333333333333,1.0,0.6153846153846154,0.16666666666666666,1.0,1.0,0.3333333333333333,0.5,0.0,0.6000000000000001,1.0,0.16666666666666666,0.0,0.0,0.3333333333333333,0.0,0.6887265434751468,0.0
0.21592148309705564,0.6666666666666666,1.0,0.38461538461538464,0.5,0.9444444444444444,0.0,1.0,1.0,0.3333333333333333,0.8,0.0,0.16666666666666666,1.0,1.0,0.6666666666666666,1.0,0.402521128778112,0.0
0.21646673936750274,0.6666666666666666,1.0,1.0,0.6666666666666666,1.0,0.0,0.3333333333333333,0.0,0.3333333333333333,0.4,0.3333333333333333,0.3333333333333333,1.0,0.0,0.6666666666666666,1.0,0.8392780403953589,0.0
0.21701199563794984,0.6666666666666666,0.0,0.0,0.6666666666666666,0.0,0.0,1.0,1.0,0.3333333333333333,0.6000000000000001,0.6666666666666666,0.25,0.3333333333333333,0.6666666666666666,0.6666666666666666,0.3333333333333333,0.6666666666666666,0.0
0.21755725190839695,0.3333333333333333,0.0,0.07692307692307693,0.16666666666666666,0.49999999999999994,1.0,1.0,1.0,0.0,1.0,0.6666666666666666,0.08333333333333333,0.3333333333333333,1.0,0.3333333333333333,0.3333333333333333,0.16057871365133936,0.0
0.21810250817884408,0.3333333333333333,0.0,0.9230769230769231,0.3333333333333333,0.49999999999999994,0.5,0.6666666666666666,0.5,0.0,0.2,1.0,0.3333333333333333,0.6666666666666666,1.0,0.3333333333333333,0.6666666666666666,0.3121329322446641,0.0
0.21864776444929118,0.3333333333333333,0.0,0.0,0.16666666666666666,0.7222222222222221,0.0,0.3333333333333333,0.5,0.0,0.2,1.0,0.08333333333333333,0.3333333333333333,1.0,0.3333333333333333,0.3333333333333333,0.18937115026500503,0.0
0.22028353326063252,0.6666666666666666,0.0,0.38461538461538464,0.3333333333333333,0.16666666666666669,1.0,0.3333333333333333,0.0,0.3333333333333333,1.0,0.3333333333333333,0.08333333333333333,0.6666666666666666,0.0,0.6666666666666666,0.6666666666666666,0.2161581435324452,0.0
0.22082878953107962,1.0,0.0,1.0,0.8333333333333333,0.5555555555555556,0.5,1.0,0.0,1.0,0.6000000000000001,0.6666666666666666,0.08333333333333333,0.3333333333333333,1.0,1.0,0.3333333333333333,0.8838275318722246,0.0
0.22137404580152673,0.6666666666666666,0.5,0.15384615384615385,0.5,0.1111111111111111,0.0,0.6666666666666666,1.0,0.3333333333333333,0.4,1.0,0.16666666666666666,0.6666666666666666,0.6666666666666666,0.6666666666666666,0.6666666666666666,0.2481019911187509,0.0
0.22191930207197383,0.3333333333333333,1.0,0.38461538461538464,0.5,0.3888888888888889,0.0,0.6666666666666666,0.0,0.0,0.2,0.0,0.3333333333333333,0.6666666666666666,0.3333333333333333,0.3333333333333333,0.6666666666666666,0.3505228477295516,0.0
0.22246455834242096,0.6666666666666666,0.5,0.6923076923076923,0.3333333333333333,0.5555555555555556,0.5,1.0,0.5,0.3333333333333333,0.0,0.0,0.08333333333333333,0.0,0.3333333333333333,0.6666666666666666,0.0,0.22289070333763072,0.0
0.22300981461286806,0.3333333333333333,1.0,0.46153846153846156,0.5,0.5555555555555556,0.0,0.0,1.0,0.0,1.0,0.0,0.0,0.3333333333333333,1.0,0.3333333333333333,0.3333333333333333,0.034235782839134796,0.0
0.22355507088331517,0.3333333333333333,1.0,0.38461538461538464,0.16666666666666666,0.3333333333333333,0.0,0.6666666666666666,0.5,0.0,0.8,1.0,0.0,0.0,0.0,0.3333333333333333,0.0,0.22160148975791435,0.0
0.22410032715376227,0.6666666666666666,1.0,0.46153846153846156,0.3333333333333333,0.5555555555555556,1.0,0.6666666666666666,0.0,0.3333333333333333,0.4,0.0,0.08333333333333333,1.0,0.3333333333333333,0.6666666666666666,1.0,0.30797879959891133,0.0
0.2246455834242094,0.6666666666666666,1.0,0.0,0.3333333333333333,0.16666666666666669,1.0,0.0,0.5,0.3333333333333333,0.6000000000000001,0.3333333333333333,0.0,0.6666666666666666,0.6666666666666666,0.6666666666666666,0.6666666666666666,0.2280475576564962,0.0
0.2257360959651036,0.0,1.0,0.15384615384615385,0.16666666666666666,0.4444444444444445,0.0,0.0,1.0,0.6666666666666666,0.6000000000000001,0.6666666666666666,0.0,0.6666666666666666,0.0,0.0,0.6666666666666666,0.8014611087236786,0.0
0.2262813522355507,0.6666666666666666,0.0,0.7692307692307693,0.5,0.6111111111111112,1.0,0.3333333333333333,0.5,0.3333333333333333,0.0,1.0,0.0,1.0,0.3333333333333333,0.6666666666666666,1.0,0.28677839851024206,0.0
0.22682660850599784,0.6666666666666666,0.0,0.0,0.6666666666666666,0.9444444444444444,0.0,0.3333333333333333,0.0,0.3333333333333333,0.2,1.0,0.08333333333333333,0.0,1.0,0.6666666666666666,0.0,0.5290073055436184,0.0
0.22737186477644494,0.3333333333333333,0.5,0.6923076923076923,0.5,0.8888888888888888,0.5,1.0,1.0,0.0,0.4,0.6666666666666666,0.16666666666666666,0.6666666666666666,1.0,0.3333333333333333,0.6666666666666666,0.23979372582724537,0.0
0.22791712104689205,0.3333333333333333,0.0,1.0,0.16666666666666666,0.3888888888888889,0.0,0.0,0.5,0.0,0.2,0.6666666666666666,0.08333333333333333,0.0,0.6666666666666666,0.3333333333333333,0.0,0.2694456381607219,0.0
0.22846237731733915,0.6666666666666666,0.0,0.38461538461538464,0.5,0.6111111111111112,1.0,0.6666666666666666,0.5,0.3333333333333333,0.8,0.0,0.25,0.0,0.6666666666666666,0.6666666666666666,0.0,0.3182925082366423,0.0
0.22900763358778628,0.6666666666666666,0.5,0.23076923076923078,0.3333333333333333,0.4444444444444445,0.5,0.0,1.0,0.3333333333333333,0.4,0.0,0.25,0.6666666666666666,0.6666666666666666,0.6666666666666666,0.6666666666666666,0.24480733419280906,0.0
0.22955288985823338,0.3333333333333333,0.0,0.5384615384615385,0.5,0.0,0.5,0.0,0.0,0.0,0.4,0.3333333333333333,0.0,0.0,0.3333333333333333,0.3333333333333333,0.0,0.4831686004870362,0.0
0.2300981461286805,0.6666666666666666,1.0,0.07692307692307693,0.3333333333333333,0.16666666666666669,0.0,0.6666666666666666,0.0,0.3333333333333333,0.8,0.0,0.16666666666666666,0.3333333333333333,0.0,0.6666666666666666,0.3333333333333333,0.3376307119323879,0.0
0.2306434023991276,0.3333333333333333,0.5,0.07692307692307693,0.5,0.4444444444444445,0.0,1.0,1.0,0.0,1.0,0.6666666666666666,0.0,0.6666666666666666,0.6666666666666666,0.3333333333333333,0.6666666666666666,0.21572840567253976,0.0
0.23173391494002182,0.0,0.0,0.46153846153846156,0.16666666666666666,0.5555555555555556,0.5,0.3333333333333333,0.0,0.6666666666666666,0.4,1.0,0.16666666666666666,1.0,0.0,0.0,1.0,0.9018765219882539,0.0
0.23227917121046893,0.6666666666666666,1.0,0.9230769230769231,0.5,0.2222222222222222,0.0,0.0,0.0,0.3333333333333333,1.0,0.3333333333333333,0.0,0.0,0.6666666666666666,0.6666666666666666,0.0,0.06589313851883684,0.0
0.23282442748091603,0.3333333333333333,0.5,0.0,0.16666666666666666,0.3333333333333333,0.0,1.0,0.5,0.0,0.2,0.3333333333333333,0.08333333333333333,0.0,0.3333333333333333,0.3333333333333333,0.0,0.29752184500787854,0.0
0.23336968375136316,0.3333333333333333,0.0,0.0,0.5,0.8333333333333333,0.0,0.6666666666666666,0.5,0.0,0.0,0.0,0.08333333333333333,0.3333333333333333,0.0,0.3333333333333333,0.3333333333333333,0.18149262283340495,0.0
0.23391494002181026,0.6666666666666666,0.5,0.7692307692307693,0.3333333333333333,0.1111111111111111,0.0,0.0,0.5,0.3333333333333333,1.0,0.6666666666666666,0.3333333333333333,0.3333333333333333,0.6666666666666666,0.6666666666666666,0.3333333333333333,0.6262713078355536,0.0
0.23446019629225737,0.3333333333333333,0.5,0.9230769230769231,0.16666666666666666,0.8333333333333333,0.0,1.0,1.0,0.0,0.6000000000000001,0.6666666666666666,0.0,0.0,0.3333333333333333,0.3333333333333333,0.0,0.3790287924366137,0.0
0.23500545256270447,0.6666666666666666,0.5,0.38461538461538464,0.5,0.27777777777777773,0.0,1.0,0.5,0.3333333333333333,0.0,0.0,0.25,1.0,0.6666666666666666,0.6666666666666666,1.0,0.34020913909182066,0.0
0.2355507088331516,0.6666666666666666,0.5,0.9230769230769231,0.3333333333333333,0.27777777777777773,0.5,1.0,0.5,0.3333333333333333,0.6000000000000001,1.0,0.0,0.0,1.0,0.6666666666666666,0.0,0.20541469703480877,0.0
0.2360959651035987,0.3333333333333333,0.0,0.5384615384615385,0.3333333333333333,0.7222222222222221,0.0,0.3333333333333333,0.5,0.0,0.8,0.6666666666666666,0.0,0.3333333333333333,0.0,0.3333333333333333,0.3333333333333333,0.08981521272024065,0.0
0.2366412213740458,0.6666666666666666,1.0,0.46153846153846156,0.6666666666666666,0.3333333333333333,0.0,1.0,0.5,0.3333333333333333,0.2,0.3333333333333333,0.0,0.6666666666666666,1.0,0.6666666666666666,0.6666666666666666,0.3056868643460822,0.0
0.23773173391494004,0.3333333333333333,1.0,0.5384615384615385,0.5,0.4444444444444445,1.0,0.6666666666666666,1.0,0.0,0.4,0.6666666666666666,0.16666666666666666,0.0,1.0,0.3333333333333333,0.0,0.3148546053573987,0.0
0.23827699018538714,0.3333333333333333,0.0,0.6923076923076923,0.5,0.49999999999999994,0.5,0.6666666666666666,0.0,0.0,0.8,0.3333333333333333,0.25,0.0,0.3333333333333333,0.3333333333333333,0.0,0.3851883684285919,0.0
0.23882224645583425,0.3333333333333333,0.5,0.6153846153846154,0.3333333333333333,0.5555555555555556,1.0,0.0,1.0,0.0,0.0,0.3333333333333333,0.08333333333333333,1.0,0.0,0.3333333333333333,1.0,0.23535310127488898,0.0
0.23936750272628135,0.3333333333333333,0.5,0.6923076923076923,0.5,0.49999999999999994,0.5,0.6666666666666666,0.0,0.0,0.8,0.0,0.16666666666666666,1.0,1.0,0.3333333333333333,1.0,0.29608938547486036,0.0
0.23991275899672848,1.0,1.0,0.46153846153846156,0.6666666666666666,0.6666666666666665,0.5,1.0,0.5,1.0,0.8,0.3333333333333333,0.25,1.0,0.3333333333333333,1.0,1.0,0.8286778398510243,0.0
0.24045801526717558,1.0,1.0,0.38461538461538464,0.5,0.27777777777777773,0.0,1.0,1.0,1.0,0.0,1.0,0.0,0.0,0.3333333333333333,1.0,0.0,0.4870362412261854,0.0
0.2415485278080698,0.3333333333333333,1.0,0.9230769230769231,0.16666666666666666,0.49999999999999994,0.5,0.0,1.0,0.0,1.0,1.0,0.08333333333333333,1.0,1.0,0.3333333333333333,1.0,0.3697178054719954,0.0
0.24209378407851692,0.3333333333333333,0.0,0.6153846153846154,0.5,0.49999999999999994,1.0,0.3333333333333333,1.0,0.0,0.2,0.0,0.0,1.0,1.0,0.3333333333333333,1.0,0.3665663944993554,0.0
0.24263904034896402,0.3333333333333333,0.5,0.15384615384615385,0.16666666666666666,0.1111111111111111,1.0,0.6666666666666666,0.0,0.0,0.2,0.6666666666666666,0.0,0.6666666666666666,0.6666666666666666,0.3333333333333333,0.6666666666666666,0.4098266723965048,0.0
0.24318429661941113,1.0,0.5,0.38461538461538464,0.8333333333333333,0.8888888888888888,0.5,1.0,0.0,1.0,0.2,0.0,0.0,0.0,1.0,1.0,0.0,0.9813780260707636,0.0
0.24372955288985823,0.6666666666666666,1.0,0.5384615384615385,0.3333333333333333,0.4444444444444445,1.0,0.3333333333333333,1.0,0.3333333333333333,0.6000000000000001,1.0,0.08333333333333333,0.6666666666666666,1.0,0.6666666666666666,0.6666666666666666,0.1869359690588741,0.0
0.24427480916030536,0.3333333333333333,1.0,0.9230769230769231,0.5,0.16666666666666669,1.0,0.0,0.0,0.0,0.0,1.0,0.0,1.0,0.6666666666666666,0.3333333333333333,1.0,0.436613665663945,0.0
0.24482006543075246,0.6666666666666666,0.0,0.38461538461538464,0.6666666666666666,0.5555555555555556,0.0,0.0,0.0,0.3333333333333333,0.6000000000000001,1.0,0.25,1.0,0.0,0.6666666666666666,1.0,0.46583584013751617,0.0
0.24536532170119957,0.6666666666666666,0.0,1.0,0.6666666666666666,0.49999999999999994,0.5,0.6666666666666666,0.5,0.3333333333333333,0.4,0.0,0.16666666666666666,0.0,1.0,0.6666666666666666,0.0,0.4171322160148976,0.0
0.2459105779716467,0.6666666666666666,0.5,0.6153846153846154,0.5,0.1111111111111111,0.5,0.6666666666666666,1.0,0.3333333333333333,0.0,0.6666666666666666,0.0,0.6666666666666666,0.6666666666666666,0.6666666666666666,0.6666666666666666,0.2316287064890417,0.0
0.2464558342420938,0.6666666666666666,1.0,0.3076923076923077,0.3333333333333333,0.49999999999999994,0.5,0.3333333333333333,0.0,0.3333333333333333,0.0,0.3333333333333333,0.3333333333333333,1.0,0.6666666666666666,0.6666666666666666,1.0,0.5691161724681277,0.0
0.2470010905125409,0.3333333333333333,0.5,0.3076923076923077,0.16666666666666666,0.0,1.0,0.0,0.5,0.0,0.8,0.6666666666666666,0.0,0.3333333333333333,0.0,0.3333333333333333,0.3333333333333333,0.44506517690875236,0.0
0.247546346782988,0.3333333333333333,0.5,0.5384615384615385,0.16666666666666666,0.49999999999999994,0.5,1.0,0.0,0.0,0.6000000000000001,1.0,0.25,0.0,0.6666666666666666,0.3333333333333333,0.0,0.42501074344649764,0.0
0.24809160305343514,0.6666666666666666,0.0,0.7692307692307693,0.3333333333333333,0.6111111111111112,0.0,0.6666666666666666,1.0,0.3333333333333333,0.8,0.6666666666666666,0.16666666666666666,0.6666666666666666,0.6666666666666666,0.6666666666666666,0.6666666666666666,0.23005300100272166,0.0
0.24863685932388224,0.6666666666666666,0.5,0.46153846153846156,0.3333333333333333,0.7777777777777777,0.5,0.3333333333333333,1.0,0.3333333333333333,0.6000000000000001,1.0,0.25,0.3333333333333333,0.0,0.6666666666666666,0.3333333333333333,0.3101274888984386,0.0
0.24918211559432935,0.0,1.0,0.07692307692307693,0.16666666666666666,0.8333333333333333,1.0,0.6666666666666666,1.0,0.6666666666666666,0.8,0.0,0.08333333333333333,0.3333333333333333,0.3333333333333333,0.0,0.3333333333333333,0.6397364274459246,0.0
0.24972737186477645,0.6666666666666666,1.0,0.6923076923076923,0.5,0.6666666666666665,1.0,0.3333333333333333,1.0,0.3333333333333333,0.4,0.0,0.08333333333333333,0.3333333333333333,1.0,0.6666666666666666,0.3333333333333333,0.1035668242372153,0.0
0.25027262813522355,1.0,0.5,0.38461538461538464,0.5,0.16666666666666669,1.0,0.3333333333333333,0.5,1.0,0.4,0.3333333333333333,0.3333333333333333,0.3333333333333333,0.3333333333333333,1.0,0.3333333333333333,0.9134794442057013,0.0
0.25081788440567065,0.3333333333333333,0.0,0.5384615384615385,0.5,0.7222222222222221,0.0,1.0,0.0,0.0,0.8,0.0,0.25,0.3333333333333333,0.6666666666666666,0.3333333333333333,0.3333333333333333,0.23965047987394356,0.0
0.2519083969465649,0.3333333333333333,0.5,0.07692307692307693,0.16666666666666666,0.2222222222222222,0.0,0.6666666666666666,0.0,0.0,0.0,1.0,0.16666666666666666,0.0,1.0,0.3333333333333333,0.0,0.36613665663944994,0.0
0.252453653217012,0.3333333333333333,0.5,0.7692307692307693,0.5,0.0,1.0,0.0,0.0,0.0,0.2,0.0,0.08333333333333333,0.0,1.0,0.3333333333333333,0.0,0.5368858329752184,0.0
0.2529989094874591,0.3333333333333333,1.0,1.0,0.5,0.2222222222222222,1.0,0.6666666666666666,0.5,0.0,0.4,0.3333333333333333,0.0,0.3333333333333333,0.3333333333333333,0.3333333333333333,0.3333333333333333,0.08379888268156424,0.0
0.2535441657579062,0.6666666666666666,0.5,0.23076923076923078,0.5,0.49999999999999994,0.0,0.3333333333333333,1.0,0.3333333333333333,0.0,0.6666666666666666,0.25,0.6666666666666666,0.3333333333333333,0.6666666666666666,0.6666666666666666,0.1824953445065177,0.0
0.25408942202835333,0.3333333333333333,0.0,0.0,0.5,1.0,0.0,1.0,0.5,0.0,1.0,0.0,0.3333333333333333,0.3333333333333333,0.6666666666666666,0.3333333333333333,0.3333333333333333,0.6477582008308265,0.0
0.25463467829880043,0.6666666666666666,1.0,0.07692307692307693,0.6666666666666666,0.5555555555555556,1.0,0.6666666666666666,0.0,0.3333333333333333,1.0,0.3333333333333333,0.3333333333333333,0.6666666666666666,0.3333333333333333,0.6666666666666666,0.6666666666666666,0.477009024495058,0.0
0.25517993456924754,0.6666666666666666,0.0,0.6153846153846154,0.5,0.0,0.0,0.0,1.0,0.3333333333333333,1.0,0.6666666666666666,0.3333333333333333,0.0,1.0,0.6666666666666666,0.0,0.7824093969345366,0.0
0.2557251908396947,0.6666666666666666,0.5,0.7692307692307693,0.6666666666666666,1.0,0.5,0.3333333333333333,0.0,0.3333333333333333,0.4,1.0,0.16666666666666666,0.0,0.6666666666666666,0.6666666666666666,0.0,0.7286921644463543,0.0
0.2562704471101418,0.3333333333333333,0.0,0.6153846153846154,0.3333333333333333,0.8888888888888888,0.0,0.0,1.0,0.0,0.4,0.3333333333333333,0.0,0.3333333333333333,1.0,0.3333333333333333,0.3333333333333333,0.19209282337773959,0.0
0.257360959651036,0.3333333333333333,0.5,0.6153846153846154,0.16666666666666666,0.2222222222222222,1.0,1.0,1.0,0.0,0.6000000000000001,1.0,0.25,0.3333333333333333,1.0,0.3333333333333333,0.3333333333333333,0.3717232488182209,0.0
0.2579062159214831,0.6666666666666666,0.0,0.6923076923076923,0.6666666666666666,0.1111111111111111,0.0,0.0,0.5,0.3333333333333333,0.6000000000000001,0.6666666666666666,0.25,0.6666666666666666,0.6666666666666666,0.6666666666666666,0.6666666666666666,0.37659361123048274,0.0
0.2584514721919302,0.3333333333333333,0.0,0.3076923076923077,0.16666666666666666,1.0,0.5,0.6666666666666666,1.0,0.0,0.0,0.0,0.3333333333333333,0.0,0.0,0.3333333333333333,0.0,0.9210714797306976,0.0
0.2589967284623773,0.6666666666666666,1.0,0.5384615384615385,0.3333333333333333,0.8888888888888888,1.0,0.6666666666666666,0.0,0.3333333333333333,0.2,0.6666666666666666,0.16666666666666666,0.3333333333333333,0.6666666666666666,0.6666666666666666,0.3333333333333333,0.30167597765363124,0.0
0.2595419847328244,0.3333333333333333,0.0,0.0,0.5,0.3333333333333333,0.5,1.0,0.0,0.0,1.0,0.6666666666666666,0.25,1.0,0.0,0.3333333333333333,1.0,0.3902019767941555,0.0
0.2600872410032716,0.3333333333333333,0.5,0.46153846153846156,0.16666666666666666,0.5555555555555556,0.5,0.6666666666666666,0.0,0.0,0.4,0.3333333333333333,0.16666666666666666,0.0,0.6666666666666666,0.3333333333333333,0.0,0.35840137516115167,0.0
0.2606324972737187,0.3333333333333333,1.0,0.15384615384615385,0.5,0.1111111111111111,0.5,0.3333333333333333,0.0,0.0,0.4,0.3333333333333333,0.3333333333333333,0.3333333333333333,1.0,0.3333333333333333,0.3333333333333333,0.5162584156997565,0.0
0.2611777535441658,1.0,0.0,0.15384615384615385,0.5,0.8888888888888888,0.5,0.0,1.0,1.0,0.4,1.0,0.25,0.6666666666666666,0.0,1.0,0.6666666666666666,0.7901446784128348,0.0
0.2617230098146129,1.0,1.0,0.7692307692307693,0.5,0.6111111111111112,0.0,0.0,0.0,1.0,0.2,0.0,0.25,0.3333333333333333,0.6666666666666666,1.0,0.3333333333333333,0.6549204984959175,0.0
0.26226826608506,0.6666666666666666,0.0,0.6153846153846154,0.6666666666666666,0.2222222222222222,1.0,0.6666666666666666,1.0,0.3333333333333333,0.6000000000000001,0.0,0.3333333333333333,1.0,0.6666666666666666,0.6666666666666666,1.0,0.6857183784558086,0.0
0.2633587786259542,0.3333333333333333,0.0,1.0,0.16666666666666666,0.3333333333333333,0.0,0.6666666666666666,1.0,0.0,0.4,0.6666666666666666,0.3333333333333333,0.6666666666666666,1.0,0.3333333333333333,0.6666666666666666,0.4913336198252399,0.0
0.2639040348964013,0.3333333333333333,0.0,0.7692307692307693,0.3333333333333333,1.0,0.0,0.0,0.5,0.0,0.8,0.0,0.3333333333333333,1.0,0.6666666666666666,0.3333333333333333,1.0,0.7928663515255694,0.0
0.26444929116684845,0.6666666666666666,1.0,0.9230769230769231,0.5,0.6111111111111112,1.0,0.6666666666666666,0.5,0.3333333333333333,0.8,1.0,0.25,0.0,0.0,0.6666666666666666,0.0,0.3182925082366423,0.0
0.26499454743729556,0.3333333333333333,0.5,0.23076923076923078,0.5,0.9444444444444444,0.0,0.0,1.0,0.0,1.0,0.3333333333333333,0.25,0.6666666666666666,0.6666666666666666,0.3333333333333333,0.6666666666666666,0.41827818364131214,0.0
0.26553980370774266,1.0,0.0,0.6923076923076923,0.6666666666666666,0.7777777777777777,0.0,0.6666666666666666,0.5,1.0,0.2,1.0,0.0,0.6666666666666666,0.0,1.0,0.6666666666666666,0.7761065749892565,0.0
0.26608505997818976,1.0,0.5,0.7692307692307693,0.5,0.7777777777777777,1.0,0.3333333333333333,0.0,1.0,0.4,0.0,0.0,1.0,1.0,1.0,1.0,0.869216444635439,0.0
0.26663031624863687,0.3333333333333333,0.5,0.38461538461538464,0.5,0.6111111111111112,0.0,0.6666666666666666,0.5,0.0,0.8,0.6666666666666666,0.25,1.0,1.0,0.3333333333333333,1.0,0.338346941698897,0.0
0.26717557251908397,0.6666666666666666,1.0,0.6923076923076923,0.3333333333333333,0.6666666666666665,0.0,0.0,1.0,0.3333333333333333,0.8,1.0,0.08333333333333333,1.0,1.0,0.6666666666666666,1.0,0.37286921644463544,0.0
0.2682660850599782,0.3333333333333333,0.0,0.8461538461538463,0.5,0.27777777777777773,1.0,0.0,1.0,0.0,0.8,0.3333333333333333,0.08333333333333333,1.0,0.0,0.3333333333333333,1.0,0.3785990545767082,0.0
0.26881134133042534,0.6666666666666666,0.5,0.38461538461538464,0.6666666666666666,0.5555555555555556,0.5,0.6666666666666666,1.0,0.3333333333333333,0.8,0.3333333333333333,0.16666666666666666,0.0,0.6666666666666666,0.6666666666666666,0.0,0.4241512677266867,0.0
0.26935659760087244,0.3333333333333333,1.0,0.8461538461538463,0.16666666666666666,0.8888888888888888,1.0,1.0,1.0,0.0,0.6000000000000001,0.0,0.16666666666666666,1.0,0.0,0.3333333333333333,1.0,0.4813064030941126,0.0
0.26990185387131954,0.3333333333333333,1.0,0.07692307692307693,0.16666666666666666,0.16666666666666669,1.0,0.0,0.5,0.0,0.0,1.0,0.0,1.0,0.0,0.3333333333333333,1.0,0.4913336198252399,0.0
0.27044711014176664,0.6666666666666666,0.0,0.15384615384615385,0.6666666666666666,0.5555555555555556,1.0,0.0,0.5,0.3333333333333333,1.0,1.0,0.25,0.0,1.0,0.6666666666666666,0.0,0.4742873513823234,0.0
0.27099236641221375,1.0,0.5,0.9230769230769231,0.5,0.27777777777777773,0.0,0.6666666666666666,0.5,1.0,0.4,0.6666666666666666,0.16666666666666666,0.0,1.0,1.0,0.0,0.7152270448359834,0.0
0.27153762268266085,0.3333333333333333,0.0,0.6923076923076923,0.5,0.9444444444444444,0.5,0.0,0.5,0.0,0.8,0.6666666666666666,0.25,1.0,0.3333333333333333,0.3333333333333333,1.0,0.5281478298238075,0.0
0.27208287895310795,0.6666666666666666,0.5,0.0,0.5,0.3888888888888889,0.0,0.0,0.5,0.3333333333333333,0.4,0.3333333333333333,0.3333333333333333,1.0,0.6666666666666666,0.6666666666666666,1.0,0.5002148689299527,0.0
0.27262813522355506,0.6666666666666666,1.0,0.7692307692307693,0.6666666666666666,0.2222222222222222,0.0,0.6666666666666666,0.0,0.3333333333333333,0.6000000000000001,1.0,0.08333333333333333,0.0,0.0,0.6666666666666666,0.0,0.3591176049276608,0.0
0.2731733914940022,1.0,0.0,0.6923076923076923,0.6666666666666666,0.2222222222222222,0.0,0.0,1.0,1.0,0.4,0.3333333333333333,0.3333333333333333,1.0,0.3333333333333333,1.0,1.0,0.9752184500787853,0.0
0.2748091603053435,0.6666666666666666,0.0,0.23076923076923078,0.6666666666666666,0.9444444444444444,1.0,0.6666666666666666,0.5,0.3333333333333333,0.0,0.0,0.08333333333333333,1.0,0.3333333333333333,0.6666666666666666,1.0,0.5808623406388769,0.0
0.27535441657579063,0.6666666666666666,0.5,0.07692307692307693,0.5,0.3333333333333333,0.5,0.6666666666666666,0.5,0.3333333333333333,0.4,1.0,0.3333333333333333,0.0,0.0,0.6666666666666666,0.0,0.5066609368285345,0.0
0.27589967284623773,0.3333333333333333,0.5,0.6153846153846154,0.5,0.16666666666666669,0.5,0.0,1.0,0.0,0.2,0.6666666666666666,0.08333333333333333,1.0,1.0,0.3333333333333333,1.0,0.39664804469273746,0.0
0.27644492911668483,0.6666666666666666,0.5,1.0,0.5,0.6111111111111112,0.0,0.6666666666666666,1.0,0.3333333333333333,1.0,0.3333333333333333,0.08333333333333333,0.6666666666666666,0.3333333333333333,0.6666666666666666,0.6666666666666666,0.07792579859618966,0.0
0.27699018538713194,1.0,0.5,0.15384615384615385,0.5,0.8888888888888888,1.0,0.3333333333333333,1.0,1.0,0.0,0.6666666666666666,0.0,1.0,1.0,1.0,1.0,0.8662082796161008,0.0
0.2775354416575791,0.6666666666666666,0.5,0.6923076923076923,0.5,1.0,0.0,0.6666666666666666,1.0,0.3333333333333333,1.0,1.0,0.16666666666666666,1.0,0.3333333333333333,0.6666666666666666,1.0,0.5175476292794728,0.0
0.2780806979280262,0.6666666666666666,1.0,0.6923076923076923,0.3333333333333333,0.05555555555555555,0.0,1.0,1.0,0.3333333333333333,1.0,1.0,0.0,1.0,0.6666666666666666,0.6666666666666666,1.0,0.6474717089242229,0.0
0.2786259541984733,1.0,1.0,0.46153846153846156,0.6666666666666666,0.27777777777777773,0.5,1.0,1.0,1.0,1.0,0.0,0.0,0.0,0.6666666666666666,1.0,0.0,0.5656782695888841,0.0
0.2791712104689204,0.0,0.5,0.9230769230769231,0.16666666666666666,0.3333333333333333,1.0,0.3333333333333333,1.0,0.6666666666666666,0.0,0.6666666666666666,0.3333333333333333,0.6666666666666666,0.3333333333333333,0.0,0.6666666666666666,0.8299670534307405,0.0
0.2802617230098146,1.0,0.5,0.7692307692307693,0.6666666666666666,0.7777777777777777,0.0,0.6666666666666666,0.0,1.0,0.0,1.0,0.0,0.6666666666666666,0.3333333333333333,1.0,0.6666666666666666,0.7761065749892565,0.0
0.2808069792802617,0.3333333333333333,1.0,1.0,0.5,0.8333333333333333,0.5,1.0,0.0,0.0,0.4,0.0,0.0,1.0,0.3333333333333333,0.3333333333333333,1.0,0.4538031800601633,0.0
0.2813522355507089,0.6666666666666666,1.0,0.38461538461538464,0.5,1.0,0.0,0.3333333333333333,0.5,0.3333333333333333,0.4,1.0,0.08333333333333333,0.6666666666666666,0.6666666666666666,0.6666666666666666,0.6666666666666666,0.4254404813064031,0.0
0.281897491821156,0.6666666666666666,0.5,0.38461538461538464,0.3333333333333333,0.8333333333333333,0.5,0.0,0.0,0.3333333333333333,0.2,0.6666666666666666,0.16666666666666666,0.3333333333333333,1.0,0.6666666666666666,0.3333333333333333,0.287637874230053,0.0
0.2824427480916031,1.0,1.0,0.3076923076923077,0.5,0.3888888888888889,0.5,0.6666666666666666,1.0,1.0,0.2,0.3333333333333333,0.25,0.3333333333333333,0.6666666666666666,1.0,0.3333333333333333,0.6341498352671537,0.0
0.2829880043620502,0.6666666666666666,0.0,1.0,0.6666666666666666,0.7222222222222221,0.5,0.0,0.5,0.3333333333333333,0.8,0.0,0.25,1.0,0.6666666666666666,0.6666666666666666,1.0,0.5274316000572984,0.0
0.2835332606324973,0.6666666666666666,0.5,0.23076923076923078,0.3333333333333333,0.2222222222222222,0.5,0.6666666666666666,0.0,0.3333333333333333,0.2,1.0,0.0,0.0,0.0,0.6666666666666666,0.0,0.2184500787852743,0.0
0.2840785169029444,0.6666666666666666,1.0,0.6153846153846154,0.5,0.49999999999999994,0.0,0.3333333333333333,0.5,0.3333333333333333,1.0,0.3333333333333333,0.3333333333333333,0.0,0.3333333333333333,0.6666666666666666,0.0,0.4499355393210142,0.0
0.2851690294438386,0.3333333333333333,0.0,0.6923076923076923,0.5,0.0,1.0,1.0,0.0,0.0,0.2,0.0,0.25,0.3333333333333333,1.0,0.3333333333333333,0.3333333333333333,0.5185503509525856,0.0
0.28571428571428575,0.6666666666666666,1.0,0.8461538461538463,0.3333333333333333,0.3888888888888889,1.0,0.0,0.5,0.3333333333333333,0.4,0.0,0.16666666666666666,1.0,1.0,0.6666666666666666,1.0,0.43331900873800316,0.0
0.28625954198473286,0.3333333333333333,1.0,0.7692307692307693,0.16666666666666666,0.6111111111111112,0.0,1.0,0.0,0.0,0.2,0.0,0.3333333333333333,1.0,0.6666666666666666,0.3333333333333333,1.0,0.6496203982237502,0.0
0.28680479825517996,0.6666666666666666,0.5,1.0,0.3333333333333333,0.05555555555555555,1.0,1.0,0.0,0.3333333333333333,0.2,0.3333333333333333,0.0,0.0,0.3333333333333333,0.6666666666666666,0.0,0.41269159146254114,0.0
0.28735005452562706,0.3333333333333333,0.5,0.9230769230769231,0.16666666666666666,0.7777777777777777,1.0,0.3333333333333333,0.5,0.0,1.0,1.0,0.3333333333333333,0.3333333333333333,0.6666666666666666,0.3333333333333333,0.3333333333333333,0.5522131499785131,0.0
0.28789531079607417,0.6666666666666666,0.5,0.46153846153846156,0.5,0.5555555555555556,1.0,1.0,0.5,0.3333333333333333,0.6000000000000001,0.3333333333333333,0.08333333333333333,0.0,0.0,0.6666666666666666,0.0,0.1580002864919066,0.0
0.28844056706652127,0.3333333333333333,0.0,0.7692307692307693,0.3333333333333333,0.05555555555555555,1.0,0.6666666666666666,0.5,0.0,1.0,0.0,0.08333333333333333,0.0,0.6666666666666666,0.3333333333333333,0.0,0.48374158430024355,0.0
0.2889858233369684,1.0,0.5,1.0,0.6666666666666666,0.9444444444444444,0.5,0.0,0.5,1.0,0.6000000000000001,0.0,0.16666666666666666,0.0,0.3333333333333333,1.0,0.0,0.8885546483311847,0.0
0.2895310796074155,1.0,1.0,0.9230769230769231,0.6666666666666666,0.4444444444444445,0.5,1.0,1.0,1.0,0.8,1.0,0.25,0.0,0.3333333333333333,1.0,0.0,0.7874230053001002,0.0
0.29007633587786263,0.3333333333333333,1.0,0.7692307692307693,0.5,1.0,1.0,0.3333333333333333,0.0,0.0,0.8,0.0,0.3333333333333333,0.3333333333333333,0.6666666666666666,0.3333333333333333,0.3333333333333333,0.6477582008308265,0.0
0.29062159214830974,0.6666666666666666,0.5,0.7692307692307693,0.3333333333333333,0.8333333333333333,0.0,0.0,0.0,0.3333333333333333,1.0,0.3333333333333333,0.16666666666666666,0.3333333333333333,0.3333333333333333,0.6666666666666666,0.3333333333333333,0.287637874230053,0.0
0.29116684841875684,0.3333333333333333,0.0,0.46153846153846156,0.16666666666666666,0.0,0.5,1.0,0.5,0.0,0.8,0.6666666666666666,0.16666666666666666,0.3333333333333333,0.3333333333333333,0.3333333333333333,0.3333333333333333,0.5598051855035096,0.0
0.29171210468920394,0.6666666666666666,0.0,0.46153846153846156,0.6666666666666666,0.8888888888888888,0.0,0.0,1.0,0.3333333333333333,0.2,0.3333333333333333,0.08333333333333333,1.0,1.0,0.6666666666666666,1.0,0.49935539321014183,0.0
0.29225736095965105,0.3333333333333333,1.0,0.0,0.5,0.8333333333333333,0.0,0.3333333333333333,0.5,0.0,0.6000000000000001,0.6666666666666666,0.3333333333333333,1.0,0.3333333333333333,0.3333333333333333,1.0,0.5815785704053861,0.0
0.29280261723009815,0.3333333333333333,1.0,0.6153846153846154,0.16666666666666666,1.0,1.0,0.0,1.0,0.0,1.0,0.6666666666666666,0.3333333333333333,0.3333333333333333,0.6666666666666666,0.3333333333333333,0.3333333333333333,0.7891419567397222,0.0
0.29334787350054525,1.0,0.0,0.46153846153846156,0.6666666666666666,0.6666666666666665,0.0,0.0,0.5,1.0,0.4,0.0,0.16666666666666666,0.6666666666666666,0.3333333333333333,1.0,0.6666666666666666,0.6818507377166595,0.0
0.29389312977099236,0.3333333333333333,1.0,0.46153846153846156,0.16666666666666666,1.0,0.0,0.6666666666666666,0.5,0.0,0.8,0.6666666666666666,0.08333333333333333,0.6666666666666666,0.6666666666666666,0.3333333333333333,0.6666666666666666,0.5318722246096548,0.0
0.2944383860414395,0.3333333333333333,1.0,0.5384615384615385,0.3333333333333333,1.0,1.0,0.6666666666666666,0.0,0.0,0.8,1.0,0.25,1.0,1.0,0.3333333333333333,1.0,0.6148116315714082,0.0
0.2955288985823337,0.6666666666666666,0.0,0.5384615384615385,0.3333333333333333,0.3888888888888889,0.0,1.0,0.0,0.3333333333333333,1.0,0.3333333333333333,0.16666666666666666,0.6666666666666666,0.6666666666666666,0.6666666666666666,0.6666666666666666,0.21429594613952158,0.0
0.2960741548527808,0.3333333333333333,0.5,1.0,0.3333333333333333,1.0,0.5,0.3333333333333333,0.5,0.0,0.8,1.0,0.08333333333333333,0.3333333333333333,0.6666666666666666,0.3333333333333333,0.3333333333333333,0.3707205271451081,0.0
0.2966194111232279,0.3333333333333333,0.5,0.6153846153846154,0.5,0.05555555555555555,0.0,0.3333333333333333,1.0,0.0,1.0,0.3333333333333333,0.25,1.0,0.0,0.3333333333333333,1.0,0.5966193955020771,0.0
0.29716466739367503,0.3333333333333333,1.0,0.9230769230769231,0.16666666666666666,0.7777777777777777,1.0,0.3333333333333333,1.0,0.0,0.2,0.3333333333333333,0.0,0.6666666666666666,1.0,0.3333333333333333,0.6666666666666666,0.2988110585875949,0.0
0.29770992366412213,0.0,1.0,0.46153846153846156,0.16666666666666666,0.2222222222222222,0.0,0.3333333333333333,1.0,0.6666666666666666,0.8,0.6666666666666666,0.3333333333333333,0.6666666666666666,0.0,0.0,0.6666666666666666,0.8848302535453374,0.0
0.29825517993456924,1.0,1.0,0.6153846153846154,0.8333333333333333,0.8888888888888888,0.0,0.3333333333333333,0.5,1.0,0.4,1.0,0.16666666666666666,0.0,0.3333333333333333,1.0,0.0,0.9720670391061452,0.0
0.2988004362050164,0.3333333333333333,0.0,0.3076923076923077,0.5,0.7222222222222221,0.0,1.0,0.0,0.0,0.8,1.0,0.0,0.3333333333333333,0.6666666666666666,0.3333333333333333,0.3333333333333333,0.16960320870935397,0.0
0.2993456924754635,1.0,0.0,0.9230769230769231,0.6666666666666666,0.9444444444444444,0.5,1.0,0.5,1.0,0.6000000000000001,0.0,0.0,0.0,0.6666666666666666,1.0,0.0,0.800315141097264,0.0
0.2998909487459106,0.6666666666666666,0.5,0.9230769230769231,0.5,0.8888888888888888,0.0,1.0,1.0,0.3333333333333333,1.0,1.0,0.16666666666666666,0.3333333333333333,0.0,0.6666666666666666,0.3333333333333333,0.22518263859045984,0.0
0.3009814612868048,0.3333333333333333,0.0,0.0,0.3333333333333333,0.6111111111111112,0.5,0.6666666666666666,0.5,0.0,0.2,1.0,0.08333333333333333,0.0,0.6666666666666666,0.3333333333333333,0.0,0.16201117318435754,0.0
0.3015267175572519,0.6666666666666666,1.0,1.0,0.3333333333333333,0.2222222222222222,0.0,0.3333333333333333,0.5,0.3333333333333333,1.0,1.0,0.16666666666666666,0.6666666666666666,0.3333333333333333,0.6666666666666666,0.6666666666666666,0.25239936971780547,0.0
0.302071973827699,0.6666666666666666,1.0,0.6153846153846154,0.3333333333333333,0.7777777777777777,1.0,0.6666666666666666,0.5,0.3333333333333333,1.0,1.0,0.16666666666666666,0.0,0.3333333333333333,0.6666666666666666,0.0,0.3585446211144535,0.0
0.3026172300981461,0.3333333333333333,1.0,0.8461538461538463,0.3333333333333333,0.1111111111111111,1.0,0.3333333333333333,0.0,0.0,0.2,0.3333333333333333,0.08333333333333333,0.3333333333333333,1.0,0.3333333333333333,0.3333333333333333,0.24165592322016904,0.0
0.3031624863685933,0.3333333333333333,1.0,0.7692307692307693,0.16666666666666666,0.1111111111111111,0.0,0.0,0.0,0.0,0.4,0.3333333333333333,0.25,0.6666666666666666,1.0,0.3333333333333333,0.6666666666666666,0.4268729408394213,0.0
0.3037077426390404,1.0,0.5,0.3076923076923077,0.6666666666666666,0.5555555555555556,0.0,0.3333333333333333,1.0,1.0,0.4,1.0,0.16666666666666666,0.0,0.6666666666666666,1.0,0.0,0.7347084944850308,0.0
0.3042529989094875,1.0,0.0,0.46153846153846156,0.6666666666666666,0.49999999999999994,1.0,0.3333333333333333,0.5,1.0,0.0,0.3333333333333333,0.25,0.6666666666666666,0.6666666666666666,1.0,0.6666666666666666,0.691734708494485,0.0
0.3047982551799346,0.6666666666666666,1.0,0.23076923076923078,0.5,0.9444444444444444,0.0,0.0,1.0,0.3333333333333333,0.6000000000000001,0.3333333333333333,0.16666666666666666,0.3333333333333333,0.3333333333333333,0.6666666666666666,0.3333333333333333,0.2896433175762785,0.0
0.3053435114503817,0.3333333333333333,0.5,1.0,0.16666666666666666,0.9444444444444444,0.0,0.6666666666666666,0.5,0.0,0.6000000000000001,0.6666666666666666,0.16666666666666666,1.0,0.0,0.3333333333333333,1.0,0.579286635152557,0.0
0.3064340239912759,0.3333333333333333,1.0,0.3076923076923077,0.3333333333333333,0.8888888888888888,0.5,0.0,0.5,0.0,1.0,0.6666666666666666,0.16666666666666666,0.0,0.3333333333333333,0.3333333333333333,0.0,0.45480590173327606,0.0
0.306979280261723,0.0,1.0,0.8461538461538463,0.16666666666666666,0.9444444444444444,0.0,0.3333333333333333,1.0,0.6666666666666666,0.4,1.0,0.25,0.6666666666666666,1.0,0.0,0.6666666666666666,0.8697894284486463,0.0
0.30752453653217016,0.6666666666666666,1.0,0.7692307692307693,0.6666666666666666,0.16666666666666669,0.0,1.0,0.5,0.3333333333333333,0.8,1.0,0.08333333333333333,0.0,0.3333333333333333,0.6666666666666666,0.0,0.4016616530583011,0.0
0.30806979280261726,0.6666666666666666,0.5,0.3076923076923077,0.6666666666666666,0.27777777777777773,1.0,1.0,1.0,0.3333333333333333,0.4,0.6666666666666666,0.08333333333333333,0.3333333333333333,0.6666666666666666,0.6666666666666666,0.3333333333333333,0.27675118177911473,0.0
0.30861504907306436,1.0,0.0,0.3076923076923077,0.6666666666666666,0.3888888888888889,0.0,0.6666666666666666,0.5,1.0,0.4,0.0,0.16666666666666666,0.3333333333333333,0.6666666666666666,1.0,0.3333333333333333,0.6510528577567685,0.0
0.30916030534351147,0.3333333333333333,0.0,0.8461538461538463,0.3333333333333333,0.49999999999999994,0.5,0.3333333333333333,0.5,0.0,0.0,0.6666666666666666,0.16666666666666666,1.0,0.6666666666666666,0.3333333333333333,1.0,0.3056868643460822,0.0
0.30970556161395857,0.3333333333333333,1.0,0.15384615384615385,0.5,0.1111111111111111,1.0,0.3333333333333333,1.0,0.0,1.0,0.6666666666666666,0.08333333333333333,0.0,1.0,0.3333333333333333,0.0,0.3965047987394356,0.0
0.31025081788440567,0.3333333333333333,0.5,0.46153846153846156,0.16666666666666666,0.1111111111111111,0.0,0.0,0.0,0.0,0.8,0.0,0.25,0.3333333333333333,0.0,0.3333333333333333,0.3333333333333333,0.4623979372582725,0.0
0.3107960741548528,0.3333333333333333,1.0,0.0,0.5,0.16666666666666669,0.5,0.3333333333333333,0.0,0.0,0.2,0.3333333333333333,0.08333333333333333,0.6666666666666666,0.6666666666666666,0.3333333333333333,0.6666666666666666,0.18994413407821228,0.0
0.31188658669574704,0.6666666666666666,0.0,0.0,0.3333333333333333,0.0,0.0,0.6666666666666666,0.0,0.3333333333333333,0.6000000000000001,0.3333333333333333,0.08333333333333333,0.3333333333333333,0.0,0.6666666666666666,0.3333333333333333,0.4560951153129924,0.0
0.31243184296619414,0.6666666666666666,0.0,0.0,0.6666666666666666,1.0,0.5,1.0,0.5,0.3333333333333333,0.0,0.3333333333333333,0.3333333333333333,1.0,0.0,0.6666666666666666,1.0,0.8392780403953589,0.0
0.31297709923664124,0.3333333333333333,0.0,0.8461538461538463,0.3333333333333333,0.27777777777777773,1.0,1.0,0.5,0.0,0.4,0.3333333333333333,0.16666666666666666,0.6666666666666666,0.6666666666666666,0.3333333333333333,0.6666666666666666,0.19280905314424868,0.0
0.31352235550708835,1.0,0.0,0.5384615384615385,0.6666666666666666,0.7777777777777777,1.0,0.3333333333333333,0.5,1.0,0.4,0.0,0.08333333333333333,0.0,0.0,1.0,0.0,0.6755479157713794,0.0
0.31406761177753545,0.3333333333333333,0.0,0.7692307692307693,0.16666666666666666,0.9444444444444444,0.5,1.0,1.0,0.0,0.8,0.6666666666666666,0.3333333333333333,0.6666666666666666,0.0,0.3333333333333333,0.6666666666666666,0.721100128921358,0.0
0.31461286804798255,1.0,0.5,0.5384615384615385,0.5,0.3888888888888889,0.5,0.3333333333333333,0.5,1.0,0.4,0.6666666666666666,0.08333333333333333,1.0,0.0,1.0,1.0,0.7094972067039106,0.0
0.31515812431842966,0.3333333333333333,0.5,0.0,0.16666666666666666,0.27777777777777773,1.0,0.0,0.0,0.0,0.6000000000000001,0.6666666666666666,0.0,1.0,0.3333333333333333,0.3333333333333333,1.0,0.4208566108007449,0.0
0.3157033805888768,0.3333333333333333,0.5,0.5384615384615385,0.16666666666666666,0.3888888888888889,1.0,0.6666666666666666,1.0,0.0,0.6000000000000001,1.0,0.0,0.0,0.6666666666666666,0.3333333333333333,0.0,0.21472568399942701,0.0
0.3162486368593239,0.3333333333333333,1.0,0.6923076923076923,0.5,0.8888888888888888,0.5,1.0,1.0,0.0,0.8,0.0,0.3333333333333333,0.3333333333333333,0.3333333333333333,0.3333333333333333,0.3333333333333333,0.4909038819653345,0.0
0.3173391494002181,0.3333333333333333,0.5,0.6153846153846154,0.3333333333333333,0.49999999999999994,1.0,0.3333333333333333,0.0,0.0,1.0,0.6666666666666666,0.08333333333333333,1.0,0.3333333333333333,0.3333333333333333,1.0,0.25153989399799453,0.0
0.3178844056706652,0.6666666666666666,1.0,0.8461538461538463,0.6666666666666666,0.27777777777777773,0.0,0.3333333333333333,1.0,0.3333333333333333,0.2,0.0,0.0,0.0,0.6666666666666666,0.6666666666666666,0.0,0.27159432746024925,0.0
0.31842966194111233,1.0,0.5,0.07692307692307693,0.5,0.6666666666666665,0.5,1.0,1.0,1.0,0.4,1.0,0.0,0.0,1.0,1.0,0.0,0.5005013608365564,0.0
0.31897491821155943,0.6666666666666666,0.5,0.0,0.6666666666666666,0.1111111111111111,0.0,0.0,0.5,0.3333333333333333,0.2,0.3333333333333333,0.3333333333333333,0.6666666666666666,0.6666666666666666,0.6666666666666666,0.6666666666666666,0.5847299813780261,0.0
0.31952017448200654,0.6666666666666666,1.0,0.3076923076923077,0.3333333333333333,0.0,0.0,1.0,1.0,0.3333333333333333,0.8,0.0,0.0,0.0,0.3333333333333333,0.6666666666666666,0.0,0.4828821085804326,0.0
0.3200654307524537,0.3333333333333333,1.0,0.23076923076923078,0.16666666666666666,0.3888888888888889,1.0,1.0,0.0,0.0,0.2,0.6666666666666666,0.16666666666666666,0.6666666666666666,0.3333333333333333,0.3333333333333333,0.6666666666666666,0.28706489041684574,0.0
0.3206106870229008,0.6666666666666666,1.0,0.6153846153846154,0.6666666666666666,1.0,1.0,0.3333333333333333,0.0,0.3333333333333333,0.8,0.6666666666666666,0.08333333333333333,0.6666666666666666,0.6666666666666666,0.6666666666666666,0.6666666666666666,0.5206990402521129,0.0
0.3211559432933479,0.3333333333333333,1.0,0.6153846153846154,0.3333333333333333,0.49999999999999994,1.0,0.6666666666666666,1.0,0.0,0.2,0.0,0.0,0.3333333333333333,0.3333333333333333,0.3333333333333333,0.3333333333333333,0.03767368571837845,0.0
0.321701199563795,0.3333333333333333,0.5,0.46153846153846156,0.5,0.7222222222222221,0.0,0.3333333333333333,0.0,0.0,0.6000000000000001,1.0,0.3333333333333333,0.3333333333333333,0.0,0.3333333333333333,0.3333333333333333,0.39679129064603924,0.0
0.3227917121046892,0.3333333333333333,0.5,0.8461538461538463,0.16666666666666666,0.05555555555555555,0.5,0.6666666666666666,1.0,0.0,0.4,1.0,0.16666666666666666,1.0,0.6666666666666666,0.3333333333333333,1.0,0.7371436756911618,0.0
0.3233369683751363,0.3333333333333333,0.5,0.3076923076923077,0.5,0.7777777777777777,0.5,0.6666666666666666,1.0,0.0,0.8,0.3333333333333333,0.3333333333333333,0.0,1.0,0.3333333333333333,0.0,0.5639593181492623,0.0
0.3238822246455834,0.6666666666666666,0.5,0.6923076923076923,0.5,0.6111111111111112,1.0,1.0,0.0,0.3333333333333333,1.0,0.0,0.25,0.3333333333333333,0.3333333333333333,0.6666666666666666,0.3333333333333333,0.21272024065320155,0.0
0.3244274809160306,0.3333333333333333,1.0,0.0,0.16666666666666666,0.4444444444444445,1.0,0.0,1.0,0.0,0.2,1.0,0.25,0.0,1.0,0.3333333333333333,0.0,0.41784844578140673,0.0
0.3249727371864777,0.3333333333333333,0.0,0.6923076923076923,0.5,0.5555555555555556,0.5,1.0,0.5,0.0,1.0,0.0,0.16666666666666666,0.0,0.3333333333333333,0.3333333333333333,0.0,0.3298954304540897,0.0
0.3255179934569248,0.6666666666666666,1.0,0.3076923076923077,0.6666666666666666,0.7222222222222221,0.0,1.0,1.0,0.3333333333333333,0.8,0.0,0.0,0.6666666666666666,0.6666666666666666,0.6666666666666666,0.6666666666666666,0.35696891562813354,0.0
0.3260632497273719,0.3333333333333333,1.0,0.38461538461538464,0.16666666666666666,0.1111111111111111,0.0,0.0,1.0,0.0,0.8,0.3333333333333333,0.25,0.0,0.3333333333333333,0.3333333333333333,0.0,0.5991978226615098,0.0
0.326608505997819,0.3333333333333333,0.0,0.0,0.16666666666666666,1.0,0.5,0.3333333333333333,0.5,0.0,0.0,0.6666666666666666,0.0,0.0,1.0,0.3333333333333333,0.0,0.5940409683426443,0.0
0.3271537622682661,0.3333333333333333,1.0,0.5384615384615385,0.16666666666666666,0.0,0.0,0.0,0.0,0.0,0.8,0.6666666666666666,0.16666666666666666,0.6666666666666666,0.6666666666666666,0.3333333333333333,0.6666666666666666,0.5834407677983097,0.0
0.32878953107960746,0.6666666666666666,0.0,0.15384615384615385,0.6666666666666666,0.2222222222222222,0.5,1.0,1.0,0.3333333333333333,1.0,0.0,0.3333333333333333,1.0,0.3333333333333333,0.6666666666666666,1.0,0.6857183784558086,0.0
0.32933478735005456,0.6666666666666666,0.5,0.6153846153846154,0.5,0.4444444444444445,0.0,1.0,0.5,0.3333333333333333,0.4,0.3333333333333333,0.3333333333333333,0.0,0.6666666666666666,0.6666666666666666,0.0,0.44678412834837417,0.0
0.32988004362050166,0.3333333333333333,0.0,0.9230769230769231,0.16666666666666666,0.7222222222222221,1.0,0.0,0.0,0.0,1.0,0.3333333333333333,0.25,0.0,1.0,0.3333333333333333,0.0,0.4323162870648904,0.0
0.33042529989094876,0.3333333333333333,1.0,0.8461538461538463,0.3333333333333333,0.2222222222222222,0.0,0.6666666666666666,0.0,0.0,0.8,0.6666666666666666,0.08333333333333333,0.6666666666666666,0.0,0.3333333333333333,0.6666666666666666,0.11273456524853173,0.0
0.33097055616139587,0.6666666666666666,1.0,0.46153846153846156,0.5,0.49999999999999994,0.5,0.0,0.5,0.3333333333333333,0.8,0.3333333333333333,0.3333333333333333,0.6666666666666666,0.6666666666666666,0.6666666666666666,0.6666666666666666,0.3319008738003152,0.0
0.33151581243184297,0.6666666666666666,1.0,0.23076923076923078,0.3333333333333333,0.3333333333333333,0.5,0.6666666666666666,1.0,0.3333333333333333,0.0,0.0,0.0,0.0,0.6666666666666666,0.6666666666666666,0.0,0.19338203695745596,0.0
0.3320610687022901,0.3333333333333333,0.5,0.46153846153846156,0.3333333333333333,0.6111111111111112,0.0,0.3333333333333333,1.0,0.0,0.4,1.0,0.25,1.0,0.3333333333333333,0.3333333333333333,1.0,0.3181492622833405,0.0
0.3326063249727372,0.6666666666666666,1.0,0.7692307692307693,0.3333333333333333,0.3888888888888889,0.5,0.0,1.0,0.3333333333333333,0.2,0.3333333333333333,0.0,1.0,1.0,0.6666666666666666,1.0,0.36312849162011174,0.0
0.33315158124318434,0.6666666666666666,0.0,0.7692307692307693,0.6666666666666666,0.8888888888888888,0.0,0.0,0.5,0.3333333333333333,0.8,0.6666666666666666,0.25,0.0,0.0,0.6666666666666666,0.0,0.5739865348803896,0.0
0.33369683751363144,0.3333333333333333,0.5,0.6153846153846154,0.5,0.6666666666666665,0.5,1.0,0.5,0.0,0.0,0.0,0.3333333333333333,0.3333333333333333,0.6666666666666666,0.3333333333333333,0.3333333333333333,0.3836126629422719,0.0
0.33424209378407854,0.6666666666666666,0.0,0.6153846153846154,0.3333333333333333,0.3333333333333333,0.5,0.6666666666666666,0.5,0.3333333333333333,0.2,1.0,0.08333333333333333,0.3333333333333333,0.6666666666666666,0.6666666666666666,0.3333333333333333,0.17347084944850308,0.0
0.33478735005452565,0.6666666666666666,0.0,0.15384615384615385,0.6666666666666666,0.3888888888888889,0.0,0.3333333333333333,1.0,0.3333333333333333,0.6000000000000001,0.0,0.0,0.3333333333333333,0.0,0.6666666666666666,0.3333333333333333,0.29422718808193665,0.0
0.33533260632497275,0.3333333333333333,0.0,0.7692307692307693,0.3333333333333333,0.8333333333333333,1.0,1.0,0.0,0.0,0.6000000000000001,1.0,0.08333333333333333,1.0,0.6666666666666666,0.3333333333333333,1.0,0.2882108580432603,0.0
0.33587786259541985,0.3333333333333333,0.5,0.5384615384615385,0.5,0.3333333333333333,0.5,0.0,0.5,0.0,0.6000000000000001,0.6666666666666666,0.3333333333333333,1.0,0.6666666666666666,0.3333333333333333,1.0,0.5714081077209568,0.0
0.33642311886586695,0.6666666666666666,0.5,0.7692307692307693,0.6666666666666666,0.8333333333333333,1.0,1.0,0.5,0.3333333333333333,1.0,0.0,0.08333333333333333,1.0,0.0,0.6666666666666666,1.0,0.4861767655063744,0.0
0.33696837513631406,1.0,0.5,0.6923076923076923,0.5,0.7777777777777777,0.5,0.6666666666666666,0.0,1.0,1.0,1.0,0.0,0.3333333333333333,0.3333333333333333,1.0,0.3333333333333333,0.665663944993554,0.0
0.3375136314067612,0.6666666666666666,1.0,0.0,0.3333333333333333,0.4444444444444445,0.5,1.0,0.0,0.3333333333333333,0.4,0.0,0.16666666666666666,0.6666666666666666,0.6666666666666666,0.6666666666666666,0.6666666666666666,0.23134221458243803,0.0
0.3380588876772083,0.3333333333333333,0.5,0.23076923076923078,0.3333333333333333,0.16666666666666669,0.5,0.0,0.0,0.0,0.0,1.0,0.16666666666666666,0.6666666666666666,1.0,0.3333333333333333,0.6666666666666666,0.23248818220885262,0.0
0.3391494002181025,1.0,0.0,0.3076923076923077,0.5,0.1111111111111111,0.0,0.6666666666666666,1.0,1.0,0.4,0.6666666666666666,0.3333333333333333,0.3333333333333333,1.0,1.0,0.3333333333333333,0.9190660363844722,0.0
0.33969465648854963,0.0,0.5,1.0,0.16666666666666666,0.7222222222222221,1.0,0.3333333333333333,0.0,0.6666666666666666,0.2,1.0,0.3333333333333333,0.0,0.3333333333333333,0.0,0.0,0.8786706775533591,0.0
0.34023991275899673,0.6666666666666666,0.0,0.6153846153846154,0.3333333333333333,0.8333333333333333,1.0,0.3333333333333333,0.0,0.3333333333333333,0.8,0.3333333333333333,0.3333333333333333,0.0,0.6666666666666666,0.6666666666666666,0.0,0.6443202979515829,0.0
0.34078516902944384,0.6666666666666666,0.5,0.6153846153846154,0.6666666666666666,0.8333333333333333,0.0,0.6666666666666666,0.5,0.3333333333333333,0.8,0.3333333333333333,0.3333333333333333,1.0,0.3333333333333333,0.6666666666666666,1.0,0.642601346511961,0.0
0.34133042529989094,0.3333333333333333,0.5,0.8461538461538463,0.5,0.27777777777777773,1.0,0.3333333333333333,0.5,0.0,0.6000000000000001,0.3333333333333333,0.25,0.0,0.3333333333333333,0.3333333333333333,0.0,0.4103996562097121,0.0
0.3418756815703381,1.0,0.5,0.0,0.5,1.0,0.5,0.0,0.5,1.0,0.6000000000000001,0.0,0.3333333333333333,0.6666666666666666,0.0,1.0,0.6666666666666666,0.997564818793869,0.0
0.3424209378407852,0.3333333333333333,0.0,0.46153846153846156,0.5,0.6111111111111112,1.0,0.3333333333333333,0.0,0.0,0.4,0.3333333333333333,0.0,0.3333333333333333,1.0,0.3333333333333333,0.3333333333333333,0.053001002721673116,0.0
0.3429661941112323,0.6666666666666666,0.0,0.0,0.6666666666666666,0.16666666666666669,0.5,1.0,1.0,0.3333333333333333,1.0,1.0,0.16666666666666666,1.0,0.3333333333333333,0.6666666666666666,1.0,0.5218450078785274,0.0
0.3435114503816794,0.3333333333333333,1.0,0.6923076923076923,0.16666666666666666,0.2222222222222222,0.5,0.6666666666666666,1.0,0.0,0.0,1.0,0.16666666666666666,0.3333333333333333,0.6666666666666666,0.3333333333333333,0.3333333333333333,0.2854891849305257,0.0
0.3446019629225736,0.3333333333333333,0.5,0.0,0.5,0.5555555555555556,0.0,0.6666666666666666,1.0,0.0,0.0,0.0,0.3333333333333333,0.0,0.3333333333333333,0.3333333333333333,0.0,0.49548775247099275,0.0
0.3451472191930207,0.6666666666666666,0.5,1.0,0.3333333333333333,0.05555555555555555,1.0,0.3333333333333333,1.0,0.3333333333333333,1.0,0.0,0.3333333333333333,1.0,0.3333333333333333,0.6666666666666666,1.0,0.8369861051425297,0.0
0.3456924754634678,0.6666666666666666,0.5,0.6153846153846154,0.3333333333333333,0.16666666666666669,0.0,0.6666666666666666,0.5,0.3333333333333333,0.0,0.0,0.16666666666666666,0.6666666666666666,0.0,0.6666666666666666,0.6666666666666666,0.27517547629279476,0.0
0.346237731733915,0.3333333333333333,0.0,0.6153846153846154,0.3333333333333333,0.9444444444444444,1.0,0.3333333333333333,0.0,0.0,0.0,1.0,0.16666666666666666,0.6666666666666666,1.0,0.3333333333333333,0.6666666666666666,0.34665520699040253,0.0
0.3467829880043621,0.6666666666666666,0.0,0.07692307692307693,0.6666666666666666,1.0,1.0,1.0,0.5,0.3333333333333333,0.4,0.3333333333333333,0.0,0.6666666666666666,0.0,0.6666666666666666,0.6666666666666666,0.6383039679129064,0.0
0.3473282442748092,0.3333333333333333,0.5,0.38461538461538464,0.3333333333333333,0.3888888888888889,0.5,1.0,1.0,0.0,1.0,1.0,0.25,0.3333333333333333,0.0,0.3333333333333333,0.3333333333333333,0.260707635009311,0.0
0.3478735005452563,0.3333333333333333,1.0,0.0,0.3333333333333333,0.3333333333333333,0.0,0.3333333333333333,0.0,0.0,0.0,0.6666666666666666,0.16666666666666666,0.0,0.0,0.3333333333333333,0.0,0.24838848302535455,0.0
0.3489640130861505,0.0,0.5,0.0,0.16666666666666666,0.6666666666666665,0.0,0.3333333333333333,0.5,0.6666666666666666,0.0,0.3333333333333333,0.3333333333333333,0.0,0.6666666666666666,0.0,0.0,0.88110585875949,0.0
0.3495092693565976,0.3333333333333333,1.0,0.38461538461538464,0.3333333333333333,0.3333333333333333,1.0,0.3333333333333333,1.0,0.0,1.0,1.0,0.25,0.3333333333333333,0.3333333333333333,0.3333333333333333,0.3333333333333333,0.2664374731413838,0.0
0.35005452562704475,0.6666666666666666,0.0,0.23076923076923078,0.5,0.5555555555555556,1.0,0.3333333333333333,1.0,0.3333333333333333,0.0,0.0,0.3333333333333333,0.6666666666666666,1.0,0.6666666666666666,0.6666666666666666,0.3510958315427589,0.0
0.35059978189749186,0.6666666666666666,0.0,0.15384615384615385,0.6666666666666666,0.49999999999999994,0.5,0.6666666666666666,1.0,0.3333333333333333,0.8,0.6666666666666666,0.25,0.3333333333333333,0.0,0.6666666666666666,0.3333333333333333,0.423148546053574,0.0
0.35114503816793896,0.3333333333333333,0.5,0.46153846153846156,0.5,0.2222222222222222,0.0,0.3333333333333333,0.0,0.0,0.2,0.0,0.25,0.3333333333333333,0.6666666666666666,0.3333333333333333,0.3333333333333333,0.28276751181779114,0.0
0.35169029443838606,0.0,1.0,0.8461538461538463,0.0,0.2222222222222222,1.0,1.0,0.5,0.6666666666666666,0.8,1.0,0.0,0.3333333333333333,1.0,0.0,0.3333333333333333,0.9157713794585303,0.0
0.35223555070883317,0.3333333333333333,1.0,0.6153846153846154,0.16666666666666666,0.0,0.0,1.0,0.5,0.0,0.6000000000000001,0.6666666666666666,0.3333333333333333,1.0,0.0,0.3333333333333333,1.0,0.9939836699613236,0.0
0.35278080697928027,0.3333333333333333,0.0,0.46153846153846156,0.16666666666666666,0.8333333333333333,0.0,0.3333333333333333,0.5,0.0,0.2,0.3333333333333333,0.25,0.3333333333333333,0.0,0.3333333333333333,0.3333333333333333,0.3999427016186793,0.0
0.3533260632497274,0.0,1.0,0.0,0.16666666666666666,0.05555555555555555,0.0,0.6666666666666666,0.0,0.6666666666666666,1.0,0.6666666666666666,0.0,0.0,0.3333333333333333,0.0,0.0,0.8495917490330899,0.0
0.3538713195201745,0.6666666666666666,1.0,0.07692307692307693,0.5,0.0,0.5,1.0,0.0,0.3333333333333333,0.8,0.0,0.0,0.3333333333333333,0.6666666666666666,0.6666666666666666,0.3333333333333333,0.3182925082366423,0.0
0.35496183206106874,0.6666666666666666,0.5,0.15384615384615385,0.5,0.16666666666666669,0.0,0.0,0.5,0.3333333333333333,0.8,1.0,0.08333333333333333,1.0,1.0,0.6666666666666666,1.0,0.3582581292078499,0.0
0.35550708833151584,0.3333333333333333,0.0,0.46153846153846156,0.5,0.16666666666666669,0.5,1.0,0.5,0.0,0.4,1.0,0.25,0.6666666666666666,0.0,0.3333333333333333,0.6666666666666666,0.2644320297951583,0.0
0.35605234460196294,0.3333333333333333,1.0,0.23076923076923078,0.3333333333333333,0.8888888888888888,0.0,0.6666666666666666,0.0,0.0,1.0,0.3333333333333333,0.0,1.0,0.3333333333333333,0.3333333333333333,1.0,0.3976507663658502,0.0
0.35659760087241005,0.6666666666666666,0.0,0.3076923076923077,0.3333333333333333,0.6111111111111112,1.0,1.0,1.0,0.3333333333333333,1.0,0.0,0.0,0.3333333333333333,0.6666666666666666,0.6666666666666666,0.3333333333333333,0.08179343933533878,0.0
0.35714285714285715,0.6666666666666666,0.5,0.38461538461538464,0.5,0.27777777777777773,0.0,0.6666666666666666,0.5,0.3333333333333333,0.2,1.0,0.08333333333333333,0.6666666666666666,0.3333333333333333,0.6666666666666666,0.6666666666666666,0.10227761065749892,0.0
0.35768811341330425,0.3333333333333333,1.0,0.07692307692307693,0.3333333333333333,0.6666666666666665,0.0,0.0,1.0,0.0,0.0,0.6666666666666666,0.16666666666666666,0.6666666666666666,1.0,0.3333333333333333,0.6666666666666666,0.20885259991405242,0.0
0.35823336968375136,0.3333333333333333,1.0,0.07692307692307693,0.16666666666666666,1.0,1.0,0.0,0.0,0.0,0.6000000000000001,0.6666666666666666,0.0,1.0,0.0,0.3333333333333333,1.0,0.7122188798166452,0.0
0.3587786259541985,0.3333333333333333,0.5,0.07692307692307693,0.16666666666666666,0.27777777777777773,0.0,0.6666666666666666,0.5,0.0,0.8,0.6666666666666666,0.08333333333333333,1.0,0.0,0.3333333333333333,1.0,0.4877524709926944,0.0
0.3593238822246456,0.3333333333333333,0.0,0.3076923076923077,0.3333333333333333,0.6666666666666665,0.0,0.0,0.0,0.0,0.4,1.0,0.08333333333333333,0.0,0.0,0.3333333333333333,0.0,0.1966766938833978,0.0
0.3598691384950927,0.6666666666666666,1.0,0.46153846153846156,0.3333333333333333,0.6111111111111112,0.5,0.0,1.0,0.3333333333333333,0.0,0.3333333333333333,0.3333333333333333,0.0,1.0,0.6666666666666666,0.0,0.5103853316143819,0.0
0.36095965103598693,0.3333333333333333,1.0,0.0,0.16666666666666666,0.9444444444444444,1.0,0.0,1.0,0.0,0.4,0.0,0.16666666666666666,0.3333333333333333,0.0,0.3333333333333333,0.3333333333333333,0.4099699183498066,0.0
0.36150490730643403,0.3333333333333333,0.0,0.6153846153846154,0.16666666666666666,0.9444444444444444,0.0,0.0,0.0,0.0,0.0,1.0,0.08333333333333333,0.3333333333333333,0.3333333333333333,0.3333333333333333,0.3333333333333333,0.32101418134937687,0.0
0.36205016357688113,0.6666666666666666,1.0,0.0,0.3333333333333333,0.8333333333333333,1.0,1.0,0.5,0.3333333333333333,1.0,0.0,0.08333333333333333,1.0,0.0,0.6666666666666666,1.0,0.43303251683139954,0.0
0.36259541984732824,0.6666666666666666,0.5,0.8461538461538463,0.6666666666666666,1.0,1.0,0.6666666666666666,0.0,0.3333333333333333,0.2,0.0,0.08333333333333333,0.6666666666666666,0.0,0.6666666666666666,0.6666666666666666,0.5206990402521129,0.0
0.3631406761177754,0.6666666666666666,0.0,0.0,0.6666666666666666,0.5555555555555556,1.0,1.0,0.0,0.3333333333333333,1.0,1.0,0.08333333333333333,1.0,0.6666666666666666,0.6666666666666666,1.0,0.41254834550923936,0.0
0.3636859323882225,0.6666666666666666,1.0,0.38461538461538464,0.3333333333333333,0.0,0.0,0.0,1.0,0.3333333333333333,0.2,0.0,0.3333333333333333,0.3333333333333333,0.6666666666666666,0.6666666666666666,0.3333333333333333,0.7897149405529295,0.0
0.3642311886586696,1.0,0.0,0.46153846153846156,0.5,0.1111111111111111,0.5,1.0,1.0,1.0,0.8,0.0,0.25,0.0,1.0,1.0,0.0,0.8099126199684858,0.0
0.3647764449291167,0.3333333333333333,0.5,0.07692307692307693,0.16666666666666666,0.49999999999999994,0.0,0.3333333333333333,1.0,0.0,0.0,0.6666666666666666,0.16666666666666666,1.0,1.0,0.3333333333333333,1.0,0.41312132932244666,0.0
0.3653217011995638,0.3333333333333333,0.5,0.15384615384615385,0.5,0.8333333333333333,1.0,0.6666666666666666,0.5,0.0,0.4,0.6666666666666666,0.16666666666666666,1.0,0.0,0.3333333333333333,1.0,0.29308122045552215,0.0
0.3658669574700109,1.0,0.5,0.3076923076923077,0.5,0.1111111111111111,0.5,0.6666666666666666,1.0,1.0,0.6000000000000001,0.0,0.16666666666666666,0.6666666666666666,0.6666666666666666,1.0,0.6666666666666666,0.7299813780260708,0.0
0.3669574700109051,0.0,0.5,0.3076923076923077,0.16666666666666666,0.6666666666666665,1.0,0.0,0.0,0.6666666666666666,0.2,1.0,0.16666666666666666,0.0,0.6666666666666666,0.0,0.0,0.7338490187652198,0.0
0.3675027262813523,0.3333333333333333,0.0,0.0,0.3333333333333333,0.4444444444444445,1.0,1.0,1.0,0.0,0.8,1.0,0.3333333333333333,1.0,0.6666666666666666,0.3333333333333333,1.0,0.5324452084228621,0.0
0.3680479825517994,0.6666666666666666,1.0,0.9230769230769231,0.3333333333333333,0.8888888888888888,0.5,0.3333333333333333,0.5,0.3333333333333333,0.4,1.0,0.25,0.0,0.6666666666666666,0.6666666666666666,0.0,0.4851740438332617,0.0
0.3685932388222465,0.3333333333333333,0.5,0.6153846153846154,0.16666666666666666,0.9444444444444444,0.5,0.6666666666666666,0.0,0.0,0.2,1.0,0.16666666666666666,0.3333333333333333,0.3333333333333333,0.3333333333333333,0.3333333333333333,0.4099699183498066,0.0
0.3691384950926936,0.6666666666666666,0.0,0.7692307692307693,0.6666666666666666,0.5555555555555556,0.0,1.0,0.0,0.3333333333333333,0.0,0.6666666666666666,0.16666666666666666,0.6666666666666666,1.0,0.6666666666666666,0.6666666666666666,0.21658788139235066,0.0
0.3696837513631407,0.3333333333333333,1.0,1.0,0.3333333333333333,0.49999999999999994,1.0,0.6666666666666666,0.0,0.0,0.8,1.0,0.3333333333333333,0.0,0.6666666666666666,0.3333333333333333,0.0,0.42429451367998855,0.0
0.3702290076335878,1.0,0.5,0.46153846153846156,0.6666666666666666,0.3888888888888889,1.0,0.0,1.0,1.0,1.0,0.0,0.08333333333333333,0.3333333333333333,0.6666666666666666,1.0,0.3333333333333333,0.6024924795874517,0.0
0.3707742639040349,0.6666666666666666,0.5,0.7692307692307693,0.6666666666666666,0.8888888888888888,0.0,0.3333333333333333,1.0,0.3333333333333333,0.4,0.3333333333333333,0.25,0.6666666666666666,0.3333333333333333,0.6666666666666666,0.6666666666666666,0.4338919925512104,0.0
0.371319520174482,0.3333333333333333,1.0,0.6923076923076923,0.5,0.0,1.0,0.3333333333333333,1.0,0.0,0.2,0.0,0.3333333333333333,0.3333333333333333,0.0,0.3333333333333333,0.3333333333333333,0.6890130353817505,0.0
0.37241003271537626,0.3333333333333333,0.5,0.6923076923076923,0.5,0.27777777777777773,0.5,1.0,0.0,0.0,0.0,0.0,0.3333333333333333,1.0,0.0,0.3333333333333333,1.0,0.5838705056582151,0.0
0.37295528898582336,0.6666666666666666,1.0,0.07692307692307693,0.3333333333333333,0.7222222222222221,1.0,1.0,0.5,0.3333333333333333,1.0,0.6666666666666666,0.08333333333333333,0.6666666666666666,0.3333333333333333,0.6666666666666666,0.6666666666666666,0.23778828248101994,0.0
0.37350054525627047,0.6666666666666666,1.0,0.8461538461538463,0.3333333333333333,0.27777777777777773,0.5,1.0,0.5,0.3333333333333333,1.0,0.3333333333333333,0.25,0.6666666666666666,0.6666666666666666,0.6666666666666666,0.6666666666666666,0.2667239650479874,0.0
0.37404580152671757,0.3333333333333333,0.0,1.0,0.3333333333333333,0.8888888888888888,0.5,0.3333333333333333,1.0,0.0,0.8,0.0,0.3333333333333333,0.3333333333333333,0.3333333333333333,0.3333333333333333,0.3333333333333333,0.5721243374874659,0.0
0.3745910577971647,0.3333333333333333,1.0,0.8461538461538463,0.16666666666666666,1.0,1.0,0.6666666666666666,0.0,0.0,0.4,0.0,0.3333333333333333,0.0,1.0,0.3333333333333333,0.0,0.9210714797306976,0.0
0.3751363140676118,0.3333333333333333,0.0,0.23076923076923078,0.16666666666666666,0.05555555555555555,1.0,0.0,1.0,0.0,1.0,0.0,0.16666666666666666,0.3333333333333333,0.0,0.3333333333333333,0.3333333333333333,0.4939120469846726,0.0
0.3756815703380589,0.6666666666666666,0.0,0.6923076923076923,0.6666666666666666,1.0,0.0,0.3333333333333333,1.0,0.3333333333333333,0.8,0.6666666666666666,0.0,1.0,0.3333333333333333,0.6666666666666666,1.0,0.8445781406675261,0.0
0.37622682660850604,1.0,1.0,0.3076923076923077,0.5,0.6111111111111112,0.0,1.0,0.5,1.0,0.2,1.0,0.16666666666666666,0.0,0.0,1.0,0.0,0.696461824953445,0.0
0.37677208287895314,0.6666666666666666,0.5,0.46153846153846156,0.6666666666666666,0.3333333333333333,0.5,1.0,0.5,0.3333333333333333,0.6000000000000001,1.0,0.16666666666666666,0.6666666666666666,0.0,0.6666666666666666,0.6666666666666666,0.2584156997564819,0.0
0.37731733914940024,0.0,0.0,0.3076923076923077,0.16666666666666666,0.2222222222222222,0.0,0.3333333333333333,0.5,0.6666666666666666,0.8,0.3333333333333333,0.08333333333333333,0.3333333333333333,0.3333333333333333,0.0,0.3333333333333333,0.691018478727976,0.0
0.37840785169029445,0.6666666666666666,1.0,0.0,0.5,0.8888888888888888,0.5,0.6666666666666666,0.5,0.3333333333333333,0.8,1.0,0.3333333333333333,0.0,0.3333333333333333,0.6666666666666666,0.0,0.5567970204841712,0.0
0.37895310796074155,1.0,0.5,0.8461538461538463,0.8333333333333333,0.49999999999999994,1.0,0.6666666666666666,1.0,1.0,0.0,1.0,0.08333333333333333,1.0,1.0,1.0,1.0,0.996132359260851,0.0
0.37949836423118866,0.3333333333333333,0.5,0.8461538461538463,0.3333333333333333,0.05555555555555555,0.0,0.0,0.5,0.0,0.6000000000000001,0.3333333333333333,0.08333333333333333,0.6666666666666666,0.0,0.3333333333333333,0.6666666666666666,0.33562526858616243,0.0
0.38004362050163576,0.6666666666666666,1.0,0.0,0.6666666666666666,0.27777777777777773,0.0,0.6666666666666666,1.0,0.3333333333333333,0.6000000000000001,0.0,0.08333333333333333,0.6666666666666666,0.6666666666666666,0.6666666666666666,0.6666666666666666,0.25153989399799453,0.0
0.3805888767720829,1.0,0.5,0.46153846153846156,0.5,0.3888888888888889,1.0,0.6666666666666666,0.0,1.0,0.4,0.3333333333333333,0.3333333333333333,1.0,0.6666666666666666,1.0,1.0,0.9177768228047557,0.0
0.38113413304253,1.0,1.0,0.15384615384615385,0.5,1.0,1.0,0.0,0.5,1.0,0.8,1.0,0.3333333333333333,0.6666666666666666,0.3333333333333333,1.0,0.6666666666666666,0.997564818793869,0.0
0.3816793893129771,1.0,0.5,0.38461538461538464,0.5,0.1111111111111111,1.0,0.0,0.5,1.0,0.2,0.6666666666666666,0.16666666666666666,0.0,1.0,1.0,0.0,0.8014611087236786,0.0
0.3822246455834242,0.6666666666666666,0.0,0.9230769230769231,0.3333333333333333,0.4444444444444445,0.5,0.3333333333333333,0.5,0.3333333333333333,0.0,0.6666666666666666,0.0,0.0,0.3333333333333333,0.6666666666666666,0.0,0.23750179057441625,0.0
0.38276990185387133,0.6666666666666666,1.0,0.6923076923076923,0.5,0.1111111111111111,1.0,1.0,0.5,0.3333333333333333,0.6000000000000001,0.0,0.25,1.0,0.0,0.6666666666666666,1.0,0.4268729408394213,0.0
0.3844056706652127,0.6666666666666666,0.0,0.7692307692307693,0.3333333333333333,0.7222222222222221,0.5,0.3333333333333333,1.0,0.3333333333333333,0.4,0.6666666666666666,0.25,0.6666666666666666,0.0,0.6666666666666666,0.6666666666666666,0.31399512963758774,0.0
0.3849509269356598,0.6666666666666666,0.5,0.6923076923076923,0.3333333333333333,0.16666666666666669,0.5,0.6666666666666666,0.0,0.3333333333333333,0.0,0.0,0.3333333333333333,0.6666666666666666,0.6666666666666666,0.6666666666666666,0.6666666666666666,0.45566537745308694,0.0
0.3854961832061069,0.3333333333333333,1.0,0.9230769230769231,0.3333333333333333,0.4444444444444445,0.5,0.6666666666666666,0.0,0.0,0.4,0.6666666666666666,0.08333333333333333,0.3333333333333333,0.3333333333333333,0.3333333333333333,0.3333333333333333,0.09325311559948431,0.0
0.386041439476554,0.0,0.0,0.9230769230769231,0.0,0.8333333333333333,1.0,0.3333333333333333,1.0,0.6666666666666666,0.2,0.6666666666666666,0.08333333333333333,0.6666666666666666,0.6666666666666666,0.0,0.6666666666666666,0.9495774244377597,0.0
0.3865866957470011,0.3333333333333333,1.0,0.15384615384615385,0.5,0.8333333333333333,1.0,0.0,1.0,0.0,0.8,0.0,0.08333333333333333,0.0,0.3333333333333333,0.3333333333333333,0.0,0.38619109010170466,0.0
0.3871319520174482,1.0,0.0,0.8461538461538463,0.6666666666666666,0.4444444444444445,0.0,0.0,1.0,1.0,0.0,0.3333333333333333,0.0,1.0,0.3333333333333333,1.0,1.0,0.8074774387623549,0.0
0.3876772082878953,0.6666666666666666,0.0,0.5384615384615385,0.5,0.9444444444444444,1.0,0.6666666666666666,1.0,0.3333333333333333,0.2,0.3333333333333333,0.16666666666666666,1.0,0.0,0.6666666666666666,1.0,0.402521128778112,0.0
0.3882224645583424,0.3333333333333333,0.0,0.7692307692307693,0.5,0.9444444444444444,0.5,0.3333333333333333,0.5,0.0,0.6000000000000001,0.3333333333333333,0.16666666666666666,0.6666666666666666,0.6666666666666666,0.3333333333333333,0.6666666666666666,0.3191519839564532,0.0
0.3887677208287896,0.3333333333333333,0.0,0.15384615384615385,0.16666666666666666,0.3888888888888889,0.0,0.0,1.0,0.0,0.6000000000000001,0.0,0.08333333333333333,0.3333333333333333,0.6666666666666666,0.3333333333333333,0.3333333333333333,0.19739292364990688,0.0
0.3898582333696838,0.3333333333333333,1.0,0.5384615384615385,0.16666666666666666,1.0,0.0,0.3333333333333333,0.0,0.0,0.2,0.3333333333333333,0.25,1.0,0.0,0.3333333333333333,1.0,0.74960607362842,0.0
0.3904034896401309,1.0,0.0,0.7692307692307693,0.6666666666666666,0.9444444444444444,0.0,0.3333333333333333,0.0,1.0,0.0,0.6666666666666666,0.0,0.0,0.0,1.0,0.0,0.800315141097264,0.0
0.390948745910578,0.6666666666666666,0.0,0.9230769230769231,0.6666666666666666,0.16666666666666669,0.0,0.0,0.5,0.3333333333333333,0.4,0.6666666666666666,0.08333333333333333,1.0,0.3333333333333333,0.6666666666666666,1.0,0.5361696032087093,0.0
0.3914940021810251,0.3333333333333333,0.0,0.6923076923076923,0.5,0.5555555555555556,1.0,0.6666666666666666,0.0,0.0,0.6000000000000001,0.3333333333333333,0.0,0.6666666666666666,1.0,0.3333333333333333,0.6666666666666666,0.1372296232631428,0.0
0.3920392584514722,0.6666666666666666,0.0,0.7692307692307693,0.5,0.2222222222222222,0.0,0.3333333333333333,1.0,0.3333333333333333,0.6000000000000001,0.3333333333333333,0.0,0.3333333333333333,0.6666666666666666,0.6666666666666666,0.3333333333333333,0.05099555937544765,0.0
0.3925845147219193,0.6666666666666666,1.0,0.07692307692307693,0.6666666666666666,0.16666666666666669,1.0,0.3333333333333333,0.5,0.3333333333333333,0.8,0.6666666666666666,0.08333333333333333,0.0,0.3333333333333333,0.6666666666666666,0.0,0.4016616530583011,0.0
0.39312977099236646,0.3333333333333333,1.0,0.6153846153846154,0.5,1.0,0.5,1.0,0.0,0.0,0.6000000000000001,0.0,0.16666666666666666,0.6666666666666666,1.0,0.3333333333333333,0.6666666666666666,0.41770519982810483,0.0
0.39367502726281356,0.6666666666666666,0.5,0.9230769230769231,0.3333333333333333,0.8888888888888888,0.5,0.6666666666666666,0.0,0.3333333333333333,0.6000000000000001,0.0,0.25,1.0,0.6666666666666666,0.6666666666666666,1.0,0.5039392637158,0.0
0.39422028353326066,0.6666666666666666,0.5,0.6153846153846154,0.6666666666666666,0.49999999999999994,0.5,0.0,1.0,0.3333333333333333,1.0,1.0,0.0,0.3333333333333333,0.3333333333333333,0.6666666666666666,0.3333333333333333,0.3054003724394786,0.0
0.39531079607415487,0.3333333333333333,0.5,0.23076923076923078,0.3333333333333333,0.2222222222222222,0.0,0.6666666666666666,1.0,0.0,1.0,0.3333333333333333,0.16666666666666666,0.6666666666666666,0.0,0.3333333333333333,0.6666666666666666,0.19266580719094684,0.0
0.39585605234460197,0.3333333333333333,1.0,0.9230769230769231,0.16666666666666666,0.3333333333333333,1.0,0.3333333333333333,0.0,0.0,1.0,0.3333333333333333,0.25,0.0,0.0,0.3333333333333333,0.0,0.4308838275318722,0.0
0.3964013086150491,0.3333333333333333,0.0,0.3076923076923077,0.16666666666666666,0.0,0.0,0.3333333333333333,0.5,0.0,0.6000000000000001,1.0,0.0,0.6666666666666666,1.0,0.3333333333333333,0.6666666666666666,0.579286635152557,0.0
0.3969465648854962,0.3333333333333333,1.0,0.6153846153846154,0.3333333333333333,0.6666666666666665,0.0,0.6666666666666666,1.0,0.0,1.0,0.3333333333333333,0.0,0.6666666666666666,0.6666666666666666,0.3333333333333333,0.6666666666666666,0.15757054863200115,0.0
0.39749182115594334,0.6666666666666666,1.0,0.8461538461538463,0.5,0.1111111111111111,0.5,1.0,0.0,0.3333333333333333,0.6000000000000001,0.0,0.0,1.0,1.0,0.6666666666666666,1.0,0.4962039822375018,0.0
0.39803707742639044,0.3333333333333333,1.0,0.23076923076923078,0.16666666666666666,0.2222222222222222,1.0,0.3333333333333333,1.0,0.0,1.0,0.3333333333333333,0.25,0.6666666666666666,0.6666666666666666,0.3333333333333333,0.6666666666666666,0.3523850451224753,0.0
0.39858233369683754,0.3333333333333333,0.0,0.5384615384615385,0.3333333333333333,0.4444444444444445,0.0,1.0,1.0,0.0,0.0,0.6666666666666666,0.25,0.3333333333333333,0.3333333333333333,0.3333333333333333,0.3333333333333333,0.2280475576564962,0.0
0.39912758996728465,0.6666666666666666,0.5,0.38461538461538464,0.3333333333333333,0.4444444444444445,1.0,1.0,0.0,0.3333333333333333,0.6000000000000001,0.6666666666666666,0.0,0.3333333333333333,0.3333333333333333,0.6666666666666666,0.3333333333333333,0.13952155851597192,0.0
0.39967284623773175,0.6666666666666666,1.0,0.15384615384615385,0.3333333333333333,0.3888888888888889,0.0,0.0,0.0,0.3333333333333333,0.6000000000000001,1.0,0.16666666666666666,1.0,0.3333333333333333,0.6666666666666666,1.0,0.43331900873800316,0.0
0.40021810250817885,0.3333333333333333,0.0,1.0,0.3333333333333333,0.4444444444444445,1.0,1.0,1.0,0.0,0.2,1.0,0.0,1.0,1.0,0.3333333333333333,1.0,0.33361982523993694,0.0
0.40076335877862596,0.0,0.5,0.15384615384615385,0.16666666666666666,0.3333333333333333,1.0,0.6666666666666666,0.5,0.6666666666666666,0.8,0.3333333333333333,0.25,0.3333333333333333,0.3333333333333333,0.0,0.3333333333333333,0.7794012319151984,0.0
0.40130861504907306,0.3333333333333333,1.0,0.6923076923076923,0.5,0.27777777777777773,0.0,1.0,1.0,0.0,0.2,1.0,0.16666666666666666,0.6666666666666666,0.6666666666666666,0.3333333333333333,0.6666666666666666,0.16487609225039393,0.0
0.4018538713195202,0.3333333333333333,0.0,1.0,0.3333333333333333,0.3888888888888889,1.0,0.6666666666666666,0.5,0.0,0.8,0.6666666666666666,0.16666666666666666,0.0,0.0,0.3333333333333333,0.0,0.23148546053573987,0.0
0.4023991275899673,0.3333333333333333,0.0,0.6153846153846154,0.3333333333333333,0.3333333333333333,1.0,0.3333333333333333,1.0,0.0,0.4,0.0,0.25,0.6666666666666666,0.0,0.3333333333333333,0.6666666666666666,0.2049849591749033,0.0
0.4029443838604144,0.6666666666666666,0.5,0.3076923076923077,0.5,0.16666666666666669,0.5,1.0,0.0,0.3333333333333333,0.4,0.6666666666666666,0.16666666666666666,1.0,0.6666666666666666,0.6666666666666666,1.0,0.36241226185360265,0.0
0.4034896401308615,0.6666666666666666,0.5,0.8461538461538463,0.5,0.5555555555555556,0.0,0.0,0.5,0.3333333333333333,0.8,0.0,0.0,0.3333333333333333,0.6666666666666666,0.6666666666666666,0.3333333333333333,0.02578427159432746,0.0
0.40403489640130863,0.6666666666666666,0.5,0.07692307692307693,0.5,1.0,0.5,0.0,0.5,0.3333333333333333,1.0,0.6666666666666666,0.08333333333333333,0.3333333333333333,0.0,0.6666666666666666,0.3333333333333333,0.39893997994556657,0.0
0.40458015267175573,0.3333333333333333,1.0,0.5384615384615385,0.16666666666666666,0.27777777777777773,1.0,0.0,0.5,0.0,0.8,1.0,0.16666666666666666,0.6666666666666666,0.6666666666666666,0.3333333333333333,0.6666666666666666,0.3215871651625842,0.0
0.40567066521264994,0.6666666666666666,0.0,1.0,0.5,0.27777777777777773,0.0,0.0,0.5,0.3333333333333333,0.6000000000000001,0.6666666666666666,0.25,0.6666666666666666,0.3333333333333333,0.6666666666666666,0.6666666666666666,0.1989686291362269,0.0
0.4062159214830971,0.3333333333333333,1.0,0.15384615384615385,0.3333333333333333,0.3333333333333333,0.0,0.0,0.5,0.0,0.0,0.0,0.08333333333333333,1.0,0.3333333333333333,0.3333333333333333,1.0,0.3702907892852027,0.0
0.4067611777535442,0.6666666666666666,0.5,0.23076923076923078,0.3333333333333333,0.27777777777777773,0.0,0.0,0.5,0.3333333333333333,1.0,0.0,0.08333333333333333,0.6666666666666666,1.0,0.6666666666666666,0.6666666666666666,0.18364131213293225,0.0
0.4073064340239913,0.6666666666666666,0.0,0.9230769230769231,0.6666666666666666,0.4444444444444445,0.0,1.0,0.5,0.3333333333333333,0.8,0.6666666666666666,0.16666666666666666,0.0,0.6666666666666666,0.6666666666666666,0.0,0.43618392780403953,0.0
0.4078516902944384,0.3333333333333333,1.0,0.15384615384615385,0.16666666666666666,0.6666666666666665,1.0,0.3333333333333333,0.0,0.0,0.4,1.0,0.0,1.0,0.6666666666666666,0.3333333333333333,1.0,0.3824666953158573,0.0
0.4083969465648855,0.6666666666666666,0.0,0.46153846153846156,0.3333333333333333,0.5555555555555556,0.5,0.0,0.5,0.3333333333333333,1.0,0.3333333333333333,0.16666666666666666,0.3333333333333333,0.6666666666666666,0.6666666666666666,0.3333333333333333,0.2026930239220742,0.0
0.4089422028353326,0.6666666666666666,0.0,0.6923076923076923,0.6666666666666666,0.7222222222222221,0.0,0.3333333333333333,0.5,0.3333333333333333,0.6000000000000001,1.0,0.08333333333333333,0.0,1.0,0.6666666666666666,0.0,0.39779401231915196,0.0
0.4094874591057797,0.6666666666666666,0.0,0.07692307692307693,0.5,0.6666666666666665,0.0,0.6666666666666666,0.0,0.3333333333333333,0.6000000000000001,0.0,0.0,0.0,0.0,0.6666666666666666,0.0,0.10915341641598625,0.0
0.410577971646674,0.6666666666666666,1.0,1.0,0.6666666666666666,0.49999999999999994,0.0,0.6666666666666666,0.5,0.3333333333333333,0.2,1.0,0.16666666666666666,0.6666666666666666,0.0,0.6666666666666666,0.6666666666666666,0.21730411115885975,0.0
0.4111232279171211,0.6666666666666666,0.0,0.6153846153846154,0.3333333333333333,0.5555555555555556,0.5,0.0,0.5,0.3333333333333333,0.8,0.3333333333333333,0.16666666666666666,0.3333333333333333,0.6666666666666666,0.6666666666666666,0.3333333333333333,0.2026930239220742,0.0
0.4116684841875682,0.3333333333333333,0.0,0.3076923076923077,0.16666666666666666,0.3888888888888889,0.5,0.3333333333333333,0.0,0.0,0.0,0.0,0.0,1.0,1.0,0.3333333333333333,1.0,0.38833977940123193,0.0
0.4122137404580153,0.3333333333333333,1.0,0.23076923076923078,0.3333333333333333,0.6666666666666665,0.5,0.0,1.0,0.0,0.2,0.6666666666666666,0.25,0.0,0.3333333333333333,0.3333333333333333,0.0,0.30668958601919494,0.0
0.4127589967284624,0.6666666666666666,0.5,0.7692307692307693,0.6666666666666666,0.5555555555555556,0.5,1.0,0.5,0.3333333333333333,0.6000000000000001,0.3333333333333333,0.16666666666666666,0.0,0.3333333333333333,0.6666666666666666,0.0,0.4241512677266867,0.0
0.4133042529989095,0.6666666666666666,0.5,0.3076923076923077,0.5,0.1111111111111111,0.5,0.3333333333333333,0.5,0.3333333333333333,0.8,0.0,0.0,0.0,0.0,0.6666666666666666,0.0,0.18292508236642313,0.0
0.4138495092693566,0.3333333333333333,0.0,0.15384615384615385,0.5,0.3888888888888889,1.0,0.6666666666666666,0.5,0.0,0.2,0.0,0.16666666666666666,0.0,1.0,0.3333333333333333,0.0,0.2905027932960894,0.0
0.41494002181025086,0.3333333333333333,0.0,0.9230769230769231,0.3333333333333333,0.4444444444444445,0.0,0.3333333333333333,1.0,0.0,1.0,0.3333333333333333,0.08333333333333333,1.0,0.0,0.3333333333333333,1.0,0.301102993840424,0.0
0.41548527808069796,0.3333333333333333,0.0,0.23076923076923078,0.16666666666666666,0.16666666666666669,0.5,0.6666666666666666,1.0,0.0,0.8,1.0,0.3333333333333333,0.0,0.3333333333333333,0.3333333333333333,0.0,0.703624122618536,0.0
0.41603053435114506,0.3333333333333333,0.0,0.9230769230769231,0.3333333333333333,0.16666666666666669,0.0,1.0,0.5,0.0,0.8,1.0,0.16666666666666666,0.0,0.3333333333333333,0.3333333333333333,0.0,0.33920641741870794,0.0
0.41657579062159217,1.0,0.5,0.38461538461538464,1.0,0.4444444444444445,0.0,0.0,1.0,1.0,1.0,0.6666666666666666,0.0,0.3333333333333333,0.3333333333333333,1.0,0.3333333333333333,0.9462827675118178,0.0
0.41712104689203927,0.3333333333333333,0.0,0.9230769230769231,0.16666666666666666,0.6666666666666665,1.0,1.0,0.5,0.0,0.6000000000000001,1.0,0.25,0.0,0.3333333333333333,0.3333333333333333,0.0,0.415986248388483,0.0
0.4176663031624864,0.0,0.5,0.46153846153846156,0.16666666666666666,0.16666666666666669,1.0,0.0,0.0,0.6666666666666666,0.6000000000000001,0.6666666666666666,0.3333333333333333,0.6666666666666666,1.0,0.0,0.6666666666666666,0.9179200687580575,0.0
0.4182115594329335,0.3333333333333333,0.5,0.3076923076923077,0.3333333333333333,0.8888888888888888,1.0,1.0,0.0,0.0,1.0,1.0,0.25,1.0,0.6666666666666666,0.3333333333333333,1.0,0.4227188081936685,0.0
0.41875681570338064,0.3333333333333333,0.5,0.5384615384615385,0.5,0.4444444444444445,0.5,1.0,0.5,0.0,0.0,1.0,0.3333333333333333,0.6666666666666666,0.0,0.3333333333333333,0.6666666666666666,0.32774674115456237,0.0
0.41930207197382774,0.6666666666666666,1.0,0.38461538461538464,0.3333333333333333,0.9444444444444444,1.0,0.3333333333333333,1.0,0.3333333333333333,0.0,1.0,0.25,1.0,0.3333333333333333,0.6666666666666666,1.0,0.5692594184214296,0.0
0.42039258451472195,0.3333333333333333,0.0,1.0,0.16666666666666666,0.3333333333333333,0.0,0.0,1.0,0.0,0.4,1.0,0.08333333333333333,0.3333333333333333,1.0,0.3333333333333333,0.3333333333333333,0.2108580432602779,0.0
0.42093784078516905,0.6666666666666666,0.5,0.23076923076923078,0.3333333333333333,0.4444444444444445,0.5,1.0,1.0,0.3333333333333333,0.0,0.0,0.08333333333333333,0.0,1.0,0.6666666666666666,0.0,0.24724251539894002,0.0
0.42148309705561615,0.3333333333333333,0.0,0.15384615384615385,0.5,0.3333333333333333,0.0,0.3333333333333333,0.0,0.0,0.6000000000000001,1.0,0.3333333333333333,0.6666666666666666,0.0,0.3333333333333333,0.6666666666666666,0.3578283913479444,0.0
0.42202835332606325,0.3333333333333333,0.0,0.7692307692307693,0.16666666666666666,0.49999999999999994,1.0,0.3333333333333333,0.5,0.0,0.2,1.0,0.3333333333333333,1.0,0.3333333333333333,0.3333333333333333,1.0,0.6417418707921501,0.0
0.42257360959651036,0.6666666666666666,0.0,0.7692307692307693,0.5,0.4444444444444445,1.0,1.0,1.0,0.3333333333333333,0.0,0.6666666666666666,0.16666666666666666,0.6666666666666666,0.3333333333333333,0.6666666666666666,0.6666666666666666,0.140237788282481,0.0
0.4231188658669575,0.3333333333333333,1.0,0.15384615384615385,0.16666666666666666,0.6666666666666665,0.0,0.0,0.0,0.0,0.4,0.6666666666666666,0.3333333333333333,0.6666666666666666,0.3333333333333333,0.3333333333333333,0.6666666666666666,0.522990975504942,0.0
0.4236641221374046,0.0,0.5,0.07692307692307693,0.16666666666666666,0.8888888888888888,1.0,1.0,1.0,0.6666666666666666,0.4,1.0,0.0,0.3333333333333333,0.0,0.0,0.3333333333333333,0.7276894427732417,0.0
0.4242093784078517,0.0,0.0,0.5384615384615385,0.16666666666666666,0.3333333333333333,0.0,0.6666666666666666,0.0,0.6666666666666666,0.6000000000000001,0.6666666666666666,0.3333333333333333,0.0,0.3333333333333333,0.0,0.0,0.927087809769374,0.0
0.4247546346782988,0.6666666666666666,0.0,0.0,0.5,0.8888888888888888,1.0,0.6666666666666666,0.0,0.3333333333333333,0.0,0.3333333333333333,0.16666666666666666,0.6666666666666666,0.0,0.6666666666666666,0.6666666666666666,0.24709926944563818,0.0
0.42529989094874593,0.3333333333333333,0.5,0.6923076923076923,0.5,0.27777777777777773,1.0,0.0,1.0,0.0,0.6000000000000001,0.6666666666666666,0.25,0.0,0.0,0.3333333333333333,0.0,0.4103996562097121,0.0
0.42639040348964014,0.3333333333333333,0.5,0.3076923076923077,0.5,0.8888888888888888,0.5,0.3333333333333333,0.5,0.0,1.0,0.0,0.16666666666666666,0.3333333333333333,0.3333333333333333,0.3333333333333333,0.3333333333333333,0.1855035095258559,0.0
0.42693565976008724,0.0,0.5,0.46153846153846156,0.0,0.6111111111111112,0.0,0.0,0.0,0.6666666666666666,0.6000000000000001,0.3333333333333333,0.0,0.6666666666666666,0.0,0.0,0.6666666666666666,0.9722102850594472,0.0
0.4274809160305344,0.3333333333333333,0.5,0.46153846153846156,0.16666666666666666,0.16666666666666669,0.0,0.0,0.0,0.0,0.0,0.0,0.08333333333333333,0.6666666666666666,1.0,0.3333333333333333,0.6666666666666666,0.3167168027503223,0.0
0.4280261723009815,0.6666666666666666,1.0,0.46153846153846156,0.5,0.2222222222222222,1.0,1.0,0.5,0.3333333333333333,1.0,0.0,0.3333333333333333,1.0,1.0,0.6666666666666666,1.0,0.560951153129924,0.0
0.4285714285714286,0.3333333333333333,0.0,0.07692307692307693,0.16666666666666666,0.8333333333333333,0.5,0.0,0.5,0.0,0.6000000000000001,0.3333333333333333,0.25,0.0,0.0,0.3333333333333333,0.0,0.5450508523134221,0.0
0.4291166848418757,1.0,0.0,0.5384615384615385,0.6666666666666666,0.3333333333333333,0.0,0.6666666666666666,0.5,1.0,0.6000000000000001,0.6666666666666666,0.3333333333333333,0.0,0.0,1.0,0.0,0.9547342787566252,0.0
0.4296619411123228,0.6666666666666666,1.0,0.0,0.5,0.7777777777777777,0.5,0.3333333333333333,0.0,0.3333333333333333,0.6000000000000001,1.0,0.0,0.6666666666666666,0.3333333333333333,0.6666666666666666,0.6666666666666666,0.2605643890560092,0.0
0.4302071973827699,0.3333333333333333,1.0,0.3076923076923077,0.5,0.27777777777777773,0.5,0.6666666666666666,0.0,0.0,0.8,0.3333333333333333,0.08333333333333333,0.3333333333333333,0.0,0.3333333333333333,0.3333333333333333,0.12104283054003724,0.0
0.430752453653217,0.6666666666666666,0.0,1.0,0.3333333333333333,1.0,0.5,0.6666666666666666,0.5,0.3333333333333333,0.0,0.0,0.16666666666666666,0.0,0.6666666666666666,0.6666666666666666,0.0,0.6711072912190231,0.0
0.4312977099236641,1.0,1.0,0.3076923076923077,0.8333333333333333,0.6111111111111112,0.0,0.6666666666666666,0.0,1.0,1.0,1.0,0.25,0.0,0.0,1.0,0.0,0.9528720813637014,0.0
0.4323882224645584,0.0,0.0,0.38461538461538464,0.16666666666666666,0.5555555555555556,1.0,1.0,0.5,0.6666666666666666,1.0,0.0,0.0,0.3333333333333333,0.3333333333333333,0.0,0.3333333333333333,0.6360120326600773,0.0
0.4329334787350055,0.3333333333333333,1.0,0.46153846153846156,0.3333333333333333,0.7222222222222221,0.0,0.6666666666666666,0.0,0.0,0.8,0.3333333333333333,0.0,1.0,0.6666666666666666,0.3333333333333333,1.0,0.34522274745738435,0.0
0.4334787350054526,0.6666666666666666,0.0,0.15384615384615385,0.3333333333333333,0.05555555555555555,1.0,0.0,1.0,0.3333333333333333,0.2,1.0,0.0,0.3333333333333333,0.3333333333333333,0.6666666666666666,0.3333333333333333,0.3144248674974932,0.0
0.4340239912758997,0.6666666666666666,1.0,0.6923076923076923,0.3333333333333333,0.5555555555555556,0.5,0.6666666666666666,0.5,0.3333333333333333,0.2,0.6666666666666666,0.25,1.0,1.0,0.6666666666666666,1.0,0.3820369574559519,0.0
0.4345692475463468,0.3333333333333333,0.0,0.15384615384615385,0.16666666666666666,0.05555555555555555,1.0,0.6666666666666666,0.5,0.0,0.2,0.0,0.08333333333333333,0.6666666666666666,0.3333333333333333,0.3333333333333333,0.6666666666666666,0.45552213149978515,0.0
0.4351145038167939,0.3333333333333333,1.0,0.6153846153846154,0.3333333333333333,0.4444444444444445,1.0,1.0,0.5,0.0,0.6000000000000001,1.0,0.16666666666666666,0.6666666666666666,0.0,0.3333333333333333,0.6666666666666666,0.1885116745451941,0.0
0.435659760087241,0.3333333333333333,0.0,0.6923076923076923,0.5,0.8333333333333333,1.0,1.0,0.5,0.0,0.0,0.6666666666666666,0.08333333333333333,0.3333333333333333,0.6666666666666666,0.3333333333333333,0.3333333333333333,0.18149262283340495,0.0
0.43620501635768816,0.3333333333333333,0.0,0.23076923076923078,0.16666666666666666,0.6111111111111112,0.5,0.6666666666666666,1.0,0.0,0.6000000000000001,0.3333333333333333,0.25,1.0,1.0,0.3333333333333333,1.0,0.48417132216014896,0.0
0.43675027262813526,1.0,0.5,0.07692307692307693,0.6666666666666666,0.3333333333333333,0.5,1.0,1.0,1.0,0.2,0.0,0.08333333333333333,0.6666666666666666,0.3333333333333333,1.0,0.6666666666666666,0.6676693883397794,0.0
0.43729552889858236,0.6666666666666666,1.0,0.8461538461538463,0.6666666666666666,0.3333333333333333,0.0,1.0,0.5,0.3333333333333333,0.4,0.3333333333333333,0.25,0.3333333333333333,0.0,0.6666666666666666,0.3333333333333333,0.4476436040681851,0.0
0.4389312977099237,1.0,0.0,0.07692307692307693,0.5,0.7222222222222221,0.0,0.0,0.0,1.0,0.4,0.3333333333333333,0.16666666666666666,0.3333333333333333,1.0,1.0,0.3333333333333333,0.680704770090245,0.0
0.4394765539803708,0.0,1.0,0.46153846153846156,0.0,0.3333333333333333,1.0,1.0,0.5,0.6666666666666666,0.8,0.6666666666666666,0.0,0.3333333333333333,0.6666666666666666,0.0,0.3333333333333333,0.9005873084085374,0.0
0.4400218102508179,0.3333333333333333,0.5,0.3076923076923077,0.16666666666666666,0.3888888888888889,0.5,0.0,0.0,0.0,0.2,0.0,0.25,1.0,0.6666666666666666,0.3333333333333333,1.0,0.5133934966337201,0.0
0.44056706652126504,0.3333333333333333,0.0,0.7692307692307693,0.5,0.4444444444444445,0.5,1.0,0.5,0.0,0.4,0.0,0.3333333333333333,0.3333333333333333,0.3333333333333333,0.3333333333333333,0.3333333333333333,0.3407821229050279,0.0
0.44111232279171214,0.3333333333333333,0.0,0.5384615384615385,0.16666666666666666,0.27777777777777773,1.0,1.0,1.0,0.0,0.2,1.0,0.16666666666666666,0.3333333333333333,0.0,0.3333333333333333,0.3333333333333333,0.275748460106002,0.0
0.44165757906215924,0.6666666666666666,0.0,0.6923076923076923,0.5,0.1111111111111111,0.0,0.0,0.5,0.3333333333333333,0.0,0.0,0.25,0.6666666666666666,0.3333333333333333,0.6666666666666666,0.6666666666666666,0.2555507806904455,0.0
0.44220283533260635,0.6666666666666666,0.0,0.15384615384615385,0.3333333333333333,0.8333333333333333,1.0,0.3333333333333333,1.0,0.3333333333333333,0.6000000000000001,0.6666666666666666,0.3333333333333333,0.6666666666666666,0.6666666666666666,0.6666666666666666,0.6666666666666666,0.553072625698324,0.0
0.44274809160305345,0.3333333333333333,1.0,0.15384615384615385,0.3333333333333333,0.8333333333333333,0.0,0.6666666666666666,0.0,0.0,0.0,0.3333333333333333,0.0,0.3333333333333333,0.3333333333333333,0.3333333333333333,0.3333333333333333,0.1885116745451941,0.0
0.44329334787350055,0.3333333333333333,0.0,0.38461538461538464,0.16666666666666666,0.3333333333333333,0.5,0.0,0.0,0.0,1.0,0.0,0.25,0.3333333333333333,1.0,0.3333333333333333,0.3333333333333333,0.34837415843002434,0.0
0.44383860414394766,0.3333333333333333,0.5,1.0,0.3333333333333333,0.3333333333333333,0.0,1.0,0.5,0.0,0.2,0.6666666666666666,0.0,0.3333333333333333,0.0,0.3333333333333333,0.3333333333333333,0.05930382466695316,0.0
0.4449291166848419,0.0,0.0,0.6153846153846154,0.16666666666666666,0.7777777777777777,1.0,1.0,1.0,0.6666666666666666,0.8,0.3333333333333333,0.0,1.0,0.3333333333333333,0.0,1.0,0.9944134078212291,0.0
0.445474372955289,0.3333333333333333,1.0,0.6153846153846154,0.3333333333333333,0.27777777777777773,0.5,0.0,0.5,0.0,0.4,1.0,0.08333333333333333,0.0,0.0,0.3333333333333333,0.0,0.17433032516831398,0.0
0.4460196292257361,0.3333333333333333,1.0,0.23076923076923078,0.5,0.7222222222222221,0.5,0.0,0.0,0.0,0.8,1.0,0.3333333333333333,0.3333333333333333,1.0,0.3333333333333333,0.3333333333333333,0.39679129064603924,0.0
0.44656488549618323,1.0,0.5,0.3076923076923077,0.6666666666666666,0.49999999999999994,0.5,0.0,1.0,1.0,1.0,0.6666666666666666,0.25,0.0,0.6666666666666666,1.0,0.0,0.7822661509812348,0.0
0.44711014176663033,0.0,1.0,0.46153846153846156,0.16666666666666666,0.05555555555555555,0.5,0.3333333333333333,1.0,0.6666666666666666,0.0,1.0,0.08333333333333333,0.6666666666666666,0.6666666666666666,0.0,0.6666666666666666,0.9040252112877811,0.0
0.44765539803707743,0.3333333333333333,1.0,0.46153846153846156,0.5,0.6666666666666665,0.5,0.0,0.0,0.0,0.6000000000000001,0.6666666666666666,0.16666666666666666,1.0,0.0,0.3333333333333333,1.0,0.3108437186649477,0.0
0.44820065430752454,0.6666666666666666,0.5,0.8461538461538463,0.3333333333333333,0.1111111111111111,1.0,0.6666666666666666,1.0,0.3333333333333333,1.0,1.0,0.3333333333333333,0.6666666666666666,0.3333333333333333,0.6666666666666666,0.6666666666666666,0.4840280762068471,0.0
0.44874591057797164,0.3333333333333333,1.0,0.15384615384615385,0.3333333333333333,0.7777777777777777,0.0,0.0,1.0,0.0,0.0,0.6666666666666666,0.08333333333333333,0.0,1.0,0.3333333333333333,0.0,0.2627130783555365,0.0
0.4492911668484188,0.3333333333333333,0.5,0.5384615384615385,0.16666666666666666,0.2222222222222222,1.0,0.6666666666666666,0.0,0.0,0.2,0.3333333333333333,0.0,0.6666666666666666,0.0,0.3333333333333333,0.6666666666666666,0.29480017189514396,0.0
0.4498364231188659,0.3333333333333333,1.0,0.6153846153846154,0.16666666666666666,0.0,0.5,1.0,0.0,0.0,0.6000000000000001,1.0,0.0,0.3333333333333333,0.0,0.3333333333333333,0.3333333333333333,0.44506517690875236,0.0
0.4509269356597601,0.3333333333333333,0.0,0.38461538461538464,0.3333333333333333,0.7222222222222221,0.5,0.0,0.5,0.0,0.2,0.6666666666666666,0.08333333333333333,1.0,0.3333333333333333,0.3333333333333333,1.0,0.2896433175762785,0.0
0.4514721919302072,0.6666666666666666,1.0,0.8461538461538463,0.5,0.16666666666666669,0.5,0.3333333333333333,0.5,0.3333333333333333,1.0,0.6666666666666666,0.08333333333333333,0.0,1.0,0.6666666666666666,0.0,0.21930955450508524,0.0
0.4520174482006543,0.3333333333333333,0.5,0.6923076923076923,0.3333333333333333,0.3888888888888889,0.5,1.0,1.0,0.0,0.8,0.6666666666666666,0.0,0.0,0.6666666666666666,0.3333333333333333,0.0,0.1378026070763501,0.0
0.4525627044711014,0.3333333333333333,1.0,0.7692307692307693,0.5,0.4444444444444445,0.5,0.3333333333333333,0.0,0.0,0.2,0.3333333333333333,0.3333333333333333,0.3333333333333333,0.0,0.3333333333333333,0.3333333333333333,0.3407821229050279,0.0
0.4531079607415485,0.3333333333333333,1.0,0.23076923076923078,0.16666666666666666,0.8888888888888888,0.0,1.0,1.0,0.0,0.2,0.6666666666666666,0.08333333333333333,0.0,0.3333333333333333,0.3333333333333333,0.0,0.4558086234063888,0.0
0.4536532170119957,0.3333333333333333,0.0,0.0,0.16666666666666666,0.3333333333333333,0.0,0.3333333333333333,0.5,0.0,0.6000000000000001,1.0,0.16666666666666666,1.0,0.3333333333333333,0.3333333333333333,1.0,0.5225612376450365,0.0
0.4541984732824428,0.3333333333333333,0.5,1.0,0.3333333333333333,0.7777777777777777,0.5,0.0,0.0,0.0,0.6000000000000001,0.6666666666666666,0.3333333333333333,0.3333333333333333,0.3333333333333333,0.3333333333333333,0.3333333333333333,0.47084944850307975,0.0
0.4547437295528899,0.6666666666666666,0.5,0.3076923076923077,0.6666666666666666,0.6111111111111112,0.5,0.0,1.0,0.3333333333333333,0.8,1.0,0.16666666666666666,0.3333333333333333,0.6666666666666666,0.6666666666666666,0.3333333333333333,0.26228334049563096,0.0
0.455288985823337,0.6666666666666666,0.5,0.6153846153846154,0.3333333333333333,0.7222222222222221,1.0,0.0,0.5,0.3333333333333333,0.0,0.0,0.3333333333333333,0.0,0.3333333333333333,0.6666666666666666,0.0,0.522990975504942,0.0
0.4558342420937841,0.3333333333333333,1.0,0.38461538461538464,0.5,0.6666666666666665,0.0,0.3333333333333333,0.0,0.0,0.4,0.3333333333333333,0.08333333333333333,1.0,0.3333333333333333,0.3333333333333333,1.0,0.32660077352814787,0.0
0.4569247546346783,0.6666666666666666,0.5,0.15384615384615385,0.3333333333333333,0.16666666666666669,0.0,1.0,1.0,0.3333333333333333,0.6000000000000001,0.0,0.16666666666666666,1.0,0.6666666666666666,0.6666666666666666,1.0,0.5292937974502221,0.0
0.45747001090512546,0.6666666666666666,0.0,0.07692307692307693,0.5,0.7222222222222221,0.5,1.0,0.0,0.3333333333333333,0.0,0.6666666666666666,0.25,0.0,0.0,0.6666666666666666,0.0,0.3202979515828678,0.0
0.45801526717557256,0.3333333333333333,0.0,0.07692307692307693,0.5,0.6666666666666665,0.5,0.6666666666666666,0.5,0.0,0.4,0.6666666666666666,0.25,0.6666666666666666,0.3333333333333333,0.3333333333333333,0.6666666666666666,0.2602778971494056,0.0
0.45856052344601966,0.3333333333333333,0.0,0.3076923076923077,0.16666666666666666,0.8333333333333333,0.0,0.6666666666666666,0.5,0.0,0.2,0.3333333333333333,0.3333333333333333,0.0,0.0,0.3333333333333333,0.0,0.7070620254977796,0.0
0.45910577971646677,0.3333333333333333,1.0,0.9230769230769231,0.3333333333333333,0.8888888888888888,0.5,0.3333333333333333,0.0,0.0,0.8,0.6666666666666666,0.0,0.3333333333333333,0.6666666666666666,0.3333333333333333,0.3333333333333333,0.19209282337773959,0.0
0.45965103598691387,0.6666666666666666,0.5,0.6923076923076923,0.5,1.0,1.0,0.0,0.0,0.3333333333333333,0.0,0.6666666666666666,0.25,1.0,0.0,0.6666666666666666,1.0,0.556224036670964,0.0
0.460196292257361,0.3333333333333333,0.0,0.3076923076923077,0.5,0.27777777777777773,0.5,1.0,1.0,0.0,0.8,0.3333333333333333,0.0,0.6666666666666666,1.0,0.3333333333333333,0.6666666666666666,0.16860048703624123,0.0
0.4607415485278081,0.0,0.0,0.8461538461538463,0.16666666666666666,0.7222222222222221,0.5,0.0,1.0,0.6666666666666666,0.6000000000000001,0.3333333333333333,0.08333333333333333,0.3333333333333333,0.3333333333333333,0.0,0.3333333333333333,0.5991978226615098,0.0
0.46183206106870234,0.3333333333333333,1.0,0.0,0.16666666666666666,0.1111111111111111,0.0,0.3333333333333333,0.0,0.0,0.8,0.6666666666666666,0.25,0.0,0.6666666666666666,0.3333333333333333,0.0,0.5991978226615098,0.0
0.46237731733914944,0.3333333333333333,0.5,0.15384615384615385,0.16666666666666666,0.7222222222222221,0.5,1.0,0.0,0.0,1.0,0.0,0.3333333333333333,0.6666666666666666,0.0,0.3333333333333333,0.6666666666666666,0.5434751468271021,0.0
0.46292257360959654,0.3333333333333333,1.0,0.5384615384615385,0.5,0.3333333333333333,0.0,0.3333333333333333,0.5,0.0,0.4,0.3333333333333333,0.25,0.3333333333333333,0.0,0.3333333333333333,0.3333333333333333,0.28348374158430023,0.0
0.46346782988004365,0.6666666666666666,0.0,0.07692307692307693,0.5,0.3333333333333333,1.0,0.3333333333333333,0.5,0.3333333333333333,0.4,1.0,0.3333333333333333,0.3333333333333333,0.0,0.6666666666666666,0.3333333333333333,0.4301675977653632,0.0
0.46401308615049075,0.6666666666666666,0.0,0.7692307692307693,0.3333333333333333,0.05555555555555555,0.5,0.3333333333333333,0.0,0.3333333333333333,0.8,0.3333333333333333,0.3333333333333333,0.0,0.3333333333333333,0.6666666666666666,0.0,0.794012319151984,0.0
0.46455834242093785,0.6666666666666666,0.5,0.5384615384615385,0.5,0.6111111111111112,0.5,0.3333333333333333,0.5,0.3333333333333333,1.0,0.3333333333333333,0.16666666666666666,0.6666666666666666,0.0,0.6666666666666666,0.6666666666666666,0.14825956166738288,0.0
0.46510359869138496,1.0,0.0,0.15384615384615385,0.5,0.4444444444444445,0.5,0.6666666666666666,1.0,1.0,0.8,0.3333333333333333,0.25,0.3333333333333333,0.0,1.0,0.3333333333333333,0.6484744305973357,0.0
0.46564885496183206,0.3333333333333333,0.0,0.38461538461538464,0.5,0.4444444444444445,0.5,0.3333333333333333,0.5,0.0,1.0,0.3333333333333333,0.16666666666666666,0.6666666666666666,0.6666666666666666,0.3333333333333333,0.6666666666666666,0.17404383326171036,0.0
0.4661941112322792,1.0,0.0,0.5384615384615385,0.8333333333333333,0.6666666666666665,0.5,0.6666666666666666,1.0,1.0,1.0,1.0,0.25,0.3333333333333333,0.3333333333333333,1.0,0.3333333333333333,0.8962899298094829,0.0
0.4667393675027263,0.6666666666666666,1.0,0.9230769230769231,0.3333333333333333,0.5555555555555556,0.5,0.0,1.0,0.3333333333333333,1.0,0.3333333333333333,0.0,0.0,1.0,0.6666666666666666,0.0,0.17160865205557943,0.0
0.4678298800436205,1.0,0.5,0.6923076923076923,0.5,0.8333333333333333,1.0,1.0,1.0,1.0,0.4,0.0,0.0,1.0,1.0,1.0,1.0,0.8709353960750609,0.0
0.46837513631406763,0.6666666666666666,0.0,1.0,0.5,0.2222222222222222,0.0,0.6666666666666666,1.0,0.3333333333333333,0.4,0.3333333333333333,0.16666666666666666,0.6666666666666666,0.3333333333333333,0.6666666666666666,0.6666666666666666,0.15685431886549203,0.0
0.46892039258451473,0.6666666666666666,1.0,1.0,0.5,0.3888888888888889,0.5,1.0,0.5,0.3333333333333333,0.2,0.6666666666666666,0.0,1.0,0.6666666666666666,0.6666666666666666,1.0,0.28505944707062025,0.0
0.46946564885496184,0.6666666666666666,0.5,0.38461538461538464,0.6666666666666666,0.2222222222222222,0.0,1.0,0.0,0.3333333333333333,0.4,0.3333333333333333,0.16666666666666666,0.0,1.0,0.6666666666666666,0.0,0.4883254548059018,0.0
0.47001090512540894,0.6666666666666666,1.0,0.6923076923076923,0.5,0.16666666666666669,1.0,1.0,1.0,0.3333333333333333,0.2,1.0,0.08333333333333333,0.6666666666666666,0.0,0.6666666666666666,0.6666666666666666,0.13794585302965193,0.0
0.4705561613958561,0.3333333333333333,0.0,0.46153846153846156,0.16666666666666666,0.4444444444444445,0.5,0.3333333333333333,1.0,0.0,0.6000000000000001,0.0,0.0,0.3333333333333333,0.0,0.3333333333333333,0.3333333333333333,0.1938117748173614,0.0
0.4711014176663032,0.6666666666666666,1.0,0.07692307692307693,0.3333333333333333,1.0,0.5,0.3333333333333333,1.0,0.3333333333333333,0.6000000000000001,0.0,0.08333333333333333,0.6666666666666666,1.0,0.6666666666666666,0.6666666666666666,0.5414697034808766,0.0
0.4716466739367503,0.3333333333333333,0.0,0.9230769230769231,0.16666666666666666,0.8333333333333333,0.0,1.0,1.0,0.0,0.8,0.3333333333333333,0.3333333333333333,0.3333333333333333,1.0,0.3333333333333333,0.3333333333333333,0.6130926801317862,0.0
0.4721919302071974,0.6666666666666666,1.0,0.0,0.6666666666666666,0.3333333333333333,1.0,0.3333333333333333,0.0,0.3333333333333333,0.4,0.6666666666666666,0.08333333333333333,0.0,0.3333333333333333,0.6666666666666666,0.0,0.3615527861337917,0.0
0.4727371864776445,1.0,0.5,0.23076923076923078,0.6666666666666666,0.05555555555555555,1.0,0.6666666666666666,0.5,1.0,0.2,1.0,0.25,0.3333333333333333,0.0,1.0,0.3333333333333333,0.8123478011746168,0.0
0.4738276990185387,1.0,0.0,0.3076923076923077,0.6666666666666666,0.4444444444444445,0.0,1.0,0.5,1.0,0.0,0.3333333333333333,0.3333333333333333,0.3333333333333333,0.6666666666666666,1.0,0.3333333333333333,0.8606216874373299,0.0
0.4743729552889858,0.3333333333333333,0.0,0.6153846153846154,0.5,0.16666666666666669,0.0,0.6666666666666666,0.0,0.0,0.2,1.0,0.08333333333333333,1.0,0.6666666666666666,0.3333333333333333,1.0,0.39664804469273746,0.0
0.474918211559433,0.6666666666666666,1.0,0.15384615384615385,0.5,0.4444444444444445,1.0,0.3333333333333333,0.5,0.3333333333333333,1.0,0.0,0.08333333333333333,1.0,0.6666666666666666,0.6666666666666666,1.0,0.23119896862913625,0.0
0.4754634678298801,0.3333333333333333,0.0,0.6153846153846154,0.5,0.3333333333333333,0.0,1.0,0.5,0.0,0.2,0.3333333333333333,0.3333333333333333,1.0,0.0,0.3333333333333333,1.0,0.5714081077209568,0.0
0.4760087241003272,0.3333333333333333,0.5,0.8461538461538463,0.3333333333333333,0.2222222222222222,0.5,0.0,0.0,0.0,0.0,1.0,0.25,0.0,0.3333333333333333,0.3333333333333333,0.0,0.37716659504369,0.0
0.4765539803707743,0.3333333333333333,1.0,0.07692307692307693,0.3333333333333333,0.8888888888888888,0.5,1.0,1.0,0.0,0.2,0.6666666666666666,0.0,0.0,0.0,0.3333333333333333,0.0,0.3679988540323736,0.0
0.4770992366412214,0.6666666666666666,0.5,0.7692307692307693,0.6666666666666666,0.27777777777777773,0.0,1.0,1.0,0.3333333333333333,0.0,1.0,0.16666666666666666,0.6666666666666666,0.3333333333333333,0.6666666666666666,0.6666666666666666,0.26228334049563096,0.0
0.4776444929116685,0.3333333333333333,1.0,0.6153846153846154,0.3333333333333333,1.0,1.0,0.6666666666666666,1.0,0.0,0.4,0.6666666666666666,0.16666666666666666,0.3333333333333333,1.0,0.3333333333333333,0.3333333333333333,0.4029508666380175,0.0
0.4781897491821156,0.3333333333333333,1.0,0.07692307692307693,0.16666666666666666,0.9444444444444444,0.5,1.0,0.5,0.0,0.6000000000000001,0.0,0.25,0.0,0.6666666666666666,0.3333333333333333,0.0,0.6507663658501648,0.0
0.4787350054525627,0.3333333333333333,0.5,0.6153846153846154,0.16666666666666666,0.3333333333333333,1.0,0.6666666666666666,0.0,0.0,1.0,0.0,0.0,0.6666666666666666,0.3333333333333333,0.3333333333333333,0.6666666666666666,0.267010456954591,0.0
0.47982551799345696,0.6666666666666666,0.0,0.6153846153846154,0.3333333333333333,0.6111111111111112,0.0,0.3333333333333333,0.0,0.3333333333333333,1.0,0.3333333333333333,0.16666666666666666,0.0,0.3333333333333333,0.6666666666666666,0.0,0.34250107434464977,0.0
0.48037077426390407,0.6666666666666666,0.5,0.46153846153846156,0.5,0.27777777777777773,1.0,0.6666666666666666,0.5,0.3333333333333333,0.8,0.3333333333333333,0.0,1.0,1.0,0.6666666666666666,1.0,0.32430883827531876,0.0
0.48091603053435117,0.3333333333333333,0.0,0.9230769230769231,0.5,0.9444444444444444,0.5,0.3333333333333333,0.0,0.0,1.0,0.6666666666666666,0.16666666666666666,1.0,1.0,0.3333333333333333,1.0,0.4509382609941269,0.0
0.48146128680479827,1.0,0.5,0.38461538461538464,0.6666666666666666,0.7777777777777777,0.0,0.6666666666666666,0.0,1.0,0.2,1.0,0.16666666666666666,0.3333333333333333,0.3333333333333333,1.0,0.3333333333333333,0.6900157570548632,0.0
0.4820065430752454,0.0,0.0,0.8461538461538463,0.0,0.49999999999999994,0.0,1.0,1.0,0.6666666666666666,0.2,1.0,0.3333333333333333,0.6666666666666666,0.0,0.0,0.6666666666666666,0.9989972783268872,0.0
0.4825517993456925,0.3333333333333333,0.0,0.6923076923076923,0.16666666666666666,0.7222222222222221,1.0,0.3333333333333333,1.0,0.0,0.2,0.6666666666666666,0.16666666666666666,0.0,0.3333333333333333,0.3333333333333333,0.0,0.40753473714367566,0.0
0.4830970556161396,0.6666666666666666,0.5,0.8461538461538463,0.3333333333333333,0.4444444444444445,0.5,0.3333333333333333,1.0,0.3333333333333333,0.6000000000000001,1.0,0.25,1.0,1.0,0.6666666666666666,1.0,0.3942128634866065,0.0
0.48364231188658674,0.3333333333333333,0.5,0.15384615384615385,0.5,0.5555555555555556,0.5,0.3333333333333333,0.5,0.0,1.0,0.0,0.0,1.0,0.6666666666666666,0.3333333333333333,1.0,0.3291792006875806,0.0
0.48473282442748095,0.3333333333333333,0.0,0.6153846153846154,0.5,0.4444444444444445,1.0,0.6666666666666666,1.0,0.0,1.0,0.3333333333333333,0.08333333333333333,0.3333333333333333,1.0,0.3333333333333333,0.3333333333333333,0.12304827388626272,0.0
0.48527808069792805,0.0,0.0,0.23076923076923078,0.16666666666666666,0.7222222222222221,0.0,0.0,0.5,0.6666666666666666,0.2,0.3333333333333333,0.08333333333333333,0.0,0.0,0.0,0.0,0.6553502363558229,0.0
0.48582333696837515,0.6666666666666666,0.0,0.15384615384615385,0.3333333333333333,0.27777777777777773,0.5,0.0,0.0,0.3333333333333333,0.8,0.3333333333333333,0.3333333333333333,0.6666666666666666,0.0,0.6666666666666666,0.6666666666666666,0.4311703194384759,0.0
0.48636859323882226,0.6666666666666666,0.0,0.7692307692307693,0.5,0.8333333333333333,0.5,0.3333333333333333,0.0,0.3333333333333333,0.8,0.6666666666666666,0.08333333333333333,1.0,0.0,0.6666666666666666,1.0,0.32373585446211145,0.0
0.48691384950926936,0.3333333333333333,0.0,0.5384615384615385,0.16666666666666666,0.05555555555555555,1.0,0.6666666666666666,0.5,0.0,0.0,0.6666666666666666,0.25,1.0,0.0,0.3333333333333333,1.0,0.761495487752471,0.0
0.48745910577971646,0.3333333333333333,0.5,0.46153846153846156,0.16666666666666666,0.7777777777777777,1.0,0.0,0.0,0.0,0.0,0.6666666666666666,0.0,1.0,0.6666666666666666,0.3333333333333333,1.0,0.4227188081936685,0.0
0.4880043620501636,0.0,1.0,0.07692307692307693,0.16666666666666666,0.3888888888888889,0.5,0.0,0.0,0.6666666666666666,0.2,0.6666666666666666,0.16666666666666666,0.0,1.0,0.0,0.0,0.7494628276751182,0.0
0.4885496183206107,0.3333333333333333,0.0,0.5384615384615385,0.16666666666666666,0.8333333333333333,0.5,0.3333333333333333,1.0,0.0,0.8,1.0,0.16666666666666666,0.6666666666666666,0.3333333333333333,0.3333333333333333,0.6666666666666666,0.37458816788425725,0.0
0.4890948745910578,0.6666666666666666,1.0,0.0,0.3333333333333333,0.1111111111111111,0.0,1.0,1.0,0.3333333333333333,0.8,1.0,0.08333333333333333,0.3333333333333333,0.3333333333333333,0.6666666666666666,0.3333333333333333,0.29967053430740587,0.0
0.49018538713195203,0.3333333333333333,1.0,0.6153846153846154,0.3333333333333333,0.49999999999999994,0.5,0.3333333333333333,0.0,0.0,1.0,0.0,0.25,0.0,0.0,0.3333333333333333,0.0,0.31227617819796594,0.0
0.49073064340239914,0.6666666666666666,1.0,0.38461538461538464,0.5,0.27777777777777773,0.0,0.6666666666666666,0.0,0.3333333333333333,0.0,1.0,0.3333333333333333,0.0,0.6666666666666666,0.6666666666666666,0.0,0.5267153702907893,0.0
0.49127589967284624,0.6666666666666666,0.5,0.6923076923076923,0.3333333333333333,0.3888888888888889,1.0,0.0,1.0,0.3333333333333333,0.2,0.6666666666666666,0.25,0.3333333333333333,0.0,0.6666666666666666,0.3333333333333333,0.3111302105715513,0.0
0.4918211559432934,0.6666666666666666,0.5,0.6153846153846154,0.5,0.27777777777777773,1.0,0.6666666666666666,0.0,0.3333333333333333,0.4,0.3333333333333333,0.25,1.0,0.3333333333333333,0.6666666666666666,1.0,0.34020913909182066,0.0
0.4923664122137405,0.6666666666666666,0.5,0.7692307692307693,0.3333333333333333,0.6666666666666665,1.0,0.0,1.0,0.3333333333333333,0.0,1.0,0.0,0.3333333333333333,1.0,0.6666666666666666,0.3333333333333333,0.14281621544191378,0.0
0.4929116684841876,0.6666666666666666,0.0,0.9230769230769231,0.3333333333333333,1.0,0.0,0.0,0.0,0.3333333333333333,0.2,1.0,0.0,0.3333333333333333,0.3333333333333333,0.6666666666666666,0.3333333333333333,0.5116745451940983,0.0
0.4934569247546347,0.6666666666666666,1.0,0.15384615384615385,0.5,0.6111111111111112,0.0,1.0,0.5,0.3333333333333333,0.6000000000000001,0.6666666666666666,0.08333333333333333,1.0,0.3333333333333333,0.6666666666666666,1.0,0.22905027932960895,0.0
0.4940021810250818,0.3333333333333333,1.0,0.0,0.16666666666666666,0.27777777777777773,0.5,0.0,0.0,0.0,0.0,1.0,0.08333333333333333,0.0,1.0,0.3333333333333333,0.0,0.28563243088382756,0.0
0.4945474372955289,0.6666666666666666,0.0,0.5384615384615385,0.6666666666666666,0.27777777777777773,0.5,0.6666666666666666,0.5,0.3333333333333333,0.0,0.0,0.16666666666666666,0.3333333333333333,0.6666666666666666,0.6666666666666666,0.3333333333333333,0.3635582294800172,0.0
0.495092693565976,0.6666666666666666,0.5,0.6153846153846154,0.6666666666666666,0.6666666666666665,0.0,0.0,0.0,0.3333333333333333,0.8,0.3333333333333333,0.25,0.0,1.0,0.6666666666666666,0.0,0.43647041971064315,0.0
0.4967284623773174,1.0,0.5,0.0,0.6666666666666666,0.8888888888888888,0.5,0.0,0.0,1.0,0.2,1.0,0.3333333333333333,1.0,0.3333333333333333,1.0,1.0,0.9510098839707778,0.0
0.4972737186477645,0.3333333333333333,0.5,0.15384615384615385,0.5,0.1111111111111111,0.5,1.0,1.0,0.0,0.2,0.6666666666666666,0.08333333333333333,1.0,1.0,0.3333333333333333,1.0,0.5175476292794728,0.0
0.4978189749182116,0.3333333333333333,0.5,1.0,0.16666666666666666,0.16666666666666669,0.0,1.0,0.0,0.0,1.0,0.6666666666666666,0.08333333333333333,0.3333333333333333,0.0,0.3333333333333333,0.3333333333333333,0.2667239650479874,0.0
0.4983642311886587,0.3333333333333333,0.0,0.07692307692307693,0.3333333333333333,0.8333333333333333,1.0,1.0,0.5,0.0,1.0,1.0,0.3333333333333333,1.0,1.0,0.3333333333333333,1.0,0.592751754762928,0.0
0.4989094874591058,0.0,0.5,1.0,0.16666666666666666,0.7777777777777777,0.0,0.6666666666666666,0.0,0.6666666666666666,0.6000000000000001,0.3333333333333333,0.08333333333333333,0.3333333333333333,0.6666666666666666,0.0,0.3333333333333333,0.606933104139808,0.0
0.4994547437295529,0.3333333333333333,0.5,0.6923076923076923,0.16666666666666666,0.1111111111111111,1.0,0.3333333333333333,1.0,0.0,1.0,0.0,0.3333333333333333,0.3333333333333333,1.0,0.3333333333333333,0.3333333333333333,0.5991978226615098,0.0
0.5,0.6666666666666666,0.0,0.38461538461538464,0.6666666666666666,0.49999999999999994,1.0,0.3333333333333333,0.5,0.3333333333333333,0.8,0.0,0.25,0.0,0.0,0.6666666666666666,0.0,0.4851740438332617,0.0
0.5005452562704471,0.3333333333333333,1.0,0.6923076923076923,0.16666666666666666,1.0,1.0,0.6666666666666666,0.5,0.0,1.0,0.3333333333333333,0.16666666666666666,1.0,0.6666666666666666,0.3333333333333333,1.0,0.6639449935539321,0.0
0.5010905125408942,1.0,0.5,0.6153846153846154,0.8333333333333333,0.49999999999999994,1.0,1.0,1.0,1.0,0.2,0.6666666666666666,0.08333333333333333,1.0,1.0,1.0,1.0,0.996132359260851,0.0
0.5021810250817884,0.6666666666666666,1.0,0.5384615384615385,0.3333333333333333,0.3888888888888889,0.5,0.0,0.5,0.3333333333333333,0.0,0.6666666666666666,0.3333333333333333,0.3333333333333333,0.3333333333333333,0.6666666666666666,0.3333333333333333,0.501504082509669,0.0
0.5027262813522356,0.6666666666666666,0.0,0.23076923076923078,0.6666666666666666,0.7777777777777777,1.0,0.3333333333333333,0.5,0.3333333333333333,0.8,0.3333333333333333,0.16666666666666666,0.6666666666666666,1.0,0.6666666666666666,0.6666666666666666,0.3144248674974932,0.0
0.5032715376226827,0.3333333333333333,1.0,0.0,0.5,1.0,0.0,0.3333333333333333,0.5,0.0,0.4,0.0,0.3333333333333333,1.0,0.3333333333333333,0.3333333333333333,1.0,0.791577137945853,0.0
0.5038167938931298,0.3333333333333333,1.0,0.3076923076923077,0.3333333333333333,0.49999999999999994,0.5,0.0,1.0,0.0,0.6000000000000001,0.6666666666666666,0.08333333333333333,0.6666666666666666,1.0,0.3333333333333333,0.6666666666666666,0.06130926801317863,0.0
0.5043620501635769,0.3333333333333333,0.0,1.0,0.3333333333333333,0.5555555555555556,0.0,1.0,1.0,0.0,1.0,1.0,0.16666666666666666,1.0,1.0,0.3333333333333333,1.0,0.2592751754762928,0.0
0.504907306434024,0.6666666666666666,0.0,0.7692307692307693,0.6666666666666666,0.3888888888888889,0.5,0.0,0.0,0.3333333333333333,0.8,0.0,0.25,0.3333333333333333,0.3333333333333333,0.6666666666666666,0.3333333333333333,0.4241512677266867,0.0
0.5054525627044711,0.3333333333333333,0.5,0.6153846153846154,0.5,1.0,1.0,0.3333333333333333,1.0,0.0,0.4,1.0,0.16666666666666666,0.3333333333333333,1.0,0.3333333333333333,0.3333333333333333,0.3807477438762355,0.0
0.5059978189749182,0.3333333333333333,1.0,0.3076923076923077,0.16666666666666666,0.05555555555555555,0.5,1.0,1.0,0.0,0.4,0.3333333333333333,0.0,0.6666666666666666,0.3333333333333333,0.3333333333333333,0.6666666666666666,0.4946282767511818,0.0
0.5065430752453653,0.3333333333333333,1.0,0.8461538461538463,0.3333333333333333,0.7222222222222221,1.0,0.3333333333333333,0.5,0.0,1.0,1.0,0.25,0.0,0.0,0.3333333333333333,0.0,0.3276034952012606,0.0
0.5076335877862596,0.3333333333333333,0.0,0.23076923076923078,0.5,0.1111111111111111,0.0,1.0,1.0,0.0,1.0,0.6666666666666666,0.16666666666666666,1.0,0.6666666666666666,0.3333333333333333,1.0,0.5123907749606074,0.0
0.5081788440567067,0.6666666666666666,0.5,0.3076923076923077,0.6666666666666666,0.9444444444444444,0.0,0.3333333333333333,0.5,0.3333333333333333,1.0,0.3333333333333333,0.16666666666666666,0.0,0.3333333333333333,0.6666666666666666,0.0,0.5976221171751898,0.0
0.5087241003271538,0.0,0.5,0.3076923076923077,0.0,0.6111111111111112,1.0,0.0,1.0,0.6666666666666666,0.0,1.0,0.25,0.6666666666666666,1.0,0.0,0.6666666666666666,0.9210714797306976,0.0
0.5092693565976009,0.6666666666666666,0.0,1.0,0.5,0.2222222222222222,0.5,1.0,0.5,0.3333333333333333,0.4,0.3333333333333333,0.08333333333333333,0.6666666666666666,0.3333333333333333,0.6666666666666666,0.6666666666666666,0.10156138089098983,0.0
0.509814612868048,0.6666666666666666,0.0,0.38461538461538464,0.6666666666666666,0.7777777777777777,0.5,0.0,0.0,0.3333333333333333,0.8,0.3333333333333333,0.08333333333333333,0.0,0.0,0.6666666666666666,0.0,0.3876235496347228,0.0
0.5103598691384951,0.3333333333333333,0.5,0.07692307692307693,0.16666666666666666,0.05555555555555555,0.0,1.0,1.0,0.0,0.6000000000000001,0.3333333333333333,0.08333333333333333,0.6666666666666666,0.0,0.3333333333333333,0.6666666666666666,0.45552213149978515,0.0
0.5109051254089422,1.0,0.5,0.9230769230769231,0.5,0.6666666666666665,1.0,0.3333333333333333,0.5,1.0,0.0,0.0,0.0,0.0,0.0,1.0,0.0,0.5005013608365564,0.0
0.5114503816793894,0.3333333333333333,0.0,0.07692307692307693,0.16666666666666666,0.9444444444444444,0.0,1.0,1.0,0.0,0.6000000000000001,1.0,0.0,1.0,1.0,0.3333333333333333,1.0,0.5964761495487753,0.0
0.5119956379498365,0.0,1.0,1.0,0.16666666666666666,0.5555555555555556,1.0,1.0,1.0,0.6666666666666666,1.0,0.0,0.08333333333333333,1.0,1.0,0.0,1.0,0.9104712791863631,0.0
0.5125408942202836,0.6666666666666666,1.0,1.0,0.5,1.0,0.5,0.6666666666666666,0.5,0.3333333333333333,0.4,1.0,0.08333333333333333,0.0,0.3333333333333333,0.6666666666666666,0.0,0.5360263572554076,0.0
0.5136314067611778,1.0,0.5,0.0,0.5,0.3333333333333333,0.5,0.3333333333333333,1.0,1.0,0.8,1.0,0.0,1.0,0.3333333333333333,1.0,1.0,0.6805615241369432,0.0
0.5141766630316249,0.6666666666666666,0.0,0.5384615384615385,0.6666666666666666,0.6666666666666665,1.0,0.6666666666666666,1.0,0.3333333333333333,0.8,0.6666666666666666,0.08333333333333333,0.6666666666666666,0.3333333333333333,0.6666666666666666,0.6666666666666666,0.24294513679988541,0.0
0.514721919302072,0.6666666666666666,1.0,1.0,0.3333333333333333,0.8888888888888888,0.5,0.6666666666666666,1.0,0.3333333333333333,0.0,0.6666666666666666,0.08333333333333333,0.3333333333333333,0.3333333333333333,0.6666666666666666,0.3333333333333333,0.2946569259418422,0.0
0.5152671755725191,0.6666666666666666,0.0,0.9230769230769231,0.5,0.05555555555555555,0.5,0.6666666666666666,0.5,0.3333333333333333,0.8,0.0,0.16666666666666666,0.6666666666666666,0.3333333333333333,0.6666666666666666,0.6666666666666666,0.3387766795588024,0.0
0.5158124318429662,0.6666666666666666,0.0,0.38461538461538464,0.3333333333333333,0.3333333333333333,0.5,1.0,0.0,0.3333333333333333,1.0,0.3333333333333333,0.3333333333333333,1.0,0.6666666666666666,0.6666666666666666,1.0,0.6277037673685718,0.0
0.5163576881134133,0.6666666666666666,0.0,1.0,0.6666666666666666,0.9444444444444444,0.5,0.0,0.0,0.3333333333333333,0.6000000000000001,0.3333333333333333,0.3333333333333333,0.6666666666666666,1.0,0.6666666666666666,0.6666666666666666,0.6175333046841427,0.0
0.5169029443838604,0.3333333333333333,0.5,0.9230769230769231,0.5,0.16666666666666669,0.5,0.0,0.5,0.0,0.4,1.0,0.08333333333333333,0.0,0.3333333333333333,0.3333333333333333,0.0,0.296375877381464,0.0
0.5174482006543075,0.3333333333333333,1.0,0.0,0.16666666666666666,0.0,1.0,0.0,0.0,0.0,0.6000000000000001,0.6666666666666666,0.08333333333333333,0.3333333333333333,0.0,0.3333333333333333,0.3333333333333333,0.4982094255837273,0.0
0.5179934569247546,0.3333333333333333,0.0,0.6923076923076923,0.3333333333333333,0.8333333333333333,1.0,0.3333333333333333,1.0,0.0,1.0,0.6666666666666666,0.16666666666666666,0.3333333333333333,0.6666666666666666,0.3333333333333333,0.3333333333333333,0.19080360979802322,0.0
0.5190839694656488,1.0,1.0,0.9230769230769231,1.0,0.3333333333333333,0.0,0.6666666666666666,0.5,1.0,0.8,1.0,0.0,0.3333333333333333,0.0,1.0,0.3333333333333333,0.945280045838705,0.0
0.5196292257360959,0.6666666666666666,0.0,0.23076923076923078,0.5,0.1111111111111111,0.5,1.0,0.5,0.3333333333333333,0.0,0.3333333333333333,0.0,0.6666666666666666,0.3333333333333333,0.6666666666666666,0.6666666666666666,0.2316287064890417,0.0
0.5201744820065431,0.6666666666666666,1.0,0.7692307692307693,0.5,0.1111111111111111,1.0,0.3333333333333333,0.0,0.3333333333333333,1.0,0.6666666666666666,0.3333333333333333,0.0,0.3333333333333333,0.6666666666666666,0.0,0.6158143532445208,0.0
0.5207197382769903,0.6666666666666666,0.0,0.0,0.3333333333333333,0.4444444444444445,0.5,0.0,0.5,0.3333333333333333,0.8,0.0,0.0,0.3333333333333333,0.3333333333333333,0.6666666666666666,0.3333333333333333,0.13952155851597192,0.0
0.5212649945474374,0.6666666666666666,0.5,0.15384615384615385,0.3333333333333333,0.7777777777777777,0.5,0.0,0.0,0.3333333333333333,0.2,0.3333333333333333,0.08333333333333333,1.0,0.3333333333333333,0.6666666666666666,1.0,0.4076779830969775,0.0
0.5218102508178845,0.3333333333333333,0.0,0.5384615384615385,0.3333333333333333,0.7222222222222221,1.0,0.3333333333333333,0.0,0.0,0.6000000000000001,0.0,0.08333333333333333,0.3333333333333333,0.6666666666666666,0.3333333333333333,0.3333333333333333,0.10113164303108436,0.0
0.5223555070883316,0.3333333333333333,0.5,0.5384615384615385,0.5,0.7222222222222221,0.5,0.6666666666666666,0.0,0.0,0.4,1.0,0.3333333333333333,1.0,0.6666666666666666,0.3333333333333333,1.0,0.5456238361266295,0.0
0.5229007633587787,0.3333333333333333,0.0,0.3076923076923077,0.5,0.16666666666666669,1.0,1.0,1.0,0.0,0.8,1.0,0.0,1.0,1.0,0.3333333333333333,1.0,0.436613665663945,0.0
0.5234460196292258,0.3333333333333333,1.0,0.07692307692307693,0.3333333333333333,0.7222222222222221,0.5,0.3333333333333333,0.0,0.0,0.4,0.6666666666666666,0.3333333333333333,0.6666666666666666,1.0,0.3333333333333333,0.6666666666666666,0.4119753616960321,0.0
0.5239912758996729,1.0,1.0,0.8461538461538463,0.8333333333333333,0.16666666666666669,1.0,1.0,0.0,1.0,0.0,0.0,0.0,0.6666666666666666,0.6666666666666666,1.0,0.6666666666666666,0.9323879100415414,0.0
0.5250817884405671,0.6666666666666666,1.0,0.15384615384615385,0.3333333333333333,0.4444444444444445,1.0,0.6666666666666666,0.5,0.3333333333333333,1.0,0.6666666666666666,0.08333333333333333,0.0,0.0,0.6666666666666666,0.0,0.24724251539894002,0.0
0.5256270447110142,0.3333333333333333,0.0,0.07692307692307693,0.5,0.6666666666666665,0.5,1.0,0.5,0.0,0.2,0.3333333333333333,0.08333333333333333,0.3333333333333333,0.6666666666666666,0.3333333333333333,0.3333333333333333,0.0856610800744879,0.0
0.5261723009814613,0.6666666666666666,0.0,0.46153846153846156,0.5,0.6666666666666665,0.5,0.6666666666666666,1.0,0.3333333333333333,0.0,0.6666666666666666,0.16666666666666666,0.3333333333333333,0.3333333333333333,0.6666666666666666,0.3333333333333333,0.18507377166595043,0.0
0.5267175572519084,1.0,1.0,0.07692307692307693,0.5,0.6111111111111112,0.5,1.0,0.5,1.0,0.0,0.0,0.25,0.0,0.6666666666666666,1.0,0.0,0.7070620254977796,0.0
0.5272628135223555,0.0,1.0,0.6153846153846154,0.16666666666666666,0.7777777777777777,1.0,0.3333333333333333,1.0,0.6666666666666666,0.0,0.6666666666666666,0.08333333333333333,0.0,0.0,0.0,0.0,0.6817074917633578,0.0
0.5278080697928026,0.0,0.5,0.6153846153846154,0.16666666666666666,0.6111111111111112,0.0,0.0,0.0,0.6666666666666666,0.0,0.6666666666666666,0.08333333333333333,0.3333333333333333,0.3333333333333333,0.0,0.3333333333333333,0.5651052857756769,0.0
0.5283533260632498,0.6666666666666666,0.0,0.46153846153846156,0.5,0.8888888888888888,1.0,0.6666666666666666,1.0,0.3333333333333333,0.0,1.0,0.16666666666666666,0.0,0.6666666666666666,0.6666666666666666,0.0,0.3867640739149119,0.0
0.5288985823336969,0.3333333333333333,0.0,0.6923076923076923,0.5,0.7222222222222221,0.5,1.0,0.0,0.0,0.6000000000000001,0.0,0.0,0.3333333333333333,0.6666666666666666,0.3333333333333333,0.3333333333333333,0.16960320870935397,0.0
0.529443838604144,0.3333333333333333,0.0,0.7692307692307693,0.5,0.7222222222222221,1.0,0.0,1.0,0.0,0.0,0.6666666666666666,0.25,0.6666666666666666,0.6666666666666666,0.3333333333333333,0.6666666666666666,0.2661509812347801,0.0
0.5299890948745911,0.3333333333333333,0.5,0.5384615384615385,0.16666666666666666,0.27777777777777773,0.0,0.3333333333333333,1.0,0.0,0.8,0.3333333333333333,0.08333333333333333,0.6666666666666666,0.6666666666666666,0.3333333333333333,0.6666666666666666,0.2644320297951583,0.0
0.5310796074154853,0.6666666666666666,1.0,0.15384615384615385,0.3333333333333333,0.49999999999999994,1.0,1.0,0.0,0.3333333333333333,0.8,0.3333333333333333,0.08333333333333333,0.3333333333333333,0.0,0.6666666666666666,0.3333333333333333,0.16186792723105572,0.0
0.5316248636859324,0.6666666666666666,0.0,0.5384615384615385,0.6666666666666666,0.9444444444444444,0.5,0.6666666666666666,0.0,0.3333333333333333,1.0,0.6666666666666666,0.0,0.0,1.0,0.6666666666666666,0.0,0.5390345222747458,0.0
0.5321701199563795,0.0,0.0,0.07692307692307693,0.0,0.5555555555555556,0.5,1.0,0.5,0.6666666666666666,0.0,0.6666666666666666,0.0,0.0,0.0,0.0,0.0,0.9618965764217162,0.0
0.5327153762268266,0.6666666666666666,1.0,0.9230769230769231,0.6666666666666666,0.7777777777777777,0.5,1.0,0.0,0.3333333333333333,1.0,0.6666666666666666,0.25,0.6666666666666666,0.0,0.6666666666666666,0.6666666666666666,0.3879100415413264,0.0
0.5332606324972737,1.0,0.0,0.6923076923076923,0.6666666666666666,0.1111111111111111,1.0,0.3333333333333333,0.5,1.0,1.0,0.3333333333333333,0.0,0.3333333333333333,0.3333333333333333,1.0,0.3333333333333333,0.6214009454232918,0.0
0.5338058887677208,0.3333333333333333,1.0,0.23076923076923078,0.16666666666666666,0.8333333333333333,0.0,0.0,1.0,0.0,0.0,1.0,0.0,0.6666666666666666,0.3333333333333333,0.3333333333333333,0.6666666666666666,0.358974358974359,0.0
0.5343511450381679,0.6666666666666666,0.0,1.0,0.6666666666666666,0.1111111111111111,0.5,0.3333333333333333,1.0,0.3333333333333333,0.0,1.0,0.25,1.0,1.0,0.6666666666666666,1.0,0.5957599197822662,0.0
0.534896401308615,0.6666666666666666,1.0,0.6153846153846154,0.3333333333333333,0.16666666666666669,0.0,0.6666666666666666,0.5,0.3333333333333333,0.4,1.0,0.3333333333333333,1.0,1.0,0.6666666666666666,1.0,0.6996132359260852,0.0
0.5354416575790621,0.3333333333333333,0.0,0.5384615384615385,0.3333333333333333,0.16666666666666669,0.5,1.0,0.0,0.0,0.4,0.3333333333333333,0.0,0.0,1.0,0.3333333333333333,0.0,0.18822518263859048,0.0
0.5365321701199564,0.6666666666666666,0.5,0.0,0.6666666666666666,1.0,0.0,0.6666666666666666,0.5,0.3333333333333333,0.2,0.6666666666666666,0.08333333333333333,0.6666666666666666,0.0,0.6666666666666666,0.6666666666666666,0.5206990402521129,0.0
0.5370774263904036,0.6666666666666666,0.0,0.46153846153846156,0.3333333333333333,0.6111111111111112,0.0,0.3333333333333333,0.5,0.3333333333333333,0.4,0.3333333333333333,0.08333333333333333,1.0,0.0,0.6666666666666666,1.0,0.3045408967196677,0.0
0.5376226826608507,0.6666666666666666,0.0,0.23076923076923078,0.5,0.1111111111111111,1.0,0.3333333333333333,0.0,0.3333333333333333,1.0,1.0,0.16666666666666666,0.0,1.0,0.6666666666666666,0.0,0.43002435181206133,0.0
0.5381679389312978,0.3333333333333333,1.0,0.07692307692307693,0.5,0.7777777777777777,1.0,0.6666666666666666,1.0,0.0,0.4,0.0,0.25,0.6666666666666666,0.0,0.3333333333333333,0.6666666666666666,0.2737430167597765,0.0
0.5387131952017449,0.3333333333333333,0.0,1.0,0.16666666666666666,0.49999999999999994,1.0,0.6666666666666666,1.0,0.0,0.2,0.0,0.16666666666666666,0.0,1.0,0.3333333333333333,0.0,0.2993840424008022,0.0
0.539258451472192,0.3333333333333333,1.0,1.0,0.5,0.7777777777777777,0.0,0.0,1.0,0.0,0.0,0.3333333333333333,0.25,0.3333333333333333,0.0,0.3333333333333333,0.3333333333333333,0.24423435037960178,0.0
0.5398037077426391,0.6666666666666666,1.0,0.46153846153846156,0.3333333333333333,0.16666666666666669,0.5,0.3333333333333333,0.5,0.3333333333333333,0.0,0.0,0.25,0.0,0.3333333333333333,0.6666666666666666,0.0,0.4830253545337344,0.0
0.5403489640130862,0.3333333333333333,0.0,0.38461538461538464,0.16666666666666666,0.3888888888888889,0.0,0.0,1.0,0.0,0.0,0.3333333333333333,0.0,0.0,0.0,0.3333333333333333,0.0,0.21472568399942701,0.0
0.5408942202835333,0.6666666666666666,0.5,0.7692307692307693,0.3333333333333333,0.2222222222222222,0.5,1.0,1.0,0.3333333333333333,1.0,0.3333333333333333,0.08333333333333333,0.0,0.6666666666666666,0.6666666666666666,0.0,0.29179200687580575,0.0
0.5419847328244275,0.3333333333333333,1.0,0.46153846153846156,0.16666666666666666,0.2222222222222222,0.5,0.0,1.0,0.0,1.0,0.6666666666666666,0.3333333333333333,0.3333333333333333,0.3333333333333333,0.3333333333333333,0.3333333333333333,0.543618392780404,0.0
0.5425299890948746,1.0,0.0,0.9230769230769231,0.8333333333333333,0.8888888888888888,0.5,0.6666666666666666,0.0,1.0,0.0,0.3333333333333333,0.16666666666666666,0.6666666666666666,0.0,1.0,0.6666666666666666,0.9838132072768946,0.0
0.5430752453653217,0.3333333333333333,0.0,0.38461538461538464,0.16666666666666666,0.3333333333333333,1.0,0.3333333333333333,0.5,0.0,1.0,0.6666666666666666,0.25,0.6666666666666666,0.3333333333333333,0.3333333333333333,0.6666666666666666,0.3257412978083369,0.0
0.5436205016357688,1.0,0.5,1.0,0.8333333333333333,0.7777777777777777,1.0,0.6666666666666666,0.0,1.0,0.8,0.3333333333333333,0.25,0.3333333333333333,1.0,1.0,0.3333333333333333,0.9495774244377597,0.0
0.5441657579062159,0.3333333333333333,0.5,0.3076923076923077,0.5,0.5555555555555556,0.0,0.3333333333333333,0.5,0.0,0.4,1.0,0.25,0.6666666666666666,0.0,0.3333333333333333,0.6666666666666666,0.1952442343503796,0.0
0.544711014176663,0.3333333333333333,0.0,0.8461538461538463,0.5,0.0,1.0,0.3333333333333333,0.5,0.0,0.4,1.0,0.3333333333333333,0.0,1.0,0.3333333333333333,0.0,0.8596189657642171,0.0
0.5452562704471101,0.6666666666666666,1.0,0.15384615384615385,0.3333333333333333,0.7222222222222221,0.0,0.6666666666666666,1.0,0.3333333333333333,0.0,1.0,0.25,0.0,0.6666666666666666,0.6666666666666666,0.0,0.3622690159003008,0.0
0.5458015267175573,0.3333333333333333,0.5,0.46153846153846156,0.5,1.0,0.0,1.0,0.5,0.0,0.8,0.3333333333333333,0.08333333333333333,1.0,0.6666666666666666,0.3333333333333333,1.0,0.6169603208709354,0.0
0.5468920392584515,0.6666666666666666,0.5,1.0,0.5,0.6666666666666665,0.5,0.6666666666666666,0.5,0.3333333333333333,0.2,0.3333333333333333,0.0,0.0,0.3333333333333333,0.6666666666666666,0.0,0.10915341641598625,0.0
0.5474372955288986,0.3333333333333333,0.0,0.23076923076923078,0.3333333333333333,0.7777777777777777,0.5,1.0,0.5,0.0,0.6000000000000001,0.3333333333333333,0.0,0.0,0.6666666666666666,0.3333333333333333,0.0,0.24609654777252543,0.0
0.5479825517993457,0.6666666666666666,1.0,1.0,0.5,0.6111111111111112,1.0,1.0,0.5,0.3333333333333333,0.2,1.0,0.25,1.0,0.6666666666666666,0.6666666666666666,1.0,0.2976650909611804,0.0
0.5485278080697928,0.3333333333333333,1.0,0.46153846153846156,0.5,0.2222222222222222,0.0,1.0,0.5,0.0,0.8,1.0,0.0,0.3333333333333333,0.6666666666666666,0.3333333333333333,0.3333333333333333,0.08379888268156424,0.0
0.54907306434024,0.3333333333333333,0.5,0.8461538461538463,0.3333333333333333,1.0,0.5,0.6666666666666666,0.5,0.0,0.0,1.0,0.08333333333333333,0.0,0.3333333333333333,0.3333333333333333,0.0,0.5615241369431314,0.0
0.549618320610687,0.6666666666666666,0.5,0.0,0.3333333333333333,0.49999999999999994,0.0,0.3333333333333333,1.0,0.3333333333333333,0.4,0.0,0.08333333333333333,0.0,0.3333333333333333,0.6666666666666666,0.0,0.24208566108007448,0.0
0.5501635768811342,0.3333333333333333,0.0,0.7692307692307693,0.16666666666666666,0.0,0.0,0.6666666666666666,0.5,0.0,0.0,1.0,0.08333333333333333,0.6666666666666666,0.6666666666666666,0.3333333333333333,0.6666666666666666,0.536456095115313,0.0
0.5507088331515813,0.0,0.5,0.07692307692307693,0.0,0.8333333333333333,0.5,0.6666666666666666,1.0,0.6666666666666666,0.4,1.0,0.25,0.6666666666666666,0.3333333333333333,0.0,0.6666666666666666,0.9494341784844579,0.0
0.5512540894220284,0.6666666666666666,1.0,0.8461538461538463,0.3333333333333333,1.0,0.5,1.0,0.0,0.3333333333333333,0.6000000000000001,0.0,0.0,0.3333333333333333,1.0,0.6666666666666666,0.3333333333333333,0.5116745451940983,0.0
0.5517993456924755,0.3333333333333333,0.5,0.9230769230769231,0.3333333333333333,0.7777777777777777,0.0,0.3333333333333333,1.0,0.0,0.6000000000000001,0.3333333333333333,0.16666666666666666,0.3333333333333333,0.3333333333333333,0.3333333333333333,0.3333333333333333,0.16673828964331758,0.0
0.5539803707742639,0.3333333333333333,0.5,0.8461538461538463,0.3333333333333333,0.4444444444444445,0.0,0.0,1.0,0.0,0.2,1.0,0.16666666666666666,0.3333333333333333,1.0,0.3333333333333333,0.3333333333333333,0.16143818937115026,0.0
