user_email,family_size,house_type,district,milk_packets,deliveries,oil_type,bottles,segregation,food_waste,compost,garden_waste,old_devices,batteries,disposal_method,family_size_encoded,batteries_encoded,fraud_probability,fraud_flag,carbon_points,fraud_household,carbon_level
0.0,0.3333333333333333,0.0,0.6923076923076923,0.3333333333333333,0.4444444444444445,1.0,0.0,0.0,0.0,0.6000000000000001,0.0,1.0,0.0,0.0,0.3333333333333333,0.0,0.61968199398367,0.0,52.32974910394267,0,AVERAGE
0.5534351145038168,0.3333333333333333,0.0,0.3846153846153846,0.3333333333333333,0.9444444444444444,0.5,1.0,0.5,0.0,0.2,0.0,0.0,0.6666666666666666,0.0,0.3333333333333333,0.6666666666666666,0.3465119610371007,0.0,84.5878136200717,0,EXCELLENT
0.6112322791712105,0.3333333333333333,0.5,0.4615384615384615,0.1666666666666666,0.9444444444444444,0.5,1.0,1.0,0.0,0.2,0.6666666666666666,0.0,0.3333333333333333,0.0,0.3333333333333333,0.3333333333333333,0.3240223463687151,0.0,79.21146953405022,0,GOOD
0.66793893129771,0.6666666666666666,1.0,0.6153846153846154,0.6666666666666666,0.8333333333333333,1.0,0.3333333333333333,0.0,0.0,0.4,0.3333333333333333,0.0,1.0,0.3333333333333333,0.6666666666666666,1.0,0.6298524566680991,0.0,49.46236559139779,0,AVERAGE
0.7235550708833152,0.6666666666666666,0.5,0.6153846153846154,0.6666666666666666,0.2777777777777777,0.0,1.0,0.5,0.0,1.0,0.3333333333333333,0.0,0.6666666666666666,0.0,0.6666666666666666,0.6666666666666666,0.3052571264861767,0.0,82.43727598566304,0,EXCELLENT
0.7758996728462377,0.6666666666666666,0.5,0.2307692307692307,0.6666666666666666,0.3888888888888889,0.5,0.6666666666666666,0.5,0.0,0.0,1.0,0.0,0.0,0.0,0.6666666666666666,0.0,0.2756052141527002,0.0,59.4982078853047,0,AVERAGE
0.8336968375136314,0.3333333333333333,0.0,0.7692307692307693,0.1666666666666666,0.1666666666666666,1.0,1.0,0.0,0.0,0.0,0.0,0.0,0.3333333333333333,0.3333333333333333,0.3333333333333333,0.3333333333333333,0.2160148975791433,0.0,97.84946236559144,0,EXCELLENT
0.8865866957470011,0.3333333333333333,0.0,0.3076923076923077,0.3333333333333333,0.7777777777777777,0.0,0.6666666666666666,1.0,0.0,0.0,1.0,0.0,0.6666666666666666,0.6666666666666666,0.3333333333333333,0.6666666666666666,0.195673972210285,0.0,60.93189964157705,0,GOOD
0.9443838604143948,0.3333333333333333,0.5,0.9230769230769232,0.5,0.0,0.5,1.0,1.0,0.0,0.6000000000000001,0.6666666666666666,0.0,1.0,0.3333333333333333,0.3333333333333333,1.0,0.7405815785704054,0.0,84.94623655913982,0,EXCELLENT
1.0,0.6666666666666666,0.0,0.1538461538461538,0.5,0.8888888888888888,1.0,0.0,1.0,0.0,0.4,0.3333333333333333,0.0833333333333333,0.3333333333333333,0.0,0.6666666666666666,0.3333333333333333,0.221028505944707,0.0,39.068100358422946,0,POOR
0.0534351145038168,0.0,0.5,0.1538461538461538,0.0,0.5555555555555556,0.0,1.0,0.0,0.0,0.0,0.6666666666666666,0.0,0.6666666666666666,0.0,0.0,0.6666666666666666,0.9427016186792724,0.0,87.4551971326165,0,EXCELLENT
0.1646673936750272,0.6666666666666666,0.5,1.0,0.5,0.3888888888888889,1.0,0.0,0.5,0.0,0.0,0.6666666666666666,0.0,0.0,0.3333333333333333,0.6666666666666666,0.0,0.0664661223320441,0.0,41.21863799283162,0,AVERAGE
0.2197382769901854,0.3333333333333333,0.0,0.4615384615384615,0.5,1.0,1.0,1.0,1.0,0.0,0.0,1.0,0.0,0.0,0.3333333333333333,0.3333333333333333,0.0,0.6000572983813207,0.0,67.74193548387096,0,GOOD
0.2742639040348964,0.6666666666666666,0.5,0.7692307692307693,0.5,0.9444444444444444,0.5,1.0,1.0,0.0,0.0,1.0,0.0,0.6666666666666666,0.3333333333333333,0.6666666666666666,0.6666666666666666,0.3711502650050136,0.0,68.45878136200719,0,GOOD
0.3282442748091603,0.6666666666666666,0.5,0.8461538461538463,0.5,0.3333333333333333,1.0,0.6666666666666666,1.0,0.0,0.2,0.6666666666666666,0.0,0.0,0.3333333333333333,0.6666666666666666,0.0,0.0868070477009024,0.0,67.74193548387096,0,GOOD
0.3838604143947655,0.6666666666666666,0.5,0.5384615384615385,0.6666666666666666,0.8888888888888888,0.0,0.0,1.0,0.0,1.0,0.6666666666666666,0.0,0.6666666666666666,0.6666666666666666,0.6666666666666666,0.6666666666666666,0.4586735424724252,0.0,31.541218637992902,0,POOR
0.4383860414394765,0.3333333333333333,0.5,0.0,0.1666666666666666,0.0,1.0,0.3333333333333333,1.0,0.0,0.0,0.3333333333333333,0.0,0.3333333333333333,1.0,0.3333333333333333,0.3333333333333333,0.4450651769087523,0.0,69.89247311827954,0,GOOD
0.4961832061068703,0.3333333333333333,1.0,0.6153846153846154,0.5,0.2222222222222222,0.5,0.3333333333333333,1.0,0.0,0.0,0.0,0.0,0.6666666666666666,0.3333333333333333,0.3333333333333333,0.6666666666666666,0.1810628849734995,0.0,64.87455197132618,0,GOOD
0.5528898582333697,0.3333333333333333,0.5,1.0,0.1666666666666666,0.8333333333333333,0.5,0.3333333333333333,1.0,0.0,0.6000000000000001,0.6666666666666666,0.0,0.0,1.0,0.3333333333333333,0.0,0.3790287924366137,0.0,54.83870967741935,0,AVERAGE
0.5599781897491821,0.6666666666666666,1.0,0.0769230769230769,0.6666666666666666,0.0555555555555555,0.5,0.0,0.0,0.0,1.0,0.6666666666666666,0.0,0.6666666666666666,1.0,0.6666666666666666,0.6666666666666666,0.5241369431313566,0.0,42.29390681003585,0,AVERAGE
0.5654307524536533,0.0,1.0,0.0,0.0,0.5555555555555556,1.0,0.0,0.0,0.0,0.2,0.3333333333333333,0.0,0.0,0.6666666666666666,0.0,0.0,0.9618965764217162,0.0,53.0465949820788,0,AVERAGE
0.5708833151581243,0.3333333333333333,0.0,0.1538461538461538,0.3333333333333333,0.5555555555555556,1.0,1.0,0.0,0.0,0.0,0.0,0.0,1.0,1.0,0.3333333333333333,1.0,0.2774674115456239,0.0,89.60573476702507,0,EXCELLENT
0.5763358778625954,0.3333333333333333,1.0,1.0,0.3333333333333333,0.3333333333333333,0.0,1.0,0.5,0.0,0.2,1.0,0.0833333333333333,0.0,0.0,0.3333333333333333,0.0,0.1826385904598195,0.0,79.56989247311826,0,GOOD
0.5817884405670666,0.3333333333333333,0.5,0.1538461538461538,0.3333333333333333,0.7222222222222221,0.0,0.3333333333333333,0.5,0.0,0.0,1.0,0.0833333333333333,0.3333333333333333,0.0,0.3333333333333333,0.3333333333333333,0.1011316430310843,0.0,48.74551971326166,0,AVERAGE
0.5877862595419847,0.6666666666666666,0.0,0.6153846153846154,0.6666666666666666,0.6111111111111112,0.5,0.3333333333333333,0.0,0.0,0.6000000000000001,0.6666666666666666,0.0,0.6666666666666666,0.6666666666666666,0.6666666666666666,0.6666666666666666,0.2665807190946855,0.0,48.02867383512544,0,AVERAGE
0.5932388222464559,0.3333333333333333,0.0,0.5384615384615385,0.3333333333333333,0.3333333333333333,1.0,0.6666666666666666,0.5,0.0,0.0,0.0,0.0,1.0,0.0,0.3333333333333333,1.0,0.3781693167168027,0.0,79.56989247311826,0,GOOD
0.598691384950927,0.6666666666666666,0.0,0.0769230769230769,0.6666666666666666,0.2222222222222222,1.0,0.6666666666666666,1.0,0.0,0.2,1.0,0.0,0.3333333333333333,0.0,0.6666666666666666,0.3333333333333333,0.282051282051282,0.0,61.64874551971328,0,GOOD
0.6046892039258451,0.0,1.0,0.3846153846153846,0.1666666666666666,0.7777777777777777,0.0,1.0,0.0,0.0,0.0,0.6666666666666666,0.0,0.0,0.6666666666666666,0.0,0.0,0.7503223033949291,0.0,81.3620071684588,0,EXCELLENT
0.6106870229007634,1.0,1.0,0.4615384615384615,0.5,0.3333333333333333,1.0,0.6666666666666666,0.0,0.0,0.0,0.0,0.0,0.3333333333333333,1.0,1.0,0.3333333333333333,0.4598195100988397,0.0,76.34408602150535,0,GOOD
0.6221374045801527,0.3333333333333333,0.5,0.5384615384615385,0.3333333333333333,0.0,1.0,1.0,0.5,0.0,0.2,1.0,0.0,0.0,1.0,0.3333333333333333,0.0,0.4721386620827962,0.0,83.87096774193549,0,EXCELLENT
0.6281352235550709,0.3333333333333333,0.0,0.1538461538461538,0.5,0.8888888888888888,0.5,0.3333333333333333,0.5,0.0,0.0,0.0,0.0,0.0,0.0,0.3333333333333333,0.0,0.4238647758200831,0.0,56.2724014336918,0,AVERAGE
0.6341330425299891,0.6666666666666666,0.5,0.3076923076923077,0.6666666666666666,0.9444444444444444,0.5,0.0,0.5,0.0,0.6000000000000001,0.0,0.0,0.6666666666666666,0.0,0.6666666666666666,0.6666666666666666,0.5247099269445639,0.0,39.42652329749106,0,POOR
0.6401308615049074,0.6666666666666666,1.0,0.3076923076923077,0.5,0.3333333333333333,0.0,0.0,0.5,0.0,0.4,0.3333333333333333,0.0,1.0,0.3333333333333333,0.6666666666666666,1.0,0.3230196246956023,0.0,46.23655913978488,0,AVERAGE
0.6455834242093784,0.3333333333333333,0.0,0.8461538461538463,0.3333333333333333,0.4999999999999999,1.0,0.3333333333333333,0.5,0.0,0.4,0.6666666666666666,0.0,0.3333333333333333,1.0,0.3333333333333333,0.3333333333333333,0.0376736857183784,0.0,55.913978494623684,0,AVERAGE
0.6510359869138496,0.0,0.0,0.8461538461538463,0.1666666666666666,0.2222222222222222,0.0,1.0,0.0,0.0,0.2,1.0,0.0833333333333333,0.6666666666666666,0.6666666666666666,0.0,0.6666666666666666,0.7637874230053001,0.0,84.2293906810036,0,EXCELLENT
0.6570338058887677,0.6666666666666666,0.5,0.2307692307692307,0.3333333333333333,0.8888888888888888,0.0,0.3333333333333333,0.5,0.0,0.0,0.3333333333333333,0.0,0.3333333333333333,0.3333333333333333,0.6666666666666666,0.3333333333333333,0.297951582867784,0.0,55.197132616487465,0,AVERAGE
0.6619411123227917,0.6666666666666666,1.0,0.0,0.3333333333333333,1.0,0.5,0.3333333333333333,1.0,0.0,0.4,0.3333333333333333,0.0,0.6666666666666666,0.0,0.6666666666666666,0.6666666666666666,0.6090817934393354,0.0,53.76344086021503,0,AVERAGE
0.6673936750272629,1.0,1.0,0.6923076923076923,0.6666666666666666,0.3333333333333333,1.0,0.3333333333333333,0.0,0.0,0.6000000000000001,0.6666666666666666,0.0,1.0,0.0,1.0,1.0,0.7914338919925512,0.0,51.61290322580645,0,AVERAGE
0.6739367502726281,0.3333333333333333,0.0,0.1538461538461538,0.1666666666666666,0.7777777777777777,0.5,0.6666666666666666,0.0,0.0,0.0,0.6666666666666666,0.0,0.0,0.0,0.3333333333333333,0.0,0.3215871651625842,0.0,68.45878136200719,0,GOOD
0.6788440567066522,0.3333333333333333,0.5,0.5384615384615385,0.3333333333333333,0.9444444444444444,0.0,0.3333333333333333,1.0,0.0,0.2,0.0,0.0,0.0,0.0,0.3333333333333333,0.0,0.4108293940696175,0.0,58.78136200716848,0,AVERAGE
0.6842966194111233,0.6666666666666666,0.5,0.6153846153846154,0.6666666666666666,0.4444444444444445,0.5,0.3333333333333333,0.0,0.0,0.0,0.0,0.0,0.0,0.6666666666666666,0.6666666666666666,0.0,0.3185790001432459,0.0,58.78136200716848,0,AVERAGE
0.6897491821155943,0.0,0.0,0.9230769230769232,0.1666666666666666,1.0,1.0,1.0,1.0,0.0,0.2,0.0,0.0,0.3333333333333333,0.3333333333333333,0.0,0.3333333333333333,0.8676407391491191,0.0,87.09677419354838,0,EXCELLENT
0.6957470010905126,0.3333333333333333,1.0,0.9230769230769232,0.5,0.6111111111111112,0.5,0.0,0.0,0.0,0.0,0.0,0.0,0.0,1.0,0.3333333333333333,0.0,0.2064174187079215,0.0,46.953405017921106,0,AVERAGE
0.7011995637949837,0.3333333333333333,0.0,0.8461538461538463,0.5,0.7222222222222221,1.0,1.0,0.5,0.0,0.0,0.6666666666666666,0.0,0.3333333333333333,1.0,0.3333333333333333,0.3333333333333333,0.1696032087093539,0.0,75.6272401433692,0,GOOD
0.7066521264994547,0.3333333333333333,0.0,0.6153846153846154,0.1666666666666666,0.0555555555555555,0.0,1.0,1.0,0.0,0.0,0.6666666666666666,0.0,0.3333333333333333,0.0,0.3333333333333333,0.3333333333333333,0.3751611516974645,0.0,90.6810035842294,0,EXCELLENT
0.712649945474373,0.3333333333333333,0.5,0.1538461538461538,0.5,0.8333333333333333,1.0,0.3333333333333333,0.0,0.0,0.4,1.0,0.0,0.3333333333333333,0.6666666666666666,0.3333333333333333,0.3333333333333333,0.2453803180060163,0.0,44.086021505376316,0,AVERAGE
0.7181025081788441,0.3333333333333333,0.0,0.5384615384615385,0.3333333333333333,0.4444444444444445,0.0,1.0,0.5,0.0,0.0,1.0,0.0,0.6666666666666666,0.6666666666666666,0.3333333333333333,0.6666666666666666,0.1622976650909612,0.0,78.13620071684589,0,GOOD
0.7230098146128681,0.3333333333333333,1.0,0.7692307692307693,0.1666666666666666,0.0555555555555555,1.0,0.3333333333333333,1.0,0.0,0.0,0.0,0.0,0.0,1.0,0.3333333333333333,0.0,0.4568113450795015,0.0,73.47670250896056,0,GOOD
0.7339149400218102,0.6666666666666666,0.0,0.6923076923076923,0.5,0.0,0.0,0.0,1.0,0.0,0.4,0.0,0.0833333333333333,0.6666666666666666,0.0,0.6666666666666666,0.6666666666666666,0.3952155851597192,0.0,54.83870967741935,0,AVERAGE
0.7399127589967285,0.6666666666666666,0.0,0.6153846153846154,0.3333333333333333,0.8888888888888888,1.0,0.6666666666666666,1.0,0.0,0.4,0.3333333333333333,0.0,0.3333333333333333,0.3333333333333333,0.6666666666666666,0.3333333333333333,0.297951582867784,0.0,68.10035842293908,0,GOOD
0.7459105779716467,0.6666666666666666,0.0,0.8461538461538463,0.3333333333333333,0.7777777777777777,0.0,1.0,0.0,0.0,0.2,0.3333333333333333,0.0,0.3333333333333333,0.0,0.6666666666666666,0.3333333333333333,0.2436613665663945,0.0,82.43727598566304,0,EXCELLENT
0.7508178844056707,0.0,0.0,0.6153846153846154,0.0,0.8888888888888888,1.0,0.6666666666666666,0.5,0.0,0.6000000000000001,0.3333333333333333,0.0,0.3333333333333333,1.0,0.0,0.3333333333333333,0.9614668385618108,0.0,74.55197132616489,0,GOOD
0.7568157033805889,0.3333333333333333,0.5,0.9230769230769232,0.5,0.0,0.0,0.3333333333333333,0.5,0.0,0.2,0.0,0.0,0.3333333333333333,1.0,0.3333333333333333,0.3333333333333333,0.3781693167168027,0.0,67.74193548387096,0,GOOD
0.7617230098146129,0.6666666666666666,0.0,0.3846153846153846,0.6666666666666666,0.5555555555555556,1.0,0.3333333333333333,0.0,0.0,0.0,0.6666666666666666,0.0,0.0,1.0,0.6666666666666666,0.0,0.2621400945423291,0.0,48.74551971326166,0,AVERAGE
0.7649945474372956,1.0,1.0,0.6923076923076923,0.8333333333333333,0.2222222222222222,1.0,0.6666666666666666,0.5,0.0,0.8,0.3333333333333333,0.0,0.6666666666666666,0.3333333333333333,1.0,0.6666666666666666,0.9087523277467412,0.0,67.02508960573475,0,GOOD
0.7699018538713196,0.3333333333333333,0.0,0.9230769230769232,0.5,0.4444444444444445,1.0,0.0,0.0,0.0,0.6000000000000001,0.0,0.0,0.3333333333333333,0.3333333333333333,0.3333333333333333,0.3333333333333333,0.1292078498782409,0.0,49.10394265232977,0,AVERAGE
0.7753544165757906,0.6666666666666666,1.0,0.0769230769230769,0.3333333333333333,0.3333333333333333,0.0,1.0,1.0,0.0,0.2,1.0,0.0,1.0,0.0,0.6666666666666666,1.0,0.4006589313851884,0.0,79.56989247311826,0,GOOD
0.781897491821156,1.0,1.0,0.0,0.6666666666666666,0.8888888888888888,0.0,0.0,1.0,0.0,0.6000000000000001,0.0,0.0,0.6666666666666666,0.6666666666666666,1.0,0.6666666666666666,0.8219452800458388,0.0,40.14336917562728,0,AVERAGE
0.7878953107960742,0.6666666666666666,0.5,0.2307692307692307,0.5,0.2222222222222222,0.0,0.6666666666666666,0.5,0.0,0.4,0.0,0.0,0.0,0.0,0.6666666666666666,0.0,0.0658931385188368,0.0,77.77777777777779,0,GOOD
0.7938931297709924,0.3333333333333333,1.0,0.9230769230769232,0.3333333333333333,0.6111111111111112,0.0,0.3333333333333333,0.5,0.0,0.4,0.6666666666666666,0.0,0.3333333333333333,0.3333333333333333,0.3333333333333333,0.3333333333333333,0.0012892135797163,0.0,54.480286738351246,0,AVERAGE
0.7998909487459106,1.0,1.0,1.0,0.6666666666666666,0.2222222222222222,0.0,1.0,0.0,0.0,0.2,0.0,0.0833333333333333,0.6666666666666666,0.0,1.0,0.6666666666666666,0.6639449935539321,0.0,87.4551971326165,0,EXCELLENT
0.8053435114503817,0.3333333333333333,0.0,0.4615384615384615,0.1666666666666666,0.7222222222222221,1.0,0.3333333333333333,1.0,0.0,0.0,1.0,0.0,0.0,0.0,0.3333333333333333,0.0,0.282910757771093,0.0,51.97132616487457,0,AVERAGE
0.8107960741548528,0.3333333333333333,0.5,0.0769230769230769,0.5,0.4999999999999999,0.5,1.0,0.5,0.0,0.0,0.0,0.0,1.0,1.0,0.3333333333333333,1.0,0.3665663944993554,0.0,87.09677419354838,0,EXCELLENT
0.8162486368593239,0.0,0.0,0.9230769230769232,0.0,0.7777777777777777,1.0,0.6666666666666666,0.0,0.0,0.6000000000000001,0.3333333333333333,0.0833333333333333,0.6666666666666666,0.0,0.0,0.6666666666666666,0.9035954734278756,0.0,75.98566308243724,0,GOOD
0.8217011995637951,1.0,0.0,0.7692307692307693,0.5,1.0,1.0,0.0,0.0,0.0,0.4,0.6666666666666666,0.0,0.0,0.3333333333333333,1.0,0.0,0.8381320727689443,0.0,33.333333333333364,0,POOR
0.8276990185387132,0.3333333333333333,0.0,0.6923076923076923,0.1666666666666666,0.4999999999999999,0.5,0.3333333333333333,0.0,0.0,0.0,0.3333333333333333,0.0,0.0,0.6666666666666666,0.3333333333333333,0.0,0.2233204411975361,0.0,63.44086021505373,0,GOOD
0.8331515812431843,1.0,0.0,0.8461538461538463,0.8333333333333333,0.6111111111111112,1.0,0.0,0.0,0.0,0.4,0.6666666666666666,0.0833333333333333,0.0,0.0,1.0,0.0,0.9126199684858904,0.0,31.899641577060923,0,POOR
0.8429661941112323,0.3333333333333333,1.0,0.6923076923076923,0.1666666666666666,0.2777777777777777,0.5,0.3333333333333333,1.0,0.0,0.2,0.3333333333333333,0.0833333333333333,0.0,0.0,0.3333333333333333,0.0,0.2856324308838275,0.0,66.30824372759852,0,GOOD
0.8478735005452563,0.6666666666666666,1.0,0.2307692307692307,0.5,0.7777777777777777,0.5,0.3333333333333333,0.0,0.0,0.0,0.0,0.0,0.0,1.0,0.6666666666666666,0.0,0.213149978513107,0.0,57.70609318996415,0,AVERAGE
0.8533260632497274,0.6666666666666666,0.0,0.6923076923076923,0.5,0.8888888888888888,1.0,0.6666666666666666,1.0,0.0,0.8,0.3333333333333333,0.0,0.0,0.6666666666666666,0.6666666666666666,0.0,0.3207276894427732,0.0,64.87455197132618,0,GOOD
0.8587786259541985,0.6666666666666666,0.0,0.3846153846153846,0.3333333333333333,0.0,1.0,0.3333333333333333,0.5,0.0,0.0,1.0,0.0,0.0,0.3333333333333333,0.6666666666666666,0.0,0.4828821085804326,0.0,58.06451612903226,0,AVERAGE
0.8642311886586697,0.0,1.0,0.6923076923076923,0.1666666666666666,1.0,1.0,0.0,0.5,0.0,0.0,0.0,0.0833333333333333,0.6666666666666666,0.6666666666666666,0.0,0.6666666666666666,0.8904168457241083,0.0,48.38709677419355,0,AVERAGE
0.8702290076335878,0.3333333333333333,0.0,0.0,0.5,0.5555555555555556,0.0,0.0,1.0,0.0,0.6000000000000001,0.6666666666666666,0.0,0.3333333333333333,0.0,0.3333333333333333,0.3333333333333333,0.0342357828391347,0.0,39.068100358422946,0,POOR
0.8756815703380589,0.6666666666666666,1.0,0.4615384615384615,0.3333333333333333,0.1666666666666666,0.0,0.6666666666666666,1.0,0.0,0.0,0.3333333333333333,0.0,0.6666666666666666,0.3333333333333333,0.6666666666666666,0.6666666666666666,0.2280475576564962,0.0,77.41935483870968,0,GOOD
0.880588876772083,1.0,0.0,1.0,0.6666666666666666,0.0555555555555555,1.0,0.6666666666666666,1.0,0.0,0.2,0.0,0.0,0.3333333333333333,0.0,1.0,0.3333333333333333,0.6795588024638304,0.0,76.70250896057345,0,GOOD
0.886041439476554,0.3333333333333333,1.0,0.0,0.1666666666666666,0.4999999999999999,0.5,0.6666666666666666,0.0,0.0,0.0,0.3333333333333333,0.0833333333333333,0.0,0.0,0.3333333333333333,0.0,0.2516831399512964,0.0,76.34408602150535,0,GOOD
0.8925845147219194,0.6666666666666666,0.0,0.3846153846153846,0.5,0.6111111111111112,0.5,0.3333333333333333,0.5,0.0,0.2,0.0,0.0,0.0,1.0,0.6666666666666666,0.0,0.0643174330325168,0.0,59.856630824372715,0,AVERAGE
0.8980370774263905,0.6666666666666666,0.5,0.0769230769230769,0.6666666666666666,0.2777777777777777,1.0,0.3333333333333333,0.5,0.0,0.0,0.3333333333333333,0.0,0.0,1.0,0.6666666666666666,0.0,0.2715943274602492,0.0,56.63082437275981,0,AVERAGE
0.9034896401308616,0.3333333333333333,0.0,0.7692307692307693,0.3333333333333333,0.6666666666666665,0.5,1.0,0.0,0.0,0.0,1.0,0.0,1.0,1.0,0.3333333333333333,1.0,0.3172897865635296,0.0,75.26881720430111,0,GOOD
0.9094874591057798,0.0,1.0,0.1538461538461538,0.1666666666666666,0.4444444444444445,0.5,1.0,1.0,0.0,0.0,0.6666666666666666,0.0,0.3333333333333333,0.6666666666666666,0.0,0.3333333333333333,0.6850021486892995,0.0,85.66308243727605,0,EXCELLENT
0.920937840785169,0.3333333333333333,0.0,1.0,0.3333333333333333,0.7777777777777777,0.5,0.6666666666666666,1.0,0.0,0.2,0.6666666666666666,0.0,0.0,0.3333333333333333,0.3333333333333333,0.0,0.2460965477725254,0.0,65.23297491039428,0,GOOD
0.9269356597600872,0.3333333333333333,0.0,0.1538461538461538,0.3333333333333333,0.5555555555555556,1.0,1.0,0.5,0.0,0.0,0.6666666666666666,0.0,0.3333333333333333,1.0,0.3333333333333333,0.3333333333333333,0.0,0.0,81.0035842293907,0,EXCELLENT
0.9323882224645584,0.3333333333333333,0.0,0.4615384615384615,0.1666666666666666,0.2777777777777777,1.0,0.3333333333333333,1.0,0.0,0.0,1.0,0.0,0.0,1.0,0.3333333333333333,0.0,0.2085661080074488,0.0,57.70609318996415,0,AVERAGE
0.9383860414394766,0.3333333333333333,0.0,0.4615384615384615,0.3333333333333333,0.6666666666666665,0.5,0.6666666666666666,1.0,0.0,0.0,0.6666666666666666,0.0833333333333333,0.0,0.0,0.3333333333333333,0.0,0.1966766938833978,0.0,66.66666666666673,0,GOOD
0.9438386041439476,0.3333333333333333,0.5,0.3076923076923077,0.1666666666666666,0.4999999999999999,1.0,0.0,0.0,0.0,0.2,0.6666666666666666,0.0,0.3333333333333333,1.0,0.3333333333333333,0.3333333333333333,0.1445351668815356,0.0,46.23655913978498,0,AVERAGE
0.9492911668484189,0.0,0.0,0.2307692307692307,0.1666666666666666,0.1111111111111111,0.5,0.6666666666666666,0.5,0.0,0.0,0.6666666666666666,0.0,0.0,0.3333333333333333,0.0,0.0,0.763071193238791,0.0,77.06093189964157,0,GOOD
0.955288985823337,0.3333333333333333,0.0,0.3076923076923077,0.3333333333333333,0.9444444444444444,0.5,1.0,1.0,0.0,0.0,0.6666666666666666,0.0,0.6666666666666666,0.0,0.3333333333333333,0.6666666666666666,0.3465119610371007,0.0,75.98566308243733,0,GOOD
0.9612868047982552,0.6666666666666666,0.0,0.9230769230769232,0.3333333333333333,0.1111111111111111,1.0,0.3333333333333333,1.0,0.0,0.0,1.0,0.0,0.3333333333333333,1.0,0.6666666666666666,0.3333333333333333,0.2304827388626271,0.0,56.63082437275981,0,AVERAGE
0.9672846237731736,0.6666666666666666,1.0,0.6153846153846154,0.3333333333333333,0.6666666666666665,0.0,0.6666666666666666,0.0,0.0,0.6000000000000001,0.3333333333333333,0.0,0.6666666666666666,0.6666666666666666,0.6666666666666666,0.6666666666666666,0.267010456954591,0.0,70.96774193548387,0,GOOD
0.9727371864776444,0.3333333333333333,1.0,0.9230769230769232,0.5,0.3888888888888889,1.0,0.0,0.0,0.0,0.6000000000000001,1.0,0.0,0.6666666666666666,0.6666666666666666,0.3333333333333333,0.6666666666666666,0.1529866781263429,0.0,36.91756272401438,0,POOR
0.9781897491821157,0.6666666666666666,0.5,0.0,0.6666666666666666,0.1666666666666666,0.5,0.6666666666666666,0.0,0.0,0.6000000000000001,0.3333333333333333,0.0,0.0,0.6666666666666666,0.6666666666666666,0.0,0.3386334336055006,0.0,70.96774193548387,0,GOOD
0.9836423118865868,0.3333333333333333,0.0,0.0,0.3333333333333333,0.0555555555555555,0.5,0.6666666666666666,0.0,0.0,0.0,0.3333333333333333,0.0,0.3333333333333333,0.3333333333333333,0.3333333333333333,0.3333333333333333,0.2774674115456239,0.0,78.85304659498202,0,GOOD
0.994547437295529,1.0,0.0,0.3846153846153846,0.6666666666666666,0.0,0.0,0.3333333333333333,0.0,0.0,0.0,0.6666666666666666,0.0,0.0,0.0,1.0,0.0,0.8361266294227188,0.0,55.913978494623684,0,AVERAGE
0.9994547437295528,0.6666666666666666,1.0,0.7692307692307693,0.6666666666666666,0.2222222222222222,0.5,0.6666666666666666,0.5,0.0,0.2,0.0,0.0833333333333333,0.6666666666666666,0.0,0.6666666666666666,0.6666666666666666,0.2364990689013035,0.0,74.55197132616489,0,GOOD
0.0054525627044711,1.0,0.0,1.0,0.6666666666666666,0.2222222222222222,0.0,0.6666666666666666,0.0,0.0,0.2,0.0,0.0,0.3333333333333333,0.3333333333333333,1.0,0.3333333333333333,0.552356395931815,0.0,74.55197132616489,0,GOOD
0.010359869138495,0.6666666666666666,1.0,0.0,0.6666666666666666,0.4999999999999999,0.0,0.6666666666666666,0.5,0.0,0.0,0.0,0.0,0.6666666666666666,0.6666666666666666,0.6666666666666666,0.6666666666666666,0.2890703337630712,0.0,70.96774193548387,0,GOOD
0.0158124318429661,0.6666666666666666,1.0,0.4615384615384615,0.6666666666666666,0.1666666666666666,1.0,0.6666666666666666,0.5,0.0,0.0,0.0,0.1666666666666666,0.0,0.6666666666666666,0.6666666666666666,0.0,0.5066609368285345,0.0,75.26881720430111,0,GOOD
0.0212649945474372,1.0,0.5,0.0769230769230769,0.8333333333333333,0.6666666666666665,1.0,0.6666666666666666,1.0,0.0,0.0,1.0,0.0,0.3333333333333333,0.0,1.0,0.3333333333333333,0.8402807620684716,0.0,52.68817204301078,0,AVERAGE
0.0267175572519084,0.3333333333333333,0.0,1.0,0.1666666666666666,0.1111111111111111,1.0,0.3333333333333333,1.0,0.0,0.0,0.0,0.0,0.6666666666666666,0.6666666666666666,0.3333333333333333,0.6666666666666666,0.4098266723965048,0.0,72.75985663082433,0,GOOD
0.0327153762268266,1.0,0.5,0.7692307692307693,0.8333333333333333,0.1666666666666666,0.5,0.0,0.0,0.0,0.2,0.6666666666666666,0.0,0.3333333333333333,0.3333333333333333,1.0,0.3333333333333333,0.8659217877094972,0.0,37.6344086021506,0,POOR
0.0414394765539803,0.6666666666666666,0.5,0.0,0.5,0.4444444444444445,0.0,1.0,1.0,0.0,0.2,0.0,0.0,0.3333333333333333,0.0,0.6666666666666666,0.3333333333333333,0.0885259991405242,0.0,87.81362007168461,0,EXCELLENT
0.0528898582333696,0.3333333333333333,0.0,0.3846153846153846,0.5,0.2777777777777777,1.0,0.3333333333333333,0.0,0.0,0.2,0.3333333333333333,0.0833333333333333,0.3333333333333333,1.0,0.3333333333333333,0.3333333333333333,0.1210428305400372,0.0,59.856630824372715,0,AVERAGE
0.0583424209378407,0.0,0.0,0.7692307692307693,0.1666666666666666,0.8888888888888888,0.5,0.0,1.0,0.0,0.4,1.0,0.0,0.3333333333333333,0.3333333333333333,0.0,0.3333333333333333,0.7276894427732417,0.0,36.91756272401438,0,POOR
0.0637949836423118,0.0,1.0,0.5384615384615385,0.1666666666666666,0.1666666666666666,0.0,1.0,0.5,0.0,0.0,1.0,0.0,0.0,1.0,0.0,0.0,0.7185217017619252,0.0,84.94623655913982,0,EXCELLENT
0.0697928026172301,0.6666666666666666,1.0,0.0,0.6666666666666666,0.2222222222222222,0.0,1.0,0.5,0.0,0.4,0.0,0.0,0.0,0.0,0.6666666666666666,0.0,0.2787566251253402,0.0,87.4551971326165,0,EXCELLENT
0.0757906215921483,0.6666666666666666,0.5,0.4615384615384615,0.5,0.9444444444444444,0.5,0.6666666666666666,0.0,0.0,0.4,1.0,0.0,0.3333333333333333,0.3333333333333333,0.6666666666666666,0.3333333333333333,0.2976650909611804,0.0,55.55555555555558,0,AVERAGE
0.0812431842966194,0.3333333333333333,0.5,0.5384615384615385,0.3333333333333333,0.5555555555555556,0.0,0.0,0.5,0.0,0.0,0.6666666666666666,0.0,0.3333333333333333,1.0,0.3333333333333333,0.3333333333333333,0.0,0.0,42.29390681003585,0,AVERAGE
0.0866957470010905,0.0,0.0,0.6923076923076923,0.1666666666666666,0.4444444444444445,0.0,0.3333333333333333,1.0,0.0,0.4,0.3333333333333333,0.0,1.0,0.3333333333333333,0.0,1.0,0.9424151267726688,0.0,64.15770609318996,0,GOOD
0.0926935659760087,0.0,0.0,0.2307692307692307,0.1666666666666666,0.6111111111111112,0.0,0.0,1.0,0.0,0.6000000000000001,0.6666666666666666,0.0,0.0,1.0,0.0,0.0,0.6934536599341068,0.0,44.802867383512535,0,AVERAGE
0.0976008724100327,0.6666666666666666,0.0,0.0769230769230769,0.3333333333333333,0.5555555555555556,1.0,0.6666666666666666,0.0,0.0,0.0,0.0,0.0833333333333333,0.6666666666666666,0.6666666666666666,0.6666666666666666,0.6666666666666666,0.1665950436900157,0.0,76.70250896057345,0,GOOD
0.1035986913849509,0.0,0.0,0.3846153846153846,0.1666666666666666,0.2777777777777777,1.0,0.0,0.5,0.0,0.2,0.6666666666666666,0.0,0.3333333333333333,0.0,0.0,0.3333333333333333,0.6572124337487466,0.0,49.10394265232977,0,AVERAGE
0.109051254089422,0.6666666666666666,0.0,0.4615384615384615,0.5,0.3888888888888889,1.0,0.0,0.5,0.0,0.2,0.6666666666666666,0.0,0.3333333333333333,0.3333333333333333,0.6666666666666666,0.3333333333333333,0.0415413264575275,0.0,41.21863799283162,0,AVERAGE
0.1150490730643402,0.6666666666666666,1.0,0.2307692307692307,0.5,0.5555555555555556,0.5,0.3333333333333333,0.5,0.0,0.0,0.0,0.0,0.6666666666666666,0.3333333333333333,0.6666666666666666,0.6666666666666666,0.095831542758917,0.0,60.57347670250894,0,GOOD
0.1199563794983642,0.6666666666666666,1.0,0.7692307692307693,0.5,0.4444444444444445,1.0,1.0,0.0,0.0,0.0,0.6666666666666666,0.0,0.6666666666666666,0.0,0.6666666666666666,0.6666666666666666,0.160865205557943,0.0,79.21146953405022,0,GOOD
0.1259541984732824,0.6666666666666666,0.0,0.5384615384615385,0.5,0.7777777777777777,0.0,0.6666666666666666,1.0,0.0,0.0,0.6666666666666666,0.0833333333333333,0.0,0.6666666666666666,0.6666666666666666,0.0,0.2568399942701618,0.0,62.00716845878138,0,GOOD
0.1319520174482006,0.3333333333333333,0.0,0.9230769230769232,0.1666666666666666,0.0,0.0,0.3333333333333333,0.0,0.0,0.0,1.0,0.0,0.3333333333333333,0.0,0.3333333333333333,0.3333333333333333,0.4450651769087523,0.0,61.29032258064516,0,GOOD
0.1374045801526717,1.0,0.0,0.4615384615384615,0.5,0.2222222222222222,1.0,0.0,0.0,0.0,0.4,0.0,0.0833333333333333,0.0,0.3333333333333333,1.0,0.0,0.6248388483025354,0.0,51.97132616487457,0,AVERAGE
0.1417666303162486,0.6666666666666666,0.0,0.3846153846153846,0.6666666666666666,0.2777777777777777,0.5,0.0,0.0,0.0,0.2,0.6666666666666666,0.0,0.0,0.3333333333333333,0.6666666666666666,0.0,0.2715943274602492,0.0,39.42652329749106,0,POOR
0.1472191930207197,0.6666666666666666,0.5,0.1538461538461538,0.5,0.9444444444444444,0.5,0.6666666666666666,0.0,0.0,0.2,0.0,0.0,0.0,0.3333333333333333,0.6666666666666666,0.0,0.3661366566394499,0.0,68.45878136200719,0,GOOD
0.1532170119956379,1.0,1.0,0.9230769230769232,1.0,0.4444444444444445,1.0,0.6666666666666666,0.5,0.0,0.2,0.0,0.0,0.3333333333333333,0.0,1.0,0.3333333333333333,0.9462827675118178,0.0,65.23297491039428,0,GOOD
0.1581243184296619,0.3333333333333333,0.0,0.3846153846153846,0.3333333333333333,0.2777777777777777,1.0,1.0,0.0,0.0,0.2,0.6666666666666666,0.0833333333333333,0.0,0.0,0.3333333333333333,0.0,0.1743303251683139,0.0,84.5878136200717,0,EXCELLENT
0.1641221374045801,0.6666666666666666,1.0,1.0,0.3333333333333333,0.3888888888888889,0.5,1.0,0.5,0.0,0.0,0.3333333333333333,0.0,0.6666666666666666,0.0,0.6666666666666666,0.6666666666666666,0.1799169173470849,0.0,87.4551971326165,0,EXCELLENT
0.1695747001090512,0.3333333333333333,1.0,0.0,0.5,0.3888888888888889,0.5,0.6666666666666666,1.0,0.0,0.0,0.3333333333333333,0.0833333333333333,0.0,0.3333333333333333,0.3333333333333333,0.0,0.2134364704197106,0.0,71.32616487455198,0,GOOD
0.1750272628135223,0.3333333333333333,0.0,0.6153846153846154,0.3333333333333333,0.1111111111111111,0.5,0.0,0.0,0.0,0.0,0.0,0.0,0.3333333333333333,0.3333333333333333,0.3333333333333333,0.3333333333333333,0.1953874803036814,0.0,56.63082437275981,0,AVERAGE
0.1810250817884405,0.3333333333333333,0.5,0.9230769230769232,0.1666666666666666,0.6111111111111112,1.0,0.3333333333333333,0.5,0.0,0.6000000000000001,0.0,0.0,1.0,0.0,0.3333333333333333,1.0,0.3509525855894571,0.0,66.30824372759852,0,GOOD
0.1870229007633587,0.6666666666666666,0.5,0.2307692307692307,0.5,0.4444444444444445,0.5,0.0,0.0,0.0,0.0,0.6666666666666666,0.0,0.3333333333333333,1.0,0.6666666666666666,0.3333333333333333,0.0885259991405242,0.0,40.50179211469539,0,AVERAGE
0.1924754634678299,0.6666666666666666,0.0,0.2307692307692307,0.5,0.0555555555555555,0.0,0.3333333333333333,0.0,0.0,0.6000000000000001,0.3333333333333333,0.0,0.3333333333333333,1.0,0.6666666666666666,0.3333333333333333,0.2304827388626271,0.0,62.72401433691751,0,GOOD
0.1979280261723009,0.3333333333333333,0.0,0.8461538461538463,0.1666666666666666,0.2222222222222222,1.0,0.0,1.0,0.0,0.0,0.0,0.0,0.0,0.0,0.3333333333333333,0.0,0.222604211431027,0.0,58.42293906810036,0,AVERAGE
0.2028353326063249,0.3333333333333333,0.0,0.1538461538461538,0.5,0.4999999999999999,1.0,0.3333333333333333,1.0,0.0,0.2,1.0,0.0,1.0,0.6666666666666666,0.3333333333333333,1.0,0.3665663944993554,0.0,48.38709677419355,0,AVERAGE
0.2088331515812432,0.0,0.0,0.7692307692307693,0.1666666666666666,0.1111111111111111,1.0,0.6666666666666666,1.0,0.0,0.2,0.0,0.0,0.0,1.0,0.0,0.0,0.763071193238791,0.0,85.66308243727595,0,EXCELLENT
0.2142857142857143,0.6666666666666666,0.5,0.2307692307692307,0.3333333333333333,0.0,1.0,0.3333333333333333,0.0,0.0,0.6000000000000001,0.6666666666666666,0.0,1.0,0.3333333333333333,0.6666666666666666,1.0,0.7317003294656925,0.0,62.3655913978495,0,GOOD
0.2191930207197382,0.3333333333333333,0.0,0.5384615384615385,0.1666666666666666,0.7222222222222221,0.5,1.0,1.0,0.0,0.4,1.0,0.0,0.3333333333333333,0.3333333333333333,0.3333333333333333,0.3333333333333333,0.1951009883970777,0.0,77.77777777777779,0,GOOD
0.2251908396946565,0.3333333333333333,0.5,0.7692307692307693,0.1666666666666666,1.0,0.0,1.0,1.0,0.0,0.0,0.0,0.0,0.0,0.0,0.3333333333333333,0.0,0.5940409683426443,0.0,87.09677419354838,0,EXCELLENT
0.2311886586695747,0.0,1.0,1.0,0.0,0.3333333333333333,0.5,0.3333333333333333,1.0,0.0,0.4,0.6666666666666666,0.0833333333333333,0.0,0.0,0.0,0.0,0.9432746024924796,0.0,64.51612903225806,0,GOOD
0.2371864776444929,0.0,1.0,1.0,0.1666666666666666,0.2777777777777777,0.0,1.0,1.0,0.0,0.0,0.0,0.0,0.0,1.0,0.0,0.0,0.6716802750322304,0.0,96.41577060931898,0,EXCELLENT
0.2410032715376227,0.6666666666666666,1.0,0.7692307692307693,0.5,0.2777777777777777,0.5,0.6666666666666666,0.0,0.0,1.0,0.6666666666666666,0.0833333333333333,0.0,0.3333333333333333,0.6666666666666666,0.0,0.1767655063744449,0.0,68.45878136200719,0,GOOD
0.2513631406761178,0.3333333333333333,1.0,0.6153846153846154,0.3333333333333333,0.1666666666666666,1.0,1.0,0.5,0.0,0.0,0.3333333333333333,0.0,0.3333333333333333,0.3333333333333333,0.3333333333333333,0.3333333333333333,0.1100128921357971,0.0,90.32258064516128,0,EXCELLENT
0.2568157033805889,0.3333333333333333,0.5,0.5384615384615385,0.1666666666666666,0.7777777777777777,1.0,0.6666666666666666,0.5,0.0,0.0,0.6666666666666666,0.1666666666666666,0.3333333333333333,0.3333333333333333,0.3333333333333333,0.3333333333333333,0.2877811201833548,0.0,68.45878136200719,0,GOOD
0.2628135223555071,0.3333333333333333,0.0,0.9230769230769232,0.3333333333333333,1.0,1.0,0.0,1.0,0.0,0.0,0.0,0.0,1.0,0.6666666666666666,0.3333333333333333,1.0,0.6291362269015901,0.0,45.16129032258064,0,AVERAGE
0.2677208287895311,0.3333333333333333,1.0,0.7692307692307693,0.1666666666666666,0.4999999999999999,1.0,1.0,1.0,0.0,0.0,0.3333333333333333,0.0,1.0,0.3333333333333333,0.3333333333333333,1.0,0.3467984529437043,0.0,89.24731182795695,0,EXCELLENT
0.2737186477644493,0.6666666666666666,0.5,0.7692307692307693,0.6666666666666666,0.0555555555555555,1.0,1.0,1.0,0.0,0.2,0.6666666666666666,0.0,1.0,0.0,0.6666666666666666,1.0,0.7746741154562383,0.0,81.0035842293907,0,EXCELLENT
0.2797164667393675,0.6666666666666666,1.0,0.4615384615384615,0.6666666666666666,0.6666666666666665,0.0,0.3333333333333333,0.5,0.0,0.2,1.0,0.0,0.0,0.3333333333333333,0.6666666666666666,0.0,0.2912190230625984,0.0,43.01075268817207,0,AVERAGE
0.2846237731733915,0.3333333333333333,1.0,0.5384615384615385,0.3333333333333333,0.0555555555555555,1.0,1.0,0.0,0.0,0.4,0.3333333333333333,0.0,0.0,1.0,0.3333333333333333,0.0,0.3730124623979372,0.0,91.75627240143363,0,EXCELLENT
0.2949836423118866,0.6666666666666666,1.0,0.9230769230769232,0.3333333333333333,0.1666666666666666,1.0,1.0,0.0,0.0,0.2,0.0,0.0,0.3333333333333333,0.0,0.6666666666666666,0.3333333333333333,0.1684572410829394,0.0,94.62365591397852,0,EXCELLENT
0.3004362050163577,1.0,0.0,0.7692307692307693,0.6666666666666666,0.3888888888888889,1.0,0.6666666666666666,1.0,0.0,0.2,1.0,0.0,0.0,0.6666666666666666,1.0,0.0,0.579286635152557,0.0,59.4982078853047,0,AVERAGE
0.3058887677208288,0.6666666666666666,1.0,0.5384615384615385,0.3333333333333333,0.5555555555555556,0.5,0.3333333333333333,0.0,0.0,0.0,0.0,0.0,0.3333333333333333,0.3333333333333333,0.6666666666666666,0.3333333333333333,0.0901017046268442,0.0,63.799283154121845,0,GOOD
0.3113413304252999,0.6666666666666666,0.0,1.0,0.3333333333333333,0.4999999999999999,0.5,0.6666666666666666,0.5,0.0,0.4,0.3333333333333333,0.0,1.0,0.6666666666666666,0.6666666666666666,1.0,0.3929236499068901,0.0,73.11827956989244,0,GOOD
0.316793893129771,0.3333333333333333,1.0,0.7692307692307693,0.1666666666666666,0.8888888888888888,0.5,0.0,1.0,0.0,0.2,0.6666666666666666,0.0833333333333333,0.6666666666666666,0.3333333333333333,0.3333333333333333,0.6666666666666666,0.3612662942271881,0.0,41.21863799283162,0,AVERAGE
0.3222464558342421,0.6666666666666666,0.5,0.6153846153846154,0.5,0.2222222222222222,0.0,0.0,1.0,0.0,0.2,1.0,0.0,0.0,1.0,0.6666666666666666,0.0,0.0658931385188368,0.0,39.068100358422946,0,POOR
0.3276990185387132,0.3333333333333333,1.0,0.6153846153846154,0.3333333333333333,0.3333333333333333,0.5,0.0,0.0,0.0,0.0,0.0,0.0,0.3333333333333333,1.0,0.3333333333333333,0.3333333333333333,0.0593038246669531,0.0,53.76344086021503,0,AVERAGE
0.3386041439476554,0.3333333333333333,0.0,0.3846153846153846,0.5,0.3333333333333333,1.0,0.6666666666666666,0.0,0.0,0.4,0.3333333333333333,0.0833333333333333,0.6666666666666666,0.3333333333333333,0.3333333333333333,0.6666666666666666,0.1495487752470992,0.0,72.0430107526881,0,GOOD
0.3440567066521265,0.6666666666666666,0.5,0.4615384615384615,0.6666666666666666,0.2777777777777777,0.5,0.0,1.0,0.3333333333333333,0.0,0.0,0.0,0.0,0.0,0.6666666666666666,0.0,0.2715943274602492,0.0,39.42652329749106,0,POOR
0.3484187568157034,0.3333333333333333,0.0,0.4615384615384615,0.5,0.0555555555555555,0.5,1.0,0.5,0.0,0.4,0.0,0.0,0.0,0.6666666666666666,0.3333333333333333,0.0,0.4156997564818794,0.0,92.83154121863797,0,EXCELLENT
0.3544165757906216,1.0,1.0,0.8461538461538463,0.5,0.8333333333333333,1.0,1.0,1.0,0.0,0.0,0.0,0.0,0.0,1.0,1.0,0.0,0.6292794728548918,0.0,82.79569892473116,0,EXCELLENT
0.3604143947655398,0.3333333333333333,1.0,0.5384615384615385,0.5,0.2777777777777777,1.0,1.0,0.5,0.0,0.0,0.3333333333333333,0.0,0.6666666666666666,0.6666666666666666,0.3333333333333333,0.6666666666666666,0.1686004870362412,0.0,85.66308243727595,0,EXCELLENT
0.366412213740458,0.3333333333333333,1.0,0.6153846153846154,0.3333333333333333,0.6111111111111112,0.5,0.3333333333333333,1.0,0.0,0.0,0.0,0.0,0.6666666666666666,0.6666666666666666,0.3333333333333333,0.6666666666666666,0.104569545910328,0.0,63.082437275985626,0,GOOD
0.3718647764449291,0.3333333333333333,0.0,1.0,0.5,0.0,1.0,0.3333333333333333,0.0,0.0,0.0,1.0,0.0833333333333333,0.6666666666666666,0.3333333333333333,0.3333333333333333,0.6666666666666666,0.4336055006446068,0.0,54.83870967741935,0,AVERAGE
0.3778625954198473,0.3333333333333333,1.0,0.0,0.3333333333333333,0.9444444444444444,0.5,0.3333333333333333,1.0,0.0,0.0,0.0,0.0833333333333333,0.3333333333333333,0.0,0.3333333333333333,0.3333333333333333,0.2548345509239363,0.0,58.78136200716848,0,AVERAGE
0.3833151581243184,1.0,1.0,1.0,0.8333333333333333,0.4444444444444445,0.0,0.0,0.5,0.0,0.2,0.0,0.0833333333333333,0.3333333333333333,0.0,1.0,0.3333333333333333,0.8928520269302392,0.0,42.65232974910396,0,AVERAGE
0.3893129770992367,0.0,1.0,0.8461538461538463,0.1666666666666666,0.9444444444444444,1.0,0.3333333333333333,0.0,0.0,0.0,0.0,0.0,0.0,0.3333333333333333,0.0,0.0,0.8481592895000717,0.0,62.00716845878138,0,GOOD
0.3947655398037077,0.3333333333333333,1.0,0.6923076923076923,0.3333333333333333,0.5555555555555556,1.0,0.3333333333333333,0.0,0.0,0.0,0.6666666666666666,0.0,0.0,0.3333333333333333,0.3333333333333333,0.0,0.1332187365706919,0.0,55.197132616487465,0,AVERAGE
0.4051254089422028,0.6666666666666666,1.0,0.0,0.5,0.4999999999999999,0.5,0.6666666666666666,1.0,0.0,0.0,0.3333333333333333,0.1666666666666666,1.0,0.0,0.6666666666666666,1.0,0.241655923220169,0.0,69.89247311827954,0,GOOD
0.4100327153762268,1.0,1.0,0.7692307692307693,0.8333333333333333,0.7222222222222221,1.0,0.3333333333333333,0.0,0.0,0.0,0.0,0.0,0.0,0.3333333333333333,1.0,0.0,0.928520269302392,0.0,51.97132616487457,0,AVERAGE
0.4143947655398037,0.6666666666666666,1.0,0.6153846153846154,0.5,0.3888888888888889,1.0,0.6666666666666666,0.0,0.0,0.2,0.6666666666666666,0.0833333333333333,0.0,0.3333333333333333,0.6666666666666666,0.0,0.1688869789428448,0.0,67.02508960573483,0,GOOD
0.4198473282442748,0.6666666666666666,0.0,0.3076923076923077,0.6666666666666666,0.0555555555555555,0.0,0.0,0.0,0.0,0.2,0.3333333333333333,0.0,0.0,0.0,0.6666666666666666,0.0,0.5228477295516402,0.0,46.594982078853,0,AVERAGE
0.425845147219193,0.3333333333333333,1.0,0.2307692307692307,0.5,0.0,1.0,1.0,0.0,0.0,0.4,1.0,0.0,0.0,0.0,0.3333333333333333,0.0,0.4831686004870362,0.0,80.64516129032258,0,EXCELLENT
0.4318429661941113,1.0,0.0,0.6923076923076923,0.5,0.7222222222222221,0.0,1.0,1.0,0.0,0.0,1.0,0.0833333333333333,0.0,0.0,1.0,0.0,0.6543475146827102,0.0,71.32616487455198,0,GOOD
0.4378407851690294,0.6666666666666666,0.0,0.5384615384615385,0.5,0.0,1.0,1.0,1.0,0.0,0.2,0.3333333333333333,0.0,0.6666666666666666,1.0,0.6666666666666666,0.6666666666666666,0.4333190087380031,0.0,89.24731182795695,0,EXCELLENT
0.4443838604143947,0.3333333333333333,0.0,0.6153846153846154,0.5,0.6111111111111112,0.5,0.6666666666666666,0.5,0.0,0.0,0.0,0.0,0.3333333333333333,1.0,0.3333333333333333,0.3333333333333333,0.0530010027216731,0.0,72.75985663082433,0,GOOD
0.450381679389313,0.6666666666666666,0.0,0.4615384615384615,0.5,0.2777777777777777,0.5,0.3333333333333333,1.0,0.0,0.4,1.0,0.0,1.0,0.3333333333333333,0.6666666666666666,1.0,0.3243088382753187,0.0,51.25448028673835,0,AVERAGE
0.4563794983642312,0.3333333333333333,0.0,0.3846153846153846,0.5,0.3333333333333333,0.5,1.0,1.0,0.0,0.0,1.0,0.0,0.0,0.0,0.3333333333333333,0.0,0.2177338490187652,0.0,76.34408602150535,0,GOOD
0.4612868047982552,0.6666666666666666,0.0,1.0,0.5,0.1111111111111111,0.0,0.0,0.0,0.0,0.6000000000000001,0.3333333333333333,0.0833333333333333,0.0,1.0,0.6666666666666666,0.0,0.3012462397937258,0.0,49.10394265232968,0,AVERAGE
0.4672846237731734,0.3333333333333333,1.0,0.1538461538461538,0.1666666666666666,0.3888888888888889,1.0,0.0,0.0,0.0,0.0,0.6666666666666666,0.0,0.0,0.0,0.3333333333333333,0.0,0.214725683999427,0.0,47.67025089605742,0,AVERAGE
0.4732824427480916,0.6666666666666666,1.0,0.8461538461538463,0.5,0.5555555555555556,0.0,0.0,0.5,0.0,0.2,1.0,0.0,0.3333333333333333,1.0,0.6666666666666666,0.3333333333333333,0.0257842715943274,0.0,34.76702508960571,0,POOR
0.4792802617230098,0.3333333333333333,0.5,0.1538461538461538,0.3333333333333333,0.2222222222222222,1.0,0.6666666666666666,1.0,0.0,0.0,0.0,0.0,0.0,1.0,0.3333333333333333,0.0,0.141813493768801,0.0,81.0035842293907,0,EXCELLENT
0.4841875681570338,0.6666666666666666,0.0,1.0,0.6666666666666666,0.7222222222222221,0.0,0.3333333333333333,1.0,0.0,0.2,1.0,0.0,0.0,0.6666666666666666,0.6666666666666666,0.0,0.3601203266007735,0.0,42.29390681003585,0,AVERAGE
0.4896401308615049,1.0,1.0,0.2307692307692307,0.6666666666666666,0.3888888888888889,0.0,1.0,0.5,0.0,0.0,0.6666666666666666,0.0,0.3333333333333333,0.3333333333333333,1.0,0.3333333333333333,0.5460535739865349,0.0,76.70250896057354,0,GOOD
0.4956379498364231,1.0,0.0,0.1538461538461538,0.6666666666666666,0.3333333333333333,1.0,0.3333333333333333,1.0,0.3333333333333333,0.2,0.0,0.0,1.0,1.0,1.0,1.0,0.7914338919925512,0.0,51.61290322580645,0,AVERAGE
0.5016357688113413,0.6666666666666666,1.0,0.3076923076923077,0.6666666666666666,0.8888888888888888,1.0,0.0,0.5,0.0,0.0,1.0,0.0,0.0,0.3333333333333333,0.6666666666666666,0.0,0.4777252542615671,0.0,27.24014336917567,0,POOR
0.5070883315158125,0.6666666666666666,0.0,0.1538461538461538,0.5,0.5555555555555556,1.0,0.6666666666666666,0.5,0.0,0.4,0.6666666666666666,0.0833333333333333,0.0,0.3333333333333333,0.6666666666666666,0.0,0.1580002864919066,0.0,64.87455197132618,0,GOOD
0.5130861504907307,0.3333333333333333,0.0,0.2307692307692307,0.3333333333333333,0.7222222222222221,0.0,0.0,1.0,0.0,0.0,1.0,0.0,0.3333333333333333,0.3333333333333333,0.3333333333333333,0.3333333333333333,0.0898152127202406,0.0,35.84229390681005,0,POOR
0.5185387131952017,0.6666666666666666,1.0,0.6923076923076923,0.3333333333333333,0.9444444444444444,1.0,0.3333333333333333,0.0,0.0,0.2,0.3333333333333333,0.0,0.0,0.6666666666666666,0.6666666666666666,0.0,0.4615384615384615,0.0,54.480286738351246,0,AVERAGE
0.52453653217012,0.6666666666666666,0.0,0.7692307692307693,0.3333333333333333,0.3888888888888889,0.5,0.3333333333333333,1.0,0.0,0.4,0.6666666666666666,0.0,0.0,0.3333333333333333,0.6666666666666666,0.0,0.1833548202263286,0.0,57.34767025089613,0,AVERAGE
0.5305343511450382,0.6666666666666666,1.0,0.8461538461538463,0.3333333333333333,0.5555555555555556,1.0,0.6666666666666666,1.0,0.0,0.2,0.0,0.0,0.0,1.0,0.6666666666666666,0.0,0.1716086520555794,0.0,76.70250896057345,0,GOOD
0.5359869138495092,0.6666666666666666,0.0,0.0769230769230769,0.3333333333333333,0.3888888888888889,0.5,0.0,0.0,0.0,0.4,1.0,0.0,0.6666666666666666,1.0,0.6666666666666666,0.6666666666666666,0.1799169173470849,0.0,40.14336917562728,0,AVERAGE
0.5414394765539804,0.3333333333333333,0.5,0.5384615384615385,0.1666666666666666,0.1666666666666666,0.5,0.6666666666666666,1.0,0.0,0.0,1.0,0.0,0.0,0.3333333333333333,0.3333333333333333,0.0,0.2781836413121329,0.0,72.0430107526882,0,GOOD
0.5463467829880044,0.6666666666666666,0.0,0.0769230769230769,0.5,0.0555555555555555,0.5,0.3333333333333333,0.5,0.0,1.0,0.6666666666666666,0.0,0.3333333333333333,1.0,0.6666666666666666,0.3333333333333333,0.2304827388626271,0.0,58.42293906810036,0,AVERAGE
0.5523446019629226,0.3333333333333333,1.0,0.6153846153846154,0.1666666666666666,0.9444444444444444,0.5,0.6666666666666666,0.5,0.0,0.4,1.0,0.0833333333333333,0.0,0.3333333333333333,0.3333333333333333,0.0,0.4843145681134508,0.0,62.00716845878138,0,GOOD
0.5545256270447111,0.0,1.0,0.6923076923076923,0.1666666666666666,0.6666666666666665,1.0,0.6666666666666666,0.0,0.0,0.2,0.6666666666666666,0.0,1.0,0.0,0.0,1.0,0.9504369001575704,0.0,69.89247311827963,0,GOOD
0.5550708833151582,1.0,0.0,0.4615384615384615,0.8333333333333333,0.8888888888888888,0.0,0.0,0.5,0.0,0.2,1.0,0.0,0.3333333333333333,0.6666666666666666,1.0,0.3333333333333333,0.9384042400802178,0.0,24.014336917562765,0,POOR
0.5556161395856053,0.3333333333333333,1.0,0.3076923076923077,0.1666666666666666,0.9444444444444444,0.5,0.0,0.5,0.0,0.6000000000000001,0.6666666666666666,0.0,0.6666666666666666,0.0,0.3333333333333333,0.6666666666666666,0.4586735424724252,0.0,40.50179211469539,0,AVERAGE
0.5561613958560524,1.0,0.5,0.7692307692307693,0.5,0.0555555555555555,0.0,1.0,0.0,0.0,0.0,0.3333333333333333,0.0,0.3333333333333333,0.3333333333333333,1.0,0.3333333333333333,0.6007735281478298,0.0,88.53046594982074,0,EXCELLENT
0.5567066521264995,0.0,0.5,0.6923076923076923,0.1666666666666666,0.6666666666666665,0.5,0.0,0.0,0.0,0.2,0.6666666666666666,0.0,0.0,0.3333333333333333,0.0,0.0,0.6862913622690159,0.0,44.08602150537641,0,AVERAGE
0.5572519083969466,0.3333333333333333,0.5,0.5384615384615385,0.1666666666666666,0.5555555555555556,0.5,0.3333333333333333,1.0,0.0,0.2,0.0,0.0,0.0,1.0,0.3333333333333333,0.0,0.2271880819366852,0.0,67.02508960573475,0,GOOD
0.5577971646673937,0.6666666666666666,1.0,0.8461538461538463,0.5,0.4444444444444445,0.0,0.3333333333333333,1.0,0.0,0.0,0.3333333333333333,0.0833333333333333,1.0,0.6666666666666666,0.6666666666666666,1.0,0.2311989686291362,0.0,57.70609318996415,0,AVERAGE
0.5583424209378408,0.3333333333333333,0.5,0.6153846153846154,0.3333333333333333,0.7777777777777777,0.0,0.6666666666666666,0.5,0.0,0.4,1.0,0.0833333333333333,0.0,0.0,0.3333333333333333,0.0,0.2627130783555365,0.0,60.93189964157705,0,GOOD
0.5588876772082879,0.3333333333333333,1.0,0.0769230769230769,0.3333333333333333,0.2777777777777777,0.0,0.6666666666666666,0.5,0.0,0.4,0.3333333333333333,0.0,0.6666666666666666,0.0,0.3333333333333333,0.6666666666666666,0.1347944420570118,0.0,75.98566308243724,0,GOOD
0.559432933478735,0.3333333333333333,0.5,0.2307692307692307,0.1666666666666666,1.0,0.0,0.6666666666666666,0.0,0.0,0.0,0.0,0.0,0.0,0.3333333333333333,0.3333333333333333,0.0,0.5940409683426443,0.0,74.19354838709677,0,GOOD
0.5605234460196292,0.3333333333333333,0.5,0.8461538461538463,0.5,0.1666666666666666,0.0,1.0,0.0,0.0,0.0,0.0,0.0,0.3333333333333333,0.3333333333333333,0.3333333333333333,0.3333333333333333,0.1408107720956883,0.0,91.39784946236563,0,EXCELLENT
0.5610687022900763,1.0,0.0,0.9230769230769232,0.8333333333333333,0.4444444444444445,0.0,0.3333333333333333,1.0,0.0,0.2,0.6666666666666666,0.0,0.3333333333333333,0.3333333333333333,1.0,0.3333333333333333,0.8434321730411116,0.0,46.9534050179212,0,AVERAGE
0.5616139585605234,1.0,0.5,0.9230769230769232,1.0,0.6666666666666665,0.5,1.0,0.5,0.0,0.4,0.0,0.0,0.3333333333333333,1.0,1.0,0.3333333333333333,0.9485747027646468,0.0,75.26881720430111,0,GOOD
0.5621592148309705,0.6666666666666666,0.5,0.8461538461538463,0.3333333333333333,0.7222222222222221,0.0,1.0,0.0,0.0,0.0,1.0,0.0,0.0,0.3333333333333333,0.6666666666666666,0.0,0.2438046125196963,0.0,74.55197132616489,0,GOOD
0.5627044711014177,0.6666666666666666,0.5,0.6923076923076923,0.5,0.4444444444444445,1.0,0.6666666666666666,1.0,0.0,0.0,0.0,0.0,1.0,1.0,0.6666666666666666,1.0,0.3162870648904168,0.0,74.910394265233,0,GOOD
0.5632497273718649,0.3333333333333333,0.5,0.7692307692307693,0.3333333333333333,0.8888888888888888,0.0,1.0,1.0,0.0,0.0,0.6666666666666666,0.0,1.0,1.0,0.3333333333333333,1.0,0.3976507663658502,0.0,76.70250896057354,0,GOOD
0.563794983642312,0.3333333333333333,1.0,0.6153846153846154,0.3333333333333333,0.4999999999999999,1.0,1.0,0.0,0.0,0.4,0.3333333333333333,0.0,0.3333333333333333,0.0,0.3333333333333333,0.3333333333333333,0.0376736857183784,0.0,86.02150537634405,0,EXCELLENT
0.5643402399127591,0.6666666666666666,0.5,0.0769230769230769,0.5,0.1666666666666666,0.0,0.3333333333333333,0.5,0.0,0.0,0.0,0.0,0.0,1.0,0.6666666666666666,0.0,0.1038533161438189,0.0,65.5913978494624,0,GOOD
0.5648854961832062,0.3333333333333333,0.0,0.0,0.3333333333333333,0.9444444444444444,0.5,1.0,0.0,0.0,0.0,0.3333333333333333,0.0,0.6666666666666666,0.6666666666666666,0.3333333333333333,0.6666666666666666,0.3465119610371007,0.0,80.28673835125447,0,EXCELLENT
0.5659760087241004,0.6666666666666666,0.5,0.0,0.3333333333333333,0.6111111111111112,0.0,0.3333333333333333,0.5,0.0,0.6000000000000001,0.0,0.0,0.0,0.0,0.6666666666666666,0.0,0.171895143962183,0.0,63.082437275985626,0,GOOD
0.5665212649945475,0.3333333333333333,0.5,0.0769230769230769,0.1666666666666666,0.7777777777777777,0.5,0.3333333333333333,1.0,0.0,0.2,0.6666666666666666,0.0833333333333333,0.3333333333333333,1.0,0.3333333333333333,0.3333333333333333,0.2145824380461252,0.0,55.55555555555558,0,AVERAGE
0.5670665212649946,0.6666666666666666,1.0,0.4615384615384615,0.5,0.1111111111111111,0.5,1.0,0.5,0.0,0.4,0.6666666666666666,0.0833333333333333,0.3333333333333333,0.6666666666666666,0.6666666666666666,0.3333333333333333,0.2157284056725397,0.0,83.51254480286737,0,EXCELLENT
0.5676117775354417,1.0,0.0,0.4615384615384615,0.5,0.8333333333333333,0.5,0.0,1.0,0.0,0.4,0.0,0.0,0.0,0.3333333333333333,1.0,0.0,0.6292794728548918,0.0,44.086021505376316,0,AVERAGE
0.5681570338058888,0.6666666666666666,0.0,0.2307692307692307,0.6666666666666666,0.2222222222222222,1.0,0.6666666666666666,0.5,0.0,0.0,0.3333333333333333,0.0,0.0,0.0,0.6666666666666666,0.0,0.2787566251253402,0.0,70.25089605734765,0,GOOD
0.5687022900763359,0.3333333333333333,0.0,0.6153846153846154,0.1666666666666666,0.1111111111111111,0.5,1.0,1.0,0.0,0.0,1.0,0.0,0.0,0.6666666666666666,0.3333333333333333,0.0,0.3667096404526572,0.0,85.66308243727595,0,EXCELLENT
0.569247546346783,0.3333333333333333,0.0,0.3076923076923077,0.1666666666666666,0.3888888888888889,0.5,0.0,0.0,0.0,0.4,0.0,0.0,0.3333333333333333,0.6666666666666666,0.3333333333333333,0.3333333333333333,0.1461108723678556,0.0,56.2724014336918,0,AVERAGE
0.5697928026172301,0.0,0.5,0.3846153846153846,0.1666666666666666,0.9444444444444444,0.0,0.3333333333333333,0.0,0.0,0.2,0.3333333333333333,0.0,0.0,0.6666666666666666,0.0,0.0,0.8481592895000717,0.0,57.70609318996415,0,AVERAGE
0.5703380588876772,0.3333333333333333,0.5,0.4615384615384615,0.3333333333333333,0.1666666666666666,1.0,0.6666666666666666,0.0,0.0,0.0,0.0,0.0,0.0,1.0,0.3333333333333333,0.0,0.1882251826385904,0.0,81.72043010752691,0,EXCELLENT
0.5714285714285715,0.3333333333333333,1.0,1.0,0.3333333333333333,0.0555555555555555,1.0,1.0,0.0,0.0,0.0,1.0,0.0,0.3333333333333333,1.0,0.3333333333333333,0.3333333333333333,0.2774674115456239,0.0,83.15412186379926,0,EXCELLENT
0.5719738276990186,0.6666666666666666,0.0,0.3846153846153846,0.5,0.6666666666666665,1.0,0.6666666666666666,0.5,0.0,0.4,0.3333333333333333,0.0,0.3333333333333333,0.6666666666666666,0.6666666666666666,0.3333333333333333,0.1203266007735281,0.0,67.74193548387096,0,GOOD
0.5725190839694657,0.3333333333333333,1.0,0.2307692307692307,0.3333333333333333,0.7222222222222221,1.0,0.6666666666666666,1.0,0.0,0.0,0.0,0.0833333333333333,0.0,1.0,0.3333333333333333,0.0,0.2257556224036671,0.0,74.55197132616489,0,GOOD
0.5730643402399128,0.3333333333333333,1.0,0.9230769230769232,0.1666666666666666,0.0555555555555555,0.5,1.0,1.0,0.0,0.0,0.3333333333333333,0.0,0.0,0.0,0.3333333333333333,0.0,0.4568113450795015,0.0,94.98207885304654,0,EXCELLENT
0.5736095965103599,0.3333333333333333,0.0,0.6153846153846154,0.5,0.1666666666666666,0.0,0.3333333333333333,0.0,0.0,0.0,0.3333333333333333,0.0833333333333333,0.6666666666666666,0.0,0.3333333333333333,0.6666666666666666,0.1899441340782122,0.0,61.29032258064516,0,GOOD
0.574154852780807,0.6666666666666666,0.0,1.0,0.6666666666666666,0.3888888888888889,0.5,0.6666666666666666,0.0,0.0,0.0,0.3333333333333333,0.0,0.6666666666666666,0.0,0.6666666666666666,0.6666666666666666,0.282051282051282,0.0,68.10035842293908,0,GOOD
0.5747001090512541,0.6666666666666666,0.5,1.0,0.3333333333333333,0.0555555555555555,1.0,0.3333333333333333,0.0,0.0,1.0,1.0,0.0833333333333333,0.3333333333333333,0.0,0.6666666666666666,0.3333333333333333,0.3844721386620828,0.0,57.34767025089603,0,AVERAGE
0.5752453653217012,0.3333333333333333,0.0,0.3076923076923077,0.5,0.0,0.0,0.6666666666666666,0.5,0.0,0.0,0.0,0.0,0.6666666666666666,1.0,0.3333333333333333,0.6666666666666666,0.506374444921931,0.0,80.64516129032258,0,EXCELLENT
0.5757906215921483,0.6666666666666666,1.0,0.3846153846153846,0.3333333333333333,0.3333333333333333,0.0,0.0,0.5,0.0,0.6000000000000001,1.0,0.0,0.6666666666666666,0.0,0.6666666666666666,0.6666666666666666,0.2094255837272597,0.0,40.86021505376341,0,AVERAGE
0.5768811341330425,0.6666666666666666,0.0,0.9230769230769232,0.6666666666666666,0.0,0.0,1.0,0.5,0.0,0.2,0.0,0.0,0.3333333333333333,0.6666666666666666,0.6666666666666666,0.3333333333333333,0.5610943990832259,0.0,90.32258064516128,0,EXCELLENT
0.5774263904034896,0.3333333333333333,0.0,0.3076923076923077,0.1666666666666666,0.2222222222222222,0.0,0.6666666666666666,0.0,0.0,0.0,0.6666666666666666,0.0,1.0,0.0,0.3333333333333333,1.0,0.4479300959747887,0.0,75.6272401433692,0,GOOD
0.5779716466739367,0.6666666666666666,1.0,0.6923076923076923,0.6666666666666666,0.7777777777777777,1.0,1.0,0.0,0.0,0.0,1.0,0.0,0.0,0.0,0.6666666666666666,0.0,0.3768801031370863,0.0,67.38351254480285,0,GOOD
0.5785169029443838,0.3333333333333333,0.5,0.8461538461538463,0.3333333333333333,0.1111111111111111,0.5,0.6666666666666666,1.0,0.0,0.2,0.3333333333333333,0.0,0.0,1.0,0.3333333333333333,0.0,0.2905027932960894,0.0,78.1362007168458,0,GOOD
0.579062159214831,0.3333333333333333,0.0,0.0769230769230769,0.3333333333333333,0.7777777777777777,0.0,1.0,0.5,0.0,0.2,0.0,0.0,0.3333333333333333,0.3333333333333333,0.3333333333333333,0.3333333333333333,0.1350809339636155,0.0,86.73835125448028,0,EXCELLENT
0.579607415485278,0.3333333333333333,1.0,0.3076923076923077,0.1666666666666666,0.1666666666666666,0.0,0.3333333333333333,0.0,0.0,0.0,1.0,0.0,0.3333333333333333,1.0,0.3333333333333333,0.3333333333333333,0.2160148975791433,0.0,59.13978494623658,0,AVERAGE
0.5801526717557253,0.3333333333333333,0.0,0.0,0.3333333333333333,0.0,0.5,0.6666666666666666,1.0,0.0,0.2,0.0,0.0833333333333333,0.0,0.3333333333333333,0.3333333333333333,0.0,0.5449076063601204,0.0,83.87096774193549,0,EXCELLENT
0.5806979280261724,0.6666666666666666,0.5,0.5384615384615385,0.5,0.3888888888888889,0.0,0.6666666666666666,1.0,0.0,0.0,1.0,0.0,0.0,1.0,0.6666666666666666,0.0,0.0664661223320441,0.0,62.7240143369176,0,GOOD
0.5812431842966195,0.3333333333333333,0.0,1.0,0.3333333333333333,0.1666666666666666,0.0,0.0,0.5,0.0,0.2,0.3333333333333333,0.0,0.6666666666666666,0.6666666666666666,0.3333333333333333,0.6666666666666666,0.2079931241942415,0.0,51.61290322580645,0,AVERAGE
0.5823336968375137,0.6666666666666666,0.5,1.0,0.6666666666666666,0.1666666666666666,0.0,1.0,0.5,0.0,0.4,0.6666666666666666,0.0833333333333333,0.3333333333333333,1.0,0.6666666666666666,0.3333333333333333,0.3167168027503223,0.0,79.56989247311834,0,GOOD
0.5828789531079608,1.0,1.0,0.9230769230769232,0.5,0.2777777777777777,0.5,0.0,0.0,0.0,0.0,0.0,0.0,0.3333333333333333,0.3333333333333333,1.0,0.3333333333333333,0.4772955164016617,0.0,51.25448028673835,0,AVERAGE
0.5834242093784079,0.6666666666666666,0.5,0.0,0.5,0.0555555555555555,0.5,0.6666666666666666,0.0,0.0,0.0,0.0,0.0833333333333333,0.6666666666666666,0.6666666666666666,0.6666666666666666,0.6666666666666666,0.2999570262140095,0.0,79.92831541218635,0,GOOD
0.583969465648855,0.3333333333333333,1.0,0.0,0.5,0.4444444444444445,0.0,0.6666666666666666,0.5,0.0,0.0,0.0,0.1666666666666666,0.0,1.0,0.3333333333333333,0.0,0.3148546053573987,0.0,74.910394265233,0,GOOD
0.5845147219193021,0.6666666666666666,0.0,0.7692307692307693,0.3333333333333333,0.2777777777777777,1.0,0.6666666666666666,0.0,0.0,0.0,0.3333333333333333,0.0,1.0,0.3333333333333333,0.6666666666666666,1.0,0.396218306832832,0.0,75.98566308243724,0,GOOD
0.5850599781897492,0.6666666666666666,0.0,0.7692307692307693,0.5,0.1666666666666666,0.5,0.6666666666666666,1.0,0.0,0.0,0.6666666666666666,0.0,0.3333333333333333,0.6666666666666666,0.6666666666666666,0.3333333333333333,0.094255837272597,0.0,69.89247311827963,0,GOOD
0.5856052344601963,0.3333333333333333,0.0,0.4615384615384615,0.5,1.0,0.5,0.3333333333333333,0.5,0.0,0.4,0.3333333333333333,0.0,0.6666666666666666,0.0,0.3333333333333333,0.6666666666666666,0.5153989399799456,0.0,50.537634408602116,0,AVERAGE
0.5861504907306434,0.6666666666666666,0.0,0.7692307692307693,0.5,0.2222222222222222,0.0,0.6666666666666666,1.0,0.0,0.0,0.0,0.0833333333333333,0.0,0.6666666666666666,0.6666666666666666,0.0,0.184644033806045,0.0,77.77777777777779,0,GOOD
0.5866957470010905,0.3333333333333333,0.0,0.0769230769230769,0.3333333333333333,0.7777777777777777,0.0,1.0,1.0,0.0,0.0,0.0,0.0,0.0,0.3333333333333333,0.3333333333333333,0.0,0.2460965477725254,0.0,86.73835125448028,0,EXCELLENT
0.5872410032715376,0.3333333333333333,1.0,0.8461538461538463,0.5,0.9444444444444444,1.0,0.3333333333333333,0.0,0.0,0.0,0.3333333333333333,0.0,0.0,0.6666666666666666,0.3333333333333333,0.0,0.463543904884687,0.0,51.25448028673835,0,AVERAGE
0.5883315158124318,0.3333333333333333,0.5,0.5384615384615385,0.3333333333333333,0.6111111111111112,0.0,0.3333333333333333,0.5,0.0,0.2,0.0,0.0833333333333333,0.0,0.3333333333333333,0.3333333333333333,0.0,0.1620111731843575,0.0,63.082437275985626,0,GOOD
0.588876772082879,0.3333333333333333,0.0,0.7692307692307693,0.1666666666666666,0.8333333333333333,1.0,1.0,1.0,0.0,0.0,0.3333333333333333,0.0,0.0,0.0,0.3333333333333333,0.0,0.3790287924366137,0.0,84.94623655913972,0,EXCELLENT
0.5894220283533261,0.3333333333333333,1.0,0.7692307692307693,0.5,0.8888888888888888,0.0,0.6666666666666666,0.0,0.0,0.2,1.0,0.0833333333333333,0.0,0.6666666666666666,0.3333333333333333,0.0,0.436613665663945,0.0,56.2724014336918,0,AVERAGE
0.5899672846237732,1.0,1.0,0.6923076923076923,0.8333333333333333,0.2777777777777777,0.5,0.0,0.5,0.0,0.0,0.0,0.0833333333333333,0.6666666666666666,0.3333333333333333,1.0,0.6666666666666666,0.9189227904311704,0.0,44.802867383512535,0,AVERAGE
0.5905125408942203,0.6666666666666666,0.5,0.0769230769230769,0.5,0.1111111111111111,1.0,0.0,1.0,0.0,0.0,0.3333333333333333,0.0,0.6666666666666666,0.6666666666666666,0.6666666666666666,0.6666666666666666,0.2316287064890417,0.0,49.10394265232968,0,AVERAGE
0.5910577971646674,0.0,0.5,0.1538461538461538,0.0,0.9444444444444444,1.0,0.3333333333333333,1.0,0.0,0.6000000000000001,0.3333333333333333,0.0,0.3333333333333333,1.0,0.0,0.3333333333333333,0.9712075633863344,0.0,60.93189964157705,0,GOOD
0.5916030534351145,0.3333333333333333,1.0,0.9230769230769232,0.5,0.0555555555555555,0.0,0.3333333333333333,0.5,0.0,0.4,1.0,0.0,0.3333333333333333,0.6666666666666666,0.3333333333333333,0.3333333333333333,0.3141383755908895,0.0,54.12186379928313,0,AVERAGE
0.5921483097055616,0.6666666666666666,0.5,0.0,0.5,0.0555555555555555,1.0,0.3333333333333333,0.0,0.0,0.0,0.3333333333333333,0.0,0.6666666666666666,0.3333333333333333,0.6666666666666666,0.6666666666666666,0.3210141813493768,0.0,62.72401433691751,0,GOOD
0.5926935659760088,0.6666666666666666,0.0,0.9230769230769232,0.6666666666666666,0.9444444444444444,1.0,0.3333333333333333,0.0,0.0,0.2,1.0,0.0,0.3333333333333333,0.0,0.6666666666666666,0.3333333333333333,0.4940552929379745,0.0,39.42652329749106,0,POOR
0.593784078516903,0.6666666666666666,0.0,0.3076923076923077,0.3333333333333333,0.8333333333333333,0.0,1.0,0.0,0.0,0.0,0.3333333333333333,0.0,0.3333333333333333,0.3333333333333333,0.6666666666666666,0.3333333333333333,0.3132788998710786,0.0,81.72043010752682,0,EXCELLENT
0.5943293347873501,0.0,1.0,0.1538461538461538,0.0,0.1666666666666666,0.5,0.3333333333333333,0.0,0.0,0.0,0.6666666666666666,0.0,0.0,0.6666666666666666,0.0,0.0,0.9545910328033234,0.0,66.66666666666673,0,GOOD
0.5948745910577972,0.0,1.0,0.4615384615384615,0.0,0.7777777777777777,1.0,0.6666666666666666,0.5,0.0,1.0,0.0,0.0833333333333333,0.6666666666666666,0.6666666666666666,0.0,0.6666666666666666,0.9035954734278756,0.0,80.28673835125447,0,EXCELLENT
0.5954198473282443,1.0,0.5,0.1538461538461538,0.8333333333333333,0.2777777777777777,0.0,1.0,1.0,0.0,0.6000000000000001,0.0,0.1666666666666666,0.3333333333333333,0.0,1.0,0.3333333333333333,0.9273743016759776,0.0,83.51254480286737,0,EXCELLENT
0.5959651035986914,0.0,0.5,0.7692307692307693,0.0,0.4444444444444445,1.0,0.3333333333333333,0.0,0.0,0.0,0.3333333333333333,0.0,0.3333333333333333,0.0,0.0,0.3333333333333333,0.8951439621830684,0.0,67.38351254480285,0,GOOD
0.5965103598691385,0.3333333333333333,0.5,0.9230769230769232,0.3333333333333333,0.6111111111111112,1.0,0.0,0.0,0.0,0.0,0.3333333333333333,0.0,0.0,0.0,0.3333333333333333,0.0,0.1362269015900301,0.0,45.878136200716774,0,AVERAGE
0.5970556161395857,0.0,0.0,0.9230769230769232,0.1666666666666666,0.3333333333333333,0.5,0.6666666666666666,1.0,0.0,0.0,0.3333333333333333,0.0,0.0,0.0,0.0,0.0,0.6736857183784558,0.0,78.49462365591393,0,GOOD
0.5976008724100328,0.6666666666666666,0.5,0.0769230769230769,0.3333333333333333,0.5555555555555556,0.0,0.6666666666666666,0.5,0.0,0.0,0.3333333333333333,0.0,1.0,0.3333333333333333,0.6666666666666666,1.0,0.3783125626701046,0.0,72.40143369175622,0,GOOD
0.5981461286804799,0.3333333333333333,0.0,0.9230769230769232,0.5,0.0555555555555555,0.5,0.0,1.0,0.0,0.2,0.3333333333333333,0.0,0.3333333333333333,0.6666666666666666,0.3333333333333333,0.3333333333333333,0.3141383755908895,0.0,49.8207885304659,0,AVERAGE
0.5992366412213741,1.0,0.0,0.1538461538461538,0.6666666666666666,0.1666666666666666,1.0,0.3333333333333333,0.5,0.0,0.2,0.0,0.0833333333333333,0.0,0.3333333333333333,1.0,0.0,0.694169889700616,0.0,62.3655913978495,0,GOOD
0.5997818974918212,0.6666666666666666,0.0,0.9230769230769232,0.6666666666666666,0.6111111111111112,0.5,0.6666666666666666,1.0,0.0,0.4,0.0,0.0,0.3333333333333333,0.6666666666666666,0.6666666666666666,0.3333333333333333,0.2625698324022346,0.0,69.53405017921142,0,GOOD
0.6003271537622683,1.0,0.0,0.6153846153846154,0.5,0.1666666666666666,0.0,0.6666666666666666,0.0,0.0,0.0,1.0,0.0,0.0,0.3333333333333333,1.0,0.0,0.5502077066322876,0.0,65.5913978494624,0,GOOD
0.6008724100327154,0.3333333333333333,0.0,0.8461538461538463,0.1666666666666666,0.2777777777777777,0.5,0.3333333333333333,0.0,0.0,0.2,0.6666666666666666,0.0,0.0,1.0,0.3333333333333333,0.0,0.2085661080074488,0.0,62.00716845878138,0,GOOD
0.6014176663031625,1.0,0.0,0.0,0.5,0.5555555555555556,1.0,0.3333333333333333,1.0,0.0,0.0,1.0,0.0,0.0,0.6666666666666666,1.0,0.0,0.4982094255837273,0.0,47.670250896057325,0,AVERAGE
0.6019629225736096,0.3333333333333333,1.0,0.7692307692307693,0.5,0.7777777777777777,1.0,0.3333333333333333,0.0,0.0,0.0,0.3333333333333333,0.0,0.6666666666666666,0.6666666666666666,0.3333333333333333,0.6666666666666666,0.2516831399512964,0.0,53.405017921146914,0,AVERAGE
0.6025081788440567,0.6666666666666666,1.0,0.9230769230769232,0.6666666666666666,0.5555555555555556,0.5,1.0,1.0,0.0,0.0,1.0,0.0,0.6666666666666666,0.3333333333333333,0.6666666666666666,0.6666666666666666,0.2627130783555365,0.0,70.25089605734765,0,GOOD
0.6030534351145038,0.6666666666666666,0.0,0.9230769230769232,0.3333333333333333,0.0555555555555555,0.5,0.0,0.5,0.0,0.0,0.6666666666666666,0.0,1.0,0.3333333333333333,0.6666666666666666,1.0,0.6474717089242229,0.0,48.74551971326166,0,AVERAGE
0.6035986913849509,0.6666666666666666,0.0,0.6923076923076923,0.5,0.6111111111111112,1.0,0.6666666666666666,0.5,0.0,0.0,1.0,0.0,0.0,0.0,0.6666666666666666,0.0,0.0643174330325168,0.0,59.856630824372715,0,AVERAGE
0.604143947655398,0.0,0.0,0.6923076923076923,0.1666666666666666,0.8888888888888888,1.0,1.0,0.0,0.0,0.0,1.0,0.0,0.3333333333333333,0.6666666666666666,0.0,0.3333333333333333,0.7276894427732417,0.0,75.6272401433692,0,GOOD
0.6052344601962922,0.6666666666666666,0.5,0.6153846153846154,0.6666666666666666,0.6111111111111112,0.0,0.3333333333333333,1.0,0.0,0.0,0.6666666666666666,0.0,0.0,0.0,0.6666666666666666,0.0,0.2694456381607219,0.0,48.02867383512544,0,AVERAGE
0.6057797164667394,0.3333333333333333,1.0,0.3076923076923077,0.1666666666666666,0.6666666666666665,1.0,1.0,1.0,0.0,0.0,0.3333333333333333,0.0,0.0,0.0,0.3333333333333333,0.0,0.2347801174616817,0.0,87.09677419354838,0,EXCELLENT
0.6063249727371866,0.3333333333333333,0.0,0.8461538461538463,0.3333333333333333,0.8888888888888888,0.0,0.3333333333333333,0.0,0.0,0.0,0.6666666666666666,0.0,0.3333333333333333,0.6666666666666666,0.3333333333333333,0.3333333333333333,0.1920928233777395,0.0,50.89605734767032,0,AVERAGE
0.6068702290076337,0.6666666666666666,1.0,0.7692307692307693,0.6666666666666666,0.4999999999999999,1.0,0.3333333333333333,1.0,0.3333333333333333,0.2,0.3333333333333333,0.0833333333333333,0.0,1.0,0.6666666666666666,0.0,0.3250250680418278,0.0,45.16129032258064,0,AVERAGE
0.6074154852780808,0.3333333333333333,0.0,0.6153846153846154,0.5,0.0555555555555555,0.0,0.0,0.0,0.0,0.0,0.0,0.0,0.0,1.0,0.3333333333333333,0.0,0.4156997564818794,0.0,54.12186379928313,0,AVERAGE
0.6079607415485279,1.0,0.5,0.8461538461538463,0.6666666666666666,0.9444444444444444,0.5,0.6666666666666666,1.0,0.0,0.0,0.6666666666666666,0.0,0.0,0.3333333333333333,1.0,0.0,0.800315141097264,0.0,56.6308243727599,0,AVERAGE
0.608505997818975,0.6666666666666666,1.0,0.2307692307692307,0.5,0.6666666666666665,1.0,0.6666666666666666,1.0,0.0,0.0,0.6666666666666666,0.0,0.3333333333333333,0.6666666666666666,0.6666666666666666,0.3333333333333333,0.1203266007735281,0.0,63.44086021505383,0,GOOD
0.6090512540894221,0.3333333333333333,0.0,1.0,0.5,0.1111111111111111,1.0,0.0,0.5,0.0,0.0,1.0,0.0833333333333333,0.0,0.6666666666666666,0.3333333333333333,0.0,0.3965047987394356,0.0,40.5017921146953,0,AVERAGE
0.6095965103598692,0.6666666666666666,1.0,0.3846153846153846,0.5,0.0,0.0,0.3333333333333333,1.0,0.0,0.0,0.3333333333333333,0.0,0.0,1.0,0.6666666666666666,0.0,0.3389199255121043,0.0,63.44086021505373,0,GOOD
0.6101417666303163,0.3333333333333333,0.0,0.0769230769230769,0.5,0.6111111111111112,0.5,0.0,0.0,0.0,0.0,0.3333333333333333,0.0,0.3333333333333333,1.0,0.3333333333333333,0.3333333333333333,0.0530010027216731,0.0,42.65232974910387,0,AVERAGE
0.6117775354416576,0.3333333333333333,1.0,0.6923076923076923,0.3333333333333333,0.1666666666666666,0.5,1.0,1.0,0.0,0.0,0.6666666666666666,0.0,0.0,1.0,0.3333333333333333,0.0,0.1882251826385904,0.0,86.02150537634414,0,EXCELLENT
0.6123227917121047,1.0,1.0,0.6923076923076923,0.8333333333333333,0.6666666666666665,0.5,0.3333333333333333,0.0,0.0,0.4,0.6666666666666666,0.0,0.3333333333333333,1.0,1.0,0.3333333333333333,0.8402807620684716,0.0,44.08602150537641,0,AVERAGE
0.6128680479825518,0.6666666666666666,1.0,0.0,0.6666666666666666,0.8333333333333333,0.5,0.6666666666666666,0.5,0.0,0.2,0.0,0.0,0.0,1.0,0.6666666666666666,0.0,0.4308838275318722,0.0,66.66666666666664,0,GOOD
0.6134133042529989,0.3333333333333333,1.0,0.3846153846153846,0.3333333333333333,0.4444444444444445,0.5,0.6666666666666666,1.0,0.0,0.0,0.0,0.0,0.6666666666666666,0.0,0.3333333333333333,0.6666666666666666,0.1622976650909612,0.0,78.13620071684589,0,GOOD
0.613958560523446,0.3333333333333333,1.0,0.0,0.1666666666666666,0.1666666666666666,0.0,0.3333333333333333,1.0,0.0,0.0,0.0,0.0,1.0,0.3333333333333333,0.3333333333333333,1.0,0.4913336198252399,0.0,72.0430107526882,0,GOOD
0.6145038167938932,0.3333333333333333,1.0,0.0769230769230769,0.1666666666666666,0.7777777777777777,1.0,0.3333333333333333,0.5,0.0,0.0,0.3333333333333333,0.0,0.0,1.0,0.3333333333333333,0.0,0.3215871651625842,0.0,59.856630824372715,0,AVERAGE
0.6150490730643403,1.0,1.0,0.3076923076923077,0.8333333333333333,0.2222222222222222,0.5,1.0,1.0,0.0,0.4,1.0,0.0833333333333333,0.0,0.0,1.0,0.0,0.933533877667956,0.0,71.32616487455198,0,GOOD
0.6155943293347874,0.0,0.5,0.5384615384615385,0.1666666666666666,1.0,1.0,0.0,1.0,0.0,0.8,0.0,0.0,0.0,0.3333333333333333,0.0,0.0,0.9353960750608796,0.0,48.38709677419355,0,AVERAGE
0.6161395856052345,0.6666666666666666,1.0,0.6153846153846154,0.3333333333333333,0.6111111111111112,1.0,1.0,1.0,0.0,0.0,0.3333333333333333,0.0,0.0,0.3333333333333333,0.6666666666666666,0.0,0.171895143962183,0.0,84.58781362007161,0,EXCELLENT
0.6166848418756816,0.3333333333333333,0.5,0.0769230769230769,0.5,0.9444444444444444,1.0,1.0,0.0,0.0,0.4,0.3333333333333333,0.0,0.0,0.6666666666666666,0.3333333333333333,0.0,0.463543904884687,0.0,77.06093189964157,0,GOOD
0.6172300981461287,0.3333333333333333,1.0,0.6153846153846154,0.1666666666666666,0.2777777777777777,0.5,0.0,1.0,0.0,0.0,0.6666666666666666,0.0,0.0,0.3333333333333333,0.3333333333333333,0.0,0.2085661080074488,0.0,49.10394265232977,0,AVERAGE
0.6177753544165758,0.3333333333333333,0.0,0.9230769230769232,0.3333333333333333,0.4999999999999999,1.0,0.0,0.5,0.0,0.0,0.0,0.0,0.0,0.6666666666666666,0.3333333333333333,0.0,0.1463973642744592,0.0,51.61290322580645,0,AVERAGE
0.6183206106870229,0.3333333333333333,0.5,0.1538461538461538,0.3333333333333333,0.0,0.5,0.6666666666666666,0.0,0.0,0.2,0.6666666666666666,0.0,0.0,0.3333333333333333,0.3333333333333333,0.0,0.4721386620827962,0.0,75.26881720430111,0,GOOD
0.61886586695747,0.3333333333333333,1.0,0.6153846153846154,0.5,0.5555555555555556,1.0,0.6666666666666666,0.0,0.0,0.2,0.3333333333333333,0.0,0.3333333333333333,1.0,0.3333333333333333,0.3333333333333333,0.0342357828391347,0.0,69.17562724014333,0,GOOD
0.6194111232279171,0.3333333333333333,1.0,0.3076923076923077,0.1666666666666666,0.9444444444444444,0.0,0.0,0.0,0.0,0.0,0.0,0.0,0.3333333333333333,0.3333333333333333,0.3333333333333333,0.3333333333333333,0.3240223463687151,0.0,49.10394265232977,0,AVERAGE
0.6199563794983642,0.3333333333333333,1.0,0.3076923076923077,0.1666666666666666,0.1666666666666666,1.0,0.6666666666666666,0.0,0.0,0.2,0.6666666666666666,0.0,0.0,1.0,0.3333333333333333,0.0,0.2781836413121329,0.0,76.34408602150545,0,GOOD
0.6205016357688113,0.3333333333333333,0.0,1.0,0.1666666666666666,0.4444444444444445,0.5,0.0,1.0,0.0,0.0,0.0,0.0833333333333333,1.0,0.3333333333333333,0.3333333333333333,1.0,0.4254404813064031,0.0,55.55555555555558,0,AVERAGE
0.6210468920392584,0.3333333333333333,0.0,0.7692307692307693,0.5,0.8888888888888888,0.0,0.6666666666666666,0.0,0.0,0.0,0.6666666666666666,0.0,1.0,0.0,0.3333333333333333,1.0,0.4742873513823234,0.0,60.57347670250903,0,GOOD
0.6215921483097055,0.6666666666666666,1.0,0.7692307692307693,0.5,0.1111111111111111,0.0,0.3333333333333333,0.5,0.0,0.6000000000000001,0.0,0.0,0.0,1.0,0.6666666666666666,0.0,0.1829250823664231,0.0,66.30824372759852,0,GOOD
0.6226826608505998,0.0,0.5,0.5384615384615385,0.0,0.1111111111111111,1.0,0.3333333333333333,0.5,0.0,0.6000000000000001,1.0,0.0,0.0,1.0,0.0,0.0,0.9798023205844436,0.0,63.082437275985626,0,GOOD
0.623227917121047,0.3333333333333333,0.5,0.3846153846153846,0.3333333333333333,0.7777777777777777,1.0,0.3333333333333333,0.5,0.0,0.0,0.6666666666666666,0.0,0.6666666666666666,1.0,0.3333333333333333,0.6666666666666666,0.195673972210285,0.0,52.32974910394267,0,AVERAGE
0.6237731733914941,0.0,1.0,0.6923076923076923,0.0,0.2777777777777777,0.5,0.6666666666666666,0.0,0.0,0.4,1.0,0.0,0.3333333333333333,0.6666666666666666,0.0,0.3333333333333333,0.8931385188368429,0.0,73.83512544802866,0,GOOD
0.6243184296619412,0.6666666666666666,0.5,0.1538461538461538,0.5,0.3888888888888889,0.0,0.6666666666666666,0.5,0.0,0.4,1.0,0.0833333333333333,0.0,0.3333333333333333,0.6666666666666666,0.0,0.1688869789428448,0.0,62.7240143369176,0,GOOD
0.6248636859323883,0.3333333333333333,1.0,0.2307692307692307,0.3333333333333333,0.6111111111111112,0.5,1.0,0.0,0.0,0.0,0.3333333333333333,0.0,0.3333333333333333,0.0,0.3333333333333333,0.3333333333333333,0.0012892135797163,0.0,84.58781362007161,0,EXCELLENT
0.6254089422028354,0.6666666666666666,1.0,0.3076923076923077,0.3333333333333333,0.8333333333333333,0.0,0.6666666666666666,0.0,0.0,0.0,0.3333333333333333,0.0,1.0,0.0,0.6666666666666666,1.0,0.5353101274888984,0.0,68.81720430107521,0,GOOD
0.6259541984732825,0.3333333333333333,0.5,0.3076923076923077,0.1666666666666666,0.0,1.0,0.6666666666666666,0.5,0.0,0.2,0.3333333333333333,0.0,0.6666666666666666,0.0,0.3333333333333333,0.6666666666666666,0.579286635152557,0.0,82.79569892473116,0,EXCELLENT
0.6264994547437296,0.0,0.0,0.1538461538461538,0.1666666666666666,0.0,0.0,0.0,0.5,0.0,0.4,0.0,0.0,0.0,0.3333333333333333,0.0,0.0,0.9371150265005014,0.0,61.29032258064516,0,GOOD
0.6270447110141767,0.3333333333333333,0.0,0.5384615384615385,0.5,0.1666666666666666,0.5,0.6666666666666666,0.5,0.0,0.0,0.0,0.0833333333333333,0.0,0.3333333333333333,0.3333333333333333,0.0,0.296375877381464,0.0,78.49462365591401,0,GOOD
0.6275899672846238,0.3333333333333333,1.0,0.6153846153846154,0.1666666666666666,0.5555555555555556,0.0,1.0,1.0,0.0,0.2,0.6666666666666666,0.0833333333333333,0.0,0.6666666666666666,0.3333333333333333,0.0,0.2913622690159003,0.0,84.2293906810036,0,EXCELLENT
0.628680479825518,1.0,0.0,0.6153846153846154,1.0,0.3888888888888889,0.5,0.3333333333333333,0.0,0.0,0.2,0.0,0.0,0.0,1.0,1.0,0.0,0.9787995989113308,0.0,53.0465949820789,0,AVERAGE
0.6292257360959651,0.6666666666666666,1.0,0.2307692307692307,0.3333333333333333,0.8333333333333333,1.0,0.0,0.0,0.0,0.2,0.3333333333333333,0.0833333333333333,0.0,0.0,0.6666666666666666,0.0,0.38504512247529,0.0,43.01075268817198,0,AVERAGE
0.6297709923664122,0.0,0.5,0.1538461538461538,0.1666666666666666,0.8888888888888888,1.0,0.3333333333333333,0.0,0.0,0.4,0.0,0.0833333333333333,0.6666666666666666,0.6666666666666666,0.0,0.6666666666666666,0.736140954018049,0.0,62.7240143369176,0,GOOD
0.6303162486368593,0.6666666666666666,0.5,0.6153846153846154,0.6666666666666666,0.3888888888888889,1.0,0.3333333333333333,0.0,0.0,0.4,0.0,0.0,0.3333333333333333,0.0,0.6666666666666666,0.3333333333333333,0.2942271880819366,0.0,59.4982078853047,0,AVERAGE
0.6308615049073064,0.3333333333333333,0.5,0.1538461538461538,0.5,0.4444444444444445,1.0,0.0,0.5,0.0,0.0,0.0,0.0,0.0,0.6666666666666666,0.3333333333333333,0.0,0.2396504798739435,0.0,49.10394265232977,0,AVERAGE
0.6314067611777536,0.3333333333333333,0.5,0.3076923076923077,0.5,1.0,0.0,0.0,1.0,0.0,0.0,0.3333333333333333,0.0,1.0,0.0,0.3333333333333333,1.0,0.7084944850307979,0.0,37.63440860215051,0,POOR
0.6319520174482007,1.0,0.5,0.3076923076923077,0.6666666666666666,0.0555555555555555,0.0,1.0,1.0,0.0,0.0,0.6666666666666666,0.0,0.0,0.6666666666666666,1.0,0.0,0.7382896433175763,0.0,81.0035842293907,0,EXCELLENT
0.6324972737186478,0.0,1.0,0.9230769230769232,0.1666666666666666,0.1111111111111111,0.0,0.3333333333333333,1.0,0.0,0.0,0.0,0.0,0.0,1.0,0.0,0.0,0.763071193238791,0.0,72.75985663082433,0,GOOD
0.6330425299890949,0.3333333333333333,0.5,0.4615384615384615,0.1666666666666666,0.3888888888888889,0.5,0.3333333333333333,0.5,0.0,0.0,0.3333333333333333,0.0,0.0,0.3333333333333333,0.3333333333333333,0.0,0.214725683999427,0.0,64.87455197132618,0,GOOD
0.633587786259542,0.6666666666666666,0.0,0.6153846153846154,0.3333333333333333,0.2777777777777777,1.0,1.0,1.0,0.0,0.6000000000000001,0.0,0.0833333333333333,0.0,0.0,0.6666666666666666,0.0,0.2877811201833548,0.0,93.18996415770609,0,EXCELLENT
0.6346782988004362,1.0,0.0,0.2307692307692307,1.0,0.5555555555555556,0.0,1.0,0.5,0.0,0.0,0.6666666666666666,0.0,0.3333333333333333,0.3333333333333333,1.0,0.3333333333333333,0.938260994126916,0.0,68.10035842293908,0,GOOD
0.6352235550708834,0.3333333333333333,1.0,1.0,0.1666666666666666,0.1111111111111111,1.0,0.6666666666666666,1.0,0.0,0.0,0.0,0.0,0.3333333333333333,0.6666666666666666,0.3333333333333333,0.3333333333333333,0.3023922074201404,0.0,85.66308243727595,0,EXCELLENT
0.6357688113413305,0.3333333333333333,0.0,0.5384615384615385,0.5,0.7222222222222221,1.0,0.0,1.0,0.0,0.0,0.6666666666666666,0.0,0.3333333333333333,0.6666666666666666,0.3333333333333333,0.3333333333333333,0.1696032087093539,0.0,36.91756272401438,0,POOR
0.6363140676117776,0.6666666666666666,0.0,0.6923076923076923,0.3333333333333333,0.9444444444444444,0.5,0.3333333333333333,1.0,0.0,0.2,0.6666666666666666,0.0,0.0,1.0,0.6666666666666666,0.0,0.4615384615384615,0.0,50.1792114695341,0,AVERAGE
0.6368593238822247,0.6666666666666666,0.0,0.8461538461538463,0.6666666666666666,0.7222222222222221,1.0,0.3333333333333333,0.5,0.0,0.0,0.0,0.0,0.0,0.3333333333333333,0.6666666666666666,0.0,0.3601203266007735,0.0,55.197132616487465,0,AVERAGE
0.6374045801526718,0.3333333333333333,0.0,0.7692307692307693,0.1666666666666666,0.8888888888888888,0.0,0.6666666666666666,0.0,0.0,0.4,1.0,0.0,0.0,1.0,0.3333333333333333,0.0,0.4456381607219596,0.0,62.7240143369176,0,GOOD
0.6379498364231189,0.6666666666666666,1.0,0.8461538461538463,0.5,1.0,0.0,0.6666666666666666,1.0,0.0,0.4,0.0,0.0,0.3333333333333333,0.0,0.6666666666666666,0.3333333333333333,0.4495058014611087,0.0,67.74193548387096,0,GOOD
0.638495092693566,0.3333333333333333,1.0,0.9230769230769232,0.5,0.1666666666666666,0.0,0.6666666666666666,1.0,0.0,0.6000000000000001,0.0,0.0,1.0,0.6666666666666666,0.3333333333333333,1.0,0.436613665663945,0.0,78.49462365591401,0,GOOD
0.6390403489640131,0.3333333333333333,0.5,0.9230769230769232,0.1666666666666666,1.0,0.0,0.3333333333333333,0.0,0.0,0.0,0.6666666666666666,0.0,0.0,0.0,0.3333333333333333,0.0,0.5940409683426443,0.0,52.68817204301078,0,AVERAGE
0.6395856052344602,0.3333333333333333,1.0,0.6923076923076923,0.5,0.4444444444444445,0.0,0.0,0.0,0.0,0.2,0.3333333333333333,0.0833333333333333,0.6666666666666666,0.0,0.3333333333333333,0.6666666666666666,0.1353674258702191,0.0,44.802867383512535,0,AVERAGE
0.6406761177753545,0.3333333333333333,0.0,0.4615384615384615,0.3333333333333333,0.5555555555555556,0.5,0.6666666666666666,1.0,0.0,0.0,0.3333333333333333,0.0,0.0,1.0,0.3333333333333333,0.0,0.1332187365706919,0.0,72.40143369175622,0,GOOD
0.6412213740458016,1.0,1.0,0.0,0.6666666666666666,0.2222222222222222,0.0,0.6666666666666666,0.0,0.0,0.0,0.3333333333333333,0.0,0.0,0.0,1.0,0.0,0.5767082079931242,0.0,70.25089605734765,0,GOOD
0.6417666303162487,0.3333333333333333,0.0,1.0,0.5,0.2222222222222222,0.0,1.0,0.5,0.0,0.4,0.3333333333333333,0.0,0.3333333333333333,1.0,0.3333333333333333,0.3333333333333333,0.0837988826815642,0.0,86.37992831541217,0,EXCELLENT
0.6423118865866958,0.3333333333333333,1.0,0.6923076923076923,0.1666666666666666,0.7777777777777777,0.0,0.0,0.5,0.0,0.2,0.0,0.0,0.3333333333333333,0.6666666666666666,0.3333333333333333,0.3333333333333333,0.2284772955164016,0.0,51.25448028673835,0,AVERAGE
0.6428571428571429,0.0,0.5,1.0,0.0,0.1666666666666666,1.0,1.0,0.0,0.0,0.0,0.6666666666666666,0.0,0.0,0.0,0.0,0.0,0.9545910328033234,0.0,92.47311827956996,0,EXCELLENT
0.64340239912759,0.3333333333333333,0.0,1.0,0.3333333333333333,0.9444444444444444,0.5,0.6666666666666666,0.0,0.0,0.0,1.0,0.0,0.6666666666666666,0.3333333333333333,0.3333333333333333,0.6666666666666666,0.3465119610371007,0.0,58.78136200716848,0,AVERAGE
0.6439476553980371,0.6666666666666666,0.0,0.8461538461538463,0.3333333333333333,0.9444444444444444,0.5,0.3333333333333333,1.0,0.0,0.2,0.3333333333333333,0.0,0.0,0.3333333333333333,0.6666666666666666,0.0,0.4615384615384615,0.0,54.480286738351246,0,AVERAGE
0.6444929116684842,0.6666666666666666,0.5,0.0,0.6666666666666666,0.8888888888888888,0.0,0.3333333333333333,0.0,0.0,0.0,0.3333333333333333,0.0833333333333333,0.3333333333333333,1.0,0.6666666666666666,0.3333333333333333,0.3389199255121043,0.0,48.74551971326166,0,AVERAGE
0.6450381679389313,0.6666666666666666,0.0,1.0,0.6666666666666666,0.0,0.5,0.3333333333333333,0.0,0.0,0.2,1.0,0.0,1.0,1.0,0.6666666666666666,1.0,0.8654920498495918,0.0,51.61290322580645,0,AVERAGE
0.6461286804798255,0.3333333333333333,0.5,0.0769230769230769,0.5,0.4444444444444445,0.0,0.6666666666666666,0.5,0.0,0.4,0.3333333333333333,0.0,0.0,0.0,0.3333333333333333,0.0,0.2396504798739435,0.0,70.60931899641577,0,GOOD
0.6466739367502726,0.3333333333333333,0.0,0.0,0.5,1.0,1.0,1.0,0.5,0.0,0.2,0.0,0.0,0.0,0.3333333333333333,0.3333333333333333,0.0,0.6000572983813207,0.0,80.64516129032258,0,EXCELLENT
0.6472191930207197,0.3333333333333333,0.0,1.0,0.5,0.9444444444444444,1.0,0.3333333333333333,0.5,0.0,0.2,0.3333333333333333,0.0,0.0,0.0,0.3333333333333333,0.0,0.463543904884687,0.0,51.25448028673835,0,AVERAGE
0.6477644492911668,1.0,0.0,0.1538461538461538,0.6666666666666666,0.3333333333333333,1.0,0.0,1.0,0.0,0.0,0.3333333333333333,0.0,1.0,0.3333333333333333,1.0,1.0,0.7914338919925512,0.0,43.01075268817198,0,AVERAGE
0.6483097055616139,0.6666666666666666,0.0,0.1538461538461538,0.3333333333333333,0.1111111111111111,0.0,0.3333333333333333,1.0,0.0,0.2,0.6666666666666666,0.0,0.3333333333333333,0.0,0.6666666666666666,0.3333333333333333,0.2304827388626271,0.0,60.93189964157705,0,GOOD
0.6488549618320612,0.6666666666666666,1.0,0.3076923076923077,0.5,0.3333333333333333,0.5,1.0,0.5,0.0,0.0,0.3333333333333333,0.0,0.6666666666666666,0.6666666666666666,0.6666666666666666,0.6666666666666666,0.1204698467268299,0.0,84.94623655913972,0,EXCELLENT
0.6494002181025083,0.3333333333333333,1.0,0.0769230769230769,0.5,0.7222222222222221,0.5,1.0,0.5,0.0,0.2,0.6666666666666666,0.0,0.3333333333333333,0.0,0.3333333333333333,0.3333333333333333,0.1696032087093539,0.0,75.6272401433692,0,GOOD
0.6499454743729554,1.0,0.5,0.8461538461538463,0.5,0.9444444444444444,1.0,1.0,1.0,0.0,0.6000000000000001,0.0,0.0,0.3333333333333333,0.0,1.0,0.3333333333333333,0.6706775533591176,0.0,81.3620071684588,0,EXCELLENT
0.6504907306434025,0.6666666666666666,0.5,0.7692307692307693,0.6666666666666666,0.5555555555555556,0.0,0.0,1.0,0.0,0.0,0.3333333333333333,0.0,0.6666666666666666,0.3333333333333333,0.6666666666666666,0.6666666666666666,0.2627130783555365,0.0,40.14336917562719,0,AVERAGE
0.6515812431842967,0.6666666666666666,1.0,0.3846153846153846,0.3333333333333333,0.3333333333333333,0.5,0.0,1.0,0.0,0.6000000000000001,0.3333333333333333,0.0,0.3333333333333333,0.0,0.6666666666666666,0.3333333333333333,0.114883254548059,0.0,49.46236559139779,0,AVERAGE
0.6521264994547438,0.3333333333333333,0.5,0.3076923076923077,0.5,0.6666666666666665,0.5,0.0,0.5,0.0,0.0,0.3333333333333333,0.0,0.6666666666666666,1.0,0.3333333333333333,0.6666666666666666,0.2105715513536742,0.0,41.935483870967744,0,AVERAGE
0.6526717557251909,0.3333333333333333,0.0,0.1538461538461538,0.3333333333333333,0.1111111111111111,0.5,0.6666666666666666,1.0,0.0,0.0,0.6666666666666666,0.0,0.3333333333333333,1.0,0.3333333333333333,0.3333333333333333,0.1953874803036814,0.0,73.83512544802866,0,GOOD
0.653217011995638,0.6666666666666666,0.0,0.6923076923076923,0.5,0.1111111111111111,0.5,0.6666666666666666,0.0,0.0,0.0,0.3333333333333333,0.0,0.0,1.0,0.6666666666666666,0.0,0.1829250823664231,0.0,74.91039426523291,0,GOOD
0.6537622682660851,0.6666666666666666,0.5,0.0769230769230769,0.5,0.8333333333333333,0.5,0.0,0.5,0.0,0.2,0.3333333333333333,0.0,0.6666666666666666,0.3333333333333333,0.6666666666666666,0.6666666666666666,0.3154275891706059,0.0,39.78494623655908,0,POOR
0.6543075245365322,1.0,0.5,0.0,0.6666666666666666,0.3888888888888889,0.0,0.0,1.0,0.0,0.0,0.0,0.0,0.0,0.3333333333333333,1.0,0.0,0.579286635152557,0.0,46.594982078853086,0,AVERAGE
0.6548527808069793,0.3333333333333333,1.0,0.0,0.1666666666666666,0.2222222222222222,1.0,1.0,1.0,0.0,0.4,1.0,0.1666666666666666,0.3333333333333333,0.0,0.3333333333333333,0.3333333333333333,0.2854891849305257,0.0,84.2293906810036,0,EXCELLENT
0.6553980370774264,0.6666666666666666,0.5,0.6923076923076923,0.6666666666666666,0.4999999999999999,0.5,0.6666666666666666,0.0,0.0,0.0,0.6666666666666666,0.0,0.0,0.3333333333333333,0.6666666666666666,0.0,0.2720240653201546,0.0,62.3655913978495,0,GOOD
0.6559432933478735,0.3333333333333333,0.5,0.5384615384615385,0.1666666666666666,1.0,0.5,0.0,0.5,0.0,0.0,0.0,0.0833333333333333,0.3333333333333333,1.0,0.3333333333333333,0.3333333333333333,0.4613952155851597,0.0,48.38709677419355,0,AVERAGE
0.6564885496183206,0.3333333333333333,1.0,0.0769230769230769,0.5,0.1111111111111111,0.5,1.0,0.0,0.0,1.0,0.3333333333333333,0.1666666666666666,0.0,0.3333333333333333,0.3333333333333333,0.0,0.4917633576851454,0.0,87.81362007168451,0,EXCELLENT
0.6575790621592149,0.3333333333333333,1.0,0.6153846153846154,0.1666666666666666,0.0555555555555555,1.0,0.0,0.5,0.0,0.0,0.3333333333333333,0.0833333333333333,0.6666666666666666,0.3333333333333333,0.3333333333333333,0.6666666666666666,0.4555221314997851,0.0,56.27240143369171,0,AVERAGE
0.658124318429662,0.3333333333333333,0.5,0.6153846153846154,0.1666666666666666,0.5555555555555556,0.5,1.0,1.0,0.0,0.6000000000000001,1.0,0.0,0.0,0.3333333333333333,0.3333333333333333,0.0,0.2271880819366852,0.0,79.92831541218635,0,GOOD
0.6586695747001091,0.6666666666666666,0.0,0.1538461538461538,0.6666666666666666,0.5555555555555556,0.0,1.0,0.5,0.0,0.0,0.0,0.0,0.6666666666666666,0.0,0.6666666666666666,0.6666666666666666,0.2627130783555365,0.0,83.15412186379926,0,EXCELLENT
0.6592148309705562,0.6666666666666666,1.0,0.1538461538461538,0.6666666666666666,0.2222222222222222,0.5,0.6666666666666666,1.0,0.0,0.2,0.3333333333333333,0.0,0.3333333333333333,1.0,0.6666666666666666,0.3333333333333333,0.282051282051282,0.0,70.25089605734765,0,GOOD
0.6597600872410033,0.6666666666666666,0.5,0.8461538461538463,0.3333333333333333,0.6111111111111112,0.0,0.6666666666666666,1.0,0.0,0.6000000000000001,0.3333333333333333,0.0,0.3333333333333333,0.6666666666666666,0.6666666666666666,0.3333333333333333,0.0817934393353387,0.0,71.68458781362,0,GOOD
0.6603053435114504,0.0,0.0,0.4615384615384615,0.1666666666666666,0.3333333333333333,0.0,0.0,0.5,0.0,0.4,0.0,0.0,0.3333333333333333,1.0,0.0,0.3333333333333333,0.645752757484601,0.0,56.98924731182793,0,AVERAGE
0.6608505997818975,0.3333333333333333,1.0,0.9230769230769232,0.1666666666666666,0.4999999999999999,0.5,0.6666666666666666,0.0,0.0,0.0,0.6666666666666666,0.0833333333333333,0.0,0.0,0.3333333333333333,0.0,0.2516831399512964,0.0,72.0430107526882,0,GOOD
0.6613958560523446,0.6666666666666666,0.0,0.9230769230769232,0.3333333333333333,0.6111111111111112,0.5,1.0,0.5,0.0,0.4,1.0,0.0,0.0,0.0,0.6666666666666666,0.0,0.171895143962183,0.0,75.98566308243724,0,GOOD
0.6624863685932388,0.0,0.5,0.3076923076923077,0.1666666666666666,0.3888888888888889,0.0,0.3333333333333333,0.0,0.0,0.2,0.0,0.0,0.0,0.0,0.0,0.0,0.6779830969775104,0.0,69.17562724014341,0,GOOD
0.6630316248636859,0.6666666666666666,1.0,0.8461538461538463,0.3333333333333333,0.5555555555555556,0.0,0.6666666666666666,0.0,0.0,0.2,0.0,0.0,0.0,0.0,0.6666666666666666,0.0,0.1716086520555794,0.0,76.70250896057345,0,GOOD
0.663576881134133,0.6666666666666666,1.0,0.3846153846153846,0.6666666666666666,0.9444444444444444,1.0,0.6666666666666666,1.0,0.0,0.4,0.6666666666666666,0.0,0.0,0.0,0.6666666666666666,0.0,0.5390345222747458,0.0,56.6308243727599,0,AVERAGE
0.6641221374045801,0.3333333333333333,0.0,0.3846153846153846,0.3333333333333333,0.2222222222222222,1.0,0.0,0.5,0.0,0.2,0.3333333333333333,0.0,0.3333333333333333,0.6666666666666666,0.3333333333333333,0.3333333333333333,0.0415413264575275,0.0,50.89605734767023,0,AVERAGE
0.6646673936750273,0.6666666666666666,1.0,0.4615384615384615,0.5,0.0,1.0,0.3333333333333333,1.0,0.0,0.2,0.6666666666666666,0.0833333333333333,0.0,0.0,0.6666666666666666,0.0,0.4347514682710213,0.0,59.13978494623658,0,AVERAGE
0.6652126499454744,1.0,0.5,0.5384615384615385,0.6666666666666666,0.1666666666666666,0.0,0.3333333333333333,1.0,0.0,0.8,0.6666666666666666,0.0,0.0,0.3333333333333333,1.0,0.0,0.6248388483025354,0.0,53.76344086021512,0,AVERAGE
0.6657579062159216,0.3333333333333333,0.0,1.0,0.5,0.1111111111111111,1.0,0.3333333333333333,0.5,0.0,0.0,0.0,0.0,0.6666666666666666,1.0,0.3333333333333333,0.6666666666666666,0.3373442200257843,0.0,66.30824372759852,0,GOOD
0.6663031624863687,0.6666666666666666,0.5,0.5384615384615385,0.5,0.5555555555555556,1.0,0.0,0.0,0.0,0.8,0.3333333333333333,0.0,0.0,1.0,0.6666666666666666,0.0,0.0593038246669531,0.0,43.36917562724009,0,AVERAGE
0.6668484187568158,0.3333333333333333,0.0,0.5384615384615385,0.5,0.4999999999999999,0.0,0.0,0.0,0.0,0.2,0.0,0.0,0.3333333333333333,0.0,0.3333333333333333,0.3333333333333333,0.0969775103853316,0.0,48.38709677419355,0,AVERAGE
0.6684841875681571,0.6666666666666666,0.0,0.1538461538461538,0.6666666666666666,0.2222222222222222,0.0,0.0,0.5,0.0,0.0,0.3333333333333333,0.0,0.0,0.3333333333333333,0.6666666666666666,0.0,0.2787566251253402,0.0,44.44444444444443,0,AVERAGE
0.6690294438386042,0.6666666666666666,0.0,0.0,0.6666666666666666,0.4444444444444445,0.5,0.3333333333333333,0.0,0.0,0.8,1.0,0.0,0.0,0.0,0.6666666666666666,0.0,0.3185790001432459,0.0,45.87813620071687,0,AVERAGE
0.6695747001090513,0.6666666666666666,1.0,0.7692307692307693,0.6666666666666666,0.7222222222222221,0.0,0.6666666666666666,0.5,0.0,0.6000000000000001,0.3333333333333333,0.0,0.0,0.0,0.6666666666666666,0.0,0.3601203266007735,0.0,63.799283154121845,0,GOOD
0.6701199563794984,0.6666666666666666,1.0,0.5384615384615385,0.3333333333333333,0.4444444444444445,0.0,1.0,0.0,0.0,0.2,0.3333333333333333,0.0,0.0,0.6666666666666666,0.6666666666666666,0.0,0.2375017905744162,0.0,86.73835125448028,0,EXCELLENT
0.6706652126499455,0.0,0.5,0.1538461538461538,0.1666666666666666,0.1111111111111111,0.0,1.0,0.0,0.0,0.4,0.3333333333333333,0.0,0.3333333333333333,1.0,0.0,0.3333333333333333,0.7756768371293511,0.0,94.26523297491032,0,EXCELLENT
0.6712104689203926,0.3333333333333333,1.0,0.4615384615384615,0.5,0.3333333333333333,1.0,0.3333333333333333,0.5,0.0,0.0,1.0,0.0,0.0,0.0,0.3333333333333333,0.0,0.2177338490187652,0.0,50.537634408602116,0,AVERAGE
0.6717557251908397,0.3333333333333333,0.5,0.1538461538461538,0.1666666666666666,0.2222222222222222,0.0,1.0,0.5,0.0,0.0,0.0,0.0,1.0,0.6666666666666666,0.3333333333333333,1.0,0.4479300959747887,0.0,97.13261648745521,0,EXCELLENT
0.6723009814612868,0.6666666666666666,1.0,0.1538461538461538,0.3333333333333333,0.2777777777777777,0.5,0.3333333333333333,1.0,0.0,0.0,1.0,0.0,0.3333333333333333,0.0,0.6666666666666666,0.3333333333333333,0.1261996848589027,0.0,54.480286738351246,0,AVERAGE
0.6728462377317339,0.3333333333333333,1.0,0.5384615384615385,0.3333333333333333,0.1666666666666666,0.0,1.0,0.0,0.0,0.4,0.3333333333333333,0.0,0.0,0.0,0.3333333333333333,0.0,0.1882251826385904,0.0,90.32258064516128,0,EXCELLENT
0.673391494002181,0.0,1.0,0.8461538461538463,0.0,0.2777777777777777,0.0,1.0,0.0,0.0,0.0,0.0,0.0,0.0,0.0,0.0,0.0,0.9170605930382466,0.0,99.64157706093188,0,EXCELLENT
0.6744820065430753,1.0,0.0,0.6923076923076923,0.8333333333333333,0.5555555555555556,0.5,0.6666666666666666,0.5,0.0,0.4,0.3333333333333333,0.0,0.3333333333333333,0.3333333333333333,1.0,0.3333333333333333,0.831256267010457,0.0,62.72401433691751,0,GOOD
0.6750272628135224,1.0,0.5,0.6153846153846154,0.5,0.2777777777777777,1.0,0.3333333333333333,1.0,0.0,0.2,0.3333333333333333,0.0,0.0,0.6666666666666666,1.0,0.0,0.4870362412261854,0.0,59.856630824372715,0,AVERAGE
0.6755725190839695,0.3333333333333333,1.0,0.3076923076923077,0.1666666666666666,0.5555555555555556,1.0,0.0,1.0,0.0,0.4,1.0,0.0,0.0,1.0,0.3333333333333333,0.0,0.2271880819366852,0.0,41.21863799283152,0,AVERAGE
0.6761177753544166,0.0,0.0,0.2307692307692307,0.0,0.3333333333333333,0.0,0.6666666666666666,1.0,0.0,0.4,0.3333333333333333,0.0,0.3333333333333333,0.6666666666666666,0.0,0.3333333333333333,0.9005873084085374,0.0,81.72043010752682,0,EXCELLENT
0.6766630316248637,0.6666666666666666,1.0,0.0769230769230769,0.3333333333333333,1.0,0.0,0.0,0.5,0.0,0.4,0.0,0.0,0.0,0.6666666666666666,0.6666666666666666,0.0,0.649763644177052,0.0,45.16129032258064,0,AVERAGE
0.6772082878953108,0.6666666666666666,1.0,0.4615384615384615,0.3333333333333333,0.5555555555555556,0.5,0.3333333333333333,0.5,0.3333333333333333,0.2,0.6666666666666666,0.0,0.0,0.3333333333333333,0.6666666666666666,0.0,0.1716086520555794,0.0,46.594982078853086,0,AVERAGE
0.677753544165758,0.6666666666666666,0.5,0.7692307692307693,0.5,0.3333333333333333,0.0,0.0,0.5,0.0,0.2,0.0,0.0,0.3333333333333333,0.6666666666666666,0.6666666666666666,0.3333333333333333,0.0678985818650623,0.0,50.537634408602116,0,AVERAGE
0.678298800436205,0.3333333333333333,0.5,0.5384615384615385,0.3333333333333333,0.0,0.5,0.3333333333333333,0.5,0.0,0.0,0.0,0.0,0.0,0.0,0.3333333333333333,0.0,0.4721386620827962,0.0,70.96774193548387,0,GOOD
0.6793893129770993,0.6666666666666666,0.5,0.6923076923076923,0.5,0.6111111111111112,0.5,0.0,1.0,0.0,0.4,0.0,0.0,0.0,1.0,0.6666666666666666,0.0,0.0643174330325168,0.0,46.953405017921106,0,AVERAGE
0.6799345692475464,0.3333333333333333,0.5,1.0,0.1666666666666666,0.9444444444444444,0.5,0.3333333333333333,0.5,0.0,0.6000000000000001,0.3333333333333333,0.0,0.0,0.0,0.3333333333333333,0.0,0.4578140667526142,0.0,57.70609318996415,0,AVERAGE
0.6804798255179935,0.6666666666666666,0.5,0.0,0.6666666666666666,0.2222222222222222,0.0,1.0,1.0,0.0,0.0,0.3333333333333333,0.0,0.6666666666666666,0.6666666666666666,0.6666666666666666,0.6666666666666666,0.290789285202693,0.0,83.15412186379926,0,EXCELLENT
0.6810250817884406,0.3333333333333333,1.0,0.3846153846153846,0.3333333333333333,0.7777777777777777,0.0,0.0,0.0,0.0,0.0,0.3333333333333333,0.0833333333333333,1.0,0.0,0.3333333333333333,1.0,0.2833404956309984,0.0,43.7275985663082,0,AVERAGE
0.6815703380588877,0.6666666666666666,0.0,0.0769230769230769,0.6666666666666666,0.9444444444444444,0.0,1.0,0.5,0.0,0.0,1.0,0.0,0.0,0.3333333333333333,0.6666666666666666,0.0,0.5390345222747458,0.0,65.23297491039428,0,GOOD
0.6821155943293348,0.3333333333333333,0.5,0.6153846153846154,0.1666666666666666,0.3888888888888889,0.5,0.0,1.0,0.0,0.2,1.0,0.0,0.0,1.0,0.3333333333333333,0.0,0.214725683999427,0.0,43.36917562724019,0,AVERAGE
0.6826608505997819,0.6666666666666666,1.0,1.0,0.5,0.4444444444444445,0.5,0.0,0.0,0.0,0.0,0.3333333333333333,0.0,0.6666666666666666,0.6666666666666666,0.6666666666666666,0.6666666666666666,0.160865205557943,0.0,44.802867383512535,0,AVERAGE
0.6832061068702291,0.6666666666666666,0.5,0.5384615384615385,0.3333333333333333,0.9444444444444444,1.0,0.6666666666666666,0.0,0.0,0.2,0.6666666666666666,0.0833333333333333,0.0,0.3333333333333333,0.6666666666666666,0.0,0.4679845294370434,0.0,63.08243727598571,0,GOOD
0.6837513631406762,0.3333333333333333,0.0,0.3846153846153846,0.3333333333333333,0.4999999999999999,0.0,0.0,0.5,0.0,0.0,1.0,0.0,0.0,0.0,0.3333333333333333,0.0,0.1463973642744592,0.0,38.70967741935484,0,POOR
0.6848418756815704,0.3333333333333333,1.0,0.8461538461538463,0.3333333333333333,0.7222222222222221,0.5,0.3333333333333333,0.5,0.0,0.0,0.0,0.0,0.3333333333333333,0.0,0.3333333333333333,0.3333333333333333,0.0898152127202406,0.0,61.64874551971328,0,GOOD
0.6853871319520175,0.3333333333333333,0.5,0.7692307692307693,0.3333333333333333,0.4444444444444445,0.5,0.0,0.0,0.0,0.0,0.3333333333333333,0.0833333333333333,0.0,1.0,0.3333333333333333,0.0,0.1809196390201977,0.0,48.02867383512544,0,AVERAGE
0.6859323882224646,0.3333333333333333,1.0,0.0769230769230769,0.5,0.6666666666666665,1.0,0.0,0.5,0.0,0.0,0.3333333333333333,0.0833333333333333,0.0,0.3333333333333333,0.3333333333333333,0.0,0.2648617676550637,0.0,41.935483870967744,0,AVERAGE
0.6864776444929117,0.3333333333333333,1.0,0.4615384615384615,0.1666666666666666,0.6666666666666665,1.0,0.3333333333333333,0.0,0.0,0.6000000000000001,0.6666666666666666,0.0,0.6666666666666666,1.0,0.3333333333333333,0.6666666666666666,0.2790431170319438,0.0,56.98924731182802,0,AVERAGE
0.6870229007633588,0.6666666666666666,1.0,0.7692307692307693,0.3333333333333333,0.7777777777777777,1.0,1.0,0.5,0.0,0.0,0.0,0.0,0.0,0.0,0.6666666666666666,0.0,0.2786133791720384,0.0,86.73835125448028,0,EXCELLENT
0.6875681570338059,0.0,0.0,0.0769230769230769,0.0,0.3333333333333333,1.0,0.6666666666666666,1.0,0.0,0.2,0.0,0.0,0.6666666666666666,0.3333333333333333,0.0,0.6666666666666666,0.9305257126486176,0.0,86.02150537634405,0,EXCELLENT
0.688113413304253,1.0,0.0,0.2307692307692307,0.6666666666666666,0.7777777777777777,0.5,0.3333333333333333,0.0,0.0,0.0,1.0,0.0,0.0,0.0,1.0,0.0,0.6562097120756339,0.0,41.57706093189963,0,AVERAGE
0.6886586695747001,0.6666666666666666,1.0,0.9230769230769232,0.6666666666666666,0.3333333333333333,0.0,1.0,1.0,0.0,0.0,0.3333333333333333,0.0,0.3333333333333333,0.0,0.6666666666666666,0.3333333333333333,0.308981521272024,0.0,81.72043010752682,0,EXCELLENT
0.6892039258451472,0.3333333333333333,0.0,0.8461538461538463,0.1666666666666666,0.7222222222222221,1.0,1.0,1.0,0.0,0.2,0.0,0.0,0.3333333333333333,0.6666666666666666,0.3333333333333333,0.3333333333333333,0.1951009883970777,0.0,90.6810035842294,0,EXCELLENT
0.6902944383860414,0.3333333333333333,0.5,0.6923076923076923,0.5,0.0,0.5,1.0,1.0,0.0,0.0,0.3333333333333333,0.0,0.3333333333333333,1.0,0.3333333333333333,0.3333333333333333,0.3781693167168027,0.0,89.24731182795695,0,EXCELLENT
0.6908396946564885,0.6666666666666666,1.0,0.3076923076923077,0.5,1.0,1.0,0.0,1.0,0.0,0.4,0.3333333333333333,0.0,0.0,0.3333333333333333,0.6666666666666666,0.0,0.5325884543761639,0.0,37.63440860215051,0,POOR
0.6913849509269356,0.6666666666666666,0.5,0.7692307692307693,0.3333333333333333,0.6111111111111112,1.0,0.0,0.5,0.0,0.0,0.6666666666666666,0.0,0.3333333333333333,0.0,0.6666666666666666,0.3333333333333333,0.0817934393353387,0.0,41.57706093189963,0,AVERAGE
0.6919302071973829,0.3333333333333333,0.5,0.0,0.5,0.4999999999999999,1.0,1.0,0.0,0.0,0.2,0.3333333333333333,0.0,0.0,0.6666666666666666,0.3333333333333333,0.0,0.1963902019767941,0.0,82.79569892473116,0,EXCELLENT
0.69247546346783,0.3333333333333333,0.0,0.8461538461538463,0.3333333333333333,0.1111111111111111,0.5,0.0,1.0,0.0,0.0,0.3333333333333333,0.0,0.0,0.6666666666666666,0.3333333333333333,0.0,0.2905027932960894,0.0,52.32974910394258,0,AVERAGE
0.6930207197382771,0.6666666666666666,0.0,0.6923076923076923,0.5,0.6111111111111112,0.0,1.0,1.0,0.0,0.2,1.0,0.0,0.0,0.6666666666666666,0.6666666666666666,0.0,0.0643174330325168,0.0,72.75985663082433,0,GOOD
0.6935659760087242,0.3333333333333333,1.0,0.1538461538461538,0.3333333333333333,0.4999999999999999,0.5,1.0,0.5,0.0,0.0,0.0,0.0833333333333333,0.6666666666666666,0.0,0.3333333333333333,0.6666666666666666,0.0613092680131786,0.0,90.32258064516128,0,EXCELLENT
0.6941112322791713,1.0,0.0,0.5384615384615385,1.0,0.1666666666666666,0.0,1.0,1.0,0.3333333333333333,0.4,0.0,0.0,0.3333333333333333,1.0,1.0,0.3333333333333333,0.9795158286778398,0.0,73.11827956989254,0,GOOD
0.6946564885496184,0.3333333333333333,1.0,0.0769230769230769,0.3333333333333333,0.8333333333333333,0.5,1.0,0.5,0.0,0.8,0.0,0.0,0.6666666666666666,0.3333333333333333,0.3333333333333333,0.6666666666666666,0.2481019911187509,0.0,86.02150537634405,0,EXCELLENT
0.6952017448200655,0.6666666666666666,0.0,0.7692307692307693,0.3333333333333333,0.3888888888888889,1.0,0.0,0.5,0.0,0.0,1.0,0.0,0.3333333333333333,0.0,0.6666666666666666,0.3333333333333333,0.0902449505801461,0.0,40.14336917562728,0,AVERAGE
0.6962922573609597,0.3333333333333333,0.5,0.4615384615384615,0.5,1.0,0.0,0.3333333333333333,1.0,0.0,0.2,0.0,0.0,0.0,0.3333333333333333,0.3333333333333333,0.0,0.6000572983813207,0.0,54.83870967741935,0,AVERAGE
0.6968375136314068,0.3333333333333333,1.0,0.2307692307692307,0.3333333333333333,0.1111111111111111,0.0,1.0,1.0,0.0,0.8,1.0,0.0,0.0,0.3333333333333333,0.3333333333333333,0.0,0.2905027932960894,0.0,82.43727598566304,0,EXCELLENT
0.6973827699018539,0.3333333333333333,1.0,0.5384615384615385,0.5,0.4999999999999999,0.0,0.0,1.0,0.0,0.0,0.3333333333333333,0.0,0.0,1.0,0.3333333333333333,0.0,0.1963902019767941,0.0,44.086021505376316,0,AVERAGE
0.697928026172301,1.0,0.0,0.4615384615384615,0.8333333333333333,0.3888888888888889,0.0,0.0,1.0,0.0,0.2,1.0,0.0,0.6666666666666666,0.6666666666666666,1.0,0.6666666666666666,0.8813923506660937,0.0,30.465949820788573,0,POOR
0.6984732824427481,0.3333333333333333,0.0,1.0,0.1666666666666666,0.8333333333333333,0.5,0.6666666666666666,0.5,0.0,0.2,0.0,0.0,0.3333333333333333,0.0,0.3333333333333333,0.3333333333333333,0.2714510815069474,0.0,76.34408602150535,0,GOOD
0.6990185387131952,0.3333333333333333,0.0,0.3076923076923077,0.3333333333333333,0.4999999999999999,0.0,0.6666666666666666,0.5,0.0,0.6000000000000001,1.0,0.0,0.3333333333333333,0.3333333333333333,0.3333333333333333,0.3333333333333333,0.0376736857183784,0.0,64.51612903225806,0,GOOD
0.6995637949836423,0.6666666666666666,1.0,1.0,0.3333333333333333,0.0,1.0,0.6666666666666666,1.0,0.0,0.0,1.0,0.0,0.3333333333333333,0.6666666666666666,0.6666666666666666,0.3333333333333333,0.3933533877667956,0.0,70.96774193548387,0,GOOD
0.7001090512540895,0.6666666666666666,1.0,0.8461538461538463,0.3333333333333333,0.5555555555555556,1.0,0.0,0.5,0.0,0.4,1.0,0.0,0.3333333333333333,0.6666666666666666,0.6666666666666666,0.3333333333333333,0.0901017046268442,0.0,37.99283154121862,0,POOR
0.7006543075245366,0.6666666666666666,1.0,0.2307692307692307,0.5,0.2222222222222222,0.0,0.6666666666666666,1.0,0.0,0.0,0.0,0.0,0.3333333333333333,0.6666666666666666,0.6666666666666666,0.3333333333333333,0.0509955593754476,0.0,77.77777777777779,0,GOOD
0.7017448200654308,0.3333333333333333,0.0,0.1538461538461538,0.3333333333333333,0.1666666666666666,1.0,0.0,0.5,0.0,0.0,0.0,0.0833333333333333,0.6666666666666666,0.0,0.3333333333333333,0.6666666666666666,0.1597192379315284,0.0,55.913978494623684,0,AVERAGE
0.7022900763358779,0.3333333333333333,0.5,0.0769230769230769,0.1666666666666666,0.8888888888888888,0.5,0.6666666666666666,0.5,0.0,0.2,0.0,0.0,0.3333333333333333,0.0,0.3333333333333333,0.3333333333333333,0.2952299097550494,0.0,75.6272401433692,0,GOOD
0.702835332606325,1.0,0.0,0.7692307692307693,0.5,0.2222222222222222,1.0,0.0,1.0,0.0,0.6000000000000001,0.6666666666666666,0.0,0.0,0.0,1.0,0.0,0.4997851310700473,0.0,43.36917562724019,0,AVERAGE
0.7033805888767721,0.0,1.0,0.6153846153846154,0.1666666666666666,1.0,0.5,0.3333333333333333,1.0,0.0,0.2,0.0,0.0833333333333333,0.0,0.6666666666666666,0.0,0.0,0.9014467841283484,0.0,61.29032258064516,0,GOOD
0.7039258451472192,0.3333333333333333,0.5,0.4615384615384615,0.5,0.0,0.5,0.0,0.5,0.0,0.2,1.0,0.0,0.3333333333333333,0.6666666666666666,0.3333333333333333,0.3333333333333333,0.3781693167168027,0.0,41.935483870967744,0,AVERAGE
0.7044711014176663,0.3333333333333333,1.0,0.0769230769230769,0.1666666666666666,0.5555555555555556,0.0,1.0,0.5,0.0,0.0,0.6666666666666666,0.0,0.0,0.0,0.3333333333333333,0.0,0.2271880819366852,0.0,84.2293906810036,0,EXCELLENT
0.7050163576881134,0.3333333333333333,1.0,0.2307692307692307,0.5,0.7777777777777777,0.0,0.0,1.0,0.0,0.4,0.3333333333333333,0.0,0.0,0.6666666666666666,0.3333333333333333,0.0,0.3370577281191806,0.0,40.5017921146953,0,AVERAGE
0.7055616139585605,0.3333333333333333,1.0,0.9230769230769232,0.3333333333333333,0.8888888888888888,0.5,0.6666666666666666,0.0,0.0,0.0,1.0,0.0,0.6666666666666666,0.3333333333333333,0.3333333333333333,0.6666666666666666,0.2594184214295946,0.0,59.4982078853047,0,AVERAGE
0.7061068702290076,0.3333333333333333,0.5,0.0769230769230769,0.5,0.0,0.0,1.0,1.0,0.0,0.2,0.0,0.0,0.6666666666666666,1.0,0.3333333333333333,0.6666666666666666,0.506374444921931,0.0,93.54838709677419,0,EXCELLENT
0.7071973827699018,0.6666666666666666,0.0,0.0769230769230769,0.6666666666666666,0.1666666666666666,0.5,0.6666666666666666,0.0,0.0,0.0,1.0,0.0,0.0,1.0,0.6666666666666666,0.0,0.3386334336055006,0.0,62.3655913978495,0,GOOD
0.707742639040349,0.3333333333333333,1.0,1.0,0.1666666666666666,1.0,0.0,0.3333333333333333,1.0,0.0,0.0,0.0,0.0,0.0,1.0,0.3333333333333333,0.0,0.5940409683426443,0.0,61.29032258064516,0,GOOD
0.7082878953107961,0.6666666666666666,0.0,0.1538461538461538,0.6666666666666666,0.0,0.5,0.3333333333333333,0.0,0.0,0.4,0.6666666666666666,0.0,0.0,0.0,0.6666666666666666,0.0,0.5857327030511388,0.0,55.913978494623684,0,AVERAGE
0.7088331515812433,0.3333333333333333,0.0,0.4615384615384615,0.3333333333333333,0.2777777777777777,1.0,0.3333333333333333,1.0,0.0,0.0,0.6666666666666666,0.0,0.3333333333333333,0.3333333333333333,0.3333333333333333,0.3333333333333333,0.0561524136943131,0.0,58.78136200716848,0,AVERAGE
0.7093784078516904,0.6666666666666666,0.0,0.7692307692307693,0.5,0.0,0.5,0.3333333333333333,0.0,0.0,0.4,0.0,0.0,0.3333333333333333,0.0,0.6666666666666666,0.3333333333333333,0.3182925082366423,0.0,67.74193548387096,0,GOOD
0.7099236641221375,0.6666666666666666,0.5,0.7692307692307693,0.3333333333333333,0.0,0.0,1.0,0.0,0.0,0.4,0.3333333333333333,0.0,0.6666666666666666,1.0,0.6666666666666666,0.6666666666666666,0.4886119467125053,0.0,92.47311827956986,0,EXCELLENT
0.7104689203925846,0.3333333333333333,0.0,0.7692307692307693,0.3333333333333333,1.0,1.0,0.6666666666666666,0.5,0.0,0.2,0.0,0.0,0.0,0.3333333333333333,0.3333333333333333,0.0,0.5516401661653058,0.0,70.96774193548387,0,GOOD
0.7110141766630317,0.3333333333333333,0.0,0.5384615384615385,0.1666666666666666,0.6666666666666665,1.0,0.6666666666666666,1.0,0.0,0.0,0.3333333333333333,0.0,0.3333333333333333,1.0,0.3333333333333333,0.3333333333333333,0.1522704483598338,0.0,74.19354838709677,0,GOOD
0.7115594329334788,0.3333333333333333,1.0,0.6923076923076923,0.3333333333333333,0.8333333333333333,0.0,1.0,0.5,0.0,0.4,0.0,0.0,1.0,0.0,0.3333333333333333,1.0,0.3638447213866208,0.0,86.02150537634405,0,EXCELLENT
0.7121046892039259,0.3333333333333333,0.0,0.3076923076923077,0.5,0.1666666666666666,0.0,0.6666666666666666,0.0,0.0,0.0,0.3333333333333333,0.0,0.6666666666666666,0.6666666666666666,0.3333333333333333,0.6666666666666666,0.2289070333763071,0.0,74.19354838709677,0,GOOD
0.7131952017448201,0.6666666666666666,1.0,0.5384615384615385,0.3333333333333333,0.2777777777777777,0.5,1.0,0.0,0.0,0.0,0.3333333333333333,0.0,0.3333333333333333,1.0,0.6666666666666666,0.3333333333333333,0.1261996848589027,0.0,88.88888888888886,0,EXCELLENT
0.7137404580152672,0.3333333333333333,1.0,0.0,0.3333333333333333,0.3888888888888889,1.0,0.3333333333333333,1.0,0.0,0.4,0.6666666666666666,0.0,0.6666666666666666,0.3333333333333333,0.3333333333333333,0.6666666666666666,0.1024208566108007,0.0,57.34767025089613,0,AVERAGE
0.7142857142857143,1.0,1.0,0.5384615384615385,0.5,0.3888888888888889,0.5,1.0,0.5,0.0,0.8,1.0,0.0,0.0,0.0,1.0,0.0,0.4891849305257126,0.0,75.6272401433692,0,GOOD
0.7148309705561614,0.0,0.5,0.8461538461538463,0.0,0.8888888888888888,0.0,1.0,0.5,0.0,0.4,0.6666666666666666,0.0,0.6666666666666666,0.3333333333333333,0.0,0.6666666666666666,0.9931241942415128,0.0,83.15412186379936,0,EXCELLENT
0.7153762268266085,0.0,0.0,1.0,0.1666666666666666,0.1111111111111111,0.0,0.3333333333333333,0.5,0.0,0.6000000000000001,1.0,0.0833333333333333,0.3333333333333333,1.0,0.0,0.3333333333333333,0.817791147400086,0.0,59.856630824372715,0,AVERAGE
0.7159214830970556,0.3333333333333333,1.0,0.0,0.5,0.7222222222222221,0.5,0.0,1.0,0.0,0.0,0.3333333333333333,0.0,0.3333333333333333,0.3333333333333333,0.3333333333333333,0.3333333333333333,0.1696032087093539,0.0,41.21863799283152,0,AVERAGE
0.7164667393675027,0.3333333333333333,1.0,0.3076923076923077,0.5,0.4999999999999999,0.0,1.0,0.0,0.0,0.2,0.6666666666666666,0.0,0.3333333333333333,0.6666666666666666,0.3333333333333333,0.3333333333333333,0.0969775103853316,0.0,78.49462365591401,0,GOOD
0.7170119956379498,0.3333333333333333,1.0,1.0,0.1666666666666666,0.0,1.0,1.0,0.0,0.0,0.0,0.6666666666666666,0.0,0.0,1.0,0.3333333333333333,0.0,0.5669674831686005,0.0,91.39784946236563,0,EXCELLENT
0.717557251908397,0.6666666666666666,0.0,0.3846153846153846,0.6666666666666666,0.7222222222222221,0.0,0.0,0.5,0.0,0.2,0.0,0.0,0.0,0.3333333333333333,0.6666666666666666,0.0,0.3601203266007735,0.0,42.29390681003585,0,AVERAGE
0.7186477644492912,0.3333333333333333,0.0,0.3846153846153846,0.5,0.4999999999999999,1.0,0.3333333333333333,0.0,0.0,0.0,0.3333333333333333,0.0,0.0,1.0,0.3333333333333333,0.0,0.1963902019767941,0.0,56.98924731182793,0,AVERAGE
0.7191930207197383,0.6666666666666666,0.5,0.1538461538461538,0.3333333333333333,0.0,0.0,0.3333333333333333,0.0,0.0,0.4,0.3333333333333333,0.0,0.6666666666666666,0.3333333333333333,0.6666666666666666,0.6666666666666666,0.4886119467125053,0.0,66.66666666666664,0,GOOD
0.7197382769901854,0.3333333333333333,0.0,0.5384615384615385,0.1666666666666666,0.7222222222222221,0.0,0.3333333333333333,0.0,0.0,0.0,0.6666666666666666,0.0,0.3333333333333333,0.0,0.3333333333333333,0.3333333333333333,0.1951009883970777,0.0,56.2724014336918,0,AVERAGE
0.7202835332606325,0.6666666666666666,1.0,0.0769230769230769,0.5,0.1666666666666666,0.5,0.6666666666666666,0.5,0.0,0.0,1.0,0.0,0.3333333333333333,0.3333333333333333,0.6666666666666666,0.3333333333333333,0.094255837272597,0.0,65.5913978494624,0,GOOD
0.7208287895310797,0.3333333333333333,0.5,0.1538461538461538,0.5,0.6666666666666665,0.5,0.6666666666666666,0.5,0.0,0.0,1.0,0.0,0.6666666666666666,0.0,0.3333333333333333,0.6666666666666666,0.2105715513536742,0.0,59.13978494623658,0,AVERAGE
0.7213740458015268,0.6666666666666666,0.5,1.0,0.5,0.6666666666666665,0.5,0.6666666666666666,1.0,0.0,0.0,0.6666666666666666,0.0833333333333333,0.0,1.0,0.6666666666666666,0.0,0.1939550207706632,0.0,63.44086021505383,0,GOOD
0.7219193020719739,0.3333333333333333,0.0,0.6923076923076923,0.5,0.1111111111111111,0.0,0.3333333333333333,0.0,0.0,0.2,0.3333333333333333,0.0,0.0,1.0,0.3333333333333333,0.0,0.3278899871078642,0.0,62.007168458781294,0,GOOD
0.722464558342421,0.3333333333333333,0.0,0.8461538461538463,0.3333333333333333,0.3888888888888889,1.0,0.3333333333333333,1.0,0.0,0.4,0.3333333333333333,0.0833333333333333,0.0,0.0,0.3333333333333333,0.0,0.1641598624838848,0.0,61.64874551971328,0,GOOD
0.7241003271537623,0.3333333333333333,1.0,0.8461538461538463,0.3333333333333333,0.8888888888888888,0.5,0.0,1.0,0.0,0.6000000000000001,0.3333333333333333,0.0,1.0,1.0,0.3333333333333333,1.0,0.3976507663658502,0.0,42.29390681003585,0,AVERAGE
0.7246455834242094,0.0,0.0,0.5384615384615385,0.1666666666666666,0.3333333333333333,1.0,0.0,1.0,0.6666666666666666,0.6000000000000001,0.6666666666666666,0.0833333333333333,0.0,1.0,0.0,0.0,0.6663801747600631,0.0,31.182795698924696,0,POOR
0.7251908396946565,0.0,1.0,0.1538461538461538,0.0,0.3333333333333333,0.5,0.0,1.0,0.6666666666666666,0.2,0.3333333333333333,0.0,0.6666666666666666,0.3333333333333333,0.0,0.6666666666666666,0.9305257126486176,0.0,38.70967741935475,0,POOR
0.7257360959651036,0.3333333333333333,0.5,1.0,0.5,0.4999999999999999,1.0,0.3333333333333333,0.0,0.0,0.6000000000000001,0.3333333333333333,0.3333333333333333,0.3333333333333333,0.0,0.3333333333333333,0.3333333333333333,0.3500931098696462,0.0,56.98924731182793,0,AVERAGE
0.7262813522355508,0.6666666666666666,0.5,0.6153846153846154,0.6666666666666666,0.2222222222222222,0.5,0.0,1.0,0.3333333333333333,0.6000000000000001,0.3333333333333333,0.0,0.6666666666666666,1.0,0.6666666666666666,0.6666666666666666,0.290789285202693,0.0,35.84229390681005,0,POOR
0.7268266085059979,0.3333333333333333,0.5,0.7692307692307693,0.3333333333333333,0.9444444444444444,0.5,1.0,0.5,0.0,0.2,1.0,0.0,0.0,0.3333333333333333,0.3333333333333333,0.0,0.4108293940696175,0.0,71.6845878136201,0,GOOD
0.727371864776445,0.3333333333333333,0.0,1.0,0.3333333333333333,0.7777777777777777,0.0,0.6666666666666666,1.0,0.0,0.0,0.3333333333333333,0.0833333333333333,0.0,0.0,0.3333333333333333,0.0,0.2627130783555365,0.0,69.53405017921142,0,GOOD
0.7279171210468921,0.3333333333333333,1.0,0.5384615384615385,0.1666666666666666,0.7222222222222221,0.5,0.0,1.0,0.0,1.0,0.3333333333333333,0.0,0.3333333333333333,0.6666666666666666,0.3333333333333333,0.3333333333333333,0.1951009883970777,0.0,47.670250896057325,0,AVERAGE
0.7284623773173392,0.3333333333333333,1.0,0.9230769230769232,0.3333333333333333,0.5555555555555556,0.0,0.3333333333333333,1.0,0.0,0.0,0.0,0.0,0.6666666666666666,0.3333333333333333,0.3333333333333333,0.6666666666666666,0.1091534164159862,0.0,63.799283154121845,0,GOOD
0.7290076335877863,0.3333333333333333,0.0,0.6153846153846154,0.3333333333333333,0.8333333333333333,0.5,0.6666666666666666,0.5,0.0,0.6000000000000001,1.0,0.25,0.6666666666666666,0.6666666666666666,0.3333333333333333,0.6666666666666666,0.3162870648904168,0.0,60.21505376344083,0,GOOD
0.7295528898582334,0.6666666666666666,0.5,0.6923076923076923,0.5,0.8888888888888888,0.0,0.3333333333333333,0.0,0.3333333333333333,0.2,0.3333333333333333,0.0,0.6666666666666666,1.0,0.6666666666666666,0.6666666666666666,0.3147113594040968,0.0,43.36917562724019,0,AVERAGE
0.7300981461286805,0.3333333333333333,0.5,0.6923076923076923,0.5,0.3333333333333333,0.0,0.3333333333333333,0.0,0.0,0.4,0.3333333333333333,0.1666666666666666,0.0,0.6666666666666666,0.3333333333333333,0.0,0.3225898868356969,0.0,59.139784946236496,0,AVERAGE
0.7306434023991276,0.6666666666666666,0.0,0.6153846153846154,0.3333333333333333,0.7777777777777777,0.5,0.6666666666666666,0.0,0.3333333333333333,0.0,1.0,0.0833333333333333,1.0,0.6666666666666666,0.6666666666666666,1.0,0.4076779830969775,0.0,52.32974910394267,0,AVERAGE
0.7311886586695747,1.0,1.0,0.7692307692307693,0.6666666666666666,0.7222222222222221,0.5,1.0,0.5,1.0,0.2,0.6666666666666666,0.3333333333333333,1.0,1.0,1.0,1.0,0.9656209712075632,0.0,46.594982078853086,0,AVERAGE
0.7317339149400218,0.0,0.5,0.1538461538461538,0.1666666666666666,0.5555555555555556,0.5,1.0,1.0,0.6666666666666666,0.4,0.3333333333333333,0.1666666666666666,0.0,1.0,0.0,0.0,0.7484601060020054,0.0,71.32616487455189,0,GOOD
0.7322791712104689,0.6666666666666666,1.0,0.3076923076923077,0.6666666666666666,0.6666666666666665,0.0,1.0,0.0,0.3333333333333333,0.4,1.0,0.25,0.3333333333333333,0.6666666666666666,0.6666666666666666,0.3333333333333333,0.3957885689729265,0.0,60.21505376344092,0,GOOD
0.732824427480916,0.3333333333333333,0.5,0.8461538461538463,0.1666666666666666,0.7777777777777777,1.0,0.6666666666666666,0.5,0.0,0.0,0.6666666666666666,0.0,0.6666666666666666,0.6666666666666666,0.3333333333333333,0.6666666666666666,0.2988110585875949,0.0,68.45878136200719,0,GOOD
0.7333696837513631,0.3333333333333333,1.0,0.3076923076923077,0.5,0.1666666666666666,1.0,1.0,0.5,0.0,0.8,0.6666666666666666,0.3333333333333333,0.6666666666666666,1.0,0.3333333333333333,0.6666666666666666,0.4187079215012176,0.0,82.79569892473124,0,EXCELLENT
0.7344601962922575,0.3333333333333333,0.5,0.3846153846153846,0.5,0.8333333333333333,1.0,1.0,0.5,0.0,0.6000000000000001,0.6666666666666666,0.25,0.3333333333333333,0.3333333333333333,0.3333333333333333,0.3333333333333333,0.2664374731413838,0.0,74.19354838709677,0,GOOD
0.7350054525627046,0.3333333333333333,1.0,0.6923076923076923,0.5,0.3888888888888889,1.0,0.0,1.0,0.0,0.0,0.6666666666666666,0.0833333333333333,1.0,1.0,0.3333333333333333,1.0,0.3710070190517118,0.0,41.21863799283162,0,AVERAGE
0.7355507088331517,0.6666666666666666,0.5,0.0,0.3333333333333333,0.9444444444444444,0.5,0.3333333333333333,1.0,0.3333333333333333,0.8,0.0,0.25,0.6666666666666666,0.0,0.6666666666666666,0.6666666666666666,0.4464976364417705,0.0,50.1792114695341,0,AVERAGE
0.7360959651035988,1.0,0.5,0.8461538461538463,0.8333333333333333,0.3888888888888889,0.0,1.0,0.5,1.0,0.0,0.3333333333333333,0.0,0.3333333333333333,1.0,1.0,0.3333333333333333,0.8156424581005587,0.0,51.97132616487457,0,AVERAGE
0.7366412213740459,0.6666666666666666,0.0,0.7692307692307693,0.3333333333333333,0.0555555555555555,0.5,0.3333333333333333,0.5,0.3333333333333333,0.6000000000000001,0.6666666666666666,0.25,0.3333333333333333,0.6666666666666666,0.6666666666666666,0.3333333333333333,0.4926228334049563,0.0,53.0465949820789,0,AVERAGE
0.737186477644493,0.6666666666666666,0.0,0.3076923076923077,0.5,0.8888888888888888,0.5,1.0,0.0,0.3333333333333333,0.2,0.3333333333333333,0.1666666666666666,1.0,0.0,0.6666666666666666,1.0,0.3049706345795731,0.0,69.17562724014341,0,GOOD
0.7377317339149401,0.3333333333333333,0.0,1.0,0.5,0.0555555555555555,0.0,0.6666666666666666,0.5,0.0,0.2,0.6666666666666666,0.0,0.0,0.0,0.3333333333333333,0.0,0.4156997564818794,0.0,71.32616487455198,0,GOOD
0.7382769901853872,0.0,0.5,0.1538461538461538,0.1666666666666666,0.6666666666666665,0.5,1.0,0.0,0.6666666666666666,0.0,0.0,0.1666666666666666,0.6666666666666666,0.6666666666666666,0.0,0.6666666666666666,0.7183784558086234,0.0,74.19354838709677,0,GOOD
0.7388222464558343,0.3333333333333333,0.5,0.6923076923076923,0.1666666666666666,0.8888888888888888,0.5,0.3333333333333333,0.0,0.0,1.0,1.0,0.0,0.6666666666666666,0.0,0.3333333333333333,0.6666666666666666,0.3940696175333047,0.0,49.82078853046599,0,AVERAGE
0.7393675027262814,0.6666666666666666,1.0,0.7692307692307693,0.3333333333333333,0.6111111111111112,0.5,0.0,1.0,0.3333333333333333,0.8,0.6666666666666666,0.1666666666666666,0.6666666666666666,0.6666666666666666,0.6666666666666666,0.6666666666666666,0.2300530010027216,0.0,32.97491039426526,0,POOR
0.7404580152671756,0.3333333333333333,0.0,0.0,0.5,0.2777777777777777,0.5,0.6666666666666666,0.0,0.0,0.0,1.0,0.0,0.0,1.0,0.3333333333333333,0.0,0.1832115742730267,0.0,64.15770609318996,0,GOOD
0.7410032715376227,0.6666666666666666,0.0,0.1538461538461538,0.5,0.1111111111111111,1.0,1.0,0.0,0.3333333333333333,0.6000000000000001,1.0,0.0833333333333333,0.3333333333333333,0.3333333333333333,0.6666666666666666,0.3333333333333333,0.2157284056725397,0.0,70.60931899641577,0,GOOD
0.7415485278080698,1.0,0.5,0.5384615384615385,0.5,0.2777777777777777,0.0,0.3333333333333333,0.0,1.0,0.4,1.0,0.1666666666666666,0.3333333333333333,0.0,1.0,0.3333333333333333,0.6762641455378886,0.0,25.448028673835115,0,POOR
0.7420937840785169,0.6666666666666666,1.0,0.5384615384615385,0.3333333333333333,0.6666666666666665,1.0,1.0,1.0,0.3333333333333333,0.4,0.0,0.3333333333333333,0.0,0.0,0.6666666666666666,0.0,0.5196963185790001,0.0,79.56989247311834,0,GOOD
0.742639040348964,0.6666666666666666,0.0,0.6153846153846154,0.5,0.7222222222222221,0.5,0.6666666666666666,0.0,0.3333333333333333,1.0,1.0,0.0,0.3333333333333333,0.6666666666666666,0.6666666666666666,0.3333333333333333,0.1674545194098266,0.0,49.82078853046599,0,AVERAGE
0.7431842966194112,0.3333333333333333,0.0,0.6923076923076923,0.5,0.3333333333333333,0.5,1.0,0.0,0.0,1.0,0.3333333333333333,0.3333333333333333,0.6666666666666666,0.3333333333333333,0.3333333333333333,0.6666666666666666,0.3578283913479444,0.0,84.94623655913972,0,EXCELLENT
0.7437295528898583,0.3333333333333333,0.5,0.3846153846153846,0.5,0.1666666666666666,1.0,0.6666666666666666,1.0,0.0,1.0,0.0,0.3333333333333333,0.6666666666666666,0.3333333333333333,0.3333333333333333,0.6666666666666666,0.4187079215012176,0.0,78.49462365591401,0,GOOD
0.7442748091603054,0.3333333333333333,0.5,0.0769230769230769,0.3333333333333333,0.0555555555555555,1.0,0.3333333333333333,0.5,0.0,0.6000000000000001,0.3333333333333333,0.0,0.6666666666666666,0.6666666666666666,0.3333333333333333,0.6666666666666666,0.3841856467554791,0.0,65.94982078853042,0,GOOD
0.7448200654307525,1.0,0.0,0.0,0.6666666666666666,1.0,1.0,0.0,1.0,1.0,0.8,1.0,0.1666666666666666,0.0,0.6666666666666666,1.0,0.0,0.9914052428018908,0.0,0.0,0,CRITICAL
0.7453653217011996,0.6666666666666666,1.0,0.0769230769230769,0.5,0.9444444444444444,0.5,0.0,1.0,0.3333333333333333,1.0,0.6666666666666666,0.25,0.3333333333333333,0.0,0.6666666666666666,0.3333333333333333,0.3449362555507806,0.0,25.448028673835204,0,POOR
0.7464558342420938,0.3333333333333333,0.5,0.7692307692307693,0.1666666666666666,0.7222222222222221,0.5,1.0,0.0,0.0,0.8,0.3333333333333333,0.3333333333333333,0.0,0.6666666666666666,0.3333333333333333,0.0,0.5771379458530297,0.0,86.37992831541217,0,EXCELLENT
0.7470010905125409,0.3333333333333333,0.0,0.1538461538461538,0.5,0.2222222222222222,1.0,0.3333333333333333,0.0,0.0,0.6000000000000001,0.0,0.3333333333333333,0.3333333333333333,0.3333333333333333,0.3333333333333333,0.3333333333333333,0.4394785847299813,0.0,64.87455197132618,0,GOOD
0.747546346782988,0.0,1.0,0.3846153846153846,0.1666666666666666,0.6111111111111112,0.5,0.6666666666666666,0.5,0.6666666666666666,0.6000000000000001,0.3333333333333333,0.3333333333333333,0.3333333333333333,1.0,0.0,0.3333333333333333,0.784558086234064,0.0,57.70609318996406,0,AVERAGE
0.7480916030534351,0.6666666666666666,0.0,0.1538461538461538,0.3333333333333333,0.6666666666666665,0.0,0.0,0.0,0.3333333333333333,0.0,0.0,0.3333333333333333,0.6666666666666666,1.0,0.6666666666666666,0.6666666666666666,0.4457814066752614,0.0,40.860215053763504,0,AVERAGE
0.7486368593238822,0.3333333333333333,1.0,0.4615384615384615,0.5,0.2777777777777777,0.5,0.6666666666666666,1.0,0.0,0.0,0.6666666666666666,0.0,0.6666666666666666,0.0,0.3333333333333333,0.6666666666666666,0.1686004870362412,0.0,68.45878136200719,0,GOOD
0.7491821155943293,1.0,0.0,0.8461538461538463,0.5,0.0,0.0,0.6666666666666666,1.0,1.0,0.2,0.6666666666666666,0.1666666666666666,0.6666666666666666,0.6666666666666666,1.0,0.6666666666666666,0.8408537458816789,0.0,46.23655913978498,0,AVERAGE
0.7497273718647764,0.3333333333333333,0.5,0.0769230769230769,0.5,0.7222222222222221,0.0,1.0,0.0,0.0,0.8,0.0,0.3333333333333333,0.3333333333333333,0.6666666666666666,0.3333333333333333,0.3333333333333333,0.3967912906460392,0.0,84.2293906810036,0,EXCELLENT
0.7502726281352236,0.6666666666666666,1.0,0.3846153846153846,0.5,0.3888888888888889,0.5,0.3333333333333333,0.0,0.3333333333333333,0.6000000000000001,0.6666666666666666,0.3333333333333333,0.3333333333333333,0.6666666666666666,0.6666666666666666,0.3333333333333333,0.4059590316573557,0.0,45.519713261648846,0,AVERAGE
0.7513631406761178,0.0,1.0,0.2307692307692307,0.1666666666666666,0.6111111111111112,1.0,1.0,0.0,0.6666666666666666,0.6000000000000001,0.3333333333333333,0.3333333333333333,0.6666666666666666,0.3333333333333333,0.0,0.6666666666666666,0.8133505228477296,0.0,70.60931899641567,0,GOOD
0.751908396946565,0.3333333333333333,1.0,0.1538461538461538,0.1666666666666666,0.4999999999999999,0.0,0.0,0.0,0.0,0.0,0.0,0.25,1.0,0.6666666666666666,0.3333333333333333,1.0,0.4655493482309125,0.0,54.83870967741935,0,AVERAGE
0.7524536532170121,1.0,1.0,0.9230769230769232,0.5,0.7777777777777777,0.0,0.6666666666666666,0.5,1.0,0.8,0.6666666666666666,0.3333333333333333,0.6666666666666666,0.3333333333333333,1.0,0.6666666666666666,0.8909898295373156,0.0,36.200716845878155,0,POOR
0.7529989094874592,0.3333333333333333,1.0,0.2307692307692307,0.3333333333333333,0.9444444444444444,0.0,1.0,0.0,0.0,1.0,0.6666666666666666,0.1666666666666666,0.6666666666666666,0.0,0.3333333333333333,0.6666666666666666,0.3466552069904025,0.0,75.98566308243733,0,GOOD
0.7535441657579063,0.6666666666666666,1.0,0.1538461538461538,0.3333333333333333,0.8888888888888888,1.0,1.0,1.0,0.3333333333333333,0.8,1.0,0.25,0.6666666666666666,0.3333333333333333,0.6666666666666666,0.6666666666666666,0.4053860478441484,0.0,63.79928315412193,0,GOOD
0.7540894220283534,0.3333333333333333,0.5,0.3846153846153846,0.1666666666666666,0.9444444444444444,0.5,1.0,0.5,0.0,0.4,0.0,0.0,0.3333333333333333,0.3333333333333333,0.3333333333333333,0.3333333333333333,0.3240223463687151,0.0,87.81362007168461,0,EXCELLENT
0.7546346782988005,0.6666666666666666,1.0,0.9230769230769232,0.6666666666666666,0.6111111111111112,0.5,1.0,0.5,0.3333333333333333,0.8,0.3333333333333333,0.1666666666666666,1.0,0.6666666666666666,0.6666666666666666,1.0,0.4403380604497923,0.0,69.53405017921142,0,GOOD
0.7551799345692476,1.0,0.0,0.0769230769230769,1.0,0.6666666666666665,1.0,1.0,0.5,1.0,1.0,0.0,0.1666666666666666,0.0,0.3333333333333333,1.0,0.0,0.9974215728405672,0.0,49.46236559139788,0,AVERAGE
0.7557251908396947,0.6666666666666666,1.0,0.5384615384615385,0.5,0.9444444444444444,0.0,1.0,1.0,0.3333333333333333,1.0,1.0,0.0833333333333333,0.0,0.6666666666666666,0.6666666666666666,0.0,0.3891992551210428,0.0,59.856630824372814,0,AVERAGE
0.7562704471101418,0.3333333333333333,0.5,0.3846153846153846,0.3333333333333333,0.1111111111111111,0.0,0.6666666666666666,0.5,0.0,0.0,1.0,0.1666666666666666,0.6666666666666666,0.3333333333333333,0.3333333333333333,0.6666666666666666,0.2922217447357112,0.0,69.53405017921142,0,GOOD
0.757360959651036,0.6666666666666666,0.5,0.3846153846153846,0.6666666666666666,0.1666666666666666,1.0,0.0,0.5,0.3333333333333333,0.6000000000000001,0.6666666666666666,0.25,0.3333333333333333,0.6666666666666666,0.6666666666666666,0.3333333333333333,0.4771522704483599,0.0,32.258064516129124,0,POOR
0.7579062159214831,0.0,1.0,0.2307692307692307,0.1666666666666666,0.8888888888888888,0.0,1.0,0.0,0.6666666666666666,0.0,0.3333333333333333,0.25,0.3333333333333333,0.3333333333333333,0.0,0.3333333333333333,0.8348374158430024,0.0,67.02508960573475,0,GOOD
0.7584514721919302,0.3333333333333333,0.5,0.1538461538461538,0.1666666666666666,0.1666666666666666,0.5,0.6666666666666666,1.0,0.0,0.8,0.3333333333333333,0.3333333333333333,0.6666666666666666,1.0,0.3333333333333333,0.6666666666666666,0.5560807907176623,0.0,80.64516129032258,0,EXCELLENT
0.7589967284623773,0.3333333333333333,0.5,0.3846153846153846,0.5,0.2777777777777777,1.0,0.3333333333333333,0.5,0.0,0.4,0.3333333333333333,0.3333333333333333,1.0,0.3333333333333333,0.3333333333333333,1.0,0.5838705056582151,0.0,59.856630824372715,0,AVERAGE
0.7595419847328244,0.6666666666666666,0.5,0.8461538461538463,0.3333333333333333,0.1666666666666666,1.0,1.0,0.5,0.3333333333333333,0.0,0.6666666666666666,0.0,0.6666666666666666,1.0,0.6666666666666666,0.6666666666666666,0.2280475576564962,0.0,77.41935483870976,0,GOOD
0.7600872410032715,0.6666666666666666,1.0,0.5384615384615385,0.5,0.6111111111111112,1.0,0.6666666666666666,1.0,0.3333333333333333,0.6000000000000001,0.0,0.1666666666666666,0.3333333333333333,0.0,0.6666666666666666,0.3333333333333333,0.1415270018621974,0.0,64.15770609318996,0,GOOD
0.7606324972737187,0.3333333333333333,1.0,0.2307692307692307,0.5,0.2222222222222222,1.0,0.3333333333333333,0.5,0.0,0.4,0.6666666666666666,0.0833333333333333,0.0,0.0,0.3333333333333333,0.0,0.243231628706489,0.0,56.2724014336918,0,AVERAGE
0.7611777535441658,0.3333333333333333,1.0,0.0,0.1666666666666666,0.6666666666666665,0.0,0.6666666666666666,0.0,0.0,0.4,1.0,0.0833333333333333,1.0,0.0,0.3333333333333333,1.0,0.4073914911903739,0.0,65.5913978494624,0,GOOD
0.76226826608506,0.6666666666666666,1.0,0.4615384615384615,0.6666666666666666,0.5555555555555556,0.5,0.3333333333333333,0.5,0.3333333333333333,1.0,1.0,0.0833333333333333,0.6666666666666666,1.0,0.6666666666666666,0.6666666666666666,0.1803466552069904,0.0,35.84229390681005,0,POOR
0.7628135223555071,0.3333333333333333,1.0,1.0,0.5,0.9444444444444444,1.0,0.3333333333333333,0.0,0.0,0.6000000000000001,0.3333333333333333,0.0,0.3333333333333333,1.0,0.3333333333333333,0.3333333333333333,0.2940839421286348,0.0,51.25448028673835,0,AVERAGE
0.7633587786259542,1.0,0.0,0.0,0.8333333333333333,0.7222222222222221,0.0,0.6666666666666666,1.0,1.0,0.2,1.0,0.0833333333333333,0.0,0.3333333333333333,1.0,0.0,0.948431456811345,0.0,26.164874551971334,0,POOR
0.7639040348964014,0.3333333333333333,0.5,0.6923076923076923,0.3333333333333333,0.4444444444444445,0.5,0.6666666666666666,0.0,0.0,0.8,1.0,0.0833333333333333,0.6666666666666666,0.6666666666666666,0.3333333333333333,0.6666666666666666,0.1176049276607936,0.0,65.23297491039428,0,GOOD
0.7644492911668485,0.3333333333333333,0.0,1.0,0.5,0.6111111111111112,1.0,0.0,1.0,0.0,1.0,1.0,0.25,0.3333333333333333,0.0,0.3333333333333333,0.3333333333333333,0.2014038103423578,0.0,34.0501792114695,0,POOR
0.7655398037077427,0.6666666666666666,1.0,0.5384615384615385,0.5,0.8888888888888888,0.5,1.0,0.5,0.3333333333333333,0.2,0.3333333333333333,0.0833333333333333,0.3333333333333333,0.6666666666666666,0.6666666666666666,0.3333333333333333,0.221028505944707,0.0,69.17562724014341,0,GOOD
0.7660850599781898,0.6666666666666666,0.5,0.3846153846153846,0.5,0.2777777777777777,0.5,0.0,0.5,0.3333333333333333,0.0,0.3333333333333333,0.0833333333333333,0.3333333333333333,0.6666666666666666,0.6666666666666666,0.3333333333333333,0.1176049276607936,0.0,38.35125448028673,0,POOR
0.7666303162486369,0.3333333333333333,0.0,0.9230769230769232,0.1666666666666666,0.6666666666666665,1.0,0.0,0.5,0.0,0.0,0.0,0.25,0.3333333333333333,0.0,0.3333333333333333,0.3333333333333333,0.3164303108437186,0.0,52.68817204301078,0,AVERAGE
0.767175572519084,0.3333333333333333,0.0,0.0769230769230769,0.3333333333333333,0.5555555555555556,0.5,1.0,0.5,0.0,0.4,0.0,0.0,1.0,1.0,0.3333333333333333,1.0,0.2774674115456239,0.0,89.60573476702507,0,EXCELLENT
0.7677208287895311,0.6666666666666666,1.0,0.9230769230769232,0.5,0.9444444444444444,0.5,1.0,1.0,0.3333333333333333,0.2,1.0,0.0833333333333333,0.0,0.6666666666666666,0.6666666666666666,0.0,0.3891992551210428,0.0,59.856630824372814,0,AVERAGE
0.7682660850599782,0.6666666666666666,0.0,0.3846153846153846,0.6666666666666666,0.2222222222222222,0.5,1.0,1.0,0.3333333333333333,0.4,0.0,0.0833333333333333,1.0,1.0,0.6666666666666666,1.0,0.5042257556224037,0.0,78.85304659498212,0,GOOD
0.7688113413304254,0.3333333333333333,0.5,0.0,0.3333333333333333,0.6111111111111112,0.5,1.0,0.0,0.0,0.6000000000000001,0.6666666666666666,0.0833333333333333,0.3333333333333333,1.0,0.3333333333333333,0.3333333333333333,0.0236355822948001,0.0,80.28673835125447,0,EXCELLENT
0.7693565976008725,0.3333333333333333,0.5,0.0,0.3333333333333333,0.7222222222222221,1.0,0.6666666666666666,0.0,0.0,0.4,0.6666666666666666,0.3333333333333333,1.0,1.0,0.3333333333333333,1.0,0.5522131499785131,0.0,65.94982078853052,0,GOOD
0.7704471101417667,0.6666666666666666,0.0,0.1538461538461538,0.6666666666666666,0.3888888888888889,1.0,0.6666666666666666,0.0,0.3333333333333333,1.0,0.3333333333333333,0.0,0.6666666666666666,0.3333333333333333,0.6666666666666666,0.6666666666666666,0.282051282051282,0.0,59.4982078853047,0,AVERAGE
0.7709923664122138,0.3333333333333333,1.0,0.7692307692307693,0.5,0.8333333333333333,1.0,0.0,1.0,0.0,0.6000000000000001,0.6666666666666666,0.0,0.6666666666666666,0.3333333333333333,0.3333333333333333,0.6666666666666666,0.2975218450078785,0.0,35.483870967741936,0,POOR
0.7715376226826609,0.3333333333333333,1.0,1.0,0.5,0.8888888888888888,1.0,0.6666666666666666,1.0,0.0,1.0,0.0,0.1666666666666666,0.6666666666666666,0.0,0.3333333333333333,0.6666666666666666,0.2397937258272453,0.0,69.17562724014341,0,GOOD
0.772082878953108,0.0,0.5,1.0,0.0,0.2222222222222222,0.0,0.6666666666666666,1.0,0.6666666666666666,0.4,0.0,0.0,0.0,0.6666666666666666,0.0,0.0,0.924079644750036,0.0,70.25089605734765,0,GOOD
0.7726281352235551,0.6666666666666666,0.5,0.6923076923076923,0.3333333333333333,1.0,0.0,0.3333333333333333,0.0,0.3333333333333333,0.2,0.0,0.0,0.3333333333333333,0.3333333333333333,0.6666666666666666,0.3333333333333333,0.5116745451940983,0.0,49.46236559139788,0,AVERAGE
0.7731733914940022,0.6666666666666666,0.5,1.0,0.6666666666666666,0.4999999999999999,0.5,0.6666666666666666,0.0,0.3333333333333333,0.8,0.0,0.25,0.0,0.0,0.6666666666666666,0.0,0.4851740438332617,0.0,62.3655913978495,0,GOOD
0.7737186477644493,0.3333333333333333,0.0,0.8461538461538463,0.1666666666666666,0.2222222222222222,0.0,0.6666666666666666,1.0,0.0,1.0,1.0,0.0833333333333333,0.3333333333333333,0.3333333333333333,0.3333333333333333,0.3333333333333333,0.2105715513536742,0.0,71.32616487455198,0,GOOD
0.7742639040348964,0.6666666666666666,0.5,0.6153846153846154,0.6666666666666666,0.9444444444444444,0.5,1.0,0.5,0.3333333333333333,0.2,0.6666666666666666,0.1666666666666666,0.0,0.6666666666666666,0.6666666666666666,0.0,0.5976221171751898,0.0,60.93189964157715,0,GOOD
0.7748091603053435,1.0,0.0,0.1538461538461538,0.5,0.1666666666666666,0.0,0.3333333333333333,0.0,1.0,0.2,0.0,0.25,0.3333333333333333,0.6666666666666666,1.0,0.3333333333333333,0.6935969058874087,0.0,39.78494623655917,0,POOR
0.7764449291166848,0.3333333333333333,0.5,0.0,0.5,0.5555555555555556,1.0,0.3333333333333333,0.5,0.0,0.4,0.0,0.1666666666666666,0.3333333333333333,1.0,0.3333333333333333,0.3333333333333333,0.1084371866494771,0.0,60.57347670250894,0,GOOD
0.7769901853871319,0.3333333333333333,1.0,0.6153846153846154,0.5,0.8888888888888888,0.5,0.0,1.0,0.0,0.0,0.0,0.0833333333333333,1.0,0.3333333333333333,0.3333333333333333,1.0,0.3783125626701046,0.0,43.36917562724019,0,AVERAGE
0.7775354416575792,0.6666666666666666,0.5,0.1538461538461538,0.3333333333333333,0.5555555555555556,1.0,1.0,0.0,0.3333333333333333,0.6000000000000001,0.0,0.1666666666666666,0.0,0.3333333333333333,0.6666666666666666,0.0,0.3425010743446497,0.0,81.0035842293907,0,EXCELLENT
0.7780806979280263,0.3333333333333333,0.5,0.3076923076923077,0.3333333333333333,0.5555555555555556,0.5,0.6666666666666666,0.0,0.0,0.2,0.6666666666666666,0.0,1.0,0.3333333333333333,0.3333333333333333,1.0,0.2774674115456239,0.0,68.10035842293908,0,GOOD
0.7786259541984734,0.6666666666666666,0.0,0.8461538461538463,0.6666666666666666,0.5555555555555556,0.5,1.0,1.0,0.3333333333333333,0.0,1.0,0.1666666666666666,1.0,0.0,0.6666666666666666,1.0,0.4115456238361266,0.0,61.64874551971328,0,GOOD
0.7791712104689205,1.0,1.0,1.0,0.8333333333333333,0.8333333333333333,1.0,0.3333333333333333,0.0,1.0,0.2,0.0,0.1666666666666666,0.0,1.0,1.0,0.0,0.9250823664231486,0.0,24.731182795698896,0,POOR
0.7797164667393676,0.6666666666666666,0.0,1.0,0.5,0.4444444444444445,0.0,0.0,0.5,0.3333333333333333,0.6000000000000001,0.3333333333333333,0.0,0.6666666666666666,0.6666666666666666,0.6666666666666666,0.6666666666666666,0.160865205557943,0.0,36.200716845878155,0,POOR
0.7802617230098147,0.6666666666666666,0.0,0.3076923076923077,0.6666666666666666,0.1666666666666666,0.0,0.0,0.5,0.3333333333333333,0.8,0.0,0.0833333333333333,0.6666666666666666,0.3333333333333333,0.6666666666666666,0.6666666666666666,0.2718808193668529,0.0,40.860215053763504,0,AVERAGE
0.7808069792802618,0.6666666666666666,0.5,0.1538461538461538,0.6666666666666666,0.2777777777777777,0.5,1.0,0.0,0.3333333333333333,0.2,0.3333333333333333,0.0,0.6666666666666666,0.0,0.6666666666666666,0.6666666666666666,0.3052571264861767,0.0,73.83512544802866,0,GOOD
0.7813522355507089,0.6666666666666666,0.5,0.9230769230769232,0.3333333333333333,0.7222222222222221,0.0,0.3333333333333333,0.0,0.3333333333333333,0.8,0.3333333333333333,0.1666666666666666,0.3333333333333333,0.0,0.6666666666666666,0.3333333333333333,0.2509669101847873,0.0,48.74551971326166,0,AVERAGE
0.7824427480916031,0.6666666666666666,0.0,0.1538461538461538,0.5,0.7222222222222221,1.0,1.0,0.5,0.3333333333333333,0.0,1.0,0.3333333333333333,0.0,1.0,0.6666666666666666,0.0,0.453230196246956,0.0,62.7240143369176,0,GOOD
0.7829880043620502,0.3333333333333333,0.5,0.7692307692307693,0.5,0.0,0.0,0.3333333333333333,1.0,0.0,0.4,0.3333333333333333,0.25,0.6666666666666666,1.0,0.3333333333333333,0.6666666666666666,0.4860335195530726,0.0,63.44086021505373,0,GOOD
0.7835332606324973,0.3333333333333333,0.5,0.4615384615384615,0.5,0.1111111111111111,1.0,1.0,0.5,0.0,0.0,1.0,0.25,0.3333333333333333,0.0,0.3333333333333333,0.3333333333333333,0.3648474430597335,0.0,79.21146953405014,0,GOOD
0.7840785169029444,0.3333333333333333,0.5,0.2307692307692307,0.3333333333333333,0.1666666666666666,1.0,0.0,0.5,0.0,0.2,1.0,0.3333333333333333,1.0,0.3333333333333333,0.3333333333333333,1.0,0.6391634436327174,0.0,43.01075268817207,0,AVERAGE
0.7846237731733915,0.3333333333333333,0.0,0.3076923076923077,0.1666666666666666,0.6666666666666665,1.0,0.6666666666666666,0.5,0.0,0.2,1.0,0.0833333333333333,0.3333333333333333,1.0,0.3333333333333333,0.3333333333333333,0.1488325454805902,0.0,65.5913978494624,0,GOOD
0.7851690294438386,0.3333333333333333,0.5,0.6153846153846154,0.3333333333333333,0.0555555555555555,0.0,0.6666666666666666,1.0,0.0,0.8,1.0,0.3333333333333333,0.6666666666666666,0.0,0.3333333333333333,0.6666666666666666,0.5328749462827675,0.0,70.25089605734765,0,GOOD
0.7857142857142857,0.6666666666666666,0.0,0.6923076923076923,0.3333333333333333,0.6111111111111112,0.5,1.0,0.0,0.3333333333333333,0.6000000000000001,0.3333333333333333,0.3333333333333333,1.0,0.6666666666666666,0.6666666666666666,1.0,0.5708351239077496,0.0,75.98566308243724,0,GOOD
0.7862595419847329,0.3333333333333333,1.0,0.0,0.5,0.8888888888888888,0.0,0.6666666666666666,0.0,0.0,1.0,1.0,0.0,0.3333333333333333,0.3333333333333333,0.3333333333333333,0.3333333333333333,0.2478154992121472,0.0,56.2724014336918,0,AVERAGE
0.78680479825518,0.3333333333333333,1.0,0.3846153846153846,0.1666666666666666,0.6666666666666665,0.0,1.0,0.5,0.0,0.6000000000000001,1.0,0.0833333333333333,0.3333333333333333,0.6666666666666666,0.3333333333333333,0.3333333333333333,0.1488325454805902,0.0,78.49462365591401,0,GOOD
0.7873500545256271,0.6666666666666666,0.0,0.3076923076923077,0.5,0.0,0.0,0.3333333333333333,1.0,0.3333333333333333,0.6000000000000001,1.0,0.0,0.0,0.6666666666666666,0.6666666666666666,0.0,0.3389199255121043,0.0,46.23655913978498,0,AVERAGE
0.7884405670665213,0.6666666666666666,0.0,0.9230769230769232,0.6666666666666666,0.8333333333333333,0.0,1.0,0.0,0.3333333333333333,0.0,0.3333333333333333,0.0,0.0,0.6666666666666666,0.6666666666666666,0.0,0.4308838275318722,0.0,66.66666666666664,0,GOOD
0.7889858233369684,0.3333333333333333,0.5,0.9230769230769232,0.5,1.0,0.0,1.0,1.0,0.0,0.0,1.0,0.25,0.3333333333333333,0.6666666666666666,0.3333333333333333,0.3333333333333333,0.4934823091247672,0.0,67.74193548387096,0,GOOD
0.7895310796074155,0.6666666666666666,1.0,0.0,0.5,0.3888888888888889,0.5,0.3333333333333333,1.0,0.3333333333333333,0.8,0.3333333333333333,0.0833333333333333,0.6666666666666666,0.3333333333333333,0.6666666666666666,0.6666666666666666,0.0772095688296805,0.0,49.82078853046599,0,AVERAGE
0.7900763358778626,0.6666666666666666,0.5,0.5384615384615385,0.3333333333333333,0.3888888888888889,0.0,0.6666666666666666,1.0,0.3333333333333333,0.2,0.0,0.25,0.0,0.3333333333333333,0.6666666666666666,0.0,0.4052428018908465,0.0,70.25089605734775,0,GOOD
0.7906215921483097,0.6666666666666666,1.0,0.3846153846153846,0.6666666666666666,0.1111111111111111,0.0,0.0,0.0,0.3333333333333333,0.4,0.6666666666666666,0.0,1.0,0.6666666666666666,0.6666666666666666,1.0,0.7115026500501361,0.0,32.97491039426526,0,POOR
0.7911668484187568,0.6666666666666666,0.5,0.4615384615384615,0.5,0.7222222222222221,0.0,0.3333333333333333,0.5,0.3333333333333333,0.8,0.6666666666666666,0.0,0.0,0.0,0.6666666666666666,0.0,0.1637301246239793,0.0,41.21863799283162,0,AVERAGE
0.7917121046892039,0.6666666666666666,1.0,0.9230769230769232,0.3333333333333333,0.5555555555555556,0.0,0.0,1.0,0.3333333333333333,0.4,0.6666666666666666,0.0,0.3333333333333333,0.3333333333333333,0.6666666666666666,0.3333333333333333,0.0901017046268442,0.0,33.69175627240148,0,POOR
0.792257360959651,1.0,1.0,0.9230769230769232,1.0,0.4999999999999999,0.0,0.0,1.0,1.0,0.6000000000000001,1.0,0.0,0.0,0.0,1.0,0.0,0.9561667382896432,0.0,0.0,0,CRITICAL
0.7928026172300982,0.6666666666666666,1.0,0.3846153846153846,0.6666666666666666,0.7777777777777777,1.0,0.3333333333333333,0.5,0.3333333333333333,0.8,0.3333333333333333,0.1666666666666666,0.0,0.6666666666666666,0.6666666666666666,0.0,0.4251539893997995,0.0,41.57706093189963,0,AVERAGE
0.7933478735005453,0.3333333333333333,0.5,0.3846153846153846,0.3333333333333333,0.8333333333333333,1.0,0.6666666666666666,1.0,0.0,0.6000000000000001,0.0,0.3333333333333333,0.3333333333333333,0.3333333333333333,0.3333333333333333,0.3333333333333333,0.534020913909182,0.0,73.11827956989244,0,GOOD
0.7944383860414395,0.6666666666666666,0.0,0.9230769230769232,0.3333333333333333,0.2222222222222222,0.0,0.3333333333333333,0.5,0.3333333333333333,0.2,0.6666666666666666,0.25,0.6666666666666666,0.3333333333333333,0.6666666666666666,0.6666666666666666,0.2674401948144965,0.0,50.89605734767032,0,AVERAGE
0.7949836423118867,0.3333333333333333,0.5,0.9230769230769232,0.1666666666666666,0.5555555555555556,0.0,1.0,1.0,0.0,0.4,0.0,0.0,1.0,1.0,0.3333333333333333,1.0,0.336771236212577,0.0,92.83154121863797,0,EXCELLENT
0.7955288985823338,0.3333333333333333,0.0,0.1538461538461538,0.1666666666666666,1.0,1.0,0.3333333333333333,1.0,0.0,0.6000000000000001,0.6666666666666666,0.3333333333333333,0.0,0.0,0.3333333333333333,0.0,0.9210714797306976,0.0,52.68817204301078,0,AVERAGE
0.7960741548527809,0.6666666666666666,0.5,0.2307692307692307,0.3333333333333333,0.4444444444444445,0.5,1.0,0.5,0.3333333333333333,0.6000000000000001,0.0,0.0833333333333333,0.0,0.0,0.6666666666666666,0.0,0.24724251539894,0.0,82.43727598566313,0,EXCELLENT
0.796619411123228,0.3333333333333333,0.5,0.0769230769230769,0.5,1.0,0.0,0.0,1.0,0.0,0.2,0.0,0.1666666666666666,1.0,0.6666666666666666,0.3333333333333333,1.0,0.5439048846870076,0.0,41.935483870967744,0,AVERAGE
0.7971646673936751,0.6666666666666666,1.0,0.6153846153846154,0.5,0.1111111111111111,0.5,0.0,0.5,0.3333333333333333,0.8,0.6666666666666666,0.25,0.0,0.3333333333333333,0.6666666666666666,0.0,0.4308838275318722,0.0,36.200716845878155,0,POOR
0.7977099236641222,0.3333333333333333,0.5,0.0,0.3333333333333333,0.8333333333333333,1.0,0.3333333333333333,0.5,0.0,0.0,0.6666666666666666,0.1666666666666666,0.3333333333333333,0.3333333333333333,0.3333333333333333,0.3333333333333333,0.1908036097980232,0.0,51.61290322580645,0,AVERAGE
0.7982551799345693,0.0,0.0,0.2307692307692307,0.0,0.7222222222222221,1.0,1.0,0.0,0.6666666666666666,0.4,0.3333333333333333,0.1666666666666666,0.6666666666666666,0.6666666666666666,0.0,0.6666666666666666,0.902592751754763,0.0,72.40143369175622,0,GOOD
0.7988004362050164,0.0,1.0,0.4615384615384615,0.0,0.7777777777777777,0.5,0.0,1.0,0.6666666666666666,0.2,0.3333333333333333,0.25,0.6666666666666666,0.0,0.0,0.6666666666666666,0.9000143245953302,0.0,32.97491039426516,0,POOR
0.7993456924754635,0.6666666666666666,0.5,0.6923076923076923,0.3333333333333333,0.8888888888888888,1.0,0.6666666666666666,1.0,0.3333333333333333,0.8,0.0,0.0833333333333333,0.3333333333333333,1.0,0.6666666666666666,0.3333333333333333,0.2946569259418422,0.0,63.79928315412193,0,GOOD
0.8004362050163577,0.3333333333333333,0.5,0.3846153846153846,0.3333333333333333,0.6666666666666665,1.0,1.0,1.0,0.0,0.2,0.0,0.25,0.0,0.3333333333333333,0.3333333333333333,0.0,0.3066895860191949,0.0,88.17204301075272,0,EXCELLENT
0.8009814612868048,0.6666666666666666,0.5,0.5384615384615385,0.5,0.4999999999999999,0.0,0.3333333333333333,1.0,0.3333333333333333,0.2,0.6666666666666666,0.0833333333333333,0.6666666666666666,0.0,0.6666666666666666,0.6666666666666666,0.070477009024495,0.0,44.08602150537641,0,AVERAGE
0.8015267175572519,0.3333333333333333,1.0,0.7692307692307693,0.3333333333333333,0.8333333333333333,1.0,0.3333333333333333,1.0,0.0,1.0,0.0,0.25,0.3333333333333333,0.6666666666666666,0.3333333333333333,0.3333333333333333,0.2852026930239221,0.0,60.21505376344083,0,GOOD
0.802071973827699,0.3333333333333333,0.0,0.9230769230769232,0.3333333333333333,0.7222222222222221,1.0,0.3333333333333333,0.5,0.0,0.0,0.0,0.25,1.0,0.3333333333333333,0.3333333333333333,1.0,0.3750179057441627,0.0,61.64874551971328,0,GOOD
0.8026172300981461,0.0,0.0,0.0769230769230769,0.1666666666666666,0.7777777777777777,1.0,1.0,1.0,0.6666666666666666,0.8,0.3333333333333333,0.25,0.6666666666666666,0.3333333333333333,0.0,0.6666666666666666,0.75275748460106,0.0,68.45878136200709,0,GOOD
0.8031624863685933,0.3333333333333333,1.0,0.3846153846153846,0.3333333333333333,0.8333333333333333,1.0,0.3333333333333333,1.0,0.0,0.6000000000000001,1.0,0.25,1.0,0.6666666666666666,0.3333333333333333,1.0,0.3919209282337774,0.0,47.31182795698922,0,AVERAGE
0.8037077426390404,0.3333333333333333,0.0,0.9230769230769232,0.3333333333333333,0.0555555555555555,0.5,0.0,0.5,0.0,0.0,0.3333333333333333,0.0,0.0,0.0,0.3333333333333333,0.0,0.3730124623979372,0.0,53.0465949820788,0,AVERAGE
0.8042529989094875,0.3333333333333333,0.5,1.0,0.5,0.5555555555555556,0.5,0.0,1.0,0.0,0.4,0.3333333333333333,0.25,0.6666666666666666,0.0,0.3333333333333333,0.6666666666666666,0.1952442343503796,0.0,43.36917562724009,0,AVERAGE
0.8047982551799346,0.6666666666666666,1.0,0.0,0.5,0.1666666666666666,0.5,1.0,0.5,0.3333333333333333,1.0,1.0,0.0,0.0,0.6666666666666666,0.6666666666666666,0.0,0.1038533161438189,0.0,69.89247311827963,0,GOOD
0.8058887677208288,1.0,0.5,0.1538461538461538,0.6666666666666666,0.7222222222222221,0.5,0.3333333333333333,0.5,1.0,0.4,0.6666666666666666,0.25,1.0,0.6666666666666666,1.0,1.0,0.8518836842859189,0.0,20.78853046594986,0,POOR
0.806434023991276,0.6666666666666666,1.0,0.1538461538461538,0.6666666666666666,0.3333333333333333,0.0,0.0,0.0,0.3333333333333333,0.6000000000000001,0.0,0.3333333333333333,0.0,1.0,0.6666666666666666,0.0,0.6559232201690303,0.0,38.70967741935484,0,POOR
0.806979280261723,0.6666666666666666,0.0,0.9230769230769232,0.5,0.9444444444444444,1.0,1.0,0.0,0.3333333333333333,0.8,1.0,0.0833333333333333,1.0,0.6666666666666666,0.6666666666666666,1.0,0.4447786850021487,0.0,59.856630824372814,0,AVERAGE
0.8075245365321702,0.3333333333333333,0.0,0.6923076923076923,0.5,0.6111111111111112,0.5,1.0,0.0,0.0,1.0,0.6666666666666666,0.1666666666666666,0.6666666666666666,0.3333333333333333,0.3333333333333333,0.6666666666666666,0.1486892995272883,0.0,77.06093189964157,0,GOOD
0.8080697928026173,0.0,1.0,0.1538461538461538,0.0,0.5555555555555556,1.0,0.0,0.5,0.6666666666666666,0.4,1.0,0.1666666666666666,0.6666666666666666,0.3333333333333333,0.0,0.6666666666666666,0.8994413407821229,0.0,27.24014336917558,0,POOR
0.8086150490730644,0.6666666666666666,0.5,0.7692307692307693,0.5,0.3333333333333333,0.5,0.6666666666666666,0.0,0.3333333333333333,0.4,1.0,0.3333333333333333,0.0,1.0,0.6666666666666666,0.0,0.5066609368285345,0.0,54.83870967741935,0,AVERAGE
0.8091603053435115,0.3333333333333333,1.0,0.1538461538461538,0.3333333333333333,0.7777777777777777,1.0,0.6666666666666666,0.5,0.0,1.0,1.0,0.3333333333333333,1.0,0.0,0.3333333333333333,1.0,0.5874516544907606,0.0,60.93189964157705,0,GOOD
0.8097055616139586,0.3333333333333333,0.0,0.3076923076923077,0.1666666666666666,0.1666666666666666,0.5,0.0,0.5,0.0,0.4,0.0,0.25,1.0,0.0,0.3333333333333333,1.0,0.5742730267869933,0.0,59.13978494623658,0,AVERAGE
0.8102508178844057,0.0,0.0,0.1538461538461538,0.1666666666666666,0.7777777777777777,1.0,1.0,0.0,0.6666666666666666,0.4,0.3333333333333333,0.0833333333333333,0.6666666666666666,0.6666666666666666,0.0,0.6666666666666666,0.6652342071336484,0.0,68.45878136200709,0,GOOD
0.8113413304252999,0.3333333333333333,1.0,0.6923076923076923,0.5,0.7222222222222221,0.0,0.6666666666666666,0.0,0.0,0.8,0.3333333333333333,0.1666666666666666,1.0,0.0,0.3333333333333333,1.0,0.3041111588597622,0.0,67.02508960573475,0,GOOD
0.8118865866957471,0.0,0.5,0.3846153846153846,0.1666666666666666,0.7222222222222221,0.5,0.6666666666666666,1.0,0.6666666666666666,0.6000000000000001,0.3333333333333333,0.25,1.0,0.0,0.0,1.0,0.9438475863056868,0.0,56.27240143369171,0,AVERAGE
0.8124318429661942,0.3333333333333333,0.0,0.1538461538461538,0.5,0.1666666666666666,1.0,0.6666666666666666,0.5,0.0,0.0,0.0,0.1666666666666666,1.0,0.3333333333333333,0.3333333333333333,1.0,0.4048130640309411,0.0,78.49462365591401,0,GOOD
0.8129770992366413,0.3333333333333333,0.5,0.9230769230769232,0.3333333333333333,0.9444444444444444,0.0,0.3333333333333333,1.0,0.0,0.8,0.0,0.1666666666666666,1.0,1.0,0.3333333333333333,1.0,0.4678412834837415,0.0,58.78136200716848,0,AVERAGE
0.8135223555070884,0.3333333333333333,0.5,0.4615384615384615,0.3333333333333333,0.9444444444444444,0.5,0.3333333333333333,0.5,0.0,0.0,0.0,0.0833333333333333,0.6666666666666666,0.3333333333333333,0.3333333333333333,0.6666666666666666,0.320870935396075,0.0,58.78136200716848,0,AVERAGE
0.8140676117775355,0.3333333333333333,1.0,0.0769230769230769,0.3333333333333333,0.0,1.0,0.0,0.0,0.0,0.2,0.0,0.1666666666666666,0.6666666666666666,0.0,0.3333333333333333,0.6666666666666666,0.4843145681134508,0.0,58.06451612903226,0,AVERAGE
0.8146128680479826,0.3333333333333333,0.5,0.2307692307692307,0.3333333333333333,0.6666666666666665,1.0,0.3333333333333333,0.0,0.0,1.0,0.0,0.25,0.0,0.3333333333333333,0.3333333333333333,0.0,0.3066895860191949,0.0,62.3655913978495,0,GOOD
0.8151581243184297,0.3333333333333333,1.0,0.1538461538461538,0.3333333333333333,0.5555555555555556,0.0,0.3333333333333333,0.0,0.0,0.8,1.0,0.0833333333333333,0.6666666666666666,1.0,0.3333333333333333,0.6666666666666666,0.0714797306976078,0.0,50.89605734767023,0,AVERAGE
0.8157033805888768,0.3333333333333333,1.0,0.0,0.3333333333333333,0.7777777777777777,0.0,1.0,1.0,0.0,0.2,0.6666666666666666,0.0833333333333333,0.0,0.3333333333333333,0.3333333333333333,0.0,0.2627130783555365,0.0,78.13620071684589,0,GOOD
0.816793893129771,0.3333333333333333,0.5,0.0,0.1666666666666666,0.4999999999999999,0.0,1.0,1.0,0.0,0.6000000000000001,0.6666666666666666,0.3333333333333333,0.6666666666666666,1.0,0.3333333333333333,0.6666666666666666,0.4704197106431744,0.0,84.94623655913982,0,EXCELLENT
0.8173391494002181,0.3333333333333333,1.0,0.0769230769230769,0.5,0.2222222222222222,0.0,0.3333333333333333,1.0,0.0,0.6000000000000001,1.0,0.0833333333333333,0.6666666666666666,0.0,0.3333333333333333,0.6666666666666666,0.1350809339636155,0.0,51.97132616487457,0,AVERAGE
0.8178844056706652,0.6666666666666666,0.5,0.3846153846153846,0.5,0.2777777777777777,1.0,1.0,0.5,0.3333333333333333,0.8,0.3333333333333333,0.1666666666666666,0.3333333333333333,1.0,0.6666666666666666,0.3333333333333333,0.2160148975791433,0.0,77.06093189964157,0,GOOD
0.8184296619411123,0.3333333333333333,0.0,0.3076923076923077,0.1666666666666666,0.7777777777777777,1.0,0.6666666666666666,0.0,0.0,0.2,0.3333333333333333,0.0,0.6666666666666666,0.6666666666666666,0.3333333333333333,0.6666666666666666,0.2988110585875949,0.0,72.75985663082433,0,GOOD
0.8189749182115594,0.6666666666666666,0.5,0.0769230769230769,0.6666666666666666,0.8888888888888888,1.0,0.6666666666666666,0.5,0.3333333333333333,0.4,0.3333333333333333,0.25,0.0,0.0,0.6666666666666666,0.0,0.5739865348803896,0.0,53.0465949820789,0,AVERAGE
0.8195201744820065,0.6666666666666666,1.0,0.6153846153846154,0.5,0.6111111111111112,0.5,0.3333333333333333,0.0,0.3333333333333333,0.0,0.0,0.1666666666666666,1.0,0.3333333333333333,0.6666666666666666,1.0,0.2439478584729981,0.0,51.25448028673835,0,AVERAGE
0.8200654307524536,0.3333333333333333,0.5,0.9230769230769232,0.5,0.4444444444444445,0.0,1.0,1.0,0.0,1.0,0.3333333333333333,0.1666666666666666,0.6666666666666666,0.6666666666666666,0.3333333333333333,0.6666666666666666,0.1740438332617103,0.0,83.51254480286737,0,EXCELLENT
0.8206106870229009,0.3333333333333333,0.0,0.0769230769230769,0.1666666666666666,0.1111111111111111,1.0,1.0,0.5,0.0,0.8,0.0,0.0,0.0,0.0,0.3333333333333333,0.0,0.3667096404526572,0.0,98.56630824372756,0,EXCELLENT
0.821155943293348,0.3333333333333333,0.5,0.6153846153846154,0.1666666666666666,0.2777777777777777,1.0,1.0,0.0,0.0,0.6000000000000001,1.0,0.0,0.6666666666666666,0.0,0.3333333333333333,0.6666666666666666,0.2703051138805329,0.0,83.51254480286737,0,EXCELLENT
0.8222464558342422,0.6666666666666666,0.0,0.3846153846153846,0.3333333333333333,0.7222222222222221,1.0,1.0,1.0,0.3333333333333333,0.0,0.3333333333333333,0.25,0.0,0.6666666666666666,0.6666666666666666,0.0,0.3622690159003008,0.0,74.55197132616489,0,GOOD
0.8227917121046893,0.3333333333333333,0.5,0.8461538461538463,0.3333333333333333,0.0,0.5,0.0,1.0,0.0,0.2,0.0,0.3333333333333333,1.0,0.3333333333333333,0.3333333333333333,1.0,0.88110585875949,0.0,58.06451612903226,0,AVERAGE
0.8233369683751364,1.0,1.0,0.3846153846153846,0.5,0.7222222222222221,1.0,0.3333333333333333,0.0,1.0,1.0,0.0,0.25,0.3333333333333333,1.0,1.0,0.3333333333333333,0.7173757341355107,0.0,32.61648745519714,0,POOR
0.8238822246455835,0.3333333333333333,0.0,0.6923076923076923,0.5,0.7222222222222221,1.0,0.3333333333333333,0.5,0.0,1.0,0.3333333333333333,0.1666666666666666,0.0,1.0,0.3333333333333333,0.0,0.3678556080790717,0.0,54.12186379928313,0,AVERAGE
0.8244274809160306,0.3333333333333333,1.0,0.6923076923076923,0.5,1.0,0.5,0.3333333333333333,1.0,0.0,0.2,0.0,0.3333333333333333,0.0,0.6666666666666666,0.3333333333333333,0.0,0.8397077782552642,0.0,54.83870967741935,0,AVERAGE
0.8249727371864777,0.6666666666666666,0.5,0.6923076923076923,0.3333333333333333,0.8888888888888888,1.0,1.0,1.0,0.3333333333333333,0.2,1.0,0.25,1.0,0.6666666666666666,0.6666666666666666,1.0,0.5039392637158,0.0,63.79928315412193,0,GOOD
0.8255179934569248,0.6666666666666666,0.0,0.5384615384615385,0.6666666666666666,0.0,0.5,0.3333333333333333,0.5,0.3333333333333333,1.0,0.6666666666666666,0.1666666666666666,0.6666666666666666,1.0,0.6666666666666666,0.6666666666666666,0.551496920212004,0.0,47.31182795698931,0,AVERAGE
0.8260632497273719,0.3333333333333333,0.5,1.0,0.3333333333333333,0.4999999999999999,1.0,0.6666666666666666,1.0,0.0,0.0,0.6666666666666666,0.3333333333333333,1.0,0.3333333333333333,0.3333333333333333,1.0,0.4919066036384473,0.0,68.8172043010753,0,GOOD
0.826608505997819,0.3333333333333333,0.5,0.5384615384615385,0.1666666666666666,0.8333333333333333,0.5,1.0,0.5,0.0,0.0,0.0,0.0833333333333333,0.0,0.0,0.3333333333333333,0.0,0.4010886692450938,0.0,89.24731182795695,0,EXCELLENT
0.8271537622682661,0.3333333333333333,1.0,0.9230769230769232,0.5,0.2777777777777777,1.0,0.3333333333333333,0.5,0.0,1.0,0.6666666666666666,0.25,0.3333333333333333,0.3333333333333333,0.3333333333333333,0.3333333333333333,0.2591319295229909,0.0,55.55555555555558,0,AVERAGE
0.8282442748091603,0.6666666666666666,0.0,0.3076923076923077,0.3333333333333333,0.3888888888888889,1.0,0.6666666666666666,0.5,0.3333333333333333,0.0,0.6666666666666666,0.0,0.3333333333333333,0.3333333333333333,0.6666666666666666,0.3333333333333333,0.0902449505801461,0.0,61.648745519713366,0,GOOD
0.8287895310796074,0.3333333333333333,0.5,0.9230769230769232,0.1666666666666666,0.3333333333333333,0.5,0.3333333333333333,0.0,0.0,0.8,0.6666666666666666,0.1666666666666666,0.6666666666666666,1.0,0.3333333333333333,0.6666666666666666,0.3245953301819224,0.0,61.29032258064516,0,GOOD
0.8293347873500546,1.0,0.5,1.0,0.5,0.3888888888888889,0.0,0.6666666666666666,0.5,1.0,0.8,0.0,0.0833333333333333,0.6666666666666666,0.3333333333333333,1.0,0.6666666666666666,0.5744162727402952,0.0,49.82078853046599,0,AVERAGE
0.8298800436205017,0.6666666666666666,1.0,1.0,0.5,0.1666666666666666,1.0,0.3333333333333333,0.5,0.3333333333333333,1.0,0.3333333333333333,0.25,0.0,0.6666666666666666,0.6666666666666666,0.0,0.3871938117748174,0.0,52.68817204301078,0,AVERAGE
0.8304252998909488,0.6666666666666666,0.5,0.9230769230769232,0.5,0.9444444444444444,0.0,1.0,0.0,0.3333333333333333,0.4,0.6666666666666666,0.25,0.3333333333333333,1.0,0.6666666666666666,0.3333333333333333,0.3449362555507806,0.0,64.15770609319004,0,GOOD
0.8309705561613959,0.6666666666666666,0.5,1.0,0.5,1.0,0.5,1.0,0.0,0.3333333333333333,0.8,0.3333333333333333,0.3333333333333333,0.6666666666666666,0.3333333333333333,0.6666666666666666,0.6666666666666666,0.6063601203266008,0.0,67.74193548387096,0,GOOD
0.831515812431843,0.3333333333333333,0.5,0.3846153846153846,0.1666666666666666,0.0,1.0,1.0,0.5,0.0,0.4,1.0,0.3333333333333333,1.0,0.0,0.3333333333333333,1.0,0.9939836699613236,0.0,87.09677419354838,0,EXCELLENT
0.8320610687022901,0.3333333333333333,0.5,0.3076923076923077,0.3333333333333333,0.4444444444444445,0.5,1.0,0.5,0.0,0.2,0.0,0.3333333333333333,0.0,0.3333333333333333,0.3333333333333333,0.0,0.4483598338346942,0.0,91.03942652329751,0,EXCELLENT
0.8326063249727372,0.3333333333333333,0.5,0.3076923076923077,0.5,0.2777777777777777,1.0,1.0,0.0,0.0,0.8,0.6666666666666666,0.1666666666666666,0.6666666666666666,0.3333333333333333,0.3333333333333333,0.6666666666666666,0.1648760922503939,0.0,81.3620071684588,0,EXCELLENT
0.8342420937840785,0.3333333333333333,0.0,0.7692307692307693,0.1666666666666666,0.1111111111111111,0.5,0.0,0.0,0.0,0.4,0.3333333333333333,0.0833333333333333,1.0,0.3333333333333333,0.3333333333333333,1.0,0.6225469130497063,0.0,55.55555555555548,0,AVERAGE
0.8347873500545256,0.3333333333333333,1.0,0.6923076923076923,0.5,0.7777777777777777,0.5,0.0,1.0,0.0,0.2,0.6666666666666666,0.0,0.6666666666666666,0.6666666666666666,0.3333333333333333,0.6666666666666666,0.2516831399512964,0.0,36.200716845878155,0,POOR
0.8353326063249727,0.3333333333333333,1.0,0.6923076923076923,0.1666666666666666,0.4444444444444445,0.5,0.3333333333333333,1.0,0.0,0.2,0.6666666666666666,0.25,0.3333333333333333,0.0,0.3333333333333333,0.3333333333333333,0.3277467411545623,0.0,59.856630824372814,0,AVERAGE
0.8358778625954199,0.6666666666666666,0.0,0.0,0.6666666666666666,0.8888888888888888,0.0,0.6666666666666666,1.0,0.3333333333333333,0.0,0.3333333333333333,0.25,0.6666666666666666,0.0,0.6666666666666666,0.6666666666666666,0.4338919925512104,0.0,53.0465949820789,0,AVERAGE
0.836423118865867,1.0,1.0,0.3846153846153846,0.6666666666666666,0.7777777777777777,1.0,0.6666666666666666,1.0,1.0,0.4,1.0,0.25,0.6666666666666666,0.3333333333333333,1.0,0.6666666666666666,0.740008594757198,0.0,28.673835125448015,0,POOR
0.8369683751363141,0.6666666666666666,0.0,0.0769230769230769,0.6666666666666666,0.6111111111111112,0.0,1.0,0.0,0.3333333333333333,0.6000000000000001,0.3333333333333333,0.3333333333333333,0.0,1.0,0.6666666666666666,0.0,0.6128061882251826,0.0,69.53405017921142,0,GOOD
0.8375136314067613,0.6666666666666666,1.0,0.3846153846153846,0.5,0.4999999999999999,0.0,0.0,0.5,0.3333333333333333,1.0,1.0,0.25,1.0,0.3333333333333333,0.6666666666666666,1.0,0.2660077352814783,0.0,26.88172043010756,0,POOR
0.8380588876772084,0.3333333333333333,0.5,0.5384615384615385,0.5,0.2222222222222222,0.0,0.3333333333333333,0.5,0.0,0.2,0.3333333333333333,0.0833333333333333,1.0,0.0,0.3333333333333333,1.0,0.3649906890130354,0.0,60.57347670250894,0,GOOD
0.8386041439476555,0.3333333333333333,0.0,0.8461538461538463,0.3333333333333333,0.3333333333333333,0.0,0.0,0.0,0.0,0.6000000000000001,0.6666666666666666,0.0,1.0,0.0,0.3333333333333333,1.0,0.3781693167168027,0.0,45.16129032258064,0,AVERAGE
0.8391494002181026,1.0,1.0,0.0769230769230769,0.6666666666666666,0.8888888888888888,0.0,0.6666666666666666,0.5,1.0,0.2,0.0,0.3333333333333333,0.6666666666666666,0.0,1.0,0.6666666666666666,0.8836842859189228,0.0,40.14336917562728,0,AVERAGE
0.8396946564885497,0.3333333333333333,1.0,0.8461538461538463,0.3333333333333333,0.7777777777777777,0.0,0.3333333333333333,1.0,0.0,0.4,0.0,0.0833333333333333,0.0,1.0,0.3333333333333333,0.0,0.2627130783555365,0.0,60.93189964157705,0,GOOD
0.8402399127589968,0.3333333333333333,0.0,0.3846153846153846,0.1666666666666666,0.1666666666666666,0.0,0.0,0.5,0.0,1.0,0.0,0.25,1.0,1.0,0.3333333333333333,1.0,0.5742730267869933,0.0,59.13978494623658,0,AVERAGE
0.8407851690294439,0.3333333333333333,0.0,0.3846153846153846,0.1666666666666666,0.6111111111111112,0.5,1.0,1.0,0.0,1.0,0.6666666666666666,0.0,1.0,1.0,0.3333333333333333,1.0,0.3509525855894571,0.0,83.51254480286737,0,EXCELLENT
0.841330425299891,0.3333333333333333,0.5,0.3846153846153846,0.5,0.4444444444444445,0.0,0.6666666666666666,0.5,0.0,0.6000000000000001,0.3333333333333333,0.0833333333333333,1.0,1.0,0.3333333333333333,1.0,0.3221601489757914,0.0,70.60931899641577,0,GOOD
0.8418756815703381,0.3333333333333333,0.0,0.3076923076923077,0.1666666666666666,0.5555555555555556,1.0,1.0,1.0,0.0,1.0,0.6666666666666666,0.1666666666666666,0.0,1.0,0.3333333333333333,0.0,0.3584013751611516,0.0,84.2293906810036,0,EXCELLENT
0.8424209378407852,1.0,0.0,1.0,0.6666666666666666,0.5555555555555556,0.0,0.3333333333333333,0.0,1.0,1.0,1.0,0.0,0.6666666666666666,0.6666666666666666,1.0,0.6666666666666666,0.684572410829394,0.0,18.637992831541197,0,CRITICAL
0.8435114503816794,0.6666666666666666,1.0,0.5384615384615385,0.6666666666666666,0.5555555555555556,1.0,0.0,0.0,0.3333333333333333,0.0,0.3333333333333333,0.0833333333333333,0.0,0.3333333333333333,0.6666666666666666,0.0,0.3286062168743733,0.0,31.541218637992813,0,POOR
0.8440567066521265,0.3333333333333333,1.0,0.0769230769230769,0.1666666666666666,0.0555555555555555,1.0,0.3333333333333333,1.0,0.0,0.4,0.6666666666666666,0.3333333333333333,1.0,0.3333333333333333,0.3333333333333333,1.0,0.916774101131643,0.0,64.87455197132618,0,GOOD
0.8446019629225736,0.6666666666666666,1.0,0.3846153846153846,0.6666666666666666,0.7222222222222221,0.0,1.0,1.0,0.3333333333333333,0.4,0.6666666666666666,0.25,1.0,0.6666666666666666,0.6666666666666666,1.0,0.5274316000572984,0.0,63.79928315412193,0,GOOD
0.8451472191930207,0.3333333333333333,0.5,1.0,0.5,0.7777777777777777,1.0,0.6666666666666666,0.5,0.0,0.4,0.0,0.25,0.6666666666666666,0.0,0.3333333333333333,0.6666666666666666,0.2737430167597765,0.0,70.60931899641577,0,GOOD
0.8456924754634678,0.6666666666666666,0.5,0.6923076923076923,0.3333333333333333,0.2222222222222222,0.0,0.0,0.5,0.3333333333333333,0.6000000000000001,0.6666666666666666,0.25,0.6666666666666666,0.3333333333333333,0.6666666666666666,0.6666666666666666,0.2674401948144965,0.0,37.992831541218706,0,POOR
0.846237731733915,0.0,0.0,0.7692307692307693,0.1666666666666666,0.1111111111111111,0.5,0.3333333333333333,1.0,0.6666666666666666,0.8,0.0,0.0833333333333333,0.0,1.0,0.0,0.0,0.7885689729265148,0.0,55.55555555555548,0,AVERAGE
0.8467829880043621,0.6666666666666666,0.0,0.9230769230769232,0.5,0.4444444444444445,0.0,0.3333333333333333,0.0,0.3333333333333333,0.6000000000000001,0.3333333333333333,0.25,0.6666666666666666,0.3333333333333333,0.6666666666666666,0.6666666666666666,0.1819223606933104,0.0,49.10394265232977,0,AVERAGE
0.8473282442748092,0.6666666666666666,0.0,0.4615384615384615,0.3333333333333333,0.7777777777777777,0.5,0.3333333333333333,0.5,0.3333333333333333,0.8,1.0,0.0833333333333333,1.0,0.3333333333333333,0.6666666666666666,1.0,0.4076779830969775,0.0,39.42652329749106,0,POOR
0.8484187568157034,1.0,0.5,0.0,0.5,0.8888888888888888,1.0,0.3333333333333333,0.5,1.0,0.0,0.0,0.25,0.3333333333333333,0.3333333333333333,1.0,0.3333333333333333,0.7632144391920929,0.0,30.465949820788573,0,POOR
0.8489640130861505,0.6666666666666666,1.0,0.0769230769230769,0.6666666666666666,0.2777777777777777,0.0,0.6666666666666666,0.0,0.3333333333333333,0.8,0.6666666666666666,0.0,0.0,0.3333333333333333,0.6666666666666666,0.0,0.2715943274602492,0.0,56.6308243727599,0,AVERAGE
0.8495092693565977,0.3333333333333333,0.5,0.7692307692307693,0.3333333333333333,0.1111111111111111,0.0,0.0,0.5,0.0,1.0,0.6666666666666666,0.25,0.3333333333333333,0.0,0.3333333333333333,0.3333333333333333,0.3543904884687007,0.0,48.02867383512544,0,AVERAGE
0.8500545256270448,0.6666666666666666,1.0,0.7692307692307693,0.3333333333333333,1.0,0.5,0.0,1.0,0.3333333333333333,0.0,0.6666666666666666,0.0833333333333333,0.0,0.6666666666666666,0.6666666666666666,0.0,0.6231198968629136,0.0,27.956989247311885,0,POOR
0.8505997818974919,0.3333333333333333,0.5,0.1538461538461538,0.1666666666666666,1.0,0.0,0.3333333333333333,0.5,0.0,0.0,0.6666666666666666,0.0,0.3333333333333333,0.6666666666666666,0.3333333333333333,0.3333333333333333,0.4752900730554362,0.0,52.68817204301078,0,AVERAGE
0.851145038167939,0.3333333333333333,0.5,0.4615384615384615,0.3333333333333333,0.1666666666666666,1.0,0.3333333333333333,1.0,0.0,0.0,0.3333333333333333,0.3333333333333333,0.0,0.3333333333333333,0.3333333333333333,0.0,0.5973356252685862,0.0,64.51612903225806,0,GOOD
0.8516902944383861,0.6666666666666666,0.5,0.0769230769230769,0.5,0.0555555555555555,0.5,0.3333333333333333,0.5,0.3333333333333333,0.4,1.0,0.0,0.0,0.3333333333333333,0.6666666666666666,0.0,0.2617103566824237,0.0,45.519713261648754,0,AVERAGE
0.8522355507088332,0.6666666666666666,0.5,0.6923076923076923,0.6666666666666666,0.4444444444444445,0.5,0.6666666666666666,0.5,0.3333333333333333,0.8,0.6666666666666666,0.0,0.0,0.3333333333333333,0.6666666666666666,0.0,0.3185790001432459,0.0,54.48028673835134,0,AVERAGE
0.8527808069792803,0.6666666666666666,0.5,1.0,0.3333333333333333,0.9444444444444444,0.0,0.0,1.0,0.3333333333333333,0.0,1.0,0.3333333333333333,0.3333333333333333,0.0,0.6666666666666666,0.3333333333333333,0.688583297521845,0.0,24.372759856630875,0,POOR
0.8538713195201745,1.0,1.0,0.5384615384615385,0.5,0.4444444444444445,0.0,1.0,0.5,1.0,0.2,0.3333333333333333,0.0,0.3333333333333333,0.0,1.0,0.3333333333333333,0.5078069044549491,0.0,57.70609318996415,0,AVERAGE
0.8544165757906216,0.6666666666666666,0.5,0.0769230769230769,0.3333333333333333,0.2222222222222222,0.5,0.6666666666666666,0.5,0.3333333333333333,0.8,0.3333333333333333,0.1666666666666666,0.0,0.0,0.6666666666666666,0.0,0.4076779830969775,0.0,68.10035842293908,0,GOOD
0.8549618320610688,0.3333333333333333,0.0,0.3076923076923077,0.1666666666666666,0.3888888888888889,1.0,0.6666666666666666,0.5,0.0,0.6000000000000001,1.0,0.25,1.0,0.6666666666666666,0.3333333333333333,1.0,0.5133934966337201,0.0,69.17562724014341,0,GOOD
0.8555070883315159,0.3333333333333333,0.0,0.0769230769230769,0.5,0.7222222222222221,1.0,0.3333333333333333,0.5,0.0,0.4,1.0,0.1666666666666666,1.0,0.3333333333333333,0.3333333333333333,1.0,0.3041111588597622,0.0,45.519713261648754,0,AVERAGE
0.856052344601963,0.3333333333333333,0.0,0.9230769230769232,0.1666666666666666,0.4444444444444445,0.0,0.0,1.0,0.0,0.0,0.6666666666666666,0.3333333333333333,0.0,0.0,0.3333333333333333,0.0,0.5590889557370005,0.0,46.9534050179212,0,AVERAGE
0.8565976008724101,0.6666666666666666,0.0,0.9230769230769232,0.3333333333333333,0.6111111111111112,0.0,0.0,0.5,0.3333333333333333,0.0,1.0,0.0833333333333333,0.3333333333333333,1.0,0.6666666666666666,0.3333333333333333,0.1151697464546626,0.0,28.673835125448015,0,POOR
0.8571428571428572,0.6666666666666666,1.0,0.3076923076923077,0.3333333333333333,0.1111111111111111,1.0,0.6666666666666666,0.0,0.3333333333333333,1.0,0.6666666666666666,0.25,0.0,1.0,0.6666666666666666,0.0,0.5238504512247529,0.0,65.23297491039428,0,GOOD
0.8576881134133043,1.0,1.0,0.4615384615384615,0.6666666666666666,0.5555555555555556,0.0,0.3333333333333333,0.5,1.0,0.6000000000000001,0.6666666666666666,0.0833333333333333,0.0,0.3333333333333333,1.0,0.0,0.6635152556940267,0.0,22.939068100358433,0,POOR
0.8582333696837514,0.6666666666666666,0.0,0.0,0.6666666666666666,0.6666666666666665,0.0,0.0,1.0,0.3333333333333333,0.6000000000000001,0.3333333333333333,0.25,0.6666666666666666,0.3333333333333333,0.6666666666666666,0.6666666666666666,0.353387766795588,0.0,30.10752688172046,0,POOR
0.8593238822246456,0.6666666666666666,0.5,0.0,0.5,0.8333333333333333,1.0,0.3333333333333333,0.5,0.3333333333333333,0.4,0.0,0.3333333333333333,0.0,0.6666666666666666,0.6666666666666666,0.0,0.5308695029365421,0.0,48.38709677419355,0,AVERAGE
0.8598691384950927,0.0,0.5,0.6153846153846154,0.0,0.7777777777777777,1.0,0.6666666666666666,0.0,0.6666666666666666,0.6000000000000001,0.6666666666666666,0.25,0.6666666666666666,0.3333333333333333,0.0,0.6666666666666666,0.9000143245953302,0.0,54.480286738351246,0,AVERAGE
0.8604143947655398,1.0,1.0,0.3076923076923077,0.6666666666666666,0.0,0.5,0.3333333333333333,0.0,1.0,0.0,0.3333333333333333,0.25,0.6666666666666666,0.6666666666666666,1.0,0.6666666666666666,0.9252256123764504,0.0,34.408602150537604,0,POOR
0.8609596510359869,0.6666666666666666,1.0,0.0769230769230769,0.6666666666666666,0.1111111111111111,1.0,0.3333333333333333,0.0,0.3333333333333333,0.0,0.6666666666666666,0.1666666666666666,0.6666666666666666,0.0,0.6666666666666666,0.6666666666666666,0.3659934106861481,0.0,45.87813620071687,0,AVERAGE
0.861504907306434,1.0,0.0,0.4615384615384615,0.8333333333333333,0.9444444444444444,0.5,0.6666666666666666,0.0,1.0,0.6000000000000001,0.3333333333333333,0.0,0.3333333333333333,0.3333333333333333,1.0,0.3333333333333333,0.980948288210858,0.0,31.899641577060923,0,POOR
0.8620501635768811,0.3333333333333333,0.0,0.3076923076923077,0.3333333333333333,0.3333333333333333,0.5,0.6666666666666666,0.0,0.0,0.4,0.0,0.3333333333333333,1.0,0.3333333333333333,0.3333333333333333,1.0,0.5590889557370005,0.0,79.56989247311826,0,GOOD
0.8625954198473282,0.3333333333333333,0.0,0.0,0.5,0.8888888888888888,0.0,1.0,0.0,0.0,1.0,0.0,0.0833333333333333,0.3333333333333333,0.3333333333333333,0.3333333333333333,0.3333333333333333,0.1948144964904741,0.0,82.07885304659503,0,EXCELLENT
0.8631406761177753,0.3333333333333333,1.0,0.8461538461538463,0.1666666666666666,0.4999999999999999,0.0,0.3333333333333333,0.5,0.0,0.2,0.0,0.0833333333333333,0.3333333333333333,0.0,0.3333333333333333,0.3333333333333333,0.1605787136513393,0.0,67.74193548387096,0,GOOD
0.8636859323882226,1.0,1.0,0.1538461538461538,0.5,0.4444444444444445,1.0,1.0,0.0,1.0,0.6000000000000001,0.0,0.25,0.6666666666666666,0.6666666666666666,1.0,0.6666666666666666,0.6501933820369574,0.0,62.00716845878138,0,GOOD
0.8647764449291168,0.3333333333333333,0.5,0.6153846153846154,0.1666666666666666,0.4444444444444445,1.0,0.6666666666666666,0.5,0.0,0.4,0.0,0.25,0.3333333333333333,0.6666666666666666,0.3333333333333333,0.3333333333333333,0.3277467411545623,0.0,81.3620071684588,0,EXCELLENT
0.8653217011995639,0.6666666666666666,1.0,0.6153846153846154,0.5,0.4444444444444445,1.0,0.0,1.0,0.3333333333333333,0.8,0.0,0.1666666666666666,1.0,0.3333333333333333,0.6666666666666666,1.0,0.2362125769946998,0.0,40.50179211469539,0,AVERAGE
0.865866957470011,0.3333333333333333,0.5,0.4615384615384615,0.1666666666666666,0.9444444444444444,1.0,0.0,0.5,0.0,0.4,0.0,0.3333333333333333,0.6666666666666666,0.6666666666666666,0.3333333333333333,0.6666666666666666,0.721100128921358,0.0,49.10394265232977,0,AVERAGE
0.8664122137404581,0.3333333333333333,0.5,0.0769230769230769,0.1666666666666666,0.2222222222222222,0.5,0.3333333333333333,1.0,0.0,0.6000000000000001,0.3333333333333333,0.0,1.0,0.0,0.3333333333333333,1.0,0.4479300959747887,0.0,67.02508960573475,0,GOOD
0.8669574700109052,0.6666666666666666,0.0,0.4615384615384615,0.3333333333333333,0.4444444444444445,0.5,0.0,0.0,0.3333333333333333,0.4,0.6666666666666666,0.0833333333333333,0.3333333333333333,0.0,0.6666666666666666,0.3333333333333333,0.1680275032230339,0.0,35.125448028673915,0,POOR
0.8675027262813523,0.6666666666666666,1.0,0.0,0.5,0.1666666666666666,0.5,0.3333333333333333,0.5,0.3333333333333333,0.8,0.6666666666666666,0.3333333333333333,0.0,0.0,0.6666666666666666,0.0,0.5600916774101132,0.0,48.38709677419364,0,AVERAGE
0.8680479825517994,0.3333333333333333,0.0,0.0,0.5,0.2777777777777777,0.0,1.0,0.0,0.0,0.0,0.6666666666666666,0.0,0.0,0.0,0.3333333333333333,0.0,0.1832115742730267,0.0,81.3620071684588,0,EXCELLENT
0.8685932388222465,0.6666666666666666,0.5,0.3846153846153846,0.5,0.8888888888888888,0.5,1.0,1.0,0.3333333333333333,0.6000000000000001,0.0,0.3333333333333333,0.3333333333333333,1.0,0.6666666666666666,0.3333333333333333,0.4818793869073199,0.0,73.47670250896064,0,GOOD
0.8691384950926936,0.6666666666666666,1.0,0.0,0.3333333333333333,0.3888888888888889,0.5,1.0,0.5,0.3333333333333333,1.0,0.3333333333333333,0.0,1.0,0.3333333333333333,0.6666666666666666,1.0,0.3631284916201117,0.0,78.85304659498212,0,GOOD
0.8696837513631407,0.3333333333333333,1.0,0.3076923076923077,0.3333333333333333,0.6111111111111112,0.5,0.0,0.0,0.0,0.6000000000000001,0.0,0.25,0.0,0.6666666666666666,0.3333333333333333,0.0,0.3172897865635296,0.0,50.17921146953401,0,AVERAGE
0.8707742639040349,0.0,0.5,0.0769230769230769,0.1666666666666666,0.5555555555555556,1.0,0.3333333333333333,0.5,0.6666666666666666,0.4,0.3333333333333333,0.0833333333333333,1.0,0.3333333333333333,0.0,1.0,0.9104712791863632,0.0,45.51971326164866,0,AVERAGE
0.871319520174482,0.3333333333333333,0.5,0.7692307692307693,0.3333333333333333,0.6666666666666665,1.0,0.3333333333333333,0.5,0.0,0.8,0.6666666666666666,0.3333333333333333,0.0,1.0,0.3333333333333333,0.0,0.4833118464403381,0.0,53.76344086021512,0,AVERAGE
0.8718647764449291,0.6666666666666666,0.5,0.3846153846153846,0.6666666666666666,0.3888888888888889,1.0,0.0,0.5,0.3333333333333333,0.2,1.0,0.1666666666666666,1.0,0.6666666666666666,0.6666666666666666,1.0,0.4429164876092251,0.0,25.089605734767094,0,POOR
0.8724100327153763,1.0,0.5,0.0,0.5,0.9444444444444444,0.5,0.3333333333333333,1.0,1.0,1.0,0.0,0.25,1.0,1.0,1.0,1.0,0.9329608938547486,0.0,29.74910394265235,0,POOR
0.8729552889858234,0.6666666666666666,1.0,0.0769230769230769,0.5,0.4444444444444445,1.0,0.3333333333333333,0.0,0.3333333333333333,0.4,0.6666666666666666,0.1666666666666666,0.3333333333333333,0.6666666666666666,0.6666666666666666,0.3333333333333333,0.1824953445065177,0.0,44.80286738351263,0,AVERAGE
0.8735005452562705,0.6666666666666666,1.0,1.0,0.3333333333333333,0.7777777777777777,0.0,0.6666666666666666,0.0,0.3333333333333333,0.2,0.6666666666666666,0.3333333333333333,0.3333333333333333,1.0,0.6666666666666666,0.3333333333333333,0.5424724251539894,0.0,56.6308243727599,0,AVERAGE
0.8740458015267176,0.3333333333333333,0.0,0.6923076923076923,0.5,0.1666666666666666,0.0,0.0,0.0,0.0,0.0,0.0,0.3333333333333333,0.3333333333333333,1.0,0.3333333333333333,0.3333333333333333,0.4711359404096834,0.0,52.68817204301078,0,AVERAGE
0.8745910577971647,0.6666666666666666,0.0,0.0769230769230769,0.6666666666666666,0.7222222222222221,0.0,0.6666666666666666,0.0,0.3333333333333333,1.0,0.0,0.0,1.0,1.0,0.6666666666666666,1.0,0.5960464116888697,0.0,59.4982078853047,0,AVERAGE
0.8751363140676118,0.6666666666666666,0.5,0.7692307692307693,0.3333333333333333,0.9444444444444444,1.0,0.0,0.5,0.3333333333333333,0.8,1.0,0.1666666666666666,0.0,0.3333333333333333,0.6666666666666666,0.0,0.5247099269445639,0.0,24.372759856630875,0,POOR
0.876226826608506,0.3333333333333333,0.0,0.9230769230769232,0.3333333333333333,0.1111111111111111,1.0,0.3333333333333333,0.0,0.0,1.0,0.6666666666666666,0.1666666666666666,0.0,1.0,0.3333333333333333,0.0,0.4632574129780834,0.0,60.93189964157705,0,GOOD
0.8767720828789531,0.3333333333333333,0.5,0.9230769230769232,0.3333333333333333,0.8333333333333333,0.5,0.3333333333333333,0.5,0.0,0.2,0.6666666666666666,0.0833333333333333,1.0,0.6666666666666666,0.3333333333333333,1.0,0.2882108580432603,0.0,51.61290322580645,0,AVERAGE
0.8773173391494002,0.3333333333333333,1.0,0.0,0.5,0.8888888888888888,0.5,0.0,1.0,0.0,0.2,0.3333333333333333,0.0833333333333333,0.3333333333333333,0.0,0.3333333333333333,0.3333333333333333,0.1948144964904741,0.0,39.068100358422946,0,POOR
0.8778625954198473,0.3333333333333333,0.0,0.2307692307692307,0.1666666666666666,0.8333333333333333,0.0,0.0,1.0,0.0,0.6000000000000001,0.6666666666666666,0.0833333333333333,0.3333333333333333,0.6666666666666666,0.3333333333333333,0.3333333333333333,0.2476722532588454,0.0,41.935483870967744,0,AVERAGE
0.8784078516902945,0.3333333333333333,0.5,0.2307692307692307,0.5,0.8333333333333333,0.5,0.0,0.0,0.0,1.0,1.0,0.25,1.0,1.0,0.3333333333333333,1.0,0.3923506660936828,0.0,31.182795698924696,0,POOR
0.8789531079607416,0.6666666666666666,0.0,1.0,0.5,0.8888888888888888,0.0,0.3333333333333333,0.0,0.3333333333333333,0.4,0.6666666666666666,0.3333333333333333,0.3333333333333333,0.3333333333333333,0.6666666666666666,0.3333333333333333,0.4818793869073199,0.0,39.06810035842304,0,POOR
0.8794983642311887,0.3333333333333333,1.0,0.8461538461538463,0.3333333333333333,0.1111111111111111,0.0,0.6666666666666666,0.0,0.0,1.0,0.3333333333333333,0.25,0.3333333333333333,1.0,0.3333333333333333,0.3333333333333333,0.3543904884687007,0.0,78.1362007168458,0,GOOD
0.8800436205016358,1.0,0.5,0.3846153846153846,0.5,0.4444444444444445,0.5,0.6666666666666666,1.0,1.0,0.2,0.0,0.3333333333333333,0.0,0.6666666666666666,1.0,0.0,0.8465835840137517,0.0,49.10394265232977,0,AVERAGE
0.8811341330425301,0.6666666666666666,0.5,0.8461538461538463,0.3333333333333333,0.8333333333333333,0.0,0.6666666666666666,0.5,0.3333333333333333,0.8,0.0,0.1666666666666666,0.3333333333333333,1.0,0.6666666666666666,0.3333333333333333,0.287637874230053,0.0,64.51612903225806,0,GOOD
0.8816793893129772,0.6666666666666666,1.0,0.4615384615384615,0.6666666666666666,0.2222222222222222,0.5,0.3333333333333333,0.0,0.3333333333333333,0.0,1.0,0.3333333333333333,0.0,0.0,0.6666666666666666,0.0,0.6967483168600487,0.0,40.14336917562728,0,AVERAGE
0.8822246455834243,1.0,0.5,0.4615384615384615,0.8333333333333333,0.7777777777777777,0.0,1.0,1.0,1.0,0.0,0.0,0.0,0.6666666666666666,0.6666666666666666,1.0,0.6666666666666666,0.9795158286778398,0.0,51.25448028673835,0,AVERAGE
0.8827699018538714,0.3333333333333333,0.5,0.3076923076923077,0.3333333333333333,0.9444444444444444,1.0,1.0,1.0,0.0,0.8,0.3333333333333333,0.25,0.6666666666666666,1.0,0.3333333333333333,0.6666666666666666,0.4095401804899011,0.0,80.28673835125447,0,EXCELLENT
0.8833151581243185,0.3333333333333333,0.0,0.0769230769230769,0.5,0.1666666666666666,0.0,1.0,1.0,0.0,0.2,0.6666666666666666,0.1666666666666666,0.3333333333333333,0.0,0.3333333333333333,0.3333333333333333,0.2181635868786706,0.0,82.79569892473124,0,EXCELLENT
0.8838604143947656,0.3333333333333333,0.0,0.0769230769230769,0.1666666666666666,0.0,1.0,0.0,0.5,0.0,0.6000000000000001,0.3333333333333333,0.0833333333333333,0.0,1.0,0.3333333333333333,0.0,0.6494771522704484,0.0,56.98924731182793,0,AVERAGE
0.8844056706652127,0.3333333333333333,0.5,0.6153846153846154,0.1666666666666666,0.6111111111111112,0.5,0.3333333333333333,1.0,0.0,0.6000000000000001,1.0,0.3333333333333333,0.3333333333333333,1.0,0.3333333333333333,0.3333333333333333,0.4510815069474287,0.0,53.405017921146914,0,AVERAGE
0.8849509269356598,0.6666666666666666,0.0,0.2307692307692307,0.5,0.0,0.0,0.3333333333333333,0.0,0.3333333333333333,0.8,1.0,0.25,1.0,0.6666666666666666,0.6666666666666666,1.0,0.6309984242945137,0.0,46.23655913978498,0,AVERAGE
0.8854961832061069,0.6666666666666666,0.0,0.8461538461538463,0.3333333333333333,0.8888888888888888,0.5,0.3333333333333333,0.5,0.3333333333333333,0.4,0.3333333333333333,0.25,0.0,0.6666666666666666,0.6666666666666666,0.0,0.4851740438332617,0.0,46.594982078853086,0,AVERAGE
0.8871319520174482,0.3333333333333333,0.5,0.0,0.5,0.1666666666666666,0.0,1.0,0.0,0.0,0.2,1.0,0.0,0.6666666666666666,1.0,0.3333333333333333,0.6666666666666666,0.2289070333763071,0.0,78.49462365591401,0,GOOD
0.8876772082878953,0.6666666666666666,0.0,0.2307692307692307,0.6666666666666666,0.8888888888888888,1.0,1.0,0.0,0.3333333333333333,0.0,0.6666666666666666,0.0833333333333333,0.6666666666666666,0.6666666666666666,0.6666666666666666,0.6666666666666666,0.3419280905314425,0.0,61.648745519713366,0,GOOD
0.8882224645583424,0.6666666666666666,0.5,0.2307692307692307,0.6666666666666666,0.1666666666666666,0.0,0.3333333333333333,0.0,0.3333333333333333,0.8,0.3333333333333333,0.0,0.6666666666666666,0.3333333333333333,0.6666666666666666,0.6666666666666666,0.3413551067182352,0.0,49.46236559139788,0,AVERAGE
0.8887677208287895,0.6666666666666666,1.0,0.0,0.5,0.0555555555555555,0.5,0.0,1.0,0.3333333333333333,1.0,0.6666666666666666,0.0833333333333333,0.3333333333333333,0.3333333333333333,0.6666666666666666,0.3333333333333333,0.2946569259418422,0.0,36.91756272401438,0,POOR
0.8893129770992367,0.6666666666666666,0.0,0.6923076923076923,0.6666666666666666,0.9444444444444444,0.0,1.0,0.5,0.3333333333333333,1.0,1.0,0.0,0.0,1.0,0.6666666666666666,0.0,0.5390345222747458,0.0,56.6308243727599,0,AVERAGE
0.8898582333696838,0.3333333333333333,0.5,0.5384615384615385,0.1666666666666666,0.7222222222222221,1.0,1.0,0.5,0.0,0.2,0.0,0.0,0.0,0.6666666666666666,0.3333333333333333,0.0,0.282910757771093,0.0,90.6810035842294,0,EXCELLENT
0.8904034896401309,0.6666666666666666,0.0,0.8461538461538463,0.3333333333333333,0.2777777777777777,0.5,0.6666666666666666,1.0,0.3333333333333333,0.8,0.3333333333333333,0.3333333333333333,0.6666666666666666,0.6666666666666666,0.6666666666666666,0.6666666666666666,0.4311703194384759,0.0,67.38351254480285,0,GOOD
0.890948745910578,0.6666666666666666,0.0,0.6923076923076923,0.5,0.4999999999999999,0.0,0.0,0.0,0.3333333333333333,0.6000000000000001,0.6666666666666666,0.0,0.0,0.6666666666666666,0.6666666666666666,0.0,0.0767798309697751,0.0,31.182795698924792,0,POOR
0.8914940021810251,1.0,1.0,0.0769230769230769,0.6666666666666666,0.9444444444444444,0.0,0.6666666666666666,0.5,1.0,1.0,0.6666666666666666,0.0833333333333333,0.3333333333333333,0.3333333333333333,1.0,0.3333333333333333,0.7960177624982094,0.0,30.824372759856683,0,POOR
0.8920392584514723,0.6666666666666666,1.0,1.0,0.3333333333333333,0.9444444444444444,1.0,1.0,0.0,0.3333333333333333,0.8,0.6666666666666666,0.0,1.0,0.0,0.6666666666666666,1.0,0.6444635439048847,0.0,67.38351254480295,0,GOOD
0.8931297709923665,0.3333333333333333,0.5,0.0769230769230769,0.1666666666666666,0.2777777777777777,1.0,0.6666666666666666,0.5,0.0,0.2,0.0,0.0,0.6666666666666666,0.6666666666666666,0.3333333333333333,0.6666666666666666,0.2703051138805329,0.0,83.51254480286737,0,EXCELLENT
0.8936750272628136,1.0,0.5,1.0,0.5,0.1666666666666666,0.5,0.3333333333333333,0.5,1.0,0.2,0.6666666666666666,0.0833333333333333,0.0,0.0,1.0,0.0,0.6586448932817648,0.0,31.182795698924792,0,POOR
0.8942202835332607,1.0,0.5,0.2307692307692307,0.6666666666666666,0.4444444444444445,0.5,0.6666666666666666,0.0,1.0,1.0,0.6666666666666666,0.3333333333333333,1.0,0.0,1.0,1.0,0.9067468844005157,0.0,37.27598566308249,0,POOR
0.8947655398037078,0.0,0.0,0.3846153846153846,0.1666666666666666,0.2222222222222222,1.0,0.0,0.5,0.6666666666666666,0.4,0.6666666666666666,0.1666666666666666,0.0,0.3333333333333333,0.0,0.0,0.805901733276035,0.0,32.61648745519714,0,POOR
0.8953107960741549,0.6666666666666666,1.0,0.5384615384615385,0.3333333333333333,0.8333333333333333,0.0,0.0,1.0,0.3333333333333333,0.2,0.6666666666666666,0.25,1.0,0.3333333333333333,0.6666666666666666,1.0,0.4844578140667526,0.0,30.10752688172046,0,POOR
0.895856052344602,1.0,0.5,0.5384615384615385,0.5,0.1111111111111111,1.0,0.0,1.0,1.0,1.0,0.6666666666666666,0.0,1.0,0.0,1.0,1.0,0.8256696748316861,0.0,18.99641577060931,0,CRITICAL
0.8964013086150491,0.3333333333333333,1.0,0.5384615384615385,0.3333333333333333,0.8333333333333333,0.0,0.6666666666666666,0.0,0.0,0.6000000000000001,1.0,0.3333333333333333,1.0,0.6666666666666666,0.3333333333333333,1.0,0.592751754762928,0.0,60.21505376344083,0,GOOD
0.8969465648854962,0.3333333333333333,0.0,0.6153846153846154,0.5,0.7222222222222221,1.0,0.3333333333333333,0.0,0.0,0.4,1.0,0.0,0.3333333333333333,0.0,0.3333333333333333,0.3333333333333333,0.1696032087093539,0.0,45.519713261648754,0,AVERAGE
0.8974918211559433,0.3333333333333333,0.5,0.3076923076923077,0.5,0.4444444444444445,1.0,0.0,0.0,0.0,1.0,0.0,0.3333333333333333,0.6666666666666666,0.0,0.3333333333333333,0.6666666666666666,0.3277467411545623,0.0,49.10394265232977,0,AVERAGE
0.8985823336968376,0.3333333333333333,1.0,0.1538461538461538,0.5,0.3333333333333333,0.5,1.0,1.0,0.0,0.4,0.3333333333333333,0.1666666666666666,0.6666666666666666,0.3333333333333333,0.3333333333333333,0.6666666666666666,0.184644033806045,0.0,84.94623655913972,0,EXCELLENT
0.8991275899672847,0.3333333333333333,0.0,0.7692307692307693,0.3333333333333333,0.6111111111111112,1.0,0.3333333333333333,0.0,0.0,1.0,0.6666666666666666,0.3333333333333333,0.6666666666666666,0.0,0.3333333333333333,0.6666666666666666,0.3525282910757771,0.0,54.480286738351246,0,AVERAGE
0.8996728462377318,0.3333333333333333,0.0,0.0769230769230769,0.5,0.7222222222222221,1.0,0.3333333333333333,1.0,0.0,0.8,1.0,0.25,0.6666666666666666,0.6666666666666666,0.3333333333333333,0.6666666666666666,0.2661509812347801,0.0,45.519713261648754,0,AVERAGE
0.9002181025081789,0.6666666666666666,0.5,0.3076923076923077,0.6666666666666666,0.8888888888888888,1.0,0.3333333333333333,1.0,0.3333333333333333,0.0,1.0,0.3333333333333333,0.0,0.0,0.6666666666666666,0.0,0.6797020484171322,0.0,31.541218637992902,0,POOR
0.900763358778626,0.0,1.0,0.3076923076923077,0.1666666666666666,0.7777777777777777,0.5,1.0,0.5,0.6666666666666666,0.6000000000000001,0.3333333333333333,0.25,1.0,0.0,0.0,1.0,0.9704913336198252,0.0,68.45878136200709,0,GOOD
0.9013086150490732,0.3333333333333333,1.0,0.9230769230769232,0.5,0.9444444444444444,0.5,0.3333333333333333,0.5,0.0,0.4,1.0,0.25,1.0,1.0,0.3333333333333333,1.0,0.5281478298238075,0.0,42.65232974910396,0,AVERAGE
0.9018538713195202,0.3333333333333333,0.0,0.3076923076923077,0.1666666666666666,0.6111111111111112,0.0,0.6666666666666666,0.5,0.0,0.8,0.6666666666666666,0.0,1.0,0.6666666666666666,0.3333333333333333,1.0,0.3509525855894571,0.0,70.60931899641577,0,GOOD
0.9023991275899672,0.6666666666666666,0.5,0.9230769230769232,0.5,0.4444444444444445,1.0,0.6666666666666666,1.0,0.3333333333333333,0.6000000000000001,0.0,0.3333333333333333,0.0,1.0,0.6666666666666666,0.0,0.4467841283483741,0.0,66.30824372759861,0,GOOD
0.9029443838604144,0.3333333333333333,0.5,0.6923076923076923,0.5,0.2222222222222222,0.5,0.6666666666666666,0.0,0.0,0.6000000000000001,0.6666666666666666,0.1666666666666666,1.0,1.0,0.3333333333333333,1.0,0.3785990545767082,0.0,69.17562724014341,0,GOOD
0.9040348964013086,0.6666666666666666,0.5,0.9230769230769232,0.6666666666666666,1.0,1.0,0.6666666666666666,0.0,0.3333333333333333,0.0,1.0,0.25,0.6666666666666666,1.0,0.6666666666666666,0.6666666666666666,0.5964761495487753,0.0,43.01075268817207,0,AVERAGE
0.9045801526717556,0.0,0.5,0.0769230769230769,0.1666666666666666,0.5555555555555556,1.0,0.6666666666666666,1.0,0.6666666666666666,0.8,0.0,0.0833333333333333,0.6666666666666666,0.6666666666666666,0.0,0.6666666666666666,0.6848589027359977,0.0,62.72401433691751,0,GOOD
0.9051254089422028,0.3333333333333333,1.0,0.3846153846153846,0.1666666666666666,0.3888888888888889,0.5,1.0,1.0,0.0,0.8,0.0,0.25,1.0,1.0,0.3333333333333333,1.0,0.5133934966337201,0.0,94.98207885304663,0,EXCELLENT
0.90567066521265,0.3333333333333333,1.0,0.6153846153846154,0.3333333333333333,0.2777777777777777,1.0,0.0,1.0,0.0,1.0,0.3333333333333333,0.0,0.0,1.0,0.3333333333333333,0.0,0.13149978513107,0.0,50.17921146953401,0,AVERAGE
0.906215921483097,0.6666666666666666,0.5,1.0,0.3333333333333333,0.6111111111111112,0.5,0.0,0.0,0.3333333333333333,0.0,0.6666666666666666,0.25,0.6666666666666666,1.0,0.6666666666666666,0.6666666666666666,0.2778971494055293,0.0,32.97491039426526,0,POOR
0.9067611777535444,0.6666666666666666,0.5,0.8461538461538463,0.6666666666666666,0.7777777777777777,1.0,0.3333333333333333,1.0,0.3333333333333333,0.8,0.6666666666666666,0.3333333333333333,1.0,0.0,0.6666666666666666,1.0,0.6650909611803466,0.0,37.27598566308249,0,POOR
0.9073064340239914,0.3333333333333333,1.0,0.6153846153846154,0.1666666666666666,0.6666666666666665,0.0,0.3333333333333333,0.0,0.0,0.4,0.6666666666666666,0.25,1.0,0.6666666666666666,0.3333333333333333,1.0,0.5073771665950437,0.0,56.98924731182802,0,AVERAGE
0.9078516902944384,0.3333333333333333,1.0,0.8461538461538463,0.3333333333333333,0.1111111111111111,0.0,1.0,1.0,0.0,0.2,0.0,0.3333333333333333,0.6666666666666666,0.6666666666666666,0.3333333333333333,0.6666666666666666,0.4251539893997995,0.0,95.34050179211465,0,EXCELLENT
0.9083969465648856,1.0,0.0,0.7692307692307693,0.6666666666666666,0.2777777777777777,1.0,0.6666666666666666,1.0,1.0,0.6000000000000001,1.0,0.0,0.6666666666666666,0.6666666666666666,1.0,0.6666666666666666,0.6415986248388483,0.0,35.12544802867382,0,POOR
0.9089422028353328,0.3333333333333333,1.0,0.3076923076923077,0.3333333333333333,0.2222222222222222,0.0,1.0,1.0,0.0,1.0,1.0,0.1666666666666666,0.6666666666666666,0.6666666666666666,0.3333333333333333,0.6666666666666666,0.1926658071909468,0.0,81.0035842293907,0,EXCELLENT
0.9100327153762268,0.6666666666666666,1.0,1.0,0.3333333333333333,0.3888888888888889,1.0,1.0,0.0,0.3333333333333333,0.8,0.0,0.25,0.0,1.0,0.6666666666666666,0.0,0.4052428018908465,0.0,83.15412186379936,0,EXCELLENT
0.910577971646674,1.0,0.5,0.3076923076923077,0.8333333333333333,0.8888888888888888,0.0,0.3333333333333333,1.0,1.0,1.0,0.0,0.1666666666666666,0.0,0.0,1.0,0.0,0.9720670391061452,0.0,24.014336917562765,0,POOR
0.9111232279171212,0.6666666666666666,1.0,0.3076923076923077,0.5,0.7222222222222221,0.0,0.6666666666666666,1.0,0.3333333333333333,0.6000000000000001,0.0,0.3333333333333333,0.0,0.3333333333333333,0.6666666666666666,0.0,0.453230196246956,0.0,62.7240143369176,0,GOOD
0.9116684841875682,0.3333333333333333,0.0,0.5384615384615385,0.1666666666666666,0.8333333333333333,0.0,0.3333333333333333,0.5,0.0,0.8,1.0,0.3333333333333333,0.3333333333333333,1.0,0.3333333333333333,0.3333333333333333,0.6130926801317862,0.0,50.537634408602116,0,AVERAGE
0.9122137404580152,0.6666666666666666,1.0,0.6153846153846154,0.3333333333333333,0.6666666666666665,0.0,1.0,0.5,0.3333333333333333,1.0,0.3333333333333333,0.0833333333333333,1.0,1.0,0.6666666666666666,1.0,0.3728692164446354,0.0,75.26881720430111,0,GOOD
0.9127589967284624,0.6666666666666666,1.0,0.5384615384615385,0.6666666666666666,0.4999999999999999,0.0,0.3333333333333333,0.0,0.3333333333333333,0.8,0.0,0.1666666666666666,0.6666666666666666,0.3333333333333333,0.6666666666666666,0.6666666666666666,0.2173041111588597,0.0,49.46236559139788,0,AVERAGE
0.9133042529989096,0.3333333333333333,1.0,0.0,0.5,0.4444444444444445,0.5,0.3333333333333333,1.0,0.0,1.0,0.6666666666666666,0.0,0.0,0.3333333333333333,0.3333333333333333,0.0,0.2396504798739435,0.0,53.405017921147,0,AVERAGE
0.9138495092693566,0.3333333333333333,0.5,0.6153846153846154,0.5,0.7222222222222221,1.0,0.0,0.5,0.0,1.0,0.3333333333333333,0.1666666666666666,0.3333333333333333,0.0,0.3333333333333333,0.3333333333333333,0.1582867783985102,0.0,41.21863799283152,0,AVERAGE
0.9143947655398036,0.6666666666666666,0.5,0.1538461538461538,0.5,0.6666666666666665,0.5,1.0,1.0,0.3333333333333333,1.0,0.3333333333333333,0.3333333333333333,0.3333333333333333,1.0,0.6666666666666666,0.3333333333333333,0.4151267726686721,0.0,72.0430107526882,0,GOOD
0.9149400218102508,0.3333333333333333,1.0,0.8461538461538463,0.3333333333333333,0.6666666666666665,0.0,1.0,0.5,0.0,0.4,0.0,0.25,1.0,0.3333333333333333,0.3333333333333333,1.0,0.3751611516974645,0.0,88.17204301075272,0,EXCELLENT
0.915485278080698,0.3333333333333333,1.0,0.0769230769230769,0.3333333333333333,0.2222222222222222,1.0,1.0,0.0,0.0,0.0,0.6666666666666666,0.1666666666666666,0.0,0.3333333333333333,0.3333333333333333,0.0,0.2790431170319438,0.0,85.30465949820793,0,EXCELLENT
0.9160305343511452,0.3333333333333333,1.0,0.6153846153846154,0.3333333333333333,0.9444444444444444,0.5,0.6666666666666666,0.5,0.0,0.8,0.6666666666666666,0.1666666666666666,0.6666666666666666,1.0,0.3333333333333333,0.6666666666666666,0.3466552069904025,0.0,63.08243727598571,0,GOOD
0.9165757906215922,0.6666666666666666,0.5,0.0769230769230769,0.5,1.0,1.0,1.0,1.0,0.3333333333333333,0.8,0.3333333333333333,0.0,1.0,0.3333333333333333,0.6666666666666666,1.0,0.6829967053430741,0.0,67.74193548387096,0,GOOD
0.9171210468920392,0.6666666666666666,0.0,0.4615384615384615,0.5,0.6666666666666665,1.0,0.0,0.5,0.3333333333333333,0.0,0.3333333333333333,0.0,0.6666666666666666,0.3333333333333333,0.6666666666666666,0.6666666666666666,0.1879386907319868,0.0,33.333333333333364,0,POOR
0.9176663031624864,0.3333333333333333,0.5,0.0769230769230769,0.5,0.0555555555555555,0.0,1.0,0.5,0.0,0.6000000000000001,0.0,0.0833333333333333,0.6666666666666666,0.0,0.3333333333333333,0.6666666666666666,0.3449362555507806,0.0,92.83154121863797,0,EXCELLENT
0.9182115594329336,0.3333333333333333,0.0,0.6923076923076923,0.3333333333333333,0.1111111111111111,1.0,0.3333333333333333,0.5,0.0,0.8,1.0,0.0833333333333333,0.6666666666666666,0.0,0.3333333333333333,0.6666666666666666,0.2450938260994127,0.0,56.63082437275981,0,AVERAGE
0.9187568157033806,0.6666666666666666,1.0,0.0769230769230769,0.3333333333333333,0.8888888888888888,1.0,1.0,1.0,0.3333333333333333,0.6000000000000001,0.0,0.3333333333333333,0.6666666666666666,0.6666666666666666,0.6666666666666666,0.6666666666666666,0.5639593181492623,0.0,76.70250896057354,0,GOOD
0.9193020719738276,0.6666666666666666,0.0,0.3076923076923077,0.6666666666666666,0.4444444444444445,0.0,1.0,0.5,0.3333333333333333,0.6000000000000001,1.0,0.0833333333333333,1.0,0.6666666666666666,0.6666666666666666,1.0,0.4154132645752758,0.0,63.08243727598571,0,GOOD
0.9198473282442748,0.6666666666666666,1.0,0.5384615384615385,0.5,0.3888888888888889,0.0,1.0,0.5,0.3333333333333333,1.0,0.3333333333333333,0.0,0.3333333333333333,1.0,0.6666666666666666,0.3333333333333333,0.0415413264575275,0.0,75.6272401433692,0,GOOD
0.920392584514722,0.3333333333333333,0.0,0.9230769230769232,0.1666666666666666,0.1666666666666666,0.0,1.0,1.0,0.0,0.0,0.0,0.0,1.0,0.0,0.3333333333333333,1.0,0.4913336198252399,0.0,97.84946236559144,0,EXCELLENT
0.9214830970556162,0.6666666666666666,0.0,0.2307692307692307,0.5,0.7222222222222221,0.0,1.0,1.0,0.3333333333333333,0.6000000000000001,1.0,0.0833333333333333,0.0,0.0,0.6666666666666666,0.0,0.2501074344649763,0.0,62.7240143369176,0,GOOD
0.9220283533260633,0.6666666666666666,1.0,0.6923076923076923,0.5,0.6666666666666665,1.0,0.0,0.5,0.3333333333333333,0.8,0.0,0.0,0.0,0.0,0.6666666666666666,0.0,0.1091534164159862,0.0,37.6344086021506,0,POOR
0.9225736095965104,0.6666666666666666,0.0,0.4615384615384615,0.3333333333333333,0.8888888888888888,0.0,0.0,1.0,0.3333333333333333,0.6000000000000001,0.3333333333333333,0.0833333333333333,0.0,0.0,0.6666666666666666,0.0,0.3943561094399083,0.0,33.69175627240148,0,POOR
0.9231188658669576,0.6666666666666666,0.5,0.5384615384615385,0.5,0.0,1.0,0.0,1.0,0.3333333333333333,0.6000000000000001,0.3333333333333333,0.25,1.0,0.3333333333333333,0.6666666666666666,1.0,0.6309984242945137,0.0,41.935483870967744,0,AVERAGE
0.9236641221374048,0.6666666666666666,1.0,0.3076923076923077,0.3333333333333333,0.7777777777777777,1.0,1.0,0.5,0.3333333333333333,0.2,0.3333333333333333,0.0,0.6666666666666666,0.6666666666666666,0.6666666666666666,0.6666666666666666,0.3447930095974789,0.0,73.83512544802866,0,GOOD
0.9242093784078518,0.6666666666666666,1.0,0.3846153846153846,0.6666666666666666,0.0555555555555555,0.0,1.0,0.0,0.3333333333333333,0.8,1.0,0.25,0.0,0.6666666666666666,0.6666666666666666,0.0,0.6749749319581722,0.0,68.10035842293908,0,GOOD
0.9247546346782988,1.0,0.0,0.6153846153846154,0.8333333333333333,0.4999999999999999,0.0,0.0,0.5,1.0,0.0,0.0,0.0833333333333333,0.0,1.0,1.0,0.0,0.9058874086807048,0.0,16.129032258064516,0,CRITICAL
0.925299890948746,1.0,0.0,0.1538461538461538,0.5,0.4444444444444445,0.0,0.3333333333333333,0.5,1.0,1.0,1.0,0.25,0.0,0.3333333333333333,1.0,0.0,0.7407248245237072,0.0,23.297491039426543,0,POOR
0.9258451472191932,0.3333333333333333,0.0,0.8461538461538463,0.3333333333333333,0.2777777777777777,0.0,1.0,0.0,0.0,0.4,0.0,0.3333333333333333,0.3333333333333333,0.3333333333333333,0.3333333333333333,0.3333333333333333,0.4509382609941269,0.0,93.18996415770609,0,EXCELLENT
0.9263904034896402,0.6666666666666666,0.5,0.2307692307692307,0.3333333333333333,0.0555555555555555,1.0,1.0,1.0,0.3333333333333333,0.4,0.3333333333333333,0.3333333333333333,0.0,0.0,0.6666666666666666,0.0,0.794012319151984,0.0,83.15412186379926,0,EXCELLENT
0.9274809160305344,0.6666666666666666,0.0,0.4615384615384615,0.3333333333333333,0.6111111111111112,0.0,1.0,1.0,0.3333333333333333,0.4,1.0,0.0,0.0,0.6666666666666666,0.6666666666666666,0.0,0.171895143962183,0.0,67.38351254480285,0,GOOD
0.9280261723009816,0.3333333333333333,0.0,0.4615384615384615,0.3333333333333333,0.0555555555555555,1.0,0.6666666666666666,1.0,0.0,0.2,1.0,0.3333333333333333,0.6666666666666666,0.6666666666666666,0.3333333333333333,0.6666666666666666,0.5328749462827675,0.0,70.25089605734765,0,GOOD
0.9285714285714286,0.3333333333333333,1.0,0.3076923076923077,0.5,0.8888888888888888,0.0,0.0,0.5,0.0,0.2,0.3333333333333333,0.0833333333333333,0.3333333333333333,0.3333333333333333,0.3333333333333333,0.3333333333333333,0.1948144964904741,0.0,39.068100358422946,0,POOR
0.9291166848418756,1.0,0.0,0.3846153846153846,1.0,0.4999999999999999,0.0,0.6666666666666666,0.0,1.0,0.6000000000000001,0.6666666666666666,0.0833333333333333,0.6666666666666666,0.6666666666666666,1.0,0.6666666666666666,0.9906890130353816,0.0,30.10752688172046,0,POOR
0.9296619411123228,0.6666666666666666,1.0,0.0769230769230769,0.3333333333333333,0.7222222222222221,1.0,0.6666666666666666,0.5,0.3333333333333333,0.6000000000000001,0.6666666666666666,0.1666666666666666,0.3333333333333333,0.0,0.6666666666666666,0.3333333333333333,0.2509669101847873,0.0,57.34767025089613,0,AVERAGE
0.93020719738277,0.6666666666666666,0.0,0.6923076923076923,0.6666666666666666,0.4999999999999999,1.0,1.0,0.5,0.3333333333333333,0.2,0.3333333333333333,0.0,0.3333333333333333,0.6666666666666666,0.6666666666666666,0.3333333333333333,0.3054003724394786,0.0,70.96774193548387,0,GOOD
0.930752453653217,0.3333333333333333,0.5,1.0,0.5,0.6111111111111112,0.0,0.3333333333333333,0.0,0.0,0.6000000000000001,0.3333333333333333,0.1666666666666666,0.6666666666666666,0.0,0.3333333333333333,0.6666666666666666,0.1486892995272883,0.0,55.55555555555548,0,AVERAGE
0.931297709923664,1.0,0.5,0.9230769230769232,0.5,0.6111111111111112,1.0,0.0,1.0,1.0,0.0,1.0,0.0833333333333333,0.0,0.0,1.0,0.0,0.6108007448789572,0.0,8.243727598566268,0,CRITICAL
0.9318429661941112,0.6666666666666666,0.5,0.0769230769230769,0.5,0.2222222222222222,0.0,1.0,1.0,0.3333333333333333,0.6000000000000001,0.6666666666666666,0.0,0.3333333333333333,1.0,0.6666666666666666,0.3333333333333333,0.0509955593754476,0.0,73.47670250896064,0,GOOD
0.9329334787350057,0.3333333333333333,0.5,0.3076923076923077,0.5,0.0,0.0,0.3333333333333333,1.0,0.0,0.2,0.3333333333333333,0.25,0.3333333333333333,0.6666666666666666,0.3333333333333333,0.3333333333333333,0.5185503509525856,0.0,63.44086021505373,0,GOOD
0.9334787350054526,0.3333333333333333,0.5,0.3846153846153846,0.3333333333333333,0.2222222222222222,0.0,1.0,1.0,0.0,1.0,0.3333333333333333,0.0833333333333333,0.0,0.0,0.3333333333333333,0.0,0.1899441340782122,0.0,89.60573476702507,0,EXCELLENT
0.9340239912758996,0.3333333333333333,0.5,0.9230769230769232,0.3333333333333333,0.8888888888888888,0.5,0.3333333333333333,1.0,0.0,0.2,0.6666666666666666,0.0833333333333333,1.0,1.0,0.3333333333333333,1.0,0.3353387766795588,0.0,50.89605734767032,0,AVERAGE
0.9345692475463468,0.3333333333333333,0.5,0.1538461538461538,0.3333333333333333,0.1111111111111111,0.5,0.3333333333333333,0.0,0.0,0.6000000000000001,0.0,0.3333333333333333,0.6666666666666666,0.3333333333333333,0.3333333333333333,0.6666666666666666,0.4251539893997995,0.0,69.53405017921142,0,GOOD
0.935114503816794,0.6666666666666666,0.5,0.9230769230769232,0.5,0.2777777777777777,1.0,0.0,0.5,0.3333333333333333,0.6000000000000001,0.0,0.0,0.0,0.3333333333333333,0.6666666666666666,0.0,0.0621687437329895,0.0,42.65232974910396,0,AVERAGE
0.935659760087241,0.3333333333333333,1.0,0.5384615384615385,0.5,0.7777777777777777,0.0,0.3333333333333333,1.0,0.0,0.6000000000000001,1.0,0.0,0.0,1.0,0.3333333333333333,0.0,0.3370577281191806,0.0,44.802867383512535,0,AVERAGE
0.9362050163576882,0.0,0.5,0.0,0.1666666666666666,0.6111111111111112,0.5,0.3333333333333333,0.5,0.6666666666666666,0.4,0.6666666666666666,0.0833333333333333,0.0,1.0,0.0,0.0,0.6562097120756339,0.0,40.5017921146953,0,AVERAGE
0.9367502726281351,0.3333333333333333,0.5,0.5384615384615385,0.5,0.9444444444444444,0.5,0.6666666666666666,0.5,0.0,0.2,0.0,0.0,1.0,0.3333333333333333,0.3333333333333333,1.0,0.5933247385761352,0.0,68.45878136200719,0,GOOD
0.9372955288985824,0.3333333333333333,0.5,0.9230769230769232,0.5,0.8333333333333333,0.5,1.0,1.0,0.0,1.0,0.3333333333333333,0.0833333333333333,0.0,0.3333333333333333,0.3333333333333333,0.0,0.3861910901017046,0.0,78.49462365591393,0,GOOD
0.9378407851690296,0.3333333333333333,0.0,0.3076923076923077,0.1666666666666666,0.9444444444444444,0.5,0.0,0.0,0.0,0.8,0.3333333333333333,0.1666666666666666,0.0,0.3333333333333333,0.3333333333333333,0.0,0.5738432889270878,0.0,44.802867383512535,0,AVERAGE
0.9389312977099236,0.6666666666666666,0.0,0.4615384615384615,0.6666666666666666,0.1111111111111111,0.5,0.6666666666666666,1.0,0.3333333333333333,0.0,0.3333333333333333,0.0,0.3333333333333333,0.3333333333333333,0.6666666666666666,0.3333333333333333,0.3950723392064174,0.0,63.082437275985626,0,GOOD
0.9394765539803708,0.6666666666666666,0.5,0.1538461538461538,0.3333333333333333,0.0555555555555555,0.5,1.0,1.0,0.3333333333333333,0.6000000000000001,1.0,0.3333333333333333,1.0,1.0,0.6666666666666666,1.0,0.8369861051425297,0.0,74.55197132616489,0,GOOD
0.940021810250818,0.3333333333333333,1.0,0.0769230769230769,0.3333333333333333,0.6666666666666665,1.0,1.0,0.5,0.0,0.2,0.3333333333333333,0.1666666666666666,1.0,0.0,0.3333333333333333,1.0,0.3343360550064461,0.0,83.87096774193549,0,EXCELLENT
0.940567066521265,0.3333333333333333,0.0,0.9230769230769232,0.1666666666666666,0.4444444444444445,1.0,1.0,0.5,0.0,0.0,0.0,0.0833333333333333,0.6666666666666666,0.0,0.3333333333333333,0.6666666666666666,0.25669674831686,0.0,94.26523297491042,0,EXCELLENT
0.9411123227917122,0.6666666666666666,0.5,0.0769230769230769,0.6666666666666666,0.4444444444444445,0.5,1.0,1.0,0.3333333333333333,0.0,0.3333333333333333,0.3333333333333333,0.6666666666666666,1.0,0.6666666666666666,0.6666666666666666,0.4612519696318579,0.0,71.6845878136201,0,GOOD
0.9416575790621592,0.0,1.0,0.6923076923076923,0.0,0.6111111111111112,0.5,0.6666666666666666,0.5,0.6666666666666666,0.4,0.6666666666666666,0.0833333333333333,0.0,0.6666666666666666,0.0,0.0,0.9719237931528434,0.0,56.63082437275981,0,AVERAGE
0.9422028353326064,0.3333333333333333,1.0,0.6153846153846154,0.3333333333333333,0.1666666666666666,1.0,0.3333333333333333,1.0,0.0,0.8,1.0,0.1666666666666666,0.6666666666666666,0.6666666666666666,0.3333333333333333,0.6666666666666666,0.2324881822088526,0.0,55.913978494623684,0,AVERAGE
0.9427480916030536,0.3333333333333333,0.5,0.4615384615384615,0.5,0.6111111111111112,0.5,0.0,0.5,0.0,0.0,1.0,0.1666666666666666,0.0,0.6666666666666666,0.3333333333333333,0.0,0.3373442200257843,0.0,34.0501792114695,0,POOR
0.9432933478735006,0.3333333333333333,1.0,0.9230769230769232,0.1666666666666666,1.0,1.0,0.3333333333333333,1.0,0.0,0.6000000000000001,0.3333333333333333,0.0833333333333333,1.0,1.0,0.3333333333333333,1.0,0.671966766938834,0.0,56.98924731182793,0,AVERAGE
0.944929116684842,0.3333333333333333,0.0,1.0,0.1666666666666666,0.0555555555555555,1.0,0.3333333333333333,0.5,0.0,0.6000000000000001,0.6666666666666666,0.3333333333333333,0.6666666666666666,0.0,0.3333333333333333,0.6666666666666666,0.6797020484171322,0.0,64.87455197132618,0,GOOD
0.945474372955289,0.6666666666666666,1.0,0.0769230769230769,0.6666666666666666,0.4999999999999999,1.0,0.6666666666666666,0.0,0.3333333333333333,0.4,0.6666666666666666,0.25,1.0,0.6666666666666666,0.6666666666666666,1.0,0.4694169889700616,0.0,53.76344086021512,0,AVERAGE
0.946019629225736,0.0,0.5,0.0769230769230769,0.1666666666666666,0.3333333333333333,0.5,0.6666666666666666,0.0,0.6666666666666666,1.0,0.0,0.3333333333333333,0.3333333333333333,0.6666666666666666,0.0,0.3333333333333333,0.8475863056868643,0.0,65.59139784946231,0,GOOD
0.9465648854961832,0.0,0.5,0.0,0.1666666666666666,0.7777777777777777,1.0,1.0,0.5,0.6666666666666666,0.4,0.6666666666666666,0.25,0.3333333333333333,0.3333333333333333,0.0,0.3333333333333333,0.761495487752471,0.0,64.15770609318996,0,GOOD
0.9471101417666304,1.0,0.0,0.1538461538461538,0.6666666666666666,0.4444444444444445,0.0,0.0,1.0,1.0,0.0,0.0,0.0833333333333333,0.3333333333333333,1.0,1.0,0.3333333333333333,0.6340065893138519,0.0,20.07168458781364,0,POOR
0.9476553980370774,0.3333333333333333,1.0,1.0,0.1666666666666666,0.7777777777777777,0.5,0.0,0.0,0.0,0.6000000000000001,0.3333333333333333,0.3333333333333333,1.0,0.3333333333333333,0.3333333333333333,1.0,0.7127918636298525,0.0,46.953405017921106,0,AVERAGE
0.9482006543075244,0.3333333333333333,1.0,0.3846153846153846,0.5,1.0,1.0,0.0,0.5,0.0,0.4,1.0,0.1666666666666666,0.3333333333333333,0.3333333333333333,0.3333333333333333,0.3333333333333333,0.3807477438762355,0.0,29.03225806451613,0,POOR
0.9487459105779716,0.6666666666666666,1.0,0.0,0.3333333333333333,0.7777777777777777,0.0,0.3333333333333333,0.0,0.3333333333333333,0.0,0.0,0.1666666666666666,0.0,0.0,0.6666666666666666,0.0,0.3585446211144535,0.0,52.32974910394267,0,AVERAGE
0.949836423118866,0.3333333333333333,1.0,0.1538461538461538,0.3333333333333333,0.3888888888888889,0.0,0.0,0.0,0.0,0.4,0.6666666666666666,0.0,0.3333333333333333,0.0,0.3333333333333333,0.3333333333333333,0.0436900157570548,0.0,44.444444444444514,0,AVERAGE
0.9503816793893132,0.3333333333333333,1.0,0.3076923076923077,0.5,0.2222222222222222,1.0,0.6666666666666666,0.5,0.0,1.0,1.0,0.1666666666666666,0.0,1.0,0.3333333333333333,0.0,0.3361982523993697,0.0,64.87455197132618,0,GOOD
0.9509269356597602,0.3333333333333333,1.0,0.3846153846153846,0.5,0.5555555555555556,0.0,0.6666666666666666,0.5,0.0,0.6000000000000001,0.3333333333333333,0.1666666666666666,0.6666666666666666,1.0,0.3333333333333333,0.6666666666666666,0.1246239793725827,0.0,69.17562724014333,0,GOOD
0.9514721919302072,0.6666666666666666,0.0,0.1538461538461538,0.3333333333333333,0.3888888888888889,1.0,0.0,1.0,0.3333333333333333,0.0,0.3333333333333333,0.3333333333333333,0.3333333333333333,0.3333333333333333,0.6666666666666666,0.3333333333333333,0.501504082509669,0.0,40.14336917562728,0,AVERAGE
0.9520174482006544,1.0,0.0,0.4615384615384615,0.6666666666666666,1.0,0.0,0.6666666666666666,0.5,1.0,0.4,1.0,0.1666666666666666,1.0,1.0,1.0,1.0,0.9971350809339636,0.0,25.806451612903224,0,POOR
0.9525627044711016,0.0,0.0,0.6923076923076923,0.0,0.2777777777777777,0.0,0.3333333333333333,0.5,0.6666666666666666,0.4,0.3333333333333333,0.0,0.6666666666666666,0.3333333333333333,0.0,0.6666666666666666,0.9371150265005014,0.0,52.32974910394258,0,AVERAGE
0.9531079607415486,1.0,1.0,1.0,0.6666666666666666,0.1666666666666666,0.5,1.0,0.0,1.0,0.2,0.0,0.0833333333333333,0.3333333333333333,0.6666666666666666,1.0,0.3333333333333333,0.6699613235926085,0.0,62.3655913978495,0,GOOD
0.9536532170119956,0.6666666666666666,0.5,0.2307692307692307,0.5,0.0555555555555555,0.0,0.6666666666666666,0.0,0.3333333333333333,1.0,0.3333333333333333,0.3333333333333333,1.0,0.0,0.6666666666666666,1.0,0.7500358114883254,0.0,67.02508960573475,0,GOOD
0.9541984732824428,0.6666666666666666,1.0,0.0,0.5,0.6111111111111112,0.0,0.0,0.0,0.3333333333333333,0.8,0.0,0.0,0.0,1.0,0.6666666666666666,0.0,0.0643174330325168,0.0,38.35125448028673,0,POOR
0.95474372955289,0.3333333333333333,0.5,0.9230769230769232,0.5,0.5555555555555556,0.0,0.0,0.5,0.0,0.2,0.6666666666666666,0.1666666666666666,1.0,1.0,0.3333333333333333,1.0,0.2491047127918636,0.0,39.068100358422946,0,POOR
0.955834242093784,0.6666666666666666,1.0,0.3076923076923077,0.5,0.4999999999999999,1.0,0.3333333333333333,1.0,0.3333333333333333,0.8,0.0,0.25,0.6666666666666666,1.0,0.6666666666666666,0.6666666666666666,0.1824953445065177,0.0,52.68817204301078,0,AVERAGE
0.9563794983642312,0.6666666666666666,0.5,0.9230769230769232,0.6666666666666666,0.4444444444444445,1.0,1.0,0.0,0.3333333333333333,0.4,0.0,0.0833333333333333,0.6666666666666666,0.3333333333333333,0.6666666666666666,0.6666666666666666,0.2223177195244234,0.0,75.98566308243733,0,GOOD
0.9569247546346784,1.0,0.5,0.5384615384615385,0.8333333333333333,0.3888888888888889,0.5,1.0,1.0,1.0,0.8,0.6666666666666666,0.0,0.0,0.0,1.0,0.0,0.8924222890703337,0.0,47.67025089605742,0,AVERAGE
0.9574700109051254,0.3333333333333333,0.5,0.3076923076923077,0.5,1.0,1.0,0.0,0.0,0.0,0.0,0.3333333333333333,0.0833333333333333,0.6666666666666666,0.3333333333333333,0.3333333333333333,0.6666666666666666,0.4625411832115743,0.0,37.63440860215051,0,POOR
0.9580152671755726,0.6666666666666666,0.5,0.3076923076923077,0.6666666666666666,0.6666666666666665,0.5,0.3333333333333333,1.0,0.3333333333333333,0.8,0.0,0.3333333333333333,0.3333333333333333,0.0,0.6666666666666666,0.3333333333333333,0.5709783698610514,0.0,47.31182795698931,0,AVERAGE
0.9585605234460196,0.6666666666666666,0.5,0.5384615384615385,0.3333333333333333,0.0,1.0,0.0,0.5,0.3333333333333333,0.4,0.3333333333333333,0.3333333333333333,0.6666666666666666,1.0,0.6666666666666666,0.6666666666666666,0.6769803753043976,0.0,45.16129032258064,0,AVERAGE
0.9591057797164668,0.6666666666666666,1.0,0.8461538461538463,0.5,1.0,0.5,0.6666666666666666,1.0,0.3333333333333333,0.2,0.6666666666666666,0.0,0.6666666666666666,1.0,0.6666666666666666,0.6666666666666666,0.4969202120040109,0.0,50.537634408602216,0,AVERAGE
0.959651035986914,0.3333333333333333,1.0,1.0,0.1666666666666666,0.0555555555555555,1.0,0.0,0.5,0.0,0.2,1.0,0.0,1.0,0.6666666666666666,0.3333333333333333,1.0,0.6872940839421285,0.0,47.670250896057325,0,AVERAGE
0.960196292257361,0.6666666666666666,0.5,0.7692307692307693,0.6666666666666666,0.8888888888888888,0.0,0.3333333333333333,0.0,0.3333333333333333,0.2,0.0,0.25,1.0,0.3333333333333333,0.6666666666666666,1.0,0.5679702048417132,0.0,44.444444444444514,0,AVERAGE
0.960741548527808,0.3333333333333333,1.0,0.6923076923076923,0.3333333333333333,0.3888888888888889,1.0,0.3333333333333333,0.5,0.0,0.4,0.0,0.0833333333333333,0.3333333333333333,0.0,0.3333333333333333,0.3333333333333333,0.1038533161438189,0.0,65.94982078853052,0,GOOD
0.9618320610687024,1.0,0.5,0.5384615384615385,0.6666666666666666,0.1111111111111111,1.0,0.3333333333333333,0.0,1.0,0.4,0.3333333333333333,0.25,0.6666666666666666,0.3333333333333333,1.0,0.6666666666666666,0.7775390345222748,0.0,32.97491039426516,0,POOR
0.9623773173391494,0.3333333333333333,1.0,0.6153846153846154,0.1666666666666666,0.6666666666666665,1.0,0.6666666666666666,0.5,0.0,0.8,1.0,0.25,0.6666666666666666,0.3333333333333333,0.3333333333333333,0.6666666666666666,0.3555364560951153,0.0,65.5913978494624,0,GOOD
0.9629225736095964,0.6666666666666666,0.0,0.4615384615384615,0.3333333333333333,0.7777777777777777,0.0,0.0,0.0,0.3333333333333333,0.2,0.0,0.1666666666666666,0.3333333333333333,0.0,0.6666666666666666,0.3333333333333333,0.2375017905744162,0.0,39.42652329749106,0,POOR
0.9634678298800436,0.6666666666666666,1.0,0.4615384615384615,0.5,0.0555555555555555,0.5,0.0,0.0,0.3333333333333333,1.0,0.0,0.3333333333333333,0.6666666666666666,0.3333333333333333,0.6666666666666666,0.6666666666666666,0.5384615384615385,0.0,45.519713261648754,0,AVERAGE
0.9640130861504908,0.3333333333333333,0.0,0.4615384615384615,0.5,0.5555555555555556,0.5,0.0,0.5,0.0,0.8,0.0,0.0,0.6666666666666666,1.0,0.3333333333333333,0.6666666666666666,0.1372296232631428,0.0,47.670250896057325,0,AVERAGE
0.964558342420938,0.6666666666666666,0.5,0.3846153846153846,0.5,0.1111111111111111,0.0,1.0,0.5,0.3333333333333333,0.8,0.6666666666666666,0.25,1.0,0.6666666666666666,0.6666666666666666,1.0,0.4268729408394213,0.0,74.910394265233,0,GOOD
0.965103598691385,0.3333333333333333,0.0,0.3076923076923077,0.5,0.4444444444444445,0.5,0.0,0.0,0.0,0.4,0.0,0.3333333333333333,0.3333333333333333,1.0,0.3333333333333333,0.3333333333333333,0.3407821229050279,0.0,49.10394265232977,0,AVERAGE
0.965648854961832,0.6666666666666666,1.0,0.3846153846153846,0.5,1.0,0.5,0.6666666666666666,0.5,0.3333333333333333,0.4,0.0,0.0,0.3333333333333333,1.0,0.6666666666666666,0.3333333333333333,0.4495058014611087,0.0,59.13978494623658,0,AVERAGE
0.9661941112322792,0.6666666666666666,1.0,0.0769230769230769,0.3333333333333333,0.1111111111111111,1.0,0.6666666666666666,0.5,0.3333333333333333,0.2,0.0,0.0,0.6666666666666666,0.6666666666666666,0.6666666666666666,0.6666666666666666,0.3092680131786277,0.0,73.83512544802866,0,GOOD
0.9667393675027264,0.6666666666666666,1.0,0.4615384615384615,0.3333333333333333,0.9444444444444444,0.5,0.0,1.0,0.3333333333333333,0.4,0.3333333333333333,0.0,0.0,1.0,0.6666666666666666,0.0,0.4615384615384615,0.0,32.97491039426526,0,POOR
0.9678298800436206,0.3333333333333333,0.5,0.3846153846153846,0.5,0.6666666666666665,0.5,1.0,0.5,0.0,1.0,0.0,0.0,0.6666666666666666,0.0,0.3333333333333333,0.6666666666666666,0.2105715513536742,0.0,84.94623655913982,0,EXCELLENT
0.9683751363140676,0.6666666666666666,0.5,0.6153846153846154,0.5,0.6666666666666665,1.0,0.0,1.0,0.3333333333333333,1.0,1.0,0.1666666666666666,1.0,0.6666666666666666,0.6666666666666666,1.0,0.292364990689013,0.0,24.731182795698984,0,POOR
0.9689203925845148,0.6666666666666666,0.5,0.1538461538461538,0.6666666666666666,0.0555555555555555,1.0,0.6666666666666666,1.0,0.3333333333333333,0.0,0.0,0.3333333333333333,0.3333333333333333,0.6666666666666666,0.6666666666666666,0.3333333333333333,0.74487895716946,0.0,68.10035842293908,0,GOOD
0.969465648854962,0.6666666666666666,1.0,0.7692307692307693,0.3333333333333333,0.0555555555555555,0.5,0.0,0.0,0.3333333333333333,0.2,1.0,0.1666666666666666,0.0,0.3333333333333333,0.6666666666666666,0.0,0.5881678842572697,0.0,35.84229390681005,0,POOR
0.970010905125409,1.0,0.0,0.4615384615384615,0.6666666666666666,0.0555555555555555,0.5,1.0,0.0,1.0,0.8,1.0,0.25,0.0,0.0,1.0,0.0,0.9056009167741012,0.0,50.89605734767023,0,AVERAGE
0.970556161395856,0.3333333333333333,0.5,0.6923076923076923,0.5,0.7777777777777777,0.5,0.3333333333333333,0.0,0.0,0.8,0.0,0.25,0.3333333333333333,0.3333333333333333,0.3333333333333333,0.3333333333333333,0.2442343503796017,0.0,57.70609318996415,0,AVERAGE
0.9711014176663032,0.6666666666666666,0.5,0.8461538461538463,0.6666666666666666,0.0,1.0,0.0,0.0,0.3333333333333333,0.6000000000000001,1.0,0.3333333333333333,0.3333333333333333,1.0,0.6666666666666666,0.3333333333333333,0.8348374158430024,0.0,30.10752688172046,0,POOR
0.9716466739367504,0.6666666666666666,1.0,0.2307692307692307,0.6666666666666666,0.2222222222222222,0.0,0.6666666666666666,1.0,0.3333333333333333,0.8,0.0,0.0,1.0,0.0,0.6666666666666666,1.0,0.5506374444921931,0.0,65.94982078853052,0,GOOD
0.9721919302071974,0.3333333333333333,1.0,0.0769230769230769,0.1666666666666666,0.2222222222222222,0.0,0.6666666666666666,0.5,0.0,0.6000000000000001,0.0,0.25,0.0,1.0,0.3333333333333333,0.0,0.4933390631714653,0.0,84.2293906810036,0,EXCELLENT
0.9732824427480916,0.6666666666666666,0.0,0.6153846153846154,0.6666666666666666,0.0,0.5,0.0,0.0,0.3333333333333333,0.2,1.0,0.25,1.0,0.3333333333333333,0.6666666666666666,1.0,0.7494628276751182,0.0,30.10752688172046,0,POOR
0.9738276990185388,0.6666666666666666,0.5,0.7692307692307693,0.5,0.3333333333333333,0.0,0.0,0.0,0.3333333333333333,0.2,0.0,0.0,1.0,0.3333333333333333,0.6666666666666666,1.0,0.3230196246956023,0.0,41.935483870967744,0,AVERAGE
0.9743729552889858,1.0,0.0,0.7692307692307693,0.5,0.0555555555555555,0.0,0.0,0.0,1.0,0.8,0.0,0.1666666666666666,0.6666666666666666,0.0,1.0,0.6666666666666666,0.7524709926944564,0.0,28.315412186379906,0,POOR
0.9749182115594328,1.0,0.0,0.5384615384615385,0.5,0.8333333333333333,0.5,1.0,0.0,1.0,0.6000000000000001,0.0,0.3333333333333333,0.6666666666666666,0.0,1.0,0.6666666666666666,0.8740868070477009,0.0,56.98924731182793,0,AVERAGE
0.97546346782988,0.3333333333333333,0.0,0.0,0.3333333333333333,0.4444444444444445,0.5,0.6666666666666666,1.0,0.0,0.2,0.3333333333333333,0.3333333333333333,0.3333333333333333,0.6666666666666666,0.3333333333333333,0.3333333333333333,0.37243947858473,0.0,73.83512544802866,0,GOOD
0.9760087241003272,0.3333333333333333,0.5,0.9230769230769232,0.1666666666666666,0.6111111111111112,0.5,0.3333333333333333,0.5,0.0,1.0,1.0,0.25,0.3333333333333333,1.0,0.3333333333333333,0.3333333333333333,0.3086950293654204,0.0,53.405017921146914,0,AVERAGE
0.9765539803707745,0.3333333333333333,1.0,0.0769230769230769,0.1666666666666666,0.5555555555555556,0.0,0.6666666666666666,0.5,0.0,0.2,1.0,0.25,0.3333333333333333,0.6666666666666666,0.3333333333333333,0.3333333333333333,0.320870935396075,0.0,67.02508960573475,0,GOOD
0.9770992366412214,1.0,0.5,0.0,0.5,0.0555555555555555,0.0,0.0,0.0,1.0,0.2,0.6666666666666666,0.0,0.3333333333333333,0.3333333333333333,1.0,0.3333333333333333,0.6007735281478298,0.0,19.71326164874553,0,CRITICAL
0.9776444929116686,0.6666666666666666,0.0,0.1538461538461538,0.5,0.4999999999999999,0.5,1.0,1.0,0.3333333333333333,0.6000000000000001,0.6666666666666666,0.1666666666666666,0.3333333333333333,0.0,0.6666666666666666,0.3333333333333333,0.1781979659074631,0.0,69.89247311827963,0,GOOD
0.9787350054525628,0.3333333333333333,1.0,0.3076923076923077,0.5,0.8888888888888888,1.0,1.0,1.0,0.0,0.0,0.0,0.1666666666666666,0.3333333333333333,0.6666666666666666,0.3333333333333333,0.3333333333333333,0.1855035095258559,0.0,82.07885304659503,0,EXCELLENT
0.97928026172301,0.6666666666666666,0.5,0.8461538461538463,0.6666666666666666,0.1666666666666666,0.0,0.6666666666666666,1.0,0.3333333333333333,0.2,1.0,0.0833333333333333,0.0,1.0,0.6666666666666666,0.0,0.4016616530583011,0.0,53.76344086021512,0,AVERAGE
0.979825517993457,0.6666666666666666,0.5,0.4615384615384615,0.5,0.8888888888888888,1.0,0.3333333333333333,0.0,0.3333333333333333,0.4,0.6666666666666666,0.1666666666666666,1.0,0.3333333333333333,0.6666666666666666,1.0,0.3049706345795731,0.0,39.06810035842304,0,POOR
0.980370774263904,0.6666666666666666,0.5,0.2307692307692307,0.3333333333333333,0.0555555555555555,0.0,0.6666666666666666,0.5,0.3333333333333333,0.0,0.0,0.25,0.0,0.0,0.6666666666666666,0.0,0.6083655636728262,0.0,74.55197132616489,0,GOOD
0.9809160305343512,0.0,1.0,0.0769230769230769,0.1666666666666666,0.5555555555555556,0.0,0.0,1.0,0.6666666666666666,0.2,0.6666666666666666,0.3333333333333333,0.3333333333333333,0.0,0.0,0.3333333333333333,0.7973069760779258,0.0,28.315412186379906,0,POOR
0.9814612868047984,0.6666666666666666,0.5,0.1538461538461538,0.5,0.6666666666666665,0.0,1.0,0.0,0.3333333333333333,0.0,0.6666666666666666,0.0,0.0,0.3333333333333333,0.6666666666666666,0.0,0.1091534164159862,0.0,67.74193548387106,0,GOOD
0.9820065430752454,0.3333333333333333,1.0,0.5384615384615385,0.5,0.6666666666666665,0.5,0.0,1.0,0.0,1.0,0.0,0.3333333333333333,1.0,0.3333333333333333,0.3333333333333333,1.0,0.5595186935969059,0.0,46.23655913978498,0,AVERAGE
0.9825517993456924,0.3333333333333333,0.5,0.6923076923076923,0.1666666666666666,0.6666666666666665,0.0,0.6666666666666666,0.0,0.0,1.0,0.0,0.25,1.0,0.3333333333333333,0.3333333333333333,1.0,0.5073771665950437,0.0,78.49462365591401,0,GOOD
0.9830970556161396,0.3333333333333333,0.0,0.7692307692307693,0.1666666666666666,0.3888888888888889,0.0,0.6666666666666666,0.5,0.0,0.8,1.0,0.3333333333333333,0.6666666666666666,0.3333333333333333,0.3333333333333333,0.6666666666666666,0.4569545910328033,0.0,69.17562724014341,0,GOOD
0.984187568157034,1.0,1.0,0.1538461538461538,0.5,0.5555555555555556,1.0,0.3333333333333333,0.5,1.0,0.0,0.3333333333333333,0.0,0.0,0.3333333333333333,1.0,0.0,0.4982094255837273,0.0,30.46594982078848,0,POOR
0.984732824427481,0.3333333333333333,0.0,0.2307692307692307,0.5,0.7777777777777777,0.5,0.3333333333333333,0.5,0.0,0.4,0.0,0.3333333333333333,0.0,0.6666666666666666,0.3333333333333333,0.0,0.5639593181492623,0.0,57.70609318996415,0,AVERAGE
0.985278080697928,0.6666666666666666,1.0,0.9230769230769232,0.5,0.9444444444444444,1.0,1.0,0.0,0.3333333333333333,1.0,0.0,0.0833333333333333,0.0,0.0,0.6666666666666666,0.0,0.3891992551210428,0.0,72.75985663082443,0,GOOD
0.9858233369683752,0.6666666666666666,0.0,0.4615384615384615,0.3333333333333333,0.1111111111111111,1.0,0.0,0.0,0.3333333333333333,0.2,1.0,0.25,0.6666666666666666,0.0,0.6666666666666666,0.6666666666666666,0.3180060163300386,0.0,35.12544802867382,0,POOR
0.9863685932388224,0.6666666666666666,0.5,0.3846153846153846,0.3333333333333333,0.0555555555555555,0.0,0.6666666666666666,0.5,0.3333333333333333,1.0,0.6666666666666666,0.25,0.0,0.3333333333333333,0.6666666666666666,0.0,0.6083655636728262,0.0,65.94982078853052,0,GOOD
0.9869138495092694,0.3333333333333333,0.5,0.0769230769230769,0.3333333333333333,0.8333333333333333,0.0,0.0,0.0,0.0,0.4,1.0,0.1666666666666666,1.0,0.3333333333333333,0.3333333333333333,1.0,0.2962326314281621,0.0,34.408602150537604,0,POOR
0.9874591057797164,0.3333333333333333,0.0,0.0,0.3333333333333333,0.0,0.0,0.6666666666666666,0.0,0.0,0.4,0.3333333333333333,0.3333333333333333,0.0,1.0,0.3333333333333333,0.0,0.8632001145967626,0.0,79.56989247311826,0,GOOD
0.9880043620501636,0.3333333333333333,1.0,0.9230769230769232,0.1666666666666666,0.9444444444444444,1.0,1.0,0.5,0.0,1.0,1.0,0.25,0.3333333333333333,0.6666666666666666,0.3333333333333333,0.3333333333333333,0.4959174903308981,0.0,74.910394265233,0,GOOD
0.9885496183206108,0.3333333333333333,0.0,0.3076923076923077,0.1666666666666666,0.3333333333333333,1.0,0.3333333333333333,1.0,0.0,0.0,0.3333333333333333,0.1666666666666666,0.0,1.0,0.3333333333333333,0.0,0.3336198252399369,0.0,65.59139784946231,0,GOOD
0.9890948745910578,0.3333333333333333,1.0,0.8461538461538463,0.5,0.6666666666666665,0.0,0.6666666666666666,1.0,0.0,0.8,0.0,0.1666666666666666,0.6666666666666666,0.3333333333333333,0.3333333333333333,0.6666666666666666,0.2001145967626414,0.0,72.0430107526882,0,GOOD
0.9896401308615048,0.3333333333333333,0.5,1.0,0.1666666666666666,0.3888888888888889,0.0,0.0,0.5,0.0,0.4,0.3333333333333333,0.0,1.0,0.0,0.3333333333333333,1.0,0.3883397794012319,0.0,51.97132616487457,0,AVERAGE
0.990185387131952,0.3333333333333333,0.5,0.9230769230769232,0.1666666666666666,0.3333333333333333,0.0,0.0,0.5,0.0,0.8,0.6666666666666666,0.0,0.3333333333333333,0.0,0.3333333333333333,0.3333333333333333,0.1512677266867211,0.0,48.38709677419355,0,AVERAGE
0.9907306434023992,0.0,0.5,0.1538461538461538,0.1666666666666666,0.4444444444444445,0.0,0.0,1.0,0.6666666666666666,0.4,0.3333333333333333,0.0833333333333333,0.6666666666666666,0.3333333333333333,0.0,0.6666666666666666,0.732130067325598,0.0,34.0501792114695,0,POOR
0.9912758996728462,0.6666666666666666,0.5,0.6923076923076923,0.3333333333333333,0.6111111111111112,1.0,1.0,1.0,0.3333333333333333,0.0,0.3333333333333333,0.0,1.0,0.3333333333333333,0.6666666666666666,1.0,0.3611230482738863,0.0,75.98566308243724,0,GOOD
0.9918211559432932,1.0,0.5,1.0,1.0,0.4444444444444445,1.0,1.0,1.0,1.0,0.6000000000000001,1.0,0.1666666666666666,0.6666666666666666,1.0,1.0,0.6666666666666666,0.9893997994556653,0.0,39.42652329749106,0,POOR
0.9923664122137406,0.3333333333333333,1.0,0.4615384615384615,0.1666666666666666,0.1111111111111111,1.0,0.3333333333333333,0.5,0.0,1.0,0.3333333333333333,0.3333333333333333,1.0,0.3333333333333333,0.3333333333333333,1.0,0.796447500358115,0.0,68.45878136200709,0,GOOD
0.9929116684841875,0.3333333333333333,0.5,0.1538461538461538,0.5,0.2222222222222222,0.5,0.3333333333333333,0.0,0.0,0.8,0.3333333333333333,0.0833333333333333,0.3333333333333333,0.6666666666666666,0.3333333333333333,0.3333333333333333,0.1190373871938117,0.0,60.57347670250894,0,GOOD
0.9934569247546348,0.6666666666666666,0.0,0.2307692307692307,0.3333333333333333,0.0,1.0,0.6666666666666666,0.0,0.3333333333333333,0.4,0.6666666666666666,0.0833333333333333,1.0,0.0,0.6666666666666666,1.0,0.7284056725397507,0.0,66.66666666666673,0,GOOD
0.994002181025082,0.6666666666666666,0.5,0.0769230769230769,0.5,0.0555555555555555,0.0,0.6666666666666666,0.0,0.3333333333333333,0.4,0.0,0.25,0.0,1.0,0.6666666666666666,0.0,0.5188368428591892,0.0,71.32616487455198,0,GOOD
0.995092693565976,0.3333333333333333,1.0,0.2307692307692307,0.3333333333333333,0.6666666666666665,0.5,1.0,1.0,0.0,0.8,1.0,0.1666666666666666,0.6666666666666666,0.0,0.3333333333333333,0.6666666666666666,0.2088525999140524,0.0,75.26881720430111,0,GOOD
0.9956379498364232,0.6666666666666666,0.5,0.3076923076923077,0.5,0.0,0.5,0.3333333333333333,1.0,0.3333333333333333,0.8,0.0,0.0,0.0,0.3333333333333333,0.6666666666666666,0.0,0.3389199255121043,0.0,59.13978494623658,0,AVERAGE
0.9961832061068704,0.3333333333333333,0.5,0.3846153846153846,0.1666666666666666,0.6666666666666665,1.0,1.0,0.0,0.0,0.6000000000000001,0.0,0.3333333333333333,1.0,0.6666666666666666,0.3333333333333333,1.0,0.6645179773671394,0.0,91.39784946236563,0,EXCELLENT
0.9967284623773174,0.3333333333333333,0.5,1.0,0.1666666666666666,0.1111111111111111,0.0,0.0,0.5,0.0,0.8,1.0,0.25,0.6666666666666666,0.6666666666666666,0.3333333333333333,0.6666666666666666,0.4268729408394213,0.0,46.953405017921106,0,AVERAGE
0.9972737186477644,0.0,1.0,0.7692307692307693,0.0,0.9444444444444444,0.5,0.3333333333333333,0.0,0.6666666666666666,0.6000000000000001,0.3333333333333333,0.0,0.3333333333333333,0.0,0.0,0.3333333333333333,0.9712075633863344,0.0,43.7275985663082,0,AVERAGE
0.9978189749182116,0.3333333333333333,0.0,0.3846153846153846,0.1666666666666666,0.4999999999999999,1.0,1.0,0.0,0.0,0.2,0.6666666666666666,0.0,1.0,1.0,0.3333333333333333,1.0,0.3467984529437043,0.0,84.94623655913982,0,EXCELLENT
0.9983642311886588,0.3333333333333333,0.5,0.4615384615384615,0.3333333333333333,0.6666666666666665,1.0,0.3333333333333333,1.0,0.0,0.4,0.0,0.25,0.6666666666666666,1.0,0.3333333333333333,0.6666666666666666,0.2402234636871508,0.0,62.3655913978495,0,GOOD
0.9989094874591058,0.3333333333333333,0.5,0.0769230769230769,0.1666666666666666,0.6666666666666665,0.0,0.6666666666666666,0.5,0.0,0.2,0.3333333333333333,0.3333333333333333,0.0,0.0,0.3333333333333333,0.0,0.5834407677983097,0.0,74.19354838709677,0,GOOD
0.0005452562704471,0.3333333333333333,0.5,0.6153846153846154,0.5,0.0,1.0,0.0,0.5,0.0,0.6000000000000001,0.3333333333333333,0.1666666666666666,0.6666666666666666,0.0,0.3333333333333333,0.6666666666666666,0.4750035811488325,0.0,50.537634408602116,0,AVERAGE
0.0010905125408942,0.6666666666666666,0.0,0.1538461538461538,0.3333333333333333,0.2777777777777777,0.5,1.0,0.0,0.3333333333333333,1.0,0.0,0.1666666666666666,1.0,0.3333333333333333,0.6666666666666666,1.0,0.4661223320441197,0.0,84.5878136200717,0,EXCELLENT
0.0016357688113413,0.6666666666666666,0.5,0.7692307692307693,0.6666666666666666,0.7777777777777777,0.0,0.0,0.0,0.3333333333333333,1.0,1.0,0.25,1.0,0.3333333333333333,0.6666666666666666,1.0,0.5510671823520985,0.0,20.07168458781364,0,POOR
0.0021810250817884,0.0,0.0,0.3076923076923077,0.0,0.1111111111111111,0.5,0.3333333333333333,0.0,0.6666666666666666,0.6000000000000001,0.0,0.0,0.0,0.6666666666666666,0.0,0.0,0.9798023205844436,0.0,58.78136200716839,0,AVERAGE
0.0027262813522355,0.3333333333333333,0.5,0.5384615384615385,0.3333333333333333,0.6111111111111112,1.0,0.3333333333333333,1.0,0.0,0.0,1.0,0.1666666666666666,0.0,0.0,0.3333333333333333,0.0,0.2546913049706346,0.0,50.17921146953401,0,AVERAGE
0.0032715376226826,0.3333333333333333,1.0,0.9230769230769232,0.3333333333333333,0.1111111111111111,0.0,0.6666666666666666,0.5,0.0,0.4,0.0,0.3333333333333333,1.0,0.0,0.3333333333333333,1.0,0.6675261423864776,0.0,82.43727598566304,0,EXCELLENT
0.0038167938931297,0.3333333333333333,1.0,0.4615384615384615,0.5,0.6666666666666665,1.0,1.0,0.0,0.0,0.2,0.3333333333333333,0.0,0.0,0.3333333333333333,0.3333333333333333,0.0,0.228190803609798,0.0,80.64516129032258,0,EXCELLENT
0.0043620501635768,0.3333333333333333,1.0,0.0,0.5,0.9444444444444444,0.5,0.3333333333333333,0.0,0.0,0.4,0.0,0.25,0.3333333333333333,0.0,0.3333333333333333,0.3333333333333333,0.3854748603351955,0.0,55.55555555555558,0,AVERAGE
0.0049073064340239,0.3333333333333333,0.5,0.2307692307692307,0.5,0.1111111111111111,0.5,0.3333333333333333,1.0,0.0,1.0,0.3333333333333333,0.25,0.0,0.0,0.3333333333333333,0.0,0.5244234350379602,0.0,62.007168458781294,0,GOOD
0.0059978189749182,0.3333333333333333,0.0,0.5384615384615385,0.1666666666666666,1.0,0.5,0.6666666666666666,0.5,0.0,1.0,0.6666666666666666,0.1666666666666666,0.0,0.6666666666666666,0.3333333333333333,0.0,0.6887265434751468,0.0,65.5913978494624,0,GOOD
0.0065430752453653,0.6666666666666666,0.0,0.8461538461538463,0.3333333333333333,0.9444444444444444,0.0,1.0,0.5,0.3333333333333333,0.4,0.6666666666666666,0.25,0.0,0.6666666666666666,0.6666666666666666,0.0,0.5691161724681277,0.0,67.38351254480295,0,GOOD
0.0070883315158124,0.3333333333333333,1.0,0.2307692307692307,0.3333333333333333,0.4999999999999999,1.0,1.0,0.5,0.0,1.0,0.6666666666666666,0.25,0.0,0.3333333333333333,0.3333333333333333,0.0,0.3122761781979659,0.0,81.72043010752691,0,EXCELLENT
0.0076335877862595,0.6666666666666666,0.0,0.1538461538461538,0.6666666666666666,0.4999999999999999,0.0,0.6666666666666666,1.0,0.3333333333333333,0.6000000000000001,1.0,0.3333333333333333,1.0,0.3333333333333333,0.6666666666666666,1.0,0.5843002435181206,0.0,49.46236559139788,0,AVERAGE
0.0081788440567066,0.3333333333333333,0.5,0.0769230769230769,0.1666666666666666,0.2777777777777777,1.0,0.6666666666666666,1.0,0.0,0.8,1.0,0.0,0.3333333333333333,0.0,0.3333333333333333,0.3333333333333333,0.1462541183211574,0.0,70.60931899641577,0,GOOD
0.0087241003271537,1.0,0.0,0.9230769230769232,0.5,0.0,0.0,0.0,0.5,1.0,0.4,0.3333333333333333,0.25,0.3333333333333333,1.0,1.0,0.3333333333333333,0.8149262283340496,0.0,24.731182795698896,0,POOR
0.0092693565976008,0.0,0.0,0.1538461538461538,0.1666666666666666,0.3333333333333333,0.5,1.0,0.0,0.6666666666666666,0.2,0.6666666666666666,0.3333333333333333,0.0,0.3333333333333333,0.0,0.0,0.927087809769374,0.0,69.89247311827954,0,GOOD
0.0098146128680479,0.6666666666666666,0.5,0.7692307692307693,0.6666666666666666,0.1111111111111111,1.0,0.0,0.5,0.3333333333333333,1.0,0.0,0.1666666666666666,1.0,0.3333333333333333,0.6666666666666666,1.0,0.6277037673685718,0.0,41.57706093189963,0,AVERAGE
0.0109051254089422,0.0,0.0,0.8461538461538463,0.1666666666666666,0.7222222222222221,0.5,0.0,1.0,0.6666666666666666,0.8,0.6666666666666666,0.1666666666666666,0.3333333333333333,0.0,0.0,0.3333333333333333,0.6593611230482739,0.0,26.164874551971334,0,POOR
0.0114503816793893,0.0,0.0,0.9230769230769232,0.0,0.6666666666666665,1.0,0.0,1.0,0.6666666666666666,1.0,0.6666666666666666,0.0,0.0,0.6666666666666666,0.0,0.0,0.9979945566537746,0.0,30.10752688172046,0,POOR
0.0119956379498364,0.6666666666666666,0.5,0.4615384615384615,0.3333333333333333,0.1666666666666666,0.0,0.0,0.5,0.3333333333333333,0.0,0.0,0.1666666666666666,0.0,0.3333333333333333,0.6666666666666666,0.0,0.4409110442629996,0.0,47.31182795698931,0,AVERAGE
0.0125408942202835,0.0,1.0,0.7692307692307693,0.1666666666666666,0.8888888888888888,0.0,0.3333333333333333,1.0,0.6666666666666666,0.6000000000000001,1.0,0.0,0.0,0.3333333333333333,0.0,0.0,0.8302535453373442,0.0,32.61648745519714,0,POOR
0.0130861504907306,0.3333333333333333,1.0,0.3846153846153846,0.5,0.8888888888888888,1.0,0.6666666666666666,1.0,0.0,0.0,0.3333333333333333,0.0,0.6666666666666666,0.0,0.3333333333333333,0.6666666666666666,0.3149978513107004,0.0,64.87455197132618,0,GOOD
0.0136314067611777,0.3333333333333333,0.0,0.8461538461538463,0.5,0.1111111111111111,0.0,0.0,1.0,0.0,0.6000000000000001,0.6666666666666666,0.3333333333333333,1.0,0.0,0.3333333333333333,1.0,0.6745451940982667,0.0,44.802867383512535,0,AVERAGE
0.0141766630316248,0.3333333333333333,0.5,0.7692307692307693,0.1666666666666666,0.6111111111111112,1.0,0.3333333333333333,0.0,0.0,0.6000000000000001,0.0,0.3333333333333333,0.0,0.3333333333333333,0.3333333333333333,0.0,0.5802893568256696,0.0,66.30824372759852,0,GOOD
0.0147219193020719,0.3333333333333333,0.0,0.0,0.1666666666666666,0.4999999999999999,1.0,0.0,0.0,0.0,0.8,0.6666666666666666,0.0,0.0,0.0,0.3333333333333333,0.0,0.2233204411975361,0.0,46.23655913978498,0,AVERAGE
0.015267175572519,0.3333333333333333,1.0,0.0,0.3333333333333333,0.1111111111111111,0.0,0.3333333333333333,1.0,0.0,0.2,1.0,0.25,0.6666666666666666,1.0,0.3333333333333333,0.6666666666666666,0.2925082366423149,0.0,56.63082437275981,0,AVERAGE
0.0163576881134133,0.3333333333333333,0.0,0.4615384615384615,0.5,0.8333333333333333,1.0,0.6666666666666666,0.5,0.0,0.4,0.3333333333333333,0.0833333333333333,0.0,0.3333333333333333,0.3333333333333333,0.0,0.3861910901017046,0.0,65.59139784946231,0,GOOD
0.0169029443838604,0.3333333333333333,0.0,0.3846153846153846,0.3333333333333333,1.0,1.0,0.6666666666666666,1.0,0.0,0.2,0.3333333333333333,0.1666666666666666,0.3333333333333333,0.3333333333333333,0.3333333333333333,0.3333333333333333,0.4029508666380175,0.0,66.66666666666664,0,GOOD
0.0174482006543075,0.0,0.5,1.0,0.1666666666666666,0.7222222222222221,0.5,0.3333333333333333,0.0,0.6666666666666666,0.6000000000000001,1.0,0.3333333333333333,0.0,1.0,0.0,0.0,0.8786706775533591,0.0,34.76702508960571,0,POOR
0.0179934569247546,1.0,1.0,0.3846153846153846,0.5,0.2777777777777777,0.0,0.0,0.0,1.0,0.0,0.3333333333333333,0.0,0.0,0.6666666666666666,1.0,0.0,0.4870362412261854,0.0,21.14695340501788,0,POOR
0.0185387131952017,0.0,1.0,0.1538461538461538,0.1666666666666666,0.2777777777777777,0.0,1.0,0.5,0.6666666666666666,0.6000000000000001,0.6666666666666666,0.25,0.6666666666666666,0.0,0.0,0.6666666666666666,0.7712362125769947,0.0,70.60931899641577,0,GOOD
0.0190839694656488,0.0,0.0,0.3846153846153846,0.1666666666666666,0.3333333333333333,1.0,1.0,0.0,0.6666666666666666,0.2,0.6666666666666666,0.0833333333333333,0.0,0.6666666666666666,0.0,0.0,0.6663801747600631,0.0,69.89247311827954,0,GOOD
0.0196292257360959,0.3333333333333333,0.5,0.0769230769230769,0.3333333333333333,0.2777777777777777,1.0,0.6666666666666666,0.5,0.0,0.6000000000000001,0.6666666666666666,0.3333333333333333,0.3333333333333333,0.0,0.3333333333333333,0.3333333333333333,0.4509382609941269,0.0,71.6845878136201,0,GOOD
0.020174482006543,0.6666666666666666,0.0,0.0,0.3333333333333333,0.5555555555555556,0.5,0.3333333333333333,0.0,0.3333333333333333,0.2,0.6666666666666666,0.0,0.3333333333333333,0.0,0.6666666666666666,0.3333333333333333,0.0901017046268442,0.0,46.594982078853086,0,AVERAGE
0.0207197382769901,0.3333333333333333,1.0,0.9230769230769232,0.3333333333333333,0.6111111111111112,0.5,0.6666666666666666,1.0,0.0,0.6000000000000001,0.0,0.0833333333333333,0.0,1.0,0.3333333333333333,0.0,0.1620111731843575,0.0,75.98566308243724,0,GOOD
0.0218102508178844,0.3333333333333333,0.5,0.8461538461538463,0.3333333333333333,0.2222222222222222,1.0,0.3333333333333333,0.0,0.0,0.2,0.0,0.0833333333333333,0.3333333333333333,0.6666666666666666,0.3333333333333333,0.3333333333333333,0.086377309840997,0.0,68.10035842293908,0,GOOD
0.0223555070883315,0.0,0.0,0.6153846153846154,0.1666666666666666,0.2777777777777777,0.5,0.0,0.0,0.6666666666666666,0.8,0.3333333333333333,0.0,1.0,0.0,0.0,1.0,0.9550207706632288,0.0,36.20071684587807,0,POOR
0.0229007633587786,0.3333333333333333,1.0,0.3076923076923077,0.1666666666666666,0.8333333333333333,1.0,0.0,0.0,0.0,0.4,0.6666666666666666,0.1666666666666666,1.0,0.6666666666666666,0.3333333333333333,1.0,0.4295946139521558,0.0,41.935483870967744,0,AVERAGE
0.0234460196292257,0.3333333333333333,0.0,0.3846153846153846,0.5,0.4444444444444445,0.5,0.0,1.0,0.0,0.6000000000000001,0.0,0.3333333333333333,0.0,0.6666666666666666,0.3333333333333333,0.0,0.4900444062455236,0.0,49.10394265232977,0,AVERAGE
0.0239912758996728,0.6666666666666666,0.5,0.3076923076923077,0.5,0.1666666666666666,1.0,1.0,1.0,0.3333333333333333,1.0,0.0,0.25,0.3333333333333333,0.0,0.6666666666666666,0.3333333333333333,0.2909325311559948,0.0,82.79569892473124,0,EXCELLENT
0.0245365321701199,0.6666666666666666,1.0,0.4615384615384615,0.3333333333333333,0.3333333333333333,0.0,0.0,1.0,0.3333333333333333,0.4,0.6666666666666666,0.1666666666666666,0.6666666666666666,1.0,0.6666666666666666,0.6666666666666666,0.2576994699899728,0.0,36.55913978494627,0,POOR
0.025081788440567,1.0,1.0,0.6153846153846154,0.6666666666666666,0.8333333333333333,0.0,0.3333333333333333,0.0,1.0,0.4,1.0,0.3333333333333333,1.0,0.0,1.0,1.0,0.932674401948145,0.0,15.053763440860186,0,CRITICAL
0.0256270447110141,0.6666666666666666,0.0,0.4615384615384615,0.3333333333333333,0.4999999999999999,0.0,1.0,0.5,0.3333333333333333,1.0,0.6666666666666666,0.25,0.3333333333333333,0.0,0.6666666666666666,0.3333333333333333,0.3064030941125913,0.0,73.11827956989254,0,GOOD
0.0261723009814612,0.3333333333333333,0.0,0.6923076923076923,0.3333333333333333,0.6666666666666665,0.0,1.0,0.0,0.0,1.0,0.3333333333333333,0.0,1.0,0.3333333333333333,0.3333333333333333,1.0,0.3172897865635296,0.0,83.87096774193549,0,EXCELLENT
0.0272628135223555,0.6666666666666666,0.5,0.3846153846153846,0.3333333333333333,0.6666666666666665,0.5,0.0,0.0,0.3333333333333333,0.6000000000000001,1.0,0.25,0.6666666666666666,0.0,0.6666666666666666,0.6666666666666666,0.3118464403380604,0.0,27.956989247311885,0,POOR
0.0278080697928026,0.3333333333333333,1.0,0.4615384615384615,0.5,0.3333333333333333,0.5,1.0,0.0,0.0,0.4,0.3333333333333333,0.25,0.3333333333333333,1.0,0.3333333333333333,0.3333333333333333,0.2834837415843002,0.0,84.94623655913972,0,EXCELLENT
0.0283533260632497,0.6666666666666666,0.5,0.4615384615384615,0.3333333333333333,0.1111111111111111,0.5,0.3333333333333333,0.5,0.3333333333333333,0.2,0.6666666666666666,0.0,0.3333333333333333,0.6666666666666666,0.6666666666666666,0.3333333333333333,0.2304827388626271,0.0,52.32974910394267,0,AVERAGE
0.0288985823336968,0.3333333333333333,0.0,0.0,0.3333333333333333,0.3888888888888889,0.5,1.0,1.0,0.0,0.4,0.0,0.3333333333333333,0.0,1.0,0.3333333333333333,0.0,0.4573843288927088,0.0,91.75627240143373,0,EXCELLENT
0.0294438386041439,0.6666666666666666,0.0,0.9230769230769232,0.6666666666666666,0.0,0.0,0.3333333333333333,1.0,0.3333333333333333,0.4,0.3333333333333333,0.0833333333333333,1.0,0.0,0.6666666666666666,1.0,0.7973069760779258,0.0,51.61290322580645,0,AVERAGE
0.029989094874591,0.6666666666666666,0.0,0.5384615384615385,0.3333333333333333,0.7222222222222221,0.5,0.0,1.0,0.3333333333333333,0.0,1.0,0.1666666666666666,0.0,0.3333333333333333,0.6666666666666666,0.0,0.3705772811918063,0.0,27.24014336917567,0,POOR
0.0305343511450381,0.6666666666666666,0.5,0.4615384615384615,0.3333333333333333,0.9444444444444444,0.5,0.6666666666666666,1.0,0.3333333333333333,1.0,0.6666666666666666,0.0833333333333333,0.0,0.3333333333333333,0.6666666666666666,0.0,0.4679845294370434,0.0,54.48028673835134,0,AVERAGE
0.0310796074154852,0.0,0.0,0.6153846153846154,0.1666666666666666,0.2777777777777777,0.5,1.0,1.0,0.6666666666666666,1.0,1.0,0.25,0.0,0.0,0.0,0.0,0.8070477009024496,0.0,66.30824372759852,0,GOOD
0.0316248636859323,0.6666666666666666,1.0,0.8461538461538463,0.3333333333333333,0.4444444444444445,0.0,0.0,0.0,0.3333333333333333,0.4,0.3333333333333333,0.3333333333333333,1.0,0.0,0.6666666666666666,1.0,0.5732703051138806,0.0,39.42652329749106,0,POOR
0.0321701199563795,1.0,0.0,0.5384615384615385,0.8333333333333333,0.7777777777777777,0.0,0.6666666666666666,0.0,1.0,0.0,0.3333333333333333,0.1666666666666666,0.0,0.0,1.0,0.0,0.9093253115599484,0.0,34.0501792114695,0,POOR
0.0332606324972737,1.0,0.5,0.1538461538461538,0.5,1.0,0.5,0.0,0.5,1.0,0.6000000000000001,1.0,0.25,0.6666666666666666,1.0,1.0,0.6666666666666666,0.924079644750036,0.0,3.225806451612903,0,CRITICAL
0.0338058887677208,0.3333333333333333,0.5,0.9230769230769232,0.5,0.8333333333333333,1.0,0.0,1.0,0.0,0.6000000000000001,1.0,0.0,0.0,1.0,0.3333333333333333,0.0,0.3973642744592465,0.0,31.182795698924696,0,POOR
0.0343511450381679,0.6666666666666666,1.0,0.7692307692307693,0.6666666666666666,0.7777777777777777,0.5,0.0,0.5,0.3333333333333333,0.6000000000000001,0.3333333333333333,0.1666666666666666,0.0,1.0,0.6666666666666666,0.0,0.4251539893997995,0.0,28.673835125448015,0,POOR
0.034896401308615,0.6666666666666666,0.5,0.6923076923076923,0.3333333333333333,0.8333333333333333,0.5,0.0,0.5,0.3333333333333333,1.0,0.6666666666666666,0.1666666666666666,0.6666666666666666,0.3333333333333333,0.6666666666666666,0.6666666666666666,0.370004297378599,0.0,30.10752688172046,0,POOR
0.0354416575790621,0.0,1.0,0.6153846153846154,0.1666666666666666,0.2222222222222222,1.0,0.3333333333333333,1.0,0.6666666666666666,1.0,0.0,0.0833333333333333,0.6666666666666666,0.0,0.0,0.6666666666666666,0.7637874230053001,0.0,54.12186379928313,0,AVERAGE
0.0359869138495092,0.6666666666666666,0.0,0.6923076923076923,0.3333333333333333,0.6111111111111112,1.0,0.0,0.0,0.3333333333333333,0.8,0.0,0.0,0.3333333333333333,1.0,0.6666666666666666,0.3333333333333333,0.0817934393353387,0.0,41.57706093189963,0,AVERAGE
0.0365321701199563,0.3333333333333333,0.0,1.0,0.1666666666666666,0.7777777777777777,0.0,0.6666666666666666,0.0,0.0,0.2,0.6666666666666666,0.3333333333333333,1.0,1.0,0.3333333333333333,1.0,0.7127918636298525,0.0,68.45878136200719,0,GOOD
0.0370774263904034,0.6666666666666666,1.0,0.1538461538461538,0.5,0.0,0.5,0.6666666666666666,1.0,0.3333333333333333,0.4,0.3333333333333333,0.0833333333333333,0.3333333333333333,1.0,0.6666666666666666,0.3333333333333333,0.3682853459389772,0.0,67.74193548387096,0,GOOD
0.0376226826608506,0.0,0.5,0.0,0.0,0.9444444444444444,0.5,0.3333333333333333,0.0,0.6666666666666666,0.0,0.6666666666666666,0.0833333333333333,0.6666666666666666,0.3333333333333333,0.0,0.6666666666666666,1.0,0.0,39.42652329749106,0,POOR
0.0381679389312977,0.3333333333333333,1.0,0.8461538461538463,0.5,0.0555555555555555,0.5,0.6666666666666666,1.0,0.0,0.0,0.0,0.0,1.0,0.0,0.3333333333333333,1.0,0.6470419710643175,0.0,79.92831541218635,0,GOOD
0.0387131952017448,0.6666666666666666,0.5,0.3846153846153846,0.3333333333333333,0.8333333333333333,0.0,0.3333333333333333,1.0,0.3333333333333333,0.6000000000000001,0.6666666666666666,0.0833333333333333,1.0,0.3333333333333333,0.6666666666666666,1.0,0.4330325168313995,0.0,43.01075268817207,0,AVERAGE
0.0392584514721919,0.3333333333333333,0.0,0.7692307692307693,0.1666666666666666,0.4444444444444445,0.5,0.6666666666666666,0.0,0.0,0.4,0.3333333333333333,0.0,1.0,0.0,0.3333333333333333,1.0,0.4012319151983957,0.0,77.06093189964157,0,GOOD
0.039803707742639,0.3333333333333333,0.5,0.7692307692307693,0.5,0.8888888888888888,0.0,0.6666666666666666,1.0,0.0,0.4,1.0,0.25,0.3333333333333333,0.0,0.3333333333333333,0.3333333333333333,0.2900730554361839,0.0,56.2724014336918,0,AVERAGE
0.0403489640130861,0.6666666666666666,0.5,0.6923076923076923,0.5,0.9444444444444444,0.0,1.0,1.0,0.3333333333333333,0.0,1.0,0.25,0.3333333333333333,1.0,0.6666666666666666,0.3333333333333333,0.3449362555507806,0.0,59.856630824372814,0,AVERAGE
0.0408942202835332,0.3333333333333333,0.5,0.5384615384615385,0.1666666666666666,0.9444444444444444,1.0,0.0,1.0,0.0,1.0,0.6666666666666666,0.0833333333333333,0.0,0.3333333333333333,0.3333333333333333,0.0,0.4843145681134508,0.0,40.50179211469539,0,AVERAGE
0.0419847328244274,1.0,0.0,0.8461538461538463,0.5,0.1666666666666666,0.0,0.6666666666666666,0.5,1.0,1.0,0.6666666666666666,0.25,0.6666666666666666,0.3333333333333333,1.0,0.6666666666666666,0.7021916630855178,0.0,44.08602150537641,0,AVERAGE
0.0425299890948745,0.3333333333333333,0.0,0.2307692307692307,0.3333333333333333,0.1666666666666666,1.0,1.0,1.0,0.0,0.4,0.0,0.0,0.3333333333333333,0.6666666666666666,0.3333333333333333,0.3333333333333333,0.1100128921357971,0.0,94.62365591397852,0,EXCELLENT
0.0430752453653217,0.3333333333333333,0.0,0.5384615384615385,0.3333333333333333,0.0555555555555555,0.0,0.3333333333333333,0.0,0.0,0.6000000000000001,1.0,0.0833333333333333,0.3333333333333333,0.6666666666666666,0.3333333333333333,0.3333333333333333,0.3213006732559805,0.0,57.34767025089603,0,AVERAGE
0.0436205016357688,0.6666666666666666,1.0,0.0769230769230769,0.5,0.7222222222222221,1.0,0.6666666666666666,0.5,0.3333333333333333,0.0,0.6666666666666666,0.0833333333333333,0.3333333333333333,1.0,0.6666666666666666,0.3333333333333333,0.1484028076206847,0.0,54.12186379928322,0,AVERAGE
0.0441657579062159,1.0,1.0,0.0,0.8333333333333333,0.3888888888888889,0.0,0.6666666666666666,1.0,1.0,0.0,0.3333333333333333,0.0,0.6666666666666666,0.0,1.0,0.6666666666666666,0.8813923506660937,0.0,39.068100358422946,0,POOR
0.044711014176663,0.6666666666666666,0.0,0.0,0.3333333333333333,0.4444444444444445,0.5,0.0,0.0,0.3333333333333333,1.0,1.0,0.0833333333333333,1.0,0.0,0.6666666666666666,1.0,0.3213006732559805,0.0,30.824372759856683,0,POOR
0.0452562704471101,0.3333333333333333,0.5,0.0769230769230769,0.5,0.2777777777777777,0.0,0.6666666666666666,0.5,0.0,0.2,0.6666666666666666,0.3333333333333333,0.6666666666666666,0.3333333333333333,0.3333333333333333,0.6666666666666666,0.3761638733705773,0.0,68.45878136200719,0,GOOD
0.0458015267175572,0.3333333333333333,1.0,0.7692307692307693,0.3333333333333333,0.2777777777777777,0.0,1.0,0.0,0.0,0.6000000000000001,0.6666666666666666,0.1666666666666666,0.0,1.0,0.3333333333333333,0.0,0.2523993697178054,0.0,84.5878136200717,0,EXCELLENT
0.0463467829880043,0.3333333333333333,0.0,0.6153846153846154,0.1666666666666666,0.6111111111111112,0.5,1.0,0.0,0.0,0.4,0.0,0.1666666666666666,0.6666666666666666,0.6666666666666666,0.3333333333333333,0.6666666666666666,0.280475576564962,0.0,92.11469534050175,0,EXCELLENT
0.0468920392584514,0.3333333333333333,1.0,0.6153846153846154,0.1666666666666666,0.8333333333333333,0.5,0.0,0.0,0.0,0.6000000000000001,1.0,0.3333333333333333,0.3333333333333333,1.0,0.3333333333333333,0.3333333333333333,0.6130926801317862,0.0,37.63440860215051,0,POOR
0.0474372955288985,0.6666666666666666,0.5,0.3076923076923077,0.3333333333333333,0.5555555555555556,0.5,0.6666666666666666,0.0,0.3333333333333333,1.0,1.0,0.0,1.0,0.6666666666666666,0.6666666666666666,1.0,0.3783125626701046,0.0,55.197132616487465,0,AVERAGE
0.0479825517993456,0.3333333333333333,0.0,0.3846153846153846,0.3333333333333333,0.3333333333333333,0.5,0.3333333333333333,1.0,0.0,0.2,0.3333333333333333,0.0,0.0,0.3333333333333333,0.3333333333333333,0.0,0.1514109726400229,0.0,62.36559139784939,0,GOOD
0.0485278080697928,0.6666666666666666,0.0,0.9230769230769232,0.5,0.0555555555555555,0.0,0.6666666666666666,1.0,0.3333333333333333,1.0,1.0,0.25,0.3333333333333333,0.3333333333333333,0.6666666666666666,0.3333333333333333,0.3973642744592465,0.0,58.42293906810036,0,AVERAGE
0.0490730643402399,0.6666666666666666,0.0,0.0769230769230769,0.5,0.9444444444444444,0.0,0.0,0.5,0.3333333333333333,0.6000000000000001,0.6666666666666666,0.1666666666666666,0.6666666666666666,0.6666666666666666,0.6666666666666666,0.6666666666666666,0.3104139808050423,0.0,25.448028673835204,0,POOR
0.049618320610687,0.0,1.0,0.3846153846153846,0.1666666666666666,0.5555555555555556,0.5,0.3333333333333333,0.0,0.6666666666666666,0.4,0.0,0.3333333333333333,0.3333333333333333,1.0,0.0,0.3333333333333333,0.7973069760779258,0.0,49.8207885304659,0,AVERAGE
0.0501635768811341,0.6666666666666666,1.0,1.0,0.6666666666666666,0.0555555555555555,0.0,0.0,1.0,0.3333333333333333,0.0,1.0,0.25,1.0,1.0,0.6666666666666666,1.0,0.6680991261996849,0.0,29.39068100358424,0,POOR
0.0507088331515812,0.3333333333333333,0.5,0.9230769230769232,0.5,0.1666666666666666,0.0,1.0,1.0,0.0,0.6000000000000001,0.0,0.25,1.0,1.0,0.3333333333333333,1.0,0.4271594327460249,0.0,91.39784946236563,0,EXCELLENT
0.0512540894220283,0.0,1.0,1.0,0.1666666666666666,0.1666666666666666,0.5,1.0,0.5,0.6666666666666666,0.0,1.0,0.3333333333333333,0.3333333333333333,0.0,0.0,0.3333333333333333,0.9098982953731558,0.0,67.74193548387096,0,GOOD
0.0517993456924754,0.3333333333333333,0.5,0.2307692307692307,0.3333333333333333,0.8888888888888888,0.5,1.0,1.0,0.0,0.8,0.3333333333333333,0.0833333333333333,1.0,0.3333333333333333,0.3333333333333333,1.0,0.3353387766795588,0.0,81.0035842293907,0,EXCELLENT
0.0523446019629225,0.0,0.5,0.0769230769230769,0.0,0.8888888888888888,1.0,1.0,0.0,0.6666666666666666,0.8,0.0,0.1666666666666666,0.3333333333333333,0.0,0.0,0.3333333333333333,0.9816645179773672,0.0,74.55197132616489,0,GOOD
0.0539803707742639,1.0,0.0,0.2307692307692307,0.5,0.0,0.5,1.0,1.0,1.0,0.4,0.3333333333333333,0.0,0.0,0.3333333333333333,1.0,0.0,0.7368571837845581,0.0,63.44086021505373,0,GOOD
0.054525627044711,0.3333333333333333,1.0,0.3846153846153846,0.5,0.1111111111111111,0.0,0.0,0.5,0.0,0.2,0.0,0.0833333333333333,0.3333333333333333,0.3333333333333333,0.3333333333333333,0.3333333333333333,0.2579859618965764,0.0,53.405017921146914,0,AVERAGE
0.0550708833151581,0.6666666666666666,0.0,0.7692307692307693,0.5,0.1666666666666666,1.0,0.3333333333333333,0.5,0.3333333333333333,0.0,1.0,0.1666666666666666,1.0,0.6666666666666666,0.6666666666666666,1.0,0.3624122618536026,0.0,44.08602150537641,0,AVERAGE
0.0556161395856052,1.0,0.5,0.5384615384615385,0.5,0.0555555555555555,0.0,0.3333333333333333,0.0,1.0,0.2,0.6666666666666666,0.25,0.0,0.3333333333333333,1.0,0.0,0.8273886262713078,0.0,32.61648745519714,0,POOR
0.0561613958560523,0.6666666666666666,0.0,0.4615384615384615,0.5,0.0,0.0,0.3333333333333333,0.0,0.3333333333333333,0.0,1.0,0.3333333333333333,0.3333333333333333,0.3333333333333333,0.6666666666666666,0.3333333333333333,0.6665234207133649,0.0,46.23655913978498,0,AVERAGE
0.0567066521264994,0.6666666666666666,0.0,0.6153846153846154,0.5,0.8888888888888888,0.0,0.6666666666666666,0.0,0.3333333333333333,0.0,1.0,0.3333333333333333,0.6666666666666666,0.6666666666666666,0.6666666666666666,0.6666666666666666,0.4593897722389342,0.0,47.67025089605742,0,AVERAGE
0.0572519083969465,0.0,0.5,0.3846153846153846,0.0,0.3333333333333333,1.0,0.0,1.0,0.6666666666666666,0.2,1.0,0.25,0.6666666666666666,1.0,0.0,0.6666666666666666,0.9488611946712504,0.0,30.10752688172037,0,POOR
0.0577971646673936,0.6666666666666666,0.5,0.4615384615384615,0.5,0.1666666666666666,0.0,0.0,0.0,0.3333333333333333,0.4,1.0,0.25,1.0,1.0,0.6666666666666666,1.0,0.3675691161724681,0.0,31.182795698924792,0,POOR
0.0588876772082879,1.0,1.0,0.3846153846153846,0.5,0.7777777777777777,0.0,0.6666666666666666,0.5,1.0,0.6000000000000001,0.6666666666666666,0.3333333333333333,1.0,0.3333333333333333,1.0,1.0,0.9911187508952872,0.0,36.200716845878155,0,POOR
0.059432933478735,0.6666666666666666,0.5,0.6153846153846154,0.6666666666666666,0.5555555555555556,0.5,1.0,1.0,0.3333333333333333,0.8,0.3333333333333333,0.1666666666666666,0.6666666666666666,0.0,0.6666666666666666,0.6666666666666666,0.2165878813923506,0.0,70.25089605734765,0,GOOD
0.0599781897491821,0.3333333333333333,0.5,0.8461538461538463,0.5,0.7222222222222221,1.0,1.0,1.0,0.0,1.0,0.0,0.1666666666666666,0.3333333333333333,0.3333333333333333,0.3333333333333333,0.3333333333333333,0.1582867783985102,0.0,84.2293906810036,0,EXCELLENT
0.0605234460196292,0.6666666666666666,0.5,0.7692307692307693,0.3333333333333333,0.3333333333333333,0.0,0.0,0.5,0.3333333333333333,0.8,0.6666666666666666,0.3333333333333333,0.6666666666666666,0.0,0.6666666666666666,0.6666666666666666,0.4078212290502793,0.0,36.55913978494627,0,POOR
0.0610687022900763,0.6666666666666666,0.5,0.6153846153846154,0.5,0.7222222222222221,0.5,0.0,1.0,0.3333333333333333,0.2,1.0,0.3333333333333333,1.0,0.3333333333333333,0.6666666666666666,1.0,0.5500644606789858,0.0,24.014336917562765,0,POOR
0.0616139585605234,0.3333333333333333,0.5,0.7692307692307693,0.3333333333333333,0.9444444444444444,0.0,0.3333333333333333,0.0,0.0,0.0,1.0,0.25,0.3333333333333333,0.0,0.3333333333333333,0.3333333333333333,0.408823950723392,0.0,45.87813620071687,0,AVERAGE
0.0621592148309705,0.6666666666666666,0.0,1.0,0.5,0.4999999999999999,0.0,0.0,0.5,0.3333333333333333,0.4,0.0,0.3333333333333333,1.0,0.3333333333333333,0.6666666666666666,1.0,0.4781549921214726,0.0,39.78494623655917,0,POOR
0.0627044711014176,0.6666666666666666,1.0,0.4615384615384615,0.5,0.0555555555555555,0.0,1.0,0.0,0.3333333333333333,0.8,1.0,0.0,1.0,1.0,0.6666666666666666,1.0,0.575275748460106,0.0,71.32616487455198,0,GOOD
0.0632497273718647,0.3333333333333333,0.5,0.7692307692307693,0.5,0.6111111111111112,0.5,0.6666666666666666,0.0,0.0,0.0,0.0,0.0,1.0,0.3333333333333333,0.3333333333333333,1.0,0.326457527574846,0.0,72.75985663082433,0,GOOD
0.064340239912759,0.6666666666666666,0.0,0.9230769230769232,0.5,0.0555555555555555,1.0,1.0,1.0,0.3333333333333333,1.0,0.0,0.3333333333333333,1.0,0.3333333333333333,0.6666666666666666,1.0,0.7500358114883254,0.0,84.2293906810036,0,EXCELLENT
0.0648854961832061,0.6666666666666666,0.5,0.3076923076923077,0.5,0.2777777777777777,0.5,1.0,0.0,0.3333333333333333,0.2,0.3333333333333333,0.0,0.3333333333333333,1.0,0.6666666666666666,0.3333333333333333,0.0594470706202549,0.0,77.06093189964157,0,GOOD
0.0654307524536532,0.6666666666666666,0.0,0.5384615384615385,0.6666666666666666,0.2222222222222222,0.5,0.6666666666666666,1.0,0.3333333333333333,0.2,0.0,0.25,0.0,0.6666666666666666,0.6666666666666666,0.0,0.5370290789285203,0.0,65.94982078853052,0,GOOD
0.0659760087241003,0.3333333333333333,0.5,1.0,0.1666666666666666,0.7222222222222221,0.0,0.6666666666666666,1.0,0.0,0.2,1.0,0.1666666666666666,0.6666666666666666,0.0,0.3333333333333333,0.6666666666666666,0.3340495630998424,0.0,64.87455197132618,0,GOOD
0.0665212649945474,0.3333333333333333,0.0,0.0,0.3333333333333333,0.1111111111111111,1.0,0.0,0.0,0.0,0.0,0.0,0.25,0.3333333333333333,0.0,0.3333333333333333,0.3333333333333333,0.3543904884687007,0.0,56.63082437275981,0,AVERAGE
0.0670665212649945,0.6666666666666666,0.5,0.6153846153846154,0.5,0.8888888888888888,0.5,1.0,0.5,0.3333333333333333,0.6000000000000001,0.6666666666666666,0.0833333333333333,0.0,0.3333333333333333,0.6666666666666666,0.0,0.3304684142672969,0.0,64.87455197132627,0,GOOD
0.0676117775354416,0.3333333333333333,1.0,0.1538461538461538,0.3333333333333333,0.4444444444444445,1.0,1.0,1.0,0.0,0.8,0.6666666666666666,0.1666666666666666,1.0,0.6666666666666666,0.3333333333333333,1.0,0.3472281908036098,0.0,82.43727598566313,0,EXCELLENT
0.0681570338058887,0.6666666666666666,1.0,0.2307692307692307,0.5,0.8888888888888888,0.5,0.3333333333333333,0.5,0.3333333333333333,0.4,0.3333333333333333,0.1666666666666666,0.3333333333333333,0.6666666666666666,0.6666666666666666,0.3333333333333333,0.2251826385904598,0.0,43.36917562724019,0,AVERAGE
0.0687022900763358,1.0,0.0,0.1538461538461538,1.0,0.2777777777777777,1.0,1.0,0.5,1.0,1.0,1.0,0.0,0.0,0.0,1.0,0.0,0.9838132072768946,0.0,41.57706093189963,0,AVERAGE
0.0692475463467829,0.3333333333333333,0.0,0.8461538461538463,0.1666666666666666,1.0,0.0,0.3333333333333333,0.0,0.0,0.2,0.6666666666666666,0.0,0.0,0.0,0.3333333333333333,0.0,0.5940409683426443,0.0,52.68817204301078,0,AVERAGE
0.0703380588876772,0.3333333333333333,0.5,0.6153846153846154,0.5,0.8888888888888888,0.5,0.3333333333333333,0.5,0.0,0.4,1.0,0.1666666666666666,0.6666666666666666,0.3333333333333333,0.3333333333333333,0.6666666666666666,0.2397937258272453,0.0,43.36917562724019,0,AVERAGE
0.0708833151581243,0.0,0.0,1.0,0.1666666666666666,0.7222222222222221,0.5,0.3333333333333333,0.5,0.6666666666666666,1.0,0.0,0.25,1.0,0.0,0.0,1.0,0.9438475863056868,0.0,47.670250896057325,0,AVERAGE
0.0714285714285714,0.6666666666666666,1.0,1.0,0.6666666666666666,0.6111111111111112,0.5,0.3333333333333333,1.0,0.3333333333333333,0.6000000000000001,0.3333333333333333,0.25,0.6666666666666666,0.0,0.6666666666666666,0.6666666666666666,0.3316143818937115,0.0,43.7275985663082,0,AVERAGE
0.0719738276990185,0.6666666666666666,0.0,0.0,0.6666666666666666,1.0,0.0,0.6666666666666666,0.0,0.3333333333333333,0.0,1.0,0.3333333333333333,0.0,1.0,0.6666666666666666,0.0,0.889843861910901,0.0,43.01075268817207,0,AVERAGE
0.0725190839694656,0.6666666666666666,1.0,0.9230769230769232,0.5,0.2222222222222222,0.0,0.3333333333333333,0.5,0.3333333333333333,0.6000000000000001,0.3333333333333333,0.0833333333333333,1.0,0.6666666666666666,0.6666666666666666,1.0,0.3235926085088096,0.0,51.97132616487457,0,AVERAGE
0.0730643402399127,0.3333333333333333,0.0,0.6923076923076923,0.1666666666666666,0.1111111111111111,0.0,1.0,0.5,0.0,0.2,1.0,0.3333333333333333,0.3333333333333333,1.0,0.3333333333333333,0.3333333333333333,0.5991978226615098,0.0,85.66308243727595,0,EXCELLENT
0.0736095965103598,0.3333333333333333,1.0,0.6153846153846154,0.1666666666666666,0.1111111111111111,0.5,1.0,1.0,0.0,0.6000000000000001,1.0,0.1666666666666666,1.0,1.0,0.3333333333333333,1.0,0.645036527718092,0.0,85.66308243727595,0,EXCELLENT
0.0741548527808069,1.0,0.0,0.7692307692307693,0.5,0.0555555555555555,0.5,1.0,0.0,1.0,0.2,0.0,0.0833333333333333,1.0,0.3333333333333333,1.0,1.0,0.8798166451797736,0.0,67.02508960573475,0,GOOD
0.0747001090512541,0.3333333333333333,0.0,0.0,0.5,0.6666666666666665,0.5,0.6666666666666666,0.0,0.0,0.6000000000000001,0.6666666666666666,0.3333333333333333,0.6666666666666666,0.3333333333333333,0.3333333333333333,0.6666666666666666,0.392207420140381,0.0,63.44086021505383,0,GOOD
0.0752453653217012,0.6666666666666666,0.0,0.4615384615384615,0.6666666666666666,0.8888888888888888,1.0,0.0,0.0,0.3333333333333333,0.2,0.6666666666666666,0.0833333333333333,0.3333333333333333,0.0,0.6666666666666666,0.3333333333333333,0.3389199255121043,0.0,22.939068100358526,0,POOR
0.0763358778625954,1.0,1.0,0.3076923076923077,1.0,0.4444444444444445,1.0,0.6666666666666666,0.5,1.0,0.2,0.3333333333333333,0.0,0.3333333333333333,0.0,1.0,0.3333333333333333,0.9462827675118178,0.0,35.12544802867382,0,POOR
0.0768811341330425,0.6666666666666666,0.0,0.5384615384615385,0.5,0.2222222222222222,0.0,0.0,0.0,0.3333333333333333,0.0,1.0,0.0833333333333333,0.0,0.0,0.6666666666666666,0.0,0.184644033806045,0.0,30.465949820788573,0,POOR
0.0774263904034896,0.6666666666666666,0.5,0.0769230769230769,0.3333333333333333,0.0,1.0,1.0,1.0,0.3333333333333333,0.6000000000000001,1.0,0.1666666666666666,0.6666666666666666,0.6666666666666666,0.6666666666666666,0.6666666666666666,0.5161151697464547,0.0,75.26881720430111,0,GOOD
0.0779716466739367,0.3333333333333333,0.5,0.8461538461538463,0.1666666666666666,0.0555555555555555,0.0,0.6666666666666666,1.0,0.0,0.0,0.3333333333333333,0.0833333333333333,1.0,0.6666666666666666,0.3333333333333333,1.0,0.7165162584156998,0.0,82.07885304659493,0,EXCELLENT
0.0785169029443838,0.6666666666666666,1.0,0.6153846153846154,0.5,0.2777777777777777,0.5,0.0,1.0,0.3333333333333333,0.6000000000000001,0.3333333333333333,0.25,0.3333333333333333,1.0,0.6666666666666666,0.3333333333333333,0.2708780976937401,0.0,38.35125448028673,0,POOR
0.0790621592148309,0.3333333333333333,1.0,0.7692307692307693,0.1666666666666666,0.8888888888888888,1.0,0.0,0.0,0.0,0.8,0.6666666666666666,0.25,0.6666666666666666,0.6666666666666666,0.3333333333333333,0.6666666666666666,0.4609654777252542,0.0,41.21863799283162,0,AVERAGE
0.079607415485278,0.6666666666666666,0.5,0.3076923076923077,0.6666666666666666,0.5555555555555556,0.5,0.3333333333333333,0.0,0.3333333333333333,0.0,1.0,0.25,0.6666666666666666,0.0,0.6666666666666666,0.6666666666666666,0.3069760779257986,0.0,35.84229390681005,0,POOR
0.0801526717557252,0.6666666666666666,0.5,0.7692307692307693,0.3333333333333333,0.1111111111111111,1.0,0.0,1.0,0.3333333333333333,0.4,1.0,0.25,0.3333333333333333,0.0,0.6666666666666666,0.3333333333333333,0.4102564102564102,0.0,35.12544802867382,0,POOR
0.0806979280261723,0.6666666666666666,0.5,1.0,0.6666666666666666,0.7777777777777777,0.5,0.3333333333333333,0.0,0.3333333333333333,0.6000000000000001,0.6666666666666666,0.1666666666666666,1.0,0.0,0.6666666666666666,1.0,0.487322733132789,0.0,37.27598566308249,0,POOR
0.0817884405670665,0.3333333333333333,0.5,0.7692307692307693,0.5,0.6111111111111112,1.0,0.6666666666666666,0.0,0.0,0.2,0.0,0.3333333333333333,0.6666666666666666,0.6666666666666666,0.3333333333333333,0.6666666666666666,0.3351955307262569,0.0,72.75985663082433,0,GOOD
0.0823336968375136,0.3333333333333333,1.0,0.8461538461538463,0.3333333333333333,0.4444444444444445,1.0,0.3333333333333333,1.0,0.0,1.0,0.6666666666666666,0.3333333333333333,0.0,0.6666666666666666,0.3333333333333333,0.0,0.4483598338346942,0.0,56.6308243727599,0,AVERAGE
0.0828789531079607,1.0,1.0,0.2307692307692307,0.6666666666666666,0.3333333333333333,0.0,0.3333333333333333,0.0,1.0,0.8,0.3333333333333333,0.0833333333333333,0.6666666666666666,1.0,1.0,0.6666666666666666,0.6676693883397794,0.0,30.10752688172037,0,POOR
0.0834242093784078,0.3333333333333333,1.0,0.3076923076923077,0.3333333333333333,0.4999999999999999,0.0,1.0,0.5,0.0,0.2,0.6666666666666666,0.3333333333333333,0.0,0.6666666666666666,0.3333333333333333,0.0,0.4242945136799885,0.0,81.72043010752691,0,EXCELLENT
0.0839694656488549,0.0,0.0,0.0,0.1666666666666666,0.1111111111111111,0.5,1.0,0.0,0.6666666666666666,0.4,1.0,0.25,0.3333333333333333,1.0,0.0,0.3333333333333333,0.9123334765792868,0.0,68.45878136200709,0,GOOD
0.084514721919302,1.0,1.0,0.2307692307692307,0.6666666666666666,0.8888888888888888,0.0,0.0,1.0,1.0,0.6000000000000001,0.3333333333333333,0.0833333333333333,0.0,0.6666666666666666,1.0,0.0,0.7418707921501217,0.0,10.03584229390682,0,CRITICAL
0.0850599781897491,0.6666666666666666,1.0,0.9230769230769232,0.3333333333333333,0.4999999999999999,0.0,0.3333333333333333,0.0,0.3333333333333333,0.8,0.3333333333333333,0.1666666666666666,1.0,1.0,0.6666666666666666,1.0,0.3811774817361409,0.0,51.61290322580645,0,AVERAGE
0.0856052344601963,0.6666666666666666,1.0,1.0,0.3333333333333333,0.0,1.0,0.6666666666666666,0.5,0.3333333333333333,0.4,0.3333333333333333,0.0,0.0,0.0,0.6666666666666666,0.0,0.4828821085804326,0.0,70.96774193548387,0,GOOD
0.0861504907306434,0.6666666666666666,1.0,0.3076923076923077,0.6666666666666666,0.0,0.5,1.0,1.0,0.3333333333333333,0.4,0.3333333333333333,0.25,0.6666666666666666,0.6666666666666666,0.6666666666666666,0.6666666666666666,0.5672539750752041,0.0,77.41935483870968,0,GOOD
0.0872410032715376,1.0,0.5,0.2307692307692307,0.6666666666666666,0.8888888888888888,0.0,0.0,0.5,1.0,0.0,1.0,0.25,0.3333333333333333,1.0,1.0,0.3333333333333333,0.8080504225755621,0.0,1.4336917562724423,0,CRITICAL
0.0877862595419847,1.0,1.0,0.3846153846153846,0.6666666666666666,0.5555555555555556,0.0,0.6666666666666666,1.0,1.0,1.0,0.3333333333333333,0.1666666666666666,0.6666666666666666,0.0,1.0,0.6666666666666666,0.6891562813350522,0.0,40.14336917562719,0,AVERAGE
0.0883315158124318,0.0,0.0,0.3076923076923077,0.0,0.7777777777777777,1.0,0.3333333333333333,1.0,0.6666666666666666,0.4,1.0,0.25,0.3333333333333333,0.3333333333333333,0.0,0.3333333333333333,0.9891133075490616,0.0,37.275985663082395,0,POOR
0.0888767720828789,0.3333333333333333,0.0,0.3846153846153846,0.5,0.3333333333333333,0.0,0.3333333333333333,0.0,0.0,0.6000000000000001,0.6666666666666666,0.0833333333333333,0.6666666666666666,1.0,0.3333333333333333,0.6666666666666666,0.1495487752470992,0.0,54.83870967741935,0,AVERAGE
0.089422028353326,0.6666666666666666,1.0,0.9230769230769232,0.5,0.3888888888888889,0.0,0.6666666666666666,0.5,0.3333333333333333,0.0,0.0,0.3333333333333333,0.0,1.0,0.6666666666666666,0.0,0.4655493482309125,0.0,67.02508960573483,0,GOOD
0.0899672846237731,0.3333333333333333,0.0,0.4615384615384615,0.1666666666666666,0.4444444444444445,1.0,1.0,0.0,0.0,0.8,0.3333333333333333,0.1666666666666666,0.0,1.0,0.3333333333333333,0.0,0.3316143818937115,0.0,89.96415770609319,0,EXCELLENT
0.0905125408942202,0.3333333333333333,0.0,0.1538461538461538,0.5,0.7222222222222221,0.0,0.3333333333333333,0.5,0.0,0.6000000000000001,1.0,0.3333333333333333,0.0,0.0,0.3333333333333333,0.0,0.5191233347657929,0.0,45.519713261648754,0,AVERAGE
0.0910577971646674,0.6666666666666666,0.0,0.0769230769230769,0.6666666666666666,0.2777777777777777,1.0,0.0,0.5,0.3333333333333333,0.8,0.6666666666666666,0.1666666666666666,0.3333333333333333,0.3333333333333333,0.6666666666666666,0.3333333333333333,0.3635582294800172,0.0,30.824372759856683,0,POOR
0.0916030534351145,0.3333333333333333,0.0,0.3846153846153846,0.1666666666666666,0.7777777777777777,0.5,1.0,1.0,0.0,0.4,0.3333333333333333,0.0833333333333333,1.0,0.0,0.3333333333333333,1.0,0.4234350379601776,0.0,85.66308243727595,0,EXCELLENT
0.0921483097055616,0.3333333333333333,0.0,0.0769230769230769,0.1666666666666666,0.4444444444444445,1.0,1.0,0.5,0.0,0.8,0.6666666666666666,0.0,0.3333333333333333,0.6666666666666666,0.3333333333333333,0.3333333333333333,0.1938117748173614,0.0,85.66308243727605,0,EXCELLENT
0.0932388222464558,1.0,0.0,0.0,0.5,0.5555555555555556,0.5,0.0,1.0,1.0,0.0,0.3333333333333333,0.0833333333333333,1.0,0.3333333333333333,1.0,1.0,0.736140954018049,0.0,17.562724014336865,0,CRITICAL
0.0937840785169029,0.6666666666666666,0.5,0.1538461538461538,0.5,0.7222222222222221,0.0,0.0,0.5,0.3333333333333333,0.2,0.6666666666666666,0.25,0.3333333333333333,1.0,0.6666666666666666,0.3333333333333333,0.24724251539894,0.0,28.31541218638,0,POOR
0.09432933478735,0.3333333333333333,1.0,0.4615384615384615,0.5,0.8888888888888888,0.5,1.0,1.0,0.0,1.0,0.0,0.3333333333333333,0.3333333333333333,0.0,0.3333333333333333,0.3333333333333333,0.4909038819653345,0.0,82.07885304659503,0,EXCELLENT
0.0948745910577971,0.3333333333333333,0.5,0.2307692307692307,0.1666666666666666,0.4444444444444445,0.0,0.0,0.5,0.0,0.8,0.3333333333333333,0.3333333333333333,0.3333333333333333,1.0,0.3333333333333333,0.3333333333333333,0.4638303967912907,0.0,51.25448028673835,0,AVERAGE
0.0954198473282442,0.3333333333333333,1.0,0.0,0.3333333333333333,0.7222222222222221,0.5,0.3333333333333333,1.0,0.0,0.8,0.3333333333333333,0.25,0.0,0.6666666666666666,0.3333333333333333,0.0,0.3276034952012606,0.0,57.34767025089603,0,AVERAGE
0.0959651035986913,0.6666666666666666,0.0,0.5384615384615385,0.6666666666666666,0.1666666666666666,1.0,0.6666666666666666,0.5,0.3333333333333333,0.2,0.6666666666666666,0.3333333333333333,0.3333333333333333,0.0,0.6666666666666666,0.3333333333333333,0.6663801747600631,0.0,58.06451612903235,0,AVERAGE
0.0965103598691385,0.3333333333333333,1.0,0.7692307692307693,0.3333333333333333,0.7222222222222221,0.0,1.0,0.0,0.0,0.0,0.0,0.1666666666666666,0.3333333333333333,0.3333333333333333,0.3333333333333333,0.3333333333333333,0.1741870792150121,0.0,87.4551971326165,0,EXCELLENT
0.0970556161395856,0.6666666666666666,0.0,0.0769230769230769,0.5,0.8333333333333333,0.5,0.0,0.5,0.3333333333333333,0.8,1.0,0.0833333333333333,0.3333333333333333,0.0,0.6666666666666666,0.3333333333333333,0.2142959461395215,0.0,22.58064516129032,0,POOR
0.0981461286804798,0.3333333333333333,0.5,0.3846153846153846,0.1666666666666666,0.3888888888888889,1.0,0.6666666666666666,0.5,0.0,1.0,0.3333333333333333,0.25,0.0,1.0,0.3333333333333333,0.0,0.3943561094399083,0.0,77.77777777777779,0,GOOD
0.0986913849509269,0.6666666666666666,0.0,0.4615384615384615,0.6666666666666666,0.2777777777777777,0.5,1.0,0.0,0.3333333333333333,0.2,0.3333333333333333,0.0,0.0,0.6666666666666666,0.6666666666666666,0.0,0.2715943274602492,0.0,73.83512544802866,0,GOOD
0.099236641221374,0.6666666666666666,1.0,0.4615384615384615,0.6666666666666666,0.7777777777777777,1.0,0.3333333333333333,0.0,0.3333333333333333,0.4,0.0,0.0833333333333333,1.0,0.6666666666666666,0.6666666666666666,1.0,0.4973499498639163,0.0,45.87813620071687,0,AVERAGE
0.0997818974918211,0.3333333333333333,0.5,0.9230769230769232,0.1666666666666666,0.3888888888888889,0.0,0.6666666666666666,1.0,0.0,0.8,1.0,0.25,0.6666666666666666,0.3333333333333333,0.3333333333333333,0.6666666666666666,0.3012462397937258,0.0,69.17562724014341,0,GOOD
0.1003271537622682,0.6666666666666666,0.0,0.7692307692307693,0.6666666666666666,0.0,1.0,0.3333333333333333,0.5,0.3333333333333333,0.4,0.0,0.3333333333333333,0.0,0.3333333333333333,0.6666666666666666,0.0,0.9157713794585304,0.0,55.913978494623684,0,AVERAGE
0.1008724100327153,0.3333333333333333,0.5,0.0,0.3333333333333333,0.4999999999999999,1.0,0.0,0.5,0.0,0.6000000000000001,0.0,0.25,1.0,0.6666666666666666,0.3333333333333333,1.0,0.3115599484314568,0.0,51.61290322580645,0,AVERAGE
0.1014176663031624,0.6666666666666666,0.5,0.6923076923076923,0.3333333333333333,0.5555555555555556,0.5,1.0,0.0,0.3333333333333333,0.8,0.0,0.0,0.6666666666666666,0.0,0.6666666666666666,0.6666666666666666,0.2117175189800888,0.0,81.0035842293907,0,EXCELLENT
0.1019629225736096,0.3333333333333333,0.0,0.8461538461538463,0.3333333333333333,0.4444444444444445,0.0,0.0,0.5,0.0,0.0,0.3333333333333333,0.25,1.0,0.0,0.3333333333333333,1.0,0.3592608508809626,0.0,48.02867383512544,0,AVERAGE
0.1025081788440567,0.6666666666666666,0.5,0.3846153846153846,0.5,0.4444444444444445,0.0,0.3333333333333333,0.5,0.3333333333333333,0.6000000000000001,0.6666666666666666,0.0833333333333333,1.0,0.6666666666666666,0.6666666666666666,1.0,0.2311989686291362,0.0,44.80286738351263,0,AVERAGE
0.1030534351145038,0.3333333333333333,1.0,0.2307692307692307,0.3333333333333333,0.7777777777777777,1.0,0.6666666666666666,1.0,0.0,0.4,0.3333333333333333,0.0,1.0,0.0,0.3333333333333333,1.0,0.3559661939550207,0.0,69.53405017921142,0,GOOD
0.104143947655398,0.6666666666666666,1.0,0.5384615384615385,0.3333333333333333,0.6666666666666665,0.0,0.3333333333333333,0.5,0.3333333333333333,1.0,0.0,0.0833333333333333,0.3333333333333333,0.3333333333333333,0.6666666666666666,0.3333333333333333,0.1716086520555794,0.0,53.76344086021512,0,AVERAGE
0.1046892039258451,0.3333333333333333,0.0,0.2307692307692307,0.3333333333333333,0.5555555555555556,0.0,0.3333333333333333,1.0,0.0,0.0,0.3333333333333333,0.0833333333333333,0.6666666666666666,0.6666666666666666,0.3333333333333333,0.6666666666666666,0.0714797306976078,0.0,59.49820788530461,0,AVERAGE
0.1052344601962922,0.3333333333333333,0.0,0.1538461538461538,0.3333333333333333,0.8333333333333333,0.0,1.0,1.0,0.0,0.8,1.0,0.1666666666666666,0.0,0.3333333333333333,0.3333333333333333,0.0,0.3889127632144392,0.0,73.11827956989244,0,GOOD
0.1057797164667393,0.6666666666666666,0.5,0.6923076923076923,0.3333333333333333,0.4444444444444445,0.5,0.3333333333333333,0.5,0.3333333333333333,0.8,0.6666666666666666,0.3333333333333333,0.3333333333333333,1.0,0.6666666666666666,0.3333333333333333,0.4831686004870362,0.0,48.02867383512553,0,AVERAGE
0.1063249727371864,0.6666666666666666,0.5,0.7692307692307693,0.3333333333333333,0.0,0.5,1.0,0.0,0.3333333333333333,1.0,0.0,0.0,0.6666666666666666,0.3333333333333333,0.6666666666666666,0.6666666666666666,0.4886119467125053,0.0,88.17204301075272,0,EXCELLENT
0.1068702290076336,0.6666666666666666,0.0,0.7692307692307693,0.5,0.3888888888888889,1.0,0.6666666666666666,0.0,0.3333333333333333,0.6000000000000001,1.0,0.25,1.0,0.3333333333333333,0.6666666666666666,1.0,0.3086950293654204,0.0,54.12186379928322,0,AVERAGE
0.1074154852780807,1.0,1.0,0.0769230769230769,0.5,0.6111111111111112,1.0,1.0,0.5,1.0,0.6000000000000001,1.0,0.1666666666666666,0.0,0.6666666666666666,1.0,0.0,0.696461824953445,0.0,46.953405017921106,0,AVERAGE
0.1079607415485278,1.0,0.5,1.0,0.5,0.3888888888888889,0.0,1.0,1.0,1.0,0.2,0.3333333333333333,0.0,0.6666666666666666,0.6666666666666666,1.0,0.6666666666666666,0.5025068041827818,0.0,58.42293906810036,0,AVERAGE
0.1085059978189749,1.0,0.0,0.9230769230769232,0.6666666666666666,0.6111111111111112,1.0,0.6666666666666666,0.0,1.0,0.2,0.6666666666666666,0.25,0.0,0.0,1.0,0.0,0.724251539893998,0.0,35.12544802867382,0,POOR
0.1095965103598691,0.3333333333333333,0.5,0.4615384615384615,0.5,0.1111111111111111,0.0,0.0,0.5,0.0,0.0,0.6666666666666666,0.0833333333333333,0.3333333333333333,0.3333333333333333,0.3333333333333333,0.3333333333333333,0.2579859618965764,0.0,44.802867383512535,0,AVERAGE
0.1101417666303162,0.3333333333333333,0.5,0.2307692307692307,0.5,0.2222222222222222,0.5,0.0,1.0,0.0,1.0,1.0,0.1666666666666666,0.0,0.6666666666666666,0.3333333333333333,0.0,0.3361982523993697,0.0,39.068100358422946,0,POOR
0.1106870229007633,0.6666666666666666,1.0,0.9230769230769232,0.3333333333333333,0.3888888888888889,0.5,1.0,0.5,0.3333333333333333,0.4,0.3333333333333333,0.1666666666666666,0.3333333333333333,0.0,0.6666666666666666,0.3333333333333333,0.2544048130640309,0.0,78.85304659498212,0,GOOD
0.1112322791712104,0.3333333333333333,0.0,0.0769230769230769,0.5,0.6111111111111112,0.0,1.0,0.5,0.0,0.0,0.6666666666666666,0.0833333333333333,0.0,0.3333333333333333,0.3333333333333333,0.0,0.2396504798739435,0.0,77.06093189964157,0,GOOD
0.1117775354416575,0.6666666666666666,1.0,0.8461538461538463,0.6666666666666666,0.3333333333333333,0.5,0.6666666666666666,0.0,0.3333333333333333,0.4,0.0,0.0833333333333333,0.0,0.0,0.6666666666666666,0.0,0.3615527861337917,0.0,64.51612903225806,0,GOOD
0.1123227917121047,0.6666666666666666,0.0,0.3846153846153846,0.6666666666666666,0.2777777777777777,1.0,0.0,0.5,0.3333333333333333,0.2,0.0,0.1666666666666666,0.0,0.0,0.6666666666666666,0.0,0.466695315857327,0.0,39.42652329749106,0,POOR
0.1128680479825518,0.3333333333333333,1.0,1.0,0.5,0.7222222222222221,0.5,1.0,0.0,0.0,0.2,0.6666666666666666,0.3333333333333333,0.0,0.3333333333333333,0.3333333333333333,0.0,0.5191233347657929,0.0,75.6272401433692,0,GOOD
0.1134133042529989,0.3333333333333333,1.0,0.6923076923076923,0.1666666666666666,0.2222222222222222,0.0,0.0,0.0,0.0,0.4,0.0,0.3333333333333333,0.6666666666666666,0.3333333333333333,0.3333333333333333,0.6666666666666666,0.5290073055436184,0.0,58.42293906810036,0,AVERAGE
0.113958560523446,0.6666666666666666,0.0,0.9230769230769232,0.5,0.2222222222222222,0.0,0.6666666666666666,1.0,0.3333333333333333,0.8,0.3333333333333333,0.25,0.0,0.0,0.6666666666666666,0.0,0.3690015757054863,0.0,64.87455197132618,0,GOOD
0.1145038167938931,0.6666666666666666,0.5,1.0,0.6666666666666666,0.0,0.0,1.0,0.0,0.3333333333333333,0.2,0.0,0.1666666666666666,0.6666666666666666,0.6666666666666666,0.6666666666666666,0.6666666666666666,0.551496920212004,0.0,81.72043010752691,0,EXCELLENT
0.1155943293347873,0.6666666666666666,0.0,0.8461538461538463,0.3333333333333333,0.2777777777777777,0.5,0.6666666666666666,1.0,0.3333333333333333,0.0,0.3333333333333333,0.0,0.3333333333333333,0.3333333333333333,0.6666666666666666,0.3333333333333333,0.1261996848589027,0.0,67.38351254480285,0,GOOD
0.1161395856052344,0.0,1.0,0.9230769230769232,0.1666666666666666,0.0,1.0,1.0,1.0,0.6666666666666666,1.0,0.6666666666666666,0.1666666666666666,0.3333333333333333,0.0,0.0,0.3333333333333333,0.9893997994556653,0.0,74.19354838709677,0,GOOD
0.1166848418756815,1.0,0.0,0.1538461538461538,0.6666666666666666,0.0555555555555555,0.0,0.0,0.0,1.0,0.8,0.6666666666666666,0.0,0.6666666666666666,1.0,1.0,0.6666666666666666,0.7815499212147258,0.0,16.48745519713263,0,CRITICAL
0.1172300981461286,0.3333333333333333,0.5,0.5384615384615385,0.5,0.3333333333333333,0.0,0.3333333333333333,0.5,0.0,0.6000000000000001,1.0,0.0,1.0,0.0,0.3333333333333333,1.0,0.4032373585446211,0.0,50.537634408602116,0,AVERAGE
0.1177753544165758,0.6666666666666666,1.0,0.9230769230769232,0.5,0.7222222222222221,1.0,1.0,0.0,0.3333333333333333,0.0,0.3333333333333333,0.0833333333333333,0.6666666666666666,0.0,0.6666666666666666,0.6666666666666666,0.155278613379172,0.0,71.32616487455198,0,GOOD
0.1183206106870229,0.6666666666666666,0.5,0.2307692307692307,0.5,0.6111111111111112,0.0,0.3333333333333333,0.0,0.3333333333333333,0.2,1.0,0.3333333333333333,0.3333333333333333,0.3333333333333333,0.6666666666666666,0.3333333333333333,0.3634149835267153,0.0,38.35125448028673,0,POOR
0.11886586695747,0.3333333333333333,1.0,0.3846153846153846,0.1666666666666666,0.4999999999999999,1.0,0.6666666666666666,1.0,0.0,0.6000000000000001,0.0,0.0,0.0,1.0,0.3333333333333333,0.0,0.2233204411975361,0.0,80.64516129032258,0,EXCELLENT
0.1194111232279171,0.3333333333333333,0.5,0.3076923076923077,0.5,0.7777777777777777,0.0,1.0,0.5,0.0,0.2,1.0,0.25,1.0,1.0,0.3333333333333333,1.0,0.3927804039535883,0.0,70.60931899641577,0,GOOD
0.1205016357688113,0.3333333333333333,0.5,0.6923076923076923,0.3333333333333333,0.0555555555555555,1.0,0.3333333333333333,1.0,0.0,0.4,0.6666666666666666,0.0833333333333333,0.3333333333333333,0.6666666666666666,0.3333333333333333,0.3333333333333333,0.3213006732559805,0.0,61.64874551971328,0,GOOD
0.1210468920392584,0.6666666666666666,1.0,0.4615384615384615,0.5,0.0555555555555555,0.0,0.0,0.0,0.3333333333333333,0.8,0.3333333333333333,0.0833333333333333,0.3333333333333333,0.0,0.6666666666666666,0.3333333333333333,0.2946569259418422,0.0,41.21863799283152,0,AVERAGE
0.1215921483097055,0.3333333333333333,0.0,0.3846153846153846,0.3333333333333333,0.0555555555555555,1.0,0.3333333333333333,0.0,0.0,1.0,0.3333333333333333,0.0,0.0,1.0,0.3333333333333333,0.0,0.3730124623979372,0.0,65.94982078853042,0,GOOD
0.1221374045801526,0.3333333333333333,0.5,0.4615384615384615,0.5,0.0555555555555555,0.5,0.0,1.0,0.0,0.6000000000000001,0.3333333333333333,0.25,0.6666666666666666,0.0,0.3333333333333333,0.6666666666666666,0.4030941125913193,0.0,49.8207885304659,0,AVERAGE
0.1226826608505997,0.3333333333333333,0.0,0.2307692307692307,0.3333333333333333,1.0,0.5,0.0,0.5,0.0,0.4,0.3333333333333333,0.0,0.6666666666666666,0.6666666666666666,0.3333333333333333,0.6666666666666666,0.4585302965191233,0.0,40.86021505376341,0,AVERAGE
0.1232279171210469,0.0,0.0,0.7692307692307693,0.0,0.3888888888888889,0.0,0.3333333333333333,1.0,0.6666666666666666,0.0,0.3333333333333333,0.25,0.6666666666666666,0.0,0.0,0.6666666666666666,0.955593754476436,0.0,50.89605734767023,0,AVERAGE
0.123773173391494,0.3333333333333333,1.0,0.6153846153846154,0.1666666666666666,0.3888888888888889,0.5,0.3333333333333333,0.0,0.0,0.0,0.3333333333333333,0.0,1.0,0.6666666666666666,0.3333333333333333,1.0,0.3883397794012319,0.0,64.87455197132618,0,GOOD
0.1243184296619411,1.0,1.0,0.5384615384615385,0.6666666666666666,0.4999999999999999,0.0,0.0,0.0,1.0,0.8,0.0,0.0833333333333333,1.0,0.0,1.0,1.0,0.7580575848732274,0.0,19.35483870967742,0,CRITICAL
0.1248636859323882,0.3333333333333333,0.0,0.8461538461538463,0.5,0.2222222222222222,0.0,1.0,1.0,0.0,1.0,0.3333333333333333,0.25,0.6666666666666666,0.0,0.3333333333333333,0.6666666666666666,0.2380747743876235,0.0,86.37992831541217,0,EXCELLENT
0.1254089422028353,1.0,1.0,0.0,0.5,0.7222222222222221,1.0,0.3333333333333333,0.5,1.0,0.8,0.0,0.1666666666666666,0.0,0.6666666666666666,1.0,0.0,0.7218163586878671,0.0,32.61648745519714,0,POOR
0.1264994547437295,0.6666666666666666,0.0,0.9230769230769232,0.3333333333333333,1.0,1.0,1.0,0.5,0.3333333333333333,1.0,0.0,0.0,0.3333333333333333,0.0,0.6666666666666666,0.3333333333333333,0.5116745451940983,0.0,75.26881720430111,0,GOOD
0.1270447110141766,0.0,0.5,0.6153846153846154,0.0,0.2222222222222222,0.5,0.0,0.5,0.6666666666666666,0.0,0.3333333333333333,0.0,0.0,0.0,0.0,0.0,0.924079644750036,0.0,40.14336917562719,0,AVERAGE
0.1275899672846237,0.6666666666666666,1.0,0.1538461538461538,0.6666666666666666,0.0,0.5,0.0,0.5,0.3333333333333333,0.4,0.6666666666666666,0.1666666666666666,1.0,0.3333333333333333,0.6666666666666666,1.0,0.7954447786850022,0.0,34.408602150537696,0,POOR
0.1281352235550709,0.3333333333333333,1.0,0.4615384615384615,0.5,1.0,0.0,1.0,0.5,0.0,0.6000000000000001,0.0,0.0833333333333333,0.6666666666666666,0.3333333333333333,0.3333333333333333,0.6666666666666666,0.4625411832115743,0.0,80.64516129032258,0,EXCELLENT
0.128680479825518,0.3333333333333333,0.5,0.2307692307692307,0.5,0.2777777777777777,0.0,0.6666666666666666,1.0,0.0,0.0,0.6666666666666666,0.3333333333333333,0.0,0.6666666666666666,0.3333333333333333,0.0,0.5708351239077496,0.0,68.45878136200719,0,GOOD
0.1292257360959651,0.0,1.0,0.6153846153846154,0.1666666666666666,0.4999999999999999,1.0,0.3333333333333333,0.5,0.6666666666666666,0.6000000000000001,0.3333333333333333,0.3333333333333333,0.3333333333333333,0.6666666666666666,0.0,0.3333333333333333,0.8038962899298094,0.0,46.23655913978488,0,AVERAGE
0.1297709923664122,1.0,1.0,0.2307692307692307,0.6666666666666666,0.7777777777777777,0.5,1.0,0.5,1.0,0.2,1.0,0.3333333333333333,1.0,0.6666666666666666,1.0,1.0,0.9391204698467268,0.0,41.57706093189963,0,AVERAGE
0.1303162486368593,0.6666666666666666,0.0,0.4615384615384615,0.3333333333333333,0.2222222222222222,0.5,1.0,0.5,0.3333333333333333,0.2,1.0,0.3333333333333333,1.0,1.0,0.6666666666666666,1.0,0.6500501360836557,0.0,72.40143369175631,0,GOOD
0.1308615049073064,0.6666666666666666,0.5,0.1538461538461538,0.3333333333333333,0.5555555555555556,1.0,0.3333333333333333,1.0,0.3333333333333333,1.0,0.3333333333333333,0.0833333333333333,1.0,0.3333333333333333,0.6666666666666666,1.0,0.3079787995989113,0.0,50.89605734767023,0,AVERAGE
0.1314067611777535,0.3333333333333333,0.5,0.9230769230769232,0.5,0.7222222222222221,0.0,0.0,0.0,0.0,0.4,0.3333333333333333,0.3333333333333333,1.0,0.0,0.3333333333333333,1.0,0.5456238361266295,0.0,41.21863799283152,0,AVERAGE
0.1324972737186477,0.6666666666666666,1.0,0.7692307692307693,0.5,0.3888888888888889,0.0,1.0,1.0,0.3333333333333333,0.4,0.3333333333333333,0.3333333333333333,1.0,0.3333333333333333,0.6666666666666666,1.0,0.5002148689299527,0.0,75.6272401433692,0,GOOD
0.1330425299890948,0.6666666666666666,0.5,0.7692307692307693,0.6666666666666666,0.6666666666666665,1.0,0.0,0.5,0.3333333333333333,1.0,1.0,0.0833333333333333,0.3333333333333333,0.0,0.6666666666666666,0.3333333333333333,0.2367855608079072,0.0,21.505376344086084,0,POOR
0.1335877862595419,0.6666666666666666,1.0,0.6923076923076923,0.5,0.3333333333333333,0.5,0.0,0.0,0.3333333333333333,0.6000000000000001,0.3333333333333333,0.25,0.6666666666666666,0.3333333333333333,0.6666666666666666,0.6666666666666666,0.2018335482022633,0.0,37.63440860215051,0,POOR
0.1341330425299891,0.6666666666666666,0.5,0.3846153846153846,0.5,0.6111111111111112,0.5,0.0,1.0,0.3333333333333333,0.6000000000000001,0.0,0.0,0.3333333333333333,0.6666666666666666,0.6666666666666666,0.3333333333333333,0.0335195530726257,0.0,38.35125448028673,0,POOR
0.1346782988004362,1.0,1.0,0.6923076923076923,0.5,0.6111111111111112,1.0,0.6666666666666666,0.5,1.0,0.8,1.0,0.1666666666666666,0.0,1.0,1.0,0.0,0.696461824953445,0.0,34.0501792114695,0,POOR
0.1352235550708833,0.3333333333333333,0.5,0.9230769230769232,0.1666666666666666,0.3888888888888889,0.5,0.0,1.0,0.0,1.0,0.0,0.25,0.6666666666666666,0.0,0.3333333333333333,0.6666666666666666,0.3012462397937258,0.0,56.2724014336918,0,AVERAGE
0.1357688113413304,0.3333333333333333,0.5,0.5384615384615385,0.3333333333333333,0.8333333333333333,0.0,0.3333333333333333,1.0,0.0,0.8,0.3333333333333333,0.25,1.0,0.3333333333333333,0.3333333333333333,1.0,0.3919209282337774,0.0,55.91397849462359,0,AVERAGE
0.1363140676117775,0.6666666666666666,0.0,0.7692307692307693,0.3333333333333333,0.0,0.5,0.6666666666666666,0.5,0.3333333333333333,0.6000000000000001,0.3333333333333333,0.3333333333333333,0.6666666666666666,1.0,0.6666666666666666,0.6666666666666666,0.6769803753043976,0.0,70.96774193548387,0,GOOD
0.1368593238822246,0.3333333333333333,0.0,0.0,0.5,0.1666666666666666,0.5,0.6666666666666666,0.0,0.0,0.8,0.0,0.3333333333333333,0.3333333333333333,0.6666666666666666,0.3333333333333333,0.3333333333333333,0.4711359404096834,0.0,78.49462365591401,0,GOOD
0.1379498364231188,0.6666666666666666,0.0,0.2307692307692307,0.3333333333333333,0.3333333333333333,1.0,0.0,0.0,0.3333333333333333,0.6000000000000001,0.3333333333333333,0.3333333333333333,0.0,0.0,0.6666666666666666,0.0,0.5811488325454806,0.0,40.86021505376341,0,AVERAGE
0.1384950926935659,0.6666666666666666,0.5,0.0769230769230769,0.3333333333333333,0.7777777777777777,0.5,0.3333333333333333,1.0,0.3333333333333333,0.0,0.6666666666666666,0.1666666666666666,1.0,0.6666666666666666,0.6666666666666666,1.0,0.4013751611516974,0.0,43.727598566308295,0,AVERAGE
0.1390403489640131,1.0,1.0,0.3076923076923077,0.6666666666666666,0.6111111111111112,0.5,1.0,0.5,1.0,0.6000000000000001,0.3333333333333333,0.1666666666666666,1.0,0.0,1.0,1.0,0.7958745165449076,0.0,52.32974910394258,0,AVERAGE
0.1395856052344602,0.6666666666666666,1.0,1.0,0.6666666666666666,0.4999999999999999,1.0,0.3333333333333333,1.0,0.3333333333333333,0.4,1.0,0.0,0.3333333333333333,1.0,0.6666666666666666,0.3333333333333333,0.3054003724394786,0.0,36.55913978494627,0,POOR
0.1401308615049073,0.3333333333333333,1.0,0.7692307692307693,0.5,0.6111111111111112,0.5,0.6666666666666666,1.0,0.0,0.6000000000000001,0.0,0.25,0.0,1.0,0.3333333333333333,0.0,0.4003724394785847,0.0,72.75985663082433,0,GOOD
0.1406761177753544,0.6666666666666666,1.0,0.0,0.6666666666666666,0.1111111111111111,0.5,1.0,0.5,0.3333333333333333,0.4,0.3333333333333333,0.3333333333333333,0.6666666666666666,0.0,0.6666666666666666,0.6666666666666666,0.5847299813780261,0.0,75.98566308243724,0,GOOD
0.1412213740458015,0.3333333333333333,1.0,1.0,0.3333333333333333,0.0,1.0,0.0,0.0,0.0,0.0,0.0,0.0,0.0,0.3333333333333333,0.3333333333333333,0.0,0.4721386620827962,0.0,58.06451612903226,0,AVERAGE
0.1423118865866957,0.3333333333333333,0.0,0.5384615384615385,0.3333333333333333,0.0,0.0,0.6666666666666666,0.5,0.0,0.2,1.0,0.25,0.6666666666666666,0.0,0.3333333333333333,0.6666666666666666,0.5012175906030655,0.0,70.96774193548387,0,GOOD
0.1428571428571428,0.6666666666666666,1.0,1.0,0.3333333333333333,0.9444444444444444,0.0,1.0,1.0,0.3333333333333333,0.0,0.0,0.0,0.3333333333333333,0.0,0.6666666666666666,0.3333333333333333,0.3500931098696462,0.0,75.98566308243733,0,GOOD
0.1434023991275899,0.6666666666666666,0.5,0.0769230769230769,0.6666666666666666,0.3888888888888889,1.0,0.3333333333333333,0.5,0.3333333333333333,0.2,1.0,0.1666666666666666,0.6666666666666666,0.6666666666666666,0.6666666666666666,0.6666666666666666,0.225039392637158,0.0,37.992831541218706,0,POOR
0.143947655398037,0.6666666666666666,1.0,0.1538461538461538,0.5,0.2777777777777777,0.5,0.6666666666666666,1.0,0.3333333333333333,0.2,1.0,0.1666666666666666,0.0,0.3333333333333333,0.6666666666666666,0.0,0.3068328319724968,0.0,55.55555555555558,0,AVERAGE
0.1444929116684842,0.6666666666666666,0.0,0.7692307692307693,0.6666666666666666,0.4999999999999999,0.0,1.0,0.5,0.3333333333333333,0.6000000000000001,1.0,0.25,0.0,0.0,0.6666666666666666,0.0,0.4851740438332617,0.0,62.3655913978495,0,GOOD
0.1450381679389313,0.6666666666666666,0.5,0.1538461538461538,0.3333333333333333,0.9444444444444444,1.0,0.3333333333333333,0.5,0.3333333333333333,0.2,0.0,0.1666666666666666,1.0,0.0,0.6666666666666666,1.0,0.5519266580719094,0.0,50.1792114695341,0,AVERAGE
0.1455834242093784,0.3333333333333333,1.0,0.3076923076923077,0.3333333333333333,0.4444444444444445,1.0,0.3333333333333333,0.0,0.0,0.4,1.0,0.0,1.0,0.3333333333333333,0.3333333333333333,1.0,0.3336198252399369,0.0,52.32974910394267,0,AVERAGE
0.1461286804798255,0.3333333333333333,0.0,0.8461538461538463,0.3333333333333333,0.1666666666666666,1.0,1.0,0.0,0.0,0.2,1.0,0.25,1.0,0.3333333333333333,0.3333333333333333,1.0,0.4638303967912907,0.0,81.72043010752691,0,EXCELLENT
0.1466739367502726,0.3333333333333333,0.5,0.8461538461538463,0.1666666666666666,0.0,1.0,1.0,0.5,0.0,0.4,0.0,0.0,1.0,0.0,0.3333333333333333,1.0,0.7842715943274603,0.0,100.0,0,EXCELLENT
0.1477644492911668,0.6666666666666666,1.0,0.2307692307692307,0.5,0.7222222222222221,0.0,0.0,0.5,0.3333333333333333,0.2,0.6666666666666666,0.0,0.6666666666666666,0.3333333333333333,0.6666666666666666,0.6666666666666666,0.2145824380461252,0.0,28.31541218638,0,POOR
0.1483097055616139,0.3333333333333333,0.5,0.1538461538461538,0.3333333333333333,0.8888888888888888,1.0,0.6666666666666666,1.0,0.0,0.8,0.6666666666666666,0.25,0.6666666666666666,0.0,0.3333333333333333,0.6666666666666666,0.3422145824380461,0.0,63.79928315412193,0,GOOD
0.148854961832061,0.6666666666666666,0.5,0.8461538461538463,0.3333333333333333,0.7222222222222221,0.0,1.0,0.5,0.3333333333333333,0.0,1.0,0.0,0.0,0.3333333333333333,0.6666666666666666,0.0,0.2438046125196963,0.0,65.94982078853052,0,GOOD
0.1494002181025082,0.3333333333333333,0.0,0.9230769230769232,0.1666666666666666,0.9444444444444444,0.5,1.0,1.0,0.0,0.2,0.6666666666666666,0.0833333333333333,0.0,1.0,0.3333333333333333,0.0,0.4843145681134508,0.0,79.21146953405022,0,GOOD
0.1499454743729553,1.0,0.0,0.0769230769230769,0.5,0.0555555555555555,0.5,0.3333333333333333,0.0,1.0,0.6000000000000001,0.6666666666666666,0.3333333333333333,0.6666666666666666,0.6666666666666666,1.0,0.6666666666666666,0.9193525282910758,0.0,32.61648745519714,0,POOR
0.1504907306434024,1.0,0.0,0.0,0.8333333333333333,0.7222222222222221,1.0,0.6666666666666666,1.0,1.0,0.0,0.6666666666666666,0.1666666666666666,0.6666666666666666,1.0,1.0,0.6666666666666666,0.9441340782122905,0.0,30.465949820788573,0,POOR
0.1510359869138495,0.0,0.0,0.8461538461538463,0.1666666666666666,0.0,0.5,1.0,0.0,0.6666666666666666,1.0,0.3333333333333333,0.25,0.6666666666666666,1.0,0.0,0.6666666666666666,0.9979945566537746,0.0,78.49462365591393,0,GOOD
0.1515812431842966,0.3333333333333333,0.0,0.5384615384615385,0.3333333333333333,1.0,1.0,0.0,1.0,0.0,0.2,0.3333333333333333,0.25,0.6666666666666666,1.0,0.3333333333333333,0.6666666666666666,0.507950150408251,0.0,40.86021505376341,0,AVERAGE
0.1521264994547437,1.0,0.0,0.4615384615384615,0.8333333333333333,0.3888888888888889,0.5,0.0,1.0,1.0,0.2,1.0,0.1666666666666666,0.3333333333333333,1.0,1.0,0.3333333333333333,0.8917060593038246,0.0,4.6594982078853455,0,CRITICAL
0.1526717557251908,0.6666666666666666,1.0,0.5384615384615385,0.5,0.3888888888888889,1.0,0.6666666666666666,0.0,0.3333333333333333,0.2,0.6666666666666666,0.1666666666666666,1.0,1.0,0.6666666666666666,1.0,0.2750322303394929,0.0,58.42293906810047,0,AVERAGE
0.153762268266085,0.0,0.5,0.5384615384615385,0.1666666666666666,0.4999999999999999,1.0,0.3333333333333333,1.0,0.6666666666666666,0.4,0.6666666666666666,0.3333333333333333,0.0,0.0,0.0,0.0,0.8957169459962756,0.0,41.935483870967744,0,AVERAGE
0.1543075245365321,0.3333333333333333,1.0,0.2307692307692307,0.5,1.0,1.0,0.3333333333333333,1.0,0.0,0.8,0.0,0.25,0.0,0.6666666666666666,0.3333333333333333,0.0,0.724251539893998,0.0,54.83870967741935,0,AVERAGE
0.1548527808069792,0.6666666666666666,0.0,0.4615384615384615,0.5,0.6111111111111112,0.5,0.6666666666666666,0.0,0.3333333333333333,0.8,0.0,0.25,0.3333333333333333,0.6666666666666666,0.6666666666666666,0.3333333333333333,0.2127202406532015,0.0,64.15770609318996,0,GOOD
0.1553980370774264,0.6666666666666666,0.0,0.7692307692307693,0.3333333333333333,0.7777777777777777,0.5,1.0,1.0,0.3333333333333333,0.0,1.0,0.1666666666666666,1.0,0.0,0.6666666666666666,1.0,0.4013751611516974,0.0,65.23297491039428,0,GOOD
0.1559432933478735,0.6666666666666666,1.0,0.3846153846153846,0.5,0.2222222222222222,0.0,0.0,1.0,0.3333333333333333,1.0,0.6666666666666666,0.3333333333333333,0.0,1.0,0.6666666666666666,0.0,0.5479157713794586,0.0,34.76702508960581,0,POOR
0.1564885496183206,0.3333333333333333,0.5,0.6923076923076923,0.3333333333333333,0.8333333333333333,1.0,0.3333333333333333,0.5,0.0,0.6000000000000001,0.3333333333333333,0.25,1.0,0.0,0.3333333333333333,1.0,0.3919209282337774,0.0,55.91397849462359,0,AVERAGE
0.1570338058887677,0.6666666666666666,0.0,0.0769230769230769,0.5,0.4444444444444445,1.0,0.3333333333333333,0.0,0.3333333333333333,1.0,0.0,0.25,1.0,0.0,0.6666666666666666,1.0,0.2644320297951583,0.0,53.405017921147,0,AVERAGE
0.1575790621592148,0.3333333333333333,0.0,0.9230769230769232,0.5,0.6111111111111112,1.0,1.0,0.5,0.0,0.4,1.0,0.3333333333333333,1.0,0.0,0.3333333333333333,1.0,0.5132502506804183,0.0,72.75985663082433,0,GOOD
0.158669574700109,0.3333333333333333,1.0,0.1538461538461538,0.5,0.0555555555555555,1.0,0.6666666666666666,0.0,0.0,1.0,1.0,0.25,0.6666666666666666,0.6666666666666666,0.3333333333333333,0.6666666666666666,0.4030941125913193,0.0,67.02508960573475,0,GOOD
0.1592148309705561,0.3333333333333333,0.5,0.9230769230769232,0.1666666666666666,0.2777777777777777,0.5,0.3333333333333333,0.0,0.0,0.2,0.0,0.0833333333333333,0.0,0.3333333333333333,0.3333333333333333,0.0,0.2856324308838275,0.0,70.60931899641577,0,GOOD
0.1597600872410032,0.3333333333333333,0.0,0.4615384615384615,0.1666666666666666,0.1666666666666666,0.0,0.6666666666666666,0.0,0.0,0.4,0.3333333333333333,0.25,0.0,0.6666666666666666,0.3333333333333333,0.0,0.5454805901733276,0.0,80.64516129032258,0,EXCELLENT
0.1603053435114504,1.0,0.0,1.0,0.6666666666666666,0.7222222222222221,1.0,0.6666666666666666,0.5,1.0,0.0,0.0,0.25,1.0,0.6666666666666666,1.0,1.0,0.8518836842859189,0.0,42.29390681003585,0,AVERAGE
0.1608505997818975,0.3333333333333333,0.5,0.2307692307692307,0.1666666666666666,0.5555555555555556,0.5,0.3333333333333333,0.0,0.0,0.4,0.3333333333333333,0.0,0.6666666666666666,0.6666666666666666,0.3333333333333333,0.6666666666666666,0.2373585446211144,0.0,62.72401433691751,0,GOOD
0.1613958560523446,0.6666666666666666,0.0,0.3076923076923077,0.5,0.2777777777777777,0.0,0.3333333333333333,1.0,0.3333333333333333,0.0,0.0,0.3333333333333333,0.0,0.0,0.6666666666666666,0.0,0.5267153702907893,0.0,55.55555555555558,0,AVERAGE
0.1619411123227917,0.3333333333333333,0.0,0.9230769230769232,0.5,0.6111111111111112,0.5,0.3333333333333333,0.0,0.0,0.2,0.0,0.0,0.0,0.3333333333333333,0.3333333333333333,0.0,0.2064174187079215,0.0,59.856630824372715,0,AVERAGE
0.1624863685932388,0.3333333333333333,0.0,0.7692307692307693,0.3333333333333333,0.2222222222222222,1.0,1.0,0.0,0.0,1.0,0.0,0.3333333333333333,1.0,0.3333333333333333,0.3333333333333333,1.0,0.5940409683426443,0.0,93.9068100358423,0,EXCELLENT
0.1630316248636859,0.3333333333333333,0.0,0.6923076923076923,0.1666666666666666,0.2222222222222222,1.0,0.6666666666666666,0.0,0.0,1.0,1.0,0.3333333333333333,0.6666666666666666,0.0,0.3333333333333333,0.6666666666666666,0.5290073055436184,0.0,71.32616487455198,0,GOOD
0.163576881134133,0.3333333333333333,0.5,0.3846153846153846,0.3333333333333333,0.0,1.0,1.0,0.0,0.0,0.6000000000000001,0.6666666666666666,0.3333333333333333,0.6666666666666666,0.3333333333333333,0.3333333333333333,0.6666666666666666,0.6397364274459246,0.0,88.17204301075272,0,EXCELLENT
0.1652126499454743,0.6666666666666666,0.5,0.3846153846153846,0.6666666666666666,0.8333333333333333,0.5,0.3333333333333333,0.5,0.3333333333333333,0.0,0.3333333333333333,0.0833333333333333,0.0,0.0,0.6666666666666666,0.0,0.4086807047700903,0.0,40.86021505376341,0,AVERAGE
0.1657579062159214,0.6666666666666666,0.5,0.3846153846153846,0.6666666666666666,0.8888888888888888,1.0,0.3333333333333333,0.0,0.3333333333333333,0.2,0.3333333333333333,0.3333333333333333,0.0,0.3333333333333333,0.6666666666666666,0.0,0.6797020484171322,0.0,40.14336917562728,0,AVERAGE
0.1663031624863686,0.3333333333333333,0.0,0.6923076923076923,0.3333333333333333,0.3888888888888889,1.0,0.3333333333333333,1.0,0.0,0.8,0.6666666666666666,0.0,0.6666666666666666,0.0,0.3333333333333333,0.6666666666666666,0.1024208566108007,0.0,57.34767025089613,0,AVERAGE
0.1668484187568157,0.3333333333333333,0.0,0.5384615384615385,0.5,0.6111111111111112,0.0,1.0,1.0,0.0,0.6000000000000001,0.3333333333333333,0.0833333333333333,0.6666666666666666,0.6666666666666666,0.3333333333333333,0.6666666666666666,0.0999856754046698,0.0,81.3620071684587,0,EXCELLENT
0.1673936750272628,0.3333333333333333,1.0,0.1538461538461538,0.1666666666666666,0.4444444444444445,1.0,1.0,0.5,0.0,0.8,0.3333333333333333,0.3333333333333333,0.0,0.6666666666666666,0.3333333333333333,0.0,0.5590889557370005,0.0,89.96415770609319,0,EXCELLENT
0.1679389312977099,0.3333333333333333,0.0,0.6923076923076923,0.5,0.1111111111111111,1.0,0.0,0.0,0.0,0.4,1.0,0.25,0.3333333333333333,0.6666666666666666,0.3333333333333333,0.3333333333333333,0.3648474430597335,0.0,40.5017921146953,0,AVERAGE
0.168484187568157,0.0,0.0,0.6153846153846154,0.1666666666666666,0.2222222222222222,0.0,0.0,1.0,0.6666666666666666,0.2,1.0,0.25,0.3333333333333333,1.0,0.0,0.3333333333333333,0.8305400372439479,0.0,28.315412186379906,0,POOR
0.1690294438386041,0.6666666666666666,0.5,1.0,0.3333333333333333,0.2777777777777777,1.0,1.0,1.0,0.3333333333333333,1.0,0.3333333333333333,0.25,0.6666666666666666,1.0,0.6666666666666666,0.6666666666666666,0.2667239650479874,0.0,80.28673835125447,0,EXCELLENT
0.1701199563794983,1.0,1.0,0.7692307692307693,0.6666666666666666,0.3888888888888889,0.5,0.6666666666666666,1.0,1.0,0.2,0.3333333333333333,0.0,0.0,1.0,1.0,0.0,0.579286635152557,0.0,42.29390681003585,0,AVERAGE
0.1706652126499454,0.6666666666666666,1.0,0.6153846153846154,0.5,0.4999999999999999,1.0,0.3333333333333333,0.0,0.3333333333333333,0.2,0.3333333333333333,0.0833333333333333,1.0,0.0,0.6666666666666666,1.0,0.2280475576564962,0.0,48.38709677419355,0,AVERAGE
0.1712104689203926,0.6666666666666666,0.5,0.2307692307692307,0.6666666666666666,0.2222222222222222,0.0,1.0,1.0,0.3333333333333333,0.4,0.3333333333333333,0.1666666666666666,0.6666666666666666,0.3333333333333333,0.6666666666666666,0.6666666666666666,0.2675834407677983,0.0,74.55197132616489,0,GOOD
0.1717557251908397,0.6666666666666666,0.5,0.7692307692307693,0.6666666666666666,0.5555555555555556,0.5,0.6666666666666666,1.0,0.3333333333333333,0.8,0.3333333333333333,0.0,0.3333333333333333,0.3333333333333333,0.6666666666666666,0.3333333333333333,0.2609941269159146,0.0,57.34767025089603,0,AVERAGE
0.1723009814612868,0.3333333333333333,0.0,0.5384615384615385,0.1666666666666666,0.7222222222222221,0.5,0.3333333333333333,1.0,0.0,0.2,0.0,0.0833333333333333,0.3333333333333333,0.3333333333333333,0.3333333333333333,0.3333333333333333,0.189371150265005,0.0,64.87455197132618,0,GOOD
0.1728462377317339,0.3333333333333333,1.0,1.0,0.5,0.0555555555555555,0.0,0.3333333333333333,0.5,0.0,0.0,1.0,0.0833333333333333,0.6666666666666666,0.3333333333333333,0.3333333333333333,0.6666666666666666,0.3449362555507806,0.0,54.12186379928313,0,AVERAGE
0.173391494002181,0.6666666666666666,0.5,0.3076923076923077,0.6666666666666666,0.8333333333333333,1.0,1.0,0.5,0.3333333333333333,1.0,0.6666666666666666,0.1666666666666666,0.6666666666666666,0.6666666666666666,0.6666666666666666,0.6666666666666666,0.3380604497922934,0.0,62.3655913978495,0,GOOD
0.1739367502726281,0.3333333333333333,1.0,0.1538461538461538,0.5,0.3888888888888889,0.5,0.6666666666666666,0.0,0.0,1.0,0.3333333333333333,0.0833333333333333,1.0,0.0,0.3333333333333333,1.0,0.3710070190517118,0.0,71.32616487455198,0,GOOD
0.1744820065430752,0.6666666666666666,1.0,0.7692307692307693,0.3333333333333333,0.1111111111111111,0.5,0.0,0.0,0.3333333333333333,1.0,0.6666666666666666,0.25,0.3333333333333333,0.3333333333333333,0.6666666666666666,0.3333333333333333,0.4102564102564102,0.0,39.42652329749106,0,POOR
0.1755725190839694,0.6666666666666666,1.0,0.8461538461538463,0.6666666666666666,0.0555555555555555,1.0,1.0,0.0,0.3333333333333333,1.0,0.0,0.25,1.0,0.3333333333333333,0.6666666666666666,1.0,0.6680991261996849,0.0,81.0035842293907,0,EXCELLENT
0.1761177753544165,0.6666666666666666,1.0,0.7692307692307693,0.6666666666666666,0.1111111111111111,0.0,0.0,0.5,0.3333333333333333,0.0,1.0,0.0,0.6666666666666666,0.0,0.6666666666666666,0.6666666666666666,0.4363271737573413,0.0,28.673835125448015,0,POOR
0.1766630316248637,0.3333333333333333,1.0,0.6923076923076923,0.1666666666666666,0.3333333333333333,0.0,0.3333333333333333,1.0,0.0,1.0,0.6666666666666666,0.3333333333333333,0.3333333333333333,0.6666666666666666,0.3333333333333333,0.3333333333333333,0.5108150694742873,0.0,61.29032258064516,0,GOOD
0.1772082878953108,0.6666666666666666,0.0,1.0,0.6666666666666666,0.9444444444444444,1.0,0.6666666666666666,1.0,0.3333333333333333,0.0,0.0,0.1666666666666666,0.3333333333333333,0.3333333333333333,0.6666666666666666,0.3333333333333333,0.4351812061309268,0.0,56.6308243727599,0,AVERAGE
0.1777535441657579,0.6666666666666666,1.0,0.0,0.3333333333333333,0.2777777777777777,0.0,1.0,0.0,0.3333333333333333,0.4,0.6666666666666666,0.0,1.0,1.0,0.6666666666666666,1.0,0.396218306832832,0.0,75.98566308243733,0,GOOD
0.178298800436205,0.3333333333333333,1.0,0.1538461538461538,0.5,0.8888888888888888,0.0,0.6666666666666666,1.0,0.0,1.0,1.0,0.0833333333333333,0.6666666666666666,0.0,0.3333333333333333,0.6666666666666666,0.2707348517404383,0.0,56.2724014336918,0,AVERAGE
0.1788440567066521,0.6666666666666666,0.5,1.0,0.3333333333333333,0.0,1.0,0.6666666666666666,0.5,0.3333333333333333,0.6000000000000001,0.0,0.25,0.6666666666666666,0.3333333333333333,0.6666666666666666,0.6666666666666666,0.5272883541039965,0.0,75.26881720430111,0,GOOD
0.1793893129770992,0.3333333333333333,0.0,0.6153846153846154,0.1666666666666666,0.4444444444444445,1.0,1.0,0.0,0.0,0.4,0.0,0.0833333333333333,0.0,0.3333333333333333,0.3333333333333333,0.0,0.2859189227904312,0.0,94.26523297491042,0,EXCELLENT
0.1799345692475463,0.6666666666666666,0.5,0.9230769230769232,0.5,1.0,0.5,0.0,0.5,0.3333333333333333,0.4,0.0,0.0833333333333333,1.0,1.0,0.6666666666666666,1.0,0.5632430883827532,0.0,33.333333333333364,0,POOR
0.1804798255179934,0.3333333333333333,0.0,0.5384615384615385,0.3333333333333333,0.4444444444444445,0.0,0.3333333333333333,1.0,0.0,0.2,1.0,0.0833333333333333,0.0,0.6666666666666666,0.3333333333333333,0.0,0.1809196390201977,0.0,52.32974910394267,0,AVERAGE
0.1815703380588877,0.6666666666666666,1.0,0.3076923076923077,0.3333333333333333,0.7222222222222221,0.0,0.6666666666666666,1.0,0.3333333333333333,1.0,0.3333333333333333,0.25,0.0,0.0,0.6666666666666666,0.0,0.3622690159003008,0.0,61.64874551971328,0,GOOD
0.1821155943293348,1.0,1.0,0.8461538461538463,0.5,0.3888888888888889,0.5,0.6666666666666666,1.0,1.0,0.4,0.6666666666666666,0.0,1.0,0.0,1.0,1.0,0.6272740295086664,0.0,41.21863799283162,0,AVERAGE
0.1826608505997819,0.3333333333333333,1.0,0.6923076923076923,0.5,0.4999999999999999,0.0,1.0,1.0,0.0,0.6000000000000001,1.0,0.25,1.0,1.0,0.3333333333333333,1.0,0.3245953301819224,0.0,74.19354838709677,0,GOOD
0.183206106870229,0.3333333333333333,0.0,0.6923076923076923,0.1666666666666666,0.3333333333333333,1.0,0.3333333333333333,1.0,0.0,0.6000000000000001,0.6666666666666666,0.1666666666666666,0.3333333333333333,1.0,0.3333333333333333,0.3333333333333333,0.2786133791720384,0.0,61.29032258064516,0,GOOD
0.1837513631406761,0.6666666666666666,1.0,0.0769230769230769,0.3333333333333333,0.4999999999999999,0.0,0.6666666666666666,1.0,0.3333333333333333,0.2,0.3333333333333333,0.0,0.0,0.3333333333333333,0.6666666666666666,0.0,0.2074201403810342,0.0,64.51612903225806,0,GOOD
0.1842966194111232,1.0,0.0,0.0769230769230769,0.6666666666666666,0.4444444444444445,0.5,0.6666666666666666,0.0,1.0,0.8,0.6666666666666666,0.0833333333333333,0.6666666666666666,1.0,1.0,0.6666666666666666,0.6504798739435611,0.0,37.27598566308249,0,POOR
0.1848418756815703,0.3333333333333333,0.5,0.7692307692307693,0.5,0.5555555555555556,1.0,1.0,0.0,0.0,1.0,0.0,0.3333333333333333,0.0,0.0,0.3333333333333333,0.0,0.4954877524709927,0.0,86.37992831541217,0,EXCELLENT
0.1853871319520174,0.3333333333333333,1.0,0.5384615384615385,0.1666666666666666,0.6666666666666665,0.0,0.6666666666666666,1.0,0.0,0.6000000000000001,0.0,0.1666666666666666,0.3333333333333333,0.0,0.3333333333333333,0.3333333333333333,0.2501074344649763,0.0,78.49462365591401,0,GOOD
0.1859323882224645,0.3333333333333333,1.0,0.0769230769230769,0.3333333333333333,0.9444444444444444,0.5,0.0,0.0,0.0,0.2,0.3333333333333333,0.0833333333333333,0.6666666666666666,0.3333333333333333,0.3333333333333333,0.6666666666666666,0.320870935396075,0.0,41.57706093189963,0,AVERAGE
0.1864776444929116,0.3333333333333333,0.5,0.5384615384615385,0.5,0.8333333333333333,1.0,1.0,1.0,0.0,0.2,1.0,0.3333333333333333,0.0,0.6666666666666666,0.3333333333333333,0.0,0.6219739292364991,0.0,69.89247311827954,0,GOOD
0.1875681570338059,0.0,0.5,0.7692307692307693,0.1666666666666666,0.4444444444444445,0.5,0.6666666666666666,0.0,0.6666666666666666,0.8,0.6666666666666666,0.3333333333333333,0.6666666666666666,0.0,0.0,0.6666666666666666,0.8222317719524423,0.0,55.55555555555558,0,AVERAGE
0.188113413304253,0.3333333333333333,0.0,0.1538461538461538,0.5,0.1111111111111111,1.0,1.0,0.0,0.0,0.4,0.3333333333333333,0.0,0.0,0.0,0.3333333333333333,0.0,0.3278899871078642,0.0,87.81362007168451,0,EXCELLENT
0.1886586695747001,0.6666666666666666,0.0,0.4615384615384615,0.3333333333333333,0.0555555555555555,0.5,0.3333333333333333,1.0,0.3333333333333333,1.0,0.6666666666666666,0.3333333333333333,0.3333333333333333,0.0,0.6666666666666666,0.3333333333333333,0.7013321873657069,0.0,53.0465949820789,0,AVERAGE
0.1892039258451472,0.3333333333333333,0.0,0.4615384615384615,0.3333333333333333,0.8333333333333333,0.0,0.6666666666666666,0.0,0.0,0.8,0.3333333333333333,0.0833333333333333,1.0,1.0,0.3333333333333333,1.0,0.2882108580432603,0.0,68.81720430107521,0,GOOD
0.1897491821155943,0.3333333333333333,0.5,0.5384615384615385,0.5,0.2777777777777777,0.0,0.0,0.5,0.0,0.8,1.0,0.3333333333333333,0.6666666666666666,0.6666666666666666,0.3333333333333333,0.6666666666666666,0.3761638733705773,0.0,38.35125448028673,0,POOR
0.1902944383860414,0.6666666666666666,0.5,0.8461538461538463,0.6666666666666666,0.4444444444444445,1.0,0.6666666666666666,0.0,0.3333333333333333,0.4,0.3333333333333333,0.3333333333333333,1.0,1.0,0.6666666666666666,1.0,0.5834407677983097,0.0,58.78136200716848,0,AVERAGE
0.1908396946564885,1.0,0.0,0.1538461538461538,0.8333333333333333,0.4999999999999999,0.5,0.3333333333333333,1.0,1.0,0.2,0.3333333333333333,0.1666666666666666,0.6666666666666666,0.3333333333333333,1.0,0.6666666666666666,0.8680704770090245,0.0,24.731182795698896,0,POOR
0.1913849509269356,0.0,0.5,0.8461538461538463,0.0,0.4444444444444445,0.0,1.0,0.0,0.6666666666666666,0.8,0.6666666666666666,0.25,0.3333333333333333,1.0,0.0,0.3333333333333333,0.9829537315570837,0.0,71.6845878136201,0,GOOD
0.1919302071973827,0.6666666666666666,0.0,0.5384615384615385,0.5,0.3888888888888889,1.0,0.6666666666666666,0.0,0.3333333333333333,0.2,0.0,0.3333333333333333,0.3333333333333333,1.0,0.6666666666666666,0.3333333333333333,0.4059590316573557,0.0,67.02508960573483,0,GOOD
0.193020719738277,0.3333333333333333,1.0,0.7692307692307693,0.3333333333333333,0.3888888888888889,0.5,0.6666666666666666,0.0,0.0,0.6000000000000001,0.0,0.0,0.0,1.0,0.3333333333333333,0.0,0.1378026070763501,0.0,78.85304659498212,0,GOOD
0.1935659760087241,1.0,0.0,0.6923076923076923,0.5,0.1111111111111111,0.0,0.6666666666666666,1.0,1.0,0.4,0.6666666666666666,0.25,1.0,1.0,1.0,1.0,0.8579000143245954,0.0,44.802867383512535,0,AVERAGE
0.1941112322791712,0.6666666666666666,0.5,0.7692307692307693,0.6666666666666666,0.7777777777777777,1.0,0.3333333333333333,0.0,0.3333333333333333,0.8,0.6666666666666666,0.0833333333333333,0.3333333333333333,0.0,0.6666666666666666,0.3333333333333333,0.3018192236069331,0.0,37.27598566308249,0,POOR
0.1946564885496183,0.6666666666666666,0.0,0.1538461538461538,0.6666666666666666,0.4444444444444445,0.0,1.0,0.0,0.3333333333333333,0.0,0.6666666666666666,0.25,0.6666666666666666,0.6666666666666666,0.6666666666666666,0.6666666666666666,0.3114167024781549,0.0,67.38351254480295,0,GOOD
0.1952017448200654,0.3333333333333333,0.5,0.5384615384615385,0.5,0.2222222222222222,1.0,0.3333333333333333,1.0,0.0,0.8,0.6666666666666666,0.0833333333333333,0.6666666666666666,0.3333333333333333,0.3333333333333333,0.6666666666666666,0.1350809339636155,0.0,56.2724014336918,0,AVERAGE
0.1957470010905125,0.6666666666666666,0.0,0.6923076923076923,0.6666666666666666,0.2222222222222222,1.0,0.3333333333333333,0.5,0.3333333333333333,0.0,1.0,0.25,1.0,1.0,0.6666666666666666,1.0,0.5479157713794586,0.0,40.14336917562728,0,AVERAGE
0.1962922573609596,0.3333333333333333,0.0,0.6923076923076923,0.1666666666666666,0.8333333333333333,0.0,1.0,0.0,0.0,1.0,0.6666666666666666,0.25,0.6666666666666666,0.6666666666666666,0.3333333333333333,0.6666666666666666,0.4354676980375304,0.0,80.64516129032258,0,EXCELLENT
0.1968375136314067,0.6666666666666666,1.0,0.5384615384615385,0.6666666666666666,0.4444444444444445,1.0,0.0,0.5,0.3333333333333333,0.2,0.0,0.0833333333333333,0.3333333333333333,1.0,0.6666666666666666,0.3333333333333333,0.2458100558659217,0.0,37.27598566308249,0,POOR
0.1973827699018538,0.3333333333333333,1.0,0.8461538461538463,0.1666666666666666,1.0,1.0,0.0,1.0,0.0,0.8,0.0,0.25,0.3333333333333333,1.0,0.3333333333333333,0.3333333333333333,0.634722819080361,0.0,48.38709677419355,0,AVERAGE
0.1984732824427481,0.6666666666666666,0.5,0.3076923076923077,0.5,0.4444444444444445,1.0,0.6666666666666666,0.5,0.3333333333333333,0.6000000000000001,0.3333333333333333,0.0833333333333333,1.0,0.6666666666666666,0.6666666666666666,1.0,0.2311989686291362,0.0,62.00716845878138,0,GOOD
0.1990185387131952,0.6666666666666666,1.0,0.4615384615384615,0.3333333333333333,0.0,0.5,1.0,1.0,0.3333333333333333,1.0,0.3333333333333333,0.0,0.0,0.6666666666666666,0.6666666666666666,0.0,0.4828821085804326,0.0,83.87096774193549,0,EXCELLENT
0.1995637949836423,0.6666666666666666,0.5,0.1538461538461538,0.3333333333333333,0.7777777777777777,0.5,1.0,0.0,0.3333333333333333,0.4,0.3333333333333333,0.0833333333333333,0.3333333333333333,0.6666666666666666,0.6666666666666666,0.3333333333333333,0.2386477582008308,0.0,73.83512544802866,0,GOOD
0.2001090512540894,0.3333333333333333,1.0,1.0,0.3333333333333333,1.0,1.0,0.3333333333333333,1.0,0.0,0.6000000000000001,0.0,0.25,1.0,1.0,0.3333333333333333,1.0,0.6148116315714082,0.0,58.06451612903226,0,AVERAGE
0.2006543075245365,0.6666666666666666,0.0,0.6923076923076923,0.3333333333333333,1.0,0.0,0.6666666666666666,1.0,0.3333333333333333,1.0,0.3333333333333333,0.1666666666666666,1.0,0.6666666666666666,0.6666666666666666,1.0,0.6448932817647902,0.0,58.06451612903226,0,AVERAGE
0.2011995637949836,0.3333333333333333,0.0,0.6153846153846154,0.5,0.7222222222222221,0.0,0.0,1.0,0.0,0.4,0.0,0.3333333333333333,0.6666666666666666,0.0,0.3333333333333333,0.6666666666666666,0.3944993553932101,0.0,45.519713261648754,0,AVERAGE
0.2017448200654307,0.3333333333333333,0.5,0.8461538461538463,0.5,0.0,0.5,0.0,1.0,0.0,0.8,0.0,0.3333333333333333,0.0,1.0,0.3333333333333333,0.0,0.8596189657642171,0.0,54.83870967741935,0,AVERAGE
0.2022900763358778,0.3333333333333333,0.0,0.3076923076923077,0.1666666666666666,0.3333333333333333,0.5,0.0,0.5,0.0,1.0,0.0,0.25,0.6666666666666666,0.3333333333333333,0.3333333333333333,0.6666666666666666,0.3257412978083369,0.0,56.98924731182793,0,AVERAGE
0.2033805888767721,0.6666666666666666,0.0,0.7692307692307693,0.6666666666666666,0.2777777777777777,0.0,1.0,1.0,0.3333333333333333,0.8,0.6666666666666666,0.3333333333333333,0.0,0.6666666666666666,0.6666666666666666,0.0,0.6832831972496778,0.0,69.53405017921152,0,GOOD
0.2039258451472192,0.3333333333333333,0.0,0.2307692307692307,0.3333333333333333,0.3333333333333333,0.0,1.0,0.0,0.0,1.0,0.0,0.0833333333333333,0.6666666666666666,1.0,0.3333333333333333,0.6666666666666666,0.1173184357541899,0.0,92.47311827956986,0,EXCELLENT
0.2044711014176663,0.6666666666666666,0.0,0.1538461538461538,0.5,0.2222222222222222,0.0,0.0,0.0,0.3333333333333333,0.6000000000000001,0.6666666666666666,0.3333333333333333,0.3333333333333333,0.3333333333333333,0.6666666666666666,0.3333333333333333,0.4708494485030797,0.0,34.76702508960581,0,POOR
0.2050163576881134,0.6666666666666666,1.0,0.2307692307692307,0.3333333333333333,0.7222222222222221,0.0,0.0,1.0,0.3333333333333333,0.4,0.0,0.3333333333333333,0.6666666666666666,0.0,0.6666666666666666,0.6666666666666666,0.4623979372582725,0.0,40.14336917562728,0,AVERAGE
0.2055616139585605,0.6666666666666666,0.5,0.0,0.5,0.1666666666666666,0.0,0.6666666666666666,0.0,0.3333333333333333,0.4,0.0,0.25,0.6666666666666666,0.3333333333333333,0.6666666666666666,0.6666666666666666,0.2151554218593324,0.0,69.89247311827963,0,GOOD
0.2061068702290076,0.6666666666666666,0.5,0.5384615384615385,0.3333333333333333,0.0555555555555555,0.5,0.3333333333333333,0.0,0.3333333333333333,0.8,0.6666666666666666,0.3333333333333333,0.6666666666666666,0.3333333333333333,0.6666666666666666,0.6666666666666666,0.5735567970204841,0.0,53.0465949820789,0,AVERAGE
0.2066521264994547,0.3333333333333333,1.0,0.6923076923076923,0.3333333333333333,0.6666666666666665,0.0,0.6666666666666666,0.5,0.0,0.4,1.0,0.0,0.3333333333333333,0.6666666666666666,0.3333333333333333,0.3333333333333333,0.0456954591032803,0.0,62.3655913978495,0,GOOD
0.2071973827699018,1.0,0.5,0.3846153846153846,0.5,0.1666666666666666,0.5,0.3333333333333333,0.5,1.0,0.2,1.0,0.0833333333333333,1.0,1.0,1.0,1.0,0.7792579859618965,0.0,26.88172043010756,0,POOR
0.2077426390403489,0.6666666666666666,0.5,0.0769230769230769,0.6666666666666666,0.7777777777777777,1.0,0.0,1.0,0.3333333333333333,0.6000000000000001,0.0,0.0,0.3333333333333333,0.6666666666666666,0.6666666666666666,0.3333333333333333,0.4165592322016903,0.0,32.97491039426526,0,POOR
0.208287895310796,0.3333333333333333,1.0,0.3076923076923077,0.5,0.1666666666666666,1.0,0.3333333333333333,0.0,0.0,0.6000000000000001,1.0,0.3333333333333333,1.0,0.0,0.3333333333333333,1.0,0.6352958028935682,0.0,52.68817204301078,0,AVERAGE
0.2093784078516903,0.6666666666666666,1.0,0.5384615384615385,0.5,0.2777777777777777,0.0,0.0,0.5,0.3333333333333333,1.0,0.0,0.0,0.0,1.0,0.6666666666666666,0.0,0.0621687437329895,0.0,42.65232974910396,0,AVERAGE
0.2099236641221374,0.6666666666666666,0.5,0.8461538461538463,0.5,0.8333333333333333,0.0,0.0,0.0,0.3333333333333333,1.0,1.0,0.1666666666666666,0.0,0.6666666666666666,0.6666666666666666,0.0,0.3579716373012462,0.0,22.58064516129032,0,POOR
0.2104689203925845,0.3333333333333333,0.0,0.4615384615384615,0.1666666666666666,0.1666666666666666,0.5,1.0,0.5,0.0,1.0,0.3333333333333333,0.25,0.3333333333333333,0.3333333333333333,0.3333333333333333,0.3333333333333333,0.4023778828248102,0.0,93.54838709677419,0,EXCELLENT
0.2110141766630316,0.0,0.5,0.3076923076923077,0.1666666666666666,0.3333333333333333,1.0,0.0,0.5,0.6666666666666666,0.8,0.6666666666666666,0.25,1.0,0.6666666666666666,0.0,1.0,0.9583154275891708,0.0,31.182795698924696,0,POOR
0.2115594329334787,0.6666666666666666,0.0,0.0,0.3333333333333333,0.6111111111111112,0.0,0.3333333333333333,0.0,0.3333333333333333,0.0,0.3333333333333333,0.0,0.3333333333333333,1.0,0.6666666666666666,0.3333333333333333,0.0817934393353387,0.0,50.17921146953401,0,AVERAGE
0.2121046892039258,0.6666666666666666,0.0,0.4615384615384615,0.5,0.4444444444444445,1.0,1.0,1.0,0.3333333333333333,0.0,1.0,0.1666666666666666,0.3333333333333333,0.3333333333333333,0.6666666666666666,0.3333333333333333,0.1824953445065177,0.0,66.30824372759861,0,GOOD
0.2126499454743729,1.0,0.5,0.0,0.5,0.0,1.0,1.0,1.0,1.0,0.0,1.0,0.25,1.0,1.0,1.0,1.0,0.9630425440481308,0.0,54.83870967741935,0,AVERAGE
0.21319520174482,0.3333333333333333,0.5,0.9230769230769232,0.5,0.0,0.0,0.0,1.0,0.0,0.2,1.0,0.0833333333333333,0.3333333333333333,0.6666666666666666,0.3333333333333333,0.3333333333333333,0.3930668958601919,0.0,41.935483870967744,0,AVERAGE
0.2137404580152672,0.6666666666666666,0.0,0.4615384615384615,0.3333333333333333,0.8333333333333333,1.0,1.0,0.0,0.3333333333333333,0.4,0.6666666666666666,0.3333333333333333,0.6666666666666666,1.0,0.6666666666666666,0.6666666666666666,0.553072625698324,0.0,68.8172043010753,0,GOOD
0.2148309705561614,0.6666666666666666,0.0,0.0,0.3333333333333333,0.6666666666666665,0.0,0.6666666666666666,1.0,0.3333333333333333,0.2,0.3333333333333333,0.0833333333333333,0.0,0.6666666666666666,0.6666666666666666,0.0,0.2730267869932674,0.0,62.3655913978495,0,GOOD
0.2153762268266085,0.3333333333333333,1.0,0.6153846153846154,0.1666666666666666,1.0,1.0,0.3333333333333333,0.5,0.0,0.6000000000000001,1.0,0.1666666666666666,0.0,0.0,0.3333333333333333,0.0,0.6887265434751468,0.0,48.38709677419355,0,AVERAGE
0.2159214830970556,0.6666666666666666,1.0,0.3846153846153846,0.5,0.9444444444444444,0.0,1.0,1.0,0.3333333333333333,0.8,0.0,0.1666666666666666,1.0,1.0,0.6666666666666666,1.0,0.402521128778112,0.0,72.75985663082443,0,GOOD
0.2164667393675027,0.6666666666666666,1.0,1.0,0.6666666666666666,1.0,0.0,0.3333333333333333,0.0,0.3333333333333333,0.4,0.3333333333333333,0.3333333333333333,1.0,0.0,0.6666666666666666,1.0,0.8392780403953589,0.0,38.70967741935484,0,POOR
0.2170119956379498,0.6666666666666666,0.0,0.0,0.6666666666666666,0.0,0.0,1.0,1.0,0.3333333333333333,0.6000000000000001,0.6666666666666666,0.25,0.3333333333333333,0.6666666666666666,0.6666666666666666,0.3333333333333333,0.6666666666666666,0.0,73.11827956989254,0,GOOD
0.2175572519083969,0.3333333333333333,0.0,0.0769230769230769,0.1666666666666666,0.4999999999999999,1.0,1.0,1.0,0.0,1.0,0.6666666666666666,0.0833333333333333,0.3333333333333333,1.0,0.3333333333333333,0.3333333333333333,0.1605787136513393,0.0,84.94623655913982,0,EXCELLENT
0.218102508178844,0.3333333333333333,0.0,0.9230769230769232,0.3333333333333333,0.4999999999999999,0.5,0.6666666666666666,0.5,0.0,0.2,1.0,0.3333333333333333,0.6666666666666666,1.0,0.3333333333333333,0.6666666666666666,0.3121329322446641,0.0,64.51612903225806,0,GOOD
0.2186477644492911,0.3333333333333333,0.0,0.0,0.1666666666666666,0.7222222222222221,0.0,0.3333333333333333,0.5,0.0,0.2,1.0,0.0833333333333333,0.3333333333333333,1.0,0.3333333333333333,0.3333333333333333,0.189371150265005,0.0,51.97132616487457,0,AVERAGE
0.2202835332606325,0.6666666666666666,0.0,0.3846153846153846,0.3333333333333333,0.1666666666666666,1.0,0.3333333333333333,0.0,0.3333333333333333,1.0,0.3333333333333333,0.0833333333333333,0.6666666666666666,0.0,0.6666666666666666,0.6666666666666666,0.2161581435324452,0.0,55.913978494623684,0,AVERAGE
0.2208287895310796,1.0,0.0,1.0,0.8333333333333333,0.5555555555555556,0.5,1.0,0.0,1.0,0.6000000000000001,0.6666666666666666,0.0833333333333333,0.3333333333333333,1.0,1.0,0.3333333333333333,0.8838275318722246,0.0,45.519713261648754,0,AVERAGE
0.2213740458015267,0.6666666666666666,0.5,0.1538461538461538,0.5,0.1111111111111111,0.0,0.6666666666666666,1.0,0.3333333333333333,0.4,1.0,0.1666666666666666,0.6666666666666666,0.6666666666666666,0.6666666666666666,0.6666666666666666,0.2481019911187509,0.0,57.70609318996415,0,AVERAGE
0.2219193020719738,0.3333333333333333,1.0,0.3846153846153846,0.5,0.3888888888888889,0.0,0.6666666666666666,0.0,0.0,0.2,0.0,0.3333333333333333,0.6666666666666666,0.3333333333333333,0.3333333333333333,0.6666666666666666,0.3505228477295516,0.0,75.6272401433692,0,GOOD
0.2224645583424209,0.6666666666666666,0.5,0.6923076923076923,0.3333333333333333,0.5555555555555556,0.5,1.0,0.5,0.3333333333333333,0.0,0.0,0.0833333333333333,0.0,0.3333333333333333,0.6666666666666666,0.0,0.2228907033376307,0.0,81.0035842293907,0,EXCELLENT
0.223009814612868,0.3333333333333333,1.0,0.4615384615384615,0.5,0.5555555555555556,0.0,0.0,1.0,0.0,1.0,0.0,0.0,0.3333333333333333,1.0,0.3333333333333333,0.3333333333333333,0.0342357828391347,0.0,47.670250896057325,0,AVERAGE
0.2235550708833151,0.3333333333333333,1.0,0.3846153846153846,0.1666666666666666,0.3333333333333333,0.0,0.6666666666666666,0.5,0.0,0.8,1.0,0.0,0.0,0.0,0.3333333333333333,0.0,0.2216014897579143,0.0,69.89247311827954,0,GOOD
0.2241003271537622,0.6666666666666666,1.0,0.4615384615384615,0.3333333333333333,0.5555555555555556,1.0,0.6666666666666666,0.0,0.3333333333333333,0.4,0.0,0.0833333333333333,1.0,0.3333333333333333,0.6666666666666666,1.0,0.3079787995989113,0.0,68.10035842293908,0,GOOD
0.2246455834242094,0.6666666666666666,1.0,0.0,0.3333333333333333,0.1666666666666666,1.0,0.0,0.5,0.3333333333333333,0.6000000000000001,0.3333333333333333,0.0,0.6666666666666666,0.6666666666666666,0.6666666666666666,0.6666666666666666,0.2280475576564962,0.0,43.01075268817207,0,AVERAGE
0.2257360959651036,0.0,1.0,0.1538461538461538,0.1666666666666666,0.4444444444444445,0.0,0.0,1.0,0.6666666666666666,0.6000000000000001,0.6666666666666666,0.0,0.6666666666666666,0.0,0.0,0.6666666666666666,0.8014611087236786,0.0,29.74910394265235,0,POOR
0.2262813522355507,0.6666666666666666,0.0,0.7692307692307693,0.5,0.6111111111111112,1.0,0.3333333333333333,0.5,0.3333333333333333,0.0,1.0,0.0,1.0,0.3333333333333333,0.6666666666666666,1.0,0.286778398510242,0.0,38.35125448028673,0,POOR
0.2268266085059978,0.6666666666666666,0.0,0.0,0.6666666666666666,0.9444444444444444,0.0,0.3333333333333333,0.0,0.3333333333333333,0.2,1.0,0.0833333333333333,0.0,1.0,0.6666666666666666,0.0,0.5290073055436184,0.0,30.824372759856683,0,POOR
0.2273718647764449,0.3333333333333333,0.5,0.6923076923076923,0.5,0.8888888888888888,0.5,1.0,1.0,0.0,0.4,0.6666666666666666,0.1666666666666666,0.6666666666666666,1.0,0.3333333333333333,0.6666666666666666,0.2397937258272453,0.0,73.47670250896064,0,GOOD
0.227917121046892,0.3333333333333333,0.0,1.0,0.1666666666666666,0.3888888888888889,0.0,0.0,0.5,0.0,0.2,0.6666666666666666,0.0833333333333333,0.0,0.6666666666666666,0.3333333333333333,0.0,0.2694456381607219,0.0,47.67025089605742,0,AVERAGE
0.2284623773173391,0.6666666666666666,0.0,0.3846153846153846,0.5,0.6111111111111112,1.0,0.6666666666666666,0.5,0.3333333333333333,0.8,0.0,0.25,0.0,0.6666666666666666,0.6666666666666666,0.0,0.3182925082366423,0.0,64.15770609318996,0,GOOD
0.2290076335877862,0.6666666666666666,0.5,0.2307692307692307,0.3333333333333333,0.4444444444444445,0.5,0.0,1.0,0.3333333333333333,0.4,0.0,0.25,0.6666666666666666,0.6666666666666666,0.6666666666666666,0.6666666666666666,0.244807334192809,0.0,43.727598566308295,0,AVERAGE
0.2295528898582333,0.3333333333333333,0.0,0.5384615384615385,0.5,0.0,0.5,0.0,0.0,0.0,0.4,0.3333333333333333,0.0,0.0,0.3333333333333333,0.3333333333333333,0.0,0.4831686004870362,0.0,50.537634408602116,0,AVERAGE
0.2300981461286805,0.6666666666666666,1.0,0.0769230769230769,0.3333333333333333,0.1666666666666666,0.0,0.6666666666666666,0.0,0.3333333333333333,0.8,0.0,0.1666666666666666,0.3333333333333333,0.0,0.6666666666666666,0.3333333333333333,0.3376307119323879,0.0,73.11827956989254,0,GOOD
0.2306434023991276,0.3333333333333333,0.5,0.0769230769230769,0.5,0.4444444444444445,0.0,1.0,1.0,0.0,1.0,0.6666666666666666,0.0,0.6666666666666666,0.6666666666666666,0.3333333333333333,0.6666666666666666,0.2157284056725397,0.0,79.21146953405022,0,GOOD
0.2317339149400218,0.0,0.0,0.4615384615384615,0.1666666666666666,0.5555555555555556,0.5,0.3333333333333333,0.0,0.6666666666666666,0.4,1.0,0.1666666666666666,1.0,0.0,0.0,1.0,0.901876521988254,0.0,36.91756272401429,0,POOR
0.2322791712104689,0.6666666666666666,1.0,0.9230769230769232,0.5,0.2222222222222222,0.0,0.0,0.0,0.3333333333333333,1.0,0.3333333333333333,0.0,0.0,0.6666666666666666,0.6666666666666666,0.0,0.0658931385188368,0.0,39.068100358422946,0,POOR
0.232824427480916,0.3333333333333333,0.5,0.0,0.1666666666666666,0.3333333333333333,0.0,1.0,0.5,0.0,0.2,0.3333333333333333,0.0833333333333333,0.0,0.3333333333333333,0.3333333333333333,0.0,0.2975218450078785,0.0,91.39784946236553,0,EXCELLENT
0.2333696837513631,0.3333333333333333,0.0,0.0,0.5,0.8333333333333333,0.0,0.6666666666666666,0.5,0.0,0.0,0.0,0.0833333333333333,0.3333333333333333,0.0,0.3333333333333333,0.3333333333333333,0.1814926228334049,0.0,69.89247311827954,0,GOOD
0.2339149400218102,0.6666666666666666,0.5,0.7692307692307693,0.3333333333333333,0.1111111111111111,0.0,0.0,0.5,0.3333333333333333,1.0,0.6666666666666666,0.3333333333333333,0.3333333333333333,0.6666666666666666,0.6666666666666666,0.3333333333333333,0.6262713078355536,0.0,39.42652329749106,0,POOR
0.2344601962922573,0.3333333333333333,0.5,0.9230769230769232,0.1666666666666666,0.8333333333333333,0.0,1.0,1.0,0.0,0.6000000000000001,0.6666666666666666,0.0,0.0,0.3333333333333333,0.3333333333333333,0.0,0.3790287924366137,0.0,80.64516129032258,0,EXCELLENT
0.2350054525627044,0.6666666666666666,0.5,0.3846153846153846,0.5,0.2777777777777777,0.0,1.0,0.5,0.3333333333333333,0.0,0.0,0.25,1.0,0.6666666666666666,0.6666666666666666,1.0,0.3402091390918206,0.0,81.3620071684588,0,EXCELLENT
0.2355507088331516,0.6666666666666666,0.5,0.9230769230769232,0.3333333333333333,0.2777777777777777,0.5,1.0,0.5,0.3333333333333333,0.6000000000000001,1.0,0.0,0.0,1.0,0.6666666666666666,0.0,0.2054146970348087,0.0,71.6845878136201,0,GOOD
0.2360959651035987,0.3333333333333333,0.0,0.5384615384615385,0.3333333333333333,0.7222222222222221,0.0,0.3333333333333333,0.5,0.0,0.8,0.6666666666666666,0.0,0.3333333333333333,0.0,0.3333333333333333,0.3333333333333333,0.0898152127202406,0.0,53.0465949820789,0,AVERAGE
0.2366412213740458,0.6666666666666666,1.0,0.4615384615384615,0.6666666666666666,0.3333333333333333,0.0,1.0,0.5,0.3333333333333333,0.2,0.3333333333333333,0.0,0.6666666666666666,1.0,0.6666666666666666,0.6666666666666666,0.3056868643460822,0.0,73.11827956989244,0,GOOD
0.23773173391494,0.3333333333333333,1.0,0.5384615384615385,0.5,0.4444444444444445,1.0,0.6666666666666666,1.0,0.0,0.4,0.6666666666666666,0.1666666666666666,0.0,1.0,0.3333333333333333,0.0,0.3148546053573987,0.0,66.30824372759861,0,GOOD
0.2382769901853871,0.3333333333333333,0.0,0.6923076923076923,0.5,0.4999999999999999,0.5,0.6666666666666666,0.0,0.0,0.8,0.3333333333333333,0.25,0.0,0.3333333333333333,0.3333333333333333,0.0,0.3851883684285919,0.0,69.89247311827954,0,GOOD
0.2388222464558342,0.3333333333333333,0.5,0.6153846153846154,0.3333333333333333,0.5555555555555556,1.0,0.0,1.0,0.0,0.0,0.3333333333333333,0.0833333333333333,1.0,0.0,0.3333333333333333,1.0,0.2353531012748889,0.0,46.594982078853,0,AVERAGE
0.2393675027262813,0.3333333333333333,0.5,0.6923076923076923,0.5,0.4999999999999999,0.5,0.6666666666666666,0.0,0.0,0.8,0.0,0.1666666666666666,1.0,1.0,0.3333333333333333,1.0,0.2960893854748603,0.0,74.19354838709677,0,GOOD
0.2399127589967284,1.0,1.0,0.4615384615384615,0.6666666666666666,0.6666666666666665,0.5,1.0,0.5,1.0,0.8,0.3333333333333333,0.25,1.0,0.3333333333333333,1.0,1.0,0.8286778398510243,0.0,51.61290322580645,0,AVERAGE
0.2404580152671755,1.0,1.0,0.3846153846153846,0.5,0.2777777777777777,0.0,1.0,1.0,1.0,0.0,1.0,0.0,0.0,0.3333333333333333,1.0,0.0,0.4870362412261854,0.0,51.25448028673835,0,AVERAGE
0.2415485278080698,0.3333333333333333,1.0,0.9230769230769232,0.1666666666666666,0.4999999999999999,0.5,0.0,1.0,0.0,1.0,1.0,0.0833333333333333,1.0,1.0,0.3333333333333333,1.0,0.3697178054719954,0.0,41.935483870967744,0,AVERAGE
0.2420937840785169,0.3333333333333333,0.0,0.6153846153846154,0.5,0.4999999999999999,1.0,0.3333333333333333,1.0,0.0,0.2,0.0,0.0,1.0,1.0,0.3333333333333333,1.0,0.3665663944993554,0.0,61.29032258064516,0,GOOD
0.242639040348964,0.3333333333333333,0.5,0.1538461538461538,0.1666666666666666,0.1111111111111111,1.0,0.6666666666666666,0.0,0.0,0.2,0.6666666666666666,0.0,0.6666666666666666,0.6666666666666666,0.3333333333333333,0.6666666666666666,0.4098266723965048,0.0,77.06093189964157,0,GOOD
0.2431842966194111,1.0,0.5,0.3846153846153846,0.8333333333333333,0.8888888888888888,0.5,1.0,0.0,1.0,0.2,0.0,0.0,0.0,1.0,1.0,0.0,0.9813780260707636,0.0,49.82078853046599,0,AVERAGE
0.2437295528898582,0.6666666666666666,1.0,0.5384615384615385,0.3333333333333333,0.4444444444444445,1.0,0.3333333333333333,1.0,0.3333333333333333,0.6000000000000001,1.0,0.0833333333333333,0.6666666666666666,1.0,0.6666666666666666,0.6666666666666666,0.1869359690588741,0.0,43.727598566308295,0,AVERAGE
0.2442748091603053,0.3333333333333333,1.0,0.9230769230769232,0.5,0.1666666666666666,1.0,0.0,0.0,0.0,0.0,1.0,0.0,1.0,0.6666666666666666,0.3333333333333333,1.0,0.436613665663945,0.0,39.78494623655917,0,POOR
0.2448200654307524,0.6666666666666666,0.0,0.3846153846153846,0.6666666666666666,0.5555555555555556,0.0,0.0,0.0,0.3333333333333333,0.6000000000000001,1.0,0.25,1.0,0.0,0.6666666666666666,1.0,0.4658358401375161,0.0,22.939068100358433,0,POOR
0.2453653217011995,0.6666666666666666,0.0,1.0,0.6666666666666666,0.4999999999999999,0.5,0.6666666666666666,0.5,0.3333333333333333,0.4,0.0,0.1666666666666666,0.0,1.0,0.6666666666666666,0.0,0.4171322160148976,0.0,62.3655913978495,0,GOOD
0.2459105779716467,0.6666666666666666,0.5,0.6153846153846154,0.5,0.1111111111111111,0.5,0.6666666666666666,1.0,0.3333333333333333,0.0,0.6666666666666666,0.0,0.6666666666666666,0.6666666666666666,0.6666666666666666,0.6666666666666666,0.2316287064890417,0.0,62.00716845878138,0,GOOD
0.2464558342420938,0.6666666666666666,1.0,0.3076923076923077,0.3333333333333333,0.4999999999999999,0.5,0.3333333333333333,0.0,0.3333333333333333,0.0,0.3333333333333333,0.3333333333333333,1.0,0.6666666666666666,0.6666666666666666,1.0,0.5691161724681277,0.0,51.61290322580645,0,AVERAGE
0.2470010905125409,0.3333333333333333,0.5,0.3076923076923077,0.1666666666666666,0.0,1.0,0.0,0.5,0.0,0.8,0.6666666666666666,0.0,0.3333333333333333,0.0,0.3333333333333333,0.3333333333333333,0.4450651769087523,0.0,52.68817204301078,0,AVERAGE
0.247546346782988,0.3333333333333333,0.5,0.5384615384615385,0.1666666666666666,0.4999999999999999,0.5,1.0,0.0,0.0,0.6000000000000001,1.0,0.25,0.0,0.6666666666666666,0.3333333333333333,0.0,0.4250107434464976,0.0,80.64516129032258,0,EXCELLENT
0.2480916030534351,0.6666666666666666,0.0,0.7692307692307693,0.3333333333333333,0.6111111111111112,0.0,0.6666666666666666,1.0,0.3333333333333333,0.8,0.6666666666666666,0.1666666666666666,0.6666666666666666,0.6666666666666666,0.6666666666666666,0.6666666666666666,0.2300530010027216,0.0,58.78136200716848,0,AVERAGE
0.2486368593238822,0.6666666666666666,0.5,0.4615384615384615,0.3333333333333333,0.7777777777777777,0.5,0.3333333333333333,1.0,0.3333333333333333,0.6000000000000001,1.0,0.25,0.3333333333333333,0.0,0.6666666666666666,0.3333333333333333,0.3101274888984386,0.0,39.42652329749106,0,POOR
0.2491821155943293,0.0,1.0,0.0769230769230769,0.1666666666666666,0.8333333333333333,1.0,0.6666666666666666,1.0,0.6666666666666666,0.8,0.0,0.0833333333333333,0.3333333333333333,0.3333333333333333,0.0,0.3333333333333333,0.6397364274459246,0.0,59.139784946236496,0,AVERAGE
0.2497273718647764,0.6666666666666666,1.0,0.6923076923076923,0.5,0.6666666666666665,1.0,0.3333333333333333,1.0,0.3333333333333333,0.4,0.0,0.0833333333333333,0.3333333333333333,1.0,0.6666666666666666,0.3333333333333333,0.1035668242372153,0.0,50.537634408602216,0,AVERAGE
0.2502726281352235,1.0,0.5,0.3846153846153846,0.5,0.1666666666666666,1.0,0.3333333333333333,0.5,1.0,0.4,0.3333333333333333,0.3333333333333333,0.3333333333333333,0.3333333333333333,1.0,0.3333333333333333,0.9134794442057012,0.0,35.483870967741936,0,POOR
0.2508178844056706,0.3333333333333333,0.0,0.5384615384615385,0.5,0.7222222222222221,0.0,1.0,0.0,0.0,0.8,0.0,0.25,0.3333333333333333,0.6666666666666666,0.3333333333333333,0.3333333333333333,0.2396504798739435,0.0,84.2293906810036,0,EXCELLENT
0.2519083969465649,0.3333333333333333,0.5,0.0769230769230769,0.1666666666666666,0.2222222222222222,0.0,0.6666666666666666,0.0,0.0,0.0,1.0,0.1666666666666666,0.0,1.0,0.3333333333333333,0.0,0.3661366566394499,0.0,71.32616487455198,0,GOOD
0.252453653217012,0.3333333333333333,0.5,0.7692307692307693,0.5,0.0,1.0,0.0,0.0,0.0,0.2,0.0,0.0833333333333333,0.0,1.0,0.3333333333333333,0.0,0.5368858329752184,0.0,54.83870967741935,0,AVERAGE
0.2529989094874591,0.3333333333333333,1.0,1.0,0.5,0.2222222222222222,1.0,0.6666666666666666,0.5,0.0,0.4,0.3333333333333333,0.0,0.3333333333333333,0.3333333333333333,0.3333333333333333,0.3333333333333333,0.0837988826815642,0.0,73.47670250896056,0,GOOD
0.2535441657579062,0.6666666666666666,0.5,0.2307692307692307,0.5,0.4999999999999999,0.0,0.3333333333333333,1.0,0.3333333333333333,0.0,0.6666666666666666,0.25,0.6666666666666666,0.3333333333333333,0.6666666666666666,0.6666666666666666,0.1824953445065177,0.0,44.08602150537641,0,AVERAGE
0.2540894220283533,0.3333333333333333,0.0,0.0,0.5,1.0,0.0,1.0,0.5,0.0,1.0,0.0,0.3333333333333333,0.3333333333333333,0.6666666666666666,0.3333333333333333,0.3333333333333333,0.6477582008308265,0.0,80.64516129032258,0,EXCELLENT
0.2546346782988004,0.6666666666666666,1.0,0.0769230769230769,0.6666666666666666,0.5555555555555556,1.0,0.6666666666666666,0.0,0.3333333333333333,1.0,0.3333333333333333,0.3333333333333333,0.6666666666666666,0.3333333333333333,0.6666666666666666,0.6666666666666666,0.477009024495058,0.0,57.34767025089603,0,AVERAGE
0.2551799345692475,0.6666666666666666,0.0,0.6153846153846154,0.5,0.0,0.0,0.0,1.0,0.3333333333333333,1.0,0.6666666666666666,0.3333333333333333,0.0,1.0,0.6666666666666666,0.0,0.7824093969345366,0.0,37.6344086021506,0,POOR
0.2557251908396947,0.6666666666666666,0.5,0.7692307692307693,0.6666666666666666,1.0,0.5,0.3333333333333333,0.0,0.3333333333333333,0.4,1.0,0.1666666666666666,0.0,0.6666666666666666,0.6666666666666666,0.0,0.7286921644463543,0.0,30.10752688172046,0,POOR
0.2562704471101418,0.3333333333333333,0.0,0.6153846153846154,0.3333333333333333,0.8888888888888888,0.0,0.0,1.0,0.0,0.4,0.3333333333333333,0.0,0.3333333333333333,1.0,0.3333333333333333,0.3333333333333333,0.1920928233777395,0.0,42.29390681003585,0,AVERAGE
0.257360959651036,0.3333333333333333,0.5,0.6153846153846154,0.1666666666666666,0.2222222222222222,1.0,1.0,1.0,0.0,0.6000000000000001,1.0,0.25,0.3333333333333333,1.0,0.3333333333333333,0.3333333333333333,0.3717232488182209,0.0,84.2293906810036,0,EXCELLENT
0.2579062159214831,0.6666666666666666,0.0,0.6923076923076923,0.6666666666666666,0.1111111111111111,0.0,0.0,0.5,0.3333333333333333,0.6000000000000001,0.6666666666666666,0.25,0.6666666666666666,0.6666666666666666,0.6666666666666666,0.6666666666666666,0.3765936112304827,0.0,32.97491039426526,0,POOR
0.2584514721919302,0.3333333333333333,0.0,0.3076923076923077,0.1666666666666666,1.0,0.5,0.6666666666666666,1.0,0.0,0.0,0.0,0.3333333333333333,0.0,0.0,0.3333333333333333,0.0,0.9210714797306976,0.0,74.19354838709677,0,GOOD
0.2589967284623773,0.6666666666666666,1.0,0.5384615384615385,0.3333333333333333,0.8888888888888888,1.0,0.6666666666666666,0.0,0.3333333333333333,0.2,0.6666666666666666,0.1666666666666666,0.3333333333333333,0.6666666666666666,0.6666666666666666,0.3333333333333333,0.3016759776536312,0.0,55.19713261648755,0,AVERAGE
0.2595419847328244,0.3333333333333333,0.0,0.0,0.5,0.3333333333333333,0.5,1.0,0.0,0.0,1.0,0.6666666666666666,0.25,1.0,0.0,0.3333333333333333,1.0,0.3902019767941555,0.0,80.64516129032258,0,EXCELLENT
0.2600872410032716,0.3333333333333333,0.5,0.4615384615384615,0.1666666666666666,0.5555555555555556,0.5,0.6666666666666666,0.0,0.0,0.4,0.3333333333333333,0.1666666666666666,0.0,0.6666666666666666,0.3333333333333333,0.0,0.3584013751611516,0.0,75.62724014336912,0,GOOD
0.2606324972737187,0.3333333333333333,1.0,0.1538461538461538,0.5,0.1111111111111111,0.5,0.3333333333333333,0.0,0.0,0.4,0.3333333333333333,0.3333333333333333,0.3333333333333333,1.0,0.3333333333333333,0.3333333333333333,0.5162584156997565,0.0,62.007168458781294,0,GOOD
0.2611777535441658,1.0,0.0,0.1538461538461538,0.5,0.8888888888888888,0.5,0.0,1.0,1.0,0.4,1.0,0.25,0.6666666666666666,0.0,1.0,0.6666666666666666,0.7901446784128348,0.0,4.6594982078853455,0,CRITICAL
0.2617230098146129,1.0,1.0,0.7692307692307693,0.5,0.6111111111111112,0.0,0.0,0.0,1.0,0.2,0.0,0.25,0.3333333333333333,0.6666666666666666,1.0,0.3333333333333333,0.6549204984959175,0.0,21.14695340501788,0,POOR
0.26226826608506,0.6666666666666666,0.0,0.6153846153846154,0.6666666666666666,0.2222222222222222,1.0,0.6666666666666666,1.0,0.3333333333333333,0.6000000000000001,0.0,0.3333333333333333,1.0,0.6666666666666666,0.6666666666666666,1.0,0.6857183784558086,0.0,65.94982078853052,0,GOOD
0.2633587786259542,0.3333333333333333,0.0,1.0,0.1666666666666666,0.3333333333333333,0.0,0.6666666666666666,1.0,0.0,0.4,0.6666666666666666,0.3333333333333333,0.6666666666666666,1.0,0.3333333333333333,0.6666666666666666,0.4913336198252399,0.0,74.19354838709677,0,GOOD
0.2639040348964013,0.3333333333333333,0.0,0.7692307692307693,0.3333333333333333,1.0,0.0,0.0,0.5,0.0,0.8,0.0,0.3333333333333333,1.0,0.6666666666666666,0.3333333333333333,1.0,0.7928663515255694,0.0,45.16129032258064,0,AVERAGE
0.2644492911668484,0.6666666666666666,1.0,0.9230769230769232,0.5,0.6111111111111112,1.0,0.6666666666666666,0.5,0.3333333333333333,0.8,1.0,0.25,0.0,0.0,0.6666666666666666,0.0,0.3182925082366423,0.0,51.25448028673835,0,AVERAGE
0.2649945474372955,0.3333333333333333,0.5,0.2307692307692307,0.5,0.9444444444444444,0.0,0.0,1.0,0.0,1.0,0.3333333333333333,0.25,0.6666666666666666,0.6666666666666666,0.3333333333333333,0.6666666666666666,0.4182781836413121,0.0,38.35125448028673,0,POOR
0.2655398037077426,1.0,0.0,0.6923076923076923,0.6666666666666666,0.7777777777777777,0.0,0.6666666666666666,0.5,1.0,0.2,1.0,0.0,0.6666666666666666,0.0,1.0,0.6666666666666666,0.7761065749892565,0.0,28.673835125448015,0,POOR
0.2660850599781897,1.0,0.5,0.7692307692307693,0.5,0.7777777777777777,1.0,0.3333333333333333,0.0,1.0,0.4,0.0,0.0,1.0,1.0,1.0,1.0,0.869216444635439,0.0,31.899641577060923,0,POOR
0.2666303162486368,0.3333333333333333,0.5,0.3846153846153846,0.5,0.6111111111111112,0.0,0.6666666666666666,0.5,0.0,0.8,0.6666666666666666,0.25,1.0,1.0,0.3333333333333333,1.0,0.338346941698897,0.0,64.15770609318996,0,GOOD
0.2671755725190839,0.6666666666666666,1.0,0.6923076923076923,0.3333333333333333,0.6666666666666665,0.0,0.0,1.0,0.3333333333333333,0.8,1.0,0.0833333333333333,1.0,1.0,0.6666666666666666,1.0,0.3728692164446354,0.0,27.956989247311885,0,POOR
0.2682660850599782,0.3333333333333333,0.0,0.8461538461538463,0.5,0.2777777777777777,1.0,0.0,1.0,0.0,0.8,0.3333333333333333,0.0833333333333333,1.0,0.0,0.3333333333333333,1.0,0.3785990545767082,0.0,46.953405017921106,0,AVERAGE
0.2688113413304253,0.6666666666666666,0.5,0.3846153846153846,0.6666666666666666,0.5555555555555556,0.5,0.6666666666666666,1.0,0.3333333333333333,0.8,0.3333333333333333,0.1666666666666666,0.0,0.6666666666666666,0.6666666666666666,0.0,0.4241512677266867,0.0,57.34767025089603,0,AVERAGE
0.2693565976008724,0.3333333333333333,1.0,0.8461538461538463,0.1666666666666666,0.8888888888888888,1.0,1.0,1.0,0.0,0.6000000000000001,0.0,0.1666666666666666,1.0,0.0,0.3333333333333333,1.0,0.4813064030941126,0.0,88.53046594982082,0,EXCELLENT
0.2699018538713195,0.3333333333333333,1.0,0.0769230769230769,0.1666666666666666,0.1666666666666666,1.0,0.0,0.5,0.0,0.0,1.0,0.0,1.0,0.0,0.3333333333333333,1.0,0.4913336198252399,0.0,46.23655913978498,0,AVERAGE
0.2704471101417666,0.6666666666666666,0.0,0.1538461538461538,0.6666666666666666,0.5555555555555556,1.0,0.0,0.5,0.3333333333333333,1.0,1.0,0.25,0.0,1.0,0.6666666666666666,0.0,0.4742873513823234,0.0,22.939068100358433,0,POOR
0.2709923664122137,1.0,0.5,0.9230769230769232,0.5,0.2777777777777777,0.0,0.6666666666666666,0.5,1.0,0.4,0.6666666666666666,0.1666666666666666,0.0,1.0,1.0,0.0,0.7152270448359834,0.0,42.65232974910396,0,AVERAGE
0.2715376226826608,0.3333333333333333,0.0,0.6923076923076923,0.5,0.9444444444444444,0.5,0.0,0.5,0.0,0.8,0.6666666666666666,0.25,1.0,0.3333333333333333,0.3333333333333333,1.0,0.5281478298238075,0.0,34.05017921146958,0,POOR
0.2720828789531079,0.6666666666666666,0.5,0.0,0.5,0.3888888888888889,0.0,0.0,0.5,0.3333333333333333,0.4,0.3333333333333333,0.3333333333333333,1.0,0.6666666666666666,0.6666666666666666,1.0,0.5002148689299527,0.0,36.91756272401438,0,POOR
0.272628135223555,0.6666666666666666,1.0,0.7692307692307693,0.6666666666666666,0.2222222222222222,0.0,0.6666666666666666,0.0,0.3333333333333333,0.6000000000000001,1.0,0.0833333333333333,0.0,0.0,0.6666666666666666,0.0,0.3591176049276608,0.0,53.0465949820789,0,AVERAGE
0.2731733914940022,1.0,0.0,0.6923076923076923,0.6666666666666666,0.2222222222222222,0.0,0.0,1.0,1.0,0.4,0.3333333333333333,0.3333333333333333,1.0,0.3333333333333333,1.0,1.0,0.9752184500787852,0.0,18.637992831541197,0,CRITICAL
0.2748091603053435,0.6666666666666666,0.0,0.2307692307692307,0.6666666666666666,0.9444444444444444,1.0,0.6666666666666666,0.5,0.3333333333333333,0.0,0.0,0.0833333333333333,1.0,0.3333333333333333,0.6666666666666666,1.0,0.5808623406388769,0.0,56.6308243727599,0,AVERAGE
0.2753544165757906,0.6666666666666666,0.5,0.0769230769230769,0.5,0.3333333333333333,0.5,0.6666666666666666,0.5,0.3333333333333333,0.4,1.0,0.3333333333333333,0.0,0.0,0.6666666666666666,0.0,0.5066609368285345,0.0,54.83870967741935,0,AVERAGE
0.2758996728462377,0.3333333333333333,0.5,0.6153846153846154,0.5,0.1666666666666666,0.5,0.0,1.0,0.0,0.2,0.6666666666666666,0.0833333333333333,1.0,1.0,0.3333333333333333,1.0,0.3966480446927374,0.0,44.08602150537641,0,AVERAGE
0.2764449291166848,0.6666666666666666,0.5,1.0,0.5,0.6111111111111112,0.0,0.6666666666666666,1.0,0.3333333333333333,1.0,0.3333333333333333,0.0833333333333333,0.6666666666666666,0.3333333333333333,0.6666666666666666,0.6666666666666666,0.0779257985961896,0.0,59.856630824372715,0,AVERAGE
0.2769901853871319,1.0,0.5,0.1538461538461538,0.5,0.8888888888888888,1.0,0.3333333333333333,1.0,1.0,0.0,0.6666666666666666,0.0,1.0,1.0,1.0,1.0,0.8662082796161008,0.0,21.863799283154194,0,POOR
0.2775354416575791,0.6666666666666666,0.5,0.6923076923076923,0.5,1.0,0.0,0.6666666666666666,1.0,0.3333333333333333,1.0,1.0,0.1666666666666666,1.0,0.3333333333333333,0.6666666666666666,1.0,0.5175476292794728,0.0,46.23655913978498,0,AVERAGE
0.2780806979280262,0.6666666666666666,1.0,0.6923076923076923,0.3333333333333333,0.0555555555555555,0.0,1.0,1.0,0.3333333333333333,1.0,1.0,0.0,1.0,0.6666666666666666,0.6666666666666666,1.0,0.6474717089242229,0.0,74.55197132616489,0,GOOD
0.2786259541984733,1.0,1.0,0.4615384615384615,0.6666666666666666,0.2777777777777777,0.5,1.0,1.0,1.0,1.0,0.0,0.0,0.0,0.6666666666666666,1.0,0.0,0.5656782695888841,0.0,60.93189964157705,0,GOOD
0.2791712104689204,0.0,0.5,0.9230769230769232,0.1666666666666666,0.3333333333333333,1.0,0.3333333333333333,1.0,0.6666666666666666,0.0,0.6666666666666666,0.3333333333333333,0.6666666666666666,0.3333333333333333,0.0,0.6666666666666666,0.8299670534307405,0.0,44.086021505376316,0,AVERAGE
0.2802617230098146,1.0,0.5,0.7692307692307693,0.6666666666666666,0.7777777777777777,0.0,0.6666666666666666,0.0,1.0,0.0,1.0,0.0,0.6666666666666666,0.3333333333333333,1.0,0.6666666666666666,0.7761065749892565,0.0,28.673835125448015,0,POOR
0.2808069792802617,0.3333333333333333,1.0,1.0,0.5,0.8333333333333333,0.5,1.0,0.0,0.0,0.4,0.0,0.0,1.0,0.3333333333333333,0.3333333333333333,1.0,0.4538031800601633,0.0,82.79569892473116,0,EXCELLENT
0.2813522355507089,0.6666666666666666,1.0,0.3846153846153846,0.5,1.0,0.0,0.3333333333333333,0.5,0.3333333333333333,0.4,1.0,0.0833333333333333,0.6666666666666666,0.6666666666666666,0.6666666666666666,0.6666666666666666,0.4254404813064031,0.0,33.333333333333364,0,POOR
0.281897491821156,0.6666666666666666,0.5,0.3846153846153846,0.3333333333333333,0.8333333333333333,0.5,0.0,0.0,0.3333333333333333,0.2,0.6666666666666666,0.1666666666666666,0.3333333333333333,1.0,0.6666666666666666,0.3333333333333333,0.287637874230053,0.0,30.10752688172046,0,POOR
0.2824427480916031,1.0,1.0,0.3076923076923077,0.5,0.3888888888888889,0.5,0.6666666666666666,1.0,1.0,0.2,0.3333333333333333,0.25,0.3333333333333333,0.6666666666666666,1.0,0.3333333333333333,0.6341498352671537,0.0,45.519713261648754,0,AVERAGE
0.2829880043620502,0.6666666666666666,0.0,1.0,0.6666666666666666,0.7222222222222221,0.5,0.0,0.5,0.3333333333333333,0.8,0.0,0.25,1.0,0.6666666666666666,0.6666666666666666,1.0,0.5274316000572984,0.0,33.69175627240148,0,POOR
0.2835332606324973,0.6666666666666666,0.5,0.2307692307692307,0.3333333333333333,0.2222222222222222,0.5,0.6666666666666666,0.0,0.3333333333333333,0.2,1.0,0.0,0.0,0.0,0.6666666666666666,0.0,0.2184500787852743,0.0,59.4982078853047,0,AVERAGE
0.2840785169029444,0.6666666666666666,1.0,0.6153846153846154,0.5,0.4999999999999999,0.0,0.3333333333333333,0.5,0.3333333333333333,1.0,0.3333333333333333,0.3333333333333333,0.0,0.3333333333333333,0.6666666666666666,0.0,0.4499355393210142,0.0,48.38709677419355,0,AVERAGE
0.2851690294438386,0.3333333333333333,0.0,0.6923076923076923,0.5,0.0,1.0,1.0,0.0,0.0,0.2,0.0,0.25,0.3333333333333333,1.0,0.3333333333333333,0.3333333333333333,0.5185503509525856,0.0,93.54838709677419,0,EXCELLENT
0.2857142857142857,0.6666666666666666,1.0,0.8461538461538463,0.3333333333333333,0.3888888888888889,1.0,0.0,0.5,0.3333333333333333,0.4,0.0,0.1666666666666666,1.0,1.0,0.6666666666666666,1.0,0.4333190087380031,0.0,44.444444444444514,0,AVERAGE
0.2862595419847328,0.3333333333333333,1.0,0.7692307692307693,0.1666666666666666,0.6111111111111112,0.0,1.0,0.0,0.0,0.2,0.0,0.3333333333333333,1.0,0.6666666666666666,0.3333333333333333,1.0,0.6496203982237502,0.0,92.11469534050175,0,EXCELLENT
0.2868047982551799,0.6666666666666666,0.5,1.0,0.3333333333333333,0.0555555555555555,1.0,1.0,0.0,0.3333333333333333,0.2,0.3333333333333333,0.0,0.0,0.3333333333333333,0.6666666666666666,0.0,0.4126915914625411,0.0,83.15412186379926,0,EXCELLENT
0.287350054525627,0.3333333333333333,0.5,0.9230769230769232,0.1666666666666666,0.7777777777777777,1.0,0.3333333333333333,0.5,0.0,1.0,1.0,0.3333333333333333,0.3333333333333333,0.6666666666666666,0.3333333333333333,0.3333333333333333,0.5522131499785131,0.0,51.25448028673835,0,AVERAGE
0.2878953107960741,0.6666666666666666,0.5,0.4615384615384615,0.5,0.5555555555555556,1.0,1.0,0.5,0.3333333333333333,0.6000000000000001,0.3333333333333333,0.0833333333333333,0.0,0.0,0.6666666666666666,0.0,0.1580002864919066,0.0,73.47670250896056,0,GOOD
0.2884405670665212,0.3333333333333333,0.0,0.7692307692307693,0.3333333333333333,0.0555555555555555,1.0,0.6666666666666666,0.5,0.0,1.0,0.0,0.0833333333333333,0.0,0.6666666666666666,0.3333333333333333,0.0,0.4837415843002435,0.0,83.15412186379926,0,EXCELLENT
0.2889858233369684,1.0,0.5,1.0,0.6666666666666666,0.9444444444444444,0.5,0.0,0.5,1.0,0.6000000000000001,0.0,0.1666666666666666,0.0,0.3333333333333333,1.0,0.0,0.8885546483311847,0.0,13.620071684587835,0,CRITICAL
0.2895310796074155,1.0,1.0,0.9230769230769232,0.6666666666666666,0.4444444444444445,0.5,1.0,1.0,1.0,0.8,1.0,0.25,0.0,0.3333333333333333,1.0,0.0,0.7874230053001002,0.0,45.87813620071687,0,AVERAGE
0.2900763358778626,0.3333333333333333,1.0,0.7692307692307693,0.5,1.0,1.0,0.3333333333333333,0.0,0.0,0.8,0.0,0.3333333333333333,0.3333333333333333,0.6666666666666666,0.3333333333333333,0.3333333333333333,0.6477582008308265,0.0,54.83870967741935,0,AVERAGE
0.2906215921483097,0.6666666666666666,0.5,0.7692307692307693,0.3333333333333333,0.8333333333333333,0.0,0.0,0.0,0.3333333333333333,1.0,0.3333333333333333,0.1666666666666666,0.3333333333333333,0.3333333333333333,0.6666666666666666,0.3333333333333333,0.287637874230053,0.0,34.408602150537604,0,POOR
0.2911668484187568,0.3333333333333333,0.0,0.4615384615384615,0.1666666666666666,0.0,0.5,1.0,0.5,0.0,0.8,0.6666666666666666,0.1666666666666666,0.3333333333333333,0.3333333333333333,0.3333333333333333,0.3333333333333333,0.5598051855035096,0.0,91.39784946236563,0,EXCELLENT
0.2917121046892039,0.6666666666666666,0.0,0.4615384615384615,0.6666666666666666,0.8888888888888888,0.0,0.0,1.0,0.3333333333333333,0.2,0.3333333333333333,0.0833333333333333,1.0,1.0,0.6666666666666666,1.0,0.4993553932101418,0.0,27.24014336917567,0,POOR
0.292257360959651,0.3333333333333333,1.0,0.0,0.5,0.8333333333333333,0.0,0.3333333333333333,0.5,0.0,0.6000000000000001,0.6666666666666666,0.3333333333333333,1.0,0.3333333333333333,0.3333333333333333,1.0,0.5815785704053861,0.0,48.38709677419355,0,AVERAGE
0.2928026172300981,0.3333333333333333,1.0,0.6153846153846154,0.1666666666666666,1.0,1.0,0.0,1.0,0.0,1.0,0.6666666666666666,0.3333333333333333,0.3333333333333333,0.6666666666666666,0.3333333333333333,0.3333333333333333,0.7891419567397222,0.0,39.78494623655917,0,POOR
0.2933478735005452,1.0,0.0,0.4615384615384615,0.6666666666666666,0.6666666666666665,0.0,0.0,0.5,1.0,0.4,0.0,0.1666666666666666,0.6666666666666666,0.3333333333333333,1.0,0.6666666666666666,0.6818507377166595,0.0,17.204301075268848,0,CRITICAL
0.2938931297709923,0.3333333333333333,1.0,0.4615384615384615,0.1666666666666666,1.0,0.0,0.6666666666666666,0.5,0.0,0.8,0.6666666666666666,0.0833333333333333,0.6666666666666666,0.6666666666666666,0.3333333333333333,0.6666666666666666,0.5318722246096548,0.0,65.5913978494624,0,GOOD
0.2944383860414395,0.3333333333333333,1.0,0.5384615384615385,0.3333333333333333,1.0,1.0,0.6666666666666666,0.0,0.0,0.8,1.0,0.25,1.0,1.0,0.3333333333333333,1.0,0.6148116315714082,0.0,58.06451612903226,0,AVERAGE
0.2955288985823337,0.6666666666666666,0.0,0.5384615384615385,0.3333333333333333,0.3888888888888889,0.0,1.0,0.0,0.3333333333333333,1.0,0.3333333333333333,0.1666666666666666,0.6666666666666666,0.6666666666666666,0.6666666666666666,0.6666666666666666,0.2142959461395215,0.0,78.85304659498212,0,GOOD
0.2960741548527808,0.3333333333333333,0.5,1.0,0.3333333333333333,1.0,0.5,0.3333333333333333,0.5,0.0,0.8,1.0,0.0833333333333333,0.3333333333333333,0.6666666666666666,0.3333333333333333,0.3333333333333333,0.3707205271451081,0.0,45.16129032258064,0,AVERAGE
0.2966194111232279,0.3333333333333333,0.5,0.6153846153846154,0.5,0.0555555555555555,0.0,0.3333333333333333,1.0,0.0,1.0,0.3333333333333333,0.25,1.0,0.0,0.3333333333333333,1.0,0.5966193955020771,0.0,62.72401433691751,0,GOOD
0.297164667393675,0.3333333333333333,1.0,0.9230769230769232,0.1666666666666666,0.7777777777777777,1.0,0.3333333333333333,1.0,0.0,0.2,0.3333333333333333,0.0,0.6666666666666666,1.0,0.3333333333333333,0.6666666666666666,0.2988110585875949,0.0,59.856630824372715,0,AVERAGE
0.2977099236641221,0.0,1.0,0.4615384615384615,0.1666666666666666,0.2222222222222222,0.0,0.3333333333333333,1.0,0.6666666666666666,0.8,0.6666666666666666,0.3333333333333333,0.6666666666666666,0.0,0.0,0.6666666666666666,0.8848302535453374,0.0,45.519713261648754,0,AVERAGE
0.2982551799345692,1.0,1.0,0.6153846153846154,0.8333333333333333,0.8888888888888888,0.0,0.3333333333333333,0.5,1.0,0.4,1.0,0.1666666666666666,0.0,0.3333333333333333,1.0,0.0,0.9720670391061452,0.0,11.111111111111152,0,CRITICAL
0.2988004362050164,0.3333333333333333,0.0,0.3076923076923077,0.5,0.7222222222222221,0.0,1.0,0.0,0.0,0.8,1.0,0.0,0.3333333333333333,0.6666666666666666,0.3333333333333333,0.3333333333333333,0.1696032087093539,0.0,71.32616487455198,0,GOOD
0.2993456924754635,1.0,0.0,0.9230769230769232,0.6666666666666666,0.9444444444444444,0.5,1.0,0.5,1.0,0.6000000000000001,0.0,0.0,0.0,0.6666666666666666,1.0,0.0,0.800315141097264,0.0,52.32974910394267,0,AVERAGE
0.2998909487459106,0.6666666666666666,0.5,0.9230769230769232,0.5,0.8888888888888888,0.0,1.0,1.0,0.3333333333333333,1.0,1.0,0.1666666666666666,0.3333333333333333,0.0,0.6666666666666666,0.3333333333333333,0.2251826385904598,0.0,60.57347670250903,0,GOOD
0.3009814612868048,0.3333333333333333,0.0,0.0,0.3333333333333333,0.6111111111111112,0.5,0.6666666666666666,0.5,0.0,0.2,1.0,0.0833333333333333,0.0,0.6666666666666666,0.3333333333333333,0.0,0.1620111731843575,0.0,63.082437275985626,0,GOOD
0.3015267175572519,0.6666666666666666,1.0,1.0,0.3333333333333333,0.2222222222222222,0.0,0.3333333333333333,0.5,0.3333333333333333,1.0,1.0,0.1666666666666666,0.6666666666666666,0.3333333333333333,0.6666666666666666,0.6666666666666666,0.2523993697178054,0.0,46.594982078853086,0,AVERAGE
0.302071973827699,0.6666666666666666,1.0,0.6153846153846154,0.3333333333333333,0.7777777777777777,1.0,0.6666666666666666,0.5,0.3333333333333333,1.0,1.0,0.1666666666666666,0.0,0.3333333333333333,0.6666666666666666,0.0,0.3585446211144535,0.0,52.32974910394267,0,AVERAGE
0.3026172300981461,0.3333333333333333,1.0,0.8461538461538463,0.3333333333333333,0.1111111111111111,1.0,0.3333333333333333,0.0,0.0,0.2,0.3333333333333333,0.0833333333333333,0.3333333333333333,1.0,0.3333333333333333,0.3333333333333333,0.241655923220169,0.0,65.23297491039419,0,GOOD
0.3031624863685933,0.3333333333333333,1.0,0.7692307692307693,0.1666666666666666,0.1111111111111111,0.0,0.0,0.0,0.0,0.4,0.3333333333333333,0.25,0.6666666666666666,1.0,0.3333333333333333,0.6666666666666666,0.4268729408394213,0.0,55.55555555555548,0,AVERAGE
0.3037077426390404,1.0,0.5,0.3076923076923077,0.6666666666666666,0.5555555555555556,0.0,0.3333333333333333,1.0,1.0,0.4,1.0,0.1666666666666666,0.0,0.6666666666666666,1.0,0.0,0.7347084944850308,0.0,18.637992831541197,0,CRITICAL
0.3042529989094875,1.0,0.0,0.4615384615384615,0.6666666666666666,0.4999999999999999,1.0,0.3333333333333333,0.5,1.0,0.0,0.3333333333333333,0.25,0.6666666666666666,0.6666666666666666,1.0,0.6666666666666666,0.691734708494485,0.0,27.956989247311796,0,POOR
0.3047982551799346,0.6666666666666666,1.0,0.2307692307692307,0.5,0.9444444444444444,0.0,0.0,1.0,0.3333333333333333,0.6000000000000001,0.3333333333333333,0.1666666666666666,0.3333333333333333,0.3333333333333333,0.6666666666666666,0.3333333333333333,0.2896433175762785,0.0,29.74910394265235,0,POOR
0.3053435114503817,0.3333333333333333,0.5,1.0,0.1666666666666666,0.9444444444444444,0.0,0.6666666666666666,0.5,0.0,0.6000000000000001,0.6666666666666666,0.1666666666666666,1.0,0.0,0.3333333333333333,1.0,0.579286635152557,0.0,66.30824372759861,0,GOOD
0.3064340239912759,0.3333333333333333,1.0,0.3076923076923077,0.3333333333333333,0.8888888888888888,0.5,0.0,0.5,0.0,1.0,0.6666666666666666,0.1666666666666666,0.0,0.3333333333333333,0.3333333333333333,0.0,0.454805901733276,0.0,37.992831541218706,0,POOR
0.306979280261723,0.0,1.0,0.8461538461538463,0.1666666666666666,0.9444444444444444,0.0,0.3333333333333333,1.0,0.6666666666666666,0.4,1.0,0.25,0.6666666666666666,1.0,0.0,0.6666666666666666,0.8697894284486463,0.0,31.899641577060923,0,POOR
0.3075245365321701,0.6666666666666666,1.0,0.7692307692307693,0.6666666666666666,0.1666666666666666,0.0,1.0,0.5,0.3333333333333333,0.8,1.0,0.0833333333333333,0.0,0.3333333333333333,0.6666666666666666,0.0,0.4016616530583011,0.0,66.66666666666673,0,GOOD
0.3080697928026172,0.6666666666666666,0.5,0.3076923076923077,0.6666666666666666,0.2777777777777777,1.0,1.0,1.0,0.3333333333333333,0.4,0.6666666666666666,0.0833333333333333,0.3333333333333333,0.6666666666666666,0.6666666666666666,0.3333333333333333,0.2767511817791147,0.0,69.53405017921152,0,GOOD
0.3086150490730643,1.0,0.0,0.3076923076923077,0.6666666666666666,0.3888888888888889,0.0,0.6666666666666666,0.5,1.0,0.4,0.0,0.1666666666666666,0.3333333333333333,0.6666666666666666,1.0,0.3333333333333333,0.6510528577567685,0.0,46.594982078853086,0,AVERAGE
0.3091603053435114,0.3333333333333333,0.0,0.8461538461538463,0.3333333333333333,0.4999999999999999,0.5,0.3333333333333333,0.5,0.0,0.0,0.6666666666666666,0.1666666666666666,1.0,0.6666666666666666,0.3333333333333333,1.0,0.3056868643460822,0.0,55.913978494623684,0,AVERAGE
0.3097055616139585,0.3333333333333333,1.0,0.1538461538461538,0.5,0.1111111111111111,1.0,0.3333333333333333,1.0,0.0,1.0,0.6666666666666666,0.0833333333333333,0.0,1.0,0.3333333333333333,0.0,0.3965047987394356,0.0,57.70609318996415,0,AVERAGE
0.3102508178844056,0.3333333333333333,0.5,0.4615384615384615,0.1666666666666666,0.1111111111111111,0.0,0.0,0.0,0.0,0.8,0.0,0.25,0.3333333333333333,0.0,0.3333333333333333,0.3333333333333333,0.4623979372582725,0.0,59.856630824372715,0,AVERAGE
0.3107960741548528,0.3333333333333333,1.0,0.0,0.5,0.1666666666666666,0.5,0.3333333333333333,0.0,0.0,0.2,0.3333333333333333,0.0833333333333333,0.6666666666666666,0.6666666666666666,0.3333333333333333,0.6666666666666666,0.1899441340782122,0.0,61.29032258064516,0,GOOD
0.311886586695747,0.6666666666666666,0.0,0.0,0.3333333333333333,0.0,0.0,0.6666666666666666,0.0,0.3333333333333333,0.6000000000000001,0.3333333333333333,0.0833333333333333,0.3333333333333333,0.0,0.6666666666666666,0.3333333333333333,0.4560951153129924,0.0,70.96774193548387,0,GOOD
0.3124318429661941,0.6666666666666666,0.0,0.0,0.6666666666666666,1.0,0.5,1.0,0.5,0.3333333333333333,0.0,0.3333333333333333,0.3333333333333333,1.0,0.0,0.6666666666666666,1.0,0.8392780403953589,0.0,64.51612903225806,0,GOOD
0.3129770992366412,0.3333333333333333,0.0,0.8461538461538463,0.3333333333333333,0.2777777777777777,1.0,1.0,0.5,0.0,0.4,0.3333333333333333,0.1666666666666666,0.6666666666666666,0.6666666666666666,0.3333333333333333,0.6666666666666666,0.1928090531442486,0.0,88.88888888888886,0,EXCELLENT
0.3135223555070883,1.0,0.0,0.5384615384615385,0.6666666666666666,0.7777777777777777,1.0,0.3333333333333333,0.5,1.0,0.4,0.0,0.0833333333333333,0.0,0.0,1.0,0.0,0.6755479157713794,0.0,28.673835125448015,0,POOR
0.3140676117775354,0.3333333333333333,0.0,0.7692307692307693,0.1666666666666666,0.9444444444444444,0.5,1.0,1.0,0.0,0.8,0.6666666666666666,0.3333333333333333,0.6666666666666666,0.0,0.3333333333333333,0.6666666666666666,0.721100128921358,0.0,79.21146953405022,0,GOOD
0.3146128680479825,1.0,0.5,0.5384615384615385,0.5,0.3888888888888889,0.5,0.3333333333333333,0.5,1.0,0.4,0.6666666666666666,0.0833333333333333,1.0,0.0,1.0,1.0,0.7094972067039106,0.0,28.31541218638,0,POOR
0.3151581243184296,0.3333333333333333,0.5,0.0,0.1666666666666666,0.2777777777777777,1.0,0.0,0.0,0.0,0.6000000000000001,0.6666666666666666,0.0,1.0,0.3333333333333333,0.3333333333333333,1.0,0.4208566108007449,0.0,49.10394265232977,0,AVERAGE
0.3157033805888768,0.3333333333333333,0.5,0.5384615384615385,0.1666666666666666,0.3888888888888889,1.0,0.6666666666666666,1.0,0.0,0.6000000000000001,1.0,0.0,0.0,0.6666666666666666,0.3333333333333333,0.0,0.214725683999427,0.0,69.17562724014341,0,GOOD
0.3162486368593239,0.3333333333333333,1.0,0.6923076923076923,0.5,0.8888888888888888,0.5,1.0,1.0,0.0,0.8,0.0,0.3333333333333333,0.3333333333333333,0.3333333333333333,0.3333333333333333,0.3333333333333333,0.4909038819653345,0.0,82.07885304659503,0,EXCELLENT
0.3173391494002181,0.3333333333333333,0.5,0.6153846153846154,0.3333333333333333,0.4999999999999999,1.0,0.3333333333333333,0.0,0.0,1.0,0.6666666666666666,0.0833333333333333,1.0,0.3333333333333333,0.3333333333333333,1.0,0.2515398939979945,0.0,55.913978494623684,0,AVERAGE
0.3178844056706652,0.6666666666666666,1.0,0.8461538461538463,0.6666666666666666,0.2777777777777777,0.0,0.3333333333333333,1.0,0.3333333333333333,0.2,0.0,0.0,0.0,0.6666666666666666,0.6666666666666666,0.0,0.2715943274602492,0.0,52.32974910394267,0,AVERAGE
0.3184296619411123,1.0,0.5,0.0769230769230769,0.5,0.6666666666666665,0.5,1.0,1.0,1.0,0.4,1.0,0.0,0.0,1.0,1.0,0.0,0.5005013608365564,0.0,46.23655913978498,0,AVERAGE
0.3189749182115594,0.6666666666666666,0.5,0.0,0.6666666666666666,0.1111111111111111,0.0,0.0,0.5,0.3333333333333333,0.2,0.3333333333333333,0.3333333333333333,0.6666666666666666,0.6666666666666666,0.6666666666666666,0.6666666666666666,0.5847299813780261,0.0,37.275985663082395,0,POOR
0.3195201744820065,0.6666666666666666,1.0,0.3076923076923077,0.3333333333333333,0.0,0.0,1.0,1.0,0.3333333333333333,0.8,0.0,0.0,0.0,0.3333333333333333,0.6666666666666666,0.0,0.4828821085804326,0.0,88.17204301075272,0,EXCELLENT
0.3200654307524537,0.3333333333333333,1.0,0.2307692307692307,0.1666666666666666,0.3888888888888889,1.0,1.0,0.0,0.0,0.2,0.6666666666666666,0.1666666666666666,0.6666666666666666,0.3333333333333333,0.3333333333333333,0.6666666666666666,0.2870648904168457,0.0,86.37992831541226,0,EXCELLENT
0.3206106870229008,0.6666666666666666,1.0,0.6153846153846154,0.6666666666666666,1.0,1.0,0.3333333333333333,0.0,0.3333333333333333,0.8,0.6666666666666666,0.0833333333333333,0.6666666666666666,0.6666666666666666,0.6666666666666666,0.6666666666666666,0.5206990402521129,0.0,34.408602150537696,0,POOR
0.3211559432933479,0.3333333333333333,1.0,0.6153846153846154,0.3333333333333333,0.4999999999999999,1.0,0.6666666666666666,1.0,0.0,0.2,0.0,0.0,0.3333333333333333,0.3333333333333333,0.3333333333333333,0.3333333333333333,0.0376736857183784,0.0,77.41935483870968,0,GOOD
0.321701199563795,0.3333333333333333,0.5,0.4615384615384615,0.5,0.7222222222222221,0.0,0.3333333333333333,0.0,0.0,0.6000000000000001,1.0,0.3333333333333333,0.3333333333333333,0.0,0.3333333333333333,0.3333333333333333,0.3967912906460392,0.0,45.519713261648754,0,AVERAGE
0.3227917121046892,0.3333333333333333,0.5,0.8461538461538463,0.1666666666666666,0.0555555555555555,0.5,0.6666666666666666,1.0,0.0,0.4,1.0,0.1666666666666666,1.0,0.6666666666666666,0.3333333333333333,1.0,0.7371436756911618,0.0,73.47670250896056,0,GOOD
0.3233369683751363,0.3333333333333333,0.5,0.3076923076923077,0.5,0.7777777777777777,0.5,0.6666666666666666,1.0,0.0,0.8,0.3333333333333333,0.3333333333333333,0.0,1.0,0.3333333333333333,0.0,0.5639593181492623,0.0,66.30824372759852,0,GOOD
0.3238822246455834,0.6666666666666666,0.5,0.6923076923076923,0.5,0.6111111111111112,1.0,1.0,0.0,0.3333333333333333,1.0,0.0,0.25,0.3333333333333333,0.3333333333333333,0.6666666666666666,0.3333333333333333,0.2127202406532015,0.0,77.06093189964157,0,GOOD
0.3244274809160306,0.3333333333333333,1.0,0.0,0.1666666666666666,0.4444444444444445,1.0,0.0,1.0,0.0,0.2,1.0,0.25,0.0,1.0,0.3333333333333333,0.0,0.4178484457814067,0.0,42.65232974910396,0,AVERAGE
0.3249727371864777,0.3333333333333333,0.0,0.6923076923076923,0.5,0.5555555555555556,0.5,1.0,0.5,0.0,1.0,0.0,0.1666666666666666,0.0,0.3333333333333333,0.3333333333333333,0.0,0.3298954304540897,0.0,86.37992831541217,0,EXCELLENT
0.3255179934569248,0.6666666666666666,1.0,0.3076923076923077,0.6666666666666666,0.7222222222222221,0.0,1.0,1.0,0.3333333333333333,0.8,0.0,0.0,0.6666666666666666,0.6666666666666666,0.6666666666666666,0.6666666666666666,0.3569689156281335,0.0,72.40143369175631,0,GOOD
0.3260632497273719,0.3333333333333333,1.0,0.3846153846153846,0.1666666666666666,0.1111111111111111,0.0,0.0,1.0,0.0,0.8,0.3333333333333333,0.25,0.0,0.3333333333333333,0.3333333333333333,0.0,0.5991978226615098,0.0,55.55555555555548,0,AVERAGE
0.326608505997819,0.3333333333333333,0.0,0.0,0.1666666666666666,1.0,0.5,0.3333333333333333,0.5,0.0,0.0,0.6666666666666666,0.0,0.0,1.0,0.3333333333333333,0.0,0.5940409683426443,0.0,52.68817204301078,0,AVERAGE
0.3271537622682661,0.3333333333333333,1.0,0.5384615384615385,0.1666666666666666,0.0,0.0,0.0,0.0,0.0,0.8,0.6666666666666666,0.1666666666666666,0.6666666666666666,0.6666666666666666,0.3333333333333333,0.6666666666666666,0.5834407677983097,0.0,52.68817204301078,0,AVERAGE
0.3287895310796074,0.6666666666666666,0.0,0.1538461538461538,0.6666666666666666,0.2222222222222222,0.5,1.0,1.0,0.3333333333333333,1.0,0.0,0.3333333333333333,1.0,0.3333333333333333,0.6666666666666666,1.0,0.6857183784558086,0.0,78.85304659498212,0,GOOD
0.3293347873500545,0.6666666666666666,0.5,0.6153846153846154,0.5,0.4444444444444445,0.0,1.0,0.5,0.3333333333333333,0.4,0.3333333333333333,0.3333333333333333,0.0,0.6666666666666666,0.6666666666666666,0.0,0.4467841283483741,0.0,74.910394265233,0,GOOD
0.3298800436205016,0.3333333333333333,0.0,0.9230769230769232,0.1666666666666666,0.7222222222222221,1.0,0.0,0.0,0.0,1.0,0.3333333333333333,0.25,0.0,1.0,0.3333333333333333,0.0,0.4323162870648904,0.0,47.670250896057325,0,AVERAGE
0.3304252998909487,0.3333333333333333,1.0,0.8461538461538463,0.3333333333333333,0.2222222222222222,0.0,0.6666666666666666,0.0,0.0,0.8,0.6666666666666666,0.0833333333333333,0.6666666666666666,0.0,0.3333333333333333,0.6666666666666666,0.1127345652485317,0.0,72.40143369175631,0,GOOD
0.3309705561613958,0.6666666666666666,1.0,0.4615384615384615,0.5,0.4999999999999999,0.5,0.0,0.5,0.3333333333333333,0.8,0.3333333333333333,0.3333333333333333,0.6666666666666666,0.6666666666666666,0.6666666666666666,0.6666666666666666,0.3319008738003152,0.0,35.483870967741936,0,POOR
0.3315158124318429,0.6666666666666666,1.0,0.2307692307692307,0.3333333333333333,0.3333333333333333,0.5,0.6666666666666666,1.0,0.3333333333333333,0.0,0.0,0.0,0.0,0.6666666666666666,0.6666666666666666,0.0,0.1933820369574559,0.0,70.96774193548387,0,GOOD
0.3320610687022901,0.3333333333333333,0.5,0.4615384615384615,0.3333333333333333,0.6111111111111112,0.0,0.3333333333333333,1.0,0.0,0.4,1.0,0.25,1.0,0.3333333333333333,0.3333333333333333,1.0,0.3181492622833405,0.0,50.17921146953401,0,AVERAGE
0.3326063249727372,0.6666666666666666,1.0,0.7692307692307693,0.3333333333333333,0.3888888888888889,0.5,0.0,1.0,0.3333333333333333,0.2,0.3333333333333333,0.0,1.0,1.0,0.6666666666666666,1.0,0.3631284916201117,0.0,40.14336917562728,0,AVERAGE
0.3331515812431843,0.6666666666666666,0.0,0.7692307692307693,0.6666666666666666,0.8888888888888888,0.0,0.0,0.5,0.3333333333333333,0.8,0.6666666666666666,0.25,0.0,0.0,0.6666666666666666,0.0,0.5739865348803896,0.0,22.939068100358526,0,POOR
0.3336968375136314,0.3333333333333333,0.5,0.6153846153846154,0.5,0.6666666666666665,0.5,1.0,0.5,0.0,0.0,0.0,0.3333333333333333,0.3333333333333333,0.6666666666666666,0.3333333333333333,0.3333333333333333,0.3836126629422719,0.0,84.94623655913982,0,EXCELLENT
0.3342420937840785,0.6666666666666666,0.0,0.6153846153846154,0.3333333333333333,0.3333333333333333,0.5,0.6666666666666666,0.5,0.3333333333333333,0.2,1.0,0.0833333333333333,0.3333333333333333,0.6666666666666666,0.6666666666666666,0.3333333333333333,0.173470849448503,0.0,58.06451612903226,0,AVERAGE
0.3347873500545256,0.6666666666666666,0.0,0.1538461538461538,0.6666666666666666,0.3888888888888889,0.0,0.3333333333333333,1.0,0.3333333333333333,0.6000000000000001,0.0,0.0,0.3333333333333333,0.0,0.6666666666666666,0.3333333333333333,0.2942271880819366,0.0,50.89605734767032,0,AVERAGE
0.3353326063249727,0.3333333333333333,0.0,0.7692307692307693,0.3333333333333333,0.8333333333333333,1.0,1.0,0.0,0.0,0.6000000000000001,1.0,0.0833333333333333,1.0,0.6666666666666666,0.3333333333333333,1.0,0.2882108580432603,0.0,73.11827956989244,0,GOOD
0.3358778625954198,0.3333333333333333,0.5,0.5384615384615385,0.5,0.3333333333333333,0.5,0.0,0.5,0.0,0.6000000000000001,0.6666666666666666,0.3333333333333333,1.0,0.6666666666666666,0.3333333333333333,1.0,0.5714081077209568,0.0,41.935483870967744,0,AVERAGE
0.3364231188658669,0.6666666666666666,0.5,0.7692307692307693,0.6666666666666666,0.8333333333333333,1.0,1.0,0.5,0.3333333333333333,1.0,0.0,0.0833333333333333,1.0,0.0,0.6666666666666666,1.0,0.4861767655063744,0.0,70.96774193548387,0,GOOD
0.336968375136314,1.0,0.5,0.6923076923076923,0.5,0.7777777777777777,0.5,0.6666666666666666,0.0,1.0,1.0,1.0,0.0,0.3333333333333333,0.3333333333333333,1.0,0.3333333333333333,0.665663944993554,0.0,31.899641577060923,0,POOR
0.3375136314067612,0.6666666666666666,1.0,0.0,0.3333333333333333,0.4444444444444445,0.5,1.0,0.0,0.3333333333333333,0.4,0.0,0.1666666666666666,0.6666666666666666,0.6666666666666666,0.6666666666666666,0.6666666666666666,0.231342214582438,0.0,82.43727598566313,0,EXCELLENT
0.3380588876772083,0.3333333333333333,0.5,0.2307692307692307,0.3333333333333333,0.1666666666666666,0.5,0.0,0.0,0.0,0.0,1.0,0.1666666666666666,0.6666666666666666,1.0,0.3333333333333333,0.6666666666666666,0.2324881822088526,0.0,43.01075268817207,0,AVERAGE
0.3391494002181025,1.0,0.0,0.3076923076923077,0.5,0.1111111111111111,0.0,0.6666666666666666,1.0,1.0,0.4,0.6666666666666666,0.3333333333333333,0.3333333333333333,1.0,1.0,0.3333333333333333,0.9190660363844722,0.0,44.802867383512535,0,AVERAGE
0.3396946564885496,0.0,0.5,1.0,0.1666666666666666,0.7222222222222221,1.0,0.3333333333333333,0.0,0.6666666666666666,0.2,1.0,0.3333333333333333,0.0,0.3333333333333333,0.0,0.0,0.8786706775533591,0.0,34.76702508960571,0,POOR
0.3402399127589967,0.6666666666666666,0.0,0.6153846153846154,0.3333333333333333,0.8333333333333333,1.0,0.3333333333333333,0.0,0.3333333333333333,0.8,0.3333333333333333,0.3333333333333333,0.0,0.6666666666666666,0.6666666666666666,0.0,0.6443202979515829,0.0,47.31182795698922,0,AVERAGE
0.3407851690294438,0.6666666666666666,0.5,0.6153846153846154,0.6666666666666666,0.8333333333333333,0.0,0.6666666666666666,0.5,0.3333333333333333,0.8,0.3333333333333333,0.3333333333333333,1.0,0.3333333333333333,0.6666666666666666,1.0,0.642601346511961,0.0,53.76344086021503,0,AVERAGE
0.3413304252998909,0.3333333333333333,0.5,0.8461538461538463,0.5,0.2777777777777777,1.0,0.3333333333333333,0.5,0.0,0.6000000000000001,0.3333333333333333,0.25,0.0,0.3333333333333333,0.3333333333333333,0.0,0.4103996562097121,0.0,59.856630824372715,0,AVERAGE
0.3418756815703381,1.0,0.5,0.0,0.5,1.0,0.5,0.0,0.5,1.0,0.6000000000000001,0.0,0.3333333333333333,0.6666666666666666,0.0,1.0,0.6666666666666666,0.997564818793869,0.0,16.129032258064516,0,CRITICAL
0.3424209378407852,0.3333333333333333,0.0,0.4615384615384615,0.5,0.6111111111111112,1.0,0.3333333333333333,0.0,0.0,0.4,0.3333333333333333,0.0,0.3333333333333333,1.0,0.3333333333333333,0.3333333333333333,0.0530010027216731,0.0,55.55555555555548,0,AVERAGE
0.3429661941112323,0.6666666666666666,0.0,0.0,0.6666666666666666,0.1666666666666666,0.5,1.0,1.0,0.3333333333333333,1.0,1.0,0.1666666666666666,1.0,0.3333333333333333,0.6666666666666666,1.0,0.5218450078785274,0.0,66.66666666666673,0,GOOD
0.3435114503816794,0.3333333333333333,1.0,0.6923076923076923,0.1666666666666666,0.2222222222222222,0.5,0.6666666666666666,1.0,0.0,0.0,1.0,0.1666666666666666,0.3333333333333333,0.6666666666666666,0.3333333333333333,0.3333333333333333,0.2854891849305257,0.0,71.32616487455198,0,GOOD
0.3446019629225736,0.3333333333333333,0.5,0.0,0.5,0.5555555555555556,0.0,0.6666666666666666,1.0,0.0,0.0,0.0,0.3333333333333333,0.0,0.3333333333333333,0.3333333333333333,0.0,0.4954877524709927,0.0,73.47670250896056,0,GOOD
0.3451472191930207,0.6666666666666666,0.5,1.0,0.3333333333333333,0.0555555555555555,1.0,0.3333333333333333,1.0,0.3333333333333333,1.0,0.0,0.3333333333333333,1.0,0.3333333333333333,0.6666666666666666,1.0,0.8369861051425297,0.0,61.64874551971328,0,GOOD
0.3456924754634678,0.6666666666666666,0.5,0.6153846153846154,0.3333333333333333,0.1666666666666666,0.0,0.6666666666666666,0.5,0.3333333333333333,0.0,0.0,0.1666666666666666,0.6666666666666666,0.0,0.6666666666666666,0.6666666666666666,0.2751754762927947,0.0,73.11827956989254,0,GOOD
0.346237731733915,0.3333333333333333,0.0,0.6153846153846154,0.3333333333333333,0.9444444444444444,1.0,0.3333333333333333,0.0,0.0,0.0,1.0,0.1666666666666666,0.6666666666666666,1.0,0.3333333333333333,0.6666666666666666,0.3466552069904025,0.0,45.87813620071687,0,AVERAGE
0.3467829880043621,0.6666666666666666,0.0,0.0769230769230769,0.6666666666666666,1.0,1.0,1.0,0.5,0.3333333333333333,0.4,0.3333333333333333,0.0,0.6666666666666666,0.0,0.6666666666666666,0.6666666666666666,0.6383039679129064,0.0,64.51612903225806,0,GOOD
0.3473282442748092,0.3333333333333333,0.5,0.3846153846153846,0.3333333333333333,0.3888888888888889,0.5,1.0,1.0,0.0,1.0,1.0,0.25,0.3333333333333333,0.0,0.3333333333333333,0.3333333333333333,0.260707635009311,0.0,78.85304659498212,0,GOOD
0.3478735005452563,0.3333333333333333,1.0,0.0,0.3333333333333333,0.3333333333333333,0.0,0.3333333333333333,0.0,0.0,0.0,0.6666666666666666,0.1666666666666666,0.0,0.0,0.3333333333333333,0.0,0.2483884830253545,0.0,58.06451612903226,0,AVERAGE
0.3489640130861505,0.0,0.5,0.0,0.1666666666666666,0.6666666666666665,0.0,0.3333333333333333,0.5,0.6666666666666666,0.0,0.3333333333333333,0.3333333333333333,0.0,0.6666666666666666,0.0,0.0,0.88110585875949,0.0,44.086021505376316,0,AVERAGE
0.3495092693565976,0.3333333333333333,1.0,0.3846153846153846,0.3333333333333333,0.3333333333333333,1.0,0.3333333333333333,1.0,0.0,1.0,1.0,0.25,0.3333333333333333,0.3333333333333333,0.3333333333333333,0.3333333333333333,0.2664374731413838,0.0,53.76344086021503,0,AVERAGE
0.3500545256270447,0.6666666666666666,0.0,0.2307692307692307,0.5,0.5555555555555556,1.0,0.3333333333333333,1.0,0.3333333333333333,0.0,0.0,0.3333333333333333,0.6666666666666666,1.0,0.6666666666666666,0.6666666666666666,0.3510958315427589,0.0,51.97132616487457,0,AVERAGE
0.3505997818974918,0.6666666666666666,0.0,0.1538461538461538,0.6666666666666666,0.4999999999999999,0.5,0.6666666666666666,1.0,0.3333333333333333,0.8,0.6666666666666666,0.25,0.3333333333333333,0.0,0.6666666666666666,0.3333333333333333,0.423148546053574,0.0,53.76344086021512,0,AVERAGE
0.3511450381679389,0.3333333333333333,0.5,0.4615384615384615,0.5,0.2222222222222222,0.0,0.3333333333333333,0.0,0.0,0.2,0.0,0.25,0.3333333333333333,0.6666666666666666,0.3333333333333333,0.3333333333333333,0.2827675118177911,0.0,64.87455197132618,0,GOOD
0.351690294438386,0.0,1.0,0.8461538461538463,0.0,0.2222222222222222,1.0,1.0,0.5,0.6666666666666666,0.8,1.0,0.0,0.3333333333333333,1.0,0.0,0.3333333333333333,0.9157713794585304,0.0,70.25089605734765,0,GOOD
0.3522355507088331,0.3333333333333333,1.0,0.6153846153846154,0.1666666666666666,0.0,0.0,1.0,0.5,0.0,0.6000000000000001,0.6666666666666666,0.3333333333333333,1.0,0.0,0.3333333333333333,1.0,0.9939836699613236,0.0,91.39784946236563,0,EXCELLENT
0.3527808069792802,0.3333333333333333,0.0,0.4615384615384615,0.1666666666666666,0.8333333333333333,0.0,0.3333333333333333,0.5,0.0,0.2,0.3333333333333333,0.25,0.3333333333333333,0.0,0.3333333333333333,0.3333333333333333,0.3999427016186793,0.0,59.139784946236496,0,AVERAGE
0.3533260632497274,0.0,1.0,0.0,0.1666666666666666,0.0555555555555555,0.0,0.6666666666666666,0.0,0.6666666666666666,1.0,0.6666666666666666,0.0,0.0,0.3333333333333333,0.0,0.0,0.8495917490330899,0.0,60.57347670250894,0,GOOD
0.3538713195201745,0.6666666666666666,1.0,0.0769230769230769,0.5,0.0,0.5,1.0,0.0,0.3333333333333333,0.8,0.0,0.0,0.3333333333333333,0.6666666666666666,0.6666666666666666,0.3333333333333333,0.3182925082366423,0.0,84.94623655913982,0,EXCELLENT
0.3549618320610687,0.6666666666666666,0.5,0.1538461538461538,0.5,0.1666666666666666,0.0,0.0,0.5,0.3333333333333333,0.8,1.0,0.0833333333333333,1.0,1.0,0.6666666666666666,1.0,0.3582581292078499,0.0,31.182795698924792,0,POOR
0.3555070883315158,0.3333333333333333,0.0,0.4615384615384615,0.5,0.1666666666666666,0.5,1.0,0.5,0.0,0.4,1.0,0.25,0.6666666666666666,0.0,0.3333333333333333,0.6666666666666666,0.2644320297951583,0.0,78.49462365591401,0,GOOD
0.3560523446019629,0.3333333333333333,1.0,0.2307692307692307,0.3333333333333333,0.8888888888888888,0.0,0.6666666666666666,0.0,0.0,1.0,0.3333333333333333,0.0,1.0,0.3333333333333333,0.3333333333333333,1.0,0.3976507663658502,0.0,68.10035842293908,0,GOOD
0.35659760087241,0.6666666666666666,0.0,0.3076923076923077,0.3333333333333333,0.6111111111111112,1.0,1.0,1.0,0.3333333333333333,1.0,0.0,0.0,0.3333333333333333,0.6666666666666666,0.6666666666666666,0.3333333333333333,0.0817934393353387,0.0,80.28673835125447,0,EXCELLENT
0.3571428571428571,0.6666666666666666,0.5,0.3846153846153846,0.5,0.2777777777777777,0.0,0.6666666666666666,0.5,0.3333333333333333,0.2,1.0,0.0833333333333333,0.6666666666666666,0.3333333333333333,0.6666666666666666,0.6666666666666666,0.1022776106574989,0.0,55.55555555555558,0,AVERAGE
0.3576881134133042,0.3333333333333333,1.0,0.0769230769230769,0.3333333333333333,0.6666666666666665,0.0,0.0,1.0,0.0,0.0,0.6666666666666666,0.1666666666666666,0.6666666666666666,1.0,0.3333333333333333,0.6666666666666666,0.2088525999140524,0.0,40.860215053763504,0,AVERAGE
0.3582333696837513,0.3333333333333333,1.0,0.0769230769230769,0.1666666666666666,1.0,1.0,0.0,0.0,0.0,0.6000000000000001,0.6666666666666666,0.0,1.0,0.0,0.3333333333333333,1.0,0.7122188798166452,0.0,39.78494623655917,0,POOR
0.3587786259541985,0.3333333333333333,0.5,0.0769230769230769,0.1666666666666666,0.2777777777777777,0.0,0.6666666666666666,0.5,0.0,0.8,0.6666666666666666,0.0833333333333333,1.0,0.0,0.3333333333333333,1.0,0.4877524709926944,0.0,74.910394265233,0,GOOD
0.3593238822246456,0.3333333333333333,0.0,0.3076923076923077,0.3333333333333333,0.6666666666666665,0.0,0.0,0.0,0.0,0.4,1.0,0.0833333333333333,0.0,0.0,0.3333333333333333,0.0,0.1966766938833978,0.0,36.55913978494627,0,POOR
0.3598691384950927,0.6666666666666666,1.0,0.4615384615384615,0.3333333333333333,0.6111111111111112,0.5,0.0,1.0,0.3333333333333333,0.0,0.3333333333333333,0.3333333333333333,0.0,1.0,0.6666666666666666,0.0,0.5103853316143819,0.0,37.275985663082395,0,POOR
0.3609596510359869,0.3333333333333333,1.0,0.0,0.1666666666666666,0.9444444444444444,1.0,0.0,1.0,0.0,0.4,0.0,0.1666666666666666,0.3333333333333333,0.0,0.3333333333333333,0.3333333333333333,0.4099699183498066,0.0,49.10394265232977,0,AVERAGE
0.361504907306434,0.3333333333333333,0.0,0.6153846153846154,0.1666666666666666,0.9444444444444444,0.0,0.0,0.0,0.0,0.0,1.0,0.0833333333333333,0.3333333333333333,0.3333333333333333,0.3333333333333333,0.3333333333333333,0.3210141813493768,0.0,36.200716845878155,0,POOR
0.3620501635768811,0.6666666666666666,1.0,0.0,0.3333333333333333,0.8333333333333333,1.0,1.0,0.5,0.3333333333333333,1.0,0.0,0.0833333333333333,1.0,0.0,0.6666666666666666,1.0,0.4330325168313995,0.0,77.41935483870968,0,GOOD
0.3625954198473282,0.6666666666666666,0.5,0.8461538461538463,0.6666666666666666,1.0,1.0,0.6666666666666666,0.0,0.3333333333333333,0.2,0.0,0.0833333333333333,0.6666666666666666,0.0,0.6666666666666666,0.6666666666666666,0.5206990402521129,0.0,55.913978494623684,0,AVERAGE
0.3631406761177754,0.6666666666666666,0.0,0.0,0.6666666666666666,0.5555555555555556,1.0,1.0,0.0,0.3333333333333333,1.0,1.0,0.0833333333333333,1.0,0.6666666666666666,0.6666666666666666,1.0,0.4125483455092393,0.0,61.64874551971328,0,GOOD
0.3636859323882225,0.6666666666666666,1.0,0.3846153846153846,0.3333333333333333,0.0,0.0,0.0,1.0,0.3333333333333333,0.2,0.0,0.3333333333333333,0.3333333333333333,0.6666666666666666,0.6666666666666666,0.3333333333333333,0.7897149405529295,0.0,49.46236559139788,0,AVERAGE
0.3642311886586696,1.0,0.0,0.4615384615384615,0.5,0.1111111111111111,0.5,1.0,1.0,1.0,0.8,0.0,0.25,0.0,1.0,1.0,0.0,0.8099126199684858,0.0,66.30824372759852,0,GOOD
0.3647764449291167,0.3333333333333333,0.5,0.0769230769230769,0.1666666666666666,0.4999999999999999,0.0,0.3333333333333333,1.0,0.0,0.0,0.6666666666666666,0.1666666666666666,1.0,1.0,0.3333333333333333,1.0,0.4131213293224466,0.0,59.13978494623658,0,AVERAGE
0.3653217011995638,0.3333333333333333,0.5,0.1538461538461538,0.5,0.8333333333333333,1.0,0.6666666666666666,0.5,0.0,0.4,0.6666666666666666,0.1666666666666666,1.0,0.0,0.3333333333333333,1.0,0.2930812204555221,0.0,61.29032258064516,0,GOOD
0.3658669574700109,1.0,0.5,0.3076923076923077,0.5,0.1111111111111111,0.5,0.6666666666666666,1.0,1.0,0.6000000000000001,0.0,0.1666666666666666,0.6666666666666666,0.6666666666666666,1.0,0.6666666666666666,0.7299813780260708,0.0,53.405017921146914,0,AVERAGE
0.3669574700109051,0.0,0.5,0.3076923076923077,0.1666666666666666,0.6666666666666665,1.0,0.0,0.0,0.6666666666666666,0.2,1.0,0.1666666666666666,0.0,0.6666666666666666,0.0,0.0,0.7338490187652198,0.0,22.58064516129032,0,POOR
0.3675027262813523,0.3333333333333333,0.0,0.0,0.3333333333333333,0.4444444444444445,1.0,1.0,1.0,0.0,0.8,1.0,0.3333333333333333,1.0,0.6666666666666666,0.3333333333333333,1.0,0.5324452084228621,0.0,78.13620071684589,0,GOOD
0.3680479825517994,0.6666666666666666,1.0,0.9230769230769232,0.3333333333333333,0.8888888888888888,0.5,0.3333333333333333,0.5,0.3333333333333333,0.4,1.0,0.25,0.0,0.6666666666666666,0.6666666666666666,0.0,0.4851740438332617,0.0,37.992831541218706,0,POOR
0.3685932388222465,0.3333333333333333,0.5,0.6153846153846154,0.1666666666666666,0.9444444444444444,0.5,0.6666666666666666,0.0,0.0,0.2,1.0,0.1666666666666666,0.3333333333333333,0.3333333333333333,0.3333333333333333,0.3333333333333333,0.4099699183498066,0.0,62.00716845878138,0,GOOD
0.3691384950926936,0.6666666666666666,0.0,0.7692307692307693,0.6666666666666666,0.5555555555555556,0.0,1.0,0.0,0.3333333333333333,0.0,0.6666666666666666,0.1666666666666666,0.6666666666666666,1.0,0.6666666666666666,0.6666666666666666,0.2165878813923506,0.0,65.94982078853052,0,GOOD
0.3696837513631407,0.3333333333333333,1.0,1.0,0.3333333333333333,0.4999999999999999,1.0,0.6666666666666666,0.0,0.0,0.8,1.0,0.3333333333333333,0.0,0.6666666666666666,0.3333333333333333,0.0,0.4242945136799885,0.0,64.51612903225806,0,GOOD
0.3702290076335878,1.0,0.5,0.4615384615384615,0.6666666666666666,0.3888888888888889,1.0,0.0,1.0,1.0,1.0,0.0,0.0833333333333333,0.3333333333333333,0.6666666666666666,1.0,0.3333333333333333,0.6024924795874517,0.0,20.78853046594986,0,POOR
0.3707742639040349,0.6666666666666666,0.5,0.7692307692307693,0.6666666666666666,0.8888888888888888,0.0,0.3333333333333333,1.0,0.3333333333333333,0.4,0.3333333333333333,0.25,0.6666666666666666,0.3333333333333333,0.6666666666666666,0.6666666666666666,0.4338919925512104,0.0,40.14336917562728,0,AVERAGE
0.371319520174482,0.3333333333333333,1.0,0.6923076923076923,0.5,0.0,1.0,0.3333333333333333,1.0,0.0,0.2,0.0,0.3333333333333333,0.3333333333333333,0.0,0.3333333333333333,0.3333333333333333,0.6890130353817505,0.0,67.74193548387096,0,GOOD
0.3724100327153762,0.3333333333333333,0.5,0.6923076923076923,0.5,0.2777777777777777,0.5,1.0,0.0,0.0,0.0,0.0,0.3333333333333333,1.0,0.0,0.3333333333333333,1.0,0.5838705056582151,0.0,89.96415770609319,0,EXCELLENT
0.3729552889858233,0.6666666666666666,1.0,0.0769230769230769,0.3333333333333333,0.7222222222222221,1.0,1.0,0.5,0.3333333333333333,1.0,0.6666666666666666,0.0833333333333333,0.6666666666666666,0.3333333333333333,0.6666666666666666,0.6666666666666666,0.2377882824810199,0.0,70.25089605734775,0,GOOD
0.3735005452562704,0.6666666666666666,1.0,0.8461538461538463,0.3333333333333333,0.2777777777777777,0.5,1.0,0.5,0.3333333333333333,1.0,0.3333333333333333,0.25,0.6666666666666666,0.6666666666666666,0.6666666666666666,0.6666666666666666,0.2667239650479874,0.0,80.28673835125447,0,EXCELLENT
0.3740458015267175,0.3333333333333333,0.0,1.0,0.3333333333333333,0.8888888888888888,0.5,0.3333333333333333,1.0,0.0,0.8,0.0,0.3333333333333333,0.3333333333333333,0.3333333333333333,0.3333333333333333,0.3333333333333333,0.5721243374874659,0.0,59.4982078853047,0,AVERAGE
0.3745910577971647,0.3333333333333333,1.0,0.8461538461538463,0.1666666666666666,1.0,1.0,0.6666666666666666,0.0,0.0,0.4,0.0,0.3333333333333333,0.0,1.0,0.3333333333333333,0.0,0.9210714797306976,0.0,74.19354838709677,0,GOOD
0.3751363140676118,0.3333333333333333,0.0,0.2307692307692307,0.1666666666666666,0.0555555555555555,1.0,0.0,1.0,0.0,1.0,0.0,0.1666666666666666,0.3333333333333333,0.0,0.3333333333333333,0.3333333333333333,0.4939120469846726,0.0,60.57347670250894,0,GOOD
0.3756815703380589,0.6666666666666666,0.0,0.6923076923076923,0.6666666666666666,1.0,0.0,0.3333333333333333,1.0,0.3333333333333333,0.8,0.6666666666666666,0.0,1.0,0.3333333333333333,0.6666666666666666,1.0,0.8445781406675261,0.0,34.408602150537696,0,POOR
0.376226826608506,1.0,1.0,0.3076923076923077,0.5,0.6111111111111112,0.0,1.0,0.5,1.0,0.2,1.0,0.1666666666666666,0.0,0.0,1.0,0.0,0.696461824953445,0.0,46.953405017921106,0,AVERAGE
0.3767720828789531,0.6666666666666666,0.5,0.4615384615384615,0.6666666666666666,0.3333333333333333,0.5,1.0,0.5,0.3333333333333333,0.6000000000000001,1.0,0.1666666666666666,0.6666666666666666,0.0,0.6666666666666666,0.6666666666666666,0.2584156997564819,0.0,64.51612903225806,0,GOOD
0.3773173391494002,0.0,0.0,0.3076923076923077,0.1666666666666666,0.2222222222222222,0.0,0.3333333333333333,0.5,0.6666666666666666,0.8,0.3333333333333333,0.0833333333333333,0.3333333333333333,0.3333333333333333,0.0,0.3333333333333333,0.691018478727976,0.0,49.8207885304659,0,AVERAGE
0.3784078516902944,0.6666666666666666,1.0,0.0,0.5,0.8888888888888888,0.5,0.6666666666666666,0.5,0.3333333333333333,0.8,1.0,0.3333333333333333,0.0,0.3333333333333333,0.6666666666666666,0.0,0.5567970204841712,0.0,47.67025089605742,0,AVERAGE
0.3789531079607415,1.0,0.5,0.8461538461538463,0.8333333333333333,0.4999999999999999,1.0,0.6666666666666666,1.0,1.0,0.0,1.0,0.0833333333333333,1.0,1.0,1.0,1.0,0.996132359260851,0.0,29.03225806451613,0,POOR
0.3794983642311886,0.3333333333333333,0.5,0.8461538461538463,0.3333333333333333,0.0555555555555555,0.0,0.0,0.5,0.0,0.6000000000000001,0.3333333333333333,0.0833333333333333,0.6666666666666666,0.0,0.3333333333333333,0.6666666666666666,0.3356252685861624,0.0,53.0465949820788,0,AVERAGE
0.3800436205016357,0.6666666666666666,1.0,0.0,0.6666666666666666,0.2777777777777777,0.0,0.6666666666666666,1.0,0.3333333333333333,0.6000000000000001,0.0,0.0833333333333333,0.6666666666666666,0.6666666666666666,0.6666666666666666,0.6666666666666666,0.2515398939979945,0.0,65.23297491039428,0,GOOD
0.3805888767720829,1.0,0.5,0.4615384615384615,0.5,0.3888888888888889,1.0,0.6666666666666666,0.0,1.0,0.4,0.3333333333333333,0.3333333333333333,1.0,0.6666666666666666,1.0,1.0,0.9177768228047556,0.0,45.519713261648754,0,AVERAGE
0.38113413304253,1.0,1.0,0.1538461538461538,0.5,1.0,1.0,0.0,0.5,1.0,0.8,1.0,0.3333333333333333,0.6666666666666666,0.3333333333333333,1.0,0.6666666666666666,0.997564818793869,0.0,3.225806451612903,0,CRITICAL
0.3816793893129771,1.0,0.5,0.3846153846153846,0.5,0.1111111111111111,1.0,0.0,0.5,1.0,0.2,0.6666666666666666,0.1666666666666666,0.0,1.0,1.0,0.0,0.8014611087236786,0.0,18.99641577060931,0,CRITICAL
0.3822246455834242,0.6666666666666666,0.0,0.9230769230769232,0.3333333333333333,0.4444444444444445,0.5,0.3333333333333333,0.5,0.3333333333333333,0.0,0.6666666666666666,0.0,0.0,0.3333333333333333,0.6666666666666666,0.0,0.2375017905744162,0.0,48.02867383512553,0,AVERAGE
0.3827699018538713,0.6666666666666666,1.0,0.6923076923076923,0.5,0.1111111111111111,1.0,1.0,0.5,0.3333333333333333,0.6000000000000001,0.0,0.25,1.0,0.0,0.6666666666666666,1.0,0.4268729408394213,0.0,83.51254480286737,0,EXCELLENT
0.3844056706652127,0.6666666666666666,0.0,0.7692307692307693,0.3333333333333333,0.7222222222222221,0.5,0.3333333333333333,1.0,0.3333333333333333,0.4,0.6666666666666666,0.25,0.6666666666666666,0.0,0.6666666666666666,0.6666666666666666,0.3139951296375877,0.0,44.444444444444514,0,AVERAGE
0.3849509269356598,0.6666666666666666,0.5,0.6923076923076923,0.3333333333333333,0.1666666666666666,0.5,0.6666666666666666,0.0,0.3333333333333333,0.0,0.0,0.3333333333333333,0.6666666666666666,0.6666666666666666,0.6666666666666666,0.6666666666666666,0.4556653774530869,0.0,73.11827956989254,0,GOOD
0.3854961832061069,0.3333333333333333,1.0,0.9230769230769232,0.3333333333333333,0.4444444444444445,0.5,0.6666666666666666,0.0,0.0,0.4,0.6666666666666666,0.0833333333333333,0.3333333333333333,0.3333333333333333,0.3333333333333333,0.3333333333333333,0.0932531155994843,0.0,69.53405017921152,0,GOOD
0.386041439476554,0.0,0.0,0.9230769230769232,0.0,0.8333333333333333,1.0,0.3333333333333333,1.0,0.6666666666666666,0.2,0.6666666666666666,0.0833333333333333,0.6666666666666666,0.6666666666666666,0.0,0.6666666666666666,0.9495774244377596,0.0,40.86021505376341,0,AVERAGE
0.3865866957470011,0.3333333333333333,1.0,0.1538461538461538,0.5,0.8333333333333333,1.0,0.0,1.0,0.0,0.8,0.0,0.0833333333333333,0.0,0.3333333333333333,0.3333333333333333,0.0,0.3861910901017046,0.0,44.086021505376316,0,AVERAGE
0.3871319520174482,1.0,0.0,0.8461538461538463,0.6666666666666666,0.4444444444444445,0.0,0.0,1.0,1.0,0.0,0.3333333333333333,0.0,1.0,0.3333333333333333,1.0,1.0,0.8074774387623549,0.0,15.770609318996407,0,CRITICAL
0.3876772082878953,0.6666666666666666,0.0,0.5384615384615385,0.5,0.9444444444444444,1.0,0.6666666666666666,1.0,0.3333333333333333,0.2,0.3333333333333333,0.1666666666666666,1.0,0.0,0.6666666666666666,1.0,0.402521128778112,0.0,55.55555555555558,0,AVERAGE
0.3882224645583424,0.3333333333333333,0.0,0.7692307692307693,0.5,0.9444444444444444,0.5,0.3333333333333333,0.5,0.0,0.6000000000000001,0.3333333333333333,0.1666666666666666,0.6666666666666666,0.6666666666666666,0.3333333333333333,0.6666666666666666,0.3191519839564532,0.0,51.25448028673835,0,AVERAGE
0.3887677208287896,0.3333333333333333,0.0,0.1538461538461538,0.1666666666666666,0.3888888888888889,0.0,0.0,1.0,0.0,0.6000000000000001,0.0,0.0833333333333333,0.3333333333333333,0.6666666666666666,0.3333333333333333,0.3333333333333333,0.1973929236499068,0.0,56.2724014336918,0,AVERAGE
0.3898582333696838,0.3333333333333333,1.0,0.5384615384615385,0.1666666666666666,1.0,0.0,0.3333333333333333,0.0,0.0,0.2,0.3333333333333333,0.25,1.0,0.0,0.3333333333333333,1.0,0.74960607362842,0.0,56.98924731182793,0,AVERAGE
0.3904034896401309,1.0,0.0,0.7692307692307693,0.6666666666666666,0.9444444444444444,0.0,0.3333333333333333,0.0,1.0,0.0,0.6666666666666666,0.0,0.0,0.0,1.0,0.0,0.800315141097264,0.0,17.921146953405067,0,CRITICAL
0.390948745910578,0.6666666666666666,0.0,0.9230769230769232,0.6666666666666666,0.1666666666666666,0.0,0.0,0.5,0.3333333333333333,0.4,0.6666666666666666,0.0833333333333333,1.0,0.3333333333333333,0.6666666666666666,1.0,0.5361696032087093,0.0,32.258064516129124,0,POOR
0.3914940021810251,0.3333333333333333,0.0,0.6923076923076923,0.5,0.5555555555555556,1.0,0.6666666666666666,0.0,0.0,0.6000000000000001,0.3333333333333333,0.0,0.6666666666666666,1.0,0.3333333333333333,0.6666666666666666,0.1372296232631428,0.0,69.17562724014333,0,GOOD
0.3920392584514722,0.6666666666666666,0.0,0.7692307692307693,0.5,0.2222222222222222,0.0,0.3333333333333333,1.0,0.3333333333333333,0.6000000000000001,0.3333333333333333,0.0,0.3333333333333333,0.6666666666666666,0.6666666666666666,0.3333333333333333,0.0509955593754476,0.0,51.97132616487457,0,AVERAGE
0.3925845147219193,0.6666666666666666,1.0,0.0769230769230769,0.6666666666666666,0.1666666666666666,1.0,0.3333333333333333,0.5,0.3333333333333333,0.8,0.6666666666666666,0.0833333333333333,0.0,0.3333333333333333,0.6666666666666666,0.0,0.4016616530583011,0.0,45.16129032258074,0,AVERAGE
0.3931297709923664,0.3333333333333333,1.0,0.6153846153846154,0.5,1.0,0.5,1.0,0.0,0.0,0.6000000000000001,0.0,0.1666666666666666,0.6666666666666666,1.0,0.3333333333333333,0.6666666666666666,0.4177051998281048,0.0,80.64516129032258,0,EXCELLENT
0.3936750272628135,0.6666666666666666,0.5,0.9230769230769232,0.3333333333333333,0.8888888888888888,0.5,0.6666666666666666,0.0,0.3333333333333333,0.6000000000000001,0.0,0.25,1.0,0.6666666666666666,0.6666666666666666,1.0,0.5039392637158,0.0,63.79928315412193,0,GOOD
0.3942202835332606,0.6666666666666666,0.5,0.6153846153846154,0.6666666666666666,0.4999999999999999,0.5,0.0,1.0,0.3333333333333333,1.0,1.0,0.0,0.3333333333333333,0.3333333333333333,0.6666666666666666,0.3333333333333333,0.3054003724394786,0.0,23.655913978494656,0,POOR
0.3953107960741548,0.3333333333333333,0.5,0.2307692307692307,0.3333333333333333,0.2222222222222222,0.0,0.6666666666666666,1.0,0.0,1.0,0.3333333333333333,0.1666666666666666,0.6666666666666666,0.0,0.3333333333333333,0.6666666666666666,0.1926658071909468,0.0,76.70250896057345,0,GOOD
0.3958560523446019,0.3333333333333333,1.0,0.9230769230769232,0.1666666666666666,0.3333333333333333,1.0,0.3333333333333333,0.0,0.0,1.0,0.3333333333333333,0.25,0.0,0.0,0.3333333333333333,0.0,0.4308838275318722,0.0,65.59139784946231,0,GOOD
0.3964013086150491,0.3333333333333333,0.0,0.3076923076923077,0.1666666666666666,0.0,0.0,0.3333333333333333,0.5,0.0,0.6000000000000001,1.0,0.0,0.6666666666666666,1.0,0.3333333333333333,0.6666666666666666,0.579286635152557,0.0,61.29032258064516,0,GOOD
0.3969465648854962,0.3333333333333333,1.0,0.6153846153846154,0.3333333333333333,0.6666666666666665,0.0,0.6666666666666666,1.0,0.0,1.0,0.3333333333333333,0.0,0.6666666666666666,0.6666666666666666,0.3333333333333333,0.6666666666666666,0.1575705486320011,0.0,70.96774193548387,0,GOOD
0.3974918211559433,0.6666666666666666,1.0,0.8461538461538463,0.5,0.1111111111111111,0.5,1.0,0.0,0.3333333333333333,0.6000000000000001,0.0,0.0,1.0,1.0,0.6666666666666666,1.0,0.4962039822375018,0.0,83.51254480286737,0,EXCELLENT
0.3980370774263904,0.3333333333333333,1.0,0.2307692307692307,0.1666666666666666,0.2222222222222222,1.0,0.3333333333333333,1.0,0.0,1.0,0.3333333333333333,0.25,0.6666666666666666,0.6666666666666666,0.3333333333333333,0.6666666666666666,0.3523850451224753,0.0,67.02508960573475,0,GOOD
0.3985823336968375,0.3333333333333333,0.0,0.5384615384615385,0.3333333333333333,0.4444444444444445,0.0,1.0,1.0,0.0,0.0,0.6666666666666666,0.25,0.3333333333333333,0.3333333333333333,0.3333333333333333,0.3333333333333333,0.2280475576564962,0.0,82.43727598566313,0,EXCELLENT
0.3991275899672846,0.6666666666666666,0.5,0.3846153846153846,0.3333333333333333,0.4444444444444445,1.0,1.0,0.0,0.3333333333333333,0.6000000000000001,0.6666666666666666,0.0,0.3333333333333333,0.3333333333333333,0.6666666666666666,0.3333333333333333,0.1395215585159719,0.0,73.83512544802876,0,GOOD
0.3996728462377317,0.6666666666666666,1.0,0.1538461538461538,0.3333333333333333,0.3888888888888889,0.0,0.0,0.0,0.3333333333333333,0.6000000000000001,1.0,0.1666666666666666,1.0,0.3333333333333333,0.6666666666666666,1.0,0.4333190087380031,0.0,31.541218637992902,0,POOR
0.4002181025081788,0.3333333333333333,0.0,1.0,0.3333333333333333,0.4444444444444445,1.0,1.0,1.0,0.0,0.2,1.0,0.0,1.0,1.0,0.3333333333333333,1.0,0.3336198252399369,0.0,78.13620071684589,0,GOOD
0.4007633587786259,0.0,0.5,0.1538461538461538,0.1666666666666666,0.3333333333333333,1.0,0.6666666666666666,0.5,0.6666666666666666,0.8,0.3333333333333333,0.25,0.3333333333333333,0.3333333333333333,0.0,0.3333333333333333,0.7794012319151984,0.0,61.290322580645075,0,GOOD
0.401308615049073,0.3333333333333333,1.0,0.6923076923076923,0.5,0.2777777777777777,0.0,1.0,1.0,0.0,0.2,1.0,0.1666666666666666,0.6666666666666666,0.6666666666666666,0.3333333333333333,0.6666666666666666,0.1648760922503939,0.0,77.06093189964157,0,GOOD
0.4018538713195202,0.3333333333333333,0.0,1.0,0.3333333333333333,0.3888888888888889,1.0,0.6666666666666666,0.5,0.0,0.8,0.6666666666666666,0.1666666666666666,0.0,0.0,0.3333333333333333,0.0,0.2314854605357398,0.0,70.25089605734775,0,GOOD
0.4023991275899673,0.3333333333333333,0.0,0.6153846153846154,0.3333333333333333,0.3333333333333333,1.0,0.3333333333333333,1.0,0.0,0.4,0.0,0.25,0.6666666666666666,0.0,0.3333333333333333,0.6666666666666666,0.2049849591749033,0.0,66.66666666666664,0,GOOD
0.4029443838604144,0.6666666666666666,0.5,0.3076923076923077,0.5,0.1666666666666666,0.5,1.0,0.0,0.3333333333333333,0.4,0.6666666666666666,0.1666666666666666,1.0,0.6666666666666666,0.6666666666666666,1.0,0.3624122618536026,0.0,74.19354838709687,0,GOOD
0.4034896401308615,0.6666666666666666,0.5,0.8461538461538463,0.5,0.5555555555555556,0.0,0.0,0.5,0.3333333333333333,0.8,0.0,0.0,0.3333333333333333,0.6666666666666666,0.6666666666666666,0.3333333333333333,0.0257842715943274,0.0,39.068100358422946,0,POOR
0.4040348964013086,0.6666666666666666,0.5,0.0769230769230769,0.5,1.0,0.5,0.0,0.5,0.3333333333333333,1.0,0.6666666666666666,0.0833333333333333,0.3333333333333333,0.0,0.6666666666666666,0.3333333333333333,0.3989399799455665,0.0,24.731182795698984,0,POOR
0.4045801526717557,0.3333333333333333,1.0,0.5384615384615385,0.1666666666666666,0.2777777777777777,1.0,0.0,0.5,0.0,0.8,1.0,0.1666666666666666,0.6666666666666666,0.6666666666666666,0.3333333333333333,0.6666666666666666,0.3215871651625842,0.0,44.802867383512535,0,AVERAGE
0.4056706652126499,0.6666666666666666,0.0,1.0,0.5,0.2777777777777777,0.0,0.0,0.5,0.3333333333333333,0.6000000000000001,0.6666666666666666,0.25,0.6666666666666666,0.3333333333333333,0.6666666666666666,0.6666666666666666,0.1989686291362269,0.0,34.05017921146958,0,POOR
0.4062159214830971,0.3333333333333333,1.0,0.1538461538461538,0.3333333333333333,0.3333333333333333,0.0,0.0,0.5,0.0,0.0,0.0,0.0833333333333333,1.0,0.3333333333333333,0.3333333333333333,1.0,0.3702907892852027,0.0,53.76344086021503,0,AVERAGE
0.4067611777535442,0.6666666666666666,0.5,0.2307692307692307,0.3333333333333333,0.2777777777777777,0.0,0.0,0.5,0.3333333333333333,1.0,0.0,0.0833333333333333,0.6666666666666666,1.0,0.6666666666666666,0.6666666666666666,0.1836413121329322,0.0,45.87813620071687,0,AVERAGE
0.4073064340239913,0.6666666666666666,0.0,0.9230769230769232,0.6666666666666666,0.4444444444444445,0.0,1.0,0.5,0.3333333333333333,0.8,0.6666666666666666,0.1666666666666666,0.0,0.6666666666666666,0.6666666666666666,0.0,0.4361839278040395,0.0,67.38351254480295,0,GOOD
0.4078516902944384,0.3333333333333333,1.0,0.1538461538461538,0.1666666666666666,0.6666666666666665,1.0,0.3333333333333333,0.0,0.0,0.4,1.0,0.0,1.0,0.6666666666666666,0.3333333333333333,1.0,0.3824666953158573,0.0,52.68817204301078,0,AVERAGE
0.4083969465648855,0.6666666666666666,0.0,0.4615384615384615,0.3333333333333333,0.5555555555555556,0.5,0.0,0.5,0.3333333333333333,1.0,0.3333333333333333,0.1666666666666666,0.3333333333333333,0.6666666666666666,0.6666666666666666,0.3333333333333333,0.2026930239220742,0.0,37.99283154121862,0,POOR
0.4089422028353326,0.6666666666666666,0.0,0.6923076923076923,0.6666666666666666,0.7222222222222221,0.0,0.3333333333333333,0.5,0.3333333333333333,0.6000000000000001,1.0,0.0833333333333333,0.0,1.0,0.6666666666666666,0.0,0.3977940123191519,0.0,33.69175627240148,0,POOR
0.4094874591057797,0.6666666666666666,0.0,0.0769230769230769,0.5,0.6666666666666665,0.0,0.6666666666666666,0.0,0.3333333333333333,0.6000000000000001,0.0,0.0,0.0,0.0,0.6666666666666666,0.0,0.1091534164159862,0.0,63.44086021505383,0,GOOD
0.410577971646674,0.6666666666666666,1.0,1.0,0.6666666666666666,0.4999999999999999,0.0,0.6666666666666666,0.5,0.3333333333333333,0.2,1.0,0.1666666666666666,0.6666666666666666,0.0,0.6666666666666666,0.6666666666666666,0.2173041111588597,0.0,49.46236559139788,0,AVERAGE
0.4111232279171211,0.6666666666666666,0.0,0.6153846153846154,0.3333333333333333,0.5555555555555556,0.5,0.0,0.5,0.3333333333333333,0.8,0.3333333333333333,0.1666666666666666,0.3333333333333333,0.6666666666666666,0.6666666666666666,0.3333333333333333,0.2026930239220742,0.0,37.99283154121862,0,POOR
0.4116684841875682,0.3333333333333333,0.0,0.3076923076923077,0.1666666666666666,0.3888888888888889,0.5,0.3333333333333333,0.0,0.0,0.0,0.0,0.0,1.0,1.0,0.3333333333333333,1.0,0.3883397794012319,0.0,69.17562724014341,0,GOOD
0.4122137404580153,0.3333333333333333,1.0,0.2307692307692307,0.3333333333333333,0.6666666666666665,0.5,0.0,1.0,0.0,0.2,0.6666666666666666,0.25,0.0,0.3333333333333333,0.3333333333333333,0.0,0.3066895860191949,0.0,40.860215053763504,0,AVERAGE
0.4127589967284624,0.6666666666666666,0.5,0.7692307692307693,0.6666666666666666,0.5555555555555556,0.5,1.0,0.5,0.3333333333333333,0.6000000000000001,0.3333333333333333,0.1666666666666666,0.0,0.3333333333333333,0.6666666666666666,0.0,0.4241512677266867,0.0,70.25089605734765,0,GOOD
0.4133042529989095,0.6666666666666666,0.5,0.3076923076923077,0.5,0.1111111111111111,0.5,0.3333333333333333,0.5,0.3333333333333333,0.8,0.0,0.0,0.0,0.0,0.6666666666666666,0.0,0.1829250823664231,0.0,57.70609318996415,0,AVERAGE
0.4138495092693566,0.3333333333333333,0.0,0.1538461538461538,0.5,0.3888888888888889,1.0,0.6666666666666666,0.5,0.0,0.2,0.0,0.1666666666666666,0.0,1.0,0.3333333333333333,0.0,0.2905027932960894,0.0,75.6272401433692,0,GOOD
0.4149400218102508,0.3333333333333333,0.0,0.9230769230769232,0.3333333333333333,0.4444444444444445,0.0,0.3333333333333333,1.0,0.0,1.0,0.3333333333333333,0.0833333333333333,1.0,0.0,0.3333333333333333,1.0,0.301102993840424,0.0,60.93189964157705,0,GOOD
0.4154852780806979,0.3333333333333333,0.0,0.2307692307692307,0.1666666666666666,0.1666666666666666,0.5,0.6666666666666666,1.0,0.0,0.8,1.0,0.3333333333333333,0.0,0.3333333333333333,0.3333333333333333,0.0,0.703624122618536,0.0,72.0430107526882,0,GOOD
0.416030534351145,0.3333333333333333,0.0,0.9230769230769232,0.3333333333333333,0.1666666666666666,0.0,1.0,0.5,0.0,0.8,1.0,0.1666666666666666,0.0,0.3333333333333333,0.3333333333333333,0.0,0.3392064174187079,0.0,81.72043010752691,0,EXCELLENT
0.4165757906215921,1.0,0.5,0.3846153846153846,1.0,0.4444444444444445,0.0,0.0,1.0,1.0,1.0,0.6666666666666666,0.0,0.3333333333333333,0.3333333333333333,1.0,0.3333333333333333,0.9462827675118178,0.0,5.017921146953456,0,CRITICAL
0.4171210468920392,0.3333333333333333,0.0,0.9230769230769232,0.1666666666666666,0.6666666666666665,1.0,1.0,0.5,0.0,0.6000000000000001,1.0,0.25,0.0,0.3333333333333333,0.3333333333333333,0.0,0.415986248388483,0.0,78.49462365591401,0,GOOD
0.4176663031624864,0.0,0.5,0.4615384615384615,0.1666666666666666,0.1666666666666666,1.0,0.0,0.0,0.6666666666666666,0.6000000000000001,0.6666666666666666,0.3333333333333333,0.6666666666666666,1.0,0.0,0.6666666666666666,0.9179200687580577,0.0,33.333333333333364,0,POOR
0.4182115594329335,0.3333333333333333,0.5,0.3076923076923077,0.3333333333333333,0.8888888888888888,1.0,1.0,0.0,0.0,1.0,1.0,0.25,1.0,0.6666666666666666,0.3333333333333333,1.0,0.4227188081936685,0.0,72.40143369175631,0,GOOD
0.4187568157033806,0.3333333333333333,0.5,0.5384615384615385,0.5,0.4444444444444445,0.5,1.0,0.5,0.0,0.0,1.0,0.3333333333333333,0.6666666666666666,0.0,0.3333333333333333,0.6666666666666666,0.3277467411545623,0.0,74.910394265233,0,GOOD
0.4193020719738277,0.6666666666666666,1.0,0.3846153846153846,0.3333333333333333,0.9444444444444444,1.0,0.3333333333333333,1.0,0.3333333333333333,0.0,1.0,0.25,1.0,0.3333333333333333,0.6666666666666666,1.0,0.5692594184214296,0.0,37.27598566308249,0,POOR
0.4203925845147219,0.3333333333333333,0.0,1.0,0.1666666666666666,0.3333333333333333,0.0,0.0,1.0,0.0,0.4,1.0,0.0833333333333333,0.3333333333333333,1.0,0.3333333333333333,0.3333333333333333,0.2108580432602779,0.0,44.086021505376316,0,AVERAGE
0.420937840785169,0.6666666666666666,0.5,0.2307692307692307,0.3333333333333333,0.4444444444444445,0.5,1.0,1.0,0.3333333333333333,0.0,0.0,0.0833333333333333,0.0,1.0,0.6666666666666666,0.0,0.24724251539894,0.0,82.43727598566313,0,EXCELLENT
0.4214830970556161,0.3333333333333333,0.0,0.1538461538461538,0.5,0.3333333333333333,0.0,0.3333333333333333,0.0,0.0,0.6000000000000001,1.0,0.3333333333333333,0.6666666666666666,0.0,0.3333333333333333,0.6666666666666666,0.3578283913479444,0.0,50.537634408602116,0,AVERAGE
0.4220283533260632,0.3333333333333333,0.0,0.7692307692307693,0.1666666666666666,0.4999999999999999,1.0,0.3333333333333333,0.5,0.0,0.2,1.0,0.3333333333333333,1.0,0.3333333333333333,0.3333333333333333,1.0,0.6417418707921501,0.0,54.83870967741935,0,AVERAGE
0.4225736095965103,0.6666666666666666,0.0,0.7692307692307693,0.5,0.4444444444444445,1.0,1.0,1.0,0.3333333333333333,0.0,0.6666666666666666,0.1666666666666666,0.6666666666666666,0.3333333333333333,0.6666666666666666,0.6666666666666666,0.140237788282481,0.0,70.60931899641585,0,GOOD
0.4231188658669575,0.3333333333333333,1.0,0.1538461538461538,0.1666666666666666,0.6666666666666665,0.0,0.0,0.0,0.0,0.4,0.6666666666666666,0.3333333333333333,0.6666666666666666,0.3333333333333333,0.3333333333333333,0.6666666666666666,0.522990975504942,0.0,44.08602150537641,0,AVERAGE
0.4236641221374046,0.0,0.5,0.0769230769230769,0.1666666666666666,0.8888888888888888,1.0,1.0,1.0,0.6666666666666666,0.4,1.0,0.0,0.3333333333333333,0.0,0.0,0.3333333333333333,0.7276894427732417,0.0,58.42293906810036,0,AVERAGE
0.4242093784078517,0.0,0.0,0.5384615384615385,0.1666666666666666,0.3333333333333333,0.0,0.6666666666666666,0.0,0.6666666666666666,0.6000000000000001,0.6666666666666666,0.3333333333333333,0.0,0.3333333333333333,0.0,0.0,0.927087809769374,0.0,56.98924731182793,0,AVERAGE
0.4247546346782988,0.6666666666666666,0.0,0.0,0.5,0.8888888888888888,1.0,0.6666666666666666,0.0,0.3333333333333333,0.0,0.3333333333333333,0.1666666666666666,0.6666666666666666,0.0,0.6666666666666666,0.6666666666666666,0.2470992694456381,0.0,56.2724014336918,0,AVERAGE
0.4252998909487459,0.3333333333333333,0.5,0.6923076923076923,0.5,0.2777777777777777,1.0,0.0,1.0,0.0,0.6000000000000001,0.6666666666666666,0.25,0.0,0.0,0.3333333333333333,0.0,0.4103996562097121,0.0,42.65232974910396,0,AVERAGE
0.4263904034896401,0.3333333333333333,0.5,0.3076923076923077,0.5,0.8888888888888888,0.5,0.3333333333333333,0.5,0.0,1.0,0.0,0.1666666666666666,0.3333333333333333,0.3333333333333333,0.3333333333333333,0.3333333333333333,0.1855035095258559,0.0,56.2724014336918,0,AVERAGE
0.4269356597600872,0.0,0.5,0.4615384615384615,0.0,0.6111111111111112,0.0,0.0,0.0,0.6666666666666666,0.6000000000000001,0.3333333333333333,0.0,0.6666666666666666,0.0,0.0,0.6666666666666666,0.9722102850594472,0.0,35.12544802867373,0,POOR
0.4274809160305344,0.3333333333333333,0.5,0.4615384615384615,0.1666666666666666,0.1666666666666666,0.0,0.0,0.0,0.0,0.0,0.0,0.0833333333333333,0.6666666666666666,1.0,0.3333333333333333,0.6666666666666666,0.3167168027503223,0.0,59.13978494623658,0,AVERAGE
0.4280261723009815,0.6666666666666666,1.0,0.4615384615384615,0.5,0.2222222222222222,1.0,1.0,0.5,0.3333333333333333,1.0,0.0,0.3333333333333333,1.0,1.0,0.6666666666666666,1.0,0.560951153129924,0.0,82.07885304659503,0,EXCELLENT
0.4285714285714286,0.3333333333333333,0.0,0.0769230769230769,0.1666666666666666,0.8333333333333333,0.5,0.0,0.5,0.0,0.6000000000000001,0.3333333333333333,0.25,0.0,0.0,0.3333333333333333,0.0,0.5450508523134221,0.0,46.23655913978488,0,AVERAGE
0.4291166848418757,1.0,0.0,0.5384615384615385,0.6666666666666666,0.3333333333333333,0.0,0.6666666666666666,0.5,1.0,0.6000000000000001,0.6666666666666666,0.3333333333333333,0.0,0.0,1.0,0.0,0.9547342787566252,0.0,38.70967741935484,0,POOR
0.4296619411123228,0.6666666666666666,1.0,0.0,0.5,0.7777777777777777,0.5,0.3333333333333333,0.0,0.3333333333333333,0.6000000000000001,1.0,0.0,0.6666666666666666,0.3333333333333333,0.6666666666666666,0.6666666666666666,0.2605643890560092,0.0,36.200716845878155,0,POOR
0.4302071973827699,0.3333333333333333,1.0,0.3076923076923077,0.5,0.2777777777777777,0.5,0.6666666666666666,0.0,0.0,0.8,0.3333333333333333,0.0833333333333333,0.3333333333333333,0.0,0.3333333333333333,0.3333333333333333,0.1210428305400372,0.0,72.75985663082433,0,GOOD
0.430752453653217,0.6666666666666666,0.0,1.0,0.3333333333333333,1.0,0.5,0.6666666666666666,0.5,0.3333333333333333,0.0,0.0,0.1666666666666666,0.0,0.6666666666666666,0.6666666666666666,0.0,0.6711072912190231,0.0,62.3655913978495,0,GOOD
0.4312977099236641,1.0,1.0,0.3076923076923077,0.8333333333333333,0.6111111111111112,0.0,0.6666666666666666,0.0,1.0,1.0,1.0,0.25,0.0,0.0,1.0,0.0,0.9528720813637014,0.0,27.59856630824369,0,POOR
0.4323882224645584,0.0,0.0,0.3846153846153846,0.1666666666666666,0.5555555555555556,1.0,1.0,0.5,0.6666666666666666,1.0,0.0,0.0,0.3333333333333333,0.3333333333333333,0.0,0.3333333333333333,0.6360120326600773,0.0,75.62724014336912,0,GOOD
0.4329334787350055,0.3333333333333333,1.0,0.4615384615384615,0.3333333333333333,0.7222222222222221,0.0,0.6666666666666666,0.0,0.0,0.8,0.3333333333333333,0.0,1.0,0.6666666666666666,0.3333333333333333,1.0,0.3452227474573843,0.0,70.25089605734765,0,GOOD
0.4334787350054526,0.6666666666666666,0.0,0.1538461538461538,0.3333333333333333,0.0555555555555555,1.0,0.0,1.0,0.3333333333333333,0.2,1.0,0.0,0.3333333333333333,0.3333333333333333,0.6666666666666666,0.3333333333333333,0.3144248674974932,0.0,35.84229390681005,0,POOR
0.4340239912758997,0.6666666666666666,1.0,0.6923076923076923,0.3333333333333333,0.5555555555555556,0.5,0.6666666666666666,0.5,0.3333333333333333,0.2,0.6666666666666666,0.25,1.0,1.0,0.6666666666666666,1.0,0.3820369574559519,0.0,59.4982078853047,0,AVERAGE
0.4345692475463468,0.3333333333333333,0.0,0.1538461538461538,0.1666666666666666,0.0555555555555555,1.0,0.6666666666666666,0.5,0.0,0.2,0.0,0.0833333333333333,0.6666666666666666,0.3333333333333333,0.3333333333333333,0.6666666666666666,0.4555221314997851,0.0,86.37992831541217,0,EXCELLENT
0.4351145038167939,0.3333333333333333,1.0,0.6153846153846154,0.3333333333333333,0.4444444444444445,1.0,1.0,0.5,0.0,0.6000000000000001,1.0,0.1666666666666666,0.6666666666666666,0.0,0.3333333333333333,0.6666666666666666,0.1885116745451941,0.0,78.13620071684589,0,GOOD
0.435659760087241,0.3333333333333333,0.0,0.6923076923076923,0.5,0.8333333333333333,1.0,1.0,0.5,0.0,0.0,0.6666666666666666,0.0833333333333333,0.3333333333333333,0.6666666666666666,0.3333333333333333,0.3333333333333333,0.1814926228334049,0.0,74.19354838709677,0,GOOD
0.4362050163576881,0.3333333333333333,0.0,0.2307692307692307,0.1666666666666666,0.6111111111111112,0.5,0.6666666666666666,1.0,0.0,0.6000000000000001,0.3333333333333333,0.25,1.0,1.0,0.3333333333333333,1.0,0.4841713221601489,0.0,74.91039426523291,0,GOOD
0.4367502726281352,1.0,0.5,0.0769230769230769,0.6666666666666666,0.3333333333333333,0.5,1.0,1.0,1.0,0.2,0.0,0.0833333333333333,0.6666666666666666,0.3333333333333333,1.0,0.6666666666666666,0.6676693883397794,0.0,60.21505376344083,0,GOOD
0.4372955288985823,0.6666666666666666,1.0,0.8461538461538463,0.6666666666666666,0.3333333333333333,0.0,1.0,0.5,0.3333333333333333,0.4,0.3333333333333333,0.25,0.3333333333333333,0.0,0.6666666666666666,0.3333333333333333,0.4476436040681851,0.0,73.11827956989244,0,GOOD
0.4389312977099237,1.0,0.0,0.0769230769230769,0.5,0.7222222222222221,0.0,0.0,0.0,1.0,0.4,0.3333333333333333,0.1666666666666666,0.3333333333333333,1.0,1.0,0.3333333333333333,0.680704770090245,0.0,15.412186379928293,0,CRITICAL
0.4394765539803708,0.0,1.0,0.4615384615384615,0.0,0.3333333333333333,1.0,1.0,0.5,0.6666666666666666,0.8,0.6666666666666666,0.0,0.3333333333333333,0.6666666666666666,0.0,0.3333333333333333,0.9005873084085374,0.0,73.11827956989244,0,GOOD
0.4400218102508179,0.3333333333333333,0.5,0.3076923076923077,0.1666666666666666,0.3888888888888889,0.5,0.0,0.0,0.0,0.2,0.0,0.25,1.0,0.6666666666666666,0.3333333333333333,1.0,0.5133934966337201,0.0,56.2724014336918,0,AVERAGE
0.440567066521265,0.3333333333333333,0.0,0.7692307692307693,0.5,0.4444444444444445,0.5,1.0,0.5,0.0,0.4,0.0,0.3333333333333333,0.3333333333333333,0.3333333333333333,0.3333333333333333,0.3333333333333333,0.3407821229050279,0.0,87.81362007168461,0,EXCELLENT
0.4411123227917121,0.3333333333333333,0.0,0.5384615384615385,0.1666666666666666,0.2777777777777777,1.0,1.0,1.0,0.0,0.2,1.0,0.1666666666666666,0.3333333333333333,0.0,0.3333333333333333,0.3333333333333333,0.275748460106002,0.0,83.51254480286737,0,EXCELLENT
0.4416575790621592,0.6666666666666666,0.0,0.6923076923076923,0.5,0.1111111111111111,0.0,0.0,0.5,0.3333333333333333,0.0,0.0,0.25,0.6666666666666666,0.3333333333333333,0.6666666666666666,0.6666666666666666,0.2555507806904455,0.0,44.802867383512535,0,AVERAGE
0.4422028353326063,0.6666666666666666,0.0,0.1538461538461538,0.3333333333333333,0.8333333333333333,1.0,0.3333333333333333,1.0,0.3333333333333333,0.6000000000000001,0.6666666666666666,0.3333333333333333,0.6666666666666666,0.6666666666666666,0.6666666666666666,0.6666666666666666,0.553072625698324,0.0,43.01075268817207,0,AVERAGE
0.4427480916030534,0.3333333333333333,1.0,0.1538461538461538,0.3333333333333333,0.8333333333333333,0.0,0.6666666666666666,0.0,0.0,0.0,0.3333333333333333,0.0,0.3333333333333333,0.3333333333333333,0.3333333333333333,0.3333333333333333,0.1885116745451941,0.0,68.81720430107521,0,GOOD
0.4432933478735005,0.3333333333333333,0.0,0.3846153846153846,0.1666666666666666,0.3333333333333333,0.5,0.0,0.0,0.0,1.0,0.0,0.25,0.3333333333333333,1.0,0.3333333333333333,0.3333333333333333,0.3483741584300243,0.0,56.98924731182793,0,AVERAGE
0.4438386041439476,0.3333333333333333,0.5,1.0,0.3333333333333333,0.3333333333333333,0.0,1.0,0.5,0.0,0.2,0.6666666666666666,0.0,0.3333333333333333,0.0,0.3333333333333333,0.3333333333333333,0.0593038246669531,0.0,83.87096774193549,0,EXCELLENT
0.4449291166848419,0.0,0.0,0.6153846153846154,0.1666666666666666,0.7777777777777777,1.0,1.0,1.0,0.6666666666666666,0.8,0.3333333333333333,0.0,1.0,0.3333333333333333,0.0,1.0,0.9944134078212292,0.0,68.45878136200709,0,GOOD
0.445474372955289,0.3333333333333333,1.0,0.6153846153846154,0.3333333333333333,0.2777777777777777,0.5,0.0,0.5,0.0,0.4,1.0,0.0833333333333333,0.0,0.0,0.3333333333333333,0.0,0.1743303251683139,0.0,41.57706093189963,0,AVERAGE
0.4460196292257361,0.3333333333333333,1.0,0.2307692307692307,0.5,0.7222222222222221,0.5,0.0,0.0,0.0,0.8,1.0,0.3333333333333333,0.3333333333333333,1.0,0.3333333333333333,0.3333333333333333,0.3967912906460392,0.0,32.61648745519714,0,POOR
0.4465648854961832,1.0,0.5,0.3076923076923077,0.6666666666666666,0.4999999999999999,0.5,0.0,1.0,1.0,1.0,0.6666666666666666,0.25,0.0,0.6666666666666666,1.0,0.0,0.7822661509812348,0.0,10.752688172043042,0,CRITICAL
0.4471101417666303,0.0,1.0,0.4615384615384615,0.1666666666666666,0.0555555555555555,0.5,0.3333333333333333,1.0,0.6666666666666666,0.0,1.0,0.0833333333333333,0.6666666666666666,0.6666666666666666,0.0,0.6666666666666666,0.9040252112877812,0.0,43.36917562724009,0,AVERAGE
0.4476553980370774,0.3333333333333333,1.0,0.4615384615384615,0.5,0.6666666666666665,0.5,0.0,0.0,0.0,0.6000000000000001,0.6666666666666666,0.1666666666666666,1.0,0.0,0.3333333333333333,1.0,0.3108437186649477,0.0,37.6344086021506,0,POOR
0.4482006543075245,0.6666666666666666,0.5,0.8461538461538463,0.3333333333333333,0.1111111111111111,1.0,0.6666666666666666,1.0,0.3333333333333333,1.0,1.0,0.3333333333333333,0.6666666666666666,0.3333333333333333,0.6666666666666666,0.6666666666666666,0.4840280762068471,0.0,60.93189964157705,0,GOOD
0.4487459105779716,0.3333333333333333,1.0,0.1538461538461538,0.3333333333333333,0.7777777777777777,0.0,0.0,1.0,0.0,0.0,0.6666666666666666,0.0833333333333333,0.0,1.0,0.3333333333333333,0.0,0.2627130783555365,0.0,39.42652329749106,0,POOR
0.4492911668484188,0.3333333333333333,0.5,0.5384615384615385,0.1666666666666666,0.2222222222222222,1.0,0.6666666666666666,0.0,0.0,0.2,0.3333333333333333,0.0,0.6666666666666666,0.0,0.3333333333333333,0.6666666666666666,0.2948001718951439,0.0,79.92831541218635,0,GOOD
0.4498364231188659,0.3333333333333333,1.0,0.6153846153846154,0.1666666666666666,0.0,0.5,1.0,0.0,0.0,0.6000000000000001,1.0,0.0,0.3333333333333333,0.0,0.3333333333333333,0.3333333333333333,0.4450651769087523,0.0,87.09677419354838,0,EXCELLENT
0.4509269356597601,0.3333333333333333,0.0,0.3846153846153846,0.3333333333333333,0.7222222222222221,0.5,0.0,0.5,0.0,0.2,0.6666666666666666,0.0833333333333333,1.0,0.3333333333333333,0.3333333333333333,1.0,0.2896433175762785,0.0,40.14336917562728,0,AVERAGE
0.4514721919302072,0.6666666666666666,1.0,0.8461538461538463,0.5,0.1666666666666666,0.5,0.3333333333333333,0.5,0.3333333333333333,1.0,0.6666666666666666,0.0833333333333333,0.0,1.0,0.6666666666666666,0.0,0.2193095545050852,0.0,48.38709677419364,0,AVERAGE
0.4520174482006543,0.3333333333333333,0.5,0.6923076923076923,0.3333333333333333,0.3888888888888889,0.5,1.0,1.0,0.0,0.8,0.6666666666666666,0.0,0.0,0.6666666666666666,0.3333333333333333,0.0,0.1378026070763501,0.0,83.15412186379936,0,EXCELLENT
0.4525627044711014,0.3333333333333333,1.0,0.7692307692307693,0.5,0.4444444444444445,0.5,0.3333333333333333,0.0,0.0,0.2,0.3333333333333333,0.3333333333333333,0.3333333333333333,0.0,0.3333333333333333,0.3333333333333333,0.3407821229050279,0.0,57.70609318996415,0,AVERAGE
0.4531079607415485,0.3333333333333333,1.0,0.2307692307692307,0.1666666666666666,0.8888888888888888,0.0,1.0,1.0,0.0,0.2,0.6666666666666666,0.0833333333333333,0.0,0.3333333333333333,0.3333333333333333,0.0,0.4558086234063888,0.0,79.92831541218645,0,GOOD
0.4536532170119957,0.3333333333333333,0.0,0.0,0.1666666666666666,0.3333333333333333,0.0,0.3333333333333333,0.5,0.0,0.6000000000000001,1.0,0.1666666666666666,1.0,0.3333333333333333,0.3333333333333333,1.0,0.5225612376450365,0.0,56.98924731182793,0,AVERAGE
0.4541984732824428,0.3333333333333333,0.5,1.0,0.3333333333333333,0.7777777777777777,0.5,0.0,0.0,0.0,0.6000000000000001,0.6666666666666666,0.3333333333333333,0.3333333333333333,0.3333333333333333,0.3333333333333333,0.3333333333333333,0.4708494485030797,0.0,39.42652329749106,0,POOR
0.4547437295528899,0.6666666666666666,0.5,0.3076923076923077,0.6666666666666666,0.6111111111111112,0.5,0.0,1.0,0.3333333333333333,0.8,1.0,0.1666666666666666,0.3333333333333333,0.6666666666666666,0.6666666666666666,0.3333333333333333,0.2622833404956309,0.0,22.222222222222214,0,POOR
0.455288985823337,0.6666666666666666,0.5,0.6153846153846154,0.3333333333333333,0.7222222222222221,1.0,0.0,0.5,0.3333333333333333,0.0,0.0,0.3333333333333333,0.0,0.3333333333333333,0.6666666666666666,0.0,0.522990975504942,0.0,40.14336917562728,0,AVERAGE
0.4558342420937841,0.3333333333333333,1.0,0.3846153846153846,0.5,0.6666666666666665,0.0,0.3333333333333333,0.0,0.0,0.4,0.3333333333333333,0.0833333333333333,1.0,0.3333333333333333,0.3333333333333333,1.0,0.3266007735281478,0.0,54.83870967741935,0,AVERAGE
0.4569247546346783,0.6666666666666666,0.5,0.1538461538461538,0.3333333333333333,0.1666666666666666,0.0,1.0,1.0,0.3333333333333333,0.6000000000000001,0.0,0.1666666666666666,1.0,0.6666666666666666,0.6666666666666666,1.0,0.5292937974502221,0.0,86.02150537634414,0,EXCELLENT
0.4574700109051254,0.6666666666666666,0.0,0.0769230769230769,0.5,0.7222222222222221,0.5,1.0,0.0,0.3333333333333333,0.0,0.6666666666666666,0.25,0.0,0.0,0.6666666666666666,0.0,0.3202979515828678,0.0,67.02508960573483,0,GOOD
0.4580152671755725,0.3333333333333333,0.0,0.0769230769230769,0.5,0.6666666666666665,0.5,0.6666666666666666,0.5,0.0,0.4,0.6666666666666666,0.25,0.6666666666666666,0.3333333333333333,0.3333333333333333,0.6666666666666666,0.2602778971494056,0.0,63.44086021505383,0,GOOD
0.4585605234460196,0.3333333333333333,0.0,0.3076923076923077,0.1666666666666666,0.8333333333333333,0.0,0.6666666666666666,0.5,0.0,0.2,0.3333333333333333,0.3333333333333333,0.0,0.0,0.3333333333333333,0.0,0.7070620254977796,0.0,72.0430107526881,0,GOOD
0.4591057797164667,0.3333333333333333,1.0,0.9230769230769232,0.3333333333333333,0.8888888888888888,0.5,0.3333333333333333,0.0,0.0,0.8,0.6666666666666666,0.0,0.3333333333333333,0.6666666666666666,0.3333333333333333,0.3333333333333333,0.1920928233777395,0.0,50.89605734767032,0,AVERAGE
0.4596510359869138,0.6666666666666666,0.5,0.6923076923076923,0.5,1.0,1.0,0.0,0.0,0.3333333333333333,0.0,0.6666666666666666,0.25,1.0,0.0,0.6666666666666666,1.0,0.556224036670964,0.0,24.731182795698984,0,POOR
0.460196292257361,0.3333333333333333,0.0,0.3076923076923077,0.5,0.2777777777777777,0.5,1.0,1.0,0.0,0.8,0.3333333333333333,0.0,0.6666666666666666,1.0,0.3333333333333333,0.6666666666666666,0.1686004870362412,0.0,85.66308243727595,0,EXCELLENT
0.4607415485278081,0.0,0.0,0.8461538461538463,0.1666666666666666,0.7222222222222221,0.5,0.0,1.0,0.6666666666666666,0.6000000000000001,0.3333333333333333,0.0833333333333333,0.3333333333333333,0.3333333333333333,0.0,0.3333333333333333,0.5991978226615098,0.0,30.46594982078848,0,POOR
0.4618320610687023,0.3333333333333333,1.0,0.0,0.1666666666666666,0.1111111111111111,0.0,0.3333333333333333,0.0,0.0,0.8,0.6666666666666666,0.25,0.0,0.6666666666666666,0.3333333333333333,0.0,0.5991978226615098,0.0,64.15770609318996,0,GOOD
0.4623773173391494,0.3333333333333333,0.5,0.1538461538461538,0.1666666666666666,0.7222222222222221,0.5,1.0,0.0,0.0,1.0,0.0,0.3333333333333333,0.6666666666666666,0.0,0.3333333333333333,0.6666666666666666,0.5434751468271021,0.0,90.6810035842294,0,EXCELLENT
0.4629225736095965,0.3333333333333333,1.0,0.5384615384615385,0.5,0.3333333333333333,0.0,0.3333333333333333,0.5,0.0,0.4,0.3333333333333333,0.25,0.3333333333333333,0.0,0.3333333333333333,0.3333333333333333,0.2834837415843002,0.0,59.139784946236496,0,AVERAGE
0.4634678298800436,0.6666666666666666,0.0,0.0769230769230769,0.5,0.3333333333333333,1.0,0.3333333333333333,0.5,0.3333333333333333,0.4,1.0,0.3333333333333333,0.3333333333333333,0.0,0.6666666666666666,0.3333333333333333,0.4301675977653632,0.0,41.935483870967744,0,AVERAGE
0.4640130861504907,0.6666666666666666,0.0,0.7692307692307693,0.3333333333333333,0.0555555555555555,0.5,0.3333333333333333,0.0,0.3333333333333333,0.8,0.3333333333333333,0.3333333333333333,0.0,0.3333333333333333,0.6666666666666666,0.0,0.794012319151984,0.0,57.34767025089603,0,AVERAGE
0.4645583424209378,0.6666666666666666,0.5,0.5384615384615385,0.5,0.6111111111111112,0.5,0.3333333333333333,0.5,0.3333333333333333,1.0,0.3333333333333333,0.1666666666666666,0.6666666666666666,0.0,0.6666666666666666,0.6666666666666666,0.1482595616673828,0.0,46.953405017921106,0,AVERAGE
0.4651035986913849,1.0,0.0,0.1538461538461538,0.5,0.4444444444444445,0.5,0.6666666666666666,1.0,1.0,0.8,0.3333333333333333,0.25,0.3333333333333333,0.0,1.0,0.3333333333333333,0.6484744305973357,0.0,44.802867383512535,0,AVERAGE
0.465648854961832,0.3333333333333333,0.0,0.3846153846153846,0.5,0.4444444444444445,0.5,0.3333333333333333,0.5,0.0,1.0,0.3333333333333333,0.1666666666666666,0.6666666666666666,0.6666666666666666,0.3333333333333333,0.6666666666666666,0.1740438332617103,0.0,57.70609318996415,0,AVERAGE
0.4661941112322792,1.0,0.0,0.5384615384615385,0.8333333333333333,0.6666666666666665,0.5,0.6666666666666666,1.0,1.0,1.0,1.0,0.25,0.3333333333333333,0.3333333333333333,1.0,0.3333333333333333,0.8962899298094829,0.0,26.88172043010756,0,POOR
0.4667393675027263,0.6666666666666666,1.0,0.9230769230769232,0.3333333333333333,0.5555555555555556,0.5,0.0,1.0,0.3333333333333333,1.0,0.3333333333333333,0.0,0.0,1.0,0.6666666666666666,0.0,0.1716086520555794,0.0,37.99283154121862,0,POOR
0.4678298800436205,1.0,0.5,0.6923076923076923,0.5,0.8333333333333333,1.0,1.0,1.0,1.0,0.4,0.0,0.0,1.0,1.0,1.0,1.0,0.8709353960750609,0.0,56.98924731182793,0,AVERAGE
0.4683751363140676,0.6666666666666666,0.0,1.0,0.5,0.2222222222222222,0.0,0.6666666666666666,1.0,0.3333333333333333,0.4,0.3333333333333333,0.1666666666666666,0.6666666666666666,0.3333333333333333,0.6666666666666666,0.6666666666666666,0.156854318865492,0.0,64.87455197132618,0,GOOD
0.4689203925845147,0.6666666666666666,1.0,1.0,0.5,0.3888888888888889,0.5,1.0,0.5,0.3333333333333333,0.2,0.6666666666666666,0.0,1.0,0.6666666666666666,0.6666666666666666,1.0,0.2850594470706202,0.0,71.32616487455208,0,GOOD
0.4694656488549618,0.6666666666666666,0.5,0.3846153846153846,0.6666666666666666,0.2222222222222222,0.0,1.0,0.0,0.3333333333333333,0.4,0.3333333333333333,0.1666666666666666,0.0,1.0,0.6666666666666666,0.0,0.4883254548059018,0.0,74.55197132616489,0,GOOD
0.4700109051254089,0.6666666666666666,1.0,0.6923076923076923,0.5,0.1666666666666666,1.0,1.0,1.0,0.3333333333333333,0.2,1.0,0.0833333333333333,0.6666666666666666,0.0,0.6666666666666666,0.6666666666666666,0.1379458530296519,0.0,69.89247311827963,0,GOOD
0.4705561613958561,0.3333333333333333,0.0,0.4615384615384615,0.1666666666666666,0.4444444444444445,0.5,0.3333333333333333,1.0,0.0,0.6000000000000001,0.0,0.0,0.3333333333333333,0.0,0.3333333333333333,0.3333333333333333,0.1938117748173614,0.0,68.45878136200719,0,GOOD
0.4711014176663032,0.6666666666666666,1.0,0.0769230769230769,0.3333333333333333,1.0,0.5,0.3333333333333333,1.0,0.3333333333333333,0.6000000000000001,0.0,0.0833333333333333,0.6666666666666666,1.0,0.6666666666666666,0.6666666666666666,0.5414697034808766,0.0,49.46236559139788,0,AVERAGE
0.4716466739367503,0.3333333333333333,0.0,0.9230769230769232,0.1666666666666666,0.8333333333333333,0.0,1.0,1.0,0.0,0.8,0.3333333333333333,0.3333333333333333,0.3333333333333333,1.0,0.3333333333333333,0.3333333333333333,0.6130926801317862,0.0,84.94623655913972,0,EXCELLENT
0.4721919302071974,0.6666666666666666,1.0,0.0,0.6666666666666666,0.3333333333333333,1.0,0.3333333333333333,0.0,0.3333333333333333,0.4,0.6666666666666666,0.0833333333333333,0.0,0.3333333333333333,0.6666666666666666,0.0,0.3615527861337917,0.0,43.01075268817207,0,AVERAGE
0.4727371864776445,1.0,0.5,0.2307692307692307,0.6666666666666666,0.0555555555555555,1.0,0.6666666666666666,0.5,1.0,0.2,1.0,0.25,0.3333333333333333,0.0,1.0,0.3333333333333333,0.8123478011746168,0.0,37.99283154121862,0,POOR
0.4738276990185387,1.0,0.0,0.3076923076923077,0.6666666666666666,0.4444444444444445,0.0,1.0,0.5,1.0,0.0,0.3333333333333333,0.3333333333333333,0.3333333333333333,0.6666666666666666,1.0,0.3333333333333333,0.8606216874373299,0.0,54.480286738351246,0,AVERAGE
0.4743729552889858,0.3333333333333333,0.0,0.6153846153846154,0.5,0.1666666666666666,0.0,0.6666666666666666,0.0,0.0,0.2,1.0,0.0833333333333333,1.0,0.6666666666666666,0.3333333333333333,1.0,0.3966480446927374,0.0,65.5913978494624,0,GOOD
0.474918211559433,0.6666666666666666,1.0,0.1538461538461538,0.5,0.4444444444444445,1.0,0.3333333333333333,0.5,0.3333333333333333,1.0,0.0,0.0833333333333333,1.0,0.6666666666666666,0.6666666666666666,1.0,0.2311989686291362,0.0,53.405017921147,0,AVERAGE
0.4754634678298801,0.3333333333333333,0.0,0.6153846153846154,0.5,0.3333333333333333,0.0,1.0,0.5,0.0,0.2,0.3333333333333333,0.3333333333333333,1.0,0.0,0.3333333333333333,1.0,0.5714081077209568,0.0,84.94623655913972,0,EXCELLENT
0.4760087241003272,0.3333333333333333,0.5,0.8461538461538463,0.3333333333333333,0.2222222222222222,0.5,0.0,0.0,0.0,0.0,1.0,0.25,0.0,0.3333333333333333,0.3333333333333333,0.0,0.37716659504369,0.0,42.29390681003585,0,AVERAGE
0.4765539803707743,0.3333333333333333,1.0,0.0769230769230769,0.3333333333333333,0.8888888888888888,0.5,1.0,1.0,0.0,0.2,0.6666666666666666,0.0,0.0,0.0,0.3333333333333333,0.0,0.3679988540323736,0.0,76.70250896057354,0,GOOD
0.4770992366412214,0.6666666666666666,0.5,0.7692307692307693,0.6666666666666666,0.2777777777777777,0.0,1.0,1.0,0.3333333333333333,0.0,1.0,0.1666666666666666,0.6666666666666666,0.3333333333333333,0.6666666666666666,0.6666666666666666,0.2622833404956309,0.0,65.23297491039428,0,GOOD
0.4776444929116685,0.3333333333333333,1.0,0.6153846153846154,0.3333333333333333,1.0,1.0,0.6666666666666666,1.0,0.0,0.4,0.6666666666666666,0.1666666666666666,0.3333333333333333,1.0,0.3333333333333333,0.3333333333333333,0.4029508666380175,0.0,62.3655913978495,0,GOOD
0.4781897491821156,0.3333333333333333,1.0,0.0769230769230769,0.1666666666666666,0.9444444444444444,0.5,1.0,0.5,0.0,0.6000000000000001,0.0,0.25,0.0,0.6666666666666666,0.3333333333333333,0.0,0.6507663658501648,0.0,87.81362007168461,0,EXCELLENT
0.4787350054525627,0.3333333333333333,0.5,0.6153846153846154,0.1666666666666666,0.3333333333333333,1.0,0.6666666666666666,0.0,0.0,1.0,0.0,0.0,0.6666666666666666,0.3333333333333333,0.3333333333333333,0.6666666666666666,0.267010456954591,0.0,82.79569892473116,0,EXCELLENT
0.4798255179934569,0.6666666666666666,0.0,0.6153846153846154,0.3333333333333333,0.6111111111111112,0.0,0.3333333333333333,0.0,0.3333333333333333,1.0,0.3333333333333333,0.1666666666666666,0.0,0.3333333333333333,0.6666666666666666,0.0,0.3425010743446497,0.0,50.17921146953401,0,AVERAGE
0.480370774263904,0.6666666666666666,0.5,0.4615384615384615,0.5,0.2777777777777777,1.0,0.6666666666666666,0.5,0.3333333333333333,0.8,0.3333333333333333,0.0,1.0,1.0,0.6666666666666666,1.0,0.3243088382753187,0.0,64.15770609318996,0,GOOD
0.4809160305343511,0.3333333333333333,0.0,0.9230769230769232,0.5,0.9444444444444444,0.5,0.3333333333333333,0.0,0.0,1.0,0.6666666666666666,0.1666666666666666,1.0,1.0,0.3333333333333333,1.0,0.4509382609941269,0.0,46.9534050179212,0,AVERAGE
0.4814612868047982,1.0,0.5,0.3846153846153846,0.6666666666666666,0.7777777777777777,0.0,0.6666666666666666,0.0,1.0,0.2,1.0,0.1666666666666666,0.3333333333333333,0.3333333333333333,1.0,0.3333333333333333,0.6900157570548632,0.0,28.673835125448015,0,POOR
0.4820065430752454,0.0,0.0,0.8461538461538463,0.0,0.4999999999999999,0.0,1.0,1.0,0.6666666666666666,0.2,1.0,0.3333333333333333,0.6666666666666666,0.0,0.0,0.6666666666666666,0.9989972783268872,0.0,66.66666666666664,0,GOOD
0.4825517993456925,0.3333333333333333,0.0,0.6923076923076923,0.1666666666666666,0.7222222222222221,1.0,0.3333333333333333,1.0,0.0,0.2,0.6666666666666666,0.1666666666666666,0.0,0.3333333333333333,0.3333333333333333,0.0,0.4075347371436756,0.0,56.2724014336918,0,AVERAGE
0.4830970556161396,0.6666666666666666,0.5,0.8461538461538463,0.3333333333333333,0.4444444444444445,0.5,0.3333333333333333,1.0,0.3333333333333333,0.6000000000000001,1.0,0.25,1.0,1.0,0.6666666666666666,1.0,0.3942128634866065,0.0,43.727598566308295,0,AVERAGE
0.4836423118865867,0.3333333333333333,0.5,0.1538461538461538,0.5,0.5555555555555556,0.5,0.3333333333333333,0.5,0.0,1.0,0.0,0.0,1.0,0.6666666666666666,0.3333333333333333,1.0,0.3291792006875806,0.0,60.57347670250894,0,GOOD
0.4847328244274809,0.3333333333333333,0.0,0.6153846153846154,0.5,0.4444444444444445,1.0,0.6666666666666666,1.0,0.0,1.0,0.3333333333333333,0.0833333333333333,0.3333333333333333,1.0,0.3333333333333333,0.3333333333333333,0.1230482738862627,0.0,70.60931899641577,0,GOOD
0.485278080697928,0.0,0.0,0.2307692307692307,0.1666666666666666,0.7222222222222221,0.0,0.0,0.5,0.6666666666666666,0.2,0.3333333333333333,0.0833333333333333,0.0,0.0,0.0,0.0,0.6553502363558229,0.0,30.46594982078848,0,POOR
0.4858233369683751,0.6666666666666666,0.0,0.1538461538461538,0.3333333333333333,0.2777777777777777,0.5,0.0,0.0,0.3333333333333333,0.8,0.3333333333333333,0.3333333333333333,0.6666666666666666,0.0,0.6666666666666666,0.6666666666666666,0.4311703194384759,0.0,41.57706093189963,0,AVERAGE
0.4863685932388222,0.6666666666666666,0.0,0.7692307692307693,0.5,0.8333333333333333,0.5,0.3333333333333333,0.0,0.3333333333333333,0.8,0.6666666666666666,0.0833333333333333,1.0,0.0,0.6666666666666666,1.0,0.3237358544621114,0.0,39.78494623655917,0,POOR
0.4869138495092693,0.3333333333333333,0.0,0.5384615384615385,0.1666666666666666,0.0555555555555555,1.0,0.6666666666666666,0.5,0.0,0.0,0.6666666666666666,0.25,1.0,0.0,0.3333333333333333,1.0,0.761495487752471,0.0,77.77777777777779,0,GOOD
0.4874591057797164,0.3333333333333333,0.5,0.4615384615384615,0.1666666666666666,0.7777777777777777,1.0,0.0,0.0,0.0,0.0,0.6666666666666666,0.0,1.0,0.6666666666666666,0.3333333333333333,1.0,0.4227188081936685,0.0,42.65232974910396,0,AVERAGE
0.4880043620501636,0.0,1.0,0.0769230769230769,0.1666666666666666,0.3888888888888889,0.5,0.0,0.0,0.6666666666666666,0.2,0.6666666666666666,0.1666666666666666,0.0,1.0,0.0,0.0,0.7494628276751182,0.0,30.465949820788573,0,POOR
0.4885496183206107,0.3333333333333333,0.0,0.5384615384615385,0.1666666666666666,0.8333333333333333,0.5,0.3333333333333333,1.0,0.0,0.8,1.0,0.1666666666666666,0.6666666666666666,0.3333333333333333,0.3333333333333333,0.6666666666666666,0.3745881678842572,0.0,50.537634408602116,0,AVERAGE
0.4890948745910578,0.6666666666666666,1.0,0.0,0.3333333333333333,0.1111111111111111,0.0,1.0,1.0,0.3333333333333333,0.8,1.0,0.0833333333333333,0.3333333333333333,0.3333333333333333,0.6666666666666666,0.3333333333333333,0.2996705343074058,0.0,73.83512544802866,0,GOOD
0.490185387131952,0.3333333333333333,1.0,0.6153846153846154,0.3333333333333333,0.4999999999999999,0.5,0.3333333333333333,0.0,0.0,1.0,0.0,0.25,0.0,0.0,0.3333333333333333,0.0,0.3122761781979659,0.0,64.51612903225806,0,GOOD
0.4907306434023991,0.6666666666666666,1.0,0.3846153846153846,0.5,0.2777777777777777,0.0,0.6666666666666666,0.0,0.3333333333333333,0.0,1.0,0.3333333333333333,0.0,0.6666666666666666,0.6666666666666666,0.0,0.5267153702907893,0.0,55.55555555555558,0,AVERAGE
0.4912758996728462,0.6666666666666666,0.5,0.6923076923076923,0.3333333333333333,0.3888888888888889,1.0,0.0,1.0,0.3333333333333333,0.2,0.6666666666666666,0.25,0.3333333333333333,0.0,0.6666666666666666,0.3333333333333333,0.3111302105715513,0.0,35.842293906810134,0,POOR
0.4918211559432934,0.6666666666666666,0.5,0.6153846153846154,0.5,0.2777777777777777,1.0,0.6666666666666666,0.0,0.3333333333333333,0.4,0.3333333333333333,0.25,1.0,0.3333333333333333,0.6666666666666666,1.0,0.3402091390918206,0.0,64.15770609318996,0,GOOD
0.4923664122137405,0.6666666666666666,0.5,0.7692307692307693,0.3333333333333333,0.6666666666666665,1.0,0.0,1.0,0.3333333333333333,0.0,1.0,0.0,0.3333333333333333,1.0,0.6666666666666666,0.3333333333333333,0.1428162154419137,0.0,27.956989247311885,0,POOR
0.4929116684841876,0.6666666666666666,0.0,0.9230769230769232,0.3333333333333333,1.0,0.0,0.0,0.0,0.3333333333333333,0.2,1.0,0.0,0.3333333333333333,0.3333333333333333,0.6666666666666666,0.3333333333333333,0.5116745451940983,0.0,23.655913978494656,0,POOR
0.4934569247546347,0.6666666666666666,1.0,0.1538461538461538,0.5,0.6111111111111112,0.0,1.0,0.5,0.3333333333333333,0.6000000000000001,0.6666666666666666,0.0833333333333333,1.0,0.3333333333333333,0.6666666666666666,1.0,0.2290502793296089,0.0,68.45878136200719,0,GOOD
0.4940021810250818,0.3333333333333333,1.0,0.0,0.1666666666666666,0.2777777777777777,0.5,0.0,0.0,0.0,0.0,1.0,0.0833333333333333,0.0,1.0,0.3333333333333333,0.0,0.2856324308838275,0.0,44.802867383512535,0,AVERAGE
0.4945474372955289,0.6666666666666666,0.0,0.5384615384615385,0.6666666666666666,0.2777777777777777,0.5,0.6666666666666666,0.5,0.3333333333333333,0.0,0.0,0.1666666666666666,0.3333333333333333,0.6666666666666666,0.6666666666666666,0.3333333333333333,0.3635582294800172,0.0,65.23297491039428,0,GOOD
0.495092693565976,0.6666666666666666,0.5,0.6153846153846154,0.6666666666666666,0.6666666666666665,0.0,0.0,0.0,0.3333333333333333,0.8,0.3333333333333333,0.25,0.0,1.0,0.6666666666666666,0.0,0.4364704197106431,0.0,30.10752688172046,0,POOR
0.4967284623773174,1.0,0.5,0.0,0.6666666666666666,0.8888888888888888,0.5,0.0,0.0,1.0,0.2,1.0,0.3333333333333333,1.0,0.3333333333333333,1.0,1.0,0.9510098839707778,0.0,1.4336917562724423,0,CRITICAL
0.4972737186477645,0.3333333333333333,0.5,0.1538461538461538,0.5,0.1111111111111111,0.5,1.0,1.0,0.0,0.2,0.6666666666666666,0.0833333333333333,1.0,1.0,0.3333333333333333,1.0,0.5175476292794728,0.0,83.51254480286737,0,EXCELLENT
0.4978189749182116,0.3333333333333333,0.5,1.0,0.1666666666666666,0.1666666666666666,0.0,1.0,0.0,0.0,1.0,0.6666666666666666,0.0833333333333333,0.3333333333333333,0.0,0.3333333333333333,0.3333333333333333,0.2667239650479874,0.0,89.24731182795705,0,EXCELLENT
0.4983642311886587,0.3333333333333333,0.0,0.0769230769230769,0.3333333333333333,0.8333333333333333,1.0,1.0,0.5,0.0,1.0,1.0,0.3333333333333333,1.0,1.0,0.3333333333333333,1.0,0.592751754762928,0.0,73.11827956989244,0,GOOD
0.4989094874591058,0.0,0.5,1.0,0.1666666666666666,0.7777777777777777,0.0,0.6666666666666666,0.0,0.6666666666666666,0.6000000000000001,0.3333333333333333,0.0833333333333333,0.3333333333333333,0.6666666666666666,0.0,0.3333333333333333,0.606933104139808,0.0,55.55555555555548,0,AVERAGE
0.4994547437295529,0.3333333333333333,0.5,0.6923076923076923,0.1666666666666666,0.1111111111111111,1.0,0.3333333333333333,1.0,0.0,1.0,0.0,0.3333333333333333,0.3333333333333333,1.0,0.3333333333333333,0.3333333333333333,0.5991978226615098,0.0,72.75985663082433,0,GOOD
0.5,0.6666666666666666,0.0,0.3846153846153846,0.6666666666666666,0.4999999999999999,1.0,0.3333333333333333,0.5,0.3333333333333333,0.8,0.0,0.25,0.0,0.0,0.6666666666666666,0.0,0.4851740438332617,0.0,49.46236559139788,0,AVERAGE
0.5005452562704471,0.3333333333333333,1.0,0.6923076923076923,0.1666666666666666,1.0,1.0,0.6666666666666666,0.5,0.0,1.0,0.3333333333333333,0.1666666666666666,1.0,0.6666666666666666,0.3333333333333333,1.0,0.6639449935539321,0.0,69.89247311827954,0,GOOD
0.5010905125408942,1.0,0.5,0.6153846153846154,0.8333333333333333,0.4999999999999999,1.0,1.0,1.0,1.0,0.2,0.6666666666666666,0.0833333333333333,1.0,1.0,1.0,1.0,0.996132359260851,0.0,46.23655913978498,0,AVERAGE
0.5021810250817884,0.6666666666666666,1.0,0.5384615384615385,0.3333333333333333,0.3888888888888889,0.5,0.0,0.5,0.3333333333333333,0.0,0.6666666666666666,0.3333333333333333,0.3333333333333333,0.3333333333333333,0.6666666666666666,0.3333333333333333,0.501504082509669,0.0,35.842293906810134,0,POOR
0.5027262813522356,0.6666666666666666,0.0,0.2307692307692307,0.6666666666666666,0.7777777777777777,1.0,0.3333333333333333,0.5,0.3333333333333333,0.8,0.3333333333333333,0.1666666666666666,0.6666666666666666,1.0,0.6666666666666666,0.6666666666666666,0.3144248674974932,0.0,41.57706093189963,0,AVERAGE
0.5032715376226827,0.3333333333333333,1.0,0.0,0.5,1.0,0.0,0.3333333333333333,0.5,0.0,0.4,0.0,0.3333333333333333,1.0,0.3333333333333333,0.3333333333333333,1.0,0.791577137945853,0.0,54.83870967741935,0,AVERAGE
0.5038167938931298,0.3333333333333333,1.0,0.3076923076923077,0.3333333333333333,0.4999999999999999,0.5,0.0,1.0,0.0,0.6000000000000001,0.6666666666666666,0.0833333333333333,0.6666666666666666,1.0,0.3333333333333333,0.6666666666666666,0.0613092680131786,0.0,43.01075268817207,0,AVERAGE
0.5043620501635769,0.3333333333333333,0.0,1.0,0.3333333333333333,0.5555555555555556,0.0,1.0,1.0,0.0,1.0,1.0,0.1666666666666666,1.0,1.0,0.3333333333333333,1.0,0.2592751754762928,0.0,76.70250896057345,0,GOOD
0.504907306434024,0.6666666666666666,0.0,0.7692307692307693,0.6666666666666666,0.3888888888888889,0.5,0.0,0.0,0.3333333333333333,0.8,0.0,0.25,0.3333333333333333,0.3333333333333333,0.6666666666666666,0.3333333333333333,0.4241512677266867,0.0,37.992831541218706,0,POOR
0.5054525627044711,0.3333333333333333,0.5,0.6153846153846154,0.5,1.0,1.0,0.3333333333333333,1.0,0.0,0.4,1.0,0.1666666666666666,0.3333333333333333,1.0,0.3333333333333333,0.3333333333333333,0.3807477438762355,0.0,41.935483870967744,0,AVERAGE
0.5059978189749182,0.3333333333333333,1.0,0.3076923076923077,0.1666666666666666,0.0555555555555555,0.5,1.0,1.0,0.0,0.4,0.3333333333333333,0.0,0.6666666666666666,0.3333333333333333,0.3333333333333333,0.6666666666666666,0.4946282767511818,0.0,94.98207885304654,0,EXCELLENT
0.5065430752453653,0.3333333333333333,1.0,0.8461538461538463,0.3333333333333333,0.7222222222222221,1.0,0.3333333333333333,0.5,0.0,1.0,1.0,0.25,0.0,0.0,0.3333333333333333,0.0,0.3276034952012606,0.0,48.74551971326166,0,AVERAGE
0.5076335877862596,0.3333333333333333,0.0,0.2307692307692307,0.5,0.1111111111111111,0.0,1.0,1.0,0.0,1.0,0.6666666666666666,0.1666666666666666,1.0,0.6666666666666666,0.3333333333333333,1.0,0.5123907749606074,0.0,83.51254480286737,0,EXCELLENT
0.5081788440567067,0.6666666666666666,0.5,0.3076923076923077,0.6666666666666666,0.9444444444444444,0.0,0.3333333333333333,0.5,0.3333333333333333,1.0,0.3333333333333333,0.1666666666666666,0.0,0.3333333333333333,0.6666666666666666,0.0,0.5976221171751898,0.0,39.42652329749106,0,POOR
0.5087241003271538,0.0,0.5,0.3076923076923077,0.0,0.6111111111111112,1.0,0.0,1.0,0.6666666666666666,0.0,1.0,0.25,0.6666666666666666,1.0,0.0,0.6666666666666666,0.9210714797306976,0.0,26.523297491039354,0,POOR
0.5092693565976009,0.6666666666666666,0.0,1.0,0.5,0.2222222222222222,0.5,1.0,0.5,0.3333333333333333,0.4,0.3333333333333333,0.0833333333333333,0.6666666666666666,0.3333333333333333,0.6666666666666666,0.6666666666666666,0.1015613808909898,0.0,77.77777777777779,0,GOOD
0.509814612868048,0.6666666666666666,0.0,0.3846153846153846,0.6666666666666666,0.7777777777777777,0.5,0.0,0.0,0.3333333333333333,0.8,0.3333333333333333,0.0833333333333333,0.0,0.0,0.6666666666666666,0.0,0.3876235496347228,0.0,28.673835125448015,0,POOR
0.5103598691384951,0.3333333333333333,0.5,0.0769230769230769,0.1666666666666666,0.0555555555555555,0.0,1.0,1.0,0.0,0.6000000000000001,0.3333333333333333,0.0833333333333333,0.6666666666666666,0.0,0.3333333333333333,0.6666666666666666,0.4555221314997851,0.0,94.98207885304654,0,EXCELLENT
0.5109051254089422,1.0,0.5,0.9230769230769232,0.5,0.6666666666666665,1.0,0.3333333333333333,0.5,1.0,0.0,0.0,0.0,0.0,0.0,1.0,0.0,0.5005013608365564,0.0,33.333333333333364,0,POOR
0.5114503816793894,0.3333333333333333,0.0,0.0769230769230769,0.1666666666666666,0.9444444444444444,0.0,1.0,1.0,0.0,0.6000000000000001,1.0,0.0,1.0,1.0,0.3333333333333333,1.0,0.5964761495487753,0.0,74.910394265233,0,GOOD
0.5119956379498365,0.0,1.0,1.0,0.1666666666666666,0.5555555555555556,1.0,1.0,1.0,0.6666666666666666,1.0,0.0,0.0833333333333333,1.0,1.0,0.0,1.0,0.9104712791863632,0.0,75.62724014336912,0,GOOD
0.5125408942202836,0.6666666666666666,1.0,1.0,0.5,1.0,0.5,0.6666666666666666,0.5,0.3333333333333333,0.4,1.0,0.0833333333333333,0.0,0.3333333333333333,0.6666666666666666,0.0,0.5360263572554076,0.0,46.23655913978498,0,AVERAGE
0.5136314067611778,1.0,0.5,0.0,0.5,0.3333333333333333,0.5,0.3333333333333333,1.0,1.0,0.8,1.0,0.0,1.0,0.3333333333333333,1.0,1.0,0.6805615241369432,0.0,24.731182795698896,0,POOR
0.5141766630316249,0.6666666666666666,0.0,0.5384615384615385,0.6666666666666666,0.6666666666666665,1.0,0.6666666666666666,1.0,0.3333333333333333,0.8,0.6666666666666666,0.0833333333333333,0.6666666666666666,0.3333333333333333,0.6666666666666666,0.6666666666666666,0.2429451367998854,0.0,51.61290322580654,0,AVERAGE
0.514721919302072,0.6666666666666666,1.0,1.0,0.3333333333333333,0.8888888888888888,0.5,0.6666666666666666,1.0,0.3333333333333333,0.0,0.6666666666666666,0.0833333333333333,0.3333333333333333,0.3333333333333333,0.6666666666666666,0.3333333333333333,0.2946569259418422,0.0,55.19713261648755,0,AVERAGE
0.5152671755725191,0.6666666666666666,0.0,0.9230769230769232,0.5,0.0555555555555555,0.5,0.6666666666666666,0.5,0.3333333333333333,0.8,0.0,0.1666666666666666,0.6666666666666666,0.3333333333333333,0.6666666666666666,0.6666666666666666,0.3387766795588024,0.0,71.32616487455198,0,GOOD
0.5158124318429662,0.6666666666666666,0.0,0.3846153846153846,0.3333333333333333,0.3333333333333333,0.5,1.0,0.0,0.3333333333333333,1.0,0.3333333333333333,0.3333333333333333,1.0,0.6666666666666666,0.6666666666666666,1.0,0.6277037673685718,0.0,79.56989247311826,0,GOOD
0.5163576881134133,0.6666666666666666,0.0,1.0,0.6666666666666666,0.9444444444444444,0.5,0.0,0.0,0.3333333333333333,0.6000000000000001,0.3333333333333333,0.3333333333333333,0.6666666666666666,1.0,0.6666666666666666,0.6666666666666666,0.6175333046841427,0.0,26.52329749103945,0,POOR
0.5169029443838604,0.3333333333333333,0.5,0.9230769230769232,0.5,0.1666666666666666,0.5,0.0,0.5,0.0,0.4,1.0,0.0833333333333333,0.0,0.3333333333333333,0.3333333333333333,0.0,0.296375877381464,0.0,39.78494623655917,0,POOR
0.5174482006543075,0.3333333333333333,1.0,0.0,0.1666666666666666,0.0,1.0,0.0,0.0,0.0,0.6000000000000001,0.6666666666666666,0.0833333333333333,0.3333333333333333,0.0,0.3333333333333333,0.3333333333333333,0.4982094255837273,0.0,52.68817204301078,0,AVERAGE
0.5179934569247546,0.3333333333333333,0.0,0.6923076923076923,0.3333333333333333,0.8333333333333333,1.0,0.3333333333333333,1.0,0.0,1.0,0.6666666666666666,0.1666666666666666,0.3333333333333333,0.6666666666666666,0.3333333333333333,0.3333333333333333,0.1908036097980232,0.0,51.61290322580645,0,AVERAGE
0.5190839694656488,1.0,1.0,0.9230769230769232,1.0,0.3333333333333333,0.0,0.6666666666666666,0.5,1.0,0.8,1.0,0.0,0.3333333333333333,0.0,1.0,0.3333333333333333,0.945280045838705,0.0,27.956989247311796,0,POOR
0.5196292257360959,0.6666666666666666,0.0,0.2307692307692307,0.5,0.1111111111111111,0.5,1.0,0.5,0.3333333333333333,0.0,0.3333333333333333,0.0,0.6666666666666666,0.3333333333333333,0.6666666666666666,0.6666666666666666,0.2316287064890417,0.0,79.21146953405014,0,GOOD
0.5201744820065431,0.6666666666666666,1.0,0.7692307692307693,0.5,0.1111111111111111,1.0,0.3333333333333333,0.0,0.3333333333333333,1.0,0.6666666666666666,0.3333333333333333,0.0,0.3333333333333333,0.6666666666666666,0.0,0.6158143532445208,0.0,49.10394265232977,0,AVERAGE
0.5207197382769903,0.6666666666666666,0.0,0.0,0.3333333333333333,0.4444444444444445,0.5,0.0,0.5,0.3333333333333333,0.8,0.0,0.0,0.3333333333333333,0.3333333333333333,0.6666666666666666,0.3333333333333333,0.1395215585159719,0.0,43.727598566308295,0,AVERAGE
0.5212649945474374,0.6666666666666666,0.5,0.1538461538461538,0.3333333333333333,0.7777777777777777,0.5,0.0,0.0,0.3333333333333333,0.2,0.3333333333333333,0.0833333333333333,1.0,0.3333333333333333,0.6666666666666666,1.0,0.4076779830969775,0.0,35.12544802867382,0,POOR
0.5218102508178845,0.3333333333333333,0.0,0.5384615384615385,0.3333333333333333,0.7222222222222221,1.0,0.3333333333333333,0.0,0.0,0.6000000000000001,0.0,0.0833333333333333,0.3333333333333333,0.6666666666666666,0.3333333333333333,0.3333333333333333,0.1011316430310843,0.0,61.64874551971328,0,GOOD
0.5223555070883316,0.3333333333333333,0.5,0.5384615384615385,0.5,0.7222222222222221,0.5,0.6666666666666666,0.0,0.0,0.4,1.0,0.3333333333333333,1.0,0.6666666666666666,0.3333333333333333,1.0,0.5456238361266295,0.0,58.42293906810036,0,AVERAGE
0.5229007633587787,0.3333333333333333,0.0,0.3076923076923077,0.5,0.1666666666666666,1.0,1.0,1.0,0.0,0.8,1.0,0.0,1.0,1.0,0.3333333333333333,1.0,0.436613665663945,0.0,78.49462365591401,0,GOOD
0.5234460196292258,0.3333333333333333,1.0,0.0769230769230769,0.3333333333333333,0.7222222222222221,0.5,0.3333333333333333,0.0,0.0,0.4,0.6666666666666666,0.3333333333333333,0.6666666666666666,1.0,0.3333333333333333,0.6666666666666666,0.4119753616960321,0.0,53.0465949820789,0,AVERAGE
0.5239912758996729,1.0,1.0,0.8461538461538463,0.8333333333333333,0.1666666666666666,1.0,1.0,0.0,1.0,0.0,0.0,0.0,0.6666666666666666,0.6666666666666666,1.0,0.6666666666666666,0.9323879100415414,0.0,59.13978494623658,0,AVERAGE
0.5250817884405671,0.6666666666666666,1.0,0.1538461538461538,0.3333333333333333,0.4444444444444445,1.0,0.6666666666666666,0.5,0.3333333333333333,1.0,0.6666666666666666,0.0833333333333333,0.0,0.0,0.6666666666666666,0.0,0.24724251539894,0.0,60.93189964157715,0,GOOD
0.5256270447110142,0.3333333333333333,0.0,0.0769230769230769,0.5,0.6666666666666665,0.5,1.0,0.5,0.0,0.2,0.3333333333333333,0.0833333333333333,0.3333333333333333,0.6666666666666666,0.3333333333333333,0.3333333333333333,0.0856610800744879,0.0,80.64516129032258,0,EXCELLENT
0.5261723009814613,0.6666666666666666,0.0,0.4615384615384615,0.5,0.6666666666666665,0.5,0.6666666666666666,1.0,0.3333333333333333,0.0,0.6666666666666666,0.1666666666666666,0.3333333333333333,0.3333333333333333,0.6666666666666666,0.3333333333333333,0.1850737716659504,0.0,54.83870967741945,0,AVERAGE
0.5267175572519084,1.0,1.0,0.0769230769230769,0.5,0.6111111111111112,0.5,1.0,0.5,1.0,0.0,0.0,0.25,0.0,0.6666666666666666,1.0,0.0,0.7070620254977796,0.0,59.856630824372715,0,AVERAGE
0.5272628135223555,0.0,1.0,0.6153846153846154,0.1666666666666666,0.7777777777777777,1.0,0.3333333333333333,1.0,0.6666666666666666,0.0,0.6666666666666666,0.0833333333333333,0.0,0.0,0.0,0.0,0.6817074917633578,0.0,38.35125448028673,0,POOR
0.5278080697928026,0.0,0.5,0.6153846153846154,0.1666666666666666,0.6111111111111112,0.0,0.0,0.0,0.6666666666666666,0.0,0.6666666666666666,0.0833333333333333,0.3333333333333333,0.3333333333333333,0.0,0.3333333333333333,0.5651052857756769,0.0,27.59856630824369,0,POOR
0.5283533260632498,0.6666666666666666,0.0,0.4615384615384615,0.5,0.8888888888888888,1.0,0.6666666666666666,1.0,0.3333333333333333,0.0,1.0,0.1666666666666666,0.0,0.6666666666666666,0.6666666666666666,0.0,0.3867640739149119,0.0,47.67025089605742,0,AVERAGE
0.5288985823336969,0.3333333333333333,0.0,0.6923076923076923,0.5,0.7222222222222221,0.5,1.0,0.0,0.0,0.6000000000000001,0.0,0.0,0.3333333333333333,0.6666666666666666,0.3333333333333333,0.3333333333333333,0.1696032087093539,0.0,84.2293906810036,0,EXCELLENT
0.529443838604144,0.3333333333333333,0.0,0.7692307692307693,0.5,0.7222222222222221,1.0,0.0,1.0,0.0,0.0,0.6666666666666666,0.25,0.6666666666666666,0.6666666666666666,0.3333333333333333,0.6666666666666666,0.2661509812347801,0.0,36.91756272401438,0,POOR
0.5299890948745911,0.3333333333333333,0.5,0.5384615384615385,0.1666666666666666,0.2777777777777777,0.0,0.3333333333333333,1.0,0.0,0.8,0.3333333333333333,0.0833333333333333,0.6666666666666666,0.6666666666666666,0.3333333333333333,0.6666666666666666,0.2644320297951583,0.0,66.30824372759852,0,GOOD
0.5310796074154853,0.6666666666666666,1.0,0.1538461538461538,0.3333333333333333,0.4999999999999999,1.0,1.0,0.0,0.3333333333333333,0.8,0.3333333333333333,0.0833333333333333,0.3333333333333333,0.0,0.6666666666666666,0.3333333333333333,0.1618679272310557,0.0,77.41935483870968,0,GOOD
0.5316248636859324,0.6666666666666666,0.0,0.5384615384615385,0.6666666666666666,0.9444444444444444,0.5,0.6666666666666666,0.0,0.3333333333333333,1.0,0.6666666666666666,0.0,0.0,1.0,0.6666666666666666,0.0,0.5390345222747458,0.0,48.02867383512553,0,AVERAGE
0.5321701199563795,0.0,0.0,0.0769230769230769,0.0,0.5555555555555556,0.5,1.0,0.5,0.6666666666666666,0.0,0.6666666666666666,0.0,0.0,0.0,0.0,0.0,0.9618965764217162,0.0,70.25089605734765,0,GOOD
0.5327153762268266,0.6666666666666666,1.0,0.9230769230769232,0.6666666666666666,0.7777777777777777,0.5,1.0,0.0,0.3333333333333333,1.0,0.6666666666666666,0.25,0.6666666666666666,0.0,0.6666666666666666,0.6666666666666666,0.3879100415413264,0.0,63.08243727598571,0,GOOD
0.5332606324972737,1.0,0.0,0.6923076923076923,0.6666666666666666,0.1111111111111111,1.0,0.3333333333333333,0.5,1.0,1.0,0.3333333333333333,0.0,0.3333333333333333,0.3333333333333333,1.0,0.3333333333333333,0.6214009454232918,0.0,32.97491039426516,0,POOR
0.5338058887677208,0.3333333333333333,1.0,0.2307692307692307,0.1666666666666666,0.8333333333333333,0.0,0.0,1.0,0.0,0.0,1.0,0.0,0.6666666666666666,0.3333333333333333,0.3333333333333333,0.6666666666666666,0.358974358974359,0.0,37.63440860215051,0,POOR
0.5343511450381679,0.6666666666666666,0.0,1.0,0.6666666666666666,0.1111111111111111,0.5,0.3333333333333333,1.0,0.3333333333333333,0.0,1.0,0.25,1.0,1.0,0.6666666666666666,1.0,0.5957599197822662,0.0,41.57706093189963,0,AVERAGE
0.534896401308615,0.6666666666666666,1.0,0.6153846153846154,0.3333333333333333,0.1666666666666666,0.0,0.6666666666666666,0.5,0.3333333333333333,0.4,1.0,0.3333333333333333,1.0,1.0,0.6666666666666666,1.0,0.6996132359260852,0.0,60.21505376344092,0,GOOD
0.5354416575790621,0.3333333333333333,0.0,0.5384615384615385,0.3333333333333333,0.1666666666666666,0.5,1.0,0.0,0.0,0.4,0.3333333333333333,0.0,0.0,1.0,0.3333333333333333,0.0,0.1882251826385904,0.0,90.32258064516128,0,EXCELLENT
0.5365321701199564,0.6666666666666666,0.5,0.0,0.6666666666666666,1.0,0.0,0.6666666666666666,0.5,0.3333333333333333,0.2,0.6666666666666666,0.0833333333333333,0.6666666666666666,0.0,0.6666666666666666,0.6666666666666666,0.5206990402521129,0.0,47.31182795698931,0,AVERAGE
0.5370774263904036,0.6666666666666666,0.0,0.4615384615384615,0.3333333333333333,0.6111111111111112,0.0,0.3333333333333333,0.5,0.3333333333333333,0.4,0.3333333333333333,0.0833333333333333,1.0,0.0,0.6666666666666666,1.0,0.3045408967196677,0.0,50.17921146953401,0,AVERAGE
0.5376226826608507,0.6666666666666666,0.0,0.2307692307692307,0.5,0.1111111111111111,1.0,0.3333333333333333,0.0,0.3333333333333333,1.0,1.0,0.1666666666666666,0.0,1.0,0.6666666666666666,0.0,0.4300243518120613,0.0,44.802867383512535,0,AVERAGE
0.5381679389312978,0.3333333333333333,1.0,0.0769230769230769,0.5,0.7777777777777777,1.0,0.6666666666666666,1.0,0.0,0.4,0.0,0.25,0.6666666666666666,0.0,0.3333333333333333,0.6666666666666666,0.2737430167597765,0.0,70.60931899641577,0,GOOD
0.5387131952017449,0.3333333333333333,0.0,1.0,0.1666666666666666,0.4999999999999999,1.0,0.6666666666666666,1.0,0.0,0.2,0.0,0.1666666666666666,0.0,1.0,0.3333333333333333,0.0,0.2993840424008022,0.0,80.64516129032258,0,EXCELLENT
0.539258451472192,0.3333333333333333,1.0,1.0,0.5,0.7777777777777777,0.0,0.0,1.0,0.0,0.0,0.3333333333333333,0.25,0.3333333333333333,0.0,0.3333333333333333,0.3333333333333333,0.2442343503796017,0.0,40.5017921146953,0,AVERAGE
0.5398037077426391,0.6666666666666666,1.0,0.4615384615384615,0.3333333333333333,0.1666666666666666,0.5,0.3333333333333333,0.5,0.3333333333333333,0.0,0.0,0.25,0.0,0.3333333333333333,0.6666666666666666,0.0,0.4830253545337344,0.0,60.21505376344092,0,GOOD
0.5403489640130862,0.3333333333333333,0.0,0.3846153846153846,0.1666666666666666,0.3888888888888889,0.0,0.0,1.0,0.0,0.0,0.3333333333333333,0.0,0.0,0.0,0.3333333333333333,0.0,0.214725683999427,0.0,51.97132616487457,0,AVERAGE
0.5408942202835333,0.6666666666666666,0.5,0.7692307692307693,0.3333333333333333,0.2222222222222222,0.5,1.0,1.0,0.3333333333333333,1.0,0.3333333333333333,0.0833333333333333,0.0,0.6666666666666666,0.6666666666666666,0.0,0.2917920068758057,0.0,81.0035842293907,0,EXCELLENT
0.5419847328244275,0.3333333333333333,1.0,0.4615384615384615,0.1666666666666666,0.2222222222222222,0.5,0.0,1.0,0.0,1.0,0.6666666666666666,0.3333333333333333,0.3333333333333333,0.3333333333333333,0.3333333333333333,0.3333333333333333,0.543618392780404,0.0,49.82078853046599,0,AVERAGE
0.5425299890948746,1.0,0.0,0.9230769230769232,0.8333333333333333,0.8888888888888888,0.5,0.6666666666666666,0.0,1.0,0.0,0.3333333333333333,0.1666666666666666,0.6666666666666666,0.0,1.0,0.6666666666666666,0.9838132072768946,0.0,32.61648745519714,0,POOR
0.5430752453653217,0.3333333333333333,0.0,0.3846153846153846,0.1666666666666666,0.3333333333333333,1.0,0.3333333333333333,0.5,0.0,1.0,0.6666666666666666,0.25,0.6666666666666666,0.3333333333333333,0.3333333333333333,0.6666666666666666,0.3257412978083369,0.0,61.29032258064516,0,GOOD
0.5436205016357688,1.0,0.5,1.0,0.8333333333333333,0.7777777777777777,1.0,0.6666666666666666,0.0,1.0,0.8,0.3333333333333333,0.25,0.3333333333333333,1.0,1.0,0.3333333333333333,0.9495774244377596,0.0,34.0501792114695,0,POOR
0.5441657579062159,0.3333333333333333,0.5,0.3076923076923077,0.5,0.5555555555555556,0.0,0.3333333333333333,0.5,0.0,0.4,1.0,0.25,0.6666666666666666,0.0,0.3333333333333333,0.6666666666666666,0.1952442343503796,0.0,47.670250896057325,0,AVERAGE
0.544711014176663,0.3333333333333333,0.0,0.8461538461538463,0.5,0.0,1.0,0.3333333333333333,0.5,0.0,0.4,1.0,0.3333333333333333,0.0,1.0,0.3333333333333333,0.0,0.8596189657642171,0.0,54.83870967741935,0,AVERAGE
0.5452562704471101,0.6666666666666666,1.0,0.1538461538461538,0.3333333333333333,0.7222222222222221,0.0,0.6666666666666666,1.0,0.3333333333333333,0.0,1.0,0.25,0.0,0.6666666666666666,0.6666666666666666,0.0,0.3622690159003008,0.0,53.0465949820789,0,AVERAGE
0.5458015267175573,0.3333333333333333,0.5,0.4615384615384615,0.5,1.0,0.0,1.0,0.5,0.0,0.8,0.3333333333333333,0.0833333333333333,1.0,0.6666666666666666,0.3333333333333333,1.0,0.6169603208709354,0.0,76.34408602150535,0,GOOD
0.5468920392584515,0.6666666666666666,0.5,1.0,0.5,0.6666666666666665,0.5,0.6666666666666666,0.5,0.3333333333333333,0.2,0.3333333333333333,0.0,0.0,0.3333333333333333,0.6666666666666666,0.0,0.1091534164159862,0.0,59.13978494623658,0,AVERAGE
0.5474372955288986,0.3333333333333333,0.0,0.2307692307692307,0.3333333333333333,0.7777777777777777,0.5,1.0,0.5,0.0,0.6000000000000001,0.3333333333333333,0.0,0.0,0.6666666666666666,0.3333333333333333,0.0,0.2460965477725254,0.0,82.43727598566304,0,EXCELLENT
0.5479825517993457,0.6666666666666666,1.0,1.0,0.5,0.6111111111111112,1.0,1.0,0.5,0.3333333333333333,0.2,1.0,0.25,1.0,0.6666666666666666,0.6666666666666666,1.0,0.2976650909611804,0.0,64.15770609318996,0,GOOD
0.5485278080697928,0.3333333333333333,1.0,0.4615384615384615,0.5,0.2222222222222222,0.0,1.0,0.5,0.0,0.8,1.0,0.0,0.3333333333333333,0.6666666666666666,0.3333333333333333,0.3333333333333333,0.0837988826815642,0.0,77.77777777777779,0,GOOD
0.54907306434024,0.3333333333333333,0.5,0.8461538461538463,0.3333333333333333,1.0,0.5,0.6666666666666666,0.5,0.0,0.0,1.0,0.0833333333333333,0.0,0.3333333333333333,0.3333333333333333,0.0,0.5615241369431314,0.0,58.06451612903226,0,AVERAGE
0.549618320610687,0.6666666666666666,0.5,0.0,0.3333333333333333,0.4999999999999999,0.0,0.3333333333333333,1.0,0.3333333333333333,0.4,0.0,0.0833333333333333,0.0,0.3333333333333333,0.6666666666666666,0.0,0.2420856610800744,0.0,55.913978494623684,0,AVERAGE
0.5501635768811342,0.3333333333333333,0.0,0.7692307692307693,0.1666666666666666,0.0,0.0,0.6666666666666666,0.5,0.0,0.0,1.0,0.0833333333333333,0.6666666666666666,0.6666666666666666,0.3333333333333333,0.6666666666666666,0.536456095115313,0.0,74.19354838709677,0,GOOD
0.5507088331515813,0.0,0.5,0.0769230769230769,0.0,0.8333333333333333,0.5,0.6666666666666666,1.0,0.6666666666666666,0.4,1.0,0.25,0.6666666666666666,0.3333333333333333,0.0,0.6666666666666666,0.949434178484458,0.0,49.46236559139779,0,AVERAGE
0.5512540894220284,0.6666666666666666,1.0,0.8461538461538463,0.3333333333333333,1.0,0.5,1.0,0.0,0.3333333333333333,0.6000000000000001,0.0,0.0,0.3333333333333333,1.0,0.6666666666666666,0.3333333333333333,0.5116745451940983,0.0,75.26881720430111,0,GOOD
0.5517993456924755,0.3333333333333333,0.5,0.9230769230769232,0.3333333333333333,0.7777777777777777,0.0,0.3333333333333333,1.0,0.0,0.6000000000000001,0.3333333333333333,0.1666666666666666,0.3333333333333333,0.3333333333333333,0.3333333333333333,0.3333333333333333,0.1667382896433175,0.0,56.63082437275981,0,AVERAGE
0.5539803707742639,0.3333333333333333,0.5,0.8461538461538463,0.3333333333333333,0.4444444444444445,0.0,0.0,1.0,0.0,0.2,1.0,0.1666666666666666,0.3333333333333333,1.0,0.3333333333333333,0.3333333333333333,0.1614381893711502,0.0,39.42652329749106,0,POOR
