user_email,family_size,house_type,district,milk_packets,deliveries,oil_type,bottles,segregation,food_waste,compost,garden_waste,old_devices,batteries,disposal_method
ckshanima2005@gmail.com,2-3,Apartment,Palakkad,2,10,Plastic packet,1-3,Always,250g_500g,home_compost,daily,12,1-2,recycle
user1@gmail.com,2-3,Apartment,Kollam,2,19,Plastic bottle,,Never,250g_500g,collector,daily,0,6+,recycle
user2@gmail.com,2-3,Large house,Kottayam,1,19,Plastic bottle,,Sometimes,250g_500g,collector,no,0,3-5,recycle
user3@gmail.com,4-5,Small house,Malappuram,4,17,Plastic packet,4-7,Always,250g_500g,community,monthly,0,none,sell
user4@gmail.com,4-5,Large house,Malappuram,4,7,Loose / refill,,Never,250g_500g,worm_compost,monthly,0,6+,recycle
user5@gmail.com,4-5,Large house,Kannur,4,9,Plastic bottle,7+,Never,250g_500g,biomethanation,weekly,0,1-2,recycle
user6@gmail.com,2-3,Apartment,Pathanamthitta,1,5,Plastic packet,,Always,250g_500g,biomethanation,daily,0,3-5,sell
user7@gmail.com,2-3,Apartment,Kasaragod,2,16,Loose / refill,7+,Sometimes,250g_500g,biomethanation,weekly,0,6+,store
user8@gmail.com,2-3,Large house,Thrissur,3,2,Plastic bottle,,Sometimes,250g_500g,home_compost,no,0,none,sell
user9@gmail.com,4-5,Apartment,Idukki,3,18,Plastic packet,1-3,Sometimes,250g_500g,community,monthly,1,3-5,recycle
user10@gmail.com,1,Large house,Idukki,0,12,Loose / refill,,Always,250g_500g,biomethanation,no,0,6+,recycle
user11@gmail.com,6+,Apartment,Kollam,6,9,Plastic packet,7+,Never,250g_500g,collector,no,1,1-2,sell
user12@gmail.com,4-5,Large house,Wayanad,3,9,Plastic packet,1-3,Never,250g_500g,biomethanation,no,0,1-2,sell
user13@gmail.com,2-3,Apartment,Kottayam,3,20,Plastic packet,,Sometimes,250g_500g,biomethanation,weekly,0,1-2,sell
user14@gmail.com,4-5,Large house,Pathanamthitta,3,19,Plastic bottle,,Sometimes,250g_500g,biomethanation,weekly,0,6+,sell
user15@gmail.com,4-5,Large house,Thiruvananthapuram,3,8,Plastic packet,7+,Sometimes,250g_500g,collector,no,0,1-2,sell
user16@gmail.com,4-5,Large house,Kozhikode,4,18,Loose / refill,1-3,Sometimes,250g_500g,worm_compost,no,0,6+,store
user17@gmail.com,2-3,Large house,Alappuzha,1,2,Plastic packet,4-7,Sometimes,250g_500g,biomethanation,monthly,0,3-5,trash
user18@gmail.com,2-3,Small house,Malappuram,3,6,Plastic bottle,4-7,Sometimes,250g_500g,biomethanation,daily,0,6+,sell
user19@gmail.com,2-3,Large house,Wayanad,1,17,Plastic bottle,4-7,Sometimes,250g_500g,home_compost,no,0,1-2,trash
user20@gmail.com,4-5,Small house,Ernakulam,4,3,Plastic bottle,1-3,Always,250g_500g,worm_compost,no,0,6+,trash
user21@gmail.com,1,Small house,Alappuzha,0,12,Plastic packet,1-3,Always,250g_500g,collector,monthly,0,1-2,store
user22@gmail.com,2-3,Apartment,Idukki,2,12,Plastic packet,,Always,250g_500g,biomethanation,daily,0,none,trash
user23@gmail.com,2-3,Small house,Wayanad,2,8,Loose / refill,,Never,250g_500g,collector,weekly,1,1-2,recycle
user24@gmail.com,2-3,Large house,Idukki,2,15,Loose / refill,4-7,Never,250g_500g,biomethanation,weekly,1,3-5,recycle
user25@gmail.com,4-5,Apartment,Malappuram,4,13,Plastic bottle,4-7,Always,250g_500g,home_compost,no,0,6+,store
user26@gmail.com,2-3,Apartment,Kozhikode,2,8,Plastic packet,7+,Never,250g_500g,biomethanation,daily,0,none,recycle
user27@gmail.com,4-5,Apartment,Ernakulam,4,6,Plastic packet,7+,Sometimes,250g_500g,collector,weekly,0,3-5,recycle
user28@gmail.com,1,Small house,Kollam,1,16,Loose / refill,,Always,250g_500g,biomethanation,no,0,1-2,store
user29@gmail.com,6+,Small house,Kottayam,3,8,Plastic packet,7+,Always,250g_500g,biomethanation,daily,0,3-5,trash
user30@gmail.com,6+,Small house,Malappuram,5,2,Loose / refill,1-3,Sometimes,250g_500g,community,daily,0,3-5,sell
user31@gmail.com,2-3,Large house,Kozhikode,2,2,Plastic packet,,Never,250g_500g,collector,weekly,0,1-2,trash
user32@gmail.com,2-3,Apartment,Idukki,3,18,Plastic bottle,4-7,Never,250g_500g,biomethanation,daily,0,1-2,recycle
user33@gmail.com,4-5,Large house,Kasaragod,4,19,Plastic bottle,1-3,Never,250g_500g,home_compost,daily,0,6+,recycle
user34@gmail.com,4-5,Small house,Kasaragod,3,8,Loose / refill,1-3,Never,250g_500g,community,monthly,0,none,sell
user35@gmail.com,2-3,Apartment,Thiruvananthapuram,2,11,Plastic packet,4-7,Never,250g_500g,community,no,0,3-5,trash
user36@gmail.com,1,Apartment,Thiruvananthapuram,1,6,Loose / refill,,Always,250g_500g,collector,weekly,1,6+,store
user37@gmail.com,4-5,Large house,Kannur,2,18,Loose / refill,4-7,Never,250g_500g,biomethanation,monthly,0,3-5,sell
user38@gmail.com,4-5,Small house,Alappuzha,2,20,Plastic bottle,4-7,Sometimes,250g_500g,community,monthly,0,6+,recycle
user39@gmail.com,6+,Small house,Palakkad,4,8,Plastic packet,4-7,Always,250g_500g,home_compost,no,0,none,recycle
user40@gmail.com,2-3,Apartment,Idukki,1,16,Plastic bottle,7+,Always,250g_500g,biomethanation,no,0,1-2,recycle
user41@gmail.com,2-3,Large house,Kozhikode,2,19,Loose / refill,4-7,Sometimes,250g_500g,collector,daily,0,1-2,recycle
user42@gmail.com,4-5,Large house,Malappuram,4,10,Plastic bottle,4-7,Always,250g_500g,biomethanation,daily,0,1-2,store
user43@gmail.com,1,Apartment,Thrissur,1,20,Plastic packet,,Sometimes,250g_500g,collector,daily,0,3-5,sell
user44@gmail.com,2-3,Small house,Thrissur,3,13,Plastic bottle,1-3,Always,250g_500g,biomethanation,daily,0,1-2,trash
user45@gmail.com,2-3,Apartment,Thiruvananthapuram,3,15,Plastic packet,,Never,250g_500g,biomethanation,no,0,3-5,trash
user46@gmail.com,2-3,Apartment,Malappuram,1,3,Loose / refill,,Sometimes,250g_500g,biomethanation,no,0,3-5,recycle
user47@gmail.com,2-3,Large house,Idukki,3,17,Plastic packet,4-7,Always,250g_500g,community,weekly,0,3-5,store
user48@gmail.com,2-3,Apartment,Kozhikode,2,10,Loose / refill,,Never,250g_500g,biomethanation,weekly,0,6+,store
user49@gmail.com,2-3,Small house,Pathanamthitta,1,3,Plastic packet,4-7,Sometimes,250g_500g,biomethanation,daily,0,1-2,trash
user50@gmail.com,6+,Large house,Kasaragod,6,16,Plastic bottle,1-3,Always,250g_500g,biomethanation,daily,0,1-2,recycle
user51@gmail.com,4-5,Apartment,Palakkad,3,2,Loose / refill,1-3,Sometimes,250g_500g,community,daily,1,6+,recycle
user52@gmail.com,4-5,Apartment,Malappuram,2,18,Plastic packet,7+,Sometimes,250g_500g,community,monthly,0,3-5,sell
user53@gmail.com,4-5,Apartment,Thiruvananthapuram,2,16,Loose / refill,,Always,250g_500g,collector,monthly,0,3-5,recycle
user54@gmail.com,1,Apartment,Malappuram,0,18,Plastic packet,7+,Never,250g_500g,home_compost,monthly,0,3-5,trash
user55@gmail.com,2-3,Large house,Thrissur,3,2,Loose / refill,4-7,Never,250g_500g,collector,daily,0,3-5,trash
user56@gmail.com,4-5,Apartment,Kollam,4,12,Plastic packet,4-7,Always,250g_500g,biomethanation,no,0,1-2,trash
user57@gmail.com,6+,Small house,Palakkad,5,6,Plastic packet,7+,Never,250g_500g,mixed,monthly,0,6+,sell
user58@gmail.com,2-3,Apartment,Thrissur,3,10,Plastic packet,1-3,Always,250g_500g,home_compost,daily,0,3-5,sell
user59@gmail.com,4-5,Small house,Ernakulam,2,8,Loose / refill,,Sometimes,250g_500g,collector,weekly,0,none,recycle
user60@gmail.com,6+,Small house,Alappuzha,4,18,Loose / refill,1-3,Sometimes,250g_500g,home_compost,daily,0,6+,store
user61@gmail.com,4-5,Large house,Kannur,3,6,Loose / refill,7+,Never,250g_500g,community,daily,0,1-2,recycle
user62@gmail.com,2-3,Small house,Thrissur,2,13,Loose / refill,4-7,Never,250g_500g,community,no,0,3-5,sell
user63@gmail.com,6+,Small house,Wayanad,4,6,Loose / refill,,Always,250g_500g,collector,daily,1,6+,recycle
user64@gmail.com,2-3,Apartment,Kottayam,1,15,Plastic packet,4-7,Sometimes,250g_500g,biomethanation,weekly,0,1-2,recycle
user65@gmail.com,2-3,Large house,Ernakulam,3,11,Plastic bottle,,Never,250g_500g,biomethanation,daily,0,none,trash
user66@gmail.com,1,Apartment,Thrissur,0,16,Plastic packet,7+,Always,250g_500g,home_compost,monthly,1,6+,recycle
user67@gmail.com,6+,Apartment,Pathanamthitta,3,20,Plastic packet,1-3,Always,250g_500g,community,no,0,1-2,sell
user68@gmail.com,2-3,Apartment,Palakkad,1,11,Plastic bottle,4-7,Always,250g_500g,biomethanation,monthly,0,1-2,store
user69@gmail.com,6+,Apartment,Thiruvananthapuram,5,13,Plastic packet,1-3,Always,250g_500g,community,no,1,1-2,recycle
user70@gmail.com,6+,Apartment,Kozhikode,5,5,Plastic bottle,1-3,Always,250g_500g,biomethanation,daily,0,none,sell
user71@gmail.com,2-3,Small house,Palakkad,1,7,Plastic bottle,4-7,Sometimes,250g_500g,collector,monthly,1,1-2,recycle
user72@gmail.com,4-5,Small house,Kannur,3,16,Plastic bottle,4-7,Always,250g_500g,biomethanation,daily,0,1-2,trash
user73@gmail.com,4-5,Apartment,Palakkad,3,18,Plastic packet,7+,Sometimes,250g_500g,mixed,monthly,0,1-2,store
user74@gmail.com,4-5,Apartment,Kollam,2,2,Plastic packet,4-7,Never,250g_500g,biomethanation,weekly,0,1-2,sell
user75@gmail.com,1,Small house,Palakkad,1,20,Plastic packet,1-3,Never,250g_500g,biomethanation,daily,1,6+,store
user76@gmail.com,2-3,Apartment,Alappuzha,3,12,Loose / refill,1-3,Sometimes,250g_500g,home_compost,no,0,3-5,recycle
user77@gmail.com,4-5,Small house,Kottayam,2,5,Loose / refill,7+,Sometimes,250g_500g,biomethanation,monthly,0,6+,sell
user78@gmail.com,6+,Apartment,Wayanad,4,3,Plastic packet,7+,Sometimes,250g_500g,collector,daily,0,3-5,recycle
user79@gmail.com,2-3,Small house,Alappuzha,1,11,Plastic bottle,7+,Always,250g_500g,biomethanation,monthly,1,1-2,recycle
user80@gmail.com,4-5,Apartment,Kollam,3,13,Plastic bottle,4-7,Never,250g_500g,collector,daily,0,1-2,trash
user81@gmail.com,4-5,Large house,Ernakulam,4,7,Plastic packet,4-7,Never,250g_500g,biomethanation,monthly,0,1-2,trash
user82@gmail.com,2-3,Apartment,Pathanamthitta,2,14,Plastic bottle,,Always,250g_500g,biomethanation,weekly,0,none,trash
user83@gmail.com,1,Small house,Idukki,1,10,Plastic bottle,,Sometimes,250g_500g,biomethanation,no,0,3-5,store
user84@gmail.com,1,Large house,Thiruvananthapuram,0,9,Plastic packet,4-7,Sometimes,250g_500g,biomethanation,no,0,none,sell
user85@gmail.com,2-3,Apartment,Wayanad,2,16,Plastic bottle,7+,Sometimes,250g_500g,collector,no,0,1-2,sell
user86@gmail.com,2-3,Apartment,Idukki,2,12,Plastic packet,,Never,250g_500g,biomethanation,no,0,3-5,trash
user87@gmail.com,2-3,Apartment,Kottayam,1,7,Plastic packet,4-7,Sometimes,250g_500g,biomethanation,weekly,0,1-2,trash
user88@gmail.com,2-3,Apartment,Kottayam,2,14,Plastic bottle,7+,Sometimes,250g_500g,biomethanation,no,1,1-2,recycle
user89@gmail.com,2-3,Large house,Kasaragod,1,11,Plastic packet,1-3,Always,250g_500g,collector,no,0,3-5,trash
user90@gmail.com,1,Apartment,Kannur,1,4,Plastic bottle,7+,Never,250g_500g,biomethanation,no,0,1-2,sell
user91@gmail.com,2-3,Apartment,Kasaragod,2,19,Plastic bottle,,Sometimes,250g_500g,biomethanation,no,0,6+,recycle
user92@gmail.com,4-5,Apartment,Thrissur,2,4,Plastic packet,4-7,Sometimes,250g_500g,biomethanation,weekly,0,3-5,trash
user93@gmail.com,4-5,Small house,Malappuram,2,14,Loose / refill,7+,Always,250g_500g,home_compost,monthly,0,6+,store
user94@gmail.com,2-3,Small house,Thrissur,3,9,Plastic packet,1-3,Always,250g_500g,home_compost,weekly,0,6+,store
user95@gmail.com,4-5,Large house,Alappuzha,4,5,Plastic bottle,7+,Always,250g_500g,home_compost,monthly,0,1-2,store
user96@gmail.com,2-3,Apartment,Alappuzha,2,3,Plastic bottle,7+,Always,250g_500g,biomethanation,monthly,0,3-5,sell
user97@gmail.com,6+,Small house,Wayanad,6,6,Loose / refill,,Never,250g_500g,biomethanation,weekly,0,6+,trash
user98@gmail.com,6+,Apartment,Kollam,4,2,Loose / refill,4-7,Always,250g_500g,biomethanation,no,0,1-2,recycle
user99@gmail.com,4-5,Small house,Pathanamthitta,4,6,Plastic bottle,7+,Never,250g_500g,collector,daily,1,6+,recycle
user100@gmail.com,6+,Apartment,Wayanad,4,6,Loose / refill,7+,Always,250g_500g,collector,daily,0,3-5,sell
user101@gmail.com,4-5,Small house,Alappuzha,4,11,Loose / refill,7+,Never,250g_500g,biomethanation,daily,0,6+,store
user102@gmail.com,4-5,Small house,Kottayam,4,5,Plastic packet,7+,Never,250g_500g,biomethanation,daily,2,1-2,store
user103@gmail.com,6+,Large house,Ernakulam,5,14,Plastic packet,7+,Sometimes,250g_500g,biomethanation,weekly,0,3-5,recycle
user104@gmail.com,2-3,Apartment,Wayanad,1,4,Plastic packet,4-7,Sometimes,250g_500g,biomethanation,daily,0,6+,store
user105@gmail.com,6+,Large house,Pathanamthitta,5,5,Plastic bottle,1-3,Always,250g_500g,collector,no,0,3-5,sell
user106@gmail.com,6+,Large house,Kottayam,5,2,Loose / refill,1-3,Never,250g_500g,collector,monthly,0,1-2,recycle
user107@gmail.com,4-5,Large house,Alappuzha,3,10,Loose / refill,,Sometimes,250g_500g,collector,daily,0,3-5,recycle
user108@gmail.com,6+,Small house,Kollam,6,2,Plastic bottle,1-3,Sometimes,250g_500g,biomethanation,weekly,1,1-2,trash
user109@gmail.com,2-3,Apartment,Kollam,3,7,Plastic packet,4-7,Always,250g_500g,collector,monthly,1,3-5,trash
user110@gmail.com,1,Apartment,Pathanamthitta,1,18,Plastic bottle,1-3,Sometimes,250g_500g,community,weekly,0,3-5,sell
user111@gmail.com,1,Small house,Kozhikode,1,5,Loose / refill,,Never,250g_500g,biomethanation,weekly,0,1-2,trash
user112@gmail.com,4-5,Small house,Alappuzha,4,6,Loose / refill,,Never,250g_500g,community,daily,0,1-2,recycle
user113@gmail.com,4-5,Large house,Kottayam,3,19,Plastic bottle,7+,Always,250g_500g,community,weekly,0,3-5,sell
user114@gmail.com,2-3,Large house,Kozhikode,2,12,Loose / refill,1-3,Never,250g_500g,biomethanation,no,0,3-5,trash
user115@gmail.com,1,Apartment,Palakkad,1,10,Loose / refill,4-7,Sometimes,250g_500g,community,monthly,0,none,sell
user116@gmail.com,1,Apartment,Kannur,1,13,Loose / refill,1-3,Sometimes,250g_500g,home_compost,no,0,1-2,trash
user117@gmail.com,4-5,Apartment,Ernakulam,2,12,Plastic packet,7+,Always,250g_500g,biomethanation,daily,1,6+,store
user118@gmail.com,1,Apartment,Kollam,1,7,Plastic packet,1-3,Never,250g_500g,collector,no,0,3-5,recycle
user119@gmail.com,4-5,Apartment,Kottayam,3,9,Plastic packet,1-3,Never,250g_500g,collector,no,0,3-5,sell
user120@gmail.com,4-5,Small house,Kannur,3,12,Plastic bottle,4-7,Never,250g_500g,biomethanation,daily,0,6+,sell
user121@gmail.com,4-5,Small house,Pathanamthitta,3,10,Plastic packet,,Always,250g_500g,biomethanation,no,0,6+,recycle
user122@gmail.com,4-5,Apartment,Kozhikode,3,16,Loose / refill,7+,Sometimes,250g_500g,biomethanation,no,1,1-2,store
user123@gmail.com,2-3,Apartment,Thrissur,1,2,Loose / refill,4-7,Always,250g_500g,biomethanation,weekly,0,3-5,recycle
user124@gmail.com,6+,Apartment,Kottayam,3,6,Plastic packet,1-3,Always,250g_500g,community,daily,1,1-2,sell
user125@gmail.com,4-5,Apartment,Kollam,4,7,Plastic bottle,1-3,Always,250g_500g,collector,no,0,1-2,sell
user126@gmail.com,4-5,Large house,Idukki,3,19,Plastic bottle,7+,Always,250g_500g,collector,daily,0,1-2,sell
user127@gmail.com,6+,Small house,Thrissur,6,10,Plastic packet,7+,Never,250g_500g,collector,daily,0,3-5,recycle
user128@gmail.com,2-3,Apartment,Kollam,2,7,Plastic packet,,Always,250g_500g,collector,no,1,1-2,recycle
user129@gmail.com,4-5,Small house,Wayanad,2,9,Plastic bottle,,Never,250g_500g,biomethanation,monthly,0,6+,recycle
user130@gmail.com,2-3,Small house,Alappuzha,3,9,Plastic bottle,7+,Sometimes,250g_500g,biomethanation,monthly,1,1-2,sell
user131@gmail.com,2-3,Apartment,Malappuram,2,4,Plastic bottle,1-3,Always,250g_500g,biomethanation,daily,0,3-5,sell
user132@gmail.com,2-3,Large house,Thrissur,1,13,Plastic packet,4-7,Never,250g_500g,home_compost,daily,0,none,recycle
user133@gmail.com,4-5,Large house,Kannur,3,10,Plastic bottle,1-3,Always,250g_500g,biomethanation,no,0,3-5,trash
user134@gmail.com,4-5,Apartment,Kannur,3,3,Loose / refill,4-7,Always,250g_500g,home_compost,monthly,0,3-5,trash
user135@gmail.com,2-3,Apartment,Thiruvananthapuram,1,6,Plastic packet,1-3,Sometimes,250g_500g,biomethanation,daily,0,1-2,recycle
user136@gmail.com,2-3,Apartment,Idukki,3,11,Plastic packet,4-7,Sometimes,250g_500g,collector,weekly,0,none,store
user137@gmail.com,1,Apartment,Pathanamthitta,1,4,Plastic packet,7+,Sometimes,250g_500g,collector,daily,0,1-2,trash
user138@gmail.com,4-5,Large house,Kannur,2,2,Plastic packet,4-7,Always,250g_500g,home_compost,no,0,none,sell
user139@gmail.com,2-3,Apartment,Kozhikode,1,15,Plastic bottle,,Sometimes,250g_500g,community,weekly,0,3-5,sell
user140@gmail.com,2-3,Large house,Pathanamthitta,1,20,Loose / refill,,Sometimes,250g_500g,biomethanation,daily,0,1-2,recycle
user141@gmail.com,1,Small house,Wayanad,0,8,Plastic bottle,4-7,Sometimes,250g_500g,community,no,1,1-2,recycle
user142@gmail.com,1,Small house,Wayanad,1,7,Loose / refill,,Sometimes,250g_500g,biomethanation,daily,0,1-2,trash
user143@gmail.com,4-5,Small house,Pathanamthitta,3,7,Plastic bottle,7+,Always,250g_500g,worm_compost,no,1,1-2,sell
user144@gmail.com,6+,Small house,Kozhikode,5,16,Plastic bottle,1-3,Sometimes,250g_500g,collector,no,0,none,recycle
user145@gmail.com,2-3,Small house,Malappuram,2,5,Plastic packet,,Never,250g_500g,biomethanation,monthly,0,3-5,sell
user146@gmail.com,2-3,Large house,Kozhikode,1,16,Plastic packet,7+,Never,250g_500g,biomethanation,no,2,3-5,sell
user147@gmail.com,2-3,Apartment,Thrissur,2,20,Plastic packet,1-3,Sometimes,250g_500g,biomethanation,daily,0,none,store
user148@gmail.com,2-3,Small house,Pathanamthitta,1,11,Plastic packet,,Sometimes,250g_500g,biomethanation,monthly,0,none,sell
user149@gmail.com,4-5,Large house,Pathanamthitta,4,3,Plastic packet,,Sometimes,250g_500g,collector,no,0,none,recycle
user150@gmail.com,4-5,Small house,Kottayam,4,14,Loose / refill,4-7,Never,250g_500g,collector,weekly,0,1-2,sell
user151@gmail.com,2-3,Small house,Kozhikode,2,3,Plastic packet,,Always,250g_500g,community,monthly,0,1-2,trash
user152@gmail.com,1,Small house,Thiruvananthapuram,1,2,Plastic bottle,,Never,250g_500g,biomethanation,monthly,0,none,sell
user153@gmail.com,4-5,Small house,Thrissur,2,5,Plastic packet,,Always,250g_500g,collector,daily,0,3-5,recycle
user154@gmail.com,6+,Apartment,Pathanamthitta,4,9,Plastic packet,7+,Sometimes,250g_500g,collector,weekly,0,1-2,store
user155@gmail.com,4-5,Small house,Kozhikode,2,12,Plastic bottle,4-7,Always,250g_500g,biomethanation,daily,0,3-5,sell
user156@gmail.com,4-5,Apartment,Wayanad,2,11,Plastic bottle,7+,Never,250g_500g,community,monthly,0,none,store
user157@gmail.com,2-3,Small house,Pathanamthitta,1,18,Plastic bottle,1-3,Sometimes,250g_500g,collector,no,1,6+,sell
user158@gmail.com,4-5,Large house,Malappuram,3,6,Loose / refill,1-3,Sometimes,250g_500g,collector,weekly,0,1-2,trash
user159@gmail.com,2-3,Small house,Malappuram,2,8,Plastic bottle,1-3,Always,250g_500g,biomethanation,daily,0,3-5,trash
user160@gmail.com,6+,Apartment,Palakkad,5,18,Loose / refill,1-3,Sometimes,250g_500g,collector,daily,0,none,store
user161@gmail.com,2-3,Apartment,Kollam,3,8,Plastic packet,7+,Always,250g_500g,community,monthly,1,6+,sell
user162@gmail.com,4-5,Large house,Kottayam,4,7,Plastic bottle,1-3,Sometimes,500g_1kg,biomethanation,daily,0,1-2,recycle
user163@gmail.com,2-3,Apartment,Kottayam,3,3,Plastic bottle,,Never,250g_500g,community,daily,0,1-2,store
user164@gmail.com,6+,Small house,Thiruvananthapuram,3,17,Plastic packet,,Sometimes,250g_500g,biomethanation,daily,0,1-2,trash
user165@gmail.com,2-3,Small house,Kozhikode,3,7,Plastic packet,,Never,250g_500g,biomethanation,monthly,0,6+,store
user166@gmail.com,2-3,Small house,Malappuram,2,13,Plastic bottle,4-7,Sometimes,250g_500g,biomethanation,daily,0,6+,store
user167@gmail.com,2-3,Apartment,Wayanad,3,2,Plastic packet,4-7,Always,250g_500g,biomethanation,weekly,1,6+,sell
user168@gmail.com,2-3,Small house,Alappuzha,2,19,Plastic bottle,4-7,Sometimes,250g_500g,biomethanation,daily,1,3-5,recycle
user169@gmail.com,6+,Small house,Wayanad,5,10,Loose / refill,1-3,Never,250g_500g,collector,daily,1,3-5,recycle
user170@gmail.com,1,Small house,Thiruvananthapuram,1,19,Plastic packet,4-7,Always,250g_500g,biomethanation,daily,0,1-2,sell
user171@gmail.com,2-3,Small house,Palakkad,2,12,Plastic packet,4-7,Always,250g_500g,biomethanation,no,0,1-2,sell
user172@gmail.com,1,Apartment,Wayanad,0,19,Loose / refill,,Never,250g_500g,mixed,weekly,0,none,sell
user173@gmail.com,4-5,Small house,Alappuzha,3,11,Plastic bottle,7+,Sometimes,250g_500g,biomethanation,monthly,2,none,recycle
user174@gmail.com,6+,Small house,Pathanamthitta,5,15,Plastic packet,4-7,Always,250g_500g,biomethanation,daily,0,1-2,sell
user175@gmail.com,4-5,Small house,Malappuram,3,9,Plastic packet,7+,Always,250g_500g,collector,no,1,1-2,sell
user176@gmail.com,4-5,Apartment,Kasaragod,4,3,Loose / refill,1-3,Always,250g_500g,collector,monthly,0,1-2,recycle
user177@gmail.com,2-3,Small house,Kannur,3,2,Plastic packet,,Always,250g_500g,community,weekly,0,1-2,recycle
user178@gmail.com,6+,Apartment,Palakkad,3,15,Loose / refill,,Sometimes,250g_500g,biomethanation,weekly,1,1-2,recycle
user179@gmail.com,4-5,Apartment,Kozhikode,3,2,Plastic packet,,Sometimes,250g_500g,collector,monthly,0,6+,trash
user180@gmail.com,2-3,Apartment,Malappuram,3,13,Plastic bottle,7+,Never,250g_500g,biomethanation,daily,0,3-5,trash
user181@gmail.com,4-5,Apartment,Kottayam,3,7,Plastic bottle,4-7,Sometimes,250g_500g,community,weekly,0,none,sell
user182@gmail.com,2-3,Apartment,Kollam,3,8,Plastic bottle,,Sometimes,250g_500g,biomethanation,weekly,0,1-2,recycle
user183@gmail.com,4-5,Apartment,Wayanad,3,4,Loose / refill,1-3,Always,250g_500g,home_compost,monthly,1,1-2,trash
user184@gmail.com,2-3,Small house,Idukki,1,9,Plastic packet,1-3,Always,250g_500g,biomethanation,no,0,1-2,recycle
user185@gmail.com,4-5,Small house,Thiruvananthapuram,3,12,Loose / refill,1-3,Never,250g_500g,collector,weekly,0,3-5,trash
user186@gmail.com,2-3,Large house,Idukki,2,6,Plastic packet,7+,Sometimes,250g_500g,biomethanation,daily,0,1-2,trash
user187@gmail.com,4-5,Apartment,Wayanad,4,15,Loose / refill,4-7,Sometimes,250g_500g,collector,weekly,0,1-2,store
user188@gmail.com,6+,Small house,Kannur,4,9,Loose / refill,,Never,250g_500g,biomethanation,no,0,3-5,sell
user189@gmail.com,6+,Apartment,Idukki,4,8,Plastic packet,4-7,Sometimes,500g_1kg,collector,daily,0,none,trash
user190@gmail.com,4-5,Small house,Kasaragod,4,18,Plastic packet,1-3,Never,250g_500g,biomethanation,weekly,0,1-2,sell
user191@gmail.com,4-5,Apartment,Idukki,3,12,Plastic packet,7+,Never,250g_500g,community,no,1,1-2,sell
user192@gmail.com,2-3,Apartment,Kannur,2,15,Loose / refill,1-3,Sometimes,250g_500g,biomethanation,weekly,0,3-5,sell
user193@gmail.com,4-5,Small house,Palakkad,2,19,Plastic packet,4-7,Always,250g_500g,collector,monthly,0,1-2,store
user194@gmail.com,4-5,Apartment,Pathanamthitta,2,9,Plastic bottle,4-7,Sometimes,250g_500g,community,no,0,1-2,sell
user195@gmail.com,4-5,Small house,Thiruvananthapuram,2,12,Plastic packet,7+,Sometimes,250g_500g,collector,daily,0,1-2,trash
user196@gmail.com,4-5,Apartment,Ernakulam,2,9,Plastic bottle,1-3,Always,250g_500g,community,weekly,0,6+,trash
user197@gmail.com,2-3,Large house,Kozhikode,1,5,Plastic bottle,7+,Sometimes,250g_500g,biomethanation,weekly,0,1-2,sell
user198@gmail.com,4-5,Apartment,Ernakulam,3,3,Plastic bottle,4-7,Never,250g_500g,worm_compost,no,0,3-5,trash
user199@gmail.com,2-3,Small house,Malappuram,1,19,Plastic bottle,7+,Never,250g_500g,community,weekly,1,1-2,sell
user200@gmail.com,1,Small house,Palakkad,1,14,Plastic packet,7+,Always,250g_500g,collector,no,0,none,recycle
user201@gmail.com,6+,Apartment,Kottayam,5,18,Loose / refill,1-3,Never,250g_500g,collector,weekly,0,3-5,store
user202@gmail.com,2-3,Small house,Kasaragod,1,19,Plastic bottle,1-3,Never,250g_500g,home_compost,no,0,6+,recycle
user203@gmail.com,6+,Large house,Pathanamthitta,3,3,Loose / refill,,Always,250g_500g,biomethanation,monthly,0,3-5,sell
user204@gmail.com,1,Large house,Palakkad,1,14,Plastic bottle,1-3,Always,250g_500g,collector,no,0,1-2,sell
user205@gmail.com,2-3,Large house,Kozhikode,1,12,Plastic bottle,4-7,Sometimes,250g_500g,collector,daily,0,1-2,trash
user206@gmail.com,4-5,Small house,Thiruvananthapuram,3,10,Loose / refill,4-7,Sometimes,250g_500g,biomethanation,monthly,1,none,store
user207@gmail.com,2-3,Large house,Malappuram,2,16,Loose / refill,7+,Never,250g_500g,community,weekly,1,1-2,recycle
user208@gmail.com,2-3,Small house,Ernakulam,2,7,Loose / refill,7+,Never,250g_500g,community,monthly,0,6+,recycle
user209@gmail.com,2-3,Large house,Kannur,1,20,Loose / refill,7+,Always,250g_500g,biomethanation,daily,0,1-2,sell
user210@gmail.com,2-3,Large house,Thiruvananthapuram,3,5,Loose / refill,,Always,250g_500g,biomethanation,daily,0,3-5,sell
user211@gmail.com,6+,Apartment,Thrissur,5,10,Loose / refill,4-7,Sometimes,250g_500g,collector,no,0,3-5,sell
user212@gmail.com,6+,Large house,Thrissur,6,14,Plastic bottle,,Never,250g_500g,community,daily,0,3-5,trash
user213@gmail.com,4-5,Large house,Thiruvananthapuram,2,15,Loose / refill,,Always,250g_500g,biomethanation,weekly,0,1-2,sell
user214@gmail.com,4-5,Large house,Palakkad,3,10,Plastic packet,7+,Sometimes,250g_500g,biomethanation,daily,0,none,trash
user215@gmail.com,1,Apartment,Thiruvananthapuram,0,20,Loose / refill,4-7,Never,250g_500g,biomethanation,no,0,1-2,recycle
user216@gmail.com,2-3,Large house,Pathanamthitta,2,18,Loose / refill,,Sometimes,250g_500g,biomethanation,no,0,none,trash
user217@gmail.com,2-3,Small house,Malappuram,2,11,Plastic packet,,Always,250g_500g,community,monthly,0,3-5,recycle
user218@gmail.com,4-5,Large house,Ernakulam,3,5,Loose / refill,4-7,Never,250g_500g,biomethanation,daily,0,1-2,trash
user219@gmail.com,2-3,Apartment,Alappuzha,2,19,Plastic bottle,,Always,250g_500g,biomethanation,monthly,0,6+,store
user220@gmail.com,4-5,Large house,Alappuzha,2,13,Loose / refill,4-7,Never,250g_500g,home_compost,daily,0,1-2,recycle
user221@gmail.com,2-3,Large house,Ernakulam,1,16,Plastic bottle,4-7,Sometimes,250g_500g,collector,no,1,3-5,trash
user222@gmail.com,4-5,Small house,Kottayam,3,4,Plastic bottle,,Never,250g_500g,community,no,1,3-5,store
user223@gmail.com,6+,Apartment,Kottayam,3,17,Plastic bottle,1-3,Sometimes,250g_500g,community,daily,0,1-2,sell
user224@gmail.com,4-5,Apartment,Kannur,4,6,Plastic packet,7+,Never,250g_500g,biomethanation,monthly,0,1-2,recycle
user225@gmail.com,6+,Small house,Thrissur,6,5,Plastic packet,4-7,Never,250g_500g,biomethanation,weekly,0,1-2,sell
user226@gmail.com,2-3,Apartment,Malappuram,1,4,Plastic bottle,,Sometimes,250g_500g,biomethanation,weekly,0,1-2,store
user227@gmail.com,2-3,Apartment,Kasaragod,1,9,Plastic bottle,1-3,Always,250g_500g,community,daily,0,3-5,store
user228@gmail.com,1,Large house,Kollam,1,19,Loose / refill,4-7,Always,250g_500g,collector,monthly,0,1-2,store
user229@gmail.com,2-3,Large house,Kottayam,2,5,Plastic packet,7+,Always,250g_500g,biomethanation,daily,0,1-2,trash
user230@gmail.com,2-3,Small house,Wayanad,2,3,Plastic packet,,Always,250g_500g,biomethanation,weekly,0,3-5,trash
user231@gmail.com,4-5,Apartment,Kollam,3,14,Plastic packet,7+,Never,250g_500g,community,monthly,0,3-5,store
user232@gmail.com,2-3,Small house,Kannur,2,15,Plastic packet,7+,Sometimes,250g_500g,biomethanation,daily,1,1-2,trash
user233@gmail.com,2-3,Small house,Thrissur,1,3,Plastic bottle,,Sometimes,250g_500g,biomethanation,monthly,0,1-2,recycle
user234@gmail.com,2-3,Apartment,Malappuram,3,5,Loose / refill,4-7,Always,250g_500g,biomethanation,monthly,1,6+,recycle
user235@gmail.com,4-5,Apartment,Wayanad,4,9,Plastic bottle,7+,Always,250g_500g,biomethanation,monthly,0,6+,recycle
user236@gmail.com,4-5,Large house,Wayanad,2,3,Plastic packet,4-7,Always,250g_500g,worm_compost,weekly,1,3-5,recycle
user237@gmail.com,6+,Large house,Malappuram,6,16,Plastic packet,7+,Always,250g_500g,collector,monthly,0,1-2,recycle
user238@gmail.com,2-3,Apartment,Kasaragod,3,2,Loose / refill,7+,Never,250g_500g,biomethanation,daily,0,6+,trash
user239@gmail.com,4-5,Small house,Kollam,2,8,Loose / refill,1-3,Never,250g_500g,home_compost,weekly,0,6+,recycle
user240@gmail.com,4-5,Apartment,Thrissur,4,2,Loose / refill,,Never,250g_500g,collector,daily,0,3-5,store
user241@gmail.com,2-3,Apartment,Kasaragod,1,6,Loose / refill,7+,Always,250g_500g,biomethanation,no,0,none,recycle
user242@gmail.com,4-5,Small house,Palakkad,4,16,Plastic packet,,Always,250g_500g,biomethanation,weekly,0,1-2,recycle
user243@gmail.com,2-3,Large house,Thiruvananthapuram,2,4,Plastic bottle,7+,Sometimes,250g_500g,collector,monthly,0,1-2,trash
user244@gmail.com,2-3,Apartment,Ernakulam,2,16,Loose / refill,,Never,250g_500g,collector,daily,0,3-5,sell
user245@gmail.com,2-3,Small house,Kasaragod,1,5,Loose / refill,4-7,Always,250g_500g,biomethanation,weekly,0,3-5,trash
user246@gmail.com,2-3,Apartment,Alappuzha,2,2,Plastic bottle,7+,Sometimes,250g_500g,collector,daily,1,1-2,sell
user247@gmail.com,4-5,Large house,Kozhikode,3,9,Loose / refill,7+,Sometimes,250g_500g,biomethanation,weekly,0,1-2,trash
user248@gmail.com,6+,Apartment,Wayanad,6,17,Loose / refill,1-3,Never,250g_500g,biomethanation,monthly,0,1-2,trash
user249@gmail.com,2-3,Apartment,Wayanad,2,5,Loose / refill,1-3,Never,250g_500g,collector,monthly,0,6+,store
user250@gmail.com,4-5,Large house,Wayanad,4,5,Loose / refill,,Never,250g_500g,community,no,1,3-5,trash
user251@gmail.com,6+,Small house,Thrissur,3,7,Plastic bottle,1-3,Always,250g_500g,biomethanation,daily,0,3-5,sell
user252@gmail.com,4-5,Large house,Alappuzha,3,3,Plastic bottle,7+,Always,250g_500g,biomethanation,daily,1,6+,store
user253@gmail.com,2-3,Small house,Alappuzha,3,10,Loose / refill,7+,Never,250g_500g,biomethanation,daily,2,1-2,trash
user254@gmail.com,4-5,Apartment,Pathanamthitta,2,7,Plastic packet,7+,Always,250g_500g,biomethanation,monthly,0,none,sell
user255@gmail.com,4-5,Apartment,Pathanamthitta,3,5,Plastic bottle,7+,Sometimes,250g_500g,biomethanation,no,0,3-5,store
user256@gmail.com,2-3,Apartment,Kottayam,3,20,Plastic bottle,4-7,Never,250g_500g,community,monthly,0,6+,recycle
user257@gmail.com,4-5,Apartment,Pathanamthitta,3,6,Loose / refill,7+,Sometimes,250g_500g,biomethanation,daily,1,1-2,store
user258@gmail.com,2-3,Apartment,Ernakulam,2,16,Loose / refill,,Sometimes,250g_500g,biomethanation,daily,0,1-2,sell
user259@gmail.com,2-3,Small house,Thiruvananthapuram,3,19,Plastic packet,4-7,Always,250g_500g,biomethanation,monthly,0,1-2,store
user260@gmail.com,2-3,Large house,Kozhikode,2,13,Loose / refill,4-7,Never,250g_500g,collector,daily,1,1-2,sell
user261@gmail.com,6+,Apartment,Kozhikode,6,2,Plastic bottle,1-3,Never,250g_500g,mixed,daily,1,6+,recycle
user262@gmail.com,2-3,Apartment,Pathanamthitta,1,17,Plastic packet,,Sometimes,250g_500g,biomethanation,monthly,0,1-2,recycle
user263@gmail.com,2-3,Small house,Pathanamthitta,3,18,Loose / refill,7+,Always,250g_500g,collector,weekly,1,1-2,store
user264@gmail.com,6+,Small house,Palakkad,5,7,Plastic bottle,1-3,Never,250g_500g,biomethanation,daily,1,6+,sell
user265@gmail.com,4-5,Large house,Ernakulam,3,4,Plastic packet,1-3,Sometimes,250g_500g,biomethanation,monthly,0,6+,store
user266@gmail.com,1,Large house,Idukki,0,19,Plastic packet,4-7,Sometimes,250g_500g,home_compost,monthly,0,3-5,trash
user267@gmail.com,2-3,Small house,Thrissur,3,3,Loose / refill,4-7,Never,250g_500g,community,weekly,0,3-5,store
user268@gmail.com,4-5,Large house,Alappuzha,3,3,Plastic packet,4-7,Always,250g_500g,biomethanation,monthly,0,6+,sell
user269@gmail.com,4-5,Apartment,Thrissur,4,19,Plastic packet,4-7,Always,250g_500g,collector,weekly,0,3-5,recycle
user270@gmail.com,4-5,Apartment,Kasaragod,2,17,Loose / refill,,Always,250g_500g,biomethanation,monthly,0,3-5,sell
user271@gmail.com,1,Small house,Idukki,0,5,Plastic bottle,4-7,Always,250g_500g,biomethanation,no,0,1-2,store
user272@gmail.com,6+,Apartment,Palakkad,6,16,Plastic packet,,Always,250g_500g,home_compost,daily,0,3-5,trash
user273@gmail.com,1,Small house,Kottayam,0,16,Plastic packet,7+,Never,250g_500g,worm_compost,daily,1,6+,store
user274@gmail.com,6+,Large house,Idukki,5,7,Loose / refill,,Sometimes,250g_500g,home_compost,daily,2,3-5,recycle
user275@gmail.com,1,Large house,Pathanamthitta,0,10,Plastic packet,4-7,Always,250g_500g,biomethanation,monthly,0,3-5,recycle
user276@gmail.com,2-3,Large house,Thrissur,2,13,Plastic packet,1-3,Always,250g_500g,biomethanation,monthly,0,1-2,recycle
user277@gmail.com,1,Apartment,Thrissur,1,8,Plastic bottle,7+,Sometimes,250g_500g,biomethanation,monthly,0,1-2,recycle
user278@gmail.com,4-5,Large house,Ernakulam,2,12,Loose / refill,7+,Never,250g_500g,biomethanation,monthly,0,none,sell
user279@gmail.com,2-3,Apartment,Thrissur,3,3,Plastic bottle,1-3,Sometimes,250g_500g,collector,monthly,0,3-5,store
user280@gmail.com,6+,Apartment,Idukki,4,5,Plastic packet,4-7,Never,250g_500g,collector,daily,1,1-2,sell
user281@gmail.com,4-5,Apartment,Thrissur,4,13,Plastic bottle,7+,Sometimes,250g_500g,community,daily,0,3-5,store
user282@gmail.com,6+,Apartment,Malappuram,3,5,Loose / refill,7+,Always,250g_500g,biomethanation,weekly,0,1-2,sell
user283@gmail.com,2-3,Apartment,Thiruvananthapuram,1,7,Plastic bottle,4-7,Always,250g_500g,collector,no,0,1-2,trash
user284@gmail.com,6+,Apartment,Alappuzha,3,12,Plastic packet,4-7,Sometimes,250g_500g,biomethanation,weekly,0,1-2,store
user285@gmail.com,2-3,Small house,Pathanamthitta,3,16,Plastic packet,4-7,Always,250g_500g,biomethanation,monthly,0,6+,store
user286@gmail.com,4-5,Small house,Thrissur,4,12,Plastic bottle,,Sometimes,250g_500g,biomethanation,weekly,0,6+,sell
user287@gmail.com,4-5,Apartment,Thrissur,2,3,Plastic bottle,1-3,Never,250g_500g,biomethanation,no,0,none,sell
user288@gmail.com,4-5,Apartment,Palakkad,3,13,Plastic packet,7+,Never,250g_500g,biomethanation,weekly,0,1-2,recycle
user289@gmail.com,1,Apartment,Palakkad,1,18,Plastic packet,,Always,250g_500g,biomethanation,weekly,0,3-5,store
user290@gmail.com,4-5,Large house,Malappuram,4,13,Loose / refill,4-7,Sometimes,250g_500g,biomethanation,no,0,1-2,recycle
user291@gmail.com,2-3,Small house,Kasaragod,1,14,Plastic packet,,Sometimes,250g_500g,biomethanation,monthly,0,1-2,recycle
user292@gmail.com,2-3,Apartment,Thiruvananthapuram,2,18,Loose / refill,4-7,Always,250g_500g,biomethanation,no,0,3-5,store
user293@gmail.com,4-5,Small house,Pathanamthitta,4,11,Plastic packet,4-7,Sometimes,500g_1kg,collector,monthly,1,1-2,trash
user294@gmail.com,2-3,Apartment,Malappuram,3,3,Loose / refill,1-3,Always,250g_500g,biomethanation,daily,0,1-2,trash
user295@gmail.com,6+,Large house,Thiruvananthapuram,4,19,Plastic bottle,7+,Sometimes,250g_500g,biomethanation,no,0,1-2,sell
user296@gmail.com,4-5,Small house,Kannur,3,14,Plastic packet,7+,Sometimes,250g_500g,biomethanation,no,0,3-5,store
user297@gmail.com,2-3,Apartment,Wayanad,3,4,Plastic packet,1-3,Never,250g_500g,biomethanation,weekly,1,1-2,store
user298@gmail.com,4-5,Small house,Kollam,3,2,Loose / refill,4-7,Sometimes,250g_500g,biomethanation,monthly,0,1-2,trash
user299@gmail.com,2-3,Apartment,Ernakulam,3,13,Plastic bottle,1-3,Always,250g_500g,biomethanation,monthly,0,3-5,trash
user300@gmail.com,2-3,Small house,Palakkad,2,5,Plastic bottle,,Sometimes,250g_500g,biomethanation,no,0,1-2,trash
user301@gmail.com,6+,Small house,Palakkad,5,14,Plastic bottle,4-7,Always,250g_500g,community,no,0,3-5,trash
user302@gmail.com,4-5,Small house,Alappuzha,4,17,Plastic bottle,7+,Never,250g_500g,collector,daily,0,1-2,trash
user303@gmail.com,2-3,Small house,Kollam,2,10,Plastic bottle,7+,Sometimes,250g_500g,biomethanation,daily,0,6+,recycle
user304@gmail.com,2-3,Small house,Alappuzha,1,5,Loose / refill,4-7,Sometimes,250g_500g,biomethanation,daily,0,none,sell
user305@gmail.com,2-3,Small house,Ernakulam,1,16,Plastic packet,4-7,Never,250g_500g,biomethanation,monthly,0,1-2,trash
user306@gmail.com,6+,Small house,Kasaragod,5,6,Plastic bottle,,Sometimes,250g_500g,community,weekly,1,1-2,recycle
user307@gmail.com,1,Large house,Kozhikode,1,20,Plastic packet,1-3,Sometimes,250g_500g,mixed,daily,0,1-2,sell
user308@gmail.com,4-5,Small house,Malappuram,2,13,Plastic packet,,Sometimes,250g_500g,biomethanation,monthly,0,1-2,sell
user309@gmail.com,2-3,Large house,Ernakulam,3,19,Plastic packet,,Always,250g_500g,community,monthly,0,1-2,store
user310@gmail.com,2-3,Small house,Malappuram,1,7,Plastic bottle,1-3,Sometimes,250g_500g,biomethanation,no,0,1-2,sell
user311@gmail.com,2-3,Apartment,Thrissur,2,11,Plastic packet,1-3,Never,250g_500g,biomethanation,daily,0,1-2,store
user312@gmail.com,2-3,Large house,Idukki,2,2,Plastic bottle,7+,Always,250g_500g,collector,no,0,1-2,sell
user313@gmail.com,2-3,Small house,Malappuram,3,12,Plastic packet,7+,Always,250g_500g,collector,monthly,0,3-5,trash
user314@gmail.com,2-3,Small house,Kasaragod,1,19,Loose / refill,1-3,Always,250g_500g,biomethanation,daily,0,3-5,sell
user315@gmail.com,2-3,Small house,Kasaragod,1,5,Plastic packet,7+,Always,250g_500g,collector,no,0,1-2,trash
user316@gmail.com,2-3,Apartment,Wayanad,1,10,Plastic bottle,1-3,Sometimes,250g_500g,biomethanation,daily,1,none,sell
user317@gmail.com,6+,Small house,Ernakulam,6,2,Loose / refill,4-7,Always,250g_500g,biomethanation,monthly,0,1-2,recycle
user318@gmail.com,2-3,Apartment,Pathanamthitta,3,18,Loose / refill,7+,Always,250g_500g,biomethanation,no,0,none,recycle
user319@gmail.com,4-5,Small house,Pathanamthitta,3,4,Loose / refill,4-7,Never,250g_500g,home_compost,daily,0,1-2,trash
user320@gmail.com,1,Large house,Kozhikode,0,4,Plastic packet,4-7,Never,250g_500g,home_compost,weekly,0,1-2,trash
user321@gmail.com,2-3,Large house,Kollam,2,16,Plastic packet,4-7,Never,250g_500g,biomethanation,no,0,6+,trash
user322@gmail.com,1,Small house,Palakkad,0,7,Plastic bottle,7+,Always,250g_500g,community,weekly,0,3-5,store
user323@gmail.com,4-5,Large house,Idukki,3,9,Loose / refill,7+,Never,250g_500g,community,weekly,1,1-2,sell
user324@gmail.com,2-3,Small house,Kannur,2,13,Plastic bottle,,Always,250g_500g,biomethanation,monthly,0,3-5,recycle
user325@gmail.com,4-5,Small house,Kasaragod,2,17,Loose / refill,7+,Always,250g_500g,biomethanation,monthly,0,none,recycle
user326@gmail.com,2-3,Large house,Kasaragod,1,2,Plastic packet,7+,Never,250g_500g,collector,monthly,0,6+,recycle
user327@gmail.com,1,Apartment,Idukki,1,2,Loose / refill,1-3,Never,250g_500g,community,daily,0,1-2,sell
user328@gmail.com,2-3,Apartment,Kozhikode,3,5,Plastic bottle,7+,Never,250g_500g,biomethanation,daily,1,1-2,sell
user329@gmail.com,2-3,Small house,Malappuram,1,12,Loose / refill,,Sometimes,250g_500g,collector,no,1,1-2,store
user330@gmail.com,6+,Apartment,Malappuram,6,9,Plastic bottle,4-7,Always,250g_500g,collector,daily,0,1-2,trash
user331@gmail.com,4-5,Small house,Kannur,2,17,Plastic packet,1-3,Always,250g_500g,collector,monthly,1,1-2,recycle
user332@gmail.com,1,Large house,Idukki,1,18,Plastic packet,4-7,Always,250g_500g,community,daily,1,6+,store
user333@gmail.com,4-5,Large house,Malappuram,4,9,Plastic packet,4-7,Always,250g_500g,community,daily,0,3-5,recycle
user334@gmail.com,2-3,Large house,Idukki,3,10,Plastic packet,1-3,Never,250g_500g,biomethanation,daily,0,1-2,store
user335@gmail.com,2-3,Large house,Kasaragod,3,20,Loose / refill,1-3,Sometimes,250g_500g,biomethanation,monthly,0,none,recycle
user336@gmail.com,6+,Large house,Kasaragod,4,3,Loose / refill,,Sometimes,250g_500g,biomethanation,no,0,1-2,store
user337@gmail.com,1,Small house,Thrissur,1,4,Loose / refill,4-7,Sometimes,250g_500g,biomethanation,daily,0,1-2,trash
user338@gmail.com,2-3,Large house,Kottayam,1,9,Plastic bottle,4-7,Never,250g_500g,biomethanation,monthly,0,1-2,sell
user339@gmail.com,4-5,Apartment,Malappuram,2,7,Plastic packet,,Sometimes,250g_500g,home_compost,daily,1,1-2,recycle
user340@gmail.com,6+,Apartment,Kannur,6,12,Loose / refill,,Never,250g_500g,biomethanation,no,0,3-5,sell
user341@gmail.com,2-3,Small house,Wayanad,1,4,Plastic packet,7+,Sometimes,250g_500g,biomethanation,daily,0,3-5,store
user342@gmail.com,2-3,Apartment,Kozhikode,3,15,Plastic packet,1-3,Sometimes,250g_500g,biomethanation,no,0,3-5,store
user343@gmail.com,4-5,Apartment,Palakkad,2,19,Plastic bottle,4-7,Sometimes,250g_500g,collector,no,0,1-2,trash
user344@gmail.com,4-5,Apartment,Thiruvananthapuram,4,15,Plastic packet,4-7,Never,250g_500g,biomethanation,daily,0,1-2,sell
user345@gmail.com,2-3,Apartment,Pathanamthitta,1,18,Loose / refill,7+,Always,250g_500g,community,weekly,0,1-2,trash
user346@gmail.com,4-5,Small house,Thiruvananthapuram,3,20,Loose / refill,7+,Sometimes,250g_500g,community,daily,0,3-5,recycle
user347@gmail.com,2-3,Small house,Thrissur,3,5,Loose / refill,7+,Sometimes,250g_500g,home_compost,daily,0,none,store
user348@gmail.com,2-3,Large house,Thrissur,1,20,Loose / refill,4-7,Always,250g_500g,biomethanation,no,0,1-2,recycle
user349@gmail.com,2-3,Small house,Palakkad,3,10,Loose / refill,1-3,Always,250g_500g,collector,monthly,1,6+,recycle
user350@gmail.com,2-3,Apartment,Kottayam,2,12,Plastic bottle,7+,Sometimes,250g_500g,biomethanation,monthly,0,1-2,trash
user351@gmail.com,6+,Small house,Alappuzha,4,6,Loose / refill,7+,Always,250g_500g,biomethanation,monthly,0,1-2,recycle
user352@gmail.com,1,Apartment,Kollam,1,20,Loose / refill,1-3,Always,250g_500g,community,monthly,0,6+,sell
user353@gmail.com,2-3,Apartment,Wayanad,3,6,Loose / refill,,Never,250g_500g,community,monthly,0,3-5,trash
user354@gmail.com,2-3,Small house,Palakkad,1,16,Loose / refill,1-3,Never,250g_500g,collector,daily,0,3-5,store
user355@gmail.com,1,Large house,Wayanad,0,5,Plastic packet,,Always,250g_500g,biomethanation,no,0,1-2,recycle
user356@gmail.com,2-3,Apartment,Wayanad,2,19,Plastic bottle,7+,Always,250g_500g,biomethanation,weekly,0,6+,sell
user357@gmail.com,4-5,Apartment,Thiruvananthapuram,2,19,Plastic bottle,4-7,Sometimes,250g_500g,collector,monthly,0,1-2,sell
user358@gmail.com,4-5,Large house,Alappuzha,4,18,Loose / refill,4-7,Always,250g_500g,biomethanation,monthly,1,3-5,trash
user359@gmail.com,4-5,Apartment,Wayanad,4,2,Plastic bottle,4-7,Always,250g_500g,collector,weekly,0,none,trash
user360@gmail.com,2-3,Large house,Ernakulam,3,10,Loose / refill,7+,Never,250g_500g,community,monthly,0,1-2,recycle
user361@gmail.com,2-3,Apartment,Alappuzha,3,20,Plastic packet,,Never,250g_500g,collector,daily,0,1-2,sell
user362@gmail.com,2-3,Apartment,Wayanad,3,19,Plastic packet,4-7,Never,250g_500g,collector,monthly,0,1-2,recycle
user363@gmail.com,1,Large house,Pathanamthitta,0,3,Plastic bottle,7+,Sometimes,250g_500g,home_compost,no,0,1-2,store
user364@gmail.com,6+,Apartment,Idukki,4,8,Plastic packet,1-3,Sometimes,250g_500g,biomethanation,monthly,0,none,sell
user365@gmail.com,4-5,Apartment,Idukki,2,4,Loose / refill,4-7,Sometimes,250g_500g,collector,no,0,3-5,recycle
user366@gmail.com,4-5,Small house,Kasaragod,3,8,Plastic bottle,,Never,250g_500g,biomethanation,monthly,0,6+,store
user367@gmail.com,2-3,Small house,Ernakulam,3,15,Plastic bottle,,Never,250g_500g,collector,no,0,3-5,recycle
user368@gmail.com,6+,Large house,Thiruvananthapuram,3,19,Plastic packet,,Sometimes,250g_500g,home_compost,daily,0,3-5,recycle
user369@gmail.com,4-5,Large house,Pathanamthitta,4,12,Loose / refill,1-3,Sometimes,250g_500g,biomethanation,monthly,0,6+,sell
user370@gmail.com,4-5,Small house,Kollam,2,8,Plastic bottle,1-3,Sometimes,250g_500g,home_compost,monthly,0,3-5,recycle
user371@gmail.com,2-3,Large house,Kasaragod,3,14,Plastic bottle,1-3,Never,250g_500g,biomethanation,monthly,0,6+,trash
user372@gmail.com,2-3,Apartment,Idukki,2,4,Plastic bottle,7+,Sometimes,250g_500g,biomethanation,no,0,3-5,trash
user373@gmail.com,4-5,Apartment,Palakkad,3,4,Plastic bottle,7+,Always,250g_500g,biomethanation,monthly,0,1-2,trash
user374@gmail.com,4-5,Large house,Ernakulam,3,17,Plastic bottle,1-3,Never,250g_500g,collector,monthly,0,6+,sell
user375@gmail.com,6+,Large house,Alappuzha,4,9,Loose / refill,1-3,Sometimes,250g_500g,biomethanation,daily,0,1-2,sell
user376@gmail.com,2-3,Small house,Alappuzha,1,6,Plastic packet,,Sometimes,250g_500g,community,weekly,2,3-5,recycle
user377@gmail.com,4-5,Large house,Palakkad,4,11,Plastic bottle,7+,Always,250g_500g,biomethanation,no,0,1-2,sell
user378@gmail.com,2-3,Large house,Kozhikode,1,20,Plastic bottle,1-3,Never,250g_500g,biomethanation,daily,1,3-5,trash
user379@gmail.com,2-3,Small house,Ernakulam,3,4,Plastic bottle,,Always,250g_500g,worm_compost,monthly,2,1-2,sell
user380@gmail.com,1,Apartment,Wayanad,0,3,Loose / refill,7+,Always,250g_500g,home_compost,no,0,1-2,store
user381@gmail.com,2-3,Small house,Malappuram,1,3,Plastic packet,1-3,Never,250g_500g,biomethanation,monthly,1,6+,sell
user382@gmail.com,6+,Small house,Palakkad,6,2,Plastic packet,1-3,Never,250g_500g,collector,daily,0,3-5,recycle
user383@gmail.com,2-3,Large house,Malappuram,1,12,Plastic bottle,,Sometimes,250g_500g,home_compost,weekly,0,1-2,sell
user384@gmail.com,4-5,Apartment,Idukki,4,12,Loose / refill,,Never,250g_500g,biomethanation,daily,0,6+,recycle
user385@gmail.com,4-5,Small house,Idukki,4,6,Plastic bottle,7+,Sometimes,250g_500g,collector,monthly,0,3-5,trash
user386@gmail.com,4-5,Large house,Thiruvananthapuram,2,13,Loose / refill,7+,Sometimes,250g_500g,home_compost,monthly,0,3-5,store
user387@gmail.com,1,Apartment,Kottayam,1,8,Loose / refill,1-3,Never,250g_500g,community,daily,0,3-5,trash
user388@gmail.com,2-3,Small house,Thrissur,1,11,Plastic bottle,7+,Always,250g_500g,biomethanation,no,1,1-2,recycle
user389@gmail.com,4-5,Apartment,Thrissur,2,13,Plastic bottle,,Never,250g_500g,community,weekly,0,1-2,recycle
user390@gmail.com,1,Large house,Kasaragod,1,9,Loose / refill,4-7,Always,250g_500g,collector,daily,0,1-2,recycle
user391@gmail.com,4-5,Small house,Thiruvananthapuram,2,12,Loose / refill,7+,Always,250g_500g,collector,daily,0,1-2,recycle
user392@gmail.com,6+,Large house,Kozhikode,6,18,Plastic bottle,1-3,Sometimes,250g_500g,collector,daily,1,1-2,recycle
user393@gmail.com,4-5,Small house,Kollam,4,19,Plastic packet,7+,Sometimes,250g_500g,community,no,0,1-2,recycle
user394@gmail.com,2-3,Apartment,Kollam,2,6,Plastic packet,1-3,Never,250g_500g,collector,monthly,0,3-5,store
user395@gmail.com,4-5,Small house,Kottayam,3,2,Plastic packet,4-7,Sometimes,250g_500g,collector,no,1,1-2,recycle
user396@gmail.com,6+,Large house,Kozhikode,4,5,Loose / refill,4-7,Sometimes,250g_500g,mixed,no,0,1-2,sell
user397@gmail.com,2-3,Apartment,Wayanad,3,4,Plastic packet,4-7,Never,250g_500g,biomethanation,daily,0,6+,trash
user398@gmail.com,4-5,Large house,Kozhikode,3,12,Plastic packet,1-3,Always,250g_500g,mixed,monthly,0,1-2,trash
user399@gmail.com,2-3,Apartment,Kozhikode,3,11,Loose / refill,1-3,Always,250g_500g,collector,daily,0,3-5,recycle
user400@gmail.com,4-5,Apartment,Idukki,4,6,Loose / refill,1-3,Never,250g_500g,biomethanation,monthly,0,1-2,sell
user401@gmail.com,4-5,Apartment,Alappuzha,4,10,Plastic bottle,4-7,Always,250g_500g,mixed,weekly,0,1-2,recycle
user402@gmail.com,4-5,Small house,Pathanamthitta,4,15,Loose / refill,7+,Never,250g_500g,home_compost,monthly,0,1-2,recycle
user403@gmail.com,4-5,Small house,Kozhikode,2,10,Loose / refill,,Always,250g_500g,collector,monthly,0,1-2,store
user404@gmail.com,1,Large house,Idukki,1,4,Loose / refill,,Always,250g_500g,community,monthly,0,3-5,trash
user405@gmail.com,2-3,Small house,Kottayam,3,8,Plastic packet,4-7,Never,250g_500g,biomethanation,weekly,0,1-2,recycle
user406@gmail.com,2-3,Large house,Idukki,1,6,Loose / refill,,Never,250g_500g,biomethanation,daily,0,none,store
user407@gmail.com,4-5,Small house,Idukki,2,7,Plastic bottle,4-7,Sometimes,250g_500g,biomethanation,weekly,0,3-5,recycle
user408@gmail.com,2-3,Small house,Kozhikode,2,5,Loose / refill,,Always,250g_500g,community,monthly,0,1-2,recycle
user409@gmail.com,1,Small house,Thiruvananthapuram,0,7,Loose / refill,,Always,250g_500g,biomethanation,daily,0,1-2,recycle
user410@gmail.com,6+,Apartment,Palakkad,5,12,Plastic bottle,7+,Never,250g_500g,community,monthly,0,3-5,sell
user411@gmail.com,6+,Large house,Malappuram,3,7,Plastic packet,4-7,Sometimes,250g_500g,collector,monthly,0,1-2,store
user412@gmail.com,2-3,Small house,Kasaragod,1,12,Plastic packet,1-3,Sometimes,250g_500g,community,weekly,0,1-2,trash
user413@gmail.com,1,Apartment,Kannur,0,8,Loose / refill,7+,Sometimes,250g_500g,community,monthly,0,3-5,store
user414@gmail.com,4-5,Small house,Ernakulam,2,20,Loose / refill,1-3,Never,250g_500g,community,daily,0,1-2,store
user415@gmail.com,4-5,Small house,Kottayam,2,12,Plastic bottle,4-7,Never,500g_1kg,collector,no,0,1-2,sell
user416@gmail.com,6+,Small house,Thiruvananthapuram,5,20,Plastic bottle,4-7,Always,250g_500g,collector,daily,0,3-5,recycle
user417@gmail.com,6+,Large house,Kottayam,5,18,Loose / refill,1-3,Never,250g_500g,biomethanation,monthly,0,none,trash
user418@gmail.com,4-5,Large house,Pathanamthitta,3,8,Loose / refill,1-3,Never,250g_500g,collector,daily,0,3-5,store
user419@gmail.com,2-3,Large house,Kozhikode,2,2,Plastic bottle,4-7,Never,250g_500g,biomethanation,daily,0,1-2,recycle
user420@gmail.com,4-5,Large house,Palakkad,3,13,Plastic bottle,1-3,Sometimes,250g_500g,community,daily,0,1-2,trash
user421@gmail.com,2-3,Large house,Wayanad,1,19,Plastic bottle,4-7,Never,250g_500g,home_compost,monthly,0,1-2,recycle
user422@gmail.com,1,Small house,Wayanad,0,16,Plastic bottle,,Never,250g_500g,biomethanation,weekly,0,1-2,trash
user423@gmail.com,4-5,Large house,Alappuzha,4,6,Loose / refill,,Sometimes,250g_500g,biomethanation,monthly,0,6+,store
user424@gmail.com,2-3,Small house,Kollam,2,16,Loose / refill,1-3,Always,250g_500g,biomethanation,monthly,1,none,recycle
user425@gmail.com,4-5,Apartment,Ernakulam,4,19,Loose / refill,,Never,250g_500g,biomethanation,weekly,0,1-2,sell
user426@gmail.com,2-3,Large house,Malappuram,1,9,Plastic bottle,1-3,Sometimes,250g_500g,collector,weekly,0,1-2,trash
user427@gmail.com,4-5,Small house,Wayanad,3,10,Plastic bottle,1-3,Always,250g_500g,biomethanation,monthly,0,6+,store
user428@gmail.com,4-5,Large house,Kozhikode,2,19,Plastic packet,7+,Always,250g_500g,collector,no,1,1-2,sell
user429@gmail.com,2-3,Apartment,Kollam,2,11,Loose / refill,1-3,Never,250g_500g,biomethanation,weekly,0,1-2,recycle
user430@gmail.com,2-3,Small house,Thiruvananthapuram,2,15,Plastic bottle,4-7,Never,250g_500g,biomethanation,daily,0,3-5,recycle
user431@gmail.com,2-3,Large house,Pathanamthitta,2,10,Plastic bottle,1-3,Always,250g_500g,biomethanation,monthly,1,1-2,trash
user432@gmail.com,2-3,Small house,Ernakulam,3,14,Plastic packet,1-3,Never,250g_500g,biomethanation,monthly,1,1-2,sell
user433@gmail.com,2-3,Small house,Kottayam,1,14,Plastic packet,4-7,Always,250g_500g,home_compost,no,0,6+,trash
user434@gmail.com,4-5,Small house,Pathanamthitta,2,16,Plastic packet,,Never,250g_500g,biomethanation,daily,0,1-2,recycle
user435@gmail.com,1,Apartment,Ernakulam,0,8,Plastic packet,7+,Sometimes,250g_500g,collector,daily,0,6+,sell
user436@gmail.com,6+,Apartment,Kannur,4,16,Plastic bottle,4-7,Always,250g_500g,biomethanation,weekly,0,1-2,recycle
user437@gmail.com,4-5,Small house,Thrissur,4,8,Loose / refill,,Sometimes,250g_500g,biomethanation,monthly,0,3-5,recycle
user438@gmail.com,1,Small house,Kottayam,0,20,Plastic packet,7+,Sometimes,250g_500g,community,monthly,0,3-5,sell
user439@gmail.com,2-3,Apartment,Thiruvananthapuram,1,15,Plastic packet,,Sometimes,250g_500g,collector,daily,0,3-5,store
user440@gmail.com,2-3,Large house,Palakkad,3,2,Plastic bottle,,Sometimes,250g_500g,biomethanation,monthly,0,3-5,trash
user441@gmail.com,4-5,Small house,Kasaragod,3,20,Plastic packet,1-3,Sometimes,250g_500g,community,monthly,0,1-2,sell
user442@gmail.com,4-5,Large house,Pathanamthitta,2,13,Plastic packet,1-3,Never,250g_500g,biomethanation,no,0,3-5,recycle
user443@gmail.com,2-3,Large house,Alappuzha,3,11,Plastic packet,,Always,250g_500g,collector,monthly,0,1-2,store
user444@gmail.com,2-3,Apartment,Thiruvananthapuram,2,4,Plastic bottle,1-3,Sometimes,250g_500g,biomethanation,monthly,0,1-2,store
user445@gmail.com,4-5,Apartment,Palakkad,3,13,Loose / refill,,Sometimes,250g_500g,collector,weekly,0,1-2,store
user446@gmail.com,2-3,Small house,Idukki,2,11,Plastic bottle,,Never,250g_500g,biomethanation,daily,1,6+,recycle
user447@gmail.com,6+,Apartment,Kozhikode,6,5,Loose / refill,,Sometimes,500g_1kg,community,daily,0,3-5,trash
user448@gmail.com,2-3,Small house,Ernakulam,2,17,Plastic bottle,,Never,250g_500g,mixed,daily,0,6+,sell
user449@gmail.com,4-5,Apartment,Pathanamthitta,2,9,Plastic packet,1-3,Never,250g_500g,biomethanation,weekly,0,3-5,recycle
user450@gmail.com,2-3,Large house,Kottayam,3,20,Loose / refill,4-7,Sometimes,250g_500g,collector,daily,0,1-2,sell
user451@gmail.com,2-3,Small house,Kannur,2,4,Loose / refill,,Sometimes,250g_500g,mixed,weekly,0,1-2,sell
user452@gmail.com,2-3,Small house,Kozhikode,3,11,Loose / refill,1-3,Sometimes,250g_500g,biomethanation,monthly,0,1-2,trash
user453@gmail.com,6+,Apartment,Kottayam,5,9,Loose / refill,1-3,Sometimes,250g_500g,collector,weekly,0,6+,store
user454@gmail.com,1,Large house,Thiruvananthapuram,0,19,Plastic bottle,,Sometimes,250g_500g,biomethanation,monthly,0,1-2,sell
user455@gmail.com,2-3,Apartment,Wayanad,1,17,Plastic bottle,7+,Never,250g_500g,collector,daily,0,3-5,recycle
user456@gmail.com,2-3,Apartment,Kasaragod,2,11,Loose / refill,7+,Never,250g_500g,home_compost,weekly,0,3-5,sell
user457@gmail.com,4-5,Small house,Wayanad,2,2,Plastic packet,7+,Sometimes,250g_500g,biomethanation,weekly,0,3-5,store
user458@gmail.com,4-5,Small house,Thiruvananthapuram,2,12,Plastic packet,1-3,Never,250g_500g,community,weekly,0,3-5,store
user459@gmail.com,4-5,Small house,Kannur,3,6,Loose / refill,7+,Sometimes,250g_500g,biomethanation,daily,0,3-5,store
user460@gmail.com,2-3,Apartment,Idukki,2,5,Plastic packet,1-3,Never,250g_500g,biomethanation,daily,1,6+,recycle
user461@gmail.com,2-3,Large house,Ernakulam,1,18,Plastic bottle,7+,Never,250g_500g,collector,daily,0,3-5,recycle
user462@gmail.com,6+,Apartment,Pathanamthitta,3,6,Plastic packet,1-3,Sometimes,250g_500g,home_compost,no,0,1-2,recycle
user463@gmail.com,1,Small house,Malappuram,1,20,Plastic bottle,4-7,Sometimes,250g_500g,collector,daily,1,1-2,store
user464@gmail.com,6+,Small house,Pathanamthitta,6,2,Loose / refill,4-7,Sometimes,250g_500g,collector,no,0,3-5,trash
user465@gmail.com,2-3,Large house,Kottayam,3,2,Plastic bottle,1-3,Never,250g_500g,collector,weekly,0,3-5,store
user466@gmail.com,2-3,Small house,Ernakulam,1,12,Loose / refill,,Never,250g_500g,biomethanation,no,0,1-2,recycle
user467@gmail.com,2-3,Small house,Kannur,3,16,Loose / refill,1-3,Sometimes,250g_500g,community,monthly,0,1-2,store
user468@gmail.com,2-3,Small house,Thrissur,2,18,Plastic bottle,7+,Always,250g_500g,biomethanation,weekly,0,6+,sell
user469@gmail.com,2-3,Large house,Ernakulam,3,2,Loose / refill,,Sometimes,250g_500g,collector,daily,0,6+,trash
user470@gmail.com,4-5,Apartment,Ernakulam,4,5,Plastic bottle,7+,Always,250g_500g,biomethanation,weekly,0,1-2,trash
user471@gmail.com,2-3,Small house,Wayanad,1,20,Loose / refill,4-7,Sometimes,250g_500g,biomethanation,daily,0,1-2,trash
user472@gmail.com,4-5,Apartment,Idukki,4,2,Plastic bottle,4-7,Always,250g_500g,community,no,0,1-2,recycle
user473@gmail.com,2-3,Apartment,Kottayam,2,7,Plastic packet,4-7,Sometimes,250g_500g,biomethanation,no,0,3-5,sell
user474@gmail.com,4-5,Apartment,Pathanamthitta,3,2,Plastic bottle,4-7,Always,250g_500g,community,daily,0,3-5,recycle
user475@gmail.com,4-5,Large house,Pathanamthitta,2,2,Loose / refill,,Always,250g_500g,community,monthly,0,6+,trash
user476@gmail.com,2-3,Apartment,Pathanamthitta,2,20,Plastic packet,7+,Never,250g_500g,collector,daily,0,1-2,sell
user477@gmail.com,2-3,Apartment,Kozhikode,1,14,Plastic packet,7+,Sometimes,250g_500g,biomethanation,monthly,0,3-5,trash
user478@gmail.com,2-3,Small house,Palakkad,2,17,Loose / refill,,Never,250g_500g,community,daily,0,none,recycle
user479@gmail.com,2-3,Apartment,Kasaragod,3,5,Loose / refill,7+,Always,250g_500g,biomethanation,monthly,0,6+,store
user480@gmail.com,4-5,Small house,Kozhikode,2,7,Plastic bottle,,Always,250g_500g,biomethanation,monthly,0,3-5,trash
user481@gmail.com,2-3,Small house,Alappuzha,2,9,Plastic packet,4-7,Sometimes,250g_500g,community,no,0,6+,sell
user482@gmail.com,6+,Large house,Kannur,5,19,Plastic bottle,,Always,250g_500g,community,daily,1,none,recycle
user483@gmail.com,6+,Small house,Kozhikode,3,9,Plastic bottle,,Never,250g_500g,mixed,weekly,0,1-2,recycle
user484@gmail.com,1,Large house,Thiruvananthapuram,0,18,Loose / refill,,Never,250g_500g,community,no,0,6+,sell
user485@gmail.com,1,Apartment,Wayanad,1,4,Loose / refill,4-7,Never,250g_500g,home_compost,weekly,1,3-5,trash
user486@gmail.com,2-3,Small house,Alappuzha,3,15,Plastic bottle,1-3,Sometimes,250g_500g,biomethanation,monthly,0,3-5,sell
user487@gmail.com,2-3,Small house,Kasaragod,3,11,Loose / refill,,Always,250g_500g,collector,no,0,3-5,store
user488@gmail.com,2-3,Small house,Wayanad,1,2,Plastic packet,,Always,250g_500g,biomethanation,no,0,1-2,trash
user489@gmail.com,4-5,Apartment,Kollam,4,15,Loose / refill,1-3,Never,250g_500g,collector,daily,0,1-2,sell
user490@gmail.com,2-3,Apartment,Kollam,3,11,Plastic packet,4-7,Always,250g_500g,biomethanation,monthly,0,1-2,trash
user491@gmail.com,1,Large house,Palakkad,0,2,Loose / refill,,Always,250g_500g,biomethanation,monthly,1,1-2,recycle
user492@gmail.com,4-5,Large house,Idukki,2,2,Loose / refill,4-7,Always,250g_500g,community,monthly,0,6+,sell
user493@gmail.com,2-3,Apartment,Kozhikode,1,15,Loose / refill,4-7,Always,250g_500g,biomethanation,no,0,3-5,recycle
user494@gmail.com,4-5,Small house,Ernakulam,3,5,Plastic bottle,7+,Never,250g_500g,biomethanation,weekly,0,3-5,sell
user495@gmail.com,2-3,Large house,Idukki,3,14,Plastic bottle,7+,Never,250g_500g,biomethanation,weekly,0,6+,recycle
user496@gmail.com,4-5,Large house,Wayanad,3,14,Plastic bottle,7+,Sometimes,250g_500g,biomethanation,no,1,1-2,trash
user497@gmail.com,2-3,Apartment,Palakkad,3,4,Loose / refill,4-7,Always,250g_500g,collector,monthly,0,1-2,trash
user498@gmail.com,1,Small house,Kozhikode,0,19,Plastic packet,1-3,Never,250g_500g,biomethanation,daily,0,6+,trash
user499@gmail.com,2-3,Apartment,Thiruvananthapuram,2,9,Plastic packet,4-7,Sometimes,250g_500g,community,monthly,1,1-2,recycle
user500@gmail.com,2-3,Small house,Thiruvananthapuram,2,18,Plastic bottle,1-3,Sometimes,250g_500g,home_compost,monthly,0,none,trash
user501@gmail.com,1,Apartment,Kozhikode,1,8,Plastic packet,1-3,Sometimes,less_250g,home_compost,no,1,1-2,trash
user502@gmail.com,1,Small house,Idukki,0,8,Plastic bottle,1-3,Sometimes,less_250g,collector,monthly,0,6+,sell
user503@gmail.com,2-3,Large house,Wayanad,3,11,Plastic packet,4-7,Always,250g_500g,home_compost,monthly,4,3-5,recycle
user504@gmail.com,4-5,Large house,Malappuram,4,6,Plastic bottle,1-3,Sometimes,500g_1kg,home_compost,monthly,0,6+,trash
user505@gmail.com,2-3,Large house,Pathanamthitta,2,19,Plastic bottle,,Never,250g_500g,collector,weekly,0,1-2,sell
user506@gmail.com,2-3,Apartment,Wayanad,2,16,Loose / refill,7+,Sometimes,250g_500g,biomethanation,monthly,1,1-2,recycle
user507@gmail.com,2-3,Small house,Kozhikode,1,15,Plastic bottle,1-3,Sometimes,250g_500g,worm_compost,monthly,0,3-5,store
user508@gmail.com,2-3,Small house,Thrissur,2,12,Loose / refill,4-7,Sometimes,250g_500g,biomethanation,daily,0,6+,sell
user509@gmail.com,2-3,Apartment,Malappuram,2,17,Plastic bottle,7+,Never,250g_500g,home_compost,weekly,3,6+,store
user510@gmail.com,4-5,Large house,Palakkad,3,18,Loose / refill,4-7,Always,500g_1kg,collector,monthly,0,6+,trash
user511@gmail.com,1,Large house,Kannur,0,6,Plastic packet,7+,Sometimes,less_250g,biomethanation,weekly,2,none,trash
user512@gmail.com,2-3,Large house,Palakkad,3,8,Loose / refill,4-7,Always,250g_500g,community,monthly,2,1-2,store
user513@gmail.com,4-5,Apartment,Malappuram,2,16,Plastic bottle,7+,Always,500g_1kg,biomethanation,weekly,1,none,store
user514@gmail.com,1,Large house,Kannur,0,2,Plastic packet,1-3,Always,less_250g,mixed,weekly,2,1-2,store
user515@gmail.com,6+,Small house,Pathanamthitta,4,15,Plastic bottle,,Never,more_1kg,collector,no,4,none,trash
user516@gmail.com,1,Large house,Idukki,1,12,Plastic bottle,,Sometimes,less_250g,community,monthly,2,1-2,trash
user517@gmail.com,4-5,Small house,Kasaragod,4,14,Loose / refill,,Always,500g_1kg,community,weekly,3,3-5,store
user518@gmail.com,2-3,Large house,Thiruvananthapuram,1,16,Plastic packet,7+,Never,250g_500g,biomethanation,no,0,6+,store
user519@gmail.com,2-3,Small house,Kasaragod,3,5,Plastic packet,,Never,250g_500g,mixed,no,4,6+,trash
user520@gmail.com,2-3,Large house,Kollam,3,17,Plastic packet,,Never,250g_500g,home_compost,no,3,3-5,sell
user521@gmail.com,2-3,Small house,Palakkad,3,9,Plastic packet,1-3,Sometimes,250g_500g,biomethanation,no,1,none,trash
user522@gmail.com,4-5,Large house,Alappuzha,2,19,Plastic bottle,4-7,Sometimes,500g_1kg,mixed,daily,3,6+,recycle
user523@gmail.com,6+,Large house,Thiruvananthapuram,5,9,Loose / refill,,Never,more_1kg,biomethanation,monthly,0,3-5,trash
user524@gmail.com,4-5,Apartment,Pathanamthitta,2,3,Plastic bottle,4-7,Never,500g_1kg,home_compost,no,3,3-5,store
user525@gmail.com,4-5,Apartment,Kasaragod,3,18,Plastic bottle,,Always,500g_1kg,collector,monthly,2,none,recycle
user526@gmail.com,2-3,Apartment,Wayanad,3,3,Loose / refill,7+,Never,250g_500g,collector,no,0,1-2,recycle
user527@gmail.com,1,Large house,Idukki,1,14,Plastic bottle,,Always,less_250g,biomethanation,daily,2,6+,store
user528@gmail.com,2-3,Large house,Palakkad,1,18,Plastic bottle,4-7,Always,250g_500g,worm_compost,weekly,0,6+,recycle
user529@gmail.com,4-5,Small house,Pathanamthitta,2,13,Plastic bottle,1-3,Sometimes,500g_1kg,mixed,no,2,6+,store
user530@gmail.com,2-3,Apartment,Alappuzha,3,7,Plastic bottle,7+,Always,250g_500g,biomethanation,weekly,0,1-2,trash
user531@gmail.com,4-5,Apartment,Idukki,3,4,Plastic packet,,Always,500g_1kg,home_compost,weekly,1,3-5,sell
user532@gmail.com,6+,Large house,Kozhikode,3,7,Loose / refill,4-7,Always,more_1kg,community,weekly,2,3-5,recycle
user533@gmail.com,4-5,Small house,Kozhikode,2,14,Plastic packet,,Sometimes,500g_1kg,community,daily,4,1-2,recycle
user534@gmail.com,4-5,Apartment,Malappuram,3,15,Plastic bottle,7+,Always,500g_1kg,worm_compost,weekly,0,3-5,store
user535@gmail.com,2-3,Apartment,Palakkad,3,8,Plastic bottle,,Always,250g_500g,worm_compost,monthly,4,6+,sell
user536@gmail.com,2-3,Large house,Kollam,3,5,Plastic packet,7+,Sometimes,250g_500g,worm_compost,daily,4,6+,sell
user537@gmail.com,2-3,Large house,Ernakulam,2,3,Plastic packet,4-7,Never,250g_500g,home_compost,monthly,0,6+,store
user538@gmail.com,6+,Apartment,Alappuzha,4,20,Plastic packet,1-3,Sometimes,more_1kg,mixed,weekly,2,1-2,store
user539@gmail.com,4-5,Small house,Ernakulam,3,19,Plastic bottle,1-3,Sometimes,500g_1kg,worm_compost,no,3,3-5,recycle
user540@gmail.com,2-3,Large house,Pathanamthitta,1,15,Plastic bottle,,Always,250g_500g,mixed,monthly,4,1-2,store
user541@gmail.com,2-3,Apartment,Idukki,3,6,Plastic packet,4-7,Always,250g_500g,home_compost,daily,4,3-5,sell
user542@gmail.com,1,Small house,Kollam,1,13,Plastic bottle,7+,Never,less_250g,home_compost,monthly,4,3-5,trash
user543@gmail.com,4-5,Apartment,Idukki,2,14,Loose / refill,1-3,Always,500g_1kg,biomethanation,daily,4,6+,trash
user544@gmail.com,6+,Small house,Thrissur,5,19,Plastic packet,1-3,Never,more_1kg,worm_compost,weekly,4,none,store
user545@gmail.com,2-3,Small house,Kottayam,3,7,Plastic bottle,7+,Sometimes,250g_500g,biomethanation,no,0,6+,recycle
user546@gmail.com,6+,Small house,Thrissur,6,14,Loose / refill,4-7,Sometimes,more_1kg,worm_compost,no,4,1-2,trash
user547@gmail.com,6+,Apartment,Thiruvananthapuram,3,2,Loose / refill,7+,Sometimes,more_1kg,collector,no,2,6+,store
user548@gmail.com,2-3,Large house,Ernakulam,3,15,Loose / refill,,Always,250g_500g,mixed,daily,4,3-5,store
user549@gmail.com,4-5,Small house,Kollam,3,9,Plastic bottle,4-7,Always,500g_1kg,home_compost,no,4,3-5,store
user550@gmail.com,1,Small house,Kannur,1,13,Plastic packet,,Always,less_250g,home_compost,monthly,4,6+,sell
user551@gmail.com,2-3,Small house,Idukki,1,11,Loose / refill,1-3,Always,250g_500g,biomethanation,daily,3,none,store
user552@gmail.com,6+,Small house,Thrissur,3,16,Loose / refill,7+,Never,more_1kg,mixed,no,4,6+,sell
user553@gmail.com,2-3,Small house,Kannur,2,19,Loose / refill,,Always,250g_500g,worm_compost,no,2,6+,recycle
user554@gmail.com,4-5,Small house,Idukki,2,18,Plastic packet,,Sometimes,500g_1kg,mixed,weekly,3,6+,sell
user555@gmail.com,2-3,Large house,Kollam,1,19,Plastic bottle,,Never,250g_500g,community,daily,0,3-5,sell
user556@gmail.com,4-5,Small house,Thrissur,4,13,Plastic bottle,,Never,500g_1kg,mixed,monthly,2,none,store
user557@gmail.com,6+,Apartment,Ernakulam,6,14,Plastic packet,,Never,more_1kg,worm_compost,daily,2,1-2,sell
user558@gmail.com,4-5,Small house,Kozhikode,3,19,Loose / refill,,Sometimes,500g_1kg,worm_compost,weekly,1,1-2,store
user559@gmail.com,2-3,Large house,Kollam,2,4,Loose / refill,7+,Never,250g_500g,biomethanation,weekly,2,6+,sell
user560@gmail.com,4-5,Large house,Kollam,4,5,Plastic packet,1-3,Never,500g_1kg,home_compost,no,3,3-5,store
user561@gmail.com,1,Small house,Kannur,1,18,Loose / refill,,Always,less_250g,biomethanation,monthly,3,3-5,sell
user562@gmail.com,2-3,Large house,Idukki,1,5,Plastic bottle,7+,Sometimes,250g_500g,mixed,monthly,4,6+,trash
user563@gmail.com,2-3,Large house,Kollam,3,7,Plastic packet,4-7,Never,250g_500g,community,monthly,4,none,sell
user564@gmail.com,4-5,Large house,Thiruvananthapuram,2,5,Plastic packet,,Never,500g_1kg,biomethanation,no,0,6+,trash
user565@gmail.com,4-5,Small house,Kozhikode,3,13,Plastic packet,7+,Sometimes,500g_1kg,home_compost,daily,2,3-5,recycle
user566@gmail.com,1,Large house,Palakkad,0,6,Plastic bottle,7+,Never,less_250g,community,daily,3,6+,store
user567@gmail.com,2-3,Small house,Kannur,3,6,Plastic packet,4-7,Never,250g_500g,community,no,1,1-2,recycle
user568@gmail.com,1,Small house,Kottayam,1,4,Plastic packet,1-3,Always,less_250g,community,monthly,4,1-2,recycle
user569@gmail.com,2-3,Small house,Alappuzha,1,14,Loose / refill,7+,Always,250g_500g,community,weekly,1,none,recycle
user570@gmail.com,4-5,Small house,Kottayam,4,12,Plastic bottle,4-7,Never,500g_1kg,worm_compost,weekly,1,6+,trash
user571@gmail.com,1,Small house,Kannur,0,4,Plastic bottle,,Always,less_250g,mixed,daily,3,none,sell
user572@gmail.com,2-3,Small house,Wayanad,3,19,Plastic packet,4-7,Always,250g_500g,home_compost,monthly,0,3-5,trash
user573@gmail.com,6+,Apartment,Alappuzha,5,15,Loose / refill,7+,Sometimes,more_1kg,collector,weekly,1,1-2,sell
user574@gmail.com,2-3,Large house,Palakkad,2,10,Plastic bottle,7+,Always,250g_500g,mixed,weekly,1,6+,store
user575@gmail.com,1,Small house,Wayanad,0,4,Loose / refill,,Sometimes,less_250g,biomethanation,no,4,1-2,recycle
user576@gmail.com,1,Small house,Thrissur,1,8,Plastic bottle,7+,Sometimes,less_250g,collector,no,4,none,store
user577@gmail.com,1,Small house,Kannur,0,16,Plastic packet,,Always,less_250g,home_compost,daily,0,1-2,store
user578@gmail.com,6+,Large house,Kasaragod,5,2,Plastic packet,,Never,more_1kg,biomethanation,daily,1,none,trash
user579@gmail.com,2-3,Apartment,Wayanad,3,13,Plastic packet,1-3,Sometimes,250g_500g,worm_compost,weekly,3,3-5,recycle
user580@gmail.com,4-5,Small house,Kozhikode,3,18,Plastic bottle,,Never,500g_1kg,collector,monthly,1,3-5,store
user581@gmail.com,4-5,Large house,Kollam,3,7,Plastic bottle,1-3,Never,500g_1kg,biomethanation,monthly,1,3-5,store
user582@gmail.com,6+,Small house,Kasaragod,5,5,Plastic bottle,4-7,Always,more_1kg,community,no,3,1-2,store
user583@gmail.com,2-3,Apartment,Thrissur,1,14,Plastic packet,1-3,Never,250g_500g,biomethanation,daily,3,3-5,recycle
user584@gmail.com,2-3,Apartment,Ernakulam,2,12,Plastic bottle,,Never,250g_500g,community,daily,0,none,trash
user585@gmail.com,4-5,Small house,Thrissur,3,19,Plastic bottle,,Sometimes,500g_1kg,collector,weekly,1,1-2,store
user586@gmail.com,4-5,Apartment,Kollam,4,6,Plastic bottle,,Sometimes,500g_1kg,community,daily,1,none,trash
user587@gmail.com,2-3,Large house,Alappuzha,2,13,Plastic bottle,,Always,250g_500g,home_compost,no,1,3-5,trash
user588@gmail.com,6+,Apartment,Thiruvananthapuram,5,6,Plastic packet,4-7,Sometimes,more_1kg,collector,monthly,4,none,recycle
user589@gmail.com,2-3,Large house,Alappuzha,2,15,Plastic packet,7+,Always,250g_500g,community,no,4,none,trash
user590@gmail.com,4-5,Apartment,Idukki,4,9,Plastic packet,7+,Always,500g_1kg,worm_compost,monthly,0,6+,sell
user591@gmail.com,2-3,Small house,Pathanamthitta,3,17,Plastic packet,1-3,Sometimes,250g_500g,home_compost,no,0,6+,sell
user592@gmail.com,2-3,Small house,Wayanad,3,18,Plastic packet,7+,Sometimes,250g_500g,worm_compost,daily,2,6+,recycle
user593@gmail.com,1,Large house,Wayanad,0,6,Loose / refill,7+,Sometimes,less_250g,community,daily,0,1-2,store
user594@gmail.com,4-5,Large house,Palakkad,2,20,Loose / refill,4-7,Always,500g_1kg,collector,daily,0,3-5,sell
user595@gmail.com,4-5,Large house,Wayanad,4,11,Plastic bottle,7+,Always,500g_1kg,mixed,daily,3,1-2,recycle
user596@gmail.com,1,Small house,Palakkad,0,18,Plastic packet,7+,Never,less_250g,community,daily,0,1-2,store
user597@gmail.com,2-3,Apartment,Thiruvananthapuram,1,6,Loose / refill,7+,Sometimes,250g_500g,worm_compost,weekly,1,3-5,sell
user598@gmail.com,4-5,Large house,Malappuram,4,19,Plastic bottle,,Never,500g_1kg,collector,no,2,1-2,store
user599@gmail.com,6+,Apartment,Idukki,3,5,Loose / refill,4-7,Always,more_1kg,collector,daily,3,3-5,store
user600@gmail.com,2-3,Large house,Alappuzha,3,12,Plastic packet,4-7,Never,250g_500g,community,daily,2,3-5,trash
user601@gmail.com,2-3,Small house,Malappuram,3,18,Plastic bottle,1-3,Sometimes,250g_500g,biomethanation,daily,1,none,sell
user602@gmail.com,4-5,Large house,Idukki,2,12,Plastic packet,,Always,500g_1kg,home_compost,daily,2,1-2,sell
user603@gmail.com,2-3,Large house,Kasaragod,2,12,Plastic bottle,7+,Always,250g_500g,collector,no,0,none,sell
user604@gmail.com,4-5,Apartment,Thiruvananthapuram,4,12,Plastic bottle,,Sometimes,500g_1kg,biomethanation,weekly,2,none,recycle
user605@gmail.com,6+,Small house,Wayanad,5,17,Plastic packet,4-7,Always,more_1kg,collector,daily,2,1-2,trash
user606@gmail.com,4-5,Apartment,Wayanad,3,10,Loose / refill,1-3,Never,500g_1kg,home_compost,monthly,0,6+,store
user607@gmail.com,4-5,Apartment,Kasaragod,4,5,Loose / refill,1-3,Never,500g_1kg,mixed,daily,1,6+,sell
user608@gmail.com,4-5,Large house,Idukki,4,7,Plastic bottle,,Always,500g_1kg,collector,monthly,0,6+,recycle
user609@gmail.com,4-5,Large house,Thrissur,2,15,Loose / refill,4-7,Always,500g_1kg,mixed,monthly,2,3-5,recycle
user610@gmail.com,4-5,Apartment,Idukki,3,15,Plastic packet,,Never,500g_1kg,biomethanation,weekly,4,1-2,trash
user611@gmail.com,2-3,Large house,Pathanamthitta,3,2,Loose / refill,4-7,Sometimes,250g_500g,community,monthly,3,6+,trash
user612@gmail.com,2-3,Large house,Kottayam,3,4,Plastic packet,,Never,250g_500g,biomethanation,weekly,3,3-5,recycle
user613@gmail.com,2-3,Large house,Kannur,2,5,Plastic packet,1-3,Never,250g_500g,collector,weekly,4,none,sell
user614@gmail.com,2-3,Apartment,Kasaragod,1,14,Plastic packet,7+,Never,250g_500g,collector,weekly,1,3-5,trash
user615@gmail.com,2-3,Large house,Malappuram,2,3,Loose / refill,7+,Sometimes,250g_500g,mixed,weekly,4,6+,recycle
user616@gmail.com,4-5,Apartment,Palakkad,2,13,Plastic bottle,,Always,500g_1kg,home_compost,monthly,4,none,store
user617@gmail.com,2-3,Small house,Alappuzha,3,18,Loose / refill,7+,Always,250g_500g,worm_compost,weekly,0,3-5,sell
user618@gmail.com,2-3,Small house,Kollam,1,14,Loose / refill,,Never,250g_500g,home_compost,weekly,1,3-5,store
user619@gmail.com,4-5,Apartment,Kasaragod,3,2,Loose / refill,4-7,Sometimes,500g_1kg,home_compost,weekly,0,1-2,store
user620@gmail.com,4-5,Apartment,Thrissur,4,17,Loose / refill,,Always,500g_1kg,biomethanation,monthly,0,1-2,store
user621@gmail.com,2-3,Large house,Thrissur,3,20,Loose / refill,,Sometimes,250g_500g,biomethanation,weekly,3,3-5,store
user622@gmail.com,4-5,Small house,Alappuzha,3,9,Plastic bottle,4-7,Sometimes,500g_1kg,mixed,monthly,1,6+,sell
user623@gmail.com,4-5,Large house,Kozhikode,2,9,Loose / refill,7+,Sometimes,500g_1kg,collector,daily,3,1-2,sell
user624@gmail.com,4-5,Small house,Kollam,4,4,Loose / refill,1-3,Always,500g_1kg,community,no,0,none,store
user625@gmail.com,4-5,Large house,Kottayam,3,15,Loose / refill,4-7,Never,500g_1kg,mixed,no,0,1-2,recycle
user626@gmail.com,4-5,Small house,Thrissur,2,12,Loose / refill,1-3,Sometimes,500g_1kg,community,no,0,3-5,sell
user627@gmail.com,6+,Small house,Thrissur,6,11,Loose / refill,1-3,Sometimes,more_1kg,home_compost,weekly,0,1-2,recycle
user628@gmail.com,4-5,Small house,Kollam,4,16,Plastic packet,4-7,Never,500g_1kg,mixed,monthly,2,1-2,store
user629@gmail.com,2-3,Large house,Kollam,2,17,Plastic packet,7+,Sometimes,250g_500g,home_compost,daily,4,3-5,sell
user630@gmail.com,4-5,Apartment,Thrissur,2,6,Loose / refill,4-7,Never,500g_1kg,collector,no,3,6+,sell
user631@gmail.com,2-3,Large house,Thrissur,1,12,Loose / refill,,Sometimes,250g_500g,community,daily,0,none,trash
user632@gmail.com,2-3,Apartment,Idukki,1,20,Plastic packet,4-7,Sometimes,250g_500g,home_compost,no,4,1-2,recycle
user633@gmail.com,4-5,Large house,Kannur,2,10,Plastic bottle,,Never,500g_1kg,home_compost,daily,1,1-2,recycle
user634@gmail.com,2-3,Large house,Ernakulam,3,20,Loose / refill,1-3,Sometimes,250g_500g,collector,daily,2,none,store
user635@gmail.com,4-5,Small house,Malappuram,3,4,Plastic bottle,1-3,Never,500g_1kg,mixed,no,3,1-2,sell
user636@gmail.com,2-3,Large house,Alappuzha,2,17,Plastic packet,4-7,Never,250g_500g,biomethanation,no,2,3-5,sell
user637@gmail.com,1,Apartment,Kannur,0,15,Plastic packet,,Always,less_250g,community,monthly,2,6+,store
user638@gmail.com,1,Small house,Kottayam,0,16,Plastic bottle,1-3,Sometimes,less_250g,collector,monthly,3,6+,recycle
user639@gmail.com,4-5,Large house,Palakkad,2,18,Plastic packet,7+,Sometimes,500g_1kg,mixed,daily,1,3-5,trash
user640@gmail.com,2-3,Large house,Kollam,2,14,Plastic packet,,Sometimes,250g_500g,collector,daily,3,1-2,sell
user641@gmail.com,6+,Small house,Idukki,6,4,Loose / refill,7+,Always,more_1kg,worm_compost,daily,1,1-2,store
user642@gmail.com,4-5,Large house,Kozhikode,3,11,Loose / refill,4-7,Sometimes,500g_1kg,collector,no,1,6+,recycle
user643@gmail.com,2-3,Small house,Pathanamthitta,2,17,Plastic packet,4-7,Sometimes,250g_500g,worm_compost,daily,3,3-5,store
user644@gmail.com,2-3,Apartment,Thrissur,2,15,Plastic packet,4-7,Never,250g_500g,biomethanation,daily,3,none,sell
user645@gmail.com,1,Apartment,Ernakulam,1,16,Plastic packet,,Sometimes,less_250g,mixed,monthly,3,6+,sell
user646@gmail.com,2-3,Small house,Kollam,2,17,Plastic packet,4-7,Sometimes,250g_500g,home_compost,weekly,3,none,store
user647@gmail.com,2-3,Apartment,Thrissur,2,3,Plastic bottle,1-3,Never,250g_500g,biomethanation,monthly,0,1-2,recycle
user648@gmail.com,2-3,Large house,Wayanad,3,12,Plastic bottle,1-3,Sometimes,250g_500g,community,monthly,3,6+,recycle
user649@gmail.com,4-5,Small house,Alappuzha,3,5,Plastic bottle,,Never,500g_1kg,worm_compost,weekly,0,1-2,store
user650@gmail.com,6+,Large house,Idukki,4,15,Plastic bottle,4-7,Never,more_1kg,community,no,3,none,store
user651@gmail.com,4-5,Small house,Idukki,4,8,Loose / refill,1-3,Always,500g_1kg,home_compost,daily,4,1-2,trash
user652@gmail.com,4-5,Apartment,Thrissur,3,19,Plastic packet,,Always,500g_1kg,mixed,weekly,1,none,store
user653@gmail.com,2-3,Apartment,Palakkad,3,13,Plastic bottle,,Always,250g_500g,worm_compost,no,2,6+,sell
user654@gmail.com,1,Small house,Idukki,0,12,Plastic packet,1-3,Never,less_250g,community,weekly,2,6+,sell
user655@gmail.com,1,Large house,Pathanamthitta,0,4,Loose / refill,4-7,Sometimes,less_250g,mixed,daily,1,6+,sell
user656@gmail.com,4-5,Large house,Pathanamthitta,3,8,Plastic bottle,7+,Always,500g_1kg,community,weekly,4,1-2,trash
user657@gmail.com,2-3,Small house,Idukki,2,16,Plastic packet,7+,Never,250g_500g,worm_compost,weekly,4,none,recycle
user658@gmail.com,2-3,Apartment,Kasaragod,1,5,Plastic bottle,1-3,Never,250g_500g,community,daily,3,none,recycle
user659@gmail.com,1,Apartment,Idukki,1,16,Plastic packet,,Always,less_250g,community,monthly,1,6+,store
user660@gmail.com,2-3,Small house,Palakkad,3,15,Loose / refill,7+,Always,250g_500g,mixed,monthly,2,none,recycle
user661@gmail.com,1,Large house,Kollam,1,15,Plastic bottle,7+,Sometimes,less_250g,home_compost,monthly,3,none,recycle
user662@gmail.com,1,Large house,Kannur,0,10,Loose / refill,1-3,Never,less_250g,collector,weekly,0,none,store
user663@gmail.com,2-3,Apartment,Idukki,3,5,Plastic packet,7+,Never,250g_500g,biomethanation,daily,2,none,sell
user664@gmail.com,2-3,Large house,Thrissur,2,19,Loose / refill,4-7,Sometimes,250g_500g,mixed,daily,2,none,trash
user665@gmail.com,2-3,Large house,Kottayam,2,19,Plastic bottle,4-7,Never,250g_500g,biomethanation,daily,1,6+,sell
user666@gmail.com,2-3,Small house,Ernakulam,2,2,Plastic packet,1-3,Always,250g_500g,collector,daily,2,6+,recycle
user667@gmail.com,2-3,Large house,Kannur,2,14,Plastic packet,4-7,Always,250g_500g,worm_compost,daily,3,1-2,sell
user668@gmail.com,2-3,Small house,Idukki,2,12,Loose / refill,4-7,Always,250g_500g,mixed,weekly,1,6+,trash
user669@gmail.com,2-3,Small house,Alappuzha,2,16,Loose / refill,,Sometimes,250g_500g,collector,no,1,1-2,sell
user670@gmail.com,2-3,Large house,Alappuzha,1,11,Loose / refill,,Sometimes,250g_500g,home_compost,no,4,6+,trash
user671@gmail.com,2-3,Small house,Ernakulam,3,6,Loose / refill,4-7,Sometimes,250g_500g,home_compost,weekly,1,6+,recycle
user672@gmail.com,4-5,Large house,Kollam,3,7,Plastic packet,,Never,500g_1kg,mixed,monthly,2,3-5,trash
user673@gmail.com,2-3,Apartment,Kasaragod,1,16,Plastic packet,7+,Always,250g_500g,collector,monthly,0,6+,store
user674@gmail.com,4-5,Large house,Ernakulam,4,18,Plastic packet,7+,Never,500g_1kg,community,monthly,3,1-2,recycle
user675@gmail.com,4-5,Small house,Malappuram,3,13,Plastic bottle,4-7,Always,500g_1kg,biomethanation,daily,2,none,sell
user676@gmail.com,2-3,Large house,Thrissur,3,10,Loose / refill,,Sometimes,250g_500g,worm_compost,monthly,2,6+,store
user677@gmail.com,6+,Small house,Kannur,5,20,Plastic bottle,1-3,Always,more_1kg,biomethanation,daily,4,3-5,trash
user678@gmail.com,2-3,Apartment,Ernakulam,1,4,Plastic packet,,Never,250g_500g,mixed,daily,0,1-2,recycle
user679@gmail.com,2-3,Large house,Malappuram,1,7,Plastic packet,,Always,250g_500g,home_compost,weekly,0,6+,recycle
user680@gmail.com,4-5,Apartment,Kollam,2,15,Plastic packet,,Sometimes,500g_1kg,biomethanation,monthly,3,1-2,store
user681@gmail.com,2-3,Large house,Thiruvananthapuram,2,2,Plastic bottle,1-3,Sometimes,250g_500g,collector,daily,4,none,sell
user682@gmail.com,6+,Small house,Kollam,3,15,Plastic packet,4-7,Always,more_1kg,worm_compost,daily,3,3-5,trash
user683@gmail.com,2-3,Apartment,Palakkad,3,15,Plastic packet,4-7,Never,250g_500g,worm_compost,monthly,2,1-2,trash
user684@gmail.com,2-3,Small house,Palakkad,3,20,Plastic bottle,4-7,Sometimes,250g_500g,collector,daily,4,1-2,store
user685@gmail.com,4-5,Large house,Palakkad,2,18,Plastic packet,,Sometimes,500g_1kg,collector,weekly,3,none,store
user686@gmail.com,4-5,Apartment,Kozhikode,4,2,Plastic bottle,4-7,Never,500g_1kg,worm_compost,no,2,6+,trash
user687@gmail.com,2-3,Large house,Wayanad,2,11,Plastic packet,7+,Sometimes,250g_500g,biomethanation,no,4,none,sell
user688@gmail.com,2-3,Large house,Kozhikode,1,17,Plastic bottle,,Never,250g_500g,biomethanation,daily,1,1-2,recycle
user689@gmail.com,2-3,Small house,Thrissur,3,7,Plastic packet,4-7,Never,250g_500g,worm_compost,no,3,3-5,sell
user690@gmail.com,4-5,Apartment,Kasaragod,2,9,Plastic packet,7+,Never,500g_1kg,biomethanation,no,0,3-5,sell
user691@gmail.com,2-3,Large house,Thrissur,1,8,Plastic bottle,4-7,Always,250g_500g,mixed,no,2,6+,trash
user692@gmail.com,6+,Large house,Wayanad,3,9,Loose / refill,7+,Never,more_1kg,mixed,daily,1,6+,sell
user693@gmail.com,4-5,Small house,Wayanad,3,5,Plastic packet,4-7,Never,500g_1kg,worm_compost,monthly,3,1-2,store
user694@gmail.com,4-5,Large house,Thrissur,3,19,Loose / refill,,Always,500g_1kg,community,no,3,3-5,trash
user695@gmail.com,4-5,Large house,Wayanad,3,20,Plastic bottle,,Always,500g_1kg,mixed,monthly,4,6+,sell
user696@gmail.com,2-3,Large house,Kollam,1,2,Plastic packet,,Never,250g_500g,community,weekly,4,none,recycle
user697@gmail.com,2-3,Large house,Kasaragod,2,10,Plastic bottle,,Never,250g_500g,collector,daily,4,1-2,sell
user698@gmail.com,2-3,Large house,Kasaragod,3,7,Plastic packet,,Always,250g_500g,mixed,no,2,6+,sell
user699@gmail.com,1,Large house,Pathanamthitta,0,5,Plastic packet,4-7,Always,less_250g,collector,daily,2,none,sell
user700@gmail.com,2-3,Apartment,Pathanamthitta,1,4,Plastic bottle,1-3,Always,250g_500g,community,monthly,1,none,sell
user701@gmail.com,2-3,Small house,Palakkad,3,16,Plastic bottle,1-3,Sometimes,250g_500g,collector,no,0,6+,store
user702@gmail.com,2-3,Small house,Palakkad,1,10,Plastic bottle,4-7,Sometimes,250g_500g,collector,no,3,3-5,recycle
user703@gmail.com,4-5,Apartment,Alappuzha,4,18,Loose / refill,7+,Sometimes,500g_1kg,biomethanation,monthly,3,6+,recycle
user704@gmail.com,6+,Large house,Kollam,6,15,Loose / refill,1-3,Always,more_1kg,biomethanation,weekly,2,6+,trash
user705@gmail.com,1,Small house,Kannur,0,2,Plastic bottle,7+,Never,less_250g,mixed,monthly,3,3-5,trash
user706@gmail.com,6+,Small house,Kollam,4,16,Plastic packet,7+,Sometimes,more_1kg,community,weekly,3,6+,sell
user707@gmail.com,4-5,Apartment,Ernakulam,4,13,Loose / refill,,Always,500g_1kg,home_compost,monthly,4,1-2,trash
user708@gmail.com,4-5,Small house,Kollam,3,11,Loose / refill,1-3,Never,500g_1kg,worm_compost,weekly,3,none,sell
user709@gmail.com,6+,Apartment,Kollam,5,17,Plastic bottle,7+,Sometimes,more_1kg,collector,daily,3,none,trash
user710@gmail.com,2-3,Large house,Kozhikode,3,6,Loose / refill,4-7,Never,250g_500g,collector,monthly,1,none,recycle
user711@gmail.com,2-3,Apartment,Thiruvananthapuram,2,8,Loose / refill,1-3,Always,250g_500g,home_compost,no,0,none,recycle
user712@gmail.com,6+,Small house,Ernakulam,4,18,Loose / refill,7+,Never,more_1kg,collector,daily,4,6+,recycle
user713@gmail.com,2-3,Small house,Thiruvananthapuram,2,16,Loose / refill,4-7,Sometimes,250g_500g,community,daily,1,1-2,trash
user714@gmail.com,1,Large house,Ernakulam,1,20,Loose / refill,,Sometimes,less_250g,community,daily,4,3-5,sell
user715@gmail.com,2-3,Apartment,Kollam,1,5,Loose / refill,1-3,Never,250g_500g,worm_compost,daily,3,none,trash
user716@gmail.com,2-3,Apartment,Kollam,1,13,Plastic bottle,,Sometimes,250g_500g,worm_compost,no,0,none,trash
user717@gmail.com,2-3,Large house,Kollam,3,10,Loose / refill,7+,Never,250g_500g,home_compost,monthly,1,none,trash
user718@gmail.com,2-3,Apartment,Kasaragod,1,12,Plastic packet,,Sometimes,250g_500g,worm_compost,no,2,1-2,trash
user719@gmail.com,6+,Apartment,Wayanad,4,12,Loose / refill,4-7,Always,more_1kg,worm_compost,weekly,0,6+,store
user720@gmail.com,6+,Small house,Palakkad,5,4,Plastic packet,1-3,Never,more_1kg,mixed,monthly,3,3-5,store
user721@gmail.com,4-5,Small house,Kozhikode,4,12,Plastic packet,1-3,Always,500g_1kg,biomethanation,monthly,1,1-2,sell
user722@gmail.com,1,Small house,Kollam,0,19,Plastic packet,7+,Never,less_250g,worm_compost,monthly,0,none,store
user723@gmail.com,2-3,Small house,Ernakulam,1,3,Plastic packet,4-7,Sometimes,250g_500g,community,no,4,none,sell
user724@gmail.com,4-5,Small house,Kollam,4,15,Loose / refill,,Sometimes,500g_1kg,community,no,3,none,store
user725@gmail.com,2-3,Large house,Wayanad,3,16,Plastic packet,7+,Never,250g_500g,community,daily,3,6+,recycle
user726@gmail.com,4-5,Large house,Palakkad,2,6,Loose / refill,1-3,Never,500g_1kg,home_compost,no,3,6+,sell
user727@gmail.com,1,Apartment,Pathanamthitta,1,4,Plastic bottle,4-7,Sometimes,less_250g,mixed,daily,1,1-2,trash
user728@gmail.com,4-5,Apartment,Thrissur,3,10,Loose / refill,4-7,Always,500g_1kg,home_compost,monthly,3,6+,sell
user729@gmail.com,4-5,Apartment,Kottayam,2,16,Plastic bottle,4-7,Never,500g_1kg,mixed,weekly,1,none,sell
user730@gmail.com,6+,Large house,Alappuzha,3,18,Plastic packet,4-7,Never,more_1kg,biomethanation,daily,3,3-5,sell
user731@gmail.com,4-5,Small house,Ernakulam,4,7,Loose / refill,7+,Always,500g_1kg,mixed,no,0,1-2,sell
user732@gmail.com,2-3,Large house,Pathanamthitta,2,4,Loose / refill,1-3,Never,250g_500g,worm_compost,no,3,3-5,recycle
user733@gmail.com,4-5,Small house,Pathanamthitta,2,20,Plastic bottle,1-3,Sometimes,500g_1kg,biomethanation,no,1,1-2,store
user734@gmail.com,2-3,Large house,Idukki,1,20,Loose / refill,4-7,Never,250g_500g,biomethanation,no,0,3-5,store
user735@gmail.com,2-3,Large house,Kottayam,2,5,Plastic packet,4-7,Sometimes,250g_500g,biomethanation,monthly,4,1-2,sell
user736@gmail.com,4-5,Large house,Ernakulam,3,3,Plastic bottle,4-7,Never,500g_1kg,community,weekly,0,1-2,sell
user737@gmail.com,4-5,Large house,Palakkad,4,10,Plastic bottle,7+,Never,500g_1kg,mixed,no,0,1-2,sell
user738@gmail.com,4-5,Large house,Wayanad,2,19,Loose / refill,1-3,Sometimes,500g_1kg,biomethanation,weekly,4,3-5,recycle
user739@gmail.com,6+,Large house,Kottayam,5,2,Loose / refill,7+,Always,more_1kg,collector,daily,4,none,recycle
user740@gmail.com,6+,Small house,Kozhikode,3,10,Loose / refill,,Never,more_1kg,collector,monthly,0,3-5,recycle
user741@gmail.com,4-5,Large house,Ernakulam,2,6,Plastic bottle,7+,Never,500g_1kg,mixed,monthly,2,1-2,recycle
user742@gmail.com,2-3,Apartment,Kasaragod,1,9,Plastic packet,7+,Never,250g_500g,home_compost,weekly,3,none,store
user743@gmail.com,6+,Large house,Kannur,5,19,Loose / refill,7+,Never,more_1kg,community,weekly,3,none,sell
user744@gmail.com,2-3,Apartment,Ernakulam,3,15,Plastic packet,4-7,Never,250g_500g,community,weekly,2,none,sell
user745@gmail.com,2-3,Apartment,Thrissur,1,10,Loose / refill,1-3,Sometimes,250g_500g,biomethanation,no,4,1-2,recycle
user746@gmail.com,4-5,Apartment,Thrissur,2,13,Loose / refill,1-3,Never,500g_1kg,biomethanation,weekly,1,3-5,trash
user747@gmail.com,4-5,Small house,Kasaragod,2,4,Plastic packet,7+,Always,500g_1kg,worm_compost,no,3,1-2,trash
user748@gmail.com,6+,Small house,Kottayam,4,12,Loose / refill,4-7,Never,more_1kg,home_compost,no,1,1-2,sell
user749@gmail.com,4-5,Apartment,Alappuzha,4,14,Loose / refill,1-3,Sometimes,500g_1kg,home_compost,monthly,3,6+,sell
user750@gmail.com,4-5,Large house,Alappuzha,3,17,Plastic packet,4-7,Never,500g_1kg,community,daily,4,1-2,store
user751@gmail.com,1,Large house,Malappuram,0,16,Plastic packet,7+,Always,less_250g,home_compost,no,3,6+,sell
user752@gmail.com,6+,Small house,Ernakulam,6,10,Plastic packet,4-7,Never,more_1kg,home_compost,monthly,3,3-5,store
user753@gmail.com,6+,Small house,Kasaragod,4,2,Plastic bottle,4-7,Always,more_1kg,biomethanation,monthly,3,6+,store
user754@gmail.com,4-5,Small house,Ernakulam,4,4,Plastic packet,4-7,Always,500g_1kg,biomethanation,no,2,6+,recycle
user755@gmail.com,6+,Apartment,Kottayam,5,19,Plastic bottle,7+,Always,more_1kg,home_compost,monthly,0,3-5,sell
user756@gmail.com,2-3,Apartment,Kasaragod,2,8,Plastic bottle,7+,Always,250g_500g,community,daily,4,none,sell
user757@gmail.com,2-3,Apartment,Alappuzha,3,18,Loose / refill,,Always,250g_500g,worm_compost,daily,1,3-5,sell
user758@gmail.com,2-3,Small house,Thiruvananthapuram,1,11,Loose / refill,4-7,Never,250g_500g,collector,daily,1,3-5,recycle
user759@gmail.com,6+,Small house,Idukki,3,10,Plastic packet,,Always,more_1kg,home_compost,daily,3,6+,store
user760@gmail.com,2-3,Large house,Malappuram,1,10,Plastic packet,7+,Never,250g_500g,community,daily,3,3-5,store
user761@gmail.com,4-5,Small house,Malappuram,3,10,Plastic packet,1-3,Sometimes,500g_1kg,mixed,daily,2,none,sell
user762@gmail.com,2-3,Large house,Kottayam,1,19,Plastic packet,1-3,Never,250g_500g,community,daily,4,6+,store
user763@gmail.com,2-3,Large house,Ernakulam,1,6,Plastic bottle,4-7,Sometimes,250g_500g,home_compost,monthly,0,none,recycle
user764@gmail.com,4-5,Apartment,Kottayam,2,10,Plastic bottle,1-3,Always,500g_1kg,community,no,1,3-5,recycle
user765@gmail.com,4-5,Small house,Alappuzha,3,5,Plastic bottle,4-7,Never,500g_1kg,mixed,no,4,1-2,recycle
user766@gmail.com,2-3,Apartment,Alappuzha,3,7,Loose / refill,,Always,250g_500g,biomethanation,no,0,1-2,recycle
user767@gmail.com,4-5,Large house,Kollam,3,18,Plastic bottle,,Sometimes,500g_1kg,home_compost,daily,4,3-5,trash
user768@gmail.com,4-5,Small house,Alappuzha,2,9,Plastic bottle,,Never,500g_1kg,worm_compost,monthly,0,none,sell
user769@gmail.com,2-3,Small house,Kasaragod,2,13,Plastic bottle,1-3,Always,250g_500g,home_compost,daily,3,1-2,store
user770@gmail.com,1,Large house,Ernakulam,1,12,Plastic packet,4-7,Never,less_250g,community,monthly,1,none,sell
user771@gmail.com,2-3,Large house,Pathanamthitta,2,14,Plastic packet,4-7,Never,250g_500g,mixed,no,4,1-2,trash
user772@gmail.com,4-5,Large house,Kollam,4,9,Plastic packet,1-3,Never,500g_1kg,collector,weekly,2,none,store
user773@gmail.com,6+,Large house,Alappuzha,3,19,Plastic bottle,4-7,Sometimes,more_1kg,worm_compost,daily,3,none,trash
user774@gmail.com,4-5,Small house,Ernakulam,3,10,Plastic packet,4-7,Always,500g_1kg,community,no,2,3-5,store
user775@gmail.com,6+,Large house,Palakkad,4,2,Loose / refill,4-7,Always,more_1kg,collector,monthly,4,3-5,sell
user776@gmail.com,4-5,Small house,Wayanad,2,16,Loose / refill,7+,Always,500g_1kg,collector,no,4,3-5,trash
user777@gmail.com,2-3,Apartment,Palakkad,3,5,Loose / refill,1-3,Always,250g_500g,biomethanation,daily,4,3-5,trash
user778@gmail.com,4-5,Apartment,Ernakulam,4,15,Loose / refill,7+,Always,500g_1kg,worm_compost,daily,0,none,trash
user779@gmail.com,4-5,Large house,Pathanamthitta,2,19,Plastic packet,1-3,Never,500g_1kg,mixed,weekly,2,1-2,sell
user780@gmail.com,2-3,Apartment,Thrissur,2,4,Plastic packet,4-7,Always,250g_500g,worm_compost,no,2,1-2,trash
user781@gmail.com,2-3,Large house,Thrissur,2,17,Plastic bottle,4-7,Never,250g_500g,collector,no,1,none,store
user782@gmail.com,6+,Large house,Pathanamthitta,6,15,Plastic bottle,7+,Sometimes,more_1kg,community,no,3,6+,trash
user783@gmail.com,2-3,Small house,Alappuzha,3,18,Plastic bottle,1-3,Sometimes,250g_500g,collector,monthly,1,3-5,recycle
user784@gmail.com,2-3,Apartment,Kannur,1,17,Loose / refill,1-3,Sometimes,250g_500g,home_compost,no,1,3-5,store
user785@gmail.com,2-3,Large house,Kannur,3,17,Plastic bottle,1-3,Always,250g_500g,worm_compost,weekly,3,none,trash
user786@gmail.com,4-5,Apartment,Wayanad,3,18,Loose / refill,4-7,Always,500g_1kg,community,no,4,3-5,sell
user787@gmail.com,6+,Small house,Malappuram,5,18,Plastic bottle,,Always,more_1kg,worm_compost,no,4,none,trash
user788@gmail.com,2-3,Small house,Thiruvananthapuram,2,4,Loose / refill,7+,Always,250g_500g,worm_compost,monthly,3,3-5,trash
user789@gmail.com,6+,Large house,Kollam,3,10,Plastic bottle,7+,Sometimes,more_1kg,collector,daily,4,1-2,store
user790@gmail.com,4-5,Large house,Thiruvananthapuram,2,17,Loose / refill,7+,Never,500g_1kg,mixed,daily,2,3-5,trash
user791@gmail.com,4-5,Small house,Kottayam,4,6,Plastic bottle,4-7,Always,500g_1kg,biomethanation,weekly,4,1-2,recycle
user792@gmail.com,6+,Large house,Kottayam,5,16,Loose / refill,,Sometimes,more_1kg,biomethanation,daily,0,6+,store
user793@gmail.com,2-3,Large house,Kasaragod,2,19,Plastic packet,,Sometimes,250g_500g,mixed,monthly,3,6+,trash
user794@gmail.com,6+,Small house,Ernakulam,6,5,Loose / refill,4-7,Always,more_1kg,collector,weekly,2,1-2,store
user795@gmail.com,2-3,Apartment,Ernakulam,3,5,Loose / refill,,Sometimes,250g_500g,collector,no,2,3-5,recycle
user796@gmail.com,2-3,Apartment,Ernakulam,1,2,Plastic packet,1-3,Never,250g_500g,home_compost,monthly,1,1-2,trash
user797@gmail.com,2-3,Large house,Malappuram,1,13,Plastic bottle,4-7,Sometimes,250g_500g,home_compost,weekly,4,3-5,trash
user798@gmail.com,4-5,Apartment,Kannur,3,2,Loose / refill,4-7,Always,500g_1kg,mixed,weekly,3,none,store
user799@gmail.com,4-5,Apartment,Thiruvananthapuram,2,18,Plastic bottle,4-7,Never,500g_1kg,community,monthly,3,1-2,store
user800@gmail.com,2-3,Large house,Alappuzha,3,5,Loose / refill,,Always,250g_500g,collector,weekly,0,6+,trash
user801@gmail.com,4-5,Apartment,Kannur,4,18,Plastic packet,,Always,500g_1kg,biomethanation,no,1,6+,store
user802@gmail.com,4-5,Large house,Kannur,4,5,Loose / refill,4-7,Always,500g_1kg,mixed,monthly,0,6+,sell
user803@gmail.com,4-5,Small house,Alappuzha,3,3,Plastic bottle,1-3,Sometimes,500g_1kg,worm_compost,no,1,3-5,sell
user804@gmail.com,4-5,Apartment,Palakkad,4,19,Loose / refill,,Never,500g_1kg,worm_compost,weekly,0,1-2,trash
user805@gmail.com,2-3,Large house,Kozhikode,1,15,Plastic packet,,Never,250g_500g,collector,daily,0,1-2,store
user806@gmail.com,4-5,Apartment,Thiruvananthapuram,2,7,Plastic bottle,7+,Sometimes,500g_1kg,mixed,monthly,4,6+,store
user807@gmail.com,4-5,Apartment,Palakkad,3,11,Loose / refill,1-3,Always,500g_1kg,home_compost,no,0,1-2,store
user808@gmail.com,6+,Small house,Ernakulam,4,19,Loose / refill,7+,Never,more_1kg,worm_compost,no,1,3-5,sell
user809@gmail.com,4-5,Small house,Wayanad,2,19,Plastic packet,,Always,500g_1kg,mixed,no,0,none,recycle
user810@gmail.com,2-3,Large house,Ernakulam,1,7,Plastic packet,7+,Never,250g_500g,collector,daily,0,6+,store
user811@gmail.com,1,Small house,Kozhikode,0,2,Loose / refill,1-3,Always,less_250g,worm_compost,daily,0,1-2,recycle
user812@gmail.com,6+,Large house,Wayanad,3,5,Plastic bottle,4-7,Never,more_1kg,collector,no,1,1-2,recycle
user813@gmail.com,6+,Large house,Kannur,4,10,Plastic bottle,7+,Always,more_1kg,worm_compost,no,4,none,recycle
user814@gmail.com,1,Apartment,Kollam,1,6,Plastic packet,1-3,Never,less_250g,community,no,2,1-2,sell
user815@gmail.com,4-5,Small house,Kozhikode,2,17,Loose / refill,1-3,Sometimes,500g_1kg,collector,no,3,none,sell
user816@gmail.com,6+,Large house,Kozhikode,3,4,Plastic packet,1-3,Sometimes,more_1kg,worm_compost,no,0,none,recycle
user817@gmail.com,2-3,Small house,Kozhikode,2,17,Loose / refill,7+,Always,250g_500g,home_compost,weekly,4,none,store
user818@gmail.com,2-3,Apartment,Malappuram,3,15,Plastic packet,4-7,Always,250g_500g,community,weekly,0,3-5,recycle
user819@gmail.com,2-3,Large house,Kasaragod,3,10,Plastic packet,1-3,Always,250g_500g,worm_compost,daily,4,6+,recycle
user820@gmail.com,2-3,Small house,Idukki,3,8,Plastic bottle,,Sometimes,250g_500g,community,monthly,2,6+,sell
user821@gmail.com,2-3,Apartment,Pathanamthitta,2,13,Plastic packet,4-7,Always,250g_500g,worm_compost,no,4,6+,recycle
user822@gmail.com,2-3,Apartment,Ernakulam,3,15,Plastic packet,4-7,Sometimes,250g_500g,mixed,weekly,3,6+,store
user823@gmail.com,4-5,Large house,Kasaragod,4,18,Plastic packet,4-7,Sometimes,500g_1kg,biomethanation,weekly,4,1-2,recycle
user824@gmail.com,1,Small house,Kasaragod,1,16,Plastic bottle,,Never,less_250g,home_compost,monthly,3,none,recycle
user825@gmail.com,2-3,Small house,Thrissur,3,19,Plastic bottle,4-7,Never,250g_500g,community,weekly,3,none,trash
user826@gmail.com,2-3,Apartment,Kasaragod,1,13,Loose / refill,7+,Never,250g_500g,mixed,no,0,none,store
user827@gmail.com,4-5,Large house,Thrissur,3,10,Plastic packet,7+,Sometimes,500g_1kg,home_compost,daily,4,1-2,trash
user828@gmail.com,1,Large house,Kozhikode,0,16,Plastic bottle,7+,Never,less_250g,collector,no,2,1-2,trash
user829@gmail.com,2-3,Large house,Palakkad,3,6,Plastic bottle,7+,Always,250g_500g,home_compost,no,2,none,trash
user830@gmail.com,4-5,Large house,Thrissur,4,20,Plastic packet,7+,Always,500g_1kg,biomethanation,weekly,3,6+,trash
user831@gmail.com,1,Large house,Ernakulam,1,12,Plastic packet,7+,Sometimes,less_250g,mixed,daily,1,6+,store
user832@gmail.com,2-3,Small house,Kollam,1,9,Plastic bottle,,Sometimes,250g_500g,mixed,daily,3,none,trash
user833@gmail.com,2-3,Small house,Malappuram,2,7,Plastic packet,1-3,Sometimes,250g_500g,worm_compost,monthly,0,1-2,trash
user834@gmail.com,4-5,Large house,Wayanad,2,13,Plastic bottle,1-3,Always,500g_1kg,biomethanation,no,3,6+,trash
user835@gmail.com,4-5,Large house,Thiruvananthapuram,4,16,Plastic packet,4-7,Sometimes,500g_1kg,mixed,no,4,none,recycle
user836@gmail.com,2-3,Small house,Malappuram,1,14,Loose / refill,4-7,Always,250g_500g,community,no,3,none,store
user837@gmail.com,2-3,Small house,Thiruvananthapuram,2,4,Loose / refill,,Sometimes,250g_500g,collector,daily,4,6+,store
user838@gmail.com,6+,Apartment,Pathanamthitta,4,7,Plastic packet,7+,Sometimes,more_1kg,home_compost,weekly,0,6+,store
user839@gmail.com,2-3,Small house,Kasaragod,2,6,Loose / refill,,Sometimes,250g_500g,worm_compost,weekly,2,6+,store
user840@gmail.com,4-5,Small house,Wayanad,2,9,Plastic packet,,Always,500g_1kg,mixed,daily,3,1-2,trash
user841@gmail.com,6+,Large house,Kasaragod,5,18,Loose / refill,4-7,Sometimes,more_1kg,worm_compost,daily,2,1-2,recycle
user842@gmail.com,4-5,Small house,Kasaragod,3,15,Loose / refill,7+,Sometimes,500g_1kg,home_compost,daily,4,1-2,sell
user843@gmail.com,2-3,Apartment,Kozhikode,1,17,Loose / refill,4-7,Never,250g_500g,mixed,weekly,4,3-5,trash
user844@gmail.com,4-5,Small house,Malappuram,2,14,Loose / refill,,Never,500g_1kg,worm_compost,monthly,1,none,trash
user845@gmail.com,4-5,Small house,Kozhikode,4,11,Loose / refill,4-7,Always,500g_1kg,mixed,daily,2,6+,sell
user846@gmail.com,2-3,Small house,Alappuzha,3,10,Plastic bottle,4-7,Sometimes,250g_500g,worm_compost,no,0,1-2,sell
user847@gmail.com,2-3,Large house,Malappuram,3,15,Plastic packet,1-3,Never,250g_500g,worm_compost,monthly,2,3-5,recycle
user848@gmail.com,4-5,Large house,Idukki,3,14,Plastic bottle,,Sometimes,500g_1kg,worm_compost,monthly,4,3-5,trash
user849@gmail.com,2-3,Small house,Thiruvananthapuram,2,14,Loose / refill,,Never,250g_500g,community,daily,3,none,sell
user850@gmail.com,2-3,Small house,Ernakulam,2,6,Plastic packet,,Always,250g_500g,biomethanation,no,2,1-2,sell
user851@gmail.com,2-3,Small house,Malappuram,2,19,Plastic bottle,7+,Never,250g_500g,mixed,no,2,6+,trash
user852@gmail.com,4-5,Large house,Ernakulam,3,20,Plastic packet,,Sometimes,500g_1kg,mixed,monthly,0,none,sell
user853@gmail.com,4-5,Apartment,Kottayam,3,14,Plastic packet,1-3,Never,500g_1kg,biomethanation,monthly,0,6+,sell
user854@gmail.com,2-3,Large house,Ernakulam,3,3,Loose / refill,,Never,250g_500g,home_compost,daily,1,6+,recycle
user855@gmail.com,2-3,Apartment,Palakkad,2,4,Plastic packet,4-7,Never,250g_500g,mixed,weekly,1,6+,recycle
user856@gmail.com,4-5,Small house,Ernakulam,2,18,Plastic packet,,Sometimes,500g_1kg,home_compost,daily,4,6+,store
user857@gmail.com,4-5,Apartment,Kasaragod,4,10,Loose / refill,,Never,500g_1kg,home_compost,weekly,1,none,store
user858@gmail.com,4-5,Small house,Kozhikode,3,9,Loose / refill,,Never,500g_1kg,worm_compost,monthly,0,3-5,trash
user859@gmail.com,2-3,Apartment,Thrissur,1,5,Loose / refill,,Sometimes,250g_500g,biomethanation,daily,0,none,recycle
user860@gmail.com,4-5,Apartment,Kannur,3,15,Loose / refill,,Sometimes,500g_1kg,home_compost,weekly,1,1-2,recycle
user861@gmail.com,4-5,Small house,Palakkad,3,14,Plastic packet,1-3,Never,500g_1kg,mixed,daily,0,1-2,recycle
user862@gmail.com,4-5,Apartment,Kottayam,2,18,Loose / refill,1-3,Sometimes,500g_1kg,home_compost,monthly,1,1-2,recycle
user863@gmail.com,4-5,Large house,Kozhikode,3,2,Plastic packet,1-3,Sometimes,500g_1kg,home_compost,monthly,3,none,sell
user864@gmail.com,4-5,Small house,Kasaragod,2,16,Plastic packet,,Never,500g_1kg,collector,monthly,0,6+,store
user865@gmail.com,4-5,Small house,Kollam,4,3,Loose / refill,,Always,500g_1kg,mixed,weekly,3,1-2,store
user866@gmail.com,6+,Apartment,Malappuram,5,11,Loose / refill,1-3,Never,more_1kg,biomethanation,daily,1,1-2,trash
user867@gmail.com,6+,Apartment,Idukki,3,10,Loose / refill,4-7,Never,more_1kg,worm_compost,weekly,3,1-2,sell
user868@gmail.com,2-3,Apartment,Thiruvananthapuram,2,7,Loose / refill,,Always,250g_500g,community,daily,4,3-5,sell
user869@gmail.com,4-5,Large house,Kannur,2,3,Plastic packet,,Sometimes,500g_1kg,community,monthly,4,1-2,recycle
user870@gmail.com,4-5,Apartment,Kottayam,2,13,Loose / refill,,Sometimes,500g_1kg,community,weekly,0,1-2,store
user871@gmail.com,2-3,Apartment,Kottayam,2,3,Plastic packet,7+,Sometimes,250g_500g,collector,weekly,4,6+,store
user872@gmail.com,2-3,Small house,Kasaragod,3,18,Loose / refill,1-3,Never,250g_500g,collector,monthly,1,3-5,sell
user873@gmail.com,6+,Apartment,Kollam,6,11,Loose / refill,7+,Always,more_1kg,home_compost,no,1,6+,store
user874@gmail.com,4-5,Small house,Ernakulam,2,15,Plastic packet,7+,Never,500g_1kg,home_compost,no,2,3-5,recycle
user875@gmail.com,4-5,Apartment,Palakkad,4,11,Plastic packet,,Never,500g_1kg,collector,monthly,0,3-5,store
user876@gmail.com,6+,Large house,Kollam,6,14,Loose / refill,7+,Sometimes,more_1kg,community,no,0,none,sell
user877@gmail.com,2-3,Large house,Wayanad,3,13,Loose / refill,4-7,Always,250g_500g,home_compost,monthly,2,6+,recycle
user878@gmail.com,6+,Large house,Thrissur,3,13,Plastic packet,1-3,Sometimes,more_1kg,biomethanation,weekly,1,1-2,recycle
user879@gmail.com,4-5,Large house,Ernakulam,3,6,Loose / refill,,Sometimes,500g_1kg,home_compost,no,0,3-5,trash
user880@gmail.com,2-3,Large house,Kasaragod,3,2,Loose / refill,4-7,Sometimes,250g_500g,collector,monthly,3,3-5,store
user881@gmail.com,2-3,Large house,Kollam,2,6,Loose / refill,,Sometimes,250g_500g,worm_compost,monthly,1,1-2,recycle
user882@gmail.com,2-3,Large house,Thrissur,2,18,Plastic bottle,4-7,Sometimes,250g_500g,collector,no,1,none,trash
user883@gmail.com,2-3,Large house,Idukki,2,4,Plastic bottle,4-7,Always,250g_500g,home_compost,daily,4,6+,sell
user884@gmail.com,4-5,Large house,Thrissur,3,7,Plastic packet,1-3,Never,500g_1kg,home_compost,daily,0,1-2,sell
user885@gmail.com,2-3,Small house,Kozhikode,3,16,Loose / refill,4-7,Sometimes,250g_500g,home_compost,weekly,0,1-2,trash
user886@gmail.com,1,Large house,Alappuzha,1,13,Plastic bottle,4-7,Never,less_250g,community,no,1,1-2,trash
user887@gmail.com,2-3,Large house,Kozhikode,3,19,Plastic bottle,7+,Never,250g_500g,collector,daily,0,none,sell
user888@gmail.com,2-3,Large house,Thrissur,3,17,Plastic bottle,,Sometimes,250g_500g,worm_compost,monthly,1,1-2,sell
user889@gmail.com,2-3,Apartment,Kasaragod,1,19,Plastic bottle,1-3,Always,250g_500g,mixed,monthly,2,1-2,sell
user890@gmail.com,4-5,Apartment,Kottayam,4,4,Plastic bottle,7+,Sometimes,500g_1kg,biomethanation,monthly,0,3-5,sell
user891@gmail.com,4-5,Large house,Idukki,2,3,Plastic bottle,,Sometimes,500g_1kg,home_compost,weekly,4,none,trash
user892@gmail.com,2-3,Small house,Ernakulam,2,14,Plastic packet,,Never,250g_500g,collector,monthly,2,none,recycle
user893@gmail.com,2-3,Apartment,Thrissur,1,10,Plastic packet,,Never,250g_500g,biomethanation,daily,1,6+,recycle
user894@gmail.com,4-5,Large house,Ernakulam,4,10,Plastic bottle,,Sometimes,500g_1kg,biomethanation,monthly,4,6+,trash
user895@gmail.com,1,Small house,Palakkad,0,13,Plastic bottle,7+,Never,less_250g,community,no,1,1-2,store
user896@gmail.com,2-3,Small house,Malappuram,2,5,Plastic packet,4-7,Sometimes,250g_500g,mixed,weekly,2,6+,store
user897@gmail.com,2-3,Large house,Kottayam,3,13,Plastic bottle,1-3,Never,250g_500g,biomethanation,weekly,2,1-2,store
user898@gmail.com,6+,Apartment,Kasaragod,6,5,Loose / refill,7+,Never,more_1kg,collector,monthly,2,none,store
user899@gmail.com,2-3,Small house,Thrissur,1,20,Plastic packet,4-7,Sometimes,250g_500g,home_compost,monthly,1,none,trash
user900@gmail.com,2-3,Apartment,Wayanad,1,3,Plastic packet,4-7,Never,250g_500g,home_compost,no,4,6+,recycle
user901@gmail.com,6+,Large house,Kasaragod,6,17,Plastic bottle,4-7,Always,more_1kg,home_compost,no,4,none,recycle
user902@gmail.com,4-5,Small house,Ernakulam,4,11,Plastic packet,7+,Always,500g_1kg,community,no,3,none,store
user903@gmail.com,1,Large house,Ernakulam,1,8,Plastic bottle,7+,Always,less_250g,worm_compost,daily,4,3-5,store
user904@gmail.com,6+,Large house,Thiruvananthapuram,5,5,Plastic bottle,4-7,Sometimes,more_1kg,mixed,weekly,3,none,recycle
user905@gmail.com,1,Large house,Alappuzha,1,16,Plastic packet,,Never,less_250g,community,no,3,3-5,sell
user906@gmail.com,6+,Apartment,Idukki,4,10,Loose / refill,1-3,Sometimes,more_1kg,biomethanation,daily,1,3-5,trash
user907@gmail.com,2-3,Small house,Wayanad,1,16,Plastic bottle,1-3,Always,250g_500g,home_compost,monthly,4,none,sell
user908@gmail.com,2-3,Small house,Kollam,3,20,Plastic packet,1-3,Never,250g_500g,community,weekly,2,3-5,sell
user909@gmail.com,4-5,Small house,Alappuzha,2,16,Loose / refill,4-7,Always,500g_1kg,biomethanation,daily,2,1-2,recycle
user910@gmail.com,2-3,Small house,Idukki,2,9,Loose / refill,1-3,Always,250g_500g,community,no,0,3-5,recycle
user911@gmail.com,2-3,Small house,Kasaragod,3,6,Plastic packet,7+,Never,250g_500g,worm_compost,weekly,2,1-2,trash
user912@gmail.com,2-3,Small house,Kollam,3,12,Loose / refill,7+,Never,250g_500g,home_compost,monthly,2,6+,trash
user913@gmail.com,4-5,Apartment,Idukki,2,9,Plastic packet,1-3,Sometimes,500g_1kg,biomethanation,monthly,4,3-5,sell
user914@gmail.com,6+,Apartment,Kottayam,4,20,Loose / refill,7+,Never,more_1kg,community,weekly,2,none,trash
user915@gmail.com,1,Apartment,Palakkad,0,7,Loose / refill,4-7,Never,less_250g,community,monthly,0,6+,sell
user916@gmail.com,6+,Small house,Wayanad,4,5,Plastic bottle,,Always,more_1kg,collector,daily,1,3-5,store
user917@gmail.com,4-5,Large house,Kannur,3,3,Loose / refill,7+,Always,500g_1kg,worm_compost,monthly,4,none,recycle
user918@gmail.com,4-5,Small house,Alappuzha,3,13,Loose / refill,1-3,Always,500g_1kg,mixed,daily,0,1-2,trash
user919@gmail.com,2-3,Large house,Thrissur,3,12,Loose / refill,1-3,Never,250g_500g,collector,no,2,none,trash
user920@gmail.com,4-5,Small house,Kasaragod,3,11,Plastic packet,4-7,Sometimes,500g_1kg,mixed,daily,3,6+,trash
user921@gmail.com,4-5,Large house,Thrissur,4,10,Plastic packet,,Always,500g_1kg,community,daily,1,6+,sell
user922@gmail.com,6+,Large house,Kozhikode,5,9,Plastic bottle,,Sometimes,more_1kg,mixed,no,0,1-2,recycle
user923@gmail.com,2-3,Large house,Kasaragod,3,20,Plastic packet,1-3,Always,250g_500g,biomethanation,monthly,1,6+,sell
user924@gmail.com,4-5,Large house,Kasaragod,4,14,Plastic bottle,4-7,Sometimes,500g_1kg,mixed,daily,4,3-5,recycle
user925@gmail.com,4-5,Large house,Kozhikode,2,2,Plastic packet,1-3,Never,500g_1kg,community,monthly,4,6+,trash
user926@gmail.com,4-5,Small house,Thiruvananthapuram,3,20,Plastic bottle,7+,Sometimes,500g_1kg,collector,no,0,6+,trash
user927@gmail.com,2-3,Small house,Wayanad,1,3,Plastic packet,1-3,Never,250g_500g,collector,weekly,0,none,store
user928@gmail.com,4-5,Large house,Pathanamthitta,4,18,Loose / refill,4-7,Always,500g_1kg,collector,daily,3,none,sell
user929@gmail.com,2-3,Small house,Palakkad,2,9,Plastic packet,4-7,Never,250g_500g,community,daily,1,3-5,recycle
user930@gmail.com,6+,Large house,Kozhikode,4,4,Plastic packet,4-7,Always,more_1kg,community,monthly,3,6+,sell
user931@gmail.com,2-3,Small house,Malappuram,1,14,Plastic packet,7+,Never,250g_500g,mixed,weekly,3,6+,sell
user932@gmail.com,4-5,Apartment,Kottayam,2,16,Loose / refill,1-3,Always,500g_1kg,collector,daily,2,3-5,recycle
user933@gmail.com,4-5,Small house,Kottayam,3,3,Plastic bottle,1-3,Always,500g_1kg,worm_compost,daily,4,6+,sell
user934@gmail.com,2-3,Apartment,Kottayam,3,12,Plastic bottle,1-3,Never,250g_500g,mixed,daily,0,6+,trash
user935@gmail.com,4-5,Large house,Kollam,3,4,Loose / refill,,Never,500g_1kg,mixed,no,3,none,store
user936@gmail.com,2-3,Apartment,Kasaragod,3,10,Plastic bottle,1-3,Always,250g_500g,community,daily,4,3-5,trash
user937@gmail.com,4-5,Small house,Kollam,3,20,Plastic bottle,7+,Never,500g_1kg,community,daily,0,3-5,trash
user938@gmail.com,4-5,Small house,Ernakulam,2,4,Plastic packet,7+,Never,500g_1kg,collector,daily,0,6+,store
user939@gmail.com,4-5,Small house,Kottayam,2,19,Plastic bottle,1-3,Sometimes,500g_1kg,community,monthly,0,1-2,trash
user940@gmail.com,1,Apartment,Thiruvananthapuram,0,9,Loose / refill,1-3,Never,less_250g,mixed,monthly,2,none,recycle
user941@gmail.com,2-3,Large house,Kollam,3,14,Plastic bottle,,Never,250g_500g,worm_compost,daily,0,6+,recycle
user942@gmail.com,4-5,Large house,Malappuram,3,14,Plastic packet,1-3,Sometimes,500g_1kg,worm_compost,weekly,2,none,store
user943@gmail.com,4-5,Large house,Idukki,4,3,Plastic packet,7+,Sometimes,500g_1kg,biomethanation,daily,4,3-5,store
user944@gmail.com,4-5,Small house,Pathanamthitta,2,3,Plastic bottle,1-3,Always,500g_1kg,collector,weekly,2,1-2,sell
user945@gmail.com,6+,Apartment,Kottayam,4,3,Plastic bottle,,Always,more_1kg,mixed,weekly,3,1-2,recycle
user946@gmail.com,2-3,Large house,Palakkad,3,16,Plastic bottle,4-7,Always,250g_500g,mixed,daily,3,3-5,sell
user947@gmail.com,4-5,Large house,Thiruvananthapuram,4,2,Plastic packet,1-3,Always,500g_1kg,home_compost,weekly,4,3-5,trash
user948@gmail.com,4-5,Small house,Kannur,4,6,Loose / refill,7+,Sometimes,500g_1kg,mixed,daily,0,none,recycle
user949@gmail.com,2-3,Small house,Ernakulam,1,6,Loose / refill,7+,Never,250g_500g,home_compost,daily,3,1-2,trash
user950@gmail.com,4-5,Apartment,Malappuram,4,2,Plastic bottle,1-3,Always,500g_1kg,collector,weekly,3,none,sell
user951@gmail.com,4-5,Large house,Pathanamthitta,3,8,Loose / refill,1-3,Always,500g_1kg,collector,daily,0,none,sell
user952@gmail.com,6+,Apartment,Pathanamthitta,3,3,Loose / refill,1-3,Always,more_1kg,mixed,daily,2,6+,recycle
user953@gmail.com,6+,Apartment,Kozhikode,3,17,Plastic bottle,,Always,more_1kg,home_compost,daily,4,6+,recycle
user954@gmail.com,2-3,Apartment,Alappuzha,2,10,Plastic bottle,7+,Sometimes,250g_500g,collector,monthly,4,3-5,store
user955@gmail.com,2-3,Large house,Thrissur,1,13,Plastic bottle,4-7,Never,250g_500g,worm_compost,weekly,3,3-5,trash
user956@gmail.com,2-3,Small house,Ernakulam,1,12,Loose / refill,7+,Never,250g_500g,collector,weekly,3,3-5,store
user957@gmail.com,6+,Large house,Alappuzha,3,3,Loose / refill,1-3,Always,more_1kg,collector,no,0,3-5,sell
user958@gmail.com,4-5,Apartment,Idukki,3,11,Plastic bottle,,Sometimes,500g_1kg,home_compost,no,2,3-5,recycle
user959@gmail.com,6+,Apartment,Idukki,5,8,Plastic packet,1-3,Never,more_1kg,mixed,no,3,1-2,trash
user960@gmail.com,2-3,Small house,Kasaragod,3,18,Plastic packet,,Sometimes,250g_500g,biomethanation,daily,2,3-5,store
user961@gmail.com,4-5,Large house,Thiruvananthapuram,4,5,Loose / refill,7+,Sometimes,500g_1kg,collector,weekly,1,1-2,trash
user962@gmail.com,4-5,Large house,Kottayam,3,18,Plastic packet,4-7,Always,500g_1kg,community,no,2,none,sell
user963@gmail.com,4-5,Large house,Kannur,2,3,Loose / refill,7+,Never,500g_1kg,biomethanation,daily,3,1-2,recycle
user964@gmail.com,1,Apartment,Idukki,0,2,Plastic bottle,7+,Never,less_250g,collector,weekly,2,6+,recycle
user965@gmail.com,1,Small house,Ernakulam,1,12,Loose / refill,1-3,Sometimes,less_250g,collector,no,4,3-5,recycle
user966@gmail.com,4-5,Large house,Idukki,3,14,Loose / refill,,Always,500g_1kg,biomethanation,no,0,1-2,sell
user967@gmail.com,2-3,Small house,Kozhikode,3,14,Plastic bottle,1-3,Sometimes,250g_500g,worm_compost,daily,4,none,sell
user968@gmail.com,2-3,Large house,Palakkad,1,14,Loose / refill,7+,Always,250g_500g,worm_compost,daily,3,none,sell
user969@gmail.com,2-3,Apartment,Pathanamthitta,1,9,Loose / refill,7+,Never,250g_500g,mixed,weekly,4,6+,sell
user970@gmail.com,6+,Small house,Idukki,3,12,Plastic packet,4-7,Never,more_1kg,biomethanation,monthly,0,1-2,sell
user971@gmail.com,2-3,Apartment,Kannur,3,16,Plastic bottle,4-7,Never,250g_500g,community,daily,4,1-2,store
user972@gmail.com,4-5,Small house,Thrissur,3,19,Plastic packet,,Always,500g_1kg,worm_compost,daily,1,1-2,recycle
user973@gmail.com,4-5,Apartment,Kottayam,2,4,Plastic packet,1-3,Always,500g_1kg,collector,weekly,3,6+,recycle
user974@gmail.com,4-5,Large house,Kollam,2,3,Loose / refill,7+,Never,500g_1kg,worm_compost,no,3,1-2,sell
user975@gmail.com,2-3,Large house,Ernakulam,2,17,Loose / refill,1-3,Always,250g_500g,community,weekly,2,none,sell
user976@gmail.com,2-3,Apartment,Alappuzha,2,2,Loose / refill,7+,Always,250g_500g,community,monthly,4,1-2,trash
user977@gmail.com,2-3,Small house,Thrissur,1,19,Plastic packet,,Never,250g_500g,worm_compost,weekly,3,3-5,store
user978@gmail.com,2-3,Apartment,Kasaragod,1,8,Plastic packet,4-7,Sometimes,250g_500g,biomethanation,monthly,2,1-2,trash
user979@gmail.com,2-3,Small house,Thiruvananthapuram,3,14,Loose / refill,7+,Sometimes,250g_500g,mixed,daily,2,6+,sell
user980@gmail.com,2-3,Large house,Wayanad,1,9,Loose / refill,1-3,Never,250g_500g,community,monthly,0,none,recycle
user981@gmail.com,2-3,Large house,Thrissur,1,8,Loose / refill,1-3,Never,250g_500g,mixed,no,0,3-5,recycle
user982@gmail.com,6+,Large house,Thrissur,6,17,Loose / refill,,Sometimes,more_1kg,biomethanation,daily,2,3-5,store
user983@gmail.com,1,Large house,Idukki,1,10,Loose / refill,1-3,Sometimes,less_250g,community,monthly,1,6+,sell
user984@gmail.com,4-5,Large house,Palakkad,2,13,Plastic packet,,Sometimes,500g_1kg,biomethanation,monthly,0,none,sell
user985@gmail.com,6+,Large house,Wayanad,6,10,Plastic packet,,Sometimes,more_1kg,home_compost,weekly,2,6+,trash
user986@gmail.com,2-3,Small house,Kottayam,1,4,Plastic packet,4-7,Never,250g_500g,worm_compost,monthly,4,none,sell
user987@gmail.com,2-3,Large house,Idukki,3,6,Plastic bottle,4-7,Always,250g_500g,mixed,monthly,1,3-5,store
user988@gmail.com,4-5,Apartment,Kannur,2,2,Plastic packet,7+,Always,500g_1kg,community,no,1,none,recycle
user989@gmail.com,4-5,Large house,Ernakulam,3,3,Loose / refill,7+,Always,500g_1kg,community,daily,3,1-2,trash
user990@gmail.com,2-3,Small house,Kannur,2,14,Plastic bottle,,Sometimes,250g_500g,mixed,weekly,2,6+,recycle
user991@gmail.com,4-5,Large house,Kasaragod,3,2,Plastic bottle,4-7,Sometimes,500g_1kg,mixed,daily,0,1-2,sell
user992@gmail.com,2-3,Large house,Kollam,1,14,Plastic packet,,Always,250g_500g,home_compost,daily,4,none,store
user993@gmail.com,2-3,Large house,Wayanad,1,4,Loose / refill,1-3,Never,250g_500g,mixed,weekly,3,6+,store
user994@gmail.com,1,Small house,Pathanamthitta,0,19,Plastic bottle,4-7,Always,less_250g,home_compost,monthly,0,3-5,recycle
user995@gmail.com,1,Large house,Kannur,0,17,Plastic packet,,Never,less_250g,collector,weekly,1,1-2,sell
user996@gmail.com,2-3,Apartment,Kollam,1,11,Plastic packet,,Always,250g_500g,collector,no,0,none,trash
user997@gmail.com,6+,Large house,Kannur,6,17,Plastic packet,7+,Always,more_1kg,mixed,monthly,1,3-5,recycle
user998@gmail.com,2-3,Large house,Kottayam,2,14,Plastic packet,4-7,Sometimes,250g_500g,community,daily,3,6+,trash
user999@gmail.com,2-3,Large house,Ernakulam,1,14,Loose / refill,7+,Never,250g_500g,collector,monthly,4,1-2,recycle
user1000@gmail.com,2-3,Large house,Malappuram,3,2,Plastic packet,1-3,Never,250g_500g,home_compost,monthly,2,6+,recycle
user1001@gmail.com,4-5,Apartment,Idukki,2,7,Plastic bottle,,Always,500g_1kg,worm_compost,daily,2,none,sell
user1002@gmail.com,4-5,Large house,Pathanamthitta,4,16,Loose / refill,1-3,Always,500g_1kg,worm_compost,weekly,3,none,sell
user1003@gmail.com,6+,Apartment,Kozhikode,6,14,Plastic bottle,,Never,more_1kg,collector,monthly,4,3-5,trash
user1004@gmail.com,1,Apartment,Kasaragod,0,4,Plastic bottle,4-7,Always,less_250g,home_compost,daily,0,1-2,store
user1005@gmail.com,2-3,Large house,Kozhikode,2,13,Plastic packet,4-7,Sometimes,250g_500g,biomethanation,weekly,2,1-2,recycle
user1006@gmail.com,2-3,Small house,Thrissur,2,4,Loose / refill,7+,Never,250g_500g,community,daily,4,none,recycle
user1007@gmail.com,2-3,Small house,Kottayam,3,14,Plastic packet,,Always,250g_500g,collector,monthly,0,1-2,sell
user1008@gmail.com,2-3,Small house,Alappuzha,3,19,Plastic bottle,4-7,Always,250g_500g,community,daily,3,3-5,recycle
user1009@gmail.com,2-3,Large house,Kannur,3,4,Plastic bottle,4-7,Sometimes,250g_500g,worm_compost,monthly,3,1-2,recycle
user1010@gmail.com,2-3,Apartment,Kozhikode,1,20,Plastic bottle,7+,Never,250g_500g,worm_compost,no,2,1-2,store
user1011@gmail.com,4-5,Apartment,Thiruvananthapuram,2,19,Loose / refill,,Never,500g_1kg,community,no,3,1-2,store
user1012@gmail.com,2-3,Small house,Kannur,2,11,Plastic packet,,Never,250g_500g,worm_compost,no,3,1-2,sell
user1013@gmail.com,4-5,Apartment,Idukki,4,11,Loose / refill,7+,Sometimes,500g_1kg,home_compost,weekly,4,none,sell
user1014@gmail.com,2-3,Large house,Ernakulam,1,7,Plastic packet,7+,Sometimes,250g_500g,mixed,weekly,0,3-5,recycle
user1015@gmail.com,6+,Apartment,Thrissur,3,2,Loose / refill,1-3,Never,more_1kg,community,monthly,3,3-5,trash
user1016@gmail.com,6+,Large house,Palakkad,6,4,Plastic bottle,,Never,more_1kg,biomethanation,weekly,2,3-5,sell
user1017@gmail.com,6+,Large house,Palakkad,6,3,Plastic bottle,1-3,Sometimes,more_1kg,collector,daily,0,1-2,trash
user1018@gmail.com,1,Apartment,Idukki,1,8,Plastic bottle,,Always,less_250g,collector,no,4,1-2,sell
user1019@gmail.com,4-5,Large house,Pathanamthitta,4,4,Plastic packet,1-3,Never,500g_1kg,worm_compost,daily,2,none,sell
user1020@gmail.com,1,Apartment,Thiruvananthapuram,1,15,Plastic bottle,1-3,Sometimes,less_250g,mixed,no,2,3-5,recycle
user1021@gmail.com,1,Apartment,Thrissur,0,14,Plastic packet,1-3,Sometimes,less_250g,worm_compost,no,0,1-2,store
user1022@gmail.com,4-5,Large house,Kottayam,2,5,Loose / refill,1-3,Never,500g_1kg,biomethanation,daily,2,1-2,sell
user1023@gmail.com,1,Small house,Pathanamthitta,1,18,Loose / refill,4-7,Sometimes,less_250g,home_compost,weekly,0,1-2,sell
user1024@gmail.com,1,Large house,Kozhikode,0,19,Loose / refill,1-3,Always,less_250g,community,weekly,2,3-5,recycle
user1025@gmail.com,2-3,Small house,Kollam,3,18,Plastic packet,7+,Sometimes,250g_500g,biomethanation,monthly,0,6+,recycle
user1026@gmail.com,2-3,Apartment,Thiruvananthapuram,3,4,Loose / refill,1-3,Sometimes,250g_500g,home_compost,no,4,none,recycle
user1027@gmail.com,2-3,Large house,Pathanamthitta,1,13,Plastic packet,4-7,Always,250g_500g,home_compost,daily,4,1-2,sell
user1028@gmail.com,2-3,Apartment,Alappuzha,1,11,Plastic packet,1-3,Always,250g_500g,mixed,no,0,1-2,recycle
user1029@gmail.com,2-3,Small house,Alappuzha,2,4,Loose / refill,4-7,Sometimes,250g_500g,collector,weekly,3,6+,trash
user1030@gmail.com,2-3,Apartment,Kottayam,3,17,Plastic packet,7+,Never,250g_500g,community,monthly,1,1-2,sell
user1031@gmail.com,1,Small house,Thiruvananthapuram,0,12,Loose / refill,4-7,Sometimes,less_250g,worm_compost,no,3,none,sell
user1032@gmail.com,2-3,Apartment,Kollam,2,20,Plastic packet,7+,Sometimes,250g_500g,collector,monthly,2,3-5,sell
user1033@gmail.com,1,Large house,Wayanad,1,15,Plastic bottle,4-7,Always,less_250g,home_compost,weekly,4,1-2,trash
user1034@gmail.com,6+,Small house,Kollam,3,7,Loose / refill,1-3,Always,more_1kg,biomethanation,monthly,0,1-2,store
user1035@gmail.com,1,Small house,Idukki,1,7,Loose / refill,,Never,less_250g,home_compost,no,3,6+,recycle
user1036@gmail.com,1,Apartment,Kollam,1,8,Plastic packet,,Always,less_250g,collector,no,1,1-2,store
user1037@gmail.com,2-3,Large house,Ernakulam,2,7,Plastic packet,7+,Never,250g_500g,home_compost,no,4,3-5,recycle
user1038@gmail.com,4-5,Apartment,Alappuzha,2,12,Plastic bottle,4-7,Always,500g_1kg,collector,no,0,3-5,recycle
user1039@gmail.com,2-3,Small house,Thrissur,2,13,Plastic bottle,7+,Sometimes,250g_500g,home_compost,daily,1,1-2,trash
user1040@gmail.com,2-3,Large house,Thiruvananthapuram,2,6,Plastic packet,4-7,Always,250g_500g,collector,daily,1,3-5,store
user1041@gmail.com,1,Apartment,Malappuram,1,7,Plastic bottle,1-3,Always,less_250g,mixed,monthly,0,none,recycle
user1042@gmail.com,2-3,Small house,Kasaragod,1,17,Plastic packet,1-3,Always,250g_500g,community,no,2,none,store
user1043@gmail.com,2-3,Apartment,Kollam,3,10,Plastic bottle,1-3,Sometimes,250g_500g,home_compost,daily,4,1-2,store
user1044@gmail.com,4-5,Large house,Kasaragod,3,5,Plastic packet,,Sometimes,500g_1kg,worm_compost,daily,3,3-5,recycle
user1045@gmail.com,4-5,Small house,Kottayam,2,8,Loose / refill,1-3,Sometimes,500g_1kg,community,no,2,6+,trash
user1046@gmail.com,6+,Small house,Malappuram,4,17,Loose / refill,4-7,Always,more_1kg,community,weekly,4,none,recycle
user1047@gmail.com,4-5,Apartment,Kottayam,2,11,Loose / refill,,Never,500g_1kg,worm_compost,no,3,3-5,recycle
user1048@gmail.com,1,Large house,Kollam,0,17,Loose / refill,1-3,Never,less_250g,community,daily,3,3-5,sell
user1049@gmail.com,2-3,Apartment,Palakkad,2,14,Loose / refill,,Always,250g_500g,worm_compost,monthly,0,none,sell
user1050@gmail.com,4-5,Large house,Kollam,2,14,Plastic bottle,1-3,Always,500g_1kg,home_compost,weekly,3,6+,recycle
user1051@gmail.com,2-3,Small house,Kottayam,3,8,Plastic bottle,,Always,250g_500g,community,monthly,3,3-5,trash
user1052@gmail.com,4-5,Large house,Kottayam,2,4,Plastic bottle,4-7,Never,500g_1kg,collector,no,0,3-5,store
user1053@gmail.com,2-3,Apartment,Alappuzha,2,9,Plastic bottle,,Sometimes,250g_500g,community,daily,4,1-2,trash
user1054@gmail.com,4-5,Apartment,Thrissur,4,2,Loose / refill,4-7,Sometimes,500g_1kg,community,monthly,1,none,recycle
user1055@gmail.com,4-5,Apartment,Kozhikode,2,15,Plastic bottle,1-3,Sometimes,500g_1kg,biomethanation,weekly,2,1-2,sell
user1056@gmail.com,4-5,Large house,Kottayam,2,19,Plastic bottle,7+,Sometimes,500g_1kg,worm_compost,no,1,1-2,sell
user1057@gmail.com,1,Apartment,Malappuram,1,7,Plastic bottle,,Sometimes,less_250g,worm_compost,weekly,3,1-2,recycle
user1058@gmail.com,4-5,Small house,Thiruvananthapuram,2,10,Loose / refill,1-3,Always,500g_1kg,community,monthly,4,none,recycle
user1059@gmail.com,6+,Apartment,Kozhikode,5,16,Loose / refill,7+,Always,more_1kg,biomethanation,monthly,2,1-2,recycle
user1060@gmail.com,6+,Large house,Idukki,3,20,Plastic bottle,1-3,Never,more_1kg,home_compost,weekly,3,6+,trash
user1061@gmail.com,2-3,Large house,Thrissur,3,17,Plastic packet,1-3,Sometimes,250g_500g,home_compost,weekly,0,1-2,trash
user1062@gmail.com,1,Apartment,Kollam,0,9,Plastic bottle,4-7,Never,less_250g,mixed,weekly,4,6+,sell
user1063@gmail.com,4-5,Small house,Pathanamthitta,4,16,Plastic bottle,1-3,Never,500g_1kg,home_compost,monthly,2,1-2,trash
user1064@gmail.com,6+,Apartment,Kozhikode,6,11,Loose / refill,,Always,more_1kg,worm_compost,daily,4,1-2,sell
user1065@gmail.com,6+,Large house,Palakkad,5,8,Plastic bottle,1-3,Always,more_1kg,community,weekly,3,none,store
user1066@gmail.com,4-5,Large house,Palakkad,2,17,Plastic bottle,1-3,Never,500g_1kg,worm_compost,no,2,6+,sell
user1067@gmail.com,1,Small house,Malappuram,1,6,Plastic packet,4-7,Sometimes,less_250g,worm_compost,daily,1,6+,recycle
user1068@gmail.com,1,Large house,Kollam,0,15,Loose / refill,,Sometimes,less_250g,biomethanation,weekly,4,6+,store
user1069@gmail.com,4-5,Apartment,Palakkad,2,13,Plastic packet,1-3,Always,500g_1kg,mixed,daily,0,3-5,trash
user1070@gmail.com,2-3,Apartment,Wayanad,1,16,Loose / refill,7+,Always,250g_500g,collector,no,4,none,trash
user1071@gmail.com,4-5,Small house,Idukki,3,2,Plastic bottle,7+,Sometimes,500g_1kg,community,monthly,1,3-5,trash
user1072@gmail.com,1,Large house,Alappuzha,0,19,Plastic bottle,4-7,Always,less_250g,biomethanation,no,1,6+,sell
user1073@gmail.com,2-3,Small house,Thiruvananthapuram,3,3,Plastic bottle,7+,Sometimes,250g_500g,biomethanation,daily,0,none,recycle
user1074@gmail.com,4-5,Large house,Kollam,2,17,Loose / refill,4-7,Sometimes,500g_1kg,home_compost,no,1,none,sell
user1075@gmail.com,2-3,Apartment,Pathanamthitta,1,10,Plastic bottle,7+,Always,250g_500g,community,monthly,0,none,recycle
user1076@gmail.com,2-3,Large house,Pathanamthitta,3,18,Loose / refill,7+,Sometimes,250g_500g,community,weekly,3,3-5,recycle
user1077@gmail.com,4-5,Large house,Palakkad,3,19,Loose / refill,,Sometimes,500g_1kg,biomethanation,weekly,3,3-5,trash
user1078@gmail.com,6+,Small house,Kozhikode,6,16,Plastic packet,,Never,more_1kg,home_compost,daily,4,6+,trash
user1079@gmail.com,2-3,Large house,Kozhikode,1,19,Plastic packet,1-3,Sometimes,250g_500g,worm_compost,no,1,1-2,sell
user1080@gmail.com,6+,Apartment,Thiruvananthapuram,3,5,Loose / refill,7+,Never,more_1kg,worm_compost,no,3,6+,sell
user1081@gmail.com,2-3,Apartment,Kannur,2,5,Plastic packet,,Sometimes,250g_500g,community,daily,0,3-5,store
user1082@gmail.com,2-3,Apartment,Kozhikode,2,3,Loose / refill,4-7,Always,250g_500g,home_compost,weekly,1,3-5,store
user1083@gmail.com,4-5,Small house,Ernakulam,3,15,Plastic packet,7+,Never,500g_1kg,biomethanation,no,1,3-5,trash
user1084@gmail.com,6+,Small house,Alappuzha,5,9,Loose / refill,7+,Sometimes,more_1kg,biomethanation,monthly,0,6+,recycle
user1085@gmail.com,4-5,Apartment,Alappuzha,2,10,Plastic bottle,1-3,Always,500g_1kg,worm_compost,weekly,1,none,recycle
user1086@gmail.com,2-3,Large house,Ernakulam,3,7,Loose / refill,7+,Never,250g_500g,collector,no,4,6+,sell
user1087@gmail.com,2-3,Small house,Pathanamthitta,2,7,Loose / refill,,Always,250g_500g,home_compost,no,2,1-2,trash
user1088@gmail.com,2-3,Apartment,Malappuram,1,13,Plastic bottle,,Always,250g_500g,community,daily,2,6+,store
user1089@gmail.com,2-3,Small house,Malappuram,1,17,Plastic bottle,1-3,Always,250g_500g,home_compost,weekly,4,3-5,trash
user1090@gmail.com,4-5,Large house,Kasaragod,2,12,Plastic bottle,7+,Always,500g_1kg,worm_compost,weekly,0,none,store
user1091@gmail.com,2-3,Apartment,Kollam,2,8,Plastic bottle,4-7,Sometimes,250g_500g,collector,monthly,0,1-2,sell
user1092@gmail.com,4-5,Apartment,Thrissur,3,3,Loose / refill,7+,Sometimes,500g_1kg,worm_compost,weekly,3,3-5,sell
user1093@gmail.com,4-5,Apartment,Ernakulam,3,19,Loose / refill,1-3,Never,500g_1kg,home_compost,no,2,6+,store
user1094@gmail.com,1,Small house,Kollam,1,12,Plastic bottle,4-7,Always,less_250g,community,daily,4,3-5,trash
user1095@gmail.com,4-5,Small house,Wayanad,4,3,Loose / refill,1-3,Sometimes,500g_1kg,biomethanation,weekly,3,none,trash
user1096@gmail.com,2-3,Large house,Thrissur,3,5,Loose / refill,,Sometimes,250g_500g,home_compost,daily,3,none,trash
user1097@gmail.com,1,Small house,Wayanad,1,5,Plastic bottle,,Never,less_250g,biomethanation,weekly,4,3-5,recycle
user1098@gmail.com,2-3,Large house,Kannur,2,18,Plastic bottle,,Sometimes,250g_500g,mixed,monthly,1,none,sell
user1099@gmail.com,1,Large house,Ernakulam,0,18,Plastic packet,,Always,less_250g,mixed,daily,2,3-5,recycle
user1100@gmail.com,6+,Apartment,Kannur,3,2,Plastic bottle,,Sometimes,more_1kg,community,monthly,0,1-2,sell
user1101@gmail.com,2-3,Small house,Kollam,3,4,Loose / refill,1-3,Never,250g_500g,collector,daily,1,3-5,sell
user1102@gmail.com,4-5,Apartment,Pathanamthitta,3,5,Plastic packet,4-7,Never,500g_1kg,biomethanation,weekly,2,none,store
user1103@gmail.com,6+,Large house,Kozhikode,3,3,Loose / refill,4-7,Always,more_1kg,collector,no,3,1-2,sell
user1104@gmail.com,1,Small house,Kottayam,0,11,Plastic bottle,7+,Always,less_250g,collector,no,1,none,recycle
user1105@gmail.com,4-5,Apartment,Kottayam,3,2,Loose / refill,4-7,Always,500g_1kg,biomethanation,weekly,4,3-5,sell
user1106@gmail.com,4-5,Apartment,Malappuram,3,18,Loose / refill,7+,Always,500g_1kg,biomethanation,weekly,4,6+,store
user1107@gmail.com,1,Large house,Kollam,0,8,Plastic packet,1-3,Sometimes,less_250g,collector,weekly,3,6+,trash
user1108@gmail.com,4-5,Large house,Kottayam,3,5,Loose / refill,1-3,Always,500g_1kg,community,weekly,3,none,trash
user1109@gmail.com,6+,Large house,Thiruvananthapuram,6,6,Loose / refill,7+,Never,more_1kg,community,weekly,2,1-2,trash
user1110@gmail.com,1,Small house,Idukki,0,5,Plastic packet,7+,Never,less_250g,community,daily,4,none,trash
user1111@gmail.com,6+,Small house,Kollam,3,16,Loose / refill,7+,Never,more_1kg,home_compost,no,4,none,sell
user1112@gmail.com,4-5,Large house,Malappuram,4,12,Plastic bottle,,Sometimes,500g_1kg,mixed,monthly,2,6+,recycle
user1113@gmail.com,2-3,Large house,Thiruvananthapuram,3,15,Plastic packet,,Sometimes,250g_500g,worm_compost,daily,2,3-5,sell
user1114@gmail.com,4-5,Large house,Pathanamthitta,2,8,Loose / refill,1-3,Never,500g_1kg,mixed,no,4,6+,recycle
user1115@gmail.com,4-5,Large house,Malappuram,3,15,Plastic bottle,1-3,Sometimes,500g_1kg,collector,weekly,4,none,sell
user1116@gmail.com,2-3,Large house,Pathanamthitta,2,19,Loose / refill,4-7,Always,250g_500g,biomethanation,weekly,3,3-5,recycle
user1117@gmail.com,4-5,Apartment,Wayanad,3,11,Loose / refill,1-3,Never,500g_1kg,community,daily,4,none,sell
user1118@gmail.com,4-5,Small house,Kottayam,3,3,Loose / refill,,Always,500g_1kg,mixed,weekly,0,none,trash
user1119@gmail.com,2-3,Large house,Pathanamthitta,3,13,Plastic bottle,7+,Always,250g_500g,biomethanation,daily,0,none,sell
user1120@gmail.com,4-5,Apartment,Thrissur,3,3,Plastic packet,,Sometimes,500g_1kg,worm_compost,daily,4,none,sell
user1121@gmail.com,4-5,Large house,Kasaragod,3,7,Plastic bottle,,Always,500g_1kg,collector,monthly,0,3-5,trash
user1122@gmail.com,4-5,Apartment,Kozhikode,4,6,Plastic bottle,7+,Sometimes,500g_1kg,collector,daily,3,1-2,store
user1123@gmail.com,2-3,Large house,Wayanad,1,15,Loose / refill,7+,Sometimes,250g_500g,collector,weekly,2,6+,recycle
user1124@gmail.com,2-3,Apartment,Alappuzha,2,4,Plastic packet,1-3,Always,250g_500g,biomethanation,daily,3,3-5,recycle
user1125@gmail.com,4-5,Large house,Malappuram,3,18,Plastic bottle,,Never,500g_1kg,home_compost,no,1,1-2,sell
user1126@gmail.com,2-3,Small house,Idukki,2,10,Plastic packet,,Sometimes,250g_500g,mixed,no,2,none,store
user1127@gmail.com,4-5,Small house,Kannur,3,18,Plastic bottle,4-7,Never,500g_1kg,community,monthly,2,3-5,store
user1128@gmail.com,6+,Apartment,Idukki,6,7,Plastic packet,,Never,more_1kg,worm_compost,weekly,0,1-2,recycle
user1129@gmail.com,2-3,Apartment,Thiruvananthapuram,1,20,Loose / refill,4-7,Always,250g_500g,collector,no,0,1-2,recycle
user1130@gmail.com,2-3,Large house,Malappuram,3,18,Plastic bottle,4-7,Never,250g_500g,community,weekly,2,6+,sell
user1131@gmail.com,1,Apartment,Wayanad,1,15,Plastic bottle,4-7,Never,less_250g,worm_compost,daily,3,none,recycle
user1132@gmail.com,4-5,Small house,Wayanad,4,13,Plastic bottle,4-7,Sometimes,500g_1kg,home_compost,monthly,3,6+,recycle
user1133@gmail.com,4-5,Apartment,Alappuzha,4,20,Loose / refill,7+,Always,500g_1kg,biomethanation,weekly,4,1-2,trash
user1134@gmail.com,4-5,Small house,Thrissur,3,6,Loose / refill,4-7,Never,500g_1kg,home_compost,monthly,1,none,store
user1135@gmail.com,2-3,Apartment,Palakkad,1,4,Loose / refill,,Never,250g_500g,collector,weekly,4,3-5,trash
user1136@gmail.com,2-3,Small house,Malappuram,1,4,Plastic bottle,,Sometimes,250g_500g,home_compost,weekly,2,none,trash
user1137@gmail.com,6+,Apartment,Pathanamthitta,3,3,Plastic bottle,,Always,more_1kg,collector,daily,1,none,sell
user1138@gmail.com,2-3,Apartment,Alappuzha,3,14,Plastic bottle,7+,Always,250g_500g,home_compost,no,4,6+,sell
user1139@gmail.com,4-5,Apartment,Kottayam,4,18,Plastic packet,1-3,Always,500g_1kg,collector,no,1,3-5,recycle
user1140@gmail.com,6+,Small house,Kasaragod,6,10,Plastic packet,7+,Never,more_1kg,collector,monthly,0,3-5,recycle
user1141@gmail.com,4-5,Apartment,Kozhikode,3,6,Loose / refill,1-3,Always,500g_1kg,biomethanation,weekly,1,1-2,recycle
user1142@gmail.com,4-5,Large house,Ernakulam,2,2,Plastic packet,,Sometimes,500g_1kg,home_compost,weekly,2,6+,store
user1143@gmail.com,2-3,Large house,Thiruvananthapuram,1,3,Loose / refill,7+,Sometimes,250g_500g,biomethanation,monthly,1,none,store
user1144@gmail.com,4-5,Small house,Malappuram,3,7,Plastic bottle,1-3,Sometimes,500g_1kg,home_compost,monthly,3,3-5,trash
user1145@gmail.com,2-3,Small house,Pathanamthitta,1,18,Plastic packet,1-3,Always,250g_500g,mixed,no,3,6+,store
user1146@gmail.com,1,Apartment,Kasaragod,1,3,Plastic bottle,,Never,less_250g,home_compost,weekly,3,none,sell
user1147@gmail.com,4-5,Large house,Kasaragod,4,12,Plastic bottle,4-7,Always,500g_1kg,biomethanation,weekly,3,6+,recycle
user1148@gmail.com,4-5,Large house,Pathanamthitta,2,4,Plastic packet,1-3,Sometimes,500g_1kg,community,weekly,3,3-5,recycle
user1149@gmail.com,4-5,Large house,Wayanad,4,16,Plastic bottle,4-7,Always,500g_1kg,home_compost,no,2,none,recycle
user1150@gmail.com,2-3,Large house,Pathanamthitta,3,13,Plastic packet,7+,Always,250g_500g,collector,daily,4,6+,store
user1151@gmail.com,2-3,Small house,Thiruvananthapuram,2,10,Plastic packet,4-7,Sometimes,250g_500g,worm_compost,no,4,1-2,store
user1152@gmail.com,6+,Small house,Kannur,4,8,Loose / refill,4-7,Always,more_1kg,mixed,monthly,1,6+,trash
user1153@gmail.com,2-3,Small house,Kasaragod,2,11,Loose / refill,,Never,250g_500g,collector,no,4,1-2,store
user1154@gmail.com,6+,Large house,Thrissur,6,19,Plastic packet,7+,Always,more_1kg,biomethanation,weekly,4,1-2,store
user1155@gmail.com,1,Apartment,Alappuzha,1,4,Plastic bottle,,Always,less_250g,community,weekly,3,3-5,trash
user1156@gmail.com,6+,Small house,Kannur,4,18,Loose / refill,1-3,Sometimes,more_1kg,home_compost,monthly,1,1-2,store
user1157@gmail.com,4-5,Small house,Thrissur,2,11,Loose / refill,4-7,Always,500g_1kg,mixed,monthly,2,none,trash
user1158@gmail.com,4-5,Small house,Wayanad,2,2,Plastic packet,7+,Never,500g_1kg,community,monthly,0,1-2,recycle
user1159@gmail.com,4-5,Small house,Kasaragod,4,2,Plastic bottle,,Sometimes,500g_1kg,community,monthly,3,6+,store
user1160@gmail.com,6+,Large house,Kannur,4,18,Loose / refill,1-3,Never,more_1kg,biomethanation,weekly,3,3-5,trash
user1161@gmail.com,6+,Small house,Kollam,4,12,Loose / refill,7+,Sometimes,more_1kg,worm_compost,monthly,2,6+,recycle
user1162@gmail.com,1,Apartment,Kasaragod,0,16,Plastic packet,4-7,Sometimes,less_250g,community,weekly,3,3-5,sell
user1163@gmail.com,2-3,Apartment,Kollam,3,8,Loose / refill,4-7,Always,250g_500g,home_compost,no,1,6+,trash
user1164@gmail.com,4-5,Small house,Thrissur,3,9,Loose / refill,7+,Never,500g_1kg,biomethanation,daily,4,1-2,trash
user1165@gmail.com,2-3,Apartment,Kottayam,1,10,Plastic packet,,Always,250g_500g,mixed,monthly,2,1-2,trash
user1166@gmail.com,2-3,Apartment,Idukki,3,15,Loose / refill,4-7,Never,250g_500g,home_compost,weekly,4,1-2,recycle
user1167@gmail.com,4-5,Apartment,Ernakulam,4,7,Plastic packet,1-3,Never,500g_1kg,mixed,no,2,3-5,sell
user1168@gmail.com,2-3,Apartment,Kollam,1,16,Plastic bottle,,Sometimes,250g_500g,community,monthly,1,none,recycle
user1169@gmail.com,2-3,Apartment,Ernakulam,1,10,Plastic packet,,Never,250g_500g,mixed,no,0,3-5,store
user1170@gmail.com,6+,Apartment,Alappuzha,3,12,Plastic bottle,1-3,Sometimes,more_1kg,biomethanation,monthly,1,none,sell
user1171@gmail.com,1,Small house,Thiruvananthapuram,0,16,Plastic bottle,7+,Always,less_250g,community,daily,0,none,recycle
user1172@gmail.com,4-5,Large house,Idukki,3,15,Loose / refill,1-3,Never,500g_1kg,collector,no,3,3-5,trash
user1173@gmail.com,2-3,Small house,Kottayam,3,18,Plastic bottle,,Sometimes,250g_500g,worm_compost,daily,4,3-5,recycle
user1174@gmail.com,2-3,Large house,Kannur,1,10,Loose / refill,1-3,Never,250g_500g,mixed,monthly,4,3-5,trash
user1175@gmail.com,2-3,Small house,Alappuzha,2,15,Plastic bottle,4-7,Sometimes,250g_500g,mixed,monthly,3,1-2,store
user1176@gmail.com,4-5,Apartment,Kozhikode,4,5,Plastic packet,7+,Never,500g_1kg,collector,no,4,3-5,recycle
user1177@gmail.com,2-3,Small house,Pathanamthitta,2,15,Loose / refill,,Always,250g_500g,biomethanation,daily,2,3-5,sell
user1178@gmail.com,4-5,Apartment,Ernakulam,3,17,Plastic bottle,1-3,Never,500g_1kg,mixed,weekly,1,3-5,recycle
user1179@gmail.com,6+,Large house,Pathanamthitta,5,16,Loose / refill,1-3,Always,more_1kg,community,no,4,none,trash
user1180@gmail.com,2-3,Large house,Kollam,1,9,Plastic packet,7+,Never,250g_500g,worm_compost,monthly,3,1-2,trash
user1181@gmail.com,4-5,Apartment,Kottayam,4,7,Plastic bottle,,Always,500g_1kg,collector,monthly,0,1-2,store
user1182@gmail.com,4-5,Small house,Kottayam,4,16,Plastic packet,4-7,Always,500g_1kg,community,daily,1,none,store
user1183@gmail.com,2-3,Large house,Thrissur,1,9,Loose / refill,7+,Sometimes,250g_500g,mixed,weekly,3,6+,sell
user1184@gmail.com,4-5,Apartment,Pathanamthitta,4,2,Plastic packet,4-7,Never,500g_1kg,community,daily,4,1-2,sell
user1185@gmail.com,2-3,Large house,Alappuzha,2,11,Plastic packet,1-3,Never,250g_500g,home_compost,daily,3,none,store
user1186@gmail.com,4-5,Large house,Palakkad,2,12,Plastic bottle,,Always,500g_1kg,mixed,daily,0,6+,recycle
user1187@gmail.com,2-3,Apartment,Thiruvananthapuram,2,10,Loose / refill,1-3,Never,250g_500g,biomethanation,monthly,3,none,recycle
user1188@gmail.com,4-5,Large house,Kollam,3,10,Loose / refill,4-7,Never,500g_1kg,home_compost,no,1,none,store
user1189@gmail.com,2-3,Small house,Kannur,2,16,Plastic packet,7+,Sometimes,250g_500g,community,monthly,0,none,recycle
user1190@gmail.com,4-5,Small house,Kozhikode,2,14,Loose / refill,4-7,Never,500g_1kg,worm_compost,daily,1,3-5,sell
user1191@gmail.com,2-3,Apartment,Kannur,2,12,Loose / refill,4-7,Sometimes,250g_500g,biomethanation,monthly,1,6+,store
user1192@gmail.com,2-3,Apartment,Idukki,2,17,Loose / refill,,Sometimes,250g_500g,mixed,weekly,2,1-2,sell
user1193@gmail.com,4-5,Large house,Palakkad,2,10,Plastic bottle,4-7,Never,500g_1kg,mixed,no,4,3-5,trash
user1194@gmail.com,4-5,Large house,Pathanamthitta,2,2,Plastic bottle,,Always,500g_1kg,worm_compost,daily,0,6+,sell
user1195@gmail.com,4-5,Apartment,Pathanamthitta,3,9,Plastic packet,7+,Always,500g_1kg,home_compost,weekly,3,none,sell
user1196@gmail.com,6+,Small house,Ernakulam,3,13,Plastic packet,,Never,more_1kg,home_compost,weekly,2,1-2,store
user1197@gmail.com,6+,Large house,Wayanad,3,9,Loose / refill,,Sometimes,more_1kg,collector,monthly,0,6+,store
user1198@gmail.com,6+,Apartment,Thrissur,4,13,Plastic packet,7+,Always,more_1kg,collector,no,3,1-2,recycle
user1199@gmail.com,6+,Apartment,Kannur,6,9,Loose / refill,7+,Sometimes,more_1kg,biomethanation,monthly,4,none,recycle
user1200@gmail.com,2-3,Large house,Kottayam,3,4,Loose / refill,1-3,Never,250g_500g,biomethanation,no,1,3-5,sell
user1201@gmail.com,2-3,Large house,Kannur,3,6,Plastic bottle,1-3,Sometimes,250g_500g,worm_compost,weekly,2,1-2,store
user1202@gmail.com,4-5,Small house,Thrissur,2,9,Plastic bottle,,Never,500g_1kg,community,monthly,2,3-5,recycle
user1203@gmail.com,2-3,Apartment,Ernakulam,3,13,Loose / refill,,Never,250g_500g,biomethanation,no,1,1-2,sell
user1204@gmail.com,4-5,Small house,Thiruvananthapuram,4,8,Plastic bottle,7+,Always,500g_1kg,community,daily,1,1-2,recycle
user1205@gmail.com,4-5,Apartment,Kollam,4,7,Plastic packet,1-3,Never,500g_1kg,collector,daily,2,1-2,recycle
user1206@gmail.com,2-3,Small house,Wayanad,3,15,Plastic bottle,,Always,250g_500g,collector,no,4,1-2,sell
user1207@gmail.com,2-3,Small house,Palakkad,1,6,Loose / refill,1-3,Always,250g_500g,community,daily,4,6+,sell
user1208@gmail.com,4-5,Apartment,Thrissur,3,6,Loose / refill,7+,Sometimes,500g_1kg,mixed,monthly,3,1-2,recycle
user1209@gmail.com,4-5,Large house,Wayanad,4,2,Loose / refill,,Always,500g_1kg,collector,daily,2,6+,store
user1210@gmail.com,4-5,Apartment,Thiruvananthapuram,2,7,Plastic bottle,7+,Sometimes,500g_1kg,biomethanation,monthly,0,3-5,sell
user1211@gmail.com,1,Small house,Thrissur,1,2,Plastic packet,,Sometimes,less_250g,worm_compost,no,2,3-5,recycle
user1212@gmail.com,6+,Small house,Wayanad,6,5,Loose / refill,,Sometimes,more_1kg,biomethanation,daily,4,none,sell
user1213@gmail.com,6+,Apartment,Idukki,4,3,Loose / refill,1-3,Always,more_1kg,mixed,no,0,6+,trash
user1214@gmail.com,2-3,Large house,Kozhikode,3,8,Loose / refill,4-7,Never,250g_500g,home_compost,weekly,0,none,recycle
user1215@gmail.com,1,Small house,Malappuram,0,18,Plastic bottle,4-7,Never,less_250g,biomethanation,daily,3,none,trash
user1216@gmail.com,4-5,Small house,Thrissur,3,15,Plastic packet,,Always,500g_1kg,biomethanation,monthly,1,6+,recycle
user1217@gmail.com,4-5,Large house,Kannur,3,13,Loose / refill,4-7,Always,500g_1kg,collector,weekly,4,3-5,sell
user1218@gmail.com,2-3,Small house,Kollam,1,11,Plastic packet,7+,Sometimes,250g_500g,home_compost,daily,0,1-2,trash
user1219@gmail.com,2-3,Large house,Kasaragod,3,16,Loose / refill,,Never,250g_500g,collector,weekly,3,none,trash
user1220@gmail.com,2-3,Large house,Palakkad,2,3,Plastic packet,4-7,Sometimes,250g_500g,community,no,1,3-5,store
user1221@gmail.com,4-5,Small house,Kottayam,3,3,Loose / refill,1-3,Always,500g_1kg,mixed,monthly,1,3-5,recycle
user1222@gmail.com,2-3,Apartment,Kollam,2,3,Plastic packet,4-7,Always,250g_500g,worm_compost,monthly,0,1-2,trash
user1223@gmail.com,2-3,Large house,Kottayam,3,3,Plastic bottle,1-3,Sometimes,250g_500g,home_compost,monthly,3,6+,recycle
user1224@gmail.com,2-3,Apartment,Kannur,2,20,Plastic bottle,1-3,Never,250g_500g,community,monthly,0,6+,store
user1225@gmail.com,1,Apartment,Pathanamthitta,0,9,Loose / refill,4-7,Sometimes,less_250g,biomethanation,monthly,3,6+,recycle
user1226@gmail.com,2-3,Small house,Malappuram,1,9,Plastic bottle,4-7,Always,250g_500g,biomethanation,monthly,0,none,store
user1227@gmail.com,6+,Small house,Kozhikode,4,11,Loose / refill,1-3,Always,more_1kg,mixed,daily,1,none,recycle
user1228@gmail.com,2-3,Apartment,Thiruvananthapuram,3,6,Loose / refill,,Sometimes,250g_500g,worm_compost,monthly,3,6+,recycle
user1229@gmail.com,6+,Small house,Alappuzha,3,15,Plastic packet,4-7,Never,more_1kg,mixed,daily,2,1-2,store
user1230@gmail.com,4-5,Apartment,Thrissur,2,20,Plastic packet,,Never,500g_1kg,worm_compost,daily,0,3-5,recycle
user1231@gmail.com,1,Large house,Malappuram,0,6,Plastic bottle,1-3,Never,less_250g,biomethanation,monthly,0,1-2,recycle
user1232@gmail.com,4-5,Small house,Idukki,4,2,Plastic bottle,1-3,Never,500g_1kg,community,no,2,none,sell
user1233@gmail.com,2-3,Small house,Kottayam,3,20,Loose / refill,,Never,250g_500g,home_compost,daily,1,6+,sell
user1234@gmail.com,2-3,Large house,Kannur,3,7,Loose / refill,7+,Sometimes,250g_500g,biomethanation,no,4,1-2,store
user1235@gmail.com,1,Small house,Malappuram,1,11,Plastic packet,4-7,Never,less_250g,home_compost,monthly,4,3-5,store
user1236@gmail.com,6+,Small house,Kannur,4,16,Plastic bottle,,Never,more_1kg,collector,weekly,4,none,store
user1237@gmail.com,4-5,Apartment,Kottayam,2,6,Plastic bottle,,Never,500g_1kg,collector,weekly,4,none,trash
user1238@gmail.com,4-5,Large house,Idukki,2,12,Plastic packet,4-7,Sometimes,500g_1kg,worm_compost,monthly,1,none,sell
user1239@gmail.com,2-3,Large house,Thrissur,3,15,Loose / refill,1-3,Always,250g_500g,community,monthly,4,none,recycle
user1240@gmail.com,4-5,Small house,Pathanamthitta,3,9,Loose / refill,,Sometimes,500g_1kg,community,monthly,4,none,sell
user1241@gmail.com,4-5,Large house,Pathanamthitta,4,14,Plastic packet,1-3,Never,500g_1kg,worm_compost,weekly,1,3-5,recycle
user1242@gmail.com,4-5,Small house,Palakkad,3,8,Plastic bottle,1-3,Always,500g_1kg,home_compost,monthly,3,6+,sell
user1243@gmail.com,4-5,Large house,Kollam,3,13,Plastic bottle,1-3,Sometimes,500g_1kg,home_compost,daily,0,3-5,store
user1244@gmail.com,6+,Small house,Palakkad,3,13,Plastic packet,7+,Never,more_1kg,mixed,weekly,2,1-2,trash
user1245@gmail.com,2-3,Large house,Thrissur,1,9,Plastic bottle,1-3,Sometimes,250g_500g,worm_compost,daily,3,6+,recycle
user1246@gmail.com,2-3,Large house,Kozhikode,2,17,Loose / refill,4-7,Sometimes,250g_500g,mixed,monthly,3,none,sell
user1247@gmail.com,4-5,Apartment,Pathanamthitta,2,2,Plastic bottle,7+,Never,500g_1kg,home_compost,monthly,4,6+,trash
user1248@gmail.com,2-3,Apartment,Alappuzha,3,5,Plastic bottle,7+,Always,250g_500g,mixed,daily,4,3-5,store
user1249@gmail.com,1,Large house,Kollam,0,16,Plastic bottle,1-3,Never,less_250g,collector,daily,4,6+,sell
user1250@gmail.com,4-5,Apartment,Kannur,2,8,Plastic packet,1-3,Always,500g_1kg,home_compost,monthly,4,1-2,recycle
user1251@gmail.com,4-5,Large house,Ernakulam,2,16,Plastic bottle,4-7,Sometimes,500g_1kg,biomethanation,no,2,none,store
user1252@gmail.com,6+,Small house,Kasaragod,4,13,Plastic bottle,,Never,more_1kg,home_compost,monthly,2,none,recycle
user1253@gmail.com,1,Small house,Pathanamthitta,0,20,Plastic packet,7+,Always,less_250g,biomethanation,weekly,4,1-2,recycle
user1254@gmail.com,4-5,Small house,Wayanad,4,11,Plastic packet,4-7,Sometimes,500g_1kg,community,weekly,0,3-5,trash
user1255@gmail.com,2-3,Small house,Pathanamthitta,3,13,Plastic bottle,7+,Sometimes,250g_500g,home_compost,daily,3,1-2,trash
user1256@gmail.com,6+,Apartment,Thiruvananthapuram,6,16,Loose / refill,,Sometimes,more_1kg,community,daily,3,none,store
user1257@gmail.com,4-5,Small house,Alappuzha,4,4,Plastic bottle,,Never,500g_1kg,community,monthly,4,6+,recycle
user1258@gmail.com,2-3,Small house,Wayanad,2,2,Plastic packet,1-3,Always,250g_500g,biomethanation,daily,0,1-2,sell
user1259@gmail.com,1,Small house,Thiruvananthapuram,0,19,Loose / refill,4-7,Sometimes,less_250g,collector,daily,4,6+,sell
user1260@gmail.com,2-3,Apartment,Kozhikode,2,2,Loose / refill,7+,Never,250g_500g,collector,weekly,3,6+,recycle
user1261@gmail.com,6+,Small house,Thrissur,5,19,Plastic bottle,7+,Always,more_1kg,home_compost,daily,1,6+,sell
user1262@gmail.com,4-5,Small house,Wayanad,2,19,Loose / refill,,Sometimes,500g_1kg,biomethanation,daily,0,3-5,recycle
user1263@gmail.com,4-5,Large house,Ernakulam,4,9,Plastic packet,4-7,Never,500g_1kg,collector,weekly,2,6+,store
user1264@gmail.com,4-5,Small house,Idukki,3,7,Plastic bottle,7+,Sometimes,500g_1kg,collector,weekly,2,1-2,sell
user1265@gmail.com,4-5,Apartment,Pathanamthitta,4,11,Loose / refill,,Never,500g_1kg,home_compost,weekly,3,1-2,recycle
user1266@gmail.com,4-5,Large house,Idukki,2,19,Plastic packet,4-7,Never,500g_1kg,collector,daily,2,none,recycle
user1267@gmail.com,2-3,Small house,Kasaragod,2,10,Plastic packet,4-7,Always,250g_500g,community,weekly,0,none,sell
user1268@gmail.com,2-3,Apartment,Thiruvananthapuram,2,5,Plastic packet,,Always,250g_500g,collector,weekly,3,none,sell
user1269@gmail.com,2-3,Large house,Thiruvananthapuram,1,2,Plastic packet,,Never,250g_500g,community,daily,0,none,recycle
user1270@gmail.com,4-5,Small house,Kannur,3,15,Loose / refill,1-3,Never,500g_1kg,collector,no,0,6+,sell
user1271@gmail.com,2-3,Large house,Idukki,2,18,Plastic packet,7+,Sometimes,250g_500g,mixed,no,3,6+,recycle
user1272@gmail.com,4-5,Large house,Thiruvananthapuram,2,15,Loose / refill,,Never,500g_1kg,biomethanation,weekly,0,1-2,sell
user1273@gmail.com,2-3,Apartment,Thrissur,1,19,Plastic bottle,,Sometimes,250g_500g,collector,no,1,1-2,trash
user1274@gmail.com,6+,Apartment,Ernakulam,3,3,Plastic bottle,4-7,Always,more_1kg,home_compost,no,4,6+,store
user1275@gmail.com,6+,Apartment,Alappuzha,5,15,Plastic packet,7+,Sometimes,more_1kg,biomethanation,no,2,6+,trash
user1276@gmail.com,1,Apartment,Thiruvananthapuram,1,2,Plastic bottle,,Always,less_250g,worm_compost,monthly,3,6+,trash
user1277@gmail.com,2-3,Apartment,Kozhikode,2,20,Plastic packet,1-3,Sometimes,250g_500g,collector,monthly,3,6+,trash
user1278@gmail.com,6+,Apartment,Kottayam,5,9,Plastic bottle,1-3,Sometimes,more_1kg,collector,weekly,2,3-5,trash
user1279@gmail.com,4-5,Small house,Kozhikode,3,9,Plastic packet,7+,Always,500g_1kg,collector,no,2,none,trash
user1280@gmail.com,1,Large house,Kozhikode,1,11,Plastic packet,4-7,Sometimes,less_250g,community,no,4,1-2,recycle
user1281@gmail.com,2-3,Small house,Kannur,3,20,Plastic packet,4-7,Sometimes,250g_500g,mixed,daily,3,1-2,store
user1282@gmail.com,4-5,Apartment,Kottayam,3,13,Plastic bottle,7+,Always,500g_1kg,mixed,daily,3,3-5,store
user1283@gmail.com,6+,Small house,Idukki,5,5,Plastic packet,1-3,Sometimes,more_1kg,worm_compost,weekly,1,none,sell
user1284@gmail.com,4-5,Apartment,Pathanamthitta,2,16,Plastic bottle,,Sometimes,500g_1kg,biomethanation,weekly,2,none,recycle
user1285@gmail.com,6+,Apartment,Alappuzha,6,10,Plastic bottle,4-7,Always,more_1kg,community,monthly,2,none,store
user1286@gmail.com,4-5,Small house,Kollam,3,6,Loose / refill,1-3,Sometimes,500g_1kg,worm_compost,no,4,1-2,trash
user1287@gmail.com,2-3,Large house,Palakkad,2,17,Plastic packet,4-7,Never,250g_500g,home_compost,monthly,3,none,recycle
user1288@gmail.com,4-5,Apartment,Ernakulam,3,10,Plastic packet,4-7,Always,500g_1kg,worm_compost,daily,3,none,recycle
user1289@gmail.com,2-3,Apartment,Thrissur,3,13,Plastic packet,,Never,250g_500g,community,weekly,4,none,recycle
user1290@gmail.com,2-3,Small house,Idukki,3,3,Plastic packet,7+,Always,250g_500g,worm_compost,weekly,3,6+,store
user1291@gmail.com,2-3,Large house,Thrissur,1,7,Plastic bottle,4-7,Always,250g_500g,collector,daily,1,1-2,sell
user1292@gmail.com,2-3,Apartment,Kottayam,1,5,Loose / refill,7+,Always,250g_500g,community,monthly,3,1-2,store
user1293@gmail.com,6+,Apartment,Wayanad,4,15,Plastic packet,7+,Never,more_1kg,biomethanation,daily,3,none,store
user1294@gmail.com,2-3,Large house,Kannur,1,12,Plastic bottle,4-7,Always,250g_500g,community,monthly,0,6+,store
user1295@gmail.com,4-5,Apartment,Kasaragod,3,7,Loose / refill,4-7,Sometimes,500g_1kg,biomethanation,daily,4,1-2,recycle
user1296@gmail.com,2-3,Apartment,Thrissur,3,13,Plastic bottle,4-7,Always,250g_500g,collector,daily,0,1-2,sell
user1297@gmail.com,2-3,Apartment,Pathanamthitta,2,6,Plastic packet,,Always,250g_500g,worm_compost,daily,4,none,sell
user1298@gmail.com,2-3,Apartment,Palakkad,1,6,Plastic packet,7+,Always,250g_500g,worm_compost,weekly,4,6+,recycle
user1299@gmail.com,2-3,Large house,Kollam,2,2,Plastic packet,,Always,250g_500g,home_compost,no,4,6+,sell
user1300@gmail.com,4-5,Large house,Kollam,4,17,Plastic bottle,4-7,Never,500g_1kg,biomethanation,monthly,1,1-2,recycle
user1301@gmail.com,4-5,Large house,Kollam,4,18,Plastic packet,4-7,Always,500g_1kg,collector,monthly,4,1-2,sell
user1302@gmail.com,1,Small house,Kozhikode,0,15,Plastic packet,4-7,Always,less_250g,mixed,daily,2,1-2,recycle
user1303@gmail.com,6+,Apartment,Thrissur,5,3,Plastic bottle,,Sometimes,more_1kg,community,weekly,0,1-2,store
user1304@gmail.com,2-3,Apartment,Palakkad,2,9,Plastic packet,4-7,Sometimes,250g_500g,mixed,no,0,6+,recycle
user1305@gmail.com,2-3,Apartment,Kozhikode,3,13,Loose / refill,,Sometimes,250g_500g,home_compost,monthly,1,6+,store
user1306@gmail.com,2-3,Small house,Idukki,1,10,Plastic packet,,Never,250g_500g,mixed,monthly,4,1-2,store
user1307@gmail.com,2-3,Apartment,Palakkad,3,4,Plastic packet,1-3,Always,250g_500g,community,weekly,3,3-5,store
user1308@gmail.com,1,Apartment,Malappuram,1,6,Loose / refill,1-3,Sometimes,less_250g,collector,weekly,3,3-5,trash
user1309@gmail.com,4-5,Large house,Wayanad,2,7,Plastic packet,,Sometimes,500g_1kg,worm_compost,monthly,3,6+,trash
user1310@gmail.com,6+,Small house,Pathanamthitta,4,9,Plastic bottle,7+,Sometimes,more_1kg,collector,monthly,0,1-2,trash
user1311@gmail.com,4-5,Small house,Malappuram,3,11,Plastic packet,4-7,Always,500g_1kg,collector,monthly,1,none,recycle
user1312@gmail.com,4-5,Large house,Kannur,4,6,Loose / refill,,Sometimes,500g_1kg,community,monthly,2,6+,sell
user1313@gmail.com,4-5,Large house,Pathanamthitta,4,12,Plastic bottle,7+,Sometimes,500g_1kg,mixed,monthly,0,3-5,sell
user1314@gmail.com,6+,Small house,Kozhikode,5,20,Plastic bottle,4-7,Always,more_1kg,community,no,3,1-2,recycle
user1315@gmail.com,2-3,Apartment,Kozhikode,1,15,Plastic bottle,4-7,Sometimes,250g_500g,collector,daily,1,3-5,sell
user1316@gmail.com,2-3,Small house,Wayanad,3,3,Loose / refill,4-7,Never,250g_500g,biomethanation,weekly,1,6+,sell
user1317@gmail.com,4-5,Large house,Kasaragod,4,17,Plastic packet,,Never,500g_1kg,worm_compost,no,2,6+,store
user1318@gmail.com,2-3,Small house,Idukki,3,9,Plastic bottle,7+,Always,250g_500g,worm_compost,monthly,1,none,recycle
user1319@gmail.com,4-5,Small house,Pathanamthitta,2,4,Plastic bottle,1-3,Always,500g_1kg,worm_compost,no,3,3-5,sell
user1320@gmail.com,4-5,Small house,Thiruvananthapuram,4,3,Plastic packet,,Always,500g_1kg,worm_compost,daily,3,none,sell
user1321@gmail.com,4-5,Small house,Pathanamthitta,4,4,Loose / refill,1-3,Never,500g_1kg,biomethanation,weekly,0,6+,recycle
user1322@gmail.com,2-3,Small house,Palakkad,1,8,Loose / refill,4-7,Sometimes,250g_500g,worm_compost,no,4,3-5,store
user1323@gmail.com,4-5,Apartment,Wayanad,4,19,Plastic packet,7+,Sometimes,500g_1kg,biomethanation,daily,2,3-5,sell
user1324@gmail.com,4-5,Small house,Alappuzha,2,7,Loose / refill,,Always,500g_1kg,community,no,0,none,trash
user1325@gmail.com,2-3,Small house,Idukki,3,18,Loose / refill,7+,Sometimes,250g_500g,worm_compost,weekly,1,6+,recycle
user1326@gmail.com,4-5,Large house,Wayanad,2,2,Plastic packet,7+,Never,500g_1kg,home_compost,daily,3,6+,sell
user1327@gmail.com,2-3,Apartment,Malappuram,1,10,Plastic packet,,Always,250g_500g,community,daily,1,1-2,sell
user1328@gmail.com,4-5,Large house,Thrissur,3,20,Plastic bottle,1-3,Never,500g_1kg,community,daily,1,none,trash
user1329@gmail.com,2-3,Apartment,Kozhikode,2,10,Loose / refill,4-7,Sometimes,250g_500g,collector,weekly,1,1-2,store
user1330@gmail.com,4-5,Small house,Kasaragod,2,15,Loose / refill,7+,Sometimes,500g_1kg,worm_compost,monthly,3,1-2,recycle
user1331@gmail.com,6+,Small house,Thiruvananthapuram,3,9,Plastic bottle,7+,Sometimes,more_1kg,community,no,0,none,recycle
user1332@gmail.com,2-3,Small house,Palakkad,3,11,Loose / refill,,Sometimes,250g_500g,home_compost,weekly,3,none,trash
user1333@gmail.com,2-3,Apartment,Palakkad,1,8,Plastic packet,4-7,Sometimes,250g_500g,home_compost,no,2,3-5,trash
user1334@gmail.com,4-5,Small house,Ernakulam,2,11,Loose / refill,7+,Sometimes,500g_1kg,collector,monthly,0,1-2,sell
user1335@gmail.com,6+,Apartment,Ernakulam,4,10,Plastic bottle,7+,Always,more_1kg,mixed,no,1,6+,trash
user1336@gmail.com,2-3,Large house,Pathanamthitta,3,12,Plastic packet,,Always,250g_500g,worm_compost,daily,4,1-2,recycle
user1337@gmail.com,2-3,Small house,Kozhikode,1,14,Loose / refill,7+,Sometimes,250g_500g,home_compost,daily,2,3-5,recycle
user1338@gmail.com,2-3,Small house,Ernakulam,2,19,Plastic bottle,1-3,Always,250g_500g,collector,monthly,1,6+,sell
user1339@gmail.com,2-3,Large house,Kozhikode,3,17,Plastic packet,,Sometimes,250g_500g,collector,weekly,4,1-2,store
user1340@gmail.com,1,Large house,Pathanamthitta,1,10,Plastic bottle,7+,Always,less_250g,mixed,no,4,6+,recycle
user1341@gmail.com,1,Apartment,Kozhikode,0,5,Plastic bottle,4-7,Never,less_250g,mixed,daily,4,none,store
user1342@gmail.com,2-3,Apartment,Idukki,3,4,Plastic packet,,Always,250g_500g,community,monthly,0,1-2,recycle
user1343@gmail.com,4-5,Apartment,Kottayam,2,3,Plastic bottle,4-7,Sometimes,500g_1kg,worm_compost,no,4,3-5,recycle
user1344@gmail.com,2-3,Apartment,Kottayam,2,17,Loose / refill,7+,Always,250g_500g,mixed,monthly,1,none,trash
user1345@gmail.com,2-3,Large house,Kozhikode,3,7,Loose / refill,1-3,Never,250g_500g,mixed,weekly,4,6+,store
user1346@gmail.com,4-5,Large house,Thiruvananthapuram,4,10,Plastic packet,7+,Always,500g_1kg,community,monthly,4,none,trash
user1347@gmail.com,6+,Apartment,Idukki,5,11,Plastic bottle,4-7,Sometimes,more_1kg,collector,monthly,2,6+,sell
user1348@gmail.com,1,Large house,Thiruvananthapuram,0,10,Loose / refill,,Always,less_250g,mixed,no,3,3-5,trash
user1349@gmail.com,4-5,Apartment,Kozhikode,3,9,Plastic packet,7+,Always,500g_1kg,collector,daily,4,3-5,trash
user1350@gmail.com,2-3,Small house,Pathanamthitta,2,9,Plastic bottle,7+,Always,250g_500g,home_compost,daily,0,1-2,trash
user1351@gmail.com,6+,Apartment,Palakkad,3,4,Loose / refill,7+,Sometimes,more_1kg,community,no,3,none,trash
user1352@gmail.com,4-5,Large house,Pathanamthitta,4,16,Plastic packet,4-7,Always,500g_1kg,mixed,no,1,3-5,recycle
user1353@gmail.com,6+,Apartment,Palakkad,6,13,Plastic bottle,4-7,Sometimes,more_1kg,biomethanation,daily,2,none,sell
user1354@gmail.com,4-5,Apartment,Idukki,4,10,Loose / refill,,Always,500g_1kg,biomethanation,no,3,6+,store
user1355@gmail.com,2-3,Large house,Kozhikode,3,6,Plastic packet,4-7,Sometimes,250g_500g,mixed,no,1,6+,sell
user1356@gmail.com,4-5,Apartment,Palakkad,4,6,Plastic packet,4-7,Never,500g_1kg,biomethanation,weekly,3,none,trash
user1357@gmail.com,2-3,Apartment,Palakkad,1,17,Loose / refill,,Always,250g_500g,worm_compost,no,3,6+,store
user1358@gmail.com,4-5,Small house,Kozhikode,4,10,Plastic packet,1-3,Never,500g_1kg,collector,daily,1,3-5,trash
user1359@gmail.com,2-3,Small house,Thiruvananthapuram,1,20,Plastic packet,1-3,Sometimes,250g_500g,mixed,daily,3,3-5,trash
user1360@gmail.com,4-5,Large house,Kasaragod,3,10,Plastic packet,7+,Never,500g_1kg,home_compost,monthly,1,none,store
user1361@gmail.com,4-5,Small house,Kottayam,2,2,Plastic bottle,,Sometimes,500g_1kg,worm_compost,monthly,0,1-2,store
user1362@gmail.com,4-5,Large house,Idukki,2,16,Plastic bottle,,Always,500g_1kg,community,monthly,1,3-5,store
user1363@gmail.com,2-3,Small house,Wayanad,2,20,Plastic packet,4-7,Sometimes,250g_500g,home_compost,daily,3,none,trash
user1364@gmail.com,4-5,Apartment,Palakkad,2,20,Loose / refill,7+,Sometimes,500g_1kg,worm_compost,monthly,2,none,store
user1365@gmail.com,1,Small house,Kottayam,0,2,Plastic bottle,,Sometimes,less_250g,worm_compost,monthly,2,3-5,trash
user1366@gmail.com,2-3,Apartment,Malappuram,3,15,Loose / refill,1-3,Sometimes,250g_500g,community,daily,4,6+,recycle
user1367@gmail.com,2-3,Large house,Thiruvananthapuram,3,2,Plastic bottle,1-3,Sometimes,250g_500g,mixed,daily,4,1-2,trash
user1368@gmail.com,1,Large house,Ernakulam,0,4,Plastic bottle,,Always,less_250g,mixed,weekly,3,none,trash
user1369@gmail.com,2-3,Apartment,Kasaragod,1,8,Plastic bottle,1-3,Never,250g_500g,worm_compost,daily,3,6+,sell
user1370@gmail.com,4-5,Apartment,Pathanamthitta,4,7,Loose / refill,,Sometimes,500g_1kg,mixed,no,4,1-2,store
user1371@gmail.com,2-3,Apartment,Kannur,2,8,Loose / refill,,Always,250g_500g,worm_compost,daily,1,6+,trash
user1372@gmail.com,4-5,Apartment,Idukki,3,6,Loose / refill,1-3,Always,500g_1kg,home_compost,no,4,3-5,sell
user1373@gmail.com,4-5,Small house,Kannur,2,15,Loose / refill,1-3,Sometimes,500g_1kg,community,daily,4,6+,recycle
user1374@gmail.com,4-5,Large house,Alappuzha,3,5,Loose / refill,7+,Always,500g_1kg,community,daily,3,6+,sell
user1375@gmail.com,4-5,Large house,Kozhikode,2,3,Plastic bottle,4-7,Always,500g_1kg,mixed,no,4,6+,sell
user1376@gmail.com,2-3,Small house,Palakkad,2,14,Loose / refill,7+,Never,250g_500g,community,weekly,0,3-5,store
user1377@gmail.com,6+,Large house,Kollam,3,5,Plastic bottle,4-7,Never,more_1kg,collector,weekly,1,none,trash
user1378@gmail.com,4-5,Large house,Ernakulam,4,16,Plastic packet,1-3,Sometimes,500g_1kg,home_compost,daily,0,3-5,store
user1379@gmail.com,2-3,Small house,Kasaragod,3,5,Plastic packet,4-7,Always,250g_500g,home_compost,weekly,4,none,recycle
user1380@gmail.com,4-5,Small house,Kozhikode,3,7,Loose / refill,1-3,Never,500g_1kg,worm_compost,daily,0,1-2,trash
user1381@gmail.com,4-5,Large house,Thiruvananthapuram,3,17,Loose / refill,1-3,Always,500g_1kg,worm_compost,weekly,2,1-2,store
user1382@gmail.com,2-3,Apartment,Kottayam,1,5,Plastic bottle,,Never,250g_500g,worm_compost,monthly,3,3-5,sell
user1383@gmail.com,1,Large house,Kasaragod,1,8,Plastic packet,1-3,Never,less_250g,mixed,no,3,none,store
user1384@gmail.com,1,Apartment,Malappuram,0,12,Loose / refill,7+,Sometimes,less_250g,worm_compost,weekly,0,none,recycle
user1385@gmail.com,4-5,Apartment,Alappuzha,2,13,Loose / refill,4-7,Always,500g_1kg,biomethanation,monthly,0,3-5,trash
user1386@gmail.com,4-5,Apartment,Kottayam,3,10,Plastic packet,,Sometimes,500g_1kg,biomethanation,weekly,2,3-5,sell
user1387@gmail.com,6+,Large house,Alappuzha,3,2,Plastic packet,,Sometimes,more_1kg,biomethanation,weekly,3,none,trash
user1388@gmail.com,2-3,Large house,Thrissur,3,2,Loose / refill,1-3,Sometimes,250g_500g,collector,weekly,1,3-5,store
user1389@gmail.com,4-5,Apartment,Kottayam,2,17,Plastic packet,,Always,500g_1kg,community,no,4,6+,trash
user1390@gmail.com,4-5,Apartment,Alappuzha,2,14,Loose / refill,7+,Sometimes,500g_1kg,collector,monthly,1,1-2,store
user1391@gmail.com,2-3,Small house,Malappuram,1,20,Plastic packet,4-7,Never,250g_500g,home_compost,weekly,2,1-2,recycle
user1392@gmail.com,6+,Large house,Kollam,3,20,Loose / refill,7+,Never,more_1kg,collector,monthly,0,none,recycle
user1393@gmail.com,6+,Apartment,Kottayam,5,20,Plastic bottle,,Never,more_1kg,biomethanation,weekly,4,6+,trash
user1394@gmail.com,4-5,Small house,Kollam,3,19,Loose / refill,,Sometimes,500g_1kg,mixed,daily,2,none,trash
user1395@gmail.com,4-5,Small house,Wayanad,4,20,Loose / refill,4-7,Always,500g_1kg,community,monthly,4,none,recycle
user1396@gmail.com,4-5,Apartment,Alappuzha,4,2,Loose / refill,,Sometimes,500g_1kg,home_compost,no,3,3-5,store
user1397@gmail.com,2-3,Apartment,Ernakulam,1,11,Plastic packet,,Sometimes,250g_500g,worm_compost,no,1,3-5,trash
user1398@gmail.com,2-3,Apartment,Thrissur,2,11,Plastic bottle,7+,Never,250g_500g,collector,weekly,4,6+,trash
user1399@gmail.com,2-3,Apartment,Alappuzha,1,15,Loose / refill,4-7,Never,250g_500g,collector,weekly,1,3-5,trash
user1400@gmail.com,4-5,Apartment,Kollam,2,5,Plastic packet,4-7,Always,500g_1kg,worm_compost,monthly,1,6+,recycle
user1401@gmail.com,6+,Apartment,Wayanad,5,12,Plastic bottle,,Always,more_1kg,home_compost,no,1,3-5,trash
user1402@gmail.com,4-5,Large house,Idukki,3,4,Loose / refill,7+,Sometimes,500g_1kg,community,weekly,2,6+,store
user1403@gmail.com,1,Small house,Thiruvananthapuram,0,14,Loose / refill,7+,Sometimes,less_250g,mixed,weekly,4,none,trash
user1404@gmail.com,2-3,Small house,Kollam,3,9,Loose / refill,7+,Always,250g_500g,collector,daily,4,6+,sell
user1405@gmail.com,4-5,Large house,Palakkad,2,12,Plastic bottle,,Never,500g_1kg,biomethanation,daily,1,1-2,sell
user1406@gmail.com,2-3,Small house,Kottayam,3,12,Loose / refill,1-3,Sometimes,250g_500g,worm_compost,daily,0,3-5,trash
user1407@gmail.com,2-3,Small house,Kollam,1,8,Loose / refill,7+,Never,250g_500g,mixed,weekly,0,1-2,recycle
user1408@gmail.com,4-5,Small house,Kottayam,2,12,Plastic packet,7+,Always,500g_1kg,community,daily,1,none,sell
user1409@gmail.com,4-5,Small house,Alappuzha,2,5,Plastic packet,1-3,Never,500g_1kg,home_compost,monthly,0,6+,store
user1410@gmail.com,1,Small house,Idukki,1,10,Loose / refill,1-3,Sometimes,less_250g,home_compost,no,0,6+,recycle
user1411@gmail.com,4-5,Apartment,Pathanamthitta,3,13,Plastic packet,4-7,Never,500g_1kg,biomethanation,weekly,0,none,sell
user1412@gmail.com,4-5,Apartment,Alappuzha,4,19,Loose / refill,4-7,Always,500g_1kg,collector,weekly,1,1-2,trash
user1413@gmail.com,2-3,Large house,Palakkad,3,18,Plastic bottle,,Sometimes,250g_500g,community,no,2,6+,trash
user1414@gmail.com,2-3,Apartment,Wayanad,1,9,Loose / refill,1-3,Never,250g_500g,collector,no,1,1-2,store
user1415@gmail.com,4-5,Apartment,Kollam,3,13,Plastic packet,7+,Never,500g_1kg,mixed,daily,3,1-2,store
user1416@gmail.com,4-5,Large house,Kannur,2,10,Plastic bottle,1-3,Sometimes,500g_1kg,community,daily,3,6+,store
user1417@gmail.com,2-3,Apartment,Kozhikode,3,2,Plastic bottle,1-3,Always,250g_500g,community,monthly,0,1-2,sell
user1418@gmail.com,4-5,Small house,Ernakulam,2,5,Loose / refill,7+,Always,500g_1kg,mixed,daily,2,3-5,recycle
user1419@gmail.com,2-3,Large house,Ernakulam,3,10,Loose / refill,,Sometimes,250g_500g,worm_compost,no,0,6+,store
user1420@gmail.com,1,Apartment,Kottayam,1,12,Plastic bottle,4-7,Always,less_250g,community,weekly,2,none,recycle
user1421@gmail.com,4-5,Small house,Thrissur,3,6,Loose / refill,1-3,Always,500g_1kg,worm_compost,monthly,0,1-2,store
user1422@gmail.com,2-3,Large house,Alappuzha,1,8,Loose / refill,,Never,250g_500g,collector,monthly,1,1-2,sell
user1423@gmail.com,2-3,Apartment,Alappuzha,3,17,Loose / refill,7+,Never,250g_500g,biomethanation,daily,1,3-5,recycle
user1424@gmail.com,4-5,Large house,Pathanamthitta,2,4,Loose / refill,1-3,Never,500g_1kg,worm_compost,no,4,3-5,store
user1425@gmail.com,2-3,Large house,Thrissur,1,17,Loose / refill,,Sometimes,250g_500g,home_compost,no,0,1-2,sell
user1426@gmail.com,4-5,Large house,Kollam,3,7,Loose / refill,,Never,500g_1kg,biomethanation,daily,3,none,store
user1427@gmail.com,4-5,Large house,Thrissur,2,7,Plastic bottle,,Never,500g_1kg,home_compost,weekly,0,1-2,trash
user1428@gmail.com,2-3,Apartment,Kozhikode,2,15,Loose / refill,4-7,Never,250g_500g,mixed,no,0,3-5,recycle
user1429@gmail.com,4-5,Small house,Kottayam,4,8,Loose / refill,,Never,500g_1kg,collector,monthly,0,6+,trash
user1430@gmail.com,6+,Apartment,Kannur,6,9,Plastic packet,4-7,Always,more_1kg,community,no,4,1-2,store
user1431@gmail.com,2-3,Small house,Kozhikode,3,10,Plastic packet,7+,Sometimes,250g_500g,community,no,2,1-2,trash
user1432@gmail.com,2-3,Apartment,Palakkad,3,11,Plastic bottle,7+,Always,250g_500g,mixed,monthly,3,1-2,sell
user1433@gmail.com,1,Small house,Kannur,0,7,Loose / refill,4-7,Sometimes,less_250g,home_compost,daily,3,1-2,store
user1434@gmail.com,2-3,Large house,Malappuram,2,12,Plastic packet,1-3,Sometimes,250g_500g,biomethanation,monthly,1,none,recycle
user1435@gmail.com,1,Large house,Thiruvananthapuram,0,10,Loose / refill,4-7,Never,less_250g,biomethanation,weekly,2,none,recycle
user1436@gmail.com,2-3,Large house,Palakkad,3,11,Plastic bottle,7+,Always,250g_500g,mixed,daily,2,none,trash
user1437@gmail.com,6+,Large house,Alappuzha,6,6,Plastic packet,1-3,Always,more_1kg,mixed,monthly,2,1-2,recycle
user1438@gmail.com,6+,Small house,Kottayam,4,14,Plastic bottle,,Never,more_1kg,mixed,monthly,3,none,sell
user1439@gmail.com,6+,Small house,Kollam,3,7,Loose / refill,,Sometimes,more_1kg,biomethanation,weekly,0,1-2,sell
user1440@gmail.com,1,Apartment,Alappuzha,0,15,Plastic packet,7+,Never,less_250g,collector,daily,3,none,sell
user1441@gmail.com,2-3,Small house,Thrissur,1,11,Plastic bottle,1-3,Sometimes,250g_500g,worm_compost,weekly,1,none,trash
user1442@gmail.com,2-3,Apartment,Malappuram,3,11,Plastic packet,4-7,Sometimes,250g_500g,collector,daily,0,none,trash
user1443@gmail.com,2-3,Large house,Idukki,1,4,Plastic packet,7+,Always,250g_500g,collector,no,0,6+,store
user1444@gmail.com,6+,Large house,Kollam,5,18,Plastic bottle,,Always,more_1kg,collector,daily,0,1-2,trash
user1445@gmail.com,1,Apartment,Alappuzha,1,18,Loose / refill,1-3,Never,less_250g,community,no,4,none,store
user1446@gmail.com,4-5,Small house,Kozhikode,2,10,Plastic packet,4-7,Sometimes,500g_1kg,home_compost,weekly,1,6+,trash
user1447@gmail.com,2-3,Small house,Thrissur,3,5,Plastic packet,1-3,Always,250g_500g,biomethanation,weekly,0,none,store
user1448@gmail.com,4-5,Apartment,Kollam,4,12,Loose / refill,1-3,Always,500g_1kg,home_compost,weekly,3,none,recycle
user1449@gmail.com,4-5,Apartment,Wayanad,4,11,Plastic bottle,7+,Never,500g_1kg,community,daily,2,1-2,trash
user1450@gmail.com,4-5,Large house,Malappuram,3,4,Plastic bottle,7+,Sometimes,500g_1kg,biomethanation,no,0,6+,store
user1451@gmail.com,4-5,Small house,Kasaragod,2,11,Plastic bottle,4-7,Always,500g_1kg,biomethanation,monthly,4,none,store
user1452@gmail.com,2-3,Large house,Kasaragod,1,2,Plastic packet,1-3,Never,250g_500g,mixed,no,0,3-5,recycle
user1453@gmail.com,2-3,Large house,Kozhikode,1,11,Plastic bottle,,Always,250g_500g,home_compost,weekly,3,1-2,store
user1454@gmail.com,4-5,Apartment,Pathanamthitta,2,13,Loose / refill,7+,Sometimes,500g_1kg,mixed,no,2,6+,store
user1455@gmail.com,4-5,Large house,Kottayam,2,16,Plastic bottle,4-7,Sometimes,500g_1kg,home_compost,weekly,3,3-5,recycle
user1456@gmail.com,1,Small house,Ernakulam,1,17,Plastic packet,7+,Sometimes,less_250g,mixed,daily,1,3-5,sell
user1457@gmail.com,4-5,Small house,Palakkad,3,14,Plastic packet,4-7,Sometimes,500g_1kg,community,daily,1,3-5,trash
user1458@gmail.com,6+,Large house,Kollam,3,5,Plastic packet,4-7,Never,more_1kg,community,monthly,4,3-5,sell
user1459@gmail.com,2-3,Apartment,Kozhikode,3,15,Loose / refill,,Always,250g_500g,mixed,daily,3,3-5,store
user1460@gmail.com,2-3,Large house,Ernakulam,1,6,Loose / refill,7+,Always,250g_500g,biomethanation,weekly,2,1-2,trash
user1461@gmail.com,2-3,Large house,Pathanamthitta,3,2,Plastic packet,1-3,Always,250g_500g,collector,daily,1,1-2,trash
user1462@gmail.com,2-3,Small house,Wayanad,3,6,Plastic packet,7+,Never,250g_500g,community,monthly,0,3-5,sell
user1463@gmail.com,4-5,Large house,Kannur,3,11,Loose / refill,4-7,Sometimes,500g_1kg,biomethanation,no,3,6+,sell
user1464@gmail.com,1,Apartment,Ernakulam,0,11,Plastic packet,7+,Sometimes,less_250g,biomethanation,monthly,4,1-2,recycle
user1465@gmail.com,2-3,Apartment,Alappuzha,3,20,Loose / refill,,Never,250g_500g,worm_compost,daily,4,3-5,store
user1466@gmail.com,4-5,Small house,Ernakulam,4,12,Plastic packet,7+,Always,500g_1kg,worm_compost,monthly,4,6+,sell
user1467@gmail.com,4-5,Apartment,Malappuram,3,2,Loose / refill,1-3,Sometimes,500g_1kg,worm_compost,no,4,1-2,trash
user1468@gmail.com,4-5,Large house,Pathanamthitta,4,20,Plastic bottle,4-7,Always,500g_1kg,community,weekly,2,1-2,store
user1469@gmail.com,2-3,Apartment,Malappuram,2,18,Loose / refill,1-3,Sometimes,250g_500g,community,monthly,0,3-5,trash
user1470@gmail.com,2-3,Large house,Malappuram,1,6,Plastic packet,,Sometimes,250g_500g,home_compost,weekly,3,3-5,trash
user1471@gmail.com,4-5,Apartment,Palakkad,4,4,Loose / refill,1-3,Never,500g_1kg,home_compost,no,3,6+,store
user1472@gmail.com,2-3,Apartment,Kasaragod,1,20,Plastic bottle,7+,Sometimes,250g_500g,biomethanation,daily,4,1-2,recycle
user1473@gmail.com,4-5,Small house,Kozhikode,2,18,Plastic packet,7+,Always,500g_1kg,collector,no,2,3-5,store
user1474@gmail.com,2-3,Apartment,Alappuzha,3,8,Plastic bottle,,Always,250g_500g,worm_compost,no,3,none,recycle
user1475@gmail.com,2-3,Large house,Kottayam,1,12,Plastic bottle,7+,Always,250g_500g,community,monthly,2,1-2,store
user1476@gmail.com,2-3,Small house,Idukki,3,4,Plastic bottle,4-7,Always,250g_500g,community,monthly,4,3-5,trash
user1477@gmail.com,6+,Apartment,Idukki,3,18,Plastic bottle,1-3,Sometimes,more_1kg,community,weekly,3,6+,recycle
user1478@gmail.com,6+,Small house,Pathanamthitta,3,13,Loose / refill,1-3,Always,more_1kg,collector,daily,3,3-5,store
user1479@gmail.com,4-5,Apartment,Malappuram,4,6,Plastic packet,7+,Sometimes,500g_1kg,home_compost,daily,4,none,store
user1480@gmail.com,6+,Apartment,Malappuram,5,2,Plastic bottle,7+,Never,more_1kg,home_compost,monthly,1,none,recycle
user1481@gmail.com,1,Large house,Malappuram,0,16,Loose / refill,1-3,Sometimes,less_250g,community,weekly,1,none,recycle
user1482@gmail.com,2-3,Apartment,Wayanad,1,8,Loose / refill,7+,Sometimes,250g_500g,community,no,4,6+,trash
user1483@gmail.com,2-3,Apartment,Pathanamthitta,2,20,Loose / refill,1-3,Never,250g_500g,mixed,daily,4,none,store
user1484@gmail.com,4-5,Small house,Thrissur,3,13,Plastic packet,7+,Never,500g_1kg,mixed,weekly,3,1-2,recycle
user1485@gmail.com,2-3,Large house,Kannur,3,19,Loose / refill,1-3,Sometimes,250g_500g,worm_compost,monthly,3,6+,store
user1486@gmail.com,6+,Apartment,Palakkad,4,16,Loose / refill,7+,Never,more_1kg,collector,weekly,0,6+,recycle
user1487@gmail.com,6+,Large house,Pathanamthitta,3,16,Plastic packet,4-7,Always,more_1kg,community,daily,0,none,trash
user1488@gmail.com,2-3,Large house,Kollam,3,13,Loose / refill,7+,Never,250g_500g,mixed,no,3,none,trash
user1489@gmail.com,4-5,Small house,Palakkad,2,14,Loose / refill,1-3,Sometimes,500g_1kg,mixed,weekly,1,none,trash
user1490@gmail.com,2-3,Apartment,Thiruvananthapuram,3,7,Plastic packet,1-3,Sometimes,250g_500g,mixed,monthly,1,none,recycle
user1491@gmail.com,4-5,Large house,Kollam,4,12,Plastic bottle,7+,Sometimes,500g_1kg,mixed,monthly,2,1-2,store
user1492@gmail.com,2-3,Small house,Thiruvananthapuram,1,18,Plastic packet,,Sometimes,250g_500g,home_compost,daily,2,none,recycle
user1493@gmail.com,2-3,Small house,Ernakulam,1,5,Plastic packet,1-3,Never,250g_500g,biomethanation,weekly,0,none,recycle
user1494@gmail.com,4-5,Apartment,Idukki,4,12,Plastic packet,1-3,Never,500g_1kg,worm_compost,weekly,3,1-2,trash
user1495@gmail.com,6+,Large house,Thrissur,3,7,Loose / refill,7+,Never,more_1kg,community,no,2,1-2,trash
user1496@gmail.com,2-3,Apartment,Palakkad,3,19,Plastic bottle,1-3,Never,250g_500g,mixed,no,3,none,sell
user1497@gmail.com,4-5,Large house,Alappuzha,3,9,Loose / refill,1-3,Never,500g_1kg,community,monthly,4,none,store
user1498@gmail.com,4-5,Small house,Pathanamthitta,4,6,Loose / refill,7+,Always,500g_1kg,home_compost,weekly,1,1-2,recycle
user1499@gmail.com,6+,Apartment,Palakkad,4,6,Loose / refill,1-3,Sometimes,more_1kg,community,monthly,4,none,sell
user1500@gmail.com,4-5,Apartment,Kannur,4,19,Plastic packet,7+,Never,500g_1kg,biomethanation,daily,1,none,sell
user1501@gmail.com,1,Large house,Kottayam,1,2,Loose / refill,7+,Always,less_250g,worm_compost,daily,4,6+,recycle
user1502@gmail.com,4-5,Large house,Ernakulam,3,8,Plastic bottle,7+,Never,500g_1kg,community,weekly,4,1-2,recycle
user1503@gmail.com,2-3,Large house,Malappuram,3,5,Plastic bottle,1-3,Sometimes,250g_500g,collector,no,1,none,trash
user1504@gmail.com,4-5,Large house,Wayanad,3,13,Loose / refill,7+,Sometimes,500g_1kg,worm_compost,monthly,1,6+,sell
user1505@gmail.com,6+,Large house,Idukki,3,18,Plastic packet,4-7,Sometimes,more_1kg,biomethanation,no,0,none,trash
user1506@gmail.com,4-5,Large house,Palakkad,3,20,Loose / refill,7+,Sometimes,500g_1kg,worm_compost,weekly,2,none,sell
user1507@gmail.com,4-5,Small house,Palakkad,2,3,Loose / refill,,Sometimes,500g_1kg,worm_compost,weekly,0,none,store
user1508@gmail.com,6+,Small house,Kottayam,4,7,Plastic bottle,,Sometimes,more_1kg,worm_compost,daily,0,1-2,store
user1509@gmail.com,1,Large house,Thrissur,1,8,Plastic packet,4-7,Sometimes,less_250g,biomethanation,no,4,6+,sell
user1510@gmail.com,6+,Large house,Pathanamthitta,4,16,Loose / refill,7+,Always,more_1kg,biomethanation,weekly,0,6+,sell
user1511@gmail.com,2-3,Small house,Wayanad,3,17,Plastic bottle,,Always,250g_500g,community,daily,0,none,sell
user1512@gmail.com,4-5,Small house,Kollam,3,20,Loose / refill,4-7,Never,500g_1kg,community,weekly,1,6+,store
user1513@gmail.com,6+,Large house,Kasaragod,5,5,Loose / refill,4-7,Never,more_1kg,mixed,daily,4,6+,store
user1514@gmail.com,6+,Apartment,Kannur,6,10,Loose / refill,1-3,Never,more_1kg,biomethanation,no,4,6+,store
user1515@gmail.com,4-5,Large house,Kollam,2,17,Plastic bottle,1-3,Always,500g_1kg,collector,no,2,3-5,trash
user1516@gmail.com,6+,Small house,Kasaragod,3,9,Plastic bottle,7+,Sometimes,more_1kg,collector,monthly,3,3-5,store
user1517@gmail.com,4-5,Apartment,Wayanad,4,15,Plastic bottle,1-3,Never,500g_1kg,mixed,daily,3,none,store
user1518@gmail.com,4-5,Large house,Kannur,2,6,Plastic bottle,7+,Always,500g_1kg,collector,weekly,0,1-2,recycle
user1519@gmail.com,4-5,Small house,Malappuram,3,11,Loose / refill,4-7,Never,500g_1kg,worm_compost,monthly,4,1-2,sell
user1520@gmail.com,2-3,Apartment,Palakkad,3,2,Plastic packet,,Always,250g_500g,collector,daily,3,3-5,trash
user1521@gmail.com,4-5,Small house,Thiruvananthapuram,2,9,Plastic packet,1-3,Never,500g_1kg,community,daily,2,none,trash
user1522@gmail.com,2-3,Small house,Pathanamthitta,1,13,Loose / refill,,Always,250g_500g,collector,daily,4,none,store
user1523@gmail.com,4-5,Large house,Wayanad,2,3,Plastic packet,,Always,500g_1kg,collector,monthly,0,1-2,sell
user1524@gmail.com,2-3,Large house,Thrissur,1,16,Plastic packet,4-7,Never,250g_500g,worm_compost,weekly,4,3-5,store
user1525@gmail.com,4-5,Large house,Kottayam,3,12,Plastic packet,,Never,500g_1kg,home_compost,monthly,1,1-2,recycle
user1526@gmail.com,2-3,Apartment,Pathanamthitta,2,3,Plastic packet,7+,Never,250g_500g,worm_compost,daily,1,1-2,store
user1527@gmail.com,6+,Large house,Wayanad,4,19,Plastic bottle,1-3,Never,more_1kg,home_compost,daily,2,1-2,sell
user1528@gmail.com,6+,Small house,Thrissur,4,10,Plastic bottle,,Sometimes,more_1kg,mixed,weekly,3,1-2,sell
user1529@gmail.com,2-3,Small house,Pathanamthitta,3,20,Plastic packet,4-7,Always,250g_500g,mixed,daily,4,3-5,store
user1530@gmail.com,4-5,Large house,Pathanamthitta,2,17,Loose / refill,1-3,Always,500g_1kg,worm_compost,monthly,2,3-5,sell
user1531@gmail.com,1,Large house,Malappuram,0,15,Plastic packet,4-7,Sometimes,less_250g,collector,monthly,2,none,recycle
user1532@gmail.com,2-3,Apartment,Kottayam,1,2,Plastic bottle,,Never,250g_500g,mixed,no,2,3-5,sell
user1533@gmail.com,1,Apartment,Ernakulam,0,17,Plastic bottle,,Always,less_250g,community,weekly,4,1-2,trash
user1534@gmail.com,4-5,Apartment,Kottayam,4,18,Loose / refill,1-3,Sometimes,500g_1kg,collector,monthly,1,none,trash
user1535@gmail.com,2-3,Small house,Alappuzha,3,17,Loose / refill,4-7,Never,250g_500g,home_compost,no,4,none,sell
user1536@gmail.com,2-3,Small house,Malappuram,1,20,Plastic packet,1-3,Sometimes,250g_500g,worm_compost,no,4,3-5,store
user1537@gmail.com,6+,Apartment,Kottayam,4,14,Loose / refill,1-3,Never,more_1kg,community,daily,2,6+,sell
user1538@gmail.com,2-3,Small house,Kottayam,1,20,Loose / refill,7+,Never,250g_500g,mixed,no,1,6+,store
user1539@gmail.com,2-3,Small house,Kozhikode,2,20,Plastic packet,7+,Always,250g_500g,mixed,weekly,3,none,trash
user1540@gmail.com,4-5,Apartment,Kozhikode,2,9,Loose / refill,,Always,500g_1kg,worm_compost,monthly,2,6+,store
user1541@gmail.com,2-3,Large house,Wayanad,2,20,Plastic bottle,4-7,Never,250g_500g,mixed,weekly,1,3-5,store
user1542@gmail.com,2-3,Large house,Malappuram,3,3,Loose / refill,4-7,Sometimes,250g_500g,worm_compost,monthly,3,none,recycle
user1543@gmail.com,2-3,Small house,Thrissur,1,16,Plastic packet,4-7,Sometimes,250g_500g,collector,monthly,0,6+,trash
user1544@gmail.com,1,Small house,Kottayam,1,6,Loose / refill,4-7,Sometimes,less_250g,mixed,no,4,6+,recycle
user1545@gmail.com,6+,Apartment,Kozhikode,6,19,Plastic bottle,7+,Never,more_1kg,community,monthly,1,3-5,trash
user1546@gmail.com,6+,Small house,Malappuram,5,18,Loose / refill,4-7,Never,more_1kg,community,weekly,2,1-2,sell
user1547@gmail.com,2-3,Apartment,Kasaragod,3,15,Loose / refill,,Always,250g_500g,mixed,weekly,0,3-5,store
user1548@gmail.com,6+,Apartment,Thrissur,4,19,Plastic bottle,,Never,more_1kg,home_compost,daily,0,1-2,store
user1549@gmail.com,4-5,Large house,Thrissur,3,18,Loose / refill,,Sometimes,500g_1kg,worm_compost,weekly,2,3-5,recycle
user1550@gmail.com,2-3,Apartment,Alappuzha,2,13,Plastic bottle,7+,Never,250g_500g,collector,weekly,1,1-2,store
user1551@gmail.com,4-5,Small house,Wayanad,2,6,Loose / refill,4-7,Never,500g_1kg,worm_compost,weekly,2,6+,sell
user1552@gmail.com,4-5,Small house,Malappuram,2,16,Plastic packet,7+,Never,500g_1kg,worm_compost,weekly,2,1-2,sell
user1553@gmail.com,2-3,Small house,Thiruvananthapuram,2,4,Plastic packet,4-7,Always,250g_500g,collector,monthly,1,3-5,trash
user1554@gmail.com,2-3,Small house,Pathanamthitta,1,4,Loose / refill,1-3,Always,250g_500g,community,monthly,3,6+,trash
user1555@gmail.com,6+,Large house,Kasaragod,4,12,Loose / refill,4-7,Sometimes,more_1kg,community,weekly,2,1-2,store
user1556@gmail.com,6+,Apartment,Kottayam,4,11,Plastic packet,4-7,Never,more_1kg,biomethanation,monthly,3,6+,store
user1557@gmail.com,4-5,Small house,Kannur,3,19,Loose / refill,1-3,Sometimes,500g_1kg,home_compost,monthly,2,3-5,sell
user1558@gmail.com,2-3,Large house,Wayanad,1,19,Loose / refill,7+,Never,250g_500g,home_compost,no,2,none,recycle
user1559@gmail.com,6+,Apartment,Kozhikode,5,14,Loose / refill,7+,Sometimes,more_1kg,home_compost,daily,2,none,sell
user1560@gmail.com,2-3,Small house,Kasaragod,2,18,Plastic bottle,1-3,Never,250g_500g,worm_compost,no,2,1-2,sell
user1561@gmail.com,6+,Large house,Thrissur,6,7,Plastic bottle,,Always,more_1kg,biomethanation,weekly,4,6+,sell
user1562@gmail.com,1,Small house,Thiruvananthapuram,1,19,Loose / refill,4-7,Sometimes,less_250g,community,weekly,3,6+,trash
user1563@gmail.com,4-5,Small house,Pathanamthitta,4,5,Loose / refill,,Never,500g_1kg,mixed,weekly,1,1-2,sell
user1564@gmail.com,4-5,Large house,Kasaragod,4,7,Plastic packet,,Sometimes,500g_1kg,community,no,1,3-5,store
user1565@gmail.com,6+,Apartment,Kasaragod,4,9,Loose / refill,7+,Never,more_1kg,community,daily,2,3-5,store
user1566@gmail.com,2-3,Apartment,Thiruvananthapuram,2,11,Plastic bottle,4-7,Never,250g_500g,biomethanation,no,2,none,store
user1567@gmail.com,2-3,Small house,Idukki,3,4,Plastic packet,4-7,Sometimes,250g_500g,worm_compost,no,1,1-2,trash
user1568@gmail.com,2-3,Large house,Kottayam,1,4,Loose / refill,1-3,Always,250g_500g,mixed,daily,3,3-5,recycle
user1569@gmail.com,2-3,Small house,Alappuzha,3,5,Plastic bottle,4-7,Always,250g_500g,collector,monthly,1,6+,store
user1570@gmail.com,4-5,Apartment,Alappuzha,2,2,Loose / refill,7+,Always,500g_1kg,home_compost,monthly,1,3-5,recycle
user1571@gmail.com,4-5,Apartment,Alappuzha,4,20,Plastic bottle,,Never,500g_1kg,biomethanation,monthly,4,none,recycle
user1572@gmail.com,2-3,Apartment,Thiruvananthapuram,2,7,Plastic packet,,Never,250g_500g,community,monthly,2,6+,store
user1573@gmail.com,6+,Apartment,Kozhikode,4,16,Plastic packet,4-7,Never,more_1kg,community,daily,1,1-2,recycle
user1574@gmail.com,2-3,Apartment,Pathanamthitta,1,19,Plastic bottle,,Sometimes,250g_500g,mixed,no,4,6+,recycle
user1575@gmail.com,6+,Large house,Kozhikode,3,9,Plastic bottle,4-7,Never,more_1kg,community,no,1,none,recycle
user1576@gmail.com,2-3,Large house,Alappuzha,1,7,Plastic packet,1-3,Always,250g_500g,home_compost,no,0,none,sell
user1577@gmail.com,2-3,Large house,Kozhikode,1,9,Plastic packet,7+,Sometimes,250g_500g,home_compost,weekly,0,1-2,store
user1578@gmail.com,1,Small house,Thrissur,0,12,Plastic packet,4-7,Always,less_250g,collector,weekly,2,none,sell
user1579@gmail.com,2-3,Small house,Palakkad,3,18,Plastic bottle,,Sometimes,250g_500g,mixed,daily,4,3-5,sell
user1580@gmail.com,2-3,Large house,Malappuram,2,11,Plastic packet,4-7,Always,250g_500g,worm_compost,no,1,none,sell
user1581@gmail.com,4-5,Small house,Thiruvananthapuram,4,7,Loose / refill,4-7,Sometimes,500g_1kg,collector,daily,0,1-2,store
user1582@gmail.com,6+,Large house,Ernakulam,3,14,Plastic bottle,,Sometimes,more_1kg,community,weekly,0,1-2,trash
user1583@gmail.com,4-5,Large house,Alappuzha,4,4,Loose / refill,1-3,Never,500g_1kg,collector,monthly,4,6+,store
user1584@gmail.com,4-5,Small house,Kasaragod,2,2,Loose / refill,,Sometimes,500g_1kg,mixed,daily,0,1-2,sell
user1585@gmail.com,2-3,Small house,Kannur,1,9,Plastic packet,,Always,250g_500g,collector,no,2,6+,sell
user1586@gmail.com,4-5,Small house,Malappuram,4,20,Plastic packet,4-7,Always,500g_1kg,mixed,no,1,6+,store
user1587@gmail.com,6+,Apartment,Malappuram,6,15,Loose / refill,7+,Always,more_1kg,biomethanation,daily,2,6+,store
user1588@gmail.com,2-3,Small house,Malappuram,2,11,Plastic packet,7+,Sometimes,250g_500g,collector,daily,0,3-5,sell
user1589@gmail.com,2-3,Large house,Kottayam,3,15,Loose / refill,4-7,Always,250g_500g,home_compost,weekly,4,3-5,recycle
user1590@gmail.com,2-3,Large house,Thiruvananthapuram,1,3,Plastic bottle,7+,Sometimes,250g_500g,community,weekly,2,none,store
user1591@gmail.com,2-3,Large house,Kasaragod,3,16,Plastic bottle,7+,Sometimes,250g_500g,mixed,monthly,4,1-2,trash
user1592@gmail.com,6+,Small house,Ernakulam,6,17,Loose / refill,7+,Sometimes,more_1kg,biomethanation,monthly,3,1-2,sell
user1593@gmail.com,4-5,Large house,Palakkad,3,13,Plastic packet,,Always,500g_1kg,worm_compost,daily,3,3-5,sell
user1594@gmail.com,2-3,Small house,Alappuzha,1,10,Plastic packet,1-3,Sometimes,250g_500g,collector,weekly,3,1-2,trash
user1595@gmail.com,2-3,Apartment,Palakkad,3,12,Plastic bottle,,Never,250g_500g,worm_compost,daily,2,1-2,sell
user1596@gmail.com,4-5,Small house,Kasaragod,4,15,Loose / refill,,Sometimes,500g_1kg,mixed,daily,0,6+,store
user1597@gmail.com,2-3,Small house,Kollam,1,4,Loose / refill,1-3,Sometimes,250g_500g,mixed,monthly,3,1-2,sell
user1598@gmail.com,2-3,Apartment,Alappuzha,1,20,Plastic bottle,4-7,Never,250g_500g,biomethanation,no,0,1-2,trash
user1599@gmail.com,2-3,Small house,Kozhikode,1,2,Loose / refill,1-3,Always,250g_500g,mixed,no,2,6+,store
user1600@gmail.com,4-5,Apartment,Idukki,4,6,Plastic bottle,,Sometimes,500g_1kg,worm_compost,daily,4,none,sell
user1601@gmail.com,4-5,Large house,Malappuram,3,10,Loose / refill,,Never,500g_1kg,community,monthly,4,1-2,store
user1602@gmail.com,2-3,Apartment,Thrissur,1,15,Plastic packet,1-3,Always,250g_500g,worm_compost,monthly,3,1-2,trash
user1603@gmail.com,2-3,Small house,Thiruvananthapuram,2,6,Loose / refill,7+,Always,250g_500g,mixed,no,1,6+,recycle
user1604@gmail.com,4-5,Small house,Kottayam,3,11,Plastic bottle,1-3,Never,500g_1kg,mixed,monthly,4,6+,store
user1605@gmail.com,4-5,Small house,Kannur,2,8,Plastic bottle,7+,Sometimes,500g_1kg,biomethanation,daily,0,1-2,store
user1606@gmail.com,2-3,Large house,Kottayam,2,13,Loose / refill,4-7,Sometimes,250g_500g,community,weekly,3,none,sell
user1607@gmail.com,1,Large house,Malappuram,0,13,Plastic bottle,1-3,Never,less_250g,collector,weekly,4,6+,trash
user1608@gmail.com,4-5,Small house,Pathanamthitta,2,9,Plastic bottle,1-3,Sometimes,500g_1kg,collector,monthly,0,none,trash
user1609@gmail.com,4-5,Apartment,Pathanamthitta,4,18,Loose / refill,1-3,Never,500g_1kg,mixed,no,3,1-2,recycle
user1610@gmail.com,2-3,Large house,Malappuram,3,14,Plastic bottle,,Never,250g_500g,biomethanation,daily,4,3-5,store
user1611@gmail.com,6+,Apartment,Idukki,6,10,Plastic packet,,Sometimes,more_1kg,community,monthly,2,1-2,recycle
user1612@gmail.com,4-5,Apartment,Malappuram,2,8,Plastic bottle,7+,Never,500g_1kg,collector,weekly,1,3-5,store
user1613@gmail.com,4-5,Apartment,Idukki,4,9,Loose / refill,4-7,Sometimes,500g_1kg,home_compost,daily,0,3-5,recycle
user1614@gmail.com,2-3,Apartment,Pathanamthitta,2,17,Plastic packet,,Always,250g_500g,home_compost,weekly,1,none,store
user1615@gmail.com,2-3,Large house,Kozhikode,3,8,Plastic bottle,1-3,Never,250g_500g,home_compost,no,4,none,store
user1616@gmail.com,4-5,Large house,Pathanamthitta,4,17,Plastic packet,,Never,500g_1kg,worm_compost,daily,1,none,recycle
user1617@gmail.com,6+,Large house,Palakkad,3,16,Plastic bottle,7+,Always,more_1kg,worm_compost,weekly,0,3-5,sell
user1618@gmail.com,4-5,Small house,Alappuzha,2,10,Plastic bottle,,Always,500g_1kg,community,daily,2,6+,store
user1619@gmail.com,2-3,Large house,Kannur,2,5,Plastic bottle,1-3,Always,250g_500g,biomethanation,weekly,2,6+,trash
user1620@gmail.com,6+,Apartment,Kasaragod,3,4,Loose / refill,7+,Sometimes,more_1kg,community,no,4,3-5,trash
user1621@gmail.com,1,Large house,Wayanad,1,15,Plastic packet,4-7,Always,less_250g,collector,weekly,4,1-2,sell
user1622@gmail.com,1,Large house,Alappuzha,0,12,Loose / refill,4-7,Never,less_250g,biomethanation,no,2,1-2,sell
user1623@gmail.com,4-5,Apartment,Malappuram,2,17,Plastic packet,4-7,Always,500g_1kg,mixed,monthly,4,1-2,store
user1624@gmail.com,4-5,Large house,Malappuram,4,17,Loose / refill,7+,Never,500g_1kg,mixed,monthly,4,none,sell
user1625@gmail.com,2-3,Large house,Thiruvananthapuram,3,7,Plastic packet,4-7,Never,250g_500g,home_compost,monthly,3,1-2,sell
user1626@gmail.com,6+,Large house,Alappuzha,3,20,Plastic bottle,1-3,Never,more_1kg,home_compost,daily,4,6+,recycle
user1627@gmail.com,2-3,Apartment,Kottayam,3,13,Plastic packet,4-7,Always,250g_500g,community,monthly,0,3-5,trash
user1628@gmail.com,4-5,Apartment,Alappuzha,4,5,Plastic bottle,,Sometimes,500g_1kg,worm_compost,weekly,2,none,sell
user1629@gmail.com,2-3,Small house,Palakkad,1,6,Plastic bottle,7+,Sometimes,250g_500g,biomethanation,weekly,2,3-5,store
user1630@gmail.com,2-3,Large house,Alappuzha,3,12,Loose / refill,7+,Sometimes,250g_500g,biomethanation,daily,4,1-2,sell
user1631@gmail.com,1,Small house,Kasaragod,0,19,Plastic packet,,Never,less_250g,home_compost,weekly,4,none,sell
user1632@gmail.com,4-5,Large house,Wayanad,2,3,Plastic packet,4-7,Sometimes,500g_1kg,worm_compost,daily,4,none,sell
user1633@gmail.com,4-5,Large house,Malappuram,2,5,Loose / refill,7+,Never,500g_1kg,biomethanation,daily,2,6+,recycle
user1634@gmail.com,2-3,Apartment,Malappuram,2,19,Plastic packet,4-7,Always,250g_500g,biomethanation,weekly,2,6+,trash
user1635@gmail.com,4-5,Apartment,Ernakulam,4,20,Plastic packet,,Never,500g_1kg,community,monthly,0,6+,recycle
user1636@gmail.com,1,Large house,Ernakulam,0,2,Plastic packet,,Sometimes,less_250g,home_compost,no,2,1-2,sell
user1637@gmail.com,2-3,Large house,Kollam,2,9,Plastic bottle,,Sometimes,250g_500g,worm_compost,weekly,3,3-5,recycle
user1638@gmail.com,2-3,Small house,Alappuzha,2,8,Loose / refill,4-7,Always,250g_500g,biomethanation,no,2,1-2,recycle
user1639@gmail.com,6+,Small house,Thrissur,6,5,Loose / refill,4-7,Always,more_1kg,home_compost,monthly,4,6+,trash
user1640@gmail.com,1,Large house,Alappuzha,1,14,Loose / refill,4-7,Never,less_250g,biomethanation,monthly,4,1-2,store
user1641@gmail.com,2-3,Small house,Kollam,2,8,Plastic packet,4-7,Sometimes,250g_500g,worm_compost,weekly,3,3-5,sell
user1642@gmail.com,4-5,Apartment,Kannur,3,12,Plastic packet,4-7,Sometimes,500g_1kg,biomethanation,daily,4,6+,trash
user1643@gmail.com,4-5,Apartment,Idukki,4,11,Plastic bottle,7+,Sometimes,500g_1kg,mixed,no,3,3-5,recycle
user1644@gmail.com,2-3,Large house,Kottayam,3,6,Loose / refill,4-7,Always,250g_500g,collector,daily,3,3-5,store
user1645@gmail.com,1,Small house,Thiruvananthapuram,0,6,Plastic packet,,Never,less_250g,mixed,weekly,0,3-5,trash
user1646@gmail.com,2-3,Small house,Malappuram,1,2,Loose / refill,,Never,250g_500g,home_compost,no,4,none,recycle
user1647@gmail.com,2-3,Apartment,Kottayam,1,17,Loose / refill,4-7,Never,250g_500g,collector,monthly,3,3-5,recycle
user1648@gmail.com,1,Small house,Alappuzha,1,3,Loose / refill,7+,Always,less_250g,worm_compost,no,0,1-2,sell
user1649@gmail.com,4-5,Small house,Ernakulam,3,2,Plastic bottle,,Always,500g_1kg,mixed,daily,0,3-5,store
user1650@gmail.com,4-5,Large house,Idukki,3,5,Loose / refill,1-3,Never,500g_1kg,mixed,weekly,1,none,trash
user1651@gmail.com,2-3,Apartment,Kottayam,3,5,Plastic bottle,,Never,250g_500g,community,weekly,3,6+,recycle
user1652@gmail.com,2-3,Small house,Kannur,2,18,Loose / refill,7+,Always,250g_500g,worm_compost,monthly,0,none,sell
user1653@gmail.com,4-5,Apartment,Kasaragod,2,13,Plastic packet,,Sometimes,500g_1kg,worm_compost,daily,0,3-5,store
user1654@gmail.com,4-5,Large house,Kollam,3,7,Loose / refill,7+,Never,500g_1kg,collector,weekly,1,6+,sell
user1655@gmail.com,2-3,Small house,Ernakulam,2,14,Loose / refill,1-3,Sometimes,250g_500g,biomethanation,no,2,6+,trash
user1656@gmail.com,2-3,Small house,Ernakulam,1,20,Plastic packet,1-3,Always,250g_500g,home_compost,no,0,none,recycle
user1657@gmail.com,2-3,Large house,Ernakulam,1,7,Loose / refill,7+,Never,250g_500g,mixed,no,1,none,recycle
user1658@gmail.com,2-3,Apartment,Kasaragod,2,14,Loose / refill,1-3,Always,250g_500g,community,weekly,1,1-2,recycle
user1659@gmail.com,4-5,Small house,Kottayam,2,13,Plastic bottle,1-3,Sometimes,500g_1kg,biomethanation,monthly,4,1-2,trash
user1660@gmail.com,2-3,Small house,Alappuzha,1,19,Plastic packet,1-3,Sometimes,250g_500g,community,daily,2,3-5,recycle
user1661@gmail.com,2-3,Apartment,Malappuram,1,19,Loose / refill,1-3,Always,250g_500g,biomethanation,weekly,1,3-5,sell
user1662@gmail.com,4-5,Small house,Alappuzha,2,17,Plastic packet,,Never,500g_1kg,worm_compost,daily,1,none,recycle
user1663@gmail.com,4-5,Large house,Thiruvananthapuram,4,20,Plastic packet,7+,Always,500g_1kg,collector,daily,1,6+,recycle
user1664@gmail.com,4-5,Apartment,Alappuzha,4,12,Plastic packet,,Always,500g_1kg,worm_compost,weekly,1,none,store
user1665@gmail.com,4-5,Small house,Kollam,2,2,Loose / refill,1-3,Sometimes,500g_1kg,collector,daily,4,3-5,store
user1666@gmail.com,6+,Apartment,Kottayam,3,4,Plastic bottle,,Sometimes,more_1kg,mixed,daily,3,1-2,trash
user1667@gmail.com,2-3,Large house,Ernakulam,1,11,Loose / refill,4-7,Sometimes,250g_500g,biomethanation,no,2,none,trash
user1668@gmail.com,2-3,Large house,Idukki,3,17,Plastic packet,7+,Never,250g_500g,community,no,2,none,recycle
user1669@gmail.com,6+,Large house,Kasaragod,3,4,Plastic bottle,7+,Sometimes,more_1kg,home_compost,daily,2,6+,store
user1670@gmail.com,1,Large house,Kasaragod,1,14,Plastic packet,1-3,Always,less_250g,collector,weekly,2,1-2,store
user1671@gmail.com,2-3,Apartment,Alappuzha,2,10,Plastic packet,,Sometimes,250g_500g,mixed,weekly,4,none,store
user1672@gmail.com,4-5,Small house,Thrissur,2,18,Plastic bottle,4-7,Never,500g_1kg,community,weekly,3,1-2,store
user1673@gmail.com,2-3,Large house,Malappuram,1,19,Plastic bottle,7+,Always,250g_500g,collector,weekly,2,3-5,sell
user1674@gmail.com,4-5,Apartment,Pathanamthitta,4,12,Loose / refill,,Always,500g_1kg,biomethanation,no,2,6+,trash
user1675@gmail.com,2-3,Small house,Wayanad,2,11,Plastic packet,7+,Always,250g_500g,mixed,weekly,4,1-2,store
user1676@gmail.com,6+,Large house,Kottayam,4,9,Plastic packet,1-3,Sometimes,more_1kg,worm_compost,daily,1,3-5,store
user1677@gmail.com,1,Apartment,Palakkad,0,3,Plastic packet,4-7,Never,less_250g,worm_compost,daily,4,6+,store
user1678@gmail.com,4-5,Large house,Pathanamthitta,4,18,Loose / refill,4-7,Sometimes,500g_1kg,community,monthly,3,6+,sell
user1679@gmail.com,2-3,Small house,Palakkad,3,2,Plastic packet,4-7,Sometimes,250g_500g,collector,daily,4,3-5,recycle
user1680@gmail.com,2-3,Large house,Palakkad,3,7,Plastic bottle,,Always,250g_500g,biomethanation,daily,4,none,recycle
user1681@gmail.com,4-5,Small house,Ernakulam,2,15,Plastic packet,,Never,500g_1kg,worm_compost,no,1,6+,sell
user1682@gmail.com,4-5,Small house,Thiruvananthapuram,2,7,Plastic bottle,,Never,500g_1kg,worm_compost,monthly,3,6+,store
user1683@gmail.com,2-3,Apartment,Wayanad,2,18,Plastic bottle,4-7,Sometimes,250g_500g,mixed,daily,4,3-5,sell
user1684@gmail.com,2-3,Small house,Thiruvananthapuram,1,20,Plastic packet,7+,Always,250g_500g,community,daily,4,1-2,trash
user1685@gmail.com,2-3,Apartment,Kannur,1,3,Plastic packet,1-3,Sometimes,250g_500g,worm_compost,daily,2,3-5,recycle
user1686@gmail.com,4-5,Apartment,Palakkad,4,20,Loose / refill,4-7,Sometimes,500g_1kg,mixed,no,0,none,sell
user1687@gmail.com,6+,Small house,Kasaragod,3,13,Loose / refill,,Never,more_1kg,collector,weekly,2,1-2,recycle
user1688@gmail.com,4-5,Large house,Kottayam,4,8,Plastic bottle,,Never,500g_1kg,home_compost,weekly,2,6+,recycle
user1689@gmail.com,1,Apartment,Kasaragod,1,6,Loose / refill,4-7,Never,less_250g,mixed,monthly,1,3-5,sell
user1690@gmail.com,4-5,Small house,Alappuzha,3,18,Plastic bottle,7+,Never,500g_1kg,mixed,weekly,4,1-2,sell
user1691@gmail.com,6+,Large house,Thiruvananthapuram,5,11,Plastic packet,7+,Sometimes,more_1kg,biomethanation,weekly,1,none,trash
user1692@gmail.com,2-3,Large house,Thiruvananthapuram,2,3,Loose / refill,1-3,Never,250g_500g,home_compost,monthly,1,6+,recycle
user1693@gmail.com,4-5,Small house,Alappuzha,4,7,Loose / refill,7+,Sometimes,500g_1kg,home_compost,daily,1,6+,store
user1694@gmail.com,6+,Large house,Kottayam,3,9,Plastic packet,7+,Always,more_1kg,community,monthly,4,none,store
user1695@gmail.com,6+,Small house,Idukki,3,20,Plastic packet,1-3,Never,more_1kg,mixed,weekly,4,6+,sell
user1696@gmail.com,6+,Large house,Kollam,3,4,Plastic packet,1-3,Never,more_1kg,collector,no,2,1-2,trash
user1697@gmail.com,6+,Large house,Kottayam,5,3,Plastic packet,,Sometimes,more_1kg,mixed,weekly,3,3-5,store
user1698@gmail.com,4-5,Apartment,Thrissur,2,10,Plastic bottle,4-7,Never,500g_1kg,biomethanation,no,0,1-2,sell
user1699@gmail.com,4-5,Small house,Palakkad,3,4,Plastic packet,,Never,500g_1kg,home_compost,daily,3,none,recycle
user1700@gmail.com,6+,Large house,Pathanamthitta,5,7,Loose / refill,,Sometimes,more_1kg,collector,daily,4,none,store
user1701@gmail.com,4-5,Apartment,Pathanamthitta,2,15,Plastic bottle,4-7,Sometimes,500g_1kg,community,no,3,6+,recycle
user1702@gmail.com,4-5,Large house,Palakkad,2,5,Plastic bottle,7+,Always,500g_1kg,biomethanation,daily,4,6+,store
user1703@gmail.com,2-3,Small house,Thrissur,2,10,Plastic bottle,7+,Always,250g_500g,community,no,1,3-5,sell
user1704@gmail.com,1,Apartment,Thrissur,0,17,Plastic packet,4-7,Sometimes,less_250g,collector,no,1,6+,store
user1705@gmail.com,2-3,Small house,Idukki,3,17,Plastic packet,1-3,Sometimes,250g_500g,mixed,daily,1,1-2,sell
user1706@gmail.com,6+,Apartment,Thiruvananthapuram,4,10,Loose / refill,1-3,Sometimes,more_1kg,biomethanation,monthly,0,none,sell
user1707@gmail.com,4-5,Apartment,Kozhikode,3,19,Plastic packet,7+,Sometimes,500g_1kg,collector,monthly,2,none,recycle
user1708@gmail.com,2-3,Apartment,Pathanamthitta,3,19,Plastic bottle,4-7,Never,250g_500g,home_compost,monthly,2,6+,store
user1709@gmail.com,2-3,Apartment,Idukki,1,9,Loose / refill,1-3,Sometimes,250g_500g,home_compost,daily,1,3-5,store
user1710@gmail.com,2-3,Small house,Kozhikode,1,20,Loose / refill,4-7,Always,250g_500g,collector,monthly,3,none,recycle
user1711@gmail.com,6+,Apartment,Pathanamthitta,4,19,Loose / refill,4-7,Always,more_1kg,biomethanation,no,0,1-2,recycle
user1712@gmail.com,4-5,Apartment,Thrissur,4,5,Loose / refill,1-3,Never,500g_1kg,community,no,1,none,sell
user1713@gmail.com,2-3,Apartment,Palakkad,3,12,Plastic packet,7+,Always,250g_500g,home_compost,monthly,0,6+,trash
user1714@gmail.com,4-5,Apartment,Pathanamthitta,3,6,Loose / refill,4-7,Sometimes,500g_1kg,home_compost,monthly,0,3-5,store
user1715@gmail.com,4-5,Small house,Ernakulam,4,5,Plastic packet,4-7,Never,500g_1kg,mixed,no,1,1-2,sell
user1716@gmail.com,2-3,Small house,Malappuram,3,20,Plastic bottle,,Always,250g_500g,home_compost,daily,2,6+,trash
user1717@gmail.com,6+,Large house,Pathanamthitta,3,2,Plastic bottle,7+,Always,more_1kg,home_compost,monthly,4,1-2,sell
user1718@gmail.com,4-5,Large house,Thrissur,2,18,Plastic bottle,7+,Always,500g_1kg,home_compost,daily,3,none,store
user1719@gmail.com,4-5,Large house,Malappuram,4,11,Plastic bottle,1-3,Sometimes,500g_1kg,worm_compost,weekly,0,3-5,sell
user1720@gmail.com,2-3,Large house,Kannur,2,6,Loose / refill,7+,Sometimes,250g_500g,worm_compost,monthly,2,6+,recycle
user1721@gmail.com,2-3,Small house,Thrissur,1,8,Plastic packet,4-7,Always,250g_500g,worm_compost,monthly,3,1-2,recycle
user1722@gmail.com,2-3,Apartment,Kasaragod,1,2,Loose / refill,4-7,Never,250g_500g,home_compost,weekly,0,6+,trash
user1723@gmail.com,2-3,Small house,Malappuram,2,14,Loose / refill,7+,Sometimes,250g_500g,worm_compost,monthly,0,6+,store
user1724@gmail.com,4-5,Small house,Thiruvananthapuram,3,4,Plastic bottle,,Always,500g_1kg,home_compost,daily,0,none,trash
user1725@gmail.com,2-3,Small house,Kannur,1,6,Plastic packet,4-7,Sometimes,250g_500g,worm_compost,monthly,3,6+,store
user1726@gmail.com,2-3,Apartment,Kozhikode,2,10,Loose / refill,,Sometimes,250g_500g,biomethanation,no,3,3-5,sell
user1727@gmail.com,4-5,Large house,Kollam,2,10,Plastic packet,,Always,500g_1kg,home_compost,no,0,3-5,sell
user1728@gmail.com,1,Apartment,Kannur,0,13,Loose / refill,7+,Always,less_250g,mixed,no,3,1-2,store
user1729@gmail.com,4-5,Small house,Idukki,2,9,Loose / refill,1-3,Always,500g_1kg,home_compost,weekly,2,none,sell
user1730@gmail.com,2-3,Apartment,Wayanad,2,10,Plastic packet,,Sometimes,250g_500g,collector,weekly,0,none,trash
user1731@gmail.com,1,Large house,Idukki,1,8,Plastic packet,7+,Never,less_250g,mixed,monthly,3,3-5,sell
user1732@gmail.com,2-3,Small house,Palakkad,3,7,Loose / refill,,Sometimes,250g_500g,collector,weekly,2,6+,store
user1733@gmail.com,2-3,Apartment,Wayanad,2,9,Plastic packet,7+,Never,250g_500g,mixed,no,2,1-2,recycle
user1734@gmail.com,2-3,Apartment,Malappuram,2,8,Plastic packet,4-7,Sometimes,250g_500g,community,daily,3,6+,recycle
user1735@gmail.com,4-5,Large house,Kasaragod,3,5,Plastic bottle,,Always,500g_1kg,community,no,2,none,store
user1736@gmail.com,4-5,Large house,Thiruvananthapuram,3,12,Loose / refill,1-3,Never,500g_1kg,mixed,daily,0,3-5,store
user1737@gmail.com,4-5,Large house,Ernakulam,3,20,Plastic bottle,1-3,Never,500g_1kg,worm_compost,no,1,3-5,recycle
user1738@gmail.com,6+,Apartment,Ernakulam,6,20,Plastic bottle,7+,Never,more_1kg,worm_compost,daily,1,3-5,store
user1739@gmail.com,2-3,Small house,Kozhikode,1,7,Plastic packet,1-3,Never,250g_500g,mixed,weekly,2,6+,store
user1740@gmail.com,4-5,Apartment,Wayanad,3,7,Loose / refill,1-3,Never,500g_1kg,home_compost,no,3,6+,sell
user1741@gmail.com,2-3,Small house,Idukki,2,8,Loose / refill,1-3,Never,250g_500g,biomethanation,daily,1,none,sell
user1742@gmail.com,4-5,Large house,Kannur,2,7,Loose / refill,1-3,Never,500g_1kg,worm_compost,daily,1,6+,trash
user1743@gmail.com,1,Small house,Alappuzha,0,20,Plastic bottle,7+,Always,less_250g,biomethanation,monthly,1,6+,sell
user1744@gmail.com,4-5,Apartment,Thrissur,4,10,Loose / refill,,Never,500g_1kg,mixed,no,2,1-2,store
user1745@gmail.com,2-3,Small house,Idukki,1,14,Plastic packet,4-7,Always,250g_500g,community,weekly,0,none,store
user1746@gmail.com,4-5,Apartment,Kottayam,2,12,Plastic bottle,1-3,Never,500g_1kg,worm_compost,monthly,2,3-5,store
user1747@gmail.com,4-5,Apartment,Palakkad,4,15,Loose / refill,4-7,Never,500g_1kg,home_compost,weekly,1,1-2,trash
user1748@gmail.com,4-5,Apartment,Ernakulam,3,14,Loose / refill,7+,Always,500g_1kg,home_compost,daily,0,1-2,recycle
user1749@gmail.com,6+,Apartment,Alappuzha,6,13,Plastic packet,7+,Never,more_1kg,biomethanation,daily,3,none,sell
user1750@gmail.com,6+,Apartment,Ernakulam,6,20,Loose / refill,1-3,Always,more_1kg,home_compost,daily,4,none,store
user1751@gmail.com,4-5,Small house,Wayanad,4,11,Loose / refill,7+,Never,500g_1kg,collector,weekly,2,6+,recycle
user1752@gmail.com,4-5,Apartment,Malappuram,2,12,Plastic bottle,1-3,Never,500g_1kg,mixed,monthly,2,3-5,store
user1753@gmail.com,2-3,Apartment,Kasaragod,1,9,Plastic bottle,4-7,Always,250g_500g,biomethanation,daily,0,none,trash
user1754@gmail.com,2-3,Small house,Kannur,2,14,Plastic bottle,1-3,Sometimes,250g_500g,collector,no,3,1-2,sell
user1755@gmail.com,4-5,Large house,Pathanamthitta,4,12,Plastic bottle,,Never,500g_1kg,home_compost,monthly,2,1-2,sell
user1756@gmail.com,4-5,Large house,Kasaragod,3,4,Plastic bottle,4-7,Never,500g_1kg,mixed,daily,0,1-2,recycle
user1757@gmail.com,2-3,Apartment,Idukki,3,9,Plastic packet,7+,Never,250g_500g,collector,daily,2,1-2,trash
user1758@gmail.com,6+,Small house,Malappuram,6,13,Plastic bottle,4-7,Always,more_1kg,home_compost,no,2,6+,trash
user1759@gmail.com,1,Apartment,Malappuram,1,2,Plastic bottle,1-3,Always,less_250g,collector,monthly,1,none,store
user1760@gmail.com,2-3,Apartment,Thrissur,2,10,Loose / refill,4-7,Sometimes,250g_500g,worm_compost,monthly,1,none,recycle
user1761@gmail.com,2-3,Apartment,Kannur,1,5,Plastic bottle,7+,Sometimes,250g_500g,mixed,weekly,4,1-2,sell
user1762@gmail.com,2-3,Apartment,Thrissur,2,5,Loose / refill,,Never,250g_500g,mixed,weekly,2,1-2,sell
user1763@gmail.com,6+,Large house,Kollam,6,10,Loose / refill,1-3,Sometimes,more_1kg,worm_compost,no,0,3-5,sell
user1764@gmail.com,2-3,Apartment,Thrissur,1,14,Plastic packet,,Never,250g_500g,home_compost,weekly,3,1-2,sell
user1765@gmail.com,1,Large house,Kottayam,1,5,Plastic packet,1-3,Always,less_250g,home_compost,no,4,6+,trash
user1766@gmail.com,2-3,Large house,Kasaragod,2,18,Plastic packet,,Always,250g_500g,worm_compost,weekly,3,none,store
user1767@gmail.com,2-3,Large house,Kozhikode,3,10,Plastic bottle,,Never,250g_500g,biomethanation,weekly,4,6+,recycle
user1768@gmail.com,4-5,Small house,Kollam,2,19,Plastic packet,4-7,Sometimes,500g_1kg,biomethanation,weekly,3,none,sell
user1769@gmail.com,6+,Large house,Thrissur,6,20,Plastic packet,7+,Never,more_1kg,collector,daily,3,1-2,recycle
user1770@gmail.com,2-3,Apartment,Wayanad,1,8,Loose / refill,1-3,Sometimes,250g_500g,community,weekly,1,3-5,trash
user1771@gmail.com,4-5,Large house,Kannur,2,10,Plastic bottle,,Sometimes,500g_1kg,biomethanation,daily,1,1-2,trash
user1772@gmail.com,2-3,Apartment,Idukki,3,8,Loose / refill,4-7,Always,250g_500g,home_compost,weekly,4,6+,recycle
user1773@gmail.com,2-3,Apartment,Pathanamthitta,1,11,Plastic packet,4-7,Never,250g_500g,collector,weekly,4,none,sell
user1774@gmail.com,4-5,Apartment,Pathanamthitta,3,10,Plastic packet,,Sometimes,500g_1kg,biomethanation,no,2,6+,sell
user1775@gmail.com,2-3,Small house,Idukki,1,14,Loose / refill,1-3,Always,250g_500g,community,no,4,6+,sell
user1776@gmail.com,1,Large house,Ernakulam,1,18,Plastic packet,,Sometimes,less_250g,community,weekly,0,3-5,recycle
user1777@gmail.com,1,Apartment,Kozhikode,1,8,Loose / refill,7+,Always,less_250g,home_compost,no,4,1-2,sell
user1778@gmail.com,4-5,Apartment,Alappuzha,3,18,Plastic packet,7+,Always,500g_1kg,biomethanation,monthly,2,6+,recycle
user1779@gmail.com,2-3,Large house,Palakkad,3,7,Plastic packet,1-3,Sometimes,250g_500g,home_compost,no,3,1-2,recycle
user1780@gmail.com,2-3,Large house,Kasaragod,3,18,Plastic bottle,4-7,Never,250g_500g,worm_compost,daily,2,3-5,sell
user1781@gmail.com,1,Large house,Kottayam,0,13,Loose / refill,1-3,Always,less_250g,home_compost,monthly,0,6+,recycle
user1782@gmail.com,2-3,Large house,Kottayam,1,5,Loose / refill,1-3,Always,250g_500g,biomethanation,daily,1,6+,trash
user1783@gmail.com,4-5,Small house,Kottayam,3,6,Plastic packet,,Never,500g_1kg,worm_compost,daily,4,none,trash
user1784@gmail.com,2-3,Apartment,Ernakulam,1,17,Plastic bottle,1-3,Never,250g_500g,home_compost,monthly,3,1-2,recycle
user1785@gmail.com,6+,Apartment,Kozhikode,4,8,Loose / refill,7+,Never,more_1kg,home_compost,no,4,1-2,recycle
user1786@gmail.com,4-5,Small house,Alappuzha,3,16,Plastic bottle,4-7,Always,500g_1kg,home_compost,weekly,0,6+,sell
user1787@gmail.com,2-3,Small house,Kasaragod,3,7,Plastic bottle,7+,Always,250g_500g,mixed,monthly,1,3-5,recycle
user1788@gmail.com,4-5,Apartment,Wayanad,2,20,Plastic bottle,7+,Never,500g_1kg,biomethanation,daily,2,1-2,store
user1789@gmail.com,6+,Small house,Kasaragod,5,13,Loose / refill,7+,Always,more_1kg,worm_compost,weekly,3,1-2,recycle
user1790@gmail.com,1,Apartment,Kollam,1,12,Plastic packet,,Never,less_250g,worm_compost,daily,0,3-5,sell
user1791@gmail.com,2-3,Small house,Kottayam,2,15,Loose / refill,7+,Always,250g_500g,mixed,monthly,0,none,store
user1792@gmail.com,4-5,Apartment,Idukki,2,3,Plastic packet,1-3,Sometimes,500g_1kg,collector,weekly,0,3-5,sell
user1793@gmail.com,4-5,Small house,Palakkad,2,12,Plastic bottle,7+,Never,500g_1kg,collector,no,3,none,trash
user1794@gmail.com,2-3,Apartment,Idukki,1,3,Plastic packet,7+,Never,250g_500g,collector,daily,1,6+,sell
user1795@gmail.com,2-3,Small house,Malappuram,2,10,Plastic packet,,Never,250g_500g,home_compost,weekly,2,6+,recycle
user1796@gmail.com,2-3,Apartment,Palakkad,3,17,Plastic packet,,Never,250g_500g,biomethanation,no,1,3-5,store
user1797@gmail.com,2-3,Apartment,Kannur,1,13,Plastic bottle,7+,Sometimes,250g_500g,home_compost,monthly,3,none,trash
user1798@gmail.com,6+,Large house,Ernakulam,4,8,Plastic bottle,,Sometimes,more_1kg,collector,daily,1,6+,sell
user1799@gmail.com,4-5,Small house,Thiruvananthapuram,4,8,Loose / refill,,Never,500g_1kg,community,monthly,3,3-5,recycle
user1800@gmail.com,6+,Apartment,Ernakulam,3,15,Loose / refill,1-3,Always,more_1kg,community,monthly,2,3-5,trash
user1801@gmail.com,1,Small house,Kottayam,0,8,Plastic packet,,Never,less_250g,mixed,no,0,3-5,store
user1802@gmail.com,2-3,Large house,Kasaragod,1,9,Plastic bottle,1-3,Always,250g_500g,collector,daily,3,none,store
user1803@gmail.com,2-3,Apartment,Pathanamthitta,3,10,Plastic bottle,,Never,250g_500g,community,daily,4,3-5,sell
user1804@gmail.com,2-3,Apartment,Kozhikode,1,7,Plastic packet,,Sometimes,250g_500g,collector,weekly,2,3-5,recycle
user1805@gmail.com,4-5,Apartment,Palakkad,3,4,Loose / refill,1-3,Never,500g_1kg,biomethanation,daily,3,6+,sell
user1806@gmail.com,4-5,Apartment,Idukki,2,17,Plastic packet,4-7,Sometimes,500g_1kg,home_compost,no,4,6+,store
user1807@gmail.com,2-3,Small house,Idukki,2,17,Loose / refill,7+,Always,250g_500g,biomethanation,monthly,0,3-5,sell
user1808@gmail.com,2-3,Apartment,Kollam,1,8,Plastic bottle,1-3,Always,250g_500g,worm_compost,daily,3,3-5,trash
user1809@gmail.com,2-3,Large house,Wayanad,2,8,Loose / refill,,Never,250g_500g,collector,no,0,3-5,recycle
user1810@gmail.com,1,Apartment,Malappuram,1,16,Plastic packet,,Sometimes,less_250g,mixed,monthly,0,none,sell
user1811@gmail.com,2-3,Small house,Malappuram,2,7,Plastic bottle,1-3,Never,250g_500g,community,weekly,1,1-2,recycle
user1812@gmail.com,2-3,Small house,Kannur,3,15,Plastic bottle,1-3,Always,250g_500g,mixed,weekly,4,3-5,trash
user1813@gmail.com,6+,Large house,Kasaragod,4,11,Plastic bottle,1-3,Sometimes,more_1kg,worm_compost,no,3,1-2,store
user1814@gmail.com,1,Small house,Kottayam,1,3,Plastic bottle,4-7,Sometimes,less_250g,biomethanation,weekly,1,6+,store
user1815@gmail.com,2-3,Small house,Kottayam,3,14,Plastic bottle,1-3,Always,250g_500g,home_compost,no,2,none,recycle
user1816@gmail.com,4-5,Large house,Thiruvananthapuram,2,4,Plastic packet,7+,Sometimes,500g_1kg,worm_compost,weekly,4,6+,sell
user1817@gmail.com,2-3,Small house,Idukki,2,16,Loose / refill,1-3,Sometimes,250g_500g,biomethanation,no,1,1-2,trash
user1818@gmail.com,2-3,Large house,Kozhikode,1,6,Plastic packet,7+,Always,250g_500g,collector,monthly,0,6+,recycle
user1819@gmail.com,2-3,Small house,Malappuram,1,2,Plastic bottle,,Always,250g_500g,home_compost,weekly,0,3-5,recycle
user1820@gmail.com,2-3,Apartment,Kollam,2,15,Plastic bottle,1-3,Never,250g_500g,collector,no,1,none,sell
user1821@gmail.com,4-5,Small house,Thiruvananthapuram,3,5,Plastic bottle,4-7,Never,500g_1kg,worm_compost,no,1,1-2,trash
user1822@gmail.com,2-3,Large house,Palakkad,2,9,Plastic bottle,,Sometimes,250g_500g,mixed,no,0,1-2,store
user1823@gmail.com,2-3,Small house,Pathanamthitta,3,10,Plastic bottle,4-7,Always,250g_500g,collector,monthly,4,3-5,recycle
user1824@gmail.com,2-3,Small house,Kannur,1,18,Loose / refill,,Sometimes,250g_500g,collector,no,1,1-2,sell
user1825@gmail.com,2-3,Apartment,Alappuzha,1,8,Loose / refill,4-7,Never,250g_500g,home_compost,weekly,2,none,sell
user1826@gmail.com,2-3,Large house,Wayanad,2,16,Plastic bottle,1-3,Always,250g_500g,home_compost,no,4,3-5,sell
user1827@gmail.com,4-5,Large house,Kasaragod,4,13,Plastic bottle,1-3,Sometimes,500g_1kg,mixed,weekly,2,3-5,store
user1828@gmail.com,4-5,Large house,Malappuram,2,15,Plastic packet,1-3,Never,500g_1kg,biomethanation,daily,4,1-2,sell
user1829@gmail.com,2-3,Small house,Kollam,3,14,Loose / refill,4-7,Always,250g_500g,community,monthly,1,none,sell
user1830@gmail.com,4-5,Large house,Idukki,2,5,Loose / refill,,Sometimes,500g_1kg,home_compost,daily,2,none,store
user1831@gmail.com,4-5,Apartment,Ernakulam,3,15,Plastic bottle,,Always,500g_1kg,biomethanation,no,3,1-2,recycle
user1832@gmail.com,2-3,Apartment,Ernakulam,3,14,Plastic bottle,7+,Never,250g_500g,community,no,3,6+,sell
user1833@gmail.com,2-3,Apartment,Kasaragod,1,17,Loose / refill,7+,Never,250g_500g,collector,monthly,4,1-2,recycle
user1834@gmail.com,6+,Small house,Palakkad,6,4,Plastic bottle,4-7,Always,more_1kg,community,monthly,4,6+,store
user1835@gmail.com,2-3,Small house,Thrissur,2,18,Plastic bottle,4-7,Always,250g_500g,mixed,no,0,3-5,store
user1836@gmail.com,4-5,Large house,Palakkad,3,20,Plastic packet,1-3,Always,500g_1kg,biomethanation,no,3,none,recycle
user1837@gmail.com,2-3,Apartment,Kasaragod,3,7,Plastic bottle,,Sometimes,250g_500g,mixed,monthly,0,6+,trash
user1838@gmail.com,1,Apartment,Thiruvananthapuram,1,15,Plastic bottle,1-3,Sometimes,less_250g,home_compost,monthly,1,3-5,sell
user1839@gmail.com,6+,Apartment,Alappuzha,6,5,Plastic bottle,,Sometimes,more_1kg,mixed,monthly,1,6+,recycle
user1840@gmail.com,2-3,Small house,Alappuzha,1,4,Loose / refill,4-7,Always,250g_500g,mixed,no,3,1-2,store
user1841@gmail.com,2-3,Large house,Idukki,1,15,Plastic bottle,,Always,250g_500g,worm_compost,daily,4,6+,recycle
user1842@gmail.com,2-3,Small house,Kozhikode,3,8,Loose / refill,4-7,Never,250g_500g,community,monthly,3,3-5,recycle
user1843@gmail.com,4-5,Apartment,Ernakulam,3,8,Plastic packet,4-7,Never,500g_1kg,community,weekly,4,3-5,recycle
user1844@gmail.com,4-5,Apartment,Pathanamthitta,2,3,Plastic bottle,4-7,Always,500g_1kg,mixed,monthly,4,1-2,sell
user1845@gmail.com,4-5,Large house,Kozhikode,3,13,Plastic bottle,4-7,Never,500g_1kg,worm_compost,monthly,2,6+,recycle
user1846@gmail.com,6+,Apartment,Idukki,3,10,Plastic bottle,7+,Sometimes,more_1kg,mixed,monthly,3,3-5,recycle
user1847@gmail.com,2-3,Apartment,Kollam,3,10,Plastic bottle,4-7,Never,250g_500g,worm_compost,monthly,2,6+,store
user1848@gmail.com,6+,Apartment,Kozhikode,5,14,Plastic bottle,7+,Sometimes,more_1kg,worm_compost,weekly,3,3-5,sell
user1849@gmail.com,4-5,Small house,Thrissur,2,12,Plastic bottle,1-3,Sometimes,500g_1kg,worm_compost,monthly,0,1-2,trash
user1850@gmail.com,6+,Large house,Palakkad,3,17,Plastic packet,,Sometimes,more_1kg,community,daily,0,none,trash
user1851@gmail.com,4-5,Apartment,Wayanad,3,6,Loose / refill,7+,Sometimes,500g_1kg,community,monthly,2,6+,sell
user1852@gmail.com,4-5,Small house,Wayanad,3,9,Plastic bottle,,Never,500g_1kg,collector,no,0,none,store
user1853@gmail.com,4-5,Large house,Kollam,4,6,Loose / refill,,Always,500g_1kg,community,monthly,2,1-2,trash
user1854@gmail.com,4-5,Small house,Palakkad,3,5,Plastic packet,,Sometimes,500g_1kg,collector,weekly,1,6+,recycle
user1855@gmail.com,2-3,Apartment,Kottayam,1,10,Plastic bottle,4-7,Sometimes,250g_500g,home_compost,daily,0,3-5,recycle
user1856@gmail.com,4-5,Small house,Ernakulam,2,20,Plastic bottle,4-7,Sometimes,500g_1kg,home_compost,daily,1,6+,trash
user1857@gmail.com,2-3,Apartment,Thrissur,1,17,Loose / refill,,Sometimes,250g_500g,mixed,monthly,4,3-5,trash
user1858@gmail.com,4-5,Small house,Alappuzha,4,8,Plastic packet,4-7,Always,500g_1kg,community,no,1,1-2,sell
user1859@gmail.com,6+,Large house,Kannur,4,3,Plastic packet,7+,Never,more_1kg,collector,weekly,3,3-5,recycle
user1860@gmail.com,6+,Apartment,Kasaragod,4,10,Loose / refill,,Never,more_1kg,biomethanation,monthly,4,3-5,store
user1861@gmail.com,2-3,Apartment,Malappuram,3,5,Loose / refill,7+,Always,250g_500g,collector,weekly,1,none,store
user1862@gmail.com,4-5,Small house,Idukki,3,10,Plastic packet,4-7,Never,500g_1kg,worm_compost,daily,1,none,store
user1863@gmail.com,2-3,Apartment,Malappuram,3,8,Loose / refill,,Never,250g_500g,collector,monthly,4,none,recycle
user1864@gmail.com,2-3,Large house,Thiruvananthapuram,2,6,Plastic bottle,1-3,Always,250g_500g,biomethanation,weekly,3,1-2,sell
user1865@gmail.com,2-3,Small house,Ernakulam,2,18,Plastic bottle,,Sometimes,250g_500g,collector,no,0,1-2,recycle
user1866@gmail.com,4-5,Large house,Pathanamthitta,4,7,Loose / refill,,Sometimes,500g_1kg,biomethanation,weekly,2,6+,sell
user1867@gmail.com,2-3,Small house,Malappuram,2,20,Plastic packet,7+,Sometimes,250g_500g,community,no,2,3-5,trash
user1868@gmail.com,2-3,Small house,Ernakulam,1,19,Plastic bottle,,Never,250g_500g,home_compost,daily,3,1-2,store
user1869@gmail.com,2-3,Large house,Malappuram,1,8,Plastic packet,7+,Always,250g_500g,worm_compost,daily,0,6+,sell
user1870@gmail.com,4-5,Apartment,Malappuram,2,13,Loose / refill,4-7,Always,500g_1kg,worm_compost,monthly,2,1-2,sell
user1871@gmail.com,4-5,Large house,Kottayam,3,7,Plastic packet,7+,Never,500g_1kg,mixed,monthly,0,none,trash
user1872@gmail.com,2-3,Apartment,Thrissur,3,19,Plastic bottle,4-7,Always,250g_500g,worm_compost,no,2,none,trash
user1873@gmail.com,6+,Large house,Kollam,4,16,Loose / refill,7+,Always,more_1kg,collector,weekly,2,3-5,sell
user1874@gmail.com,1,Apartment,Thiruvananthapuram,0,11,Loose / refill,,Sometimes,less_250g,collector,weekly,4,6+,recycle
user1875@gmail.com,2-3,Apartment,Palakkad,1,15,Plastic packet,4-7,Sometimes,250g_500g,collector,no,2,1-2,sell
user1876@gmail.com,4-5,Large house,Thiruvananthapuram,2,10,Plastic bottle,4-7,Sometimes,500g_1kg,home_compost,weekly,3,none,trash
user1877@gmail.com,1,Apartment,Kasaragod,0,17,Loose / refill,,Always,less_250g,biomethanation,no,4,6+,recycle
user1878@gmail.com,1,Large house,Palakkad,0,15,Plastic bottle,1-3,Sometimes,less_250g,biomethanation,daily,4,6+,recycle
user1879@gmail.com,2-3,Large house,Idukki,3,12,Plastic bottle,4-7,Never,250g_500g,worm_compost,daily,0,none,store
user1880@gmail.com,2-3,Apartment,Malappuram,3,10,Plastic packet,7+,Sometimes,250g_500g,worm_compost,monthly,1,3-5,trash
user1881@gmail.com,1,Apartment,Kannur,1,15,Loose / refill,1-3,Never,less_250g,collector,monthly,1,1-2,recycle
user1882@gmail.com,1,Apartment,Wayanad,1,6,Plastic bottle,4-7,Always,less_250g,biomethanation,weekly,4,none,recycle
user1883@gmail.com,4-5,Apartment,Idukki,2,7,Plastic bottle,1-3,Always,500g_1kg,mixed,monthly,4,6+,recycle
user1884@gmail.com,4-5,Apartment,Pathanamthitta,3,17,Plastic bottle,4-7,Always,500g_1kg,mixed,no,1,none,recycle
user1885@gmail.com,2-3,Apartment,Kozhikode,1,3,Plastic packet,7+,Never,250g_500g,biomethanation,no,3,none,recycle
user1886@gmail.com,2-3,Large house,Kottayam,1,16,Plastic packet,1-3,Always,250g_500g,biomethanation,no,0,none,store
user1887@gmail.com,1,Small house,Ernakulam,1,9,Plastic bottle,1-3,Always,less_250g,collector,no,2,1-2,trash
user1888@gmail.com,2-3,Apartment,Kozhikode,1,17,Plastic bottle,4-7,Sometimes,250g_500g,mixed,weekly,2,6+,sell
user1889@gmail.com,4-5,Small house,Alappuzha,2,4,Loose / refill,,Sometimes,500g_1kg,mixed,weekly,1,3-5,sell
user1890@gmail.com,2-3,Small house,Malappuram,2,11,Plastic bottle,4-7,Always,250g_500g,worm_compost,daily,3,1-2,recycle
user1891@gmail.com,4-5,Small house,Kollam,3,7,Loose / refill,7+,Always,500g_1kg,biomethanation,weekly,4,1-2,store
user1892@gmail.com,4-5,Large house,Palakkad,2,9,Plastic packet,1-3,Sometimes,500g_1kg,collector,no,3,3-5,recycle
user1893@gmail.com,4-5,Large house,Malappuram,3,7,Plastic packet,7+,Always,500g_1kg,community,monthly,3,none,sell
user1894@gmail.com,4-5,Large house,Pathanamthitta,2,14,Plastic packet,1-3,Sometimes,500g_1kg,biomethanation,weekly,0,3-5,trash
user1895@gmail.com,4-5,Apartment,Thrissur,2,20,Loose / refill,1-3,Always,500g_1kg,collector,weekly,0,3-5,sell
user1896@gmail.com,4-5,Small house,Idukki,3,13,Loose / refill,,Never,500g_1kg,home_compost,no,1,none,sell
user1897@gmail.com,2-3,Small house,Alappuzha,1,7,Plastic bottle,1-3,Always,250g_500g,biomethanation,weekly,1,1-2,trash
user1898@gmail.com,4-5,Apartment,Kozhikode,4,7,Plastic bottle,7+,Never,500g_1kg,biomethanation,daily,2,3-5,store
user1899@gmail.com,4-5,Large house,Malappuram,4,14,Loose / refill,1-3,Always,500g_1kg,mixed,monthly,3,1-2,trash
user1900@gmail.com,6+,Large house,Alappuzha,4,18,Plastic bottle,1-3,Always,more_1kg,collector,weekly,4,none,sell
user1901@gmail.com,2-3,Large house,Idukki,3,4,Plastic bottle,,Sometimes,250g_500g,collector,no,1,none,trash
user1902@gmail.com,2-3,Large house,Wayanad,1,5,Loose / refill,,Always,250g_500g,worm_compost,no,1,3-5,recycle
user1903@gmail.com,2-3,Apartment,Ernakulam,2,17,Plastic packet,,Never,250g_500g,worm_compost,weekly,4,none,trash
user1904@gmail.com,1,Large house,Wayanad,1,16,Loose / refill,7+,Always,less_250g,home_compost,monthly,1,3-5,store
user1905@gmail.com,2-3,Large house,Palakkad,1,4,Plastic packet,4-7,Sometimes,250g_500g,worm_compost,daily,4,3-5,trash
user1906@gmail.com,4-5,Apartment,Kollam,4,11,Plastic packet,4-7,Never,500g_1kg,mixed,daily,3,1-2,recycle
user1907@gmail.com,2-3,Small house,Palakkad,1,20,Plastic packet,7+,Never,250g_500g,worm_compost,monthly,2,none,store
user1908@gmail.com,6+,Small house,Alappuzha,4,2,Loose / refill,,Never,more_1kg,collector,daily,4,none,sell
user1909@gmail.com,6+,Large house,Malappuram,5,11,Plastic packet,,Sometimes,more_1kg,collector,no,1,none,trash
user1910@gmail.com,4-5,Small house,Kozhikode,2,9,Plastic bottle,1-3,Never,500g_1kg,biomethanation,no,4,3-5,sell
user1911@gmail.com,4-5,Apartment,Kannur,4,16,Plastic packet,4-7,Never,500g_1kg,mixed,monthly,2,6+,trash
user1912@gmail.com,2-3,Small house,Alappuzha,3,20,Loose / refill,4-7,Never,250g_500g,community,daily,4,none,sell
user1913@gmail.com,2-3,Small house,Kasaragod,2,11,Plastic bottle,1-3,Sometimes,250g_500g,home_compost,no,1,6+,trash
user1914@gmail.com,2-3,Apartment,Wayanad,2,12,Loose / refill,,Sometimes,250g_500g,worm_compost,weekly,2,none,trash
user1915@gmail.com,4-5,Apartment,Pathanamthitta,4,9,Plastic bottle,1-3,Always,500g_1kg,mixed,daily,3,3-5,sell
user1916@gmail.com,2-3,Large house,Malappuram,3,20,Plastic packet,4-7,Sometimes,250g_500g,community,weekly,2,3-5,trash
user1917@gmail.com,1,Large house,Malappuram,0,2,Plastic packet,1-3,Always,less_250g,collector,no,0,3-5,sell
user1918@gmail.com,2-3,Small house,Kasaragod,1,3,Plastic bottle,,Sometimes,250g_500g,community,monthly,0,6+,sell
user1919@gmail.com,2-3,Small house,Thiruvananthapuram,2,15,Plastic packet,4-7,Never,250g_500g,worm_compost,weekly,3,1-2,recycle
user1920@gmail.com,2-3,Apartment,Kannur,3,4,Loose / refill,,Sometimes,250g_500g,worm_compost,no,2,none,store
user1921@gmail.com,4-5,Large house,Kasaragod,4,19,Loose / refill,4-7,Never,500g_1kg,worm_compost,monthly,2,1-2,sell
user1922@gmail.com,1,Large house,Kasaragod,0,13,Plastic packet,1-3,Sometimes,less_250g,biomethanation,weekly,3,6+,trash
user1923@gmail.com,4-5,Apartment,Wayanad,3,6,Plastic bottle,,Never,500g_1kg,community,monthly,1,6+,sell
user1924@gmail.com,4-5,Apartment,Kollam,4,16,Plastic bottle,1-3,Always,500g_1kg,mixed,monthly,1,1-2,recycle
user1925@gmail.com,2-3,Large house,Ernakulam,1,3,Loose / refill,,Sometimes,250g_500g,home_compost,monthly,1,6+,recycle
user1926@gmail.com,6+,Large house,Thrissur,3,14,Plastic packet,4-7,Never,more_1kg,biomethanation,daily,0,1-2,recycle
user1927@gmail.com,2-3,Apartment,Ernakulam,1,19,Loose / refill,,Sometimes,250g_500g,home_compost,weekly,0,none,trash
user1928@gmail.com,1,Small house,Wayanad,1,12,Plastic packet,,Sometimes,less_250g,worm_compost,daily,1,none,trash
user1929@gmail.com,4-5,Small house,Wayanad,3,20,Plastic bottle,7+,Never,500g_1kg,community,weekly,1,1-2,sell
user1930@gmail.com,6+,Large house,Alappuzha,3,8,Plastic bottle,4-7,Sometimes,more_1kg,mixed,weekly,0,none,sell
user1931@gmail.com,4-5,Apartment,Kozhikode,4,14,Plastic packet,7+,Sometimes,500g_1kg,mixed,no,1,6+,sell
user1932@gmail.com,4-5,Small house,Wayanad,2,18,Plastic bottle,7+,Sometimes,500g_1kg,biomethanation,no,1,3-5,sell
user1933@gmail.com,4-5,Apartment,Thrissur,3,3,Plastic bottle,7+,Never,500g_1kg,mixed,daily,2,6+,sell
user1934@gmail.com,4-5,Apartment,Kollam,2,8,Plastic bottle,,Always,500g_1kg,worm_compost,monthly,4,none,store
user1935@gmail.com,4-5,Apartment,Wayanad,4,19,Plastic bottle,1-3,Always,500g_1kg,home_compost,monthly,4,6+,trash
user1936@gmail.com,2-3,Large house,Thrissur,3,5,Plastic bottle,1-3,Never,250g_500g,community,weekly,1,1-2,sell
user1937@gmail.com,1,Small house,Kollam,0,9,Plastic packet,7+,Always,less_250g,biomethanation,monthly,4,1-2,store
user1938@gmail.com,2-3,Small house,Alappuzha,1,2,Plastic packet,1-3,Always,250g_500g,home_compost,no,1,3-5,recycle
user1939@gmail.com,2-3,Apartment,Palakkad,2,17,Plastic packet,4-7,Sometimes,250g_500g,worm_compost,no,2,3-5,store
user1940@gmail.com,6+,Small house,Thrissur,6,8,Loose / refill,7+,Never,more_1kg,mixed,weekly,0,3-5,recycle
user1941@gmail.com,4-5,Apartment,Kannur,3,4,Plastic bottle,,Never,500g_1kg,biomethanation,monthly,0,6+,sell
user1942@gmail.com,4-5,Small house,Pathanamthitta,3,4,Plastic packet,4-7,Always,500g_1kg,worm_compost,no,4,1-2,sell
user1943@gmail.com,4-5,Apartment,Alappuzha,2,10,Plastic bottle,1-3,Never,500g_1kg,mixed,daily,0,3-5,sell
user1944@gmail.com,4-5,Large house,Idukki,2,16,Plastic bottle,1-3,Always,500g_1kg,collector,monthly,1,none,sell
user1945@gmail.com,2-3,Apartment,Kozhikode,2,15,Plastic packet,4-7,Always,250g_500g,home_compost,daily,1,3-5,store
user1946@gmail.com,2-3,Large house,Kozhikode,3,15,Plastic bottle,7+,Always,250g_500g,community,weekly,4,none,store
user1947@gmail.com,2-3,Apartment,Kasaragod,3,5,Plastic packet,,Sometimes,250g_500g,mixed,weekly,0,none,trash
user1948@gmail.com,2-3,Small house,Ernakulam,2,15,Plastic bottle,4-7,Always,250g_500g,community,no,4,6+,trash
user1949@gmail.com,6+,Small house,Thiruvananthapuram,5,5,Plastic packet,,Always,more_1kg,biomethanation,daily,0,6+,store
user1950@gmail.com,4-5,Small house,Idukki,2,10,Plastic packet,7+,Never,500g_1kg,worm_compost,no,1,1-2,recycle
user1951@gmail.com,2-3,Apartment,Ernakulam,3,14,Plastic bottle,,Never,250g_500g,collector,monthly,1,3-5,store
user1952@gmail.com,4-5,Apartment,Kottayam,3,14,Plastic bottle,7+,Sometimes,500g_1kg,biomethanation,no,2,3-5,sell
user1953@gmail.com,6+,Small house,Ernakulam,3,13,Plastic bottle,,Never,more_1kg,biomethanation,daily,3,1-2,store
user1954@gmail.com,1,Small house,Malappuram,1,16,Plastic packet,4-7,Sometimes,less_250g,biomethanation,no,1,1-2,recycle
user1955@gmail.com,1,Large house,Malappuram,1,13,Loose / refill,1-3,Always,less_250g,biomethanation,no,1,3-5,sell
user1956@gmail.com,4-5,Apartment,Kottayam,3,18,Plastic packet,7+,Sometimes,500g_1kg,biomethanation,weekly,2,1-2,store
user1957@gmail.com,2-3,Apartment,Palakkad,3,15,Plastic bottle,,Always,250g_500g,home_compost,daily,0,3-5,store
user1958@gmail.com,2-3,Apartment,Pathanamthitta,3,15,Plastic packet,1-3,Sometimes,250g_500g,biomethanation,no,3,6+,store
user1959@gmail.com,2-3,Large house,Kozhikode,1,7,Loose / refill,4-7,Sometimes,250g_500g,mixed,monthly,1,6+,store
user1960@gmail.com,4-5,Small house,Idukki,2,11,Plastic packet,,Always,500g_1kg,mixed,monthly,1,3-5,recycle
user1961@gmail.com,4-5,Apartment,Kozhikode,4,19,Plastic bottle,7+,Always,500g_1kg,worm_compost,no,0,1-2,trash
user1962@gmail.com,1,Apartment,Ernakulam,0,12,Plastic bottle,,Never,less_250g,biomethanation,no,0,1-2,recycle
user1963@gmail.com,4-5,Small house,Thrissur,4,16,Plastic bottle,,Always,500g_1kg,worm_compost,no,3,6+,recycle
user1964@gmail.com,6+,Apartment,Palakkad,4,4,Plastic packet,4-7,Never,more_1kg,worm_compost,monthly,0,3-5,sell
user1965@gmail.com,2-3,Small house,Kannur,1,17,Loose / refill,1-3,Sometimes,250g_500g,biomethanation,weekly,0,6+,sell
user1966@gmail.com,4-5,Apartment,Wayanad,4,4,Plastic bottle,4-7,Sometimes,500g_1kg,biomethanation,weekly,3,none,trash
user1967@gmail.com,4-5,Small house,Malappuram,2,5,Loose / refill,7+,Never,500g_1kg,community,weekly,4,none,trash
user1968@gmail.com,6+,Large house,Kollam,5,20,Plastic bottle,1-3,Always,more_1kg,community,monthly,1,3-5,trash
user1969@gmail.com,2-3,Apartment,Kozhikode,2,5,Plastic bottle,,Always,250g_500g,community,monthly,0,1-2,trash
user1970@gmail.com,1,Apartment,Thiruvananthapuram,0,2,Loose / refill,1-3,Always,less_250g,collector,weekly,3,1-2,sell
user1971@gmail.com,4-5,Large house,Alappuzha,4,20,Loose / refill,7+,Never,500g_1kg,collector,no,1,6+,recycle
user1972@gmail.com,4-5,Apartment,Kottayam,2,13,Loose / refill,4-7,Never,500g_1kg,community,monthly,1,none,recycle
user1973@gmail.com,4-5,Apartment,Kannur,3,4,Plastic packet,4-7,Always,500g_1kg,worm_compost,weekly,2,1-2,trash
user1974@gmail.com,2-3,Small house,Ernakulam,3,16,Plastic packet,7+,Sometimes,250g_500g,community,daily,3,6+,recycle
user1975@gmail.com,2-3,Apartment,Wayanad,1,11,Plastic packet,7+,Sometimes,250g_500g,collector,daily,2,1-2,trash
user1976@gmail.com,2-3,Small house,Wayanad,3,16,Loose / refill,1-3,Sometimes,250g_500g,biomethanation,monthly,3,3-5,recycle
user1977@gmail.com,4-5,Small house,Kottayam,2,5,Plastic bottle,4-7,Never,500g_1kg,biomethanation,daily,3,1-2,sell
user1978@gmail.com,2-3,Apartment,Kollam,1,9,Loose / refill,1-3,Sometimes,250g_500g,biomethanation,monthly,0,1-2,recycle
user1979@gmail.com,4-5,Large house,Pathanamthitta,2,6,Plastic bottle,,Sometimes,500g_1kg,worm_compost,monthly,1,1-2,store
user1980@gmail.com,2-3,Small house,Kottayam,1,6,Plastic bottle,1-3,Sometimes,250g_500g,worm_compost,no,4,3-5,sell
user1981@gmail.com,6+,Apartment,Thrissur,5,18,Plastic bottle,7+,Always,more_1kg,biomethanation,monthly,2,6+,recycle
user1982@gmail.com,2-3,Apartment,Kollam,1,8,Plastic packet,4-7,Never,250g_500g,worm_compost,no,3,6+,sell
user1983@gmail.com,6+,Small house,Thiruvananthapuram,6,10,Plastic packet,1-3,Sometimes,more_1kg,worm_compost,no,1,6+,recycle
user1984@gmail.com,6+,Large house,Wayanad,5,16,Plastic packet,7+,Always,more_1kg,mixed,monthly,3,3-5,trash
user1985@gmail.com,2-3,Large house,Kasaragod,3,12,Loose / refill,4-7,Never,250g_500g,community,weekly,3,6+,recycle
user1986@gmail.com,2-3,Apartment,Thiruvananthapuram,3,2,Plastic packet,4-7,Never,250g_500g,community,weekly,4,1-2,trash
user1987@gmail.com,4-5,Small house,Idukki,2,15,Loose / refill,7+,Sometimes,500g_1kg,biomethanation,weekly,3,1-2,store
user1988@gmail.com,2-3,Large house,Kottayam,3,20,Loose / refill,,Never,250g_500g,mixed,monthly,1,none,store
user1989@gmail.com,1,Small house,Kasaragod,0,12,Loose / refill,,Sometimes,less_250g,biomethanation,monthly,2,none,sell
user1990@gmail.com,4-5,Large house,Wayanad,3,14,Plastic bottle,7+,Never,500g_1kg,collector,monthly,0,1-2,sell
user1991@gmail.com,2-3,Apartment,Kannur,2,16,Plastic bottle,,Never,250g_500g,home_compost,monthly,0,1-2,store
user1992@gmail.com,4-5,Small house,Wayanad,3,13,Plastic packet,,Never,500g_1kg,collector,weekly,3,none,store
user1993@gmail.com,2-3,Small house,Kottayam,3,6,Loose / refill,,Never,250g_500g,mixed,weekly,0,3-5,store
user1994@gmail.com,2-3,Large house,Thiruvananthapuram,2,20,Plastic bottle,7+,Never,250g_500g,biomethanation,weekly,1,1-2,sell
user1995@gmail.com,4-5,Large house,Alappuzha,2,11,Loose / refill,4-7,Sometimes,500g_1kg,community,daily,1,1-2,sell
user1996@gmail.com,2-3,Apartment,Pathanamthitta,1,2,Loose / refill,7+,Never,250g_500g,biomethanation,weekly,1,6+,store
user1997@gmail.com,1,Large house,Ernakulam,0,17,Plastic bottle,7+,Sometimes,less_250g,community,weekly,3,6+,sell
user1998@gmail.com,4-5,Small house,Thiruvananthapuram,2,20,Plastic bottle,,Always,500g_1kg,home_compost,daily,0,3-5,trash
user1999@gmail.com,2-3,Large house,Thrissur,2,16,Loose / refill,4-7,Sometimes,250g_500g,home_compost,monthly,2,3-5,sell
user2000@gmail.com,2-3,Large house,Thiruvananthapuram,2,10,Loose / refill,1-3,Sometimes,250g_500g,collector,weekly,2,3-5,trash
