user_email,family_size,house_type,district,milk_packets,deliveries,oil_type,bottles,segregation,food_waste,compost,garden_waste,old_devices,batteries,disposal_method,plastic_waste_kg,bio_waste_kg,ewaste_kg,monthly_waste_kg
0.0,0.3333333333333333,0.0,0.6923076923076923,0.3333333333333333,0.4444444444444445,1.0,0.0,0.0,0.0,0.6000000000000001,0.0,1.0,0.0,0.0,0.07222222222222222,10.0,1.5,12.108888888888888
0.5555,0.3333333333333333,0.0,0.3846153846153846,0.3333333333333333,0.9444444444444444,0.5,1.0,0.5,0.0,0.2,0.0,0.0,0.6666666666666666,0.0,0.09722222222222221,10.0,0.0,10.213888888888889
0.6115,0.3333333333333333,0.5,0.4615384615384615,0.1666666666666666,0.9444444444444444,0.5,1.0,1.0,0.0,0.2,0.6666666666666666,0.0,0.3333333333333333,0.0,0.07222222222222222,10.0,0.0,10.158888888888889
0.667,0.6666666666666666,1.0,0.6153846153846154,0.6666666666666666,0.8333333333333333,1.0,0.3333333333333333,0.0,0.0,0.4,0.3333333333333333,0.0,1.0,0.3333333333333333,0.14166666666666666,10.0,0.0,10.311666666666667
0.7225,0.6666666666666666,0.5,0.6153846153846154,0.6666666666666666,0.2777777777777777,0.0,1.0,0.5,0.0,1.0,0.3333333333333333,0.0,0.6666666666666666,0.0,0.11388888888888887,10.0,0.0,10.250555555555556
0.778,0.6666666666666666,0.5,0.2307692307692307,0.6666666666666666,0.3888888888888889,0.5,0.6666666666666666,0.5,0.0,0.0,1.0,0.0,0.0,0.0,0.11944444444444442,10.0,0.0,10.262777777777778
0.8335,0.3333333333333333,0.0,0.7692307692307693,0.1666666666666666,0.1666666666666666,1.0,1.0,0.0,0.0,0.0,0.0,0.0,0.3333333333333333,0.3333333333333333,0.03333333333333332,10.0,0.0,10.073333333333334
0.889,0.3333333333333333,0.0,0.3076923076923077,0.3333333333333333,0.7777777777777777,0.0,0.6666666666666666,1.0,0.0,0.0,1.0,0.0,0.6666666666666666,0.6666666666666666,0.08888888888888889,10.0,0.0,10.195555555555556
0.9445,0.3333333333333333,0.5,0.9230769230769232,0.5,0.0,0.5,1.0,1.0,0.0,0.6000000000000001,0.6666666666666666,0.0,1.0,0.3333333333333333,0.075,10.0,0.0,10.165
1.0,0.6666666666666666,0.0,0.1538461538461538,0.5,0.8888888888888888,1.0,0.0,1.0,0.0,0.4,0.3333333333333333,0.0833333333333333,0.3333333333333333,0.0,0.11944444444444444,10.0,0.12499999999999994,10.425277777777778
0.0555,0.0,0.5,0.1538461538461538,0.0,0.5555555555555556,0.0,1.0,0.0,0.0,0.0,0.6666666666666666,0.0,0.6666666666666666,0.0,0.02777777777777778,10.0,0.0,10.061111111111112
0.111,1.0,0.0,0.3846153846153846,1.0,0.3888888888888889,1.0,0.6666666666666666,0.5,0.0,0.2,0.6666666666666666,0.0833333333333333,0.0,0.3333333333333333,0.16944444444444445,10.0,0.12499999999999994,10.535277777777777
0.1665,0.6666666666666666,0.5,1.0,0.5,0.3888888888888889,1.0,0.0,0.5,0.0,0.0,0.6666666666666666,0.0,0.0,0.3333333333333333,0.09444444444444444,10.0,0.0,10.207777777777778
0.222,0.3333333333333333,0.0,0.4615384615384615,0.5,1.0,1.0,1.0,1.0,0.0,0.0,1.0,0.0,0.0,0.3333333333333333,0.125,10.0,0.0,10.275
0.2775,0.6666666666666666,0.5,0.7692307692307693,0.5,0.9444444444444444,0.5,1.0,1.0,0.0,0.0,1.0,0.0,0.6666666666666666,0.3333333333333333,0.12222222222222223,10.0,0.0,10.268888888888888
0.333,0.6666666666666666,0.5,0.8461538461538463,0.5,0.3333333333333333,1.0,0.6666666666666666,1.0,0.0,0.2,0.6666666666666666,0.0,0.0,0.3333333333333333,0.09166666666666666,10.0,0.0,10.201666666666666
0.3885,0.6666666666666666,0.5,0.5384615384615385,0.6666666666666666,0.8888888888888888,0.0,0.0,1.0,0.0,1.0,0.6666666666666666,0.0,0.6666666666666666,0.6666666666666666,0.14444444444444443,10.0,0.0,10.317777777777778
0.444,0.3333333333333333,0.5,0.0,0.1666666666666666,0.0,1.0,0.3333333333333333,1.0,0.0,0.0,0.3333333333333333,0.0,0.3333333333333333,1.0,0.024999999999999994,10.0,0.0,10.055
0.4995,0.3333333333333333,1.0,0.6153846153846154,0.5,0.2222222222222222,0.5,0.3333333333333333,1.0,0.0,0.0,0.0,0.0,0.6666666666666666,0.3333333333333333,0.08611111111111111,10.0,0.0,10.189444444444444
0.555,0.3333333333333333,0.5,1.0,0.1666666666666666,0.8333333333333333,0.5,0.3333333333333333,1.0,0.0,0.6000000000000001,0.6666666666666666,0.0,0.0,1.0,0.06666666666666665,10.0,0.0,10.146666666666667
0.5615,0.6666666666666666,1.0,0.0769230769230769,0.6666666666666666,0.0555555555555555,0.5,0.0,0.0,0.0,1.0,0.6666666666666666,0.0,0.6666666666666666,1.0,0.10277777777777776,10.0,0.0,10.226111111111111
0.5670000000000001,0.0,1.0,0.0,0.0,0.5555555555555556,1.0,0.0,0.0,0.0,0.2,0.3333333333333333,0.0,0.0,0.6666666666666666,0.02777777777777778,10.0,0.0,10.061111111111112
0.5725,0.3333333333333333,0.0,0.1538461538461538,0.3333333333333333,0.5555555555555556,1.0,1.0,0.0,0.0,0.0,0.0,0.0,1.0,1.0,0.07777777777777777,10.0,0.0,10.171111111111111
0.578,0.3333333333333333,1.0,1.0,0.3333333333333333,0.3333333333333333,0.0,1.0,0.5,0.0,0.2,1.0,0.0833333333333333,0.0,0.0,0.06666666666666665,10.0,0.12499999999999994,10.309166666666666
0.5835,0.3333333333333333,0.5,0.1538461538461538,0.3333333333333333,0.7222222222222221,0.0,0.3333333333333333,0.5,0.0,0.0,1.0,0.0833333333333333,0.3333333333333333,0.0,0.0861111111111111,10.0,0.12499999999999994,10.351944444444444
0.589,0.6666666666666666,0.0,0.6153846153846154,0.6666666666666666,0.6111111111111112,0.5,0.3333333333333333,0.0,0.0,0.6000000000000001,0.6666666666666666,0.0,0.6666666666666666,0.6666666666666666,0.13055555555555554,10.0,0.0,10.287222222222223
0.5945,0.3333333333333333,0.0,0.5384615384615385,0.3333333333333333,0.3333333333333333,1.0,0.6666666666666666,0.5,0.0,0.0,0.0,0.0,1.0,0.0,0.06666666666666665,10.0,0.0,10.146666666666667
0.6,0.6666666666666666,0.0,0.0769230769230769,0.6666666666666666,0.2222222222222222,1.0,0.6666666666666666,1.0,0.0,0.2,1.0,0.0,0.3333333333333333,0.0,0.1111111111111111,10.0,0.0,10.244444444444444
0.6055,0.0,1.0,0.3846153846153846,0.1666666666666666,0.7777777777777777,0.0,1.0,0.0,0.0,0.0,0.6666666666666666,0.0,0.0,0.6666666666666666,0.06388888888888888,10.0,0.0,10.140555555555556
0.611,1.0,1.0,0.4615384615384615,0.5,0.3333333333333333,1.0,0.6666666666666666,0.0,0.0,0.0,0.0,0.0,0.3333333333333333,1.0,0.09166666666666666,10.0,0.0,10.201666666666666
0.617,1.0,1.0,0.6153846153846154,0.8333333333333333,0.0,0.0,0.0,1.0,0.0,0.4,0.0,0.0,0.3333333333333333,0.3333333333333333,0.12499999999999999,10.0,0.0,10.275
0.6225,0.3333333333333333,0.5,0.5384615384615385,0.3333333333333333,0.0,1.0,1.0,0.5,0.0,0.2,1.0,0.0,0.0,1.0,0.049999999999999996,10.0,0.0,10.11
0.628,0.3333333333333333,0.0,0.1538461538461538,0.5,0.8888888888888888,0.5,0.3333333333333333,0.5,0.0,0.0,0.0,0.0,0.0,0.0,0.11944444444444444,10.0,0.0,10.262777777777778
0.6335000000000001,0.6666666666666666,0.5,0.3076923076923077,0.6666666666666666,0.9444444444444444,0.5,0.0,0.5,0.0,0.6000000000000001,0.0,0.0,0.6666666666666666,0.0,0.1472222222222222,10.0,0.0,10.323888888888888
0.639,0.6666666666666666,1.0,0.3076923076923077,0.5,0.3333333333333333,0.0,0.0,0.5,0.0,0.4,0.3333333333333333,0.0,1.0,0.3333333333333333,0.09166666666666666,10.0,0.0,10.201666666666666
0.6445,0.3333333333333333,0.0,0.8461538461538463,0.3333333333333333,0.4999999999999999,1.0,0.3333333333333333,0.5,0.0,0.4,0.6666666666666666,0.0,0.3333333333333333,1.0,0.07499999999999998,10.0,0.0,10.165
0.65,0.0,0.0,0.8461538461538463,0.1666666666666666,0.2222222222222222,0.0,1.0,0.0,0.0,0.2,1.0,0.0833333333333333,0.6666666666666666,0.6666666666666666,0.0361111111111111,10.0,0.12499999999999994,10.241944444444444
0.6555,0.6666666666666666,0.5,0.2307692307692307,0.3333333333333333,0.8888888888888888,0.0,0.3333333333333333,0.5,0.0,0.0,0.3333333333333333,0.0,0.3333333333333333,0.3333333333333333,0.09444444444444443,10.0,0.0,10.207777777777778
0.661,0.6666666666666666,1.0,0.0,0.3333333333333333,1.0,0.5,0.3333333333333333,1.0,0.0,0.4,0.3333333333333333,0.0,0.6666666666666666,0.0,0.1,10.0,0.0,10.22
0.6665,1.0,1.0,0.6923076923076923,0.6666666666666666,0.3333333333333333,1.0,0.3333333333333333,0.0,0.0,0.6000000000000001,0.6666666666666666,0.0,1.0,0.0,0.11666666666666665,10.0,0.0,10.256666666666666
0.6725,0.3333333333333333,0.0,0.1538461538461538,0.1666666666666666,0.7777777777777777,0.5,0.6666666666666666,0.0,0.0,0.0,0.6666666666666666,0.0,0.0,0.0,0.06388888888888888,10.0,0.0,10.140555555555556
0.678,0.3333333333333333,0.5,0.5384615384615385,0.3333333333333333,0.9444444444444444,0.0,0.3333333333333333,1.0,0.0,0.2,0.0,0.0,0.0,0.0,0.09722222222222221,10.0,0.0,10.213888888888889
0.6835,0.6666666666666666,0.5,0.6153846153846154,0.6666666666666666,0.4444444444444445,0.5,0.3333333333333333,0.0,0.0,0.0,0.0,0.0,0.0,0.6666666666666666,0.12222222222222222,10.0,0.0,10.268888888888888
0.6890000000000001,0.0,0.0,0.9230769230769232,0.1666666666666666,1.0,1.0,1.0,1.0,0.0,0.2,0.0,0.0,0.3333333333333333,0.3333333333333333,0.075,10.0,0.0,10.165
0.6945,0.3333333333333333,1.0,0.9230769230769232,0.5,0.6111111111111112,0.5,0.0,0.0,0.0,0.0,0.0,0.0,0.0,1.0,0.10555555555555556,10.0,0.0,10.232222222222223
0.7000000000000001,0.3333333333333333,0.0,0.8461538461538463,0.5,0.7222222222222221,1.0,1.0,0.5,0.0,0.0,0.6666666666666666,0.0,0.3333333333333333,1.0,0.11111111111111112,10.0,0.0,10.244444444444445
0.7055,0.3333333333333333,0.0,0.6153846153846154,0.1666666666666666,0.0555555555555555,0.0,1.0,1.0,0.0,0.0,0.6666666666666666,0.0,0.3333333333333333,0.0,0.02777777777777777,10.0,0.0,10.061111111111112
0.711,0.3333333333333333,0.5,0.1538461538461538,0.5,0.8333333333333333,1.0,0.3333333333333333,0.0,0.0,0.4,1.0,0.0,0.3333333333333333,0.6666666666666666,0.11666666666666665,10.0,0.0,10.256666666666666
0.7165,0.3333333333333333,0.0,0.5384615384615385,0.3333333333333333,0.4444444444444445,0.0,1.0,0.5,0.0,0.0,1.0,0.0,0.6666666666666666,0.6666666666666666,0.07222222222222222,10.0,0.0,10.158888888888889
0.722,0.3333333333333333,1.0,0.7692307692307693,0.1666666666666666,0.0555555555555555,1.0,0.3333333333333333,1.0,0.0,0.0,0.0,0.0,0.0,1.0,0.02777777777777777,10.0,0.0,10.061111111111112
0.728,1.0,0.5,0.3076923076923077,1.0,0.7777777777777777,0.5,0.0,0.0,0.0,0.0,0.0,0.0,0.0,0.0,0.18888888888888888,10.0,0.0,10.415555555555555
0.7335,0.6666666666666666,0.0,0.6923076923076923,0.5,0.0,0.0,0.0,1.0,0.0,0.4,0.0,0.0833333333333333,0.6666666666666666,0.0,0.075,10.0,0.12499999999999994,10.327499999999999
0.739,0.6666666666666666,0.0,0.6153846153846154,0.3333333333333333,0.8888888888888888,1.0,0.6666666666666666,1.0,0.0,0.4,0.3333333333333333,0.0,0.3333333333333333,0.3333333333333333,0.09444444444444443,10.0,0.0,10.207777777777778
0.7445,0.6666666666666666,0.0,0.8461538461538463,0.3333333333333333,0.7777777777777777,0.0,1.0,0.0,0.0,0.2,0.3333333333333333,0.0,0.3333333333333333,0.0,0.08888888888888889,10.0,0.0,10.195555555555556
0.75,0.0,0.0,0.6153846153846154,0.0,0.8888888888888888,1.0,0.6666666666666666,0.5,0.0,0.6000000000000001,0.3333333333333333,0.0,0.3333333333333333,1.0,0.044444444444444446,10.0,0.0,10.097777777777777
0.7555000000000001,0.3333333333333333,0.5,0.9230769230769232,0.5,0.0,0.0,0.3333333333333333,0.5,0.0,0.2,0.0,0.0,0.3333333333333333,1.0,0.075,10.0,0.0,10.165
0.761,0.6666666666666666,0.0,0.3846153846153846,0.6666666666666666,0.5555555555555556,1.0,0.3333333333333333,0.0,0.0,0.0,0.6666666666666666,0.0,0.0,1.0,0.12777777777777777,10.0,0.0,10.28111111111111
0.7665000000000001,1.0,1.0,0.6923076923076923,0.8333333333333333,0.2222222222222222,1.0,0.6666666666666666,0.5,0.0,0.8,0.3333333333333333,0.0,0.6666666666666666,0.3333333333333333,0.1361111111111111,10.0,0.0,10.299444444444445
0.772,0.3333333333333333,0.0,0.9230769230769232,0.5,0.4444444444444445,1.0,0.0,0.0,0.0,0.6000000000000001,0.0,0.0,0.3333333333333333,0.3333333333333333,0.09722222222222222,10.0,0.0,10.213888888888889
0.7775,0.6666666666666666,1.0,0.0769230769230769,0.3333333333333333,0.3333333333333333,0.0,1.0,1.0,0.0,0.2,1.0,0.0,1.0,0.0,0.06666666666666665,10.0,0.0,10.146666666666667
0.7835,1.0,1.0,0.0,0.6666666666666666,0.8888888888888888,0.0,0.0,1.0,0.0,0.6000000000000001,0.0,0.0,0.6666666666666666,0.6666666666666666,0.14444444444444443,10.0,0.0,10.317777777777778
0.789,0.6666666666666666,0.5,0.2307692307692307,0.5,0.2222222222222222,0.0,0.6666666666666666,0.5,0.0,0.4,0.0,0.0,0.0,0.0,0.08611111111111111,10.0,0.0,10.189444444444444
0.7945,0.3333333333333333,1.0,0.9230769230769232,0.3333333333333333,0.6111111111111112,0.0,0.3333333333333333,0.5,0.0,0.4,0.6666666666666666,0.0,0.3333333333333333,0.3333333333333333,0.08055555555555555,10.0,0.0,10.177222222222222
0.8,1.0,1.0,1.0,0.6666666666666666,0.2222222222222222,0.0,1.0,0.0,0.0,0.2,0.0,0.0833333333333333,0.6666666666666666,0.0,0.1111111111111111,10.0,0.12499999999999994,10.406944444444443
0.8055,0.3333333333333333,0.0,0.4615384615384615,0.1666666666666666,0.7222222222222221,1.0,0.3333333333333333,1.0,0.0,0.0,1.0,0.0,0.0,0.0,0.0611111111111111,10.0,0.0,10.134444444444444
0.811,0.3333333333333333,0.5,0.0769230769230769,0.5,0.4999999999999999,0.5,1.0,0.5,0.0,0.0,0.0,0.0,1.0,1.0,0.1,10.0,0.0,10.22
0.8165,0.0,0.0,0.9230769230769232,0.0,0.7777777777777777,1.0,0.6666666666666666,0.0,0.0,0.6000000000000001,0.3333333333333333,0.0833333333333333,0.6666666666666666,0.0,0.03888888888888888,10.0,0.12499999999999994,10.248055555555554
0.8220000000000001,1.0,0.0,0.7692307692307693,0.5,1.0,1.0,0.0,0.0,0.0,0.4,0.6666666666666666,0.0,0.0,0.3333333333333333,0.125,10.0,0.0,10.275
0.8275,0.3333333333333333,0.0,0.6923076923076923,0.1666666666666666,0.4999999999999999,0.5,0.3333333333333333,0.0,0.0,0.0,0.3333333333333333,0.0,0.0,0.6666666666666666,0.04999999999999999,10.0,0.0,10.11
0.833,1.0,0.0,0.8461538461538463,0.8333333333333333,0.6111111111111112,1.0,0.0,0.0,0.0,0.4,0.6666666666666666,0.0833333333333333,0.0,0.0,0.15555555555555553,10.0,0.12499999999999994,10.504722222222222
0.839,1.0,0.0,0.5384615384615385,0.8333333333333333,0.1666666666666666,0.5,0.0,0.0,0.0,0.0,0.0,0.0,1.0,0.3333333333333333,0.1333333333333333,10.0,0.0,10.293333333333333
0.8445,0.3333333333333333,1.0,0.6923076923076923,0.1666666666666666,0.2777777777777777,0.5,0.3333333333333333,1.0,0.0,0.2,0.3333333333333333,0.0833333333333333,0.0,0.0,0.038888888888888876,10.0,0.12499999999999994,10.248055555555554
0.85,0.6666666666666666,1.0,0.2307692307692307,0.5,0.7777777777777777,0.5,0.3333333333333333,0.0,0.0,0.0,0.0,0.0,0.0,1.0,0.11388888888888889,10.0,0.0,10.250555555555556
0.8555,0.6666666666666666,0.0,0.6923076923076923,0.5,0.8888888888888888,1.0,0.6666666666666666,1.0,0.0,0.8,0.3333333333333333,0.0,0.0,0.6666666666666666,0.11944444444444444,10.0,0.0,10.262777777777778
0.861,0.6666666666666666,0.0,0.3846153846153846,0.3333333333333333,0.0,1.0,0.3333333333333333,0.5,0.0,0.0,1.0,0.0,0.0,0.3333333333333333,0.049999999999999996,10.0,0.0,10.11
0.8665,0.0,1.0,0.6923076923076923,0.1666666666666666,1.0,1.0,0.0,0.5,0.0,0.0,0.0,0.0833333333333333,0.6666666666666666,0.6666666666666666,0.075,10.0,0.12499999999999994,10.327499999999999
0.872,0.3333333333333333,0.0,0.0,0.5,0.5555555555555556,0.0,0.0,1.0,0.0,0.6000000000000001,0.6666666666666666,0.0,0.3333333333333333,0.0,0.10277777777777777,10.0,0.0,10.226111111111111
0.8775000000000001,0.6666666666666666,1.0,0.4615384615384615,0.3333333333333333,0.1666666666666666,0.0,0.6666666666666666,1.0,0.0,0.0,0.3333333333333333,0.0,0.6666666666666666,0.3333333333333333,0.05833333333333332,10.0,0.0,10.128333333333334
0.883,1.0,0.0,1.0,0.6666666666666666,0.0555555555555555,1.0,0.6666666666666666,1.0,0.0,0.2,0.0,0.0,0.3333333333333333,0.0,0.10277777777777776,10.0,0.0,10.226111111111111
0.8885000000000001,0.3333333333333333,1.0,0.0,0.1666666666666666,0.4999999999999999,0.5,0.6666666666666666,0.0,0.0,0.0,0.3333333333333333,0.0833333333333333,0.0,0.0,0.04999999999999999,10.0,0.12499999999999994,10.272499999999999
0.8945000000000001,0.6666666666666666,0.0,0.3846153846153846,0.5,0.6111111111111112,0.5,0.3333333333333333,0.5,0.0,0.2,0.0,0.0,0.0,1.0,0.10555555555555556,10.0,0.0,10.232222222222223
0.9,0.6666666666666666,0.5,0.0769230769230769,0.6666666666666666,0.2777777777777777,1.0,0.3333333333333333,0.5,0.0,0.0,0.3333333333333333,0.0,0.0,1.0,0.11388888888888887,10.0,0.0,10.250555555555556
0.9055,0.3333333333333333,0.0,0.7692307692307693,0.3333333333333333,0.6666666666666665,0.5,1.0,0.0,0.0,0.0,1.0,0.0,1.0,1.0,0.08333333333333331,10.0,0.0,10.183333333333334
0.911,0.0,1.0,0.1538461538461538,0.1666666666666666,0.4444444444444445,0.5,1.0,1.0,0.0,0.0,0.6666666666666666,0.0,0.3333333333333333,0.6666666666666666,0.047222222222222214,10.0,0.0,10.10388888888889
0.9165,0.0,0.5,0.8461538461538463,0.0,0.3888888888888889,1.0,0.3333333333333333,1.0,0.0,0.0,0.6666666666666666,0.0,1.0,0.3333333333333333,0.019444444444444445,10.0,0.0,10.042777777777777
0.922,0.3333333333333333,0.0,1.0,0.3333333333333333,0.7777777777777777,0.5,0.6666666666666666,1.0,0.0,0.2,0.6666666666666666,0.0,0.0,0.3333333333333333,0.08888888888888889,10.0,0.0,10.195555555555556
0.9275,0.3333333333333333,0.0,0.1538461538461538,0.3333333333333333,0.5555555555555556,1.0,1.0,0.5,0.0,0.0,0.6666666666666666,0.0,0.3333333333333333,1.0,0.07777777777777777,10.0,0.0,10.171111111111111
0.933,0.3333333333333333,0.0,0.4615384615384615,0.1666666666666666,0.2777777777777777,1.0,0.3333333333333333,1.0,0.0,0.0,1.0,0.0,0.0,1.0,0.038888888888888876,10.0,0.0,10.085555555555555
0.9385,0.3333333333333333,0.0,0.4615384615384615,0.3333333333333333,0.6666666666666665,0.5,0.6666666666666666,1.0,0.0,0.0,0.6666666666666666,0.0833333333333333,0.0,0.0,0.08333333333333331,10.0,0.12499999999999994,10.345833333333333
0.944,0.3333333333333333,0.5,0.3076923076923077,0.1666666666666666,0.4999999999999999,1.0,0.0,0.0,0.0,0.2,0.6666666666666666,0.0,0.3333333333333333,1.0,0.04999999999999999,10.0,0.0,10.11
0.95,0.0,0.0,0.2307692307692307,0.1666666666666666,0.1111111111111111,0.5,0.6666666666666666,0.5,0.0,0.0,0.6666666666666666,0.0,0.0,0.3333333333333333,0.03055555555555555,10.0,0.0,10.067222222222222
0.9555,0.3333333333333333,0.0,0.3076923076923077,0.3333333333333333,0.9444444444444444,0.5,1.0,1.0,0.0,0.0,0.6666666666666666,0.0,0.6666666666666666,0.0,0.09722222222222221,10.0,0.0,10.213888888888889
0.961,0.6666666666666666,0.0,0.9230769230769232,0.3333333333333333,0.1111111111111111,1.0,0.3333333333333333,1.0,0.0,0.0,1.0,0.0,0.3333333333333333,1.0,0.05555555555555555,10.0,0.0,10.122222222222222
0.9665,0.6666666666666666,1.0,0.6153846153846154,0.3333333333333333,0.6666666666666665,0.0,0.6666666666666666,0.0,0.0,0.6000000000000001,0.3333333333333333,0.0,0.6666666666666666,0.6666666666666666,0.08333333333333331,10.0,0.0,10.183333333333334
0.972,0.3333333333333333,1.0,0.9230769230769232,0.5,0.3888888888888889,1.0,0.0,0.0,0.0,0.6000000000000001,1.0,0.0,0.6666666666666666,0.6666666666666666,0.09444444444444444,10.0,0.0,10.207777777777778
0.9775,0.6666666666666666,0.5,0.0,0.6666666666666666,0.1666666666666666,0.5,0.6666666666666666,0.0,0.0,0.6000000000000001,0.3333333333333333,0.0,0.0,0.6666666666666666,0.10833333333333331,10.0,0.0,10.238333333333333
0.983,0.3333333333333333,0.0,0.0,0.3333333333333333,0.0555555555555555,0.5,0.6666666666666666,0.0,0.0,0.0,0.3333333333333333,0.0,0.3333333333333333,0.3333333333333333,0.05277777777777777,10.0,0.0,10.116111111111111
0.9885,1.0,1.0,1.0,1.0,0.2222222222222222,0.0,1.0,0.5,0.0,0.0,1.0,0.0,0.6666666666666666,1.0,0.16111111111111112,10.0,0.0,10.354444444444445
0.994,1.0,0.0,0.3846153846153846,0.6666666666666666,0.0,0.0,0.3333333333333333,0.0,0.0,0.0,0.6666666666666666,0.0,0.0,0.0,0.09999999999999999,10.0,0.0,10.22
0.9995,0.6666666666666666,1.0,0.7692307692307693,0.6666666666666666,0.2222222222222222,0.5,0.6666666666666666,0.5,0.0,0.2,0.0,0.0833333333333333,0.6666666666666666,0.0,0.1111111111111111,10.0,0.12499999999999994,10.406944444444443
0.0055,1.0,0.0,1.0,0.6666666666666666,0.2222222222222222,0.0,0.6666666666666666,0.0,0.0,0.2,0.0,0.0,0.3333333333333333,0.3333333333333333,0.1111111111111111,10.0,0.0,10.244444444444444
0.011,0.6666666666666666,1.0,0.0,0.6666666666666666,0.4999999999999999,0.0,0.6666666666666666,0.5,0.0,0.0,0.0,0.0,0.6666666666666666,0.6666666666666666,0.12499999999999997,10.0,0.0,10.275
0.0165,0.6666666666666666,1.0,0.4615384615384615,0.6666666666666666,0.1666666666666666,1.0,0.6666666666666666,0.5,0.0,0.0,0.0,0.1666666666666666,0.0,0.6666666666666666,0.10833333333333331,10.0,0.2499999999999999,10.563333333333333
0.022,1.0,0.5,0.0769230769230769,0.8333333333333333,0.6666666666666665,1.0,0.6666666666666666,1.0,0.0,0.0,1.0,0.0,0.3333333333333333,0.0,0.15833333333333333,10.0,0.0,10.348333333333333
0.0275,0.3333333333333333,0.0,1.0,0.1666666666666666,0.1111111111111111,1.0,0.3333333333333333,1.0,0.0,0.0,0.0,0.0,0.6666666666666666,0.6666666666666666,0.03055555555555555,10.0,0.0,10.067222222222222
0.033,1.0,0.5,0.7692307692307693,0.8333333333333333,0.1666666666666666,0.5,0.0,0.0,0.0,0.2,0.6666666666666666,0.0,0.3333333333333333,0.3333333333333333,0.1333333333333333,10.0,0.0,10.293333333333333
0.0385,1.0,0.5,0.4615384615384615,0.8333333333333333,0.0,0.0,0.0,0.5,0.0,0.2,0.3333333333333333,0.0,0.0,0.0,0.12499999999999999,10.0,0.0,10.275
0.044,0.6666666666666666,0.5,0.0,0.5,0.4444444444444445,0.0,1.0,1.0,0.0,0.2,0.0,0.0,0.3333333333333333,0.0,0.09722222222222222,10.0,0.0,10.213888888888889
0.0495,1.0,1.0,0.3846153846153846,1.0,0.0,0.5,0.0,1.0,0.0,0.0,1.0,0.0833333333333333,0.0,1.0,0.15,10.0,0.12499999999999994,10.4925
0.055,0.3333333333333333,0.0,0.3846153846153846,0.5,0.2777777777777777,1.0,0.3333333333333333,0.0,0.0,0.2,0.3333333333333333,0.0833333333333333,0.3333333333333333,1.0,0.08888888888888889,10.0,0.12499999999999994,10.358055555555556
0.061,0.0,0.0,0.7692307692307693,0.1666666666666666,0.8888888888888888,0.5,0.0,1.0,0.0,0.4,1.0,0.0,0.3333333333333333,0.3333333333333333,0.06944444444444443,10.0,0.0,10.152777777777779
0.0665,0.0,1.0,0.5384615384615385,0.1666666666666666,0.1666666666666666,0.0,1.0,0.5,0.0,0.0,1.0,0.0,0.0,1.0,0.03333333333333332,10.0,0.0,10.073333333333334
0.072,0.6666666666666666,1.0,0.0,0.6666666666666666,0.2222222222222222,0.0,1.0,0.5,0.0,0.4,0.0,0.0,0.0,0.0,0.1111111111111111,10.0,0.0,10.244444444444444
0.0775,0.6666666666666666,0.5,0.4615384615384615,0.5,0.9444444444444444,0.5,0.6666666666666666,0.0,0.0,0.4,1.0,0.0,0.3333333333333333,0.3333333333333333,0.12222222222222223,10.0,0.0,10.268888888888888
0.083,0.3333333333333333,0.5,0.5384615384615385,0.3333333333333333,0.5555555555555556,0.0,0.0,0.5,0.0,0.0,0.6666666666666666,0.0,0.3333333333333333,1.0,0.07777777777777777,10.0,0.0,10.171111111111111
0.0885,0.0,0.0,0.6923076923076923,0.1666666666666666,0.4444444444444445,0.0,0.3333333333333333,1.0,0.0,0.4,0.3333333333333333,0.0,1.0,0.3333333333333333,0.047222222222222214,10.0,0.0,10.10388888888889
0.094,0.0,0.0,0.2307692307692307,0.1666666666666666,0.6111111111111112,0.0,0.0,1.0,0.0,0.6000000000000001,0.6666666666666666,0.0,0.0,1.0,0.05555555555555555,10.0,0.0,10.122222222222222
0.0995,0.6666666666666666,0.0,0.0769230769230769,0.3333333333333333,0.5555555555555556,1.0,0.6666666666666666,0.0,0.0,0.0,0.0,0.0833333333333333,0.6666666666666666,0.6666666666666666,0.07777777777777777,10.0,0.12499999999999994,10.33361111111111
0.105,0.0,0.0,0.3846153846153846,0.1666666666666666,0.2777777777777777,1.0,0.0,0.5,0.0,0.2,0.6666666666666666,0.0,0.3333333333333333,0.0,0.038888888888888876,10.0,0.0,10.085555555555555
0.1105,0.6666666666666666,0.0,0.4615384615384615,0.5,0.3888888888888889,1.0,0.0,0.5,0.0,0.2,0.6666666666666666,0.0,0.3333333333333333,0.3333333333333333,0.09444444444444444,10.0,0.0,10.207777777777778
0.1165,0.6666666666666666,1.0,0.2307692307692307,0.5,0.5555555555555556,0.5,0.3333333333333333,0.5,0.0,0.0,0.0,0.0,0.6666666666666666,0.3333333333333333,0.10277777777777777,10.0,0.0,10.226111111111111
0.122,0.6666666666666666,1.0,0.7692307692307693,0.5,0.4444444444444445,1.0,1.0,0.0,0.0,0.0,0.6666666666666666,0.0,0.6666666666666666,0.0,0.09722222222222222,10.0,0.0,10.213888888888889
0.1275,0.6666666666666666,0.0,0.5384615384615385,0.5,0.7777777777777777,0.0,0.6666666666666666,1.0,0.0,0.0,0.6666666666666666,0.0833333333333333,0.0,0.6666666666666666,0.11388888888888889,10.0,0.12499999999999994,10.413055555555555
0.133,0.3333333333333333,0.0,0.9230769230769232,0.1666666666666666,0.0,0.0,0.3333333333333333,0.0,0.0,0.0,1.0,0.0,0.3333333333333333,0.0,0.024999999999999994,10.0,0.0,10.055
0.1385,1.0,0.0,0.4615384615384615,0.5,0.2222222222222222,1.0,0.0,0.0,0.0,0.4,0.0,0.0833333333333333,0.0,0.3333333333333333,0.08611111111111111,10.0,0.12499999999999994,10.351944444444444
0.144,0.6666666666666666,0.0,0.3846153846153846,0.6666666666666666,0.2777777777777777,0.5,0.0,0.0,0.0,0.2,0.6666666666666666,0.0,0.0,0.3333333333333333,0.11388888888888887,10.0,0.0,10.250555555555556
0.1495,0.6666666666666666,0.5,0.1538461538461538,0.5,0.9444444444444444,0.5,0.6666666666666666,0.0,0.0,0.2,0.0,0.0,0.0,0.3333333333333333,0.12222222222222223,10.0,0.0,10.268888888888888
0.155,1.0,1.0,0.9230769230769232,1.0,0.4444444444444445,1.0,0.6666666666666666,0.5,0.0,0.2,0.0,0.0,0.3333333333333333,0.0,0.17222222222222222,10.0,0.0,10.37888888888889
0.1605,0.3333333333333333,0.0,0.3846153846153846,0.3333333333333333,0.2777777777777777,1.0,1.0,0.0,0.0,0.2,0.6666666666666666,0.0833333333333333,0.0,0.0,0.06388888888888888,10.0,0.12499999999999994,10.303055555555556
0.166,0.6666666666666666,1.0,1.0,0.3333333333333333,0.3888888888888889,0.5,1.0,0.5,0.0,0.0,0.3333333333333333,0.0,0.6666666666666666,0.0,0.06944444444444445,10.0,0.0,10.152777777777779
0.172,0.3333333333333333,1.0,0.0,0.5,0.3888888888888889,0.5,0.6666666666666666,1.0,0.0,0.0,0.3333333333333333,0.0833333333333333,0.0,0.3333333333333333,0.09444444444444444,10.0,0.12499999999999994,10.370277777777778
0.1775,0.3333333333333333,0.0,0.6153846153846154,0.3333333333333333,0.1111111111111111,0.5,0.0,0.0,0.0,0.0,0.0,0.0,0.3333333333333333,0.3333333333333333,0.05555555555555555,10.0,0.0,10.122222222222222
0.183,0.3333333333333333,0.5,0.9230769230769232,0.1666666666666666,0.6111111111111112,1.0,0.3333333333333333,0.5,0.0,0.6000000000000001,0.0,0.0,1.0,0.0,0.05555555555555555,10.0,0.0,10.122222222222222
0.1885,0.6666666666666666,0.5,0.2307692307692307,0.5,0.4444444444444445,0.5,0.0,0.0,0.0,0.0,0.6666666666666666,0.0,0.3333333333333333,1.0,0.09722222222222222,10.0,0.0,10.213888888888889
0.194,0.6666666666666666,0.0,0.2307692307692307,0.5,0.0555555555555555,0.0,0.3333333333333333,0.0,0.0,0.6000000000000001,0.3333333333333333,0.0,0.3333333333333333,1.0,0.07777777777777777,10.0,0.0,10.171111111111111
0.1995,0.3333333333333333,0.0,0.8461538461538463,0.1666666666666666,0.2222222222222222,1.0,0.0,1.0,0.0,0.0,0.0,0.0,0.0,0.0,0.0361111111111111,10.0,0.0,10.079444444444444
0.205,0.3333333333333333,0.0,0.1538461538461538,0.5,0.4999999999999999,1.0,0.3333333333333333,1.0,0.0,0.2,1.0,0.0,1.0,0.6666666666666666,0.1,10.0,0.0,10.22
0.2105,0.0,0.0,0.7692307692307693,0.1666666666666666,0.1111111111111111,1.0,0.6666666666666666,1.0,0.0,0.2,0.0,0.0,0.0,1.0,0.03055555555555555,10.0,0.0,10.067222222222222
0.216,0.6666666666666666,0.5,0.2307692307692307,0.3333333333333333,0.0,1.0,0.3333333333333333,0.0,0.0,0.6000000000000001,0.6666666666666666,0.0,1.0,0.3333333333333333,0.049999999999999996,10.0,0.0,10.11
0.2215,0.3333333333333333,0.0,0.5384615384615385,0.1666666666666666,0.7222222222222221,0.5,1.0,1.0,0.0,0.4,1.0,0.0,0.3333333333333333,0.3333333333333333,0.0611111111111111,10.0,0.0,10.134444444444444
0.2275,0.3333333333333333,0.5,0.7692307692307693,0.1666666666666666,1.0,0.0,1.0,1.0,0.0,0.0,0.0,0.0,0.0,0.0,0.075,10.0,0.0,10.165
0.233,0.0,1.0,1.0,0.0,0.3333333333333333,0.5,0.3333333333333333,1.0,0.0,0.4,0.6666666666666666,0.0833333333333333,0.0,0.0,0.016666666666666663,10.0,0.12499999999999994,10.199166666666667
0.2385,0.0,1.0,1.0,0.1666666666666666,0.2777777777777777,0.0,1.0,1.0,0.0,0.0,0.0,0.0,0.0,1.0,0.038888888888888876,10.0,0.0,10.085555555555555
0.244,0.6666666666666666,1.0,0.7692307692307693,0.5,0.2777777777777777,0.5,0.6666666666666666,0.0,0.0,1.0,0.6666666666666666,0.0833333333333333,0.0,0.3333333333333333,0.08888888888888889,10.0,0.12499999999999994,10.358055555555556
0.2495,1.0,1.0,0.5384615384615385,0.8333333333333333,0.7777777777777777,0.5,0.0,1.0,0.0,0.2,0.6666666666666666,0.0,1.0,0.0,0.16388888888888886,10.0,0.0,10.360555555555555
0.255,0.3333333333333333,1.0,0.6153846153846154,0.3333333333333333,0.1666666666666666,1.0,1.0,0.5,0.0,0.0,0.3333333333333333,0.0,0.3333333333333333,0.3333333333333333,0.05833333333333332,10.0,0.0,10.128333333333334
0.2605,0.3333333333333333,0.5,0.5384615384615385,0.1666666666666666,0.7777777777777777,1.0,0.6666666666666666,0.5,0.0,0.0,0.6666666666666666,0.1666666666666666,0.3333333333333333,0.3333333333333333,0.06388888888888888,10.0,0.2499999999999999,10.465555555555556
0.266,0.3333333333333333,0.0,0.9230769230769232,0.3333333333333333,1.0,1.0,0.0,1.0,0.0,0.0,0.0,0.0,1.0,0.6666666666666666,0.1,10.0,0.0,10.22
0.2715,0.3333333333333333,1.0,0.7692307692307693,0.1666666666666666,0.4999999999999999,1.0,1.0,1.0,0.0,0.0,0.3333333333333333,0.0,1.0,0.3333333333333333,0.04999999999999999,10.0,0.0,10.11
0.277,0.6666666666666666,0.5,0.7692307692307693,0.6666666666666666,0.0555555555555555,1.0,1.0,1.0,0.0,0.2,0.6666666666666666,0.0,1.0,0.0,0.10277777777777776,10.0,0.0,10.226111111111111
0.283,0.6666666666666666,1.0,0.4615384615384615,0.6666666666666666,0.6666666666666665,0.0,0.3333333333333333,0.5,0.0,0.2,1.0,0.0,0.0,0.3333333333333333,0.1333333333333333,10.0,0.0,10.293333333333333
0.2885,0.3333333333333333,1.0,0.5384615384615385,0.3333333333333333,0.0555555555555555,1.0,1.0,0.0,0.0,0.4,0.3333333333333333,0.0,0.0,1.0,0.05277777777777777,10.0,0.0,10.116111111111111
0.294,0.0,1.0,0.8461538461538463,0.1666666666666666,0.0,0.5,1.0,0.5,0.0,0.0,0.3333333333333333,0.0,1.0,0.3333333333333333,0.024999999999999994,10.0,0.0,10.055
0.2995,0.6666666666666666,1.0,0.9230769230769232,0.3333333333333333,0.1666666666666666,1.0,1.0,0.0,0.0,0.2,0.0,0.0,0.3333333333333333,0.0,0.05833333333333332,10.0,0.0,10.128333333333334
0.305,1.0,0.0,0.7692307692307693,0.6666666666666666,0.3888888888888889,1.0,0.6666666666666666,1.0,0.0,0.2,1.0,0.0,0.0,0.6666666666666666,0.11944444444444442,10.0,0.0,10.262777777777778
0.3105,0.6666666666666666,1.0,0.5384615384615385,0.3333333333333333,0.5555555555555556,0.5,0.3333333333333333,0.0,0.0,0.0,0.0,0.0,0.3333333333333333,0.3333333333333333,0.07777777777777777,10.0,0.0,10.171111111111111
0.316,0.6666666666666666,0.0,1.0,0.3333333333333333,0.4999999999999999,0.5,0.6666666666666666,0.5,0.0,0.4,0.3333333333333333,0.0,1.0,0.6666666666666666,0.07499999999999998,10.0,0.0,10.165
0.3215,0.3333333333333333,1.0,0.7692307692307693,0.1666666666666666,0.8888888888888888,0.5,0.0,1.0,0.0,0.2,0.6666666666666666,0.0833333333333333,0.6666666666666666,0.3333333333333333,0.06944444444444443,10.0,0.12499999999999994,10.315277777777778
0.327,0.6666666666666666,0.5,0.6153846153846154,0.5,0.2222222222222222,0.0,0.0,1.0,0.0,0.2,1.0,0.0,0.0,1.0,0.08611111111111111,10.0,0.0,10.189444444444444
0.3325,0.3333333333333333,1.0,0.6153846153846154,0.3333333333333333,0.3333333333333333,0.5,0.0,0.0,0.0,0.0,0.0,0.0,0.3333333333333333,1.0,0.06666666666666665,10.0,0.0,10.146666666666667
0.3385,1.0,0.0,0.6923076923076923,0.8333333333333333,0.8888888888888888,0.0,0.0,1.0,0.0,0.2,0.0,0.0,1.0,0.6666666666666666,0.16944444444444443,10.0,0.0,10.372777777777777
0.344,0.3333333333333333,0.0,0.3846153846153846,0.5,0.3333333333333333,1.0,0.6666666666666666,0.0,0.0,0.4,0.3333333333333333,0.0833333333333333,0.6666666666666666,0.3333333333333333,0.09166666666666666,10.0,0.12499999999999994,10.364166666666666
0.3495,0.6666666666666666,0.5,0.4615384615384615,0.6666666666666666,0.2777777777777777,0.5,0.0,1.0,0.3333333333333333,0.0,0.0,0.0,0.0,0.0,0.11388888888888887,10.0,0.0,10.250555555555556
0.355,0.3333333333333333,0.0,0.4615384615384615,0.5,0.0555555555555555,0.5,1.0,0.5,0.0,0.4,0.0,0.0,0.0,0.6666666666666666,0.07777777777777777,10.0,0.0,10.171111111111111
0.3605,1.0,1.0,0.8461538461538463,0.5,0.8333333333333333,1.0,1.0,1.0,0.0,0.0,0.0,0.0,0.0,1.0,0.11666666666666665,10.0,0.0,10.256666666666666
0.366,0.3333333333333333,1.0,0.5384615384615385,0.5,0.2777777777777777,1.0,1.0,0.5,0.0,0.0,0.3333333333333333,0.0,0.6666666666666666,0.6666666666666666,0.08888888888888889,10.0,0.0,10.195555555555556
0.3715,0.3333333333333333,1.0,0.6153846153846154,0.3333333333333333,0.6111111111111112,0.5,0.3333333333333333,1.0,0.0,0.0,0.0,0.0,0.6666666666666666,0.6666666666666666,0.08055555555555555,10.0,0.0,10.177222222222222
0.377,0.3333333333333333,0.0,1.0,0.5,0.0,1.0,0.3333333333333333,0.0,0.0,0.0,1.0,0.0833333333333333,0.6666666666666666,0.3333333333333333,0.075,10.0,0.12499999999999994,10.327499999999999
0.3825,0.3333333333333333,1.0,0.0,0.3333333333333333,0.9444444444444444,0.5,0.3333333333333333,1.0,0.0,0.0,0.0,0.0833333333333333,0.3333333333333333,0.0,0.09722222222222221,10.0,0.12499999999999994,10.376388888888888
0.388,1.0,1.0,1.0,0.8333333333333333,0.4444444444444445,0.0,0.0,0.5,0.0,0.2,0.0,0.0833333333333333,0.3333333333333333,0.0,0.1472222222222222,10.0,0.12499999999999994,10.486388888888888
0.394,0.0,1.0,0.8461538461538463,0.1666666666666666,0.9444444444444444,1.0,0.3333333333333333,0.0,0.0,0.0,0.0,0.0,0.0,0.3333333333333333,0.07222222222222222,10.0,0.0,10.158888888888889
0.3995,0.3333333333333333,1.0,0.6923076923076923,0.3333333333333333,0.5555555555555556,1.0,0.3333333333333333,0.0,0.0,0.0,0.6666666666666666,0.0,0.0,0.3333333333333333,0.07777777777777777,10.0,0.0,10.171111111111111
0.405,0.0,0.0,1.0,0.0,0.9444444444444444,0.0,1.0,0.5,0.0,0.8,1.0,0.0,1.0,0.3333333333333333,0.04722222222222222,10.0,0.0,10.10388888888889
0.4105,0.6666666666666666,1.0,0.0,0.5,0.4999999999999999,0.5,0.6666666666666666,1.0,0.0,0.0,0.3333333333333333,0.1666666666666666,1.0,0.0,0.1,10.0,0.2499999999999999,10.545
0.416,1.0,1.0,0.7692307692307693,0.8333333333333333,0.7222222222222221,1.0,0.3333333333333333,0.0,0.0,0.0,0.0,0.0,0.0,0.3333333333333333,0.1611111111111111,10.0,0.0,10.354444444444445
0.4215,0.6666666666666666,1.0,0.6153846153846154,0.5,0.3888888888888889,1.0,0.6666666666666666,0.0,0.0,0.2,0.6666666666666666,0.0833333333333333,0.0,0.3333333333333333,0.09444444444444444,10.0,0.12499999999999994,10.370277777777778
0.427,0.6666666666666666,0.0,0.3076923076923077,0.6666666666666666,0.0555555555555555,0.0,0.0,0.0,0.0,0.2,0.3333333333333333,0.0,0.0,0.0,0.10277777777777776,10.0,0.0,10.226111111111111
0.4325,0.3333333333333333,1.0,0.2307692307692307,0.5,0.0,1.0,1.0,0.0,0.0,0.4,1.0,0.0,0.0,0.0,0.075,10.0,0.0,10.165
0.438,1.0,0.0,0.6923076923076923,0.5,0.7222222222222221,0.0,1.0,1.0,0.0,0.0,1.0,0.0833333333333333,0.0,0.0,0.11111111111111112,10.0,0.12499999999999994,10.406944444444445
0.4435,0.6666666666666666,0.0,0.5384615384615385,0.5,0.0,1.0,1.0,1.0,0.0,0.2,0.3333333333333333,0.0,0.6666666666666666,1.0,0.075,10.0,0.0,10.165
0.4495,0.3333333333333333,0.0,0.6153846153846154,0.5,0.6111111111111112,0.5,0.6666666666666666,0.5,0.0,0.0,0.0,0.0,0.3333333333333333,1.0,0.10555555555555556,10.0,0.0,10.232222222222223
0.455,0.6666666666666666,0.0,0.4615384615384615,0.5,0.2777777777777777,0.5,0.3333333333333333,1.0,0.0,0.4,1.0,0.0,1.0,0.3333333333333333,0.08888888888888889,10.0,0.0,10.195555555555556
0.4605,0.3333333333333333,0.0,0.3846153846153846,0.5,0.3333333333333333,0.5,1.0,1.0,0.0,0.0,1.0,0.0,0.0,0.0,0.09166666666666666,10.0,0.0,10.201666666666666
0.466,0.6666666666666666,0.0,1.0,0.5,0.1111111111111111,0.0,0.0,0.0,0.0,0.6000000000000001,0.3333333333333333,0.0833333333333333,0.0,1.0,0.08055555555555556,10.0,0.12499999999999994,10.339722222222221
0.4715,0.3333333333333333,1.0,0.1538461538461538,0.1666666666666666,0.3888888888888889,1.0,0.0,0.0,0.0,0.0,0.6666666666666666,0.0,0.0,0.0,0.044444444444444446,10.0,0.0,10.097777777777777
0.477,0.6666666666666666,1.0,0.8461538461538463,0.5,0.5555555555555556,0.0,0.0,0.5,0.0,0.2,1.0,0.0,0.3333333333333333,1.0,0.10277777777777777,10.0,0.0,10.226111111111111
0.4825,0.3333333333333333,0.5,0.1538461538461538,0.3333333333333333,0.2222222222222222,1.0,0.6666666666666666,1.0,0.0,0.0,0.0,0.0,0.0,1.0,0.0611111111111111,10.0,0.0,10.134444444444444
0.488,0.6666666666666666,0.0,1.0,0.6666666666666666,0.7222222222222221,0.0,0.3333333333333333,1.0,0.0,0.2,1.0,0.0,0.0,0.6666666666666666,0.1361111111111111,10.0,0.0,10.299444444444445
0.4935,1.0,1.0,0.2307692307692307,0.6666666666666666,0.3888888888888889,0.0,1.0,0.5,0.0,0.0,0.6666666666666666,0.0,0.3333333333333333,0.3333333333333333,0.11944444444444442,10.0,0.0,10.262777777777778
0.499,1.0,0.0,0.1538461538461538,0.6666666666666666,0.3333333333333333,1.0,0.3333333333333333,1.0,0.3333333333333333,0.2,0.0,0.0,1.0,1.0,0.11666666666666665,10.0,0.0,10.256666666666666
0.505,0.6666666666666666,1.0,0.3076923076923077,0.6666666666666666,0.8888888888888888,1.0,0.0,0.5,0.0,0.0,1.0,0.0,0.0,0.3333333333333333,0.14444444444444443,10.0,0.0,10.317777777777778
0.5105000000000001,0.6666666666666666,0.0,0.1538461538461538,0.5,0.5555555555555556,1.0,0.6666666666666666,0.5,0.0,0.4,0.6666666666666666,0.0833333333333333,0.0,0.3333333333333333,0.10277777777777777,10.0,0.12499999999999994,10.38861111111111
0.516,0.3333333333333333,0.0,0.2307692307692307,0.3333333333333333,0.7222222222222221,0.0,0.0,1.0,0.0,0.0,1.0,0.0,0.3333333333333333,0.3333333333333333,0.0861111111111111,10.0,0.0,10.189444444444444
0.5215,0.6666666666666666,1.0,0.6923076923076923,0.3333333333333333,0.9444444444444444,1.0,0.3333333333333333,0.0,0.0,0.2,0.3333333333333333,0.0,0.0,0.6666666666666666,0.09722222222222221,10.0,0.0,10.213888888888889
0.527,0.6666666666666666,0.0,0.7692307692307693,0.3333333333333333,0.3888888888888889,0.5,0.3333333333333333,1.0,0.0,0.4,0.6666666666666666,0.0,0.0,0.3333333333333333,0.06944444444444445,10.0,0.0,10.152777777777779
0.5325,0.6666666666666666,1.0,0.8461538461538463,0.3333333333333333,0.5555555555555556,1.0,0.6666666666666666,1.0,0.0,0.2,0.0,0.0,0.0,1.0,0.07777777777777777,10.0,0.0,10.171111111111111
0.538,0.6666666666666666,0.0,0.0769230769230769,0.3333333333333333,0.3888888888888889,0.5,0.0,0.0,0.0,0.4,1.0,0.0,0.6666666666666666,1.0,0.06944444444444445,10.0,0.0,10.152777777777779
0.5435,0.3333333333333333,0.5,0.5384615384615385,0.1666666666666666,0.1666666666666666,0.5,0.6666666666666666,1.0,0.0,0.0,1.0,0.0,0.0,0.3333333333333333,0.03333333333333332,10.0,0.0,10.073333333333334
0.549,0.6666666666666666,0.0,0.0769230769230769,0.5,0.0555555555555555,0.5,0.3333333333333333,0.5,0.0,1.0,0.6666666666666666,0.0,0.3333333333333333,1.0,0.07777777777777777,10.0,0.0,10.171111111111111
0.5545,0.3333333333333333,1.0,0.6153846153846154,0.1666666666666666,0.9444444444444444,0.5,0.6666666666666666,0.5,0.0,0.4,1.0,0.0833333333333333,0.0,0.3333333333333333,0.07222222222222222,10.0,0.12499999999999994,10.321388888888889
0.5565,0.0,1.0,0.6923076923076923,0.1666666666666666,0.6666666666666665,1.0,0.6666666666666666,0.0,0.0,0.2,0.6666666666666666,0.0,1.0,0.0,0.05833333333333332,10.0,0.0,10.128333333333334
0.557,1.0,0.0,0.4615384615384615,0.8333333333333333,0.8888888888888888,0.0,0.0,0.5,0.0,0.2,1.0,0.0,0.3333333333333333,0.6666666666666666,0.16944444444444443,10.0,0.0,10.372777777777777
0.5575,0.3333333333333333,1.0,0.3076923076923077,0.1666666666666666,0.9444444444444444,0.5,0.0,0.5,0.0,0.6000000000000001,0.6666666666666666,0.0,0.6666666666666666,0.0,0.07222222222222222,10.0,0.0,10.158888888888889
0.558,1.0,0.5,0.7692307692307693,0.5,0.0555555555555555,0.0,1.0,0.0,0.0,0.0,0.3333333333333333,0.0,0.3333333333333333,0.3333333333333333,0.07777777777777777,10.0,0.0,10.171111111111111
0.5585,0.0,0.5,0.6923076923076923,0.1666666666666666,0.6666666666666665,0.5,0.0,0.0,0.0,0.2,0.6666666666666666,0.0,0.0,0.3333333333333333,0.05833333333333332,10.0,0.0,10.128333333333334
0.559,0.3333333333333333,0.5,0.5384615384615385,0.1666666666666666,0.5555555555555556,0.5,0.3333333333333333,1.0,0.0,0.2,0.0,0.0,0.0,1.0,0.05277777777777777,10.0,0.0,10.116111111111111
0.5595,0.6666666666666666,1.0,0.8461538461538463,0.5,0.4444444444444445,0.0,0.3333333333333333,1.0,0.0,0.0,0.3333333333333333,0.0833333333333333,1.0,0.6666666666666666,0.09722222222222222,10.0,0.12499999999999994,10.376388888888888
0.56,0.3333333333333333,0.5,0.6153846153846154,0.3333333333333333,0.7777777777777777,0.0,0.6666666666666666,0.5,0.0,0.4,1.0,0.0833333333333333,0.0,0.0,0.08888888888888889,10.0,0.12499999999999994,10.358055555555556
0.5605,0.3333333333333333,1.0,0.0769230769230769,0.3333333333333333,0.2777777777777777,0.0,0.6666666666666666,0.5,0.0,0.4,0.3333333333333333,0.0,0.6666666666666666,0.0,0.06388888888888888,10.0,0.0,10.140555555555556
0.561,0.3333333333333333,0.5,0.2307692307692307,0.1666666666666666,1.0,0.0,0.6666666666666666,0.0,0.0,0.0,0.0,0.0,0.0,0.3333333333333333,0.075,10.0,0.0,10.165
0.562,0.3333333333333333,0.5,0.8461538461538463,0.5,0.1666666666666666,0.0,1.0,0.0,0.0,0.0,0.0,0.0,0.3333333333333333,0.3333333333333333,0.08333333333333333,10.0,0.0,10.183333333333334
0.5625,1.0,0.0,0.9230769230769232,0.8333333333333333,0.4444444444444445,0.0,0.3333333333333333,1.0,0.0,0.2,0.6666666666666666,0.0,0.3333333333333333,0.3333333333333333,0.1472222222222222,10.0,0.0,10.323888888888888
0.5630000000000001,1.0,0.5,0.9230769230769232,1.0,0.6666666666666665,0.5,1.0,0.5,0.0,0.4,0.0,0.0,0.3333333333333333,1.0,0.18333333333333332,10.0,0.0,10.403333333333332
0.5635,0.6666666666666666,0.5,0.8461538461538463,0.3333333333333333,0.7222222222222221,0.0,1.0,0.0,0.0,0.0,1.0,0.0,0.0,0.3333333333333333,0.0861111111111111,10.0,0.0,10.189444444444444
0.5640000000000001,0.6666666666666666,0.5,0.6923076923076923,0.5,0.4444444444444445,1.0,0.6666666666666666,1.0,0.0,0.0,0.0,0.0,1.0,1.0,0.09722222222222222,10.0,0.0,10.213888888888889
0.5645,0.0,0.0,0.8461538461538463,0.0,1.0,0.0,0.3333333333333333,0.5,0.0,0.0,0.6666666666666666,0.0,0.0,0.0,0.05,10.0,0.0,10.11
0.5650000000000001,0.3333333333333333,0.5,0.7692307692307693,0.3333333333333333,0.8888888888888888,0.0,1.0,1.0,0.0,0.0,0.6666666666666666,0.0,1.0,1.0,0.09444444444444443,10.0,0.0,10.207777777777778
0.5655,0.3333333333333333,1.0,0.6153846153846154,0.3333333333333333,0.4999999999999999,1.0,1.0,0.0,0.0,0.4,0.3333333333333333,0.0,0.3333333333333333,0.0,0.07499999999999998,10.0,0.0,10.165
0.5660000000000001,0.6666666666666666,0.5,0.0769230769230769,0.5,0.1666666666666666,0.0,0.3333333333333333,0.5,0.0,0.0,0.0,0.0,0.0,1.0,0.08333333333333333,10.0,0.0,10.183333333333334
0.5665,0.3333333333333333,0.0,0.0,0.3333333333333333,0.9444444444444444,0.5,1.0,0.0,0.0,0.0,0.3333333333333333,0.0,0.6666666666666666,0.6666666666666666,0.09722222222222221,10.0,0.0,10.213888888888889
0.5675,0.6666666666666666,0.5,0.0,0.3333333333333333,0.6111111111111112,0.0,0.3333333333333333,0.5,0.0,0.6000000000000001,0.0,0.0,0.0,0.0,0.08055555555555555,10.0,0.0,10.177222222222222
0.5680000000000001,0.3333333333333333,0.5,0.0769230769230769,0.1666666666666666,0.7777777777777777,0.5,0.3333333333333333,1.0,0.0,0.2,0.6666666666666666,0.0833333333333333,0.3333333333333333,1.0,0.06388888888888888,10.0,0.12499999999999994,10.303055555555556
0.5685,0.6666666666666666,1.0,0.4615384615384615,0.5,0.1111111111111111,0.5,1.0,0.5,0.0,0.4,0.6666666666666666,0.0833333333333333,0.3333333333333333,0.6666666666666666,0.08055555555555556,10.0,0.12499999999999994,10.339722222222221
0.5690000000000001,1.0,0.0,0.4615384615384615,0.5,0.8333333333333333,0.5,0.0,1.0,0.0,0.4,0.0,0.0,0.0,0.3333333333333333,0.11666666666666665,10.0,0.0,10.256666666666666
0.5695,0.6666666666666666,0.0,0.2307692307692307,0.6666666666666666,0.2222222222222222,1.0,0.6666666666666666,0.5,0.0,0.0,0.3333333333333333,0.0,0.0,0.0,0.1111111111111111,10.0,0.0,10.244444444444444
0.5700000000000001,1.0,1.0,0.9230769230769232,1.0,0.1666666666666666,1.0,0.3333333333333333,0.5,0.0,0.0,1.0,0.0,0.0,0.3333333333333333,0.15833333333333335,10.0,0.0,10.348333333333333
0.5705,0.3333333333333333,0.0,0.6153846153846154,0.1666666666666666,0.1111111111111111,0.5,1.0,1.0,0.0,0.0,1.0,0.0,0.0,0.6666666666666666,0.03055555555555555,10.0,0.0,10.067222222222222
0.5710000000000001,0.3333333333333333,0.0,0.3076923076923077,0.1666666666666666,0.3888888888888889,0.5,0.0,0.0,0.0,0.4,0.0,0.0,0.3333333333333333,0.6666666666666666,0.044444444444444446,10.0,0.0,10.097777777777777
0.5715,0.0,0.5,0.3846153846153846,0.1666666666666666,0.9444444444444444,0.0,0.3333333333333333,0.0,0.0,0.2,0.3333333333333333,0.0,0.0,0.6666666666666666,0.07222222222222222,10.0,0.0,10.158888888888889
0.5720000000000001,0.3333333333333333,0.5,0.4615384615384615,0.3333333333333333,0.1666666666666666,1.0,0.6666666666666666,0.0,0.0,0.0,0.0,0.0,0.0,1.0,0.05833333333333332,10.0,0.0,10.128333333333334
0.5730000000000001,0.3333333333333333,1.0,1.0,0.3333333333333333,0.0555555555555555,1.0,1.0,0.0,0.0,0.0,1.0,0.0,0.3333333333333333,1.0,0.05277777777777777,10.0,0.0,10.116111111111111
0.5735,0.6666666666666666,0.0,0.3846153846153846,0.5,0.6666666666666665,1.0,0.6666666666666666,0.5,0.0,0.4,0.3333333333333333,0.0,0.3333333333333333,0.6666666666666666,0.10833333333333332,10.0,0.0,10.238333333333333
0.5740000000000001,0.3333333333333333,1.0,0.2307692307692307,0.3333333333333333,0.7222222222222221,1.0,0.6666666666666666,1.0,0.0,0.0,0.0,0.0833333333333333,0.0,1.0,0.0861111111111111,10.0,0.12499999999999994,10.351944444444444
0.5745,0.3333333333333333,1.0,0.9230769230769232,0.1666666666666666,0.0555555555555555,0.5,1.0,1.0,0.0,0.0,0.3333333333333333,0.0,0.0,0.0,0.02777777777777777,10.0,0.0,10.061111111111112
0.5750000000000001,0.3333333333333333,0.0,0.6153846153846154,0.5,0.1666666666666666,0.0,0.3333333333333333,0.0,0.0,0.0,0.3333333333333333,0.0833333333333333,0.6666666666666666,0.0,0.08333333333333333,10.0,0.12499999999999994,10.345833333333333
0.5755,0.6666666666666666,0.0,1.0,0.6666666666666666,0.3888888888888889,0.5,0.6666666666666666,0.0,0.0,0.0,0.3333333333333333,0.0,0.6666666666666666,0.0,0.11944444444444442,10.0,0.0,10.262777777777778
0.5760000000000001,0.6666666666666666,0.5,1.0,0.3333333333333333,0.0555555555555555,1.0,0.3333333333333333,0.0,0.0,1.0,1.0,0.0833333333333333,0.3333333333333333,0.0,0.05277777777777777,10.0,0.12499999999999994,10.278611111111111
0.5765,1.0,0.5,0.6153846153846154,1.0,0.7777777777777777,1.0,0.6666666666666666,0.0,0.0,0.2,0.3333333333333333,0.0,0.0,0.0,0.18888888888888888,10.0,0.0,10.415555555555555
0.577,0.3333333333333333,0.0,0.3076923076923077,0.5,0.0,0.0,0.6666666666666666,0.5,0.0,0.0,0.0,0.0,0.6666666666666666,1.0,0.075,10.0,0.0,10.165
0.5775,0.6666666666666666,1.0,0.3846153846153846,0.3333333333333333,0.3333333333333333,0.0,0.0,0.5,0.0,0.6000000000000001,1.0,0.0,0.6666666666666666,0.0,0.06666666666666665,10.0,0.0,10.146666666666667
0.5785,0.6666666666666666,0.0,0.9230769230769232,0.6666666666666666,0.0,0.0,1.0,0.5,0.0,0.2,0.0,0.0,0.3333333333333333,0.6666666666666666,0.09999999999999999,10.0,0.0,10.22
0.579,0.3333333333333333,0.0,0.3076923076923077,0.1666666666666666,0.2222222222222222,0.0,0.6666666666666666,0.0,0.0,0.0,0.6666666666666666,0.0,1.0,0.0,0.0361111111111111,10.0,0.0,10.079444444444444
0.5795,0.6666666666666666,1.0,0.6923076923076923,0.6666666666666666,0.7777777777777777,1.0,1.0,0.0,0.0,0.0,1.0,0.0,0.0,0.0,0.13888888888888887,10.0,0.0,10.305555555555555
0.58,0.3333333333333333,0.5,0.8461538461538463,0.3333333333333333,0.1111111111111111,0.5,0.6666666666666666,1.0,0.0,0.2,0.3333333333333333,0.0,0.0,1.0,0.05555555555555555,10.0,0.0,10.122222222222222
0.5805,0.3333333333333333,0.0,0.0769230769230769,0.3333333333333333,0.7777777777777777,0.0,1.0,0.5,0.0,0.2,0.0,0.0,0.3333333333333333,0.3333333333333333,0.08888888888888889,10.0,0.0,10.195555555555556
0.581,0.3333333333333333,1.0,0.3076923076923077,0.1666666666666666,0.1666666666666666,0.0,0.3333333333333333,0.0,0.0,0.0,1.0,0.0,0.3333333333333333,1.0,0.03333333333333332,10.0,0.0,10.073333333333334
0.5815,0.3333333333333333,0.0,0.0,0.3333333333333333,0.0,0.5,0.6666666666666666,1.0,0.0,0.2,0.0,0.0833333333333333,0.0,0.3333333333333333,0.049999999999999996,10.0,0.12499999999999994,10.272499999999999
0.582,0.6666666666666666,0.5,0.5384615384615385,0.5,0.3888888888888889,0.0,0.6666666666666666,1.0,0.0,0.0,1.0,0.0,0.0,1.0,0.09444444444444444,10.0,0.0,10.207777777777778
0.5825,1.0,0.0,1.0,1.0,0.8333333333333333,0.0,0.0,0.5,0.0,0.0,0.3333333333333333,0.0,0.0,1.0,0.19166666666666665,10.0,0.0,10.421666666666667
0.583,0.3333333333333333,0.0,1.0,0.3333333333333333,0.1666666666666666,0.0,0.0,0.5,0.0,0.2,0.3333333333333333,0.0,0.6666666666666666,0.6666666666666666,0.05833333333333332,10.0,0.0,10.128333333333334
0.584,0.6666666666666666,0.5,1.0,0.6666666666666666,0.1666666666666666,0.0,1.0,0.5,0.0,0.4,0.6666666666666666,0.0833333333333333,0.3333333333333333,1.0,0.10833333333333331,10.0,0.12499999999999994,10.400833333333333
0.5845,1.0,1.0,0.9230769230769232,0.5,0.2777777777777777,0.5,0.0,0.0,0.0,0.0,0.0,0.0,0.3333333333333333,0.3333333333333333,0.08888888888888889,10.0,0.0,10.195555555555556
0.585,0.6666666666666666,0.5,0.0,0.5,0.0555555555555555,0.5,0.6666666666666666,0.0,0.0,0.0,0.0,0.0833333333333333,0.6666666666666666,0.6666666666666666,0.07777777777777777,10.0,0.12499999999999994,10.33361111111111
0.5855,0.3333333333333333,1.0,0.0,0.5,0.4444444444444445,0.0,0.6666666666666666,0.5,0.0,0.0,0.0,0.1666666666666666,0.0,1.0,0.09722222222222222,10.0,0.2499999999999999,10.538888888888888
0.586,0.6666666666666666,0.0,0.7692307692307693,0.3333333333333333,0.2777777777777777,1.0,0.6666666666666666,0.0,0.0,0.0,0.3333333333333333,0.0,1.0,0.3333333333333333,0.06388888888888888,10.0,0.0,10.140555555555556
0.5865,0.6666666666666666,0.0,0.7692307692307693,0.5,0.1666666666666666,0.5,0.6666666666666666,1.0,0.0,0.0,0.6666666666666666,0.0,0.3333333333333333,0.6666666666666666,0.08333333333333333,10.0,0.0,10.183333333333334
0.587,0.3333333333333333,0.0,0.4615384615384615,0.5,1.0,0.5,0.3333333333333333,0.5,0.0,0.4,0.3333333333333333,0.0,0.6666666666666666,0.0,0.125,10.0,0.0,10.275
0.5875,0.6666666666666666,0.0,0.7692307692307693,0.5,0.2222222222222222,0.0,0.6666666666666666,1.0,0.0,0.0,0.0,0.0833333333333333,0.0,0.6666666666666666,0.08611111111111111,10.0,0.12499999999999994,10.351944444444444
0.588,0.3333333333333333,0.0,0.0769230769230769,0.3333333333333333,0.7777777777777777,0.0,1.0,1.0,0.0,0.0,0.0,0.0,0.0,0.3333333333333333,0.08888888888888889,10.0,0.0,10.195555555555556
0.5885,0.3333333333333333,1.0,0.8461538461538463,0.5,0.9444444444444444,1.0,0.3333333333333333,0.0,0.0,0.0,0.3333333333333333,0.0,0.0,0.6666666666666666,0.12222222222222223,10.0,0.0,10.268888888888888
0.5895,0.3333333333333333,0.5,0.5384615384615385,0.3333333333333333,0.6111111111111112,0.0,0.3333333333333333,0.5,0.0,0.2,0.0,0.0833333333333333,0.0,0.3333333333333333,0.08055555555555555,10.0,0.12499999999999994,10.339722222222221
0.59,1.0,0.0,0.5384615384615385,1.0,0.0,0.5,0.0,0.5,0.0,0.8,0.0,0.0833333333333333,0.6666666666666666,0.0,0.15,10.0,0.12499999999999994,10.4925
0.5905,0.3333333333333333,0.0,0.7692307692307693,0.1666666666666666,0.8333333333333333,1.0,1.0,1.0,0.0,0.0,0.3333333333333333,0.0,0.0,0.0,0.06666666666666665,10.0,0.0,10.146666666666667
0.591,0.3333333333333333,1.0,0.7692307692307693,0.5,0.8888888888888888,0.0,0.6666666666666666,0.0,0.0,0.2,1.0,0.0833333333333333,0.0,0.6666666666666666,0.11944444444444444,10.0,0.12499999999999994,10.425277777777778
0.5915,1.0,1.0,0.6923076923076923,0.8333333333333333,0.2777777777777777,0.5,0.0,0.5,0.0,0.0,0.0,0.0833333333333333,0.6666666666666666,0.3333333333333333,0.13888888888888887,10.0,0.12499999999999994,10.468055555555555
0.592,0.6666666666666666,0.5,0.0769230769230769,0.5,0.1111111111111111,1.0,0.0,1.0,0.0,0.0,0.3333333333333333,0.0,0.6666666666666666,0.6666666666666666,0.08055555555555556,10.0,0.0,10.177222222222222
0.5925,0.0,0.5,0.1538461538461538,0.0,0.9444444444444444,1.0,0.3333333333333333,1.0,0.0,0.6000000000000001,0.3333333333333333,0.0,0.3333333333333333,1.0,0.04722222222222222,10.0,0.0,10.10388888888889
0.593,0.3333333333333333,1.0,0.9230769230769232,0.5,0.0555555555555555,0.0,0.3333333333333333,0.5,0.0,0.4,1.0,0.0,0.3333333333333333,0.6666666666666666,0.07777777777777777,10.0,0.0,10.171111111111111
0.5935,0.6666666666666666,0.5,0.0,0.5,0.0555555555555555,1.0,0.3333333333333333,0.0,0.0,0.0,0.3333333333333333,0.0,0.6666666666666666,0.3333333333333333,0.07777777777777777,10.0,0.0,10.171111111111111
0.594,0.6666666666666666,0.0,0.9230769230769232,0.6666666666666666,0.9444444444444444,1.0,0.3333333333333333,0.0,0.0,0.2,1.0,0.0,0.3333333333333333,0.0,0.1472222222222222,10.0,0.0,10.323888888888888
0.595,0.6666666666666666,0.0,0.3076923076923077,0.3333333333333333,0.8333333333333333,0.0,1.0,0.0,0.0,0.0,0.3333333333333333,0.0,0.3333333333333333,0.3333333333333333,0.09166666666666666,10.0,0.0,10.201666666666666
0.5955,0.0,1.0,0.1538461538461538,0.0,0.1666666666666666,0.5,0.3333333333333333,0.0,0.0,0.0,0.6666666666666666,0.0,0.0,0.6666666666666666,0.00833333333333333,10.0,0.0,10.018333333333333
0.596,1.0,0.0,0.6923076923076923,1.0,0.7777777777777777,1.0,1.0,0.0,0.0,0.6000000000000001,0.0,0.0,0.3333333333333333,1.0,0.18888888888888888,10.0,0.0,10.415555555555555
0.5965,0.0,1.0,0.4615384615384615,0.0,0.7777777777777777,1.0,0.6666666666666666,0.5,0.0,1.0,0.0,0.0833333333333333,0.6666666666666666,0.6666666666666666,0.03888888888888888,10.0,0.12499999999999994,10.248055555555554
0.597,1.0,0.5,0.1538461538461538,0.8333333333333333,0.2777777777777777,0.0,1.0,1.0,0.0,0.6000000000000001,0.0,0.1666666666666666,0.3333333333333333,0.0,0.13888888888888887,10.0,0.2499999999999999,10.630555555555555
0.5975,0.0,0.5,0.7692307692307693,0.0,0.4444444444444445,1.0,0.3333333333333333,0.0,0.0,0.0,0.3333333333333333,0.0,0.3333333333333333,0.0,0.022222222222222227,10.0,0.0,10.04888888888889
0.598,0.3333333333333333,0.5,0.9230769230769232,0.3333333333333333,0.6111111111111112,1.0,0.0,0.0,0.0,0.0,0.3333333333333333,0.0,0.0,0.0,0.08055555555555555,10.0,0.0,10.177222222222222
0.5985,0.0,0.0,0.9230769230769232,0.1666666666666666,0.3333333333333333,0.5,0.6666666666666666,1.0,0.0,0.0,0.3333333333333333,0.0,0.0,0.0,0.04166666666666666,10.0,0.0,10.091666666666667
0.599,0.6666666666666666,0.5,0.0769230769230769,0.3333333333333333,0.5555555555555556,0.0,0.6666666666666666,0.5,0.0,0.0,0.3333333333333333,0.0,1.0,0.3333333333333333,0.07777777777777777,10.0,0.0,10.171111111111111
0.5995,0.3333333333333333,0.0,0.9230769230769232,0.5,0.0555555555555555,0.5,0.0,1.0,0.0,0.2,0.3333333333333333,0.0,0.3333333333333333,0.6666666666666666,0.07777777777777777,10.0,0.0,10.171111111111111
0.6005,1.0,0.0,0.1538461538461538,0.6666666666666666,0.1666666666666666,1.0,0.3333333333333333,0.5,0.0,0.2,0.0,0.0833333333333333,0.0,0.3333333333333333,0.10833333333333331,10.0,0.12499999999999994,10.400833333333333
0.601,0.6666666666666666,0.0,0.9230769230769232,0.6666666666666666,0.6111111111111112,0.5,0.6666666666666666,1.0,0.0,0.4,0.0,0.0,0.3333333333333333,0.6666666666666666,0.13055555555555554,10.0,0.0,10.287222222222223
0.6015,1.0,0.0,0.6153846153846154,0.5,0.1666666666666666,0.0,0.6666666666666666,0.0,0.0,0.0,1.0,0.0,0.0,0.3333333333333333,0.08333333333333333,10.0,0.0,10.183333333333334
0.602,0.3333333333333333,0.0,0.8461538461538463,0.1666666666666666,0.2777777777777777,0.5,0.3333333333333333,0.0,0.0,0.2,0.6666666666666666,0.0,0.0,1.0,0.038888888888888876,10.0,0.0,10.085555555555555
0.6025,1.0,0.0,0.0,0.5,0.5555555555555556,1.0,0.3333333333333333,1.0,0.0,0.0,1.0,0.0,0.0,0.6666666666666666,0.10277777777777777,10.0,0.0,10.226111111111111
0.603,0.3333333333333333,1.0,0.7692307692307693,0.5,0.7777777777777777,1.0,0.3333333333333333,0.0,0.0,0.0,0.3333333333333333,0.0,0.6666666666666666,0.6666666666666666,0.11388888888888889,10.0,0.0,10.250555555555556
0.6035,0.6666666666666666,1.0,0.9230769230769232,0.6666666666666666,0.5555555555555556,0.5,1.0,1.0,0.0,0.0,1.0,0.0,0.6666666666666666,0.3333333333333333,0.12777777777777777,10.0,0.0,10.28111111111111
0.604,0.6666666666666666,0.0,0.9230769230769232,0.3333333333333333,0.0555555555555555,0.5,0.0,0.5,0.0,0.0,0.6666666666666666,0.0,1.0,0.3333333333333333,0.05277777777777777,10.0,0.0,10.116111111111111
0.6045,0.6666666666666666,0.0,0.6923076923076923,0.5,0.6111111111111112,1.0,0.6666666666666666,0.5,0.0,0.0,1.0,0.0,0.0,0.0,0.10555555555555556,10.0,0.0,10.232222222222223
0.605,0.0,0.0,0.6923076923076923,0.1666666666666666,0.8888888888888888,1.0,1.0,0.0,0.0,0.0,1.0,0.0,0.3333333333333333,0.6666666666666666,0.06944444444444443,10.0,0.0,10.152777777777779
0.606,0.6666666666666666,0.5,0.6153846153846154,0.6666666666666666,0.6111111111111112,0.0,0.3333333333333333,1.0,0.0,0.0,0.6666666666666666,0.0,0.0,0.0,0.13055555555555554,10.0,0.0,10.287222222222223
0.6065,0.3333333333333333,1.0,0.3076923076923077,0.1666666666666666,0.6666666666666665,1.0,1.0,1.0,0.0,0.0,0.3333333333333333,0.0,0.0,0.0,0.05833333333333332,10.0,0.0,10.128333333333334
0.607,0.3333333333333333,0.0,0.8461538461538463,0.3333333333333333,0.8888888888888888,0.0,0.3333333333333333,0.0,0.0,0.0,0.6666666666666666,0.0,0.3333333333333333,0.6666666666666666,0.09444444444444443,10.0,0.0,10.207777777777778
0.6075,0.6666666666666666,1.0,0.7692307692307693,0.6666666666666666,0.4999999999999999,1.0,0.3333333333333333,1.0,0.3333333333333333,0.2,0.3333333333333333,0.0833333333333333,0.0,1.0,0.12499999999999997,10.0,0.12499999999999994,10.4375
0.608,0.3333333333333333,0.0,0.6153846153846154,0.5,0.0555555555555555,0.0,0.0,0.0,0.0,0.0,0.0,0.0,0.0,1.0,0.07777777777777777,10.0,0.0,10.171111111111111
0.6085,1.0,0.5,0.8461538461538463,0.6666666666666666,0.9444444444444444,0.5,0.6666666666666666,1.0,0.0,0.0,0.6666666666666666,0.0,0.0,0.3333333333333333,0.1472222222222222,10.0,0.0,10.323888888888888
0.609,0.6666666666666666,1.0,0.2307692307692307,0.5,0.6666666666666665,1.0,0.6666666666666666,1.0,0.0,0.0,0.6666666666666666,0.0,0.3333333333333333,0.6666666666666666,0.10833333333333332,10.0,0.0,10.238333333333333
0.6095,0.3333333333333333,0.0,1.0,0.5,0.1111111111111111,1.0,0.0,0.5,0.0,0.0,1.0,0.0833333333333333,0.0,0.6666666666666666,0.08055555555555556,10.0,0.12499999999999994,10.339722222222221
0.61,0.6666666666666666,1.0,0.3846153846153846,0.5,0.0,0.0,0.3333333333333333,1.0,0.0,0.0,0.3333333333333333,0.0,0.0,1.0,0.075,10.0,0.0,10.165
0.6105,0.3333333333333333,0.0,0.0769230769230769,0.5,0.6111111111111112,0.5,0.0,0.0,0.0,0.0,0.3333333333333333,0.0,0.3333333333333333,1.0,0.10555555555555556,10.0,0.0,10.232222222222223
0.612,0.3333333333333333,1.0,0.6923076923076923,0.3333333333333333,0.1666666666666666,0.5,1.0,1.0,0.0,0.0,0.6666666666666666,0.0,0.0,1.0,0.05833333333333332,10.0,0.0,10.128333333333334
0.6125,1.0,1.0,0.6923076923076923,0.8333333333333333,0.6666666666666665,0.5,0.3333333333333333,0.0,0.0,0.4,0.6666666666666666,0.0,0.3333333333333333,1.0,0.15833333333333333,10.0,0.0,10.348333333333333
0.613,0.6666666666666666,1.0,0.0,0.6666666666666666,0.8333333333333333,0.5,0.6666666666666666,0.5,0.0,0.2,0.0,0.0,0.0,1.0,0.14166666666666666,10.0,0.0,10.311666666666667
0.6135,0.3333333333333333,1.0,0.3846153846153846,0.3333333333333333,0.4444444444444445,0.5,0.6666666666666666,1.0,0.0,0.0,0.0,0.0,0.6666666666666666,0.0,0.07222222222222222,10.0,0.0,10.158888888888889
0.614,0.3333333333333333,1.0,0.0,0.1666666666666666,0.1666666666666666,0.0,0.3333333333333333,1.0,0.0,0.0,0.0,0.0,1.0,0.3333333333333333,0.03333333333333332,10.0,0.0,10.073333333333334
0.6145,0.3333333333333333,1.0,0.0769230769230769,0.1666666666666666,0.7777777777777777,1.0,0.3333333333333333,0.5,0.0,0.0,0.3333333333333333,0.0,0.0,1.0,0.06388888888888888,10.0,0.0,10.140555555555556
0.615,1.0,1.0,0.3076923076923077,0.8333333333333333,0.2222222222222222,0.5,1.0,1.0,0.0,0.4,1.0,0.0833333333333333,0.0,0.0,0.1361111111111111,10.0,0.12499999999999994,10.461944444444445
0.6155,0.0,0.5,0.5384615384615385,0.1666666666666666,1.0,1.0,0.0,1.0,0.0,0.8,0.0,0.0,0.0,0.3333333333333333,0.075,10.0,0.0,10.165
0.616,0.6666666666666666,1.0,0.6153846153846154,0.3333333333333333,0.6111111111111112,1.0,1.0,1.0,0.0,0.0,0.3333333333333333,0.0,0.0,0.3333333333333333,0.08055555555555555,10.0,0.0,10.177222222222222
0.6165,0.3333333333333333,0.5,0.0769230769230769,0.5,0.9444444444444444,1.0,1.0,0.0,0.0,0.4,0.3333333333333333,0.0,0.0,0.6666666666666666,0.12222222222222223,10.0,0.0,10.268888888888888
0.6175,0.3333333333333333,1.0,0.6153846153846154,0.1666666666666666,0.2777777777777777,0.5,0.0,1.0,0.0,0.0,0.6666666666666666,0.0,0.0,0.3333333333333333,0.038888888888888876,10.0,0.0,10.085555555555555
0.618,0.3333333333333333,0.0,0.9230769230769232,0.3333333333333333,0.4999999999999999,1.0,0.0,0.5,0.0,0.0,0.0,0.0,0.0,0.6666666666666666,0.07499999999999998,10.0,0.0,10.165
0.6185,0.3333333333333333,0.5,0.1538461538461538,0.3333333333333333,0.0,0.5,0.6666666666666666,0.0,0.0,0.2,0.6666666666666666,0.0,0.0,0.3333333333333333,0.049999999999999996,10.0,0.0,10.11
0.619,0.3333333333333333,1.0,0.6153846153846154,0.5,0.5555555555555556,1.0,0.6666666666666666,0.0,0.0,0.2,0.3333333333333333,0.0,0.3333333333333333,1.0,0.10277777777777777,10.0,0.0,10.226111111111111
0.6195,0.3333333333333333,1.0,0.3076923076923077,0.1666666666666666,0.9444444444444444,0.0,0.0,0.0,0.0,0.0,0.0,0.0,0.3333333333333333,0.3333333333333333,0.07222222222222222,10.0,0.0,10.158888888888889
0.62,0.3333333333333333,1.0,0.3076923076923077,0.1666666666666666,0.1666666666666666,1.0,0.6666666666666666,0.0,0.0,0.2,0.6666666666666666,0.0,0.0,1.0,0.03333333333333332,10.0,0.0,10.073333333333334
0.6205,0.3333333333333333,0.0,1.0,0.1666666666666666,0.4444444444444445,0.5,0.0,1.0,0.0,0.0,0.0,0.0833333333333333,1.0,0.3333333333333333,0.047222222222222214,10.0,0.12499999999999994,10.266388888888889
0.621,1.0,1.0,0.0769230769230769,1.0,0.0,0.0,0.3333333333333333,0.0,0.0,0.0,0.3333333333333333,0.0,0.0,0.0,0.15,10.0,0.0,10.33
0.6215,0.3333333333333333,0.0,0.7692307692307693,0.5,0.8888888888888888,0.0,0.6666666666666666,0.0,0.0,0.0,0.6666666666666666,0.0,1.0,0.0,0.11944444444444444,10.0,0.0,10.262777777777778
0.622,0.6666666666666666,1.0,0.7692307692307693,0.5,0.1111111111111111,0.0,0.3333333333333333,0.5,0.0,0.6000000000000001,0.0,0.0,0.0,1.0,0.08055555555555556,10.0,0.0,10.177222222222222
0.623,0.0,0.5,0.5384615384615385,0.0,0.1111111111111111,1.0,0.3333333333333333,0.5,0.0,0.6000000000000001,1.0,0.0,0.0,1.0,0.005555555555555556,10.0,0.0,10.012222222222222
0.6235,0.3333333333333333,0.5,0.3846153846153846,0.3333333333333333,0.7777777777777777,1.0,0.3333333333333333,0.5,0.0,0.0,0.6666666666666666,0.0,0.6666666666666666,1.0,0.08888888888888889,10.0,0.0,10.195555555555556
0.624,0.0,1.0,0.6923076923076923,0.0,0.2777777777777777,0.5,0.6666666666666666,0.0,0.0,0.4,1.0,0.0,0.3333333333333333,0.6666666666666666,0.013888888888888885,10.0,0.0,10.030555555555555
0.6245,0.6666666666666666,0.5,0.1538461538461538,0.5,0.3888888888888889,0.0,0.6666666666666666,0.5,0.0,0.4,1.0,0.0833333333333333,0.0,0.3333333333333333,0.09444444444444444,10.0,0.12499999999999994,10.370277777777778
0.625,0.3333333333333333,1.0,0.2307692307692307,0.3333333333333333,0.6111111111111112,0.5,1.0,0.0,0.0,0.0,0.3333333333333333,0.0,0.3333333333333333,0.0,0.08055555555555555,10.0,0.0,10.177222222222222
0.6255000000000001,0.6666666666666666,1.0,0.3076923076923077,0.3333333333333333,0.8333333333333333,0.0,0.6666666666666666,0.0,0.0,0.0,0.3333333333333333,0.0,1.0,0.0,0.09166666666666666,10.0,0.0,10.201666666666666
0.626,0.3333333333333333,0.5,0.3076923076923077,0.1666666666666666,0.0,1.0,0.6666666666666666,0.5,0.0,0.2,0.3333333333333333,0.0,0.6666666666666666,0.0,0.024999999999999994,10.0,0.0,10.055
0.6265000000000001,0.0,0.0,0.1538461538461538,0.1666666666666666,0.0,0.0,0.0,0.5,0.0,0.4,0.0,0.0,0.0,0.3333333333333333,0.024999999999999994,10.0,0.0,10.055
0.627,0.3333333333333333,0.0,0.5384615384615385,0.5,0.1666666666666666,0.5,0.6666666666666666,0.5,0.0,0.0,0.0,0.0833333333333333,0.0,0.3333333333333333,0.08333333333333333,10.0,0.12499999999999994,10.345833333333333
0.6275000000000001,0.3333333333333333,1.0,0.6153846153846154,0.1666666666666666,0.5555555555555556,0.0,1.0,1.0,0.0,0.2,0.6666666666666666,0.0833333333333333,0.0,0.6666666666666666,0.05277777777777777,10.0,0.12499999999999994,10.278611111111111
0.6285000000000001,1.0,0.0,0.6153846153846154,1.0,0.3888888888888889,0.5,0.3333333333333333,0.0,0.0,0.2,0.0,0.0,0.0,1.0,0.16944444444444445,10.0,0.0,10.372777777777777
0.629,0.6666666666666666,1.0,0.2307692307692307,0.3333333333333333,0.8333333333333333,1.0,0.0,0.0,0.0,0.2,0.3333333333333333,0.0833333333333333,0.0,0.0,0.09166666666666666,10.0,0.12499999999999994,10.364166666666666
0.6295000000000001,0.0,0.5,0.1538461538461538,0.1666666666666666,0.8888888888888888,1.0,0.3333333333333333,0.0,0.0,0.4,0.0,0.0833333333333333,0.6666666666666666,0.6666666666666666,0.06944444444444443,10.0,0.12499999999999994,10.315277777777778
0.63,0.6666666666666666,0.5,0.6153846153846154,0.6666666666666666,0.3888888888888889,1.0,0.3333333333333333,0.0,0.0,0.4,0.0,0.0,0.3333333333333333,0.0,0.11944444444444442,10.0,0.0,10.262777777777778
0.6305000000000001,0.3333333333333333,0.5,0.1538461538461538,0.5,0.4444444444444445,1.0,0.0,0.5,0.0,0.0,0.0,0.0,0.0,0.6666666666666666,0.09722222222222222,10.0,0.0,10.213888888888889
0.631,0.3333333333333333,0.5,0.3076923076923077,0.5,1.0,0.0,0.0,1.0,0.0,0.0,0.3333333333333333,0.0,1.0,0.0,0.125,10.0,0.0,10.275
0.6315000000000001,1.0,0.5,0.3076923076923077,0.6666666666666666,0.0555555555555555,0.0,1.0,1.0,0.0,0.0,0.6666666666666666,0.0,0.0,0.6666666666666666,0.10277777777777776,10.0,0.0,10.226111111111111
0.632,0.0,1.0,0.9230769230769232,0.1666666666666666,0.1111111111111111,0.0,0.3333333333333333,1.0,0.0,0.0,0.0,0.0,0.0,1.0,0.03055555555555555,10.0,0.0,10.067222222222222
0.6325000000000001,0.3333333333333333,0.5,0.4615384615384615,0.1666666666666666,0.3888888888888889,0.5,0.3333333333333333,0.5,0.0,0.0,0.3333333333333333,0.0,0.0,0.3333333333333333,0.044444444444444446,10.0,0.0,10.097777777777777
0.633,0.6666666666666666,0.0,0.6153846153846154,0.3333333333333333,0.2777777777777777,1.0,1.0,1.0,0.0,0.6000000000000001,0.0,0.0833333333333333,0.0,0.0,0.06388888888888888,10.0,0.12499999999999994,10.303055555555556
0.634,1.0,0.0,0.2307692307692307,1.0,0.5555555555555556,0.0,1.0,0.5,0.0,0.0,0.6666666666666666,0.0,0.3333333333333333,0.3333333333333333,0.17777777777777778,10.0,0.0,10.391111111111112
0.6345000000000001,0.3333333333333333,1.0,1.0,0.1666666666666666,0.1111111111111111,1.0,0.6666666666666666,1.0,0.0,0.0,0.0,0.0,0.3333333333333333,0.6666666666666666,0.03055555555555555,10.0,0.0,10.067222222222222
0.635,0.3333333333333333,0.0,0.5384615384615385,0.5,0.7222222222222221,1.0,0.0,1.0,0.0,0.0,0.6666666666666666,0.0,0.3333333333333333,0.6666666666666666,0.11111111111111112,10.0,0.0,10.244444444444445
0.6355000000000001,0.6666666666666666,0.0,0.6923076923076923,0.3333333333333333,0.9444444444444444,0.5,0.3333333333333333,1.0,0.0,0.2,0.6666666666666666,0.0,0.0,1.0,0.09722222222222221,10.0,0.0,10.213888888888889
0.636,0.6666666666666666,0.0,0.8461538461538463,0.6666666666666666,0.7222222222222221,1.0,0.3333333333333333,0.5,0.0,0.0,0.0,0.0,0.0,0.3333333333333333,0.1361111111111111,10.0,0.0,10.299444444444445
0.6365000000000001,0.3333333333333333,0.0,0.7692307692307693,0.1666666666666666,0.8888888888888888,0.0,0.6666666666666666,0.0,0.0,0.4,1.0,0.0,0.0,1.0,0.06944444444444443,10.0,0.0,10.152777777777779
0.637,0.6666666666666666,1.0,0.8461538461538463,0.5,1.0,0.0,0.6666666666666666,1.0,0.0,0.4,0.0,0.0,0.3333333333333333,0.0,0.125,10.0,0.0,10.275
0.6375000000000001,0.3333333333333333,1.0,0.9230769230769232,0.5,0.1666666666666666,0.0,0.6666666666666666,1.0,0.0,0.6000000000000001,0.0,0.0,1.0,0.6666666666666666,0.08333333333333333,10.0,0.0,10.183333333333334
0.638,0.3333333333333333,0.5,0.9230769230769232,0.1666666666666666,1.0,0.0,0.3333333333333333,0.0,0.0,0.0,0.6666666666666666,0.0,0.0,0.0,0.075,10.0,0.0,10.165
0.6385000000000001,0.3333333333333333,1.0,0.6923076923076923,0.5,0.4444444444444445,0.0,0.0,0.0,0.0,0.2,0.3333333333333333,0.0833333333333333,0.6666666666666666,0.0,0.09722222222222222,10.0,0.12499999999999994,10.376388888888888
0.6395000000000001,0.3333333333333333,0.0,0.4615384615384615,0.3333333333333333,0.5555555555555556,0.5,0.6666666666666666,1.0,0.0,0.0,0.3333333333333333,0.0,0.0,1.0,0.07777777777777777,10.0,0.0,10.171111111111111
0.64,1.0,1.0,0.0,0.6666666666666666,0.2222222222222222,0.0,0.6666666666666666,0.0,0.0,0.0,0.3333333333333333,0.0,0.0,0.0,0.1111111111111111,10.0,0.0,10.244444444444444
0.6405,0.0,0.0,0.3846153846153846,0.1666666666666666,1.0,0.0,0.0,0.0,0.0,0.4,0.3333333333333333,0.0,0.6666666666666666,0.3333333333333333,0.075,10.0,0.0,10.165
0.641,0.3333333333333333,0.0,1.0,0.5,0.2222222222222222,0.0,1.0,0.5,0.0,0.4,0.3333333333333333,0.0,0.3333333333333333,1.0,0.08611111111111111,10.0,0.0,10.189444444444444
0.6415,0.3333333333333333,1.0,0.6923076923076923,0.1666666666666666,0.7777777777777777,0.0,0.0,0.5,0.0,0.2,0.0,0.0,0.3333333333333333,0.6666666666666666,0.06388888888888888,10.0,0.0,10.140555555555556
0.642,0.0,0.5,1.0,0.0,0.1666666666666666,1.0,1.0,0.0,0.0,0.0,0.6666666666666666,0.0,0.0,0.0,0.00833333333333333,10.0,0.0,10.018333333333333
0.6425,0.3333333333333333,0.0,1.0,0.3333333333333333,0.9444444444444444,0.5,0.6666666666666666,0.0,0.0,0.0,1.0,0.0,0.6666666666666666,0.3333333333333333,0.09722222222222221,10.0,0.0,10.213888888888889
0.643,0.6666666666666666,0.0,0.8461538461538463,0.3333333333333333,0.9444444444444444,0.5,0.3333333333333333,1.0,0.0,0.2,0.3333333333333333,0.0,0.0,0.3333333333333333,0.09722222222222221,10.0,0.0,10.213888888888889
0.6435,0.6666666666666666,0.5,0.0,0.6666666666666666,0.8888888888888888,0.0,0.3333333333333333,0.0,0.0,0.0,0.3333333333333333,0.0833333333333333,0.3333333333333333,1.0,0.14444444444444443,10.0,0.12499999999999994,10.480277777777777
0.644,0.6666666666666666,0.0,1.0,0.6666666666666666,0.0,0.5,0.3333333333333333,0.0,0.0,0.2,1.0,0.0,1.0,1.0,0.09999999999999999,10.0,0.0,10.22
0.645,0.3333333333333333,0.5,0.0769230769230769,0.5,0.4444444444444445,0.0,0.6666666666666666,0.5,0.0,0.4,0.3333333333333333,0.0,0.0,0.0,0.09722222222222222,10.0,0.0,10.213888888888889
0.6455,0.3333333333333333,0.0,0.0,0.5,1.0,1.0,1.0,0.5,0.0,0.2,0.0,0.0,0.0,0.3333333333333333,0.125,10.0,0.0,10.275
0.646,0.3333333333333333,0.0,1.0,0.5,0.9444444444444444,1.0,0.3333333333333333,0.5,0.0,0.2,0.3333333333333333,0.0,0.0,0.0,0.12222222222222223,10.0,0.0,10.268888888888888
0.6465,0.0,0.5,0.7692307692307693,0.0,0.0555555555555555,0.5,0.6666666666666666,1.0,0.0,0.6000000000000001,0.6666666666666666,0.0,0.0,0.6666666666666666,0.002777777777777775,10.0,0.0,10.00611111111111
0.647,1.0,0.0,0.1538461538461538,0.6666666666666666,0.3333333333333333,1.0,0.0,1.0,0.0,0.0,0.3333333333333333,0.0,1.0,0.3333333333333333,0.11666666666666665,10.0,0.0,10.256666666666666
0.6475,0.6666666666666666,0.0,0.1538461538461538,0.3333333333333333,0.1111111111111111,0.0,0.3333333333333333,1.0,0.0,0.2,0.6666666666666666,0.0,0.3333333333333333,0.0,0.05555555555555555,10.0,0.0,10.122222222222222
0.648,0.6666666666666666,1.0,0.3076923076923077,0.5,0.3333333333333333,0.5,1.0,0.5,0.0,0.0,0.3333333333333333,0.0,0.6666666666666666,0.6666666666666666,0.09166666666666666,10.0,0.0,10.201666666666666
0.6485,0.3333333333333333,1.0,0.0769230769230769,0.5,0.7222222222222221,0.5,1.0,0.5,0.0,0.2,0.6666666666666666,0.0,0.3333333333333333,0.0,0.11111111111111112,10.0,0.0,10.244444444444445
0.649,1.0,0.5,0.8461538461538463,0.5,0.9444444444444444,1.0,1.0,1.0,0.0,0.6000000000000001,0.0,0.0,0.3333333333333333,0.0,0.12222222222222223,10.0,0.0,10.268888888888888
0.6495,0.6666666666666666,0.5,0.7692307692307693,0.6666666666666666,0.5555555555555556,0.0,0.0,1.0,0.0,0.0,0.3333333333333333,0.0,0.6666666666666666,0.3333333333333333,0.12777777777777777,10.0,0.0,10.28111111111111
0.6505,0.6666666666666666,1.0,0.3846153846153846,0.3333333333333333,0.3333333333333333,0.5,0.0,1.0,0.0,0.6000000000000001,0.3333333333333333,0.0,0.3333333333333333,0.0,0.06666666666666665,10.0,0.0,10.146666666666667
0.651,0.3333333333333333,0.5,0.3076923076923077,0.5,0.6666666666666665,0.5,0.0,0.5,0.0,0.0,0.3333333333333333,0.0,0.6666666666666666,1.0,0.10833333333333332,10.0,0.0,10.238333333333333
0.6515,0.3333333333333333,0.0,0.1538461538461538,0.3333333333333333,0.1111111111111111,0.5,0.6666666666666666,1.0,0.0,0.0,0.6666666666666666,0.0,0.3333333333333333,1.0,0.05555555555555555,10.0,0.0,10.122222222222222
0.652,0.6666666666666666,0.0,0.6923076923076923,0.5,0.1111111111111111,0.5,0.6666666666666666,0.0,0.0,0.0,0.3333333333333333,0.0,0.0,1.0,0.08055555555555556,10.0,0.0,10.177222222222222
0.6525,0.6666666666666666,0.5,0.0769230769230769,0.5,0.8333333333333333,0.5,0.0,0.5,0.0,0.2,0.3333333333333333,0.0,0.6666666666666666,0.3333333333333333,0.11666666666666665,10.0,0.0,10.256666666666666
0.653,1.0,0.5,0.0,0.6666666666666666,0.3888888888888889,0.0,0.0,1.0,0.0,0.0,0.0,0.0,0.0,0.3333333333333333,0.11944444444444442,10.0,0.0,10.262777777777778
0.6535,0.3333333333333333,1.0,0.0,0.1666666666666666,0.2222222222222222,1.0,1.0,1.0,0.0,0.4,1.0,0.1666666666666666,0.3333333333333333,0.0,0.0361111111111111,10.0,0.2499999999999999,10.404444444444444
0.654,0.6666666666666666,0.5,0.6923076923076923,0.6666666666666666,0.4999999999999999,0.5,0.6666666666666666,0.0,0.0,0.0,0.6666666666666666,0.0,0.0,0.3333333333333333,0.12499999999999997,10.0,0.0,10.275
0.6545,0.3333333333333333,0.5,0.5384615384615385,0.1666666666666666,1.0,0.5,0.0,0.5,0.0,0.0,0.0,0.0833333333333333,0.3333333333333333,1.0,0.075,10.0,0.12499999999999994,10.327499999999999
0.655,0.3333333333333333,1.0,0.0769230769230769,0.5,0.1111111111111111,0.5,1.0,0.0,0.0,1.0,0.3333333333333333,0.1666666666666666,0.0,0.3333333333333333,0.08055555555555556,10.0,0.2499999999999999,10.50222222222222
0.656,0.0,0.0,1.0,0.0,0.0555555555555555,0.0,0.6666666666666666,0.0,0.0,0.6000000000000001,0.6666666666666666,0.0,0.0,0.6666666666666666,0.002777777777777775,10.0,0.0,10.00611111111111
0.6565,0.3333333333333333,1.0,0.6153846153846154,0.1666666666666666,0.0555555555555555,1.0,0.0,0.5,0.0,0.0,0.3333333333333333,0.0833333333333333,0.6666666666666666,0.3333333333333333,0.02777777777777777,10.0,0.12499999999999994,10.223611111111111
0.657,1.0,1.0,0.6923076923076923,1.0,0.0,1.0,0.0,0.5,0.0,0.2,0.0,0.0,0.3333333333333333,0.0,0.15,10.0,0.0,10.33
0.6575,0.3333333333333333,0.5,0.6153846153846154,0.1666666666666666,0.5555555555555556,0.5,1.0,1.0,0.0,0.6000000000000001,1.0,0.0,0.0,0.3333333333333333,0.05277777777777777,10.0,0.0,10.116111111111111
0.658,0.6666666666666666,0.0,0.1538461538461538,0.6666666666666666,0.5555555555555556,0.0,1.0,0.5,0.0,0.0,0.0,0.0,0.6666666666666666,0.0,0.12777777777777777,10.0,0.0,10.28111111111111
0.6585,0.6666666666666666,1.0,0.1538461538461538,0.6666666666666666,0.2222222222222222,0.5,0.6666666666666666,1.0,0.0,0.2,0.3333333333333333,0.0,0.3333333333333333,1.0,0.1111111111111111,10.0,0.0,10.244444444444444
0.659,0.6666666666666666,0.5,0.8461538461538463,0.3333333333333333,0.6111111111111112,0.0,0.6666666666666666,1.0,0.0,0.6000000000000001,0.3333333333333333,0.0,0.3333333333333333,0.6666666666666666,0.08055555555555555,10.0,0.0,10.177222222222222
0.6595,0.0,0.0,0.4615384615384615,0.1666666666666666,0.3333333333333333,0.0,0.0,0.5,0.0,0.4,0.0,0.0,0.3333333333333333,1.0,0.04166666666666666,10.0,0.0,10.091666666666667
0.66,0.3333333333333333,1.0,0.9230769230769232,0.1666666666666666,0.4999999999999999,0.5,0.6666666666666666,0.0,0.0,0.0,0.6666666666666666,0.0833333333333333,0.0,0.0,0.04999999999999999,10.0,0.12499999999999994,10.272499999999999
0.6605,0.6666666666666666,0.0,0.9230769230769232,0.3333333333333333,0.6111111111111112,0.5,1.0,0.5,0.0,0.4,1.0,0.0,0.0,0.0,0.08055555555555555,10.0,0.0,10.177222222222222
0.6615,0.0,0.5,0.3076923076923077,0.1666666666666666,0.3888888888888889,0.0,0.3333333333333333,0.0,0.0,0.2,0.0,0.0,0.0,0.0,0.044444444444444446,10.0,0.0,10.097777777777777
0.662,0.6666666666666666,1.0,0.8461538461538463,0.3333333333333333,0.5555555555555556,0.0,0.6666666666666666,0.0,0.0,0.2,0.0,0.0,0.0,0.0,0.07777777777777777,10.0,0.0,10.171111111111111
0.6625,1.0,0.5,0.5384615384615385,1.0,0.8888888888888888,0.5,0.0,1.0,0.0,0.2,0.0,0.0833333333333333,0.0,0.0,0.19444444444444445,10.0,0.12499999999999994,10.590277777777777
0.663,0.6666666666666666,1.0,0.3846153846153846,0.6666666666666666,0.9444444444444444,1.0,0.6666666666666666,1.0,0.0,0.4,0.6666666666666666,0.0,0.0,0.0,0.1472222222222222,10.0,0.0,10.323888888888888
0.6635,0.3333333333333333,0.0,0.3846153846153846,0.3333333333333333,0.2222222222222222,1.0,0.0,0.5,0.0,0.2,0.3333333333333333,0.0,0.3333333333333333,0.6666666666666666,0.0611111111111111,10.0,0.0,10.134444444444444
0.664,0.6666666666666666,1.0,0.4615384615384615,0.5,0.0,1.0,0.3333333333333333,1.0,0.0,0.2,0.6666666666666666,0.0833333333333333,0.0,0.0,0.075,10.0,0.12499999999999994,10.327499999999999
0.6645,1.0,0.5,0.5384615384615385,0.6666666666666666,0.1666666666666666,0.0,0.3333333333333333,1.0,0.0,0.8,0.6666666666666666,0.0,0.0,0.3333333333333333,0.10833333333333331,10.0,0.0,10.238333333333333
0.665,0.3333333333333333,0.0,1.0,0.5,0.1111111111111111,1.0,0.3333333333333333,0.5,0.0,0.0,0.0,0.0,0.6666666666666666,1.0,0.08055555555555556,10.0,0.0,10.177222222222222
0.6655,0.6666666666666666,0.5,0.5384615384615385,0.5,0.5555555555555556,1.0,0.0,0.0,0.0,0.8,0.3333333333333333,0.0,0.0,1.0,0.10277777777777777,10.0,0.0,10.226111111111111
0.666,0.3333333333333333,0.0,0.5384615384615385,0.5,0.4999999999999999,0.0,0.0,0.0,0.0,0.2,0.0,0.0,0.3333333333333333,0.0,0.1,10.0,0.0,10.22
0.6675,0.6666666666666666,0.0,0.1538461538461538,0.6666666666666666,0.2222222222222222,0.0,0.0,0.5,0.0,0.0,0.3333333333333333,0.0,0.0,0.3333333333333333,0.1111111111111111,10.0,0.0,10.244444444444444
0.668,0.6666666666666666,0.0,0.0,0.6666666666666666,0.4444444444444445,0.5,0.3333333333333333,0.0,0.0,0.8,1.0,0.0,0.0,0.0,0.12222222222222222,10.0,0.0,10.268888888888888
0.6685,0.6666666666666666,1.0,0.7692307692307693,0.6666666666666666,0.7222222222222221,0.0,0.6666666666666666,0.5,0.0,0.6000000000000001,0.3333333333333333,0.0,0.0,0.0,0.1361111111111111,10.0,0.0,10.299444444444445
0.669,0.6666666666666666,1.0,0.5384615384615385,0.3333333333333333,0.4444444444444445,0.0,1.0,0.0,0.0,0.2,0.3333333333333333,0.0,0.0,0.6666666666666666,0.07222222222222222,10.0,0.0,10.158888888888889
0.6695,0.0,0.5,0.1538461538461538,0.1666666666666666,0.1111111111111111,0.0,1.0,0.0,0.0,0.4,0.3333333333333333,0.0,0.3333333333333333,1.0,0.03055555555555555,10.0,0.0,10.067222222222222
0.67,0.3333333333333333,1.0,0.4615384615384615,0.5,0.3333333333333333,1.0,0.3333333333333333,0.5,0.0,0.0,1.0,0.0,0.0,0.0,0.09166666666666666,10.0,0.0,10.201666666666666
0.6705,0.3333333333333333,0.5,0.1538461538461538,0.1666666666666666,0.2222222222222222,0.0,1.0,0.5,0.0,0.0,0.0,0.0,1.0,0.6666666666666666,0.0361111111111111,10.0,0.0,10.079444444444444
0.671,0.6666666666666666,1.0,0.1538461538461538,0.3333333333333333,0.2777777777777777,0.5,0.3333333333333333,1.0,0.0,0.0,1.0,0.0,0.3333333333333333,0.0,0.06388888888888888,10.0,0.0,10.140555555555556
0.6715,0.3333333333333333,1.0,0.5384615384615385,0.3333333333333333,0.1666666666666666,0.0,1.0,0.0,0.0,0.4,0.3333333333333333,0.0,0.0,0.0,0.05833333333333332,10.0,0.0,10.128333333333334
0.672,0.0,1.0,0.8461538461538463,0.0,0.2777777777777777,0.0,1.0,0.0,0.0,0.0,0.0,0.0,0.0,0.0,0.013888888888888885,10.0,0.0,10.030555555555555
0.673,1.0,0.0,0.6923076923076923,0.8333333333333333,0.5555555555555556,0.5,0.6666666666666666,0.5,0.0,0.4,0.3333333333333333,0.0,0.3333333333333333,0.3333333333333333,0.15277777777777776,10.0,0.0,10.33611111111111
0.6735,1.0,0.5,0.6153846153846154,0.5,0.2777777777777777,1.0,0.3333333333333333,1.0,0.0,0.2,0.3333333333333333,0.0,0.0,0.6666666666666666,0.08888888888888889,10.0,0.0,10.195555555555556
0.674,0.3333333333333333,1.0,0.3076923076923077,0.1666666666666666,0.5555555555555556,1.0,0.0,1.0,0.0,0.4,1.0,0.0,0.0,1.0,0.05277777777777777,10.0,0.0,10.116111111111111
0.6745,0.0,0.0,0.2307692307692307,0.0,0.3333333333333333,0.0,0.6666666666666666,1.0,0.0,0.4,0.3333333333333333,0.0,0.3333333333333333,0.6666666666666666,0.016666666666666663,10.0,0.0,10.036666666666667
0.675,0.6666666666666666,1.0,0.0769230769230769,0.3333333333333333,1.0,0.0,0.0,0.5,0.0,0.4,0.0,0.0,0.0,0.6666666666666666,0.1,10.0,0.0,10.22
0.6755,0.6666666666666666,1.0,0.4615384615384615,0.3333333333333333,0.5555555555555556,0.5,0.3333333333333333,0.5,0.3333333333333333,0.2,0.6666666666666666,0.0,0.0,0.3333333333333333,0.07777777777777777,10.0,0.0,10.171111111111111
0.676,1.0,1.0,0.8461538461538463,0.8333333333333333,1.0,0.5,0.3333333333333333,0.0,0.0,0.2,0.0,0.0,0.3333333333333333,0.0,0.175,10.0,0.0,10.385
0.6765,1.0,0.5,0.4615384615384615,0.8333333333333333,0.8888888888888888,0.0,0.0,0.5,0.0,0.0,0.3333333333333333,0.0,1.0,1.0,0.16944444444444443,10.0,0.0,10.372777777777777
0.677,0.6666666666666666,0.5,0.7692307692307693,0.5,0.3333333333333333,0.0,0.0,0.5,0.0,0.2,0.0,0.0,0.3333333333333333,0.6666666666666666,0.09166666666666666,10.0,0.0,10.201666666666666
0.6775,0.3333333333333333,0.5,0.5384615384615385,0.3333333333333333,0.0,0.5,0.3333333333333333,0.5,0.0,0.0,0.0,0.0,0.0,0.0,0.049999999999999996,10.0,0.0,10.11
0.6785,0.6666666666666666,0.5,0.6923076923076923,0.5,0.6111111111111112,0.5,0.0,1.0,0.0,0.4,0.0,0.0,0.0,1.0,0.10555555555555556,10.0,0.0,10.232222222222223
0.679,0.3333333333333333,0.5,1.0,0.1666666666666666,0.9444444444444444,0.5,0.3333333333333333,0.5,0.0,0.6000000000000001,0.3333333333333333,0.0,0.0,0.0,0.07222222222222222,10.0,0.0,10.158888888888889
0.6795,0.0,1.0,1.0,0.0,0.7777777777777777,0.5,1.0,0.5,0.0,0.0,1.0,0.0,0.0,1.0,0.03888888888888888,10.0,0.0,10.085555555555555
0.68,0.6666666666666666,0.5,0.0,0.6666666666666666,0.2222222222222222,0.0,1.0,1.0,0.0,0.0,0.3333333333333333,0.0,0.6666666666666666,0.6666666666666666,0.1111111111111111,10.0,0.0,10.244444444444444
0.6805,0.3333333333333333,1.0,0.3846153846153846,0.3333333333333333,0.7777777777777777,0.0,0.0,0.0,0.0,0.0,0.3333333333333333,0.0833333333333333,1.0,0.0,0.08888888888888889,10.0,0.12499999999999994,10.358055555555556
0.681,0.6666666666666666,0.0,0.0769230769230769,0.6666666666666666,0.9444444444444444,0.0,1.0,0.5,0.0,0.0,1.0,0.0,0.0,0.3333333333333333,0.1472222222222222,10.0,0.0,10.323888888888888
0.6815,0.3333333333333333,0.5,0.6153846153846154,0.1666666666666666,0.3888888888888889,0.5,0.0,1.0,0.0,0.2,1.0,0.0,0.0,1.0,0.044444444444444446,10.0,0.0,10.097777777777777
0.682,0.6666666666666666,1.0,1.0,0.5,0.4444444444444445,0.5,0.0,0.0,0.0,0.0,0.3333333333333333,0.0,0.6666666666666666,0.6666666666666666,0.09722222222222222,10.0,0.0,10.213888888888889
0.6825,0.6666666666666666,0.5,0.5384615384615385,0.3333333333333333,0.9444444444444444,1.0,0.6666666666666666,0.0,0.0,0.2,0.6666666666666666,0.0833333333333333,0.0,0.3333333333333333,0.09722222222222221,10.0,0.12499999999999994,10.376388888888888
0.683,0.3333333333333333,0.0,0.3846153846153846,0.3333333333333333,0.4999999999999999,0.0,0.0,0.5,0.0,0.0,1.0,0.0,0.0,0.0,0.07499999999999998,10.0,0.0,10.165
0.684,0.3333333333333333,1.0,0.8461538461538463,0.3333333333333333,0.7222222222222221,0.5,0.3333333333333333,0.5,0.0,0.0,0.0,0.0,0.3333333333333333,0.0,0.0861111111111111,10.0,0.0,10.189444444444444
0.6845,0.3333333333333333,0.5,0.7692307692307693,0.3333333333333333,0.4444444444444445,0.5,0.0,0.0,0.0,0.0,0.3333333333333333,0.0833333333333333,0.0,1.0,0.07222222222222222,10.0,0.12499999999999994,10.321388888888889
0.685,0.3333333333333333,1.0,0.0769230769230769,0.5,0.6666666666666665,1.0,0.0,0.5,0.0,0.0,0.3333333333333333,0.0833333333333333,0.0,0.3333333333333333,0.10833333333333332,10.0,0.12499999999999994,10.400833333333333
0.6855,0.3333333333333333,1.0,0.4615384615384615,0.1666666666666666,0.6666666666666665,1.0,0.3333333333333333,0.0,0.0,0.6000000000000001,0.6666666666666666,0.0,0.6666666666666666,1.0,0.05833333333333332,10.0,0.0,10.128333333333334
0.686,0.6666666666666666,1.0,0.7692307692307693,0.3333333333333333,0.7777777777777777,1.0,1.0,0.5,0.0,0.0,0.0,0.0,0.0,0.0,0.08888888888888889,10.0,0.0,10.195555555555556
0.6865,0.0,0.0,0.0769230769230769,0.0,0.3333333333333333,1.0,0.6666666666666666,1.0,0.0,0.2,0.0,0.0,0.6666666666666666,0.3333333333333333,0.016666666666666663,10.0,0.0,10.036666666666667
0.687,1.0,0.0,0.2307692307692307,0.6666666666666666,0.7777777777777777,0.5,0.3333333333333333,0.0,0.0,0.0,1.0,0.0,0.0,0.0,0.13888888888888887,10.0,0.0,10.305555555555555
0.6875,0.6666666666666666,1.0,0.9230769230769232,0.6666666666666666,0.3333333333333333,0.0,1.0,1.0,0.0,0.0,0.3333333333333333,0.0,0.3333333333333333,0.0,0.11666666666666665,10.0,0.0,10.256666666666666
0.6880000000000001,0.0,1.0,0.4615384615384615,0.0,1.0,1.0,0.6666666666666666,1.0,0.0,0.4,0.3333333333333333,0.0,0.3333333333333333,0.3333333333333333,0.05,10.0,0.0,10.11
0.6885,0.3333333333333333,0.0,0.8461538461538463,0.1666666666666666,0.7222222222222221,1.0,1.0,1.0,0.0,0.2,0.0,0.0,0.3333333333333333,0.6666666666666666,0.0611111111111111,10.0,0.0,10.134444444444444
0.6895,0.3333333333333333,0.5,0.6923076923076923,0.5,0.0,0.5,1.0,1.0,0.0,0.0,0.3333333333333333,0.0,0.3333333333333333,1.0,0.075,10.0,0.0,10.165
0.6900000000000001,0.6666666666666666,1.0,0.3076923076923077,0.5,1.0,1.0,0.0,1.0,0.0,0.4,0.3333333333333333,0.0,0.0,0.3333333333333333,0.125,10.0,0.0,10.275
0.6905,0.6666666666666666,0.5,0.7692307692307693,0.3333333333333333,0.6111111111111112,1.0,0.0,0.5,0.0,0.0,0.6666666666666666,0.0,0.3333333333333333,0.0,0.08055555555555555,10.0,0.0,10.177222222222222
0.6910000000000001,0.3333333333333333,0.5,0.0,0.5,0.4999999999999999,1.0,1.0,0.0,0.0,0.2,0.3333333333333333,0.0,0.0,0.6666666666666666,0.1,10.0,0.0,10.22
0.6915,0.3333333333333333,0.0,0.8461538461538463,0.3333333333333333,0.1111111111111111,0.5,0.0,1.0,0.0,0.0,0.3333333333333333,0.0,0.0,0.6666666666666666,0.05555555555555555,10.0,0.0,10.122222222222222
0.6920000000000001,0.6666666666666666,0.0,0.6923076923076923,0.5,0.6111111111111112,0.0,1.0,1.0,0.0,0.2,1.0,0.0,0.0,0.6666666666666666,0.10555555555555556,10.0,0.0,10.232222222222223
0.6925,0.3333333333333333,1.0,0.1538461538461538,0.3333333333333333,0.4999999999999999,0.5,1.0,0.5,0.0,0.0,0.0,0.0833333333333333,0.6666666666666666,0.0,0.07499999999999998,10.0,0.12499999999999994,10.327499999999999
0.6930000000000001,1.0,0.0,0.5384615384615385,1.0,0.1666666666666666,0.0,1.0,1.0,0.3333333333333333,0.4,0.0,0.0,0.3333333333333333,1.0,0.15833333333333335,10.0,0.0,10.348333333333333
0.6935,0.3333333333333333,1.0,0.0769230769230769,0.3333333333333333,0.8333333333333333,0.5,1.0,0.5,0.0,0.8,0.0,0.0,0.6666666666666666,0.3333333333333333,0.09166666666666666,10.0,0.0,10.201666666666666
0.6940000000000001,0.6666666666666666,0.0,0.7692307692307693,0.3333333333333333,0.3888888888888889,1.0,0.0,0.5,0.0,0.0,1.0,0.0,0.3333333333333333,0.0,0.06944444444444445,10.0,0.0,10.152777777777779
0.6950000000000001,0.3333333333333333,0.5,0.4615384615384615,0.5,1.0,0.0,0.3333333333333333,1.0,0.0,0.2,0.0,0.0,0.0,0.3333333333333333,0.125,10.0,0.0,10.275
0.6955,0.3333333333333333,1.0,0.2307692307692307,0.3333333333333333,0.1111111111111111,0.0,1.0,1.0,0.0,0.8,1.0,0.0,0.0,0.3333333333333333,0.05555555555555555,10.0,0.0,10.122222222222222
0.6960000000000001,0.3333333333333333,1.0,0.5384615384615385,0.5,0.4999999999999999,0.0,0.0,1.0,0.0,0.0,0.3333333333333333,0.0,0.0,1.0,0.1,10.0,0.0,10.22
0.6965,1.0,0.0,0.4615384615384615,0.8333333333333333,0.3888888888888889,0.0,0.0,1.0,0.0,0.2,1.0,0.0,0.6666666666666666,0.6666666666666666,0.14444444444444443,10.0,0.0,10.317777777777778
0.6970000000000001,0.0,0.5,0.8461538461538463,0.0,0.9444444444444444,0.5,1.0,1.0,0.0,0.0,0.3333333333333333,0.0,0.0,0.3333333333333333,0.04722222222222222,10.0,0.0,10.10388888888889
0.6975,0.3333333333333333,0.0,1.0,0.1666666666666666,0.8333333333333333,0.5,0.6666666666666666,0.5,0.0,0.2,0.0,0.0,0.3333333333333333,0.0,0.06666666666666665,10.0,0.0,10.146666666666667
0.6980000000000001,0.3333333333333333,0.0,0.3076923076923077,0.3333333333333333,0.4999999999999999,0.0,0.6666666666666666,0.5,0.0,0.6000000000000001,1.0,0.0,0.3333333333333333,0.3333333333333333,0.07499999999999998,10.0,0.0,10.165
0.6985,0.6666666666666666,1.0,1.0,0.3333333333333333,0.0,1.0,0.6666666666666666,1.0,0.0,0.0,1.0,0.0,0.3333333333333333,0.6666666666666666,0.049999999999999996,10.0,0.0,10.11
0.6990000000000001,0.6666666666666666,1.0,0.8461538461538463,0.3333333333333333,0.5555555555555556,1.0,0.0,0.5,0.0,0.4,1.0,0.0,0.3333333333333333,0.6666666666666666,0.07777777777777777,10.0,0.0,10.171111111111111
0.6995,0.6666666666666666,1.0,0.2307692307692307,0.5,0.2222222222222222,0.0,0.6666666666666666,1.0,0.0,0.0,0.0,0.0,0.3333333333333333,0.6666666666666666,0.08611111111111111,10.0,0.0,10.189444444444444
0.7005,0.3333333333333333,0.0,0.1538461538461538,0.3333333333333333,0.1666666666666666,1.0,0.0,0.5,0.0,0.0,0.0,0.0833333333333333,0.6666666666666666,0.0,0.05833333333333332,10.0,0.12499999999999994,10.290833333333333
0.7010000000000001,0.3333333333333333,0.5,0.0769230769230769,0.1666666666666666,0.8888888888888888,0.5,0.6666666666666666,0.5,0.0,0.2,0.0,0.0,0.3333333333333333,0.0,0.06944444444444443,10.0,0.0,10.152777777777779
0.7015,1.0,0.0,0.7692307692307693,0.5,0.2222222222222222,1.0,0.0,1.0,0.0,0.6000000000000001,0.6666666666666666,0.0,0.0,0.0,0.08611111111111111,10.0,0.0,10.189444444444444
0.7020000000000001,0.0,1.0,0.6153846153846154,0.1666666666666666,1.0,0.5,0.3333333333333333,1.0,0.0,0.2,0.0,0.0833333333333333,0.0,0.6666666666666666,0.075,10.0,0.12499999999999994,10.327499999999999
0.7025,1.0,1.0,0.7692307692307693,1.0,0.0,0.0,0.3333333333333333,1.0,0.0,0.2,0.6666666666666666,0.0,0.3333333333333333,1.0,0.15,10.0,0.0,10.33
0.7030000000000001,0.3333333333333333,0.5,0.4615384615384615,0.5,0.0,0.5,0.0,0.5,0.0,0.2,1.0,0.0,0.3333333333333333,0.6666666666666666,0.075,10.0,0.0,10.165
0.7035,0.3333333333333333,1.0,0.0769230769230769,0.1666666666666666,0.5555555555555556,0.0,1.0,0.5,0.0,0.0,0.6666666666666666,0.0,0.0,0.0,0.05277777777777777,10.0,0.0,10.116111111111111
0.704,0.3333333333333333,1.0,0.2307692307692307,0.5,0.7777777777777777,0.0,0.0,1.0,0.0,0.4,0.3333333333333333,0.0,0.0,0.6666666666666666,0.11388888888888889,10.0,0.0,10.250555555555556
0.7045,0.3333333333333333,1.0,0.9230769230769232,0.3333333333333333,0.8888888888888888,0.5,0.6666666666666666,0.0,0.0,0.0,1.0,0.0,0.6666666666666666,0.3333333333333333,0.09444444444444443,10.0,0.0,10.207777777777778
0.705,0.3333333333333333,0.5,0.0769230769230769,0.5,0.0,0.0,1.0,1.0,0.0,0.2,0.0,0.0,0.6666666666666666,1.0,0.075,10.0,0.0,10.165
0.706,0.6666666666666666,0.0,0.0769230769230769,0.6666666666666666,0.1666666666666666,0.5,0.6666666666666666,0.0,0.0,0.0,1.0,0.0,0.0,1.0,0.10833333333333331,10.0,0.0,10.238333333333333
0.7065,0.3333333333333333,1.0,1.0,0.1666666666666666,1.0,0.0,0.3333333333333333,1.0,0.0,0.0,0.0,0.0,0.0,1.0,0.075,10.0,0.0,10.165
0.707,0.6666666666666666,0.0,0.1538461538461538,0.6666666666666666,0.0,0.5,0.3333333333333333,0.0,0.0,0.4,0.6666666666666666,0.0,0.0,0.0,0.09999999999999999,10.0,0.0,10.22
0.7075,0.3333333333333333,0.0,0.4615384615384615,0.3333333333333333,0.2777777777777777,1.0,0.3333333333333333,1.0,0.0,0.0,0.6666666666666666,0.0,0.3333333333333333,0.3333333333333333,0.06388888888888888,10.0,0.0,10.140555555555556
0.708,0.6666666666666666,0.0,0.7692307692307693,0.5,0.0,0.5,0.3333333333333333,0.0,0.0,0.4,0.0,0.0,0.3333333333333333,0.0,0.075,10.0,0.0,10.165
0.7085,0.6666666666666666,0.5,0.7692307692307693,0.3333333333333333,0.0,0.0,1.0,0.0,0.0,0.4,0.3333333333333333,0.0,0.6666666666666666,1.0,0.049999999999999996,10.0,0.0,10.11
0.709,0.3333333333333333,0.0,0.7692307692307693,0.3333333333333333,1.0,1.0,0.6666666666666666,0.5,0.0,0.2,0.0,0.0,0.0,0.3333333333333333,0.1,10.0,0.0,10.22
0.7095,0.3333333333333333,0.0,0.5384615384615385,0.1666666666666666,0.6666666666666665,1.0,0.6666666666666666,1.0,0.0,0.0,0.3333333333333333,0.0,0.3333333333333333,1.0,0.05833333333333332,10.0,0.0,10.128333333333334
0.71,0.3333333333333333,1.0,0.6923076923076923,0.3333333333333333,0.8333333333333333,0.0,1.0,0.5,0.0,0.4,0.0,0.0,1.0,0.0,0.09166666666666666,10.0,0.0,10.201666666666666
0.7105,0.3333333333333333,0.0,0.3076923076923077,0.5,0.1666666666666666,0.0,0.6666666666666666,0.0,0.0,0.0,0.3333333333333333,0.0,0.6666666666666666,0.6666666666666666,0.08333333333333333,10.0,0.0,10.183333333333334
0.7115,0.6666666666666666,1.0,0.5384615384615385,0.3333333333333333,0.2777777777777777,0.5,1.0,0.0,0.0,0.0,0.3333333333333333,0.0,0.3333333333333333,1.0,0.06388888888888888,10.0,0.0,10.140555555555556
0.712,0.3333333333333333,1.0,0.0,0.3333333333333333,0.3888888888888889,1.0,0.3333333333333333,1.0,0.0,0.4,0.6666666666666666,0.0,0.6666666666666666,0.3333333333333333,0.06944444444444445,10.0,0.0,10.152777777777779
0.7125,1.0,0.5,0.2307692307692307,0.8333333333333333,0.9444444444444444,0.5,1.0,0.0,0.0,0.4,0.0,0.0833333333333333,1.0,0.0,0.1722222222222222,10.0,0.12499999999999994,10.54138888888889
0.713,1.0,1.0,0.5384615384615385,0.5,0.3888888888888889,0.5,1.0,0.5,0.0,0.8,1.0,0.0,0.0,0.0,0.09444444444444444,10.0,0.0,10.207777777777778
0.7135,0.0,0.5,0.8461538461538463,0.0,0.8888888888888888,0.0,1.0,0.5,0.0,0.4,0.6666666666666666,0.0,0.6666666666666666,0.3333333333333333,0.044444444444444446,10.0,0.0,10.097777777777777
0.714,0.0,0.0,1.0,0.1666666666666666,0.1111111111111111,0.0,0.3333333333333333,0.5,0.0,0.6000000000000001,1.0,0.0833333333333333,0.3333333333333333,1.0,0.03055555555555555,10.0,0.12499999999999994,10.229722222222222
0.7145,0.3333333333333333,1.0,0.0,0.5,0.7222222222222221,0.5,0.0,1.0,0.0,0.0,0.3333333333333333,0.0,0.3333333333333333,0.3333333333333333,0.11111111111111112,10.0,0.0,10.244444444444445
0.715,0.3333333333333333,1.0,0.3076923076923077,0.5,0.4999999999999999,0.0,1.0,0.0,0.0,0.2,0.6666666666666666,0.0,0.3333333333333333,0.6666666666666666,0.1,10.0,0.0,10.22
0.7155,0.3333333333333333,1.0,1.0,0.1666666666666666,0.0,1.0,1.0,0.0,0.0,0.0,0.6666666666666666,0.0,0.0,1.0,0.024999999999999994,10.0,0.0,10.055
0.716,0.6666666666666666,0.0,0.3846153846153846,0.6666666666666666,0.7222222222222221,0.0,0.0,0.5,0.0,0.2,0.0,0.0,0.0,0.3333333333333333,0.1361111111111111,10.0,0.0,10.299444444444445
0.717,0.3333333333333333,0.0,0.3846153846153846,0.5,0.4999999999999999,1.0,0.3333333333333333,0.0,0.0,0.0,0.3333333333333333,0.0,0.0,1.0,0.1,10.0,0.0,10.22
0.7175,0.0,0.5,0.6923076923076923,0.0,0.0,0.0,1.0,0.0,0.0,0.0,0.3333333333333333,0.0833333333333333,0.0,0.0,0.0,10.0,0.12499999999999994,10.1625
0.718,0.6666666666666666,0.5,0.1538461538461538,0.3333333333333333,0.0,0.0,0.3333333333333333,0.0,0.0,0.4,0.3333333333333333,0.0,0.6666666666666666,0.3333333333333333,0.049999999999999996,10.0,0.0,10.11
0.7185,0.3333333333333333,0.0,0.5384615384615385,0.1666666666666666,0.7222222222222221,0.0,0.3333333333333333,0.0,0.0,0.0,0.6666666666666666,0.0,0.3333333333333333,0.0,0.0611111111111111,10.0,0.0,10.134444444444444
0.719,0.6666666666666666,1.0,0.0769230769230769,0.5,0.1666666666666666,0.5,0.6666666666666666,0.5,0.0,0.0,1.0,0.0,0.3333333333333333,0.3333333333333333,0.08333333333333333,10.0,0.0,10.183333333333334
0.7195,0.3333333333333333,0.5,0.1538461538461538,0.5,0.6666666666666665,0.5,0.6666666666666666,0.5,0.0,0.0,1.0,0.0,0.6666666666666666,0.0,0.10833333333333332,10.0,0.0,10.238333333333333
0.72,0.6666666666666666,0.5,1.0,0.5,0.6666666666666665,0.5,0.6666666666666666,1.0,0.0,0.0,0.6666666666666666,0.0833333333333333,0.0,1.0,0.10833333333333332,10.0,0.12499999999999994,10.400833333333333
0.7205,0.3333333333333333,0.0,0.6923076923076923,0.5,0.1111111111111111,0.0,0.3333333333333333,0.0,0.0,0.2,0.3333333333333333,0.0,0.0,1.0,0.08055555555555556,10.0,0.0,10.177222222222222
0.721,0.0,1.0,0.5384615384615385,0.0,0.9444444444444444,1.0,0.0,0.5,0.0,0.0,0.0,0.0,0.6666666666666666,1.0,0.04722222222222222,10.0,0.0,10.10388888888889
0.7215,0.3333333333333333,0.0,0.8461538461538463,0.3333333333333333,0.3888888888888889,1.0,0.3333333333333333,1.0,0.0,0.4,0.3333333333333333,0.0833333333333333,0.0,0.0,0.06944444444444445,10.0,0.12499999999999994,10.315277777777778
0.723,0.3333333333333333,1.0,0.8461538461538463,0.3333333333333333,0.8888888888888888,0.5,0.0,1.0,0.0,0.6000000000000001,0.3333333333333333,0.0,1.0,1.0,0.09444444444444443,10.0,0.0,10.207777777777778
0.7235,0.0,0.0,0.5384615384615385,0.1666666666666666,0.3333333333333333,1.0,0.0,1.0,0.6666666666666666,0.6000000000000001,0.6666666666666666,0.0833333333333333,0.0,1.0,0.04166666666666666,10.0,0.12499999999999994,10.254166666666666
0.724,0.0,1.0,0.1538461538461538,0.0,0.3333333333333333,0.5,0.0,1.0,0.6666666666666666,0.2,0.3333333333333333,0.0,0.6666666666666666,0.3333333333333333,0.016666666666666663,10.0,0.0,10.036666666666667
0.7245,0.3333333333333333,0.5,1.0,0.5,0.4999999999999999,1.0,0.3333333333333333,0.0,0.0,0.6000000000000001,0.3333333333333333,0.3333333333333333,0.3333333333333333,0.0,0.1,10.0,0.5,10.870000000000001
0.725,0.6666666666666666,0.5,0.6153846153846154,0.6666666666666666,0.2222222222222222,0.5,0.0,1.0,0.3333333333333333,0.6000000000000001,0.3333333333333333,0.0,0.6666666666666666,1.0,0.1111111111111111,10.0,0.0,10.244444444444444
0.7255,0.3333333333333333,0.5,0.7692307692307693,0.3333333333333333,0.9444444444444444,0.5,1.0,0.5,0.0,0.2,1.0,0.0,0.0,0.3333333333333333,0.09722222222222221,10.0,0.0,10.213888888888889
0.726,0.3333333333333333,0.0,1.0,0.3333333333333333,0.7777777777777777,0.0,0.6666666666666666,1.0,0.0,0.0,0.3333333333333333,0.0833333333333333,0.0,0.0,0.08888888888888889,10.0,0.12499999999999994,10.358055555555556
0.7265,0.3333333333333333,1.0,0.5384615384615385,0.1666666666666666,0.7222222222222221,0.5,0.0,1.0,0.0,1.0,0.3333333333333333,0.0,0.3333333333333333,0.6666666666666666,0.0611111111111111,10.0,0.0,10.134444444444444
0.727,0.3333333333333333,1.0,0.9230769230769232,0.3333333333333333,0.5555555555555556,0.0,0.3333333333333333,1.0,0.0,0.0,0.0,0.0,0.6666666666666666,0.3333333333333333,0.07777777777777777,10.0,0.0,10.171111111111111
0.7275,0.3333333333333333,0.0,0.6153846153846154,0.3333333333333333,0.8333333333333333,0.5,0.6666666666666666,0.5,0.0,0.6000000000000001,1.0,0.25,0.6666666666666666,0.6666666666666666,0.09166666666666666,10.0,0.375,10.689166666666667
0.7285,0.6666666666666666,0.5,0.6923076923076923,0.5,0.8888888888888888,0.0,0.3333333333333333,0.0,0.3333333333333333,0.2,0.3333333333333333,0.0,0.6666666666666666,1.0,0.11944444444444444,10.0,0.0,10.262777777777778
0.729,0.0,0.5,0.2307692307692307,0.0,0.2222222222222222,1.0,0.6666666666666666,1.0,0.6666666666666666,0.0,1.0,0.1666666666666666,1.0,1.0,0.011111111111111112,10.0,0.2499999999999999,10.349444444444444
0.7295,0.3333333333333333,0.5,0.6923076923076923,0.5,0.3333333333333333,0.0,0.3333333333333333,0.0,0.0,0.4,0.3333333333333333,0.1666666666666666,0.0,0.6666666666666666,0.09166666666666666,10.0,0.2499999999999999,10.526666666666666
0.73,0.6666666666666666,0.0,0.6153846153846154,0.3333333333333333,0.7777777777777777,0.5,0.6666666666666666,0.0,0.3333333333333333,0.0,1.0,0.0833333333333333,1.0,0.6666666666666666,0.08888888888888889,10.0,0.12499999999999994,10.358055555555556
0.7305,0.0,0.5,0.2307692307692307,0.0,0.0,1.0,0.0,0.0,0.6666666666666666,0.8,1.0,0.1666666666666666,0.0,0.6666666666666666,0.0,10.0,0.2499999999999999,10.325
0.731,1.0,1.0,0.7692307692307693,0.6666666666666666,0.7222222222222221,0.5,1.0,0.5,1.0,0.2,0.6666666666666666,0.3333333333333333,1.0,1.0,0.1361111111111111,10.0,0.5,10.949444444444445
0.7315,0.0,0.5,0.1538461538461538,0.1666666666666666,0.5555555555555556,0.5,1.0,1.0,0.6666666666666666,0.4,0.3333333333333333,0.1666666666666666,0.0,1.0,0.05277777777777777,10.0,0.2499999999999999,10.44111111111111
0.732,0.6666666666666666,1.0,0.3076923076923077,0.6666666666666666,0.6666666666666665,0.0,1.0,0.0,0.3333333333333333,0.4,1.0,0.25,0.3333333333333333,0.6666666666666666,0.1333333333333333,10.0,0.375,10.780833333333334
0.7325,0.3333333333333333,0.5,0.8461538461538463,0.1666666666666666,0.7777777777777777,1.0,0.6666666666666666,0.5,0.0,0.0,0.6666666666666666,0.0,0.6666666666666666,0.6666666666666666,0.06388888888888888,10.0,0.0,10.140555555555556
0.733,0.3333333333333333,1.0,0.3076923076923077,0.5,0.1666666666666666,1.0,1.0,0.5,0.0,0.8,0.6666666666666666,0.3333333333333333,0.6666666666666666,1.0,0.08333333333333333,10.0,0.5,10.833333333333334
0.734,0.3333333333333333,0.5,0.3846153846153846,0.5,0.8333333333333333,1.0,1.0,0.5,0.0,0.6000000000000001,0.6666666666666666,0.25,0.3333333333333333,0.3333333333333333,0.11666666666666665,10.0,0.375,10.744166666666667
0.7345,0.3333333333333333,1.0,0.6923076923076923,0.5,0.3888888888888889,1.0,0.0,1.0,0.0,0.0,0.6666666666666666,0.0833333333333333,1.0,1.0,0.09444444444444444,10.0,0.12499999999999994,10.370277777777778
0.735,0.6666666666666666,0.5,0.0,0.3333333333333333,0.9444444444444444,0.5,0.3333333333333333,1.0,0.3333333333333333,0.8,0.0,0.25,0.6666666666666666,0.0,0.09722222222222221,10.0,0.375,10.70138888888889
0.7355,1.0,0.5,0.8461538461538463,0.8333333333333333,0.3888888888888889,0.0,1.0,0.5,1.0,0.0,0.3333333333333333,0.0,0.3333333333333333,1.0,0.14444444444444443,10.0,0.0,10.317777777777778
0.736,0.6666666666666666,0.0,0.7692307692307693,0.3333333333333333,0.0555555555555555,0.5,0.3333333333333333,0.5,0.3333333333333333,0.6000000000000001,0.6666666666666666,0.25,0.3333333333333333,0.6666666666666666,0.05277777777777777,10.0,0.375,10.603611111111112
0.7365,0.6666666666666666,0.0,0.3076923076923077,0.5,0.8888888888888888,0.5,1.0,0.0,0.3333333333333333,0.2,0.3333333333333333,0.1666666666666666,1.0,0.0,0.11944444444444444,10.0,0.2499999999999999,10.587777777777777
0.737,0.3333333333333333,0.0,1.0,0.5,0.0555555555555555,0.0,0.6666666666666666,0.5,0.0,0.2,0.6666666666666666,0.0,0.0,0.0,0.07777777777777777,10.0,0.0,10.171111111111111
0.7375,0.0,0.5,0.1538461538461538,0.1666666666666666,0.6666666666666665,0.5,1.0,0.0,0.6666666666666666,0.0,0.0,0.1666666666666666,0.6666666666666666,0.6666666666666666,0.05833333333333332,10.0,0.2499999999999999,10.453333333333333
0.738,0.3333333333333333,0.5,0.6923076923076923,0.1666666666666666,0.8888888888888888,0.5,0.3333333333333333,0.0,0.0,1.0,1.0,0.0,0.6666666666666666,0.0,0.06944444444444443,10.0,0.0,10.152777777777779
0.7385,0.6666666666666666,1.0,0.7692307692307693,0.3333333333333333,0.6111111111111112,0.5,0.0,1.0,0.3333333333333333,0.8,0.6666666666666666,0.1666666666666666,0.6666666666666666,0.6666666666666666,0.08055555555555555,10.0,0.2499999999999999,10.50222222222222
0.7395,0.3333333333333333,0.0,0.0,0.5,0.2777777777777777,0.5,0.6666666666666666,0.0,0.0,0.0,1.0,0.0,0.0,1.0,0.08888888888888889,10.0,0.0,10.195555555555556
0.74,0.6666666666666666,0.0,0.1538461538461538,0.5,0.1111111111111111,1.0,1.0,0.0,0.3333333333333333,0.6000000000000001,1.0,0.0833333333333333,0.3333333333333333,0.3333333333333333,0.08055555555555556,10.0,0.12499999999999994,10.339722222222221
0.7405,1.0,0.5,0.5384615384615385,0.5,0.2777777777777777,0.0,0.3333333333333333,0.0,1.0,0.4,1.0,0.1666666666666666,0.3333333333333333,0.0,0.08888888888888889,10.0,0.2499999999999999,10.520555555555555
0.741,0.6666666666666666,1.0,0.5384615384615385,0.3333333333333333,0.6666666666666665,1.0,1.0,1.0,0.3333333333333333,0.4,0.0,0.3333333333333333,0.0,0.0,0.08333333333333331,10.0,0.5,10.833333333333334
0.7415,0.6666666666666666,0.0,0.6153846153846154,0.5,0.7222222222222221,0.5,0.6666666666666666,0.0,0.3333333333333333,1.0,1.0,0.0,0.3333333333333333,0.6666666666666666,0.11111111111111112,10.0,0.0,10.244444444444445
0.742,0.3333333333333333,0.0,0.6923076923076923,0.5,0.3333333333333333,0.5,1.0,0.0,0.0,1.0,0.3333333333333333,0.3333333333333333,0.6666666666666666,0.3333333333333333,0.09166666666666666,10.0,0.5,10.851666666666667
0.7425,0.3333333333333333,0.5,0.3846153846153846,0.5,0.1666666666666666,1.0,0.6666666666666666,1.0,0.0,1.0,0.0,0.3333333333333333,0.6666666666666666,0.3333333333333333,0.08333333333333333,10.0,0.5,10.833333333333334
0.743,0.3333333333333333,0.5,0.0769230769230769,0.3333333333333333,0.0555555555555555,1.0,0.3333333333333333,0.5,0.0,0.6000000000000001,0.3333333333333333,0.0,0.6666666666666666,0.6666666666666666,0.05277777777777777,10.0,0.0,10.116111111111111
0.7435,1.0,0.0,0.0,0.6666666666666666,1.0,1.0,0.0,1.0,1.0,0.8,1.0,0.1666666666666666,0.0,0.6666666666666666,0.15,10.0,0.2499999999999999,10.655
0.744,0.6666666666666666,1.0,0.0769230769230769,0.5,0.9444444444444444,0.5,0.0,1.0,0.3333333333333333,1.0,0.6666666666666666,0.25,0.3333333333333333,0.0,0.12222222222222223,10.0,0.375,10.756388888888889
0.745,0.3333333333333333,0.5,0.7692307692307693,0.1666666666666666,0.7222222222222221,0.5,1.0,0.0,0.0,0.8,0.3333333333333333,0.3333333333333333,0.0,0.6666666666666666,0.0611111111111111,10.0,0.5,10.784444444444444
0.7455,0.3333333333333333,0.0,0.1538461538461538,0.5,0.2222222222222222,1.0,0.3333333333333333,0.0,0.0,0.6000000000000001,0.0,0.3333333333333333,0.3333333333333333,0.3333333333333333,0.08611111111111111,10.0,0.5,10.839444444444444
0.746,0.0,1.0,0.3846153846153846,0.1666666666666666,0.6111111111111112,0.5,0.6666666666666666,0.5,0.6666666666666666,0.6000000000000001,0.3333333333333333,0.3333333333333333,0.3333333333333333,1.0,0.05555555555555555,10.0,0.5,10.772222222222222
0.7465,0.6666666666666666,0.0,0.1538461538461538,0.3333333333333333,0.6666666666666665,0.0,0.0,0.0,0.3333333333333333,0.0,0.0,0.3333333333333333,0.6666666666666666,1.0,0.08333333333333331,10.0,0.5,10.833333333333334
0.747,1.0,1.0,0.9230769230769232,0.8333333333333333,0.9444444444444444,1.0,0.0,0.5,1.0,1.0,1.0,0.3333333333333333,1.0,0.6666666666666666,0.1722222222222222,10.0,0.5,11.02888888888889
0.7475,0.3333333333333333,1.0,0.4615384615384615,0.5,0.2777777777777777,0.5,0.6666666666666666,1.0,0.0,0.0,0.6666666666666666,0.0,0.6666666666666666,0.0,0.08888888888888889,10.0,0.0,10.195555555555556
0.748,1.0,1.0,0.9230769230769232,1.0,0.6666666666666665,0.0,0.3333333333333333,1.0,1.0,1.0,0.6666666666666666,0.3333333333333333,0.0,1.0,0.18333333333333332,10.0,0.5,11.053333333333333
0.7485,1.0,0.0,0.8461538461538463,0.5,0.0,0.0,0.6666666666666666,1.0,1.0,0.2,0.6666666666666666,0.1666666666666666,0.6666666666666666,0.6666666666666666,0.075,10.0,0.2499999999999999,10.489999999999998
0.749,0.3333333333333333,0.5,0.0769230769230769,0.5,0.7222222222222221,0.0,1.0,0.0,0.0,0.8,0.0,0.3333333333333333,0.3333333333333333,0.6666666666666666,0.11111111111111112,10.0,0.5,10.894444444444446
0.7495,0.6666666666666666,1.0,0.3846153846153846,0.5,0.3888888888888889,0.5,0.3333333333333333,0.0,0.3333333333333333,0.6000000000000001,0.6666666666666666,0.3333333333333333,0.3333333333333333,0.6666666666666666,0.09444444444444444,10.0,0.5,10.857777777777779
0.7505000000000001,0.0,1.0,0.2307692307692307,0.1666666666666666,0.6111111111111112,1.0,1.0,0.0,0.6666666666666666,0.6000000000000001,0.3333333333333333,0.3333333333333333,0.6666666666666666,0.3333333333333333,0.05555555555555555,10.0,0.5,10.772222222222222
0.751,0.3333333333333333,1.0,0.1538461538461538,0.1666666666666666,0.4999999999999999,0.0,0.0,0.0,0.0,0.0,0.0,0.25,1.0,0.6666666666666666,0.04999999999999999,10.0,0.375,10.5975
0.7515000000000001,1.0,1.0,0.9230769230769232,0.5,0.7777777777777777,0.0,0.6666666666666666,0.5,1.0,0.8,0.6666666666666666,0.3333333333333333,0.6666666666666666,0.3333333333333333,0.11388888888888889,10.0,0.5,10.900555555555556
0.752,0.3333333333333333,1.0,0.2307692307692307,0.3333333333333333,0.9444444444444444,0.0,1.0,0.0,0.0,1.0,0.6666666666666666,0.1666666666666666,0.6666666666666666,0.0,0.09722222222222221,10.0,0.2499999999999999,10.538888888888888
0.7525000000000001,0.6666666666666666,1.0,0.1538461538461538,0.3333333333333333,0.8888888888888888,1.0,1.0,1.0,0.3333333333333333,0.8,1.0,0.25,0.6666666666666666,0.3333333333333333,0.09444444444444443,10.0,0.375,10.695277777777779
0.753,0.3333333333333333,0.5,0.3846153846153846,0.1666666666666666,0.9444444444444444,0.5,1.0,0.5,0.0,0.4,0.0,0.0,0.3333333333333333,0.3333333333333333,0.07222222222222222,10.0,0.0,10.158888888888889
0.7535000000000001,0.6666666666666666,1.0,0.9230769230769232,0.6666666666666666,0.6111111111111112,0.5,1.0,0.5,0.3333333333333333,0.8,0.3333333333333333,0.1666666666666666,1.0,0.6666666666666666,0.13055555555555554,10.0,0.2499999999999999,10.612222222222222
0.754,1.0,0.0,0.0769230769230769,1.0,0.6666666666666665,1.0,1.0,0.5,1.0,1.0,0.0,0.1666666666666666,0.0,0.3333333333333333,0.18333333333333332,10.0,0.2499999999999999,10.728333333333332
0.7545000000000001,0.6666666666666666,1.0,0.5384615384615385,0.5,0.9444444444444444,0.0,1.0,1.0,0.3333333333333333,1.0,1.0,0.0833333333333333,0.0,0.6666666666666666,0.12222222222222223,10.0,0.12499999999999994,10.431388888888888
0.755,0.3333333333333333,0.5,0.3846153846153846,0.3333333333333333,0.1111111111111111,0.0,0.6666666666666666,0.5,0.0,0.0,1.0,0.1666666666666666,0.6666666666666666,0.3333333333333333,0.05555555555555555,10.0,0.2499999999999999,10.447222222222221
0.756,0.6666666666666666,0.5,0.3846153846153846,0.6666666666666666,0.1666666666666666,1.0,0.0,0.5,0.3333333333333333,0.6000000000000001,0.6666666666666666,0.25,0.3333333333333333,0.6666666666666666,0.10833333333333331,10.0,0.375,10.725833333333334
0.7565000000000001,0.0,1.0,0.2307692307692307,0.1666666666666666,0.8888888888888888,0.0,1.0,0.0,0.6666666666666666,0.0,0.3333333333333333,0.25,0.3333333333333333,0.3333333333333333,0.06944444444444443,10.0,0.375,10.64027777777778
0.757,0.3333333333333333,0.5,0.1538461538461538,0.1666666666666666,0.1666666666666666,0.5,0.6666666666666666,1.0,0.0,0.8,0.3333333333333333,0.3333333333333333,0.6666666666666666,1.0,0.03333333333333332,10.0,0.5,10.723333333333334
0.7575000000000001,0.3333333333333333,0.5,0.3846153846153846,0.5,0.2777777777777777,1.0,0.3333333333333333,0.5,0.0,0.4,0.3333333333333333,0.3333333333333333,1.0,0.3333333333333333,0.08888888888888889,10.0,0.5,10.845555555555556
0.758,0.6666666666666666,0.5,0.8461538461538463,0.3333333333333333,0.1666666666666666,1.0,1.0,0.5,0.3333333333333333,0.0,0.6666666666666666,0.0,0.6666666666666666,1.0,0.05833333333333332,10.0,0.0,10.128333333333334
0.7585000000000001,0.6666666666666666,1.0,0.5384615384615385,0.5,0.6111111111111112,1.0,0.6666666666666666,1.0,0.3333333333333333,0.6000000000000001,0.0,0.1666666666666666,0.3333333333333333,0.0,0.10555555555555556,10.0,0.2499999999999999,10.557222222222222
0.759,0.0,0.5,0.6923076923076923,0.0,0.2222222222222222,0.5,0.6666666666666666,0.5,0.6666666666666666,0.4,0.0,0.25,0.6666666666666666,0.6666666666666666,0.011111111111111112,10.0,0.375,10.511944444444445
0.7595000000000001,0.3333333333333333,1.0,0.2307692307692307,0.5,0.2222222222222222,1.0,0.3333333333333333,0.5,0.0,0.4,0.6666666666666666,0.0833333333333333,0.0,0.0,0.08611111111111111,10.0,0.12499999999999994,10.351944444444444
0.76,0.0,1.0,0.4615384615384615,0.1666666666666666,0.1111111111111111,1.0,0.0,0.0,0.6666666666666666,0.4,0.3333333333333333,0.3333333333333333,0.0,0.0,0.03055555555555555,10.0,0.5,10.717222222222222
0.7605000000000001,0.3333333333333333,1.0,0.0,0.1666666666666666,0.6666666666666665,0.0,0.6666666666666666,0.0,0.0,0.4,1.0,0.0833333333333333,1.0,0.0,0.05833333333333332,10.0,0.12499999999999994,10.290833333333333
0.7615000000000001,0.6666666666666666,1.0,0.4615384615384615,0.6666666666666666,0.5555555555555556,0.5,0.3333333333333333,0.5,0.3333333333333333,1.0,1.0,0.0833333333333333,0.6666666666666666,1.0,0.12777777777777777,10.0,0.12499999999999994,10.44361111111111
0.762,0.0,1.0,0.2307692307692307,0.0,0.1111111111111111,0.5,1.0,0.0,0.6666666666666666,0.8,0.0,0.25,1.0,0.3333333333333333,0.005555555555555556,10.0,0.375,10.499722222222223
0.7625000000000001,0.3333333333333333,1.0,1.0,0.5,0.9444444444444444,1.0,0.3333333333333333,0.0,0.0,0.6000000000000001,0.3333333333333333,0.0,0.3333333333333333,1.0,0.12222222222222223,10.0,0.0,10.268888888888888
0.763,1.0,0.0,0.0,0.8333333333333333,0.7222222222222221,0.0,0.6666666666666666,1.0,1.0,0.2,1.0,0.0833333333333333,0.0,0.3333333333333333,0.1611111111111111,10.0,0.12499999999999994,10.516944444444444
0.7635000000000001,0.3333333333333333,0.5,0.6923076923076923,0.3333333333333333,0.4444444444444445,0.5,0.6666666666666666,0.0,0.0,0.8,1.0,0.0833333333333333,0.6666666666666666,0.6666666666666666,0.07222222222222222,10.0,0.12499999999999994,10.321388888888889
0.764,0.0,1.0,1.0,0.0,0.1111111111111111,0.0,1.0,1.0,0.6666666666666666,0.0,0.6666666666666666,0.3333333333333333,0.0,0.0,0.005555555555555556,10.0,0.5,10.662222222222223
0.7645000000000001,0.0,1.0,0.9230769230769232,0.1666666666666666,0.3333333333333333,0.5,0.6666666666666666,1.0,0.6666666666666666,0.2,0.6666666666666666,0.3333333333333333,1.0,0.6666666666666666,0.04166666666666666,10.0,0.5,10.741666666666667
0.765,0.0,1.0,0.2307692307692307,0.0,0.7777777777777777,1.0,1.0,0.0,0.6666666666666666,0.6000000000000001,0.0,0.0,0.0,0.6666666666666666,0.03888888888888888,10.0,0.0,10.085555555555555
0.7655000000000001,1.0,0.5,0.3076923076923077,0.8333333333333333,0.0,1.0,1.0,0.5,1.0,0.0,0.0,0.0833333333333333,1.0,1.0,0.12499999999999999,10.0,0.12499999999999994,10.4375
0.766,0.3333333333333333,0.0,1.0,0.5,0.6111111111111112,1.0,0.0,1.0,0.0,1.0,1.0,0.25,0.3333333333333333,0.0,0.10555555555555556,10.0,0.375,10.719722222222224
0.767,0.6666666666666666,1.0,0.5384615384615385,0.5,0.8888888888888888,0.5,1.0,0.5,0.3333333333333333,0.2,0.3333333333333333,0.0833333333333333,0.3333333333333333,0.6666666666666666,0.11944444444444444,10.0,0.12499999999999994,10.425277777777778
0.7675000000000001,0.6666666666666666,0.5,0.3846153846153846,0.5,0.2777777777777777,0.5,0.0,0.5,0.3333333333333333,0.0,0.3333333333333333,0.0833333333333333,0.3333333333333333,0.6666666666666666,0.08888888888888889,10.0,0.12499999999999994,10.358055555555556
0.768,1.0,1.0,0.3076923076923077,0.8333333333333333,0.1666666666666666,0.5,0.3333333333333333,0.0,1.0,0.4,0.6666666666666666,0.25,0.0,0.6666666666666666,0.1333333333333333,10.0,0.375,10.780833333333334
0.7685,0.3333333333333333,0.0,0.9230769230769232,0.1666666666666666,0.6666666666666665,1.0,0.0,0.5,0.0,0.0,0.0,0.25,0.3333333333333333,0.0,0.05833333333333332,10.0,0.375,10.615833333333335
0.769,0.3333333333333333,0.0,0.0769230769230769,0.3333333333333333,0.5555555555555556,0.5,1.0,0.5,0.0,0.4,0.0,0.0,1.0,1.0,0.07777777777777777,10.0,0.0,10.171111111111111
0.7695,0.6666666666666666,1.0,0.9230769230769232,0.5,0.9444444444444444,0.5,1.0,1.0,0.3333333333333333,0.2,1.0,0.0833333333333333,0.0,0.6666666666666666,0.12222222222222223,10.0,0.12499999999999994,10.431388888888888
0.77,0.6666666666666666,0.0,0.3846153846153846,0.6666666666666666,0.2222222222222222,0.5,1.0,1.0,0.3333333333333333,0.4,0.0,0.0833333333333333,1.0,1.0,0.1111111111111111,10.0,0.12499999999999994,10.406944444444443
0.7705,0.3333333333333333,0.5,0.0,0.3333333333333333,0.6111111111111112,0.5,1.0,0.0,0.0,0.6000000000000001,0.6666666666666666,0.0833333333333333,0.3333333333333333,1.0,0.08055555555555555,10.0,0.12499999999999994,10.339722222222221
0.771,1.0,0.0,0.8461538461538463,0.8333333333333333,0.2222222222222222,1.0,0.3333333333333333,1.0,1.0,0.2,0.3333333333333333,0.3333333333333333,1.0,0.0,0.1361111111111111,10.0,0.5,10.949444444444445
0.7715,0.3333333333333333,0.5,0.0,0.3333333333333333,0.7222222222222221,1.0,0.6666666666666666,0.0,0.0,0.4,0.6666666666666666,0.3333333333333333,1.0,1.0,0.0861111111111111,10.0,0.5,10.839444444444444
0.7725,0.6666666666666666,0.0,0.1538461538461538,0.6666666666666666,0.3888888888888889,1.0,0.6666666666666666,0.0,0.3333333333333333,1.0,0.3333333333333333,0.0,0.6666666666666666,0.3333333333333333,0.11944444444444442,10.0,0.0,10.262777777777778
0.773,0.3333333333333333,1.0,0.7692307692307693,0.5,0.8333333333333333,1.0,0.0,1.0,0.0,0.6000000000000001,0.6666666666666666,0.0,0.6666666666666666,0.3333333333333333,0.11666666666666665,10.0,0.0,10.256666666666666
0.7735,0.3333333333333333,1.0,1.0,0.5,0.8888888888888888,1.0,0.6666666666666666,1.0,0.0,1.0,0.0,0.1666666666666666,0.6666666666666666,0.0,0.11944444444444444,10.0,0.2499999999999999,10.587777777777777
0.774,0.0,0.5,1.0,0.0,0.2222222222222222,0.0,0.6666666666666666,1.0,0.6666666666666666,0.4,0.0,0.0,0.0,0.6666666666666666,0.011111111111111112,10.0,0.0,10.024444444444445
0.7745,0.6666666666666666,0.5,0.6923076923076923,0.3333333333333333,1.0,0.0,0.3333333333333333,0.0,0.3333333333333333,0.2,0.0,0.0,0.3333333333333333,0.3333333333333333,0.1,10.0,0.0,10.22
0.775,0.6666666666666666,0.5,1.0,0.6666666666666666,0.4999999999999999,0.5,0.6666666666666666,0.0,0.3333333333333333,0.8,0.0,0.25,0.0,0.0,0.12499999999999997,10.0,0.375,10.762500000000001
0.7755,0.0,1.0,0.6923076923076923,0.0,0.8888888888888888,1.0,0.6666666666666666,0.5,0.6666666666666666,0.4,0.0,0.0,0.0,0.6666666666666666,0.044444444444444446,10.0,0.0,10.097777777777777
0.776,0.3333333333333333,0.0,0.8461538461538463,0.1666666666666666,0.2222222222222222,0.0,0.6666666666666666,1.0,0.0,1.0,1.0,0.0833333333333333,0.3333333333333333,0.3333333333333333,0.0361111111111111,10.0,0.12499999999999994,10.241944444444444
0.7765,0.6666666666666666,0.5,0.6153846153846154,0.6666666666666666,0.9444444444444444,0.5,1.0,0.5,0.3333333333333333,0.2,0.6666666666666666,0.1666666666666666,0.0,0.6666666666666666,0.1472222222222222,10.0,0.2499999999999999,10.648888888888887
0.777,1.0,0.0,0.1538461538461538,0.5,0.1666666666666666,0.0,0.3333333333333333,0.0,1.0,0.2,0.0,0.25,0.3333333333333333,0.6666666666666666,0.08333333333333333,10.0,0.375,10.670833333333334
0.7785,0.3333333333333333,0.5,0.0,0.5,0.5555555555555556,1.0,0.3333333333333333,0.5,0.0,0.4,0.0,0.1666666666666666,0.3333333333333333,1.0,0.10277777777777777,10.0,0.2499999999999999,10.55111111111111
0.779,0.3333333333333333,1.0,0.6153846153846154,0.5,0.8888888888888888,0.5,0.0,1.0,0.0,0.0,0.0,0.0833333333333333,1.0,0.3333333333333333,0.11944444444444444,10.0,0.12499999999999994,10.425277777777778
0.7795,0.6666666666666666,0.5,0.1538461538461538,0.3333333333333333,0.5555555555555556,1.0,1.0,0.0,0.3333333333333333,0.6000000000000001,0.0,0.1666666666666666,0.0,0.3333333333333333,0.07777777777777777,10.0,0.2499999999999999,10.49611111111111
0.78,0.3333333333333333,0.5,0.3076923076923077,0.3333333333333333,0.5555555555555556,0.5,0.6666666666666666,0.0,0.0,0.2,0.6666666666666666,0.0,1.0,0.3333333333333333,0.07777777777777777,10.0,0.0,10.171111111111111
0.7805,0.6666666666666666,0.0,0.8461538461538463,0.6666666666666666,0.5555555555555556,0.5,1.0,1.0,0.3333333333333333,0.0,1.0,0.1666666666666666,1.0,0.0,0.12777777777777777,10.0,0.2499999999999999,10.60611111111111
0.781,1.0,1.0,1.0,0.8333333333333333,0.8333333333333333,1.0,0.3333333333333333,0.0,1.0,0.2,0.0,0.1666666666666666,0.0,1.0,0.16666666666666666,10.0,0.2499999999999999,10.691666666666666
0.7815,0.6666666666666666,0.0,1.0,0.5,0.4444444444444445,0.0,0.0,0.5,0.3333333333333333,0.6000000000000001,0.3333333333333333,0.0,0.6666666666666666,0.6666666666666666,0.09722222222222222,10.0,0.0,10.213888888888889
0.782,0.6666666666666666,0.0,0.3076923076923077,0.6666666666666666,0.1666666666666666,0.0,0.0,0.5,0.3333333333333333,0.8,0.0,0.0833333333333333,0.6666666666666666,0.3333333333333333,0.10833333333333331,10.0,0.12499999999999994,10.400833333333333
0.7825,0.6666666666666666,0.5,0.1538461538461538,0.6666666666666666,0.2777777777777777,0.5,1.0,0.0,0.3333333333333333,0.2,0.3333333333333333,0.0,0.6666666666666666,0.0,0.11388888888888887,10.0,0.0,10.250555555555556
0.783,0.6666666666666666,0.5,0.9230769230769232,0.3333333333333333,0.7222222222222221,0.0,0.3333333333333333,0.0,0.3333333333333333,0.8,0.3333333333333333,0.1666666666666666,0.3333333333333333,0.0,0.0861111111111111,10.0,0.2499999999999999,10.514444444444443
0.784,0.6666666666666666,0.0,0.1538461538461538,0.5,0.7222222222222221,1.0,1.0,0.5,0.3333333333333333,0.0,1.0,0.3333333333333333,0.0,1.0,0.11111111111111112,10.0,0.5,10.894444444444446
0.7845,0.3333333333333333,0.5,0.7692307692307693,0.5,0.0,0.0,0.3333333333333333,1.0,0.0,0.4,0.3333333333333333,0.25,0.6666666666666666,1.0,0.075,10.0,0.375,10.6525
0.785,0.3333333333333333,0.5,0.4615384615384615,0.5,0.1111111111111111,1.0,1.0,0.5,0.0,0.0,1.0,0.25,0.3333333333333333,0.0,0.08055555555555556,10.0,0.375,10.664722222222222
0.7855,0.3333333333333333,0.5,0.2307692307692307,0.3333333333333333,0.1666666666666666,1.0,0.0,0.5,0.0,0.2,1.0,0.3333333333333333,1.0,0.3333333333333333,0.05833333333333332,10.0,0.5,10.778333333333334
0.786,0.3333333333333333,0.0,0.3076923076923077,0.1666666666666666,0.6666666666666665,1.0,0.6666666666666666,0.5,0.0,0.2,1.0,0.0833333333333333,0.3333333333333333,1.0,0.05833333333333332,10.0,0.12499999999999994,10.290833333333333
0.7865,0.3333333333333333,0.5,0.6153846153846154,0.3333333333333333,0.0555555555555555,0.0,0.6666666666666666,1.0,0.0,0.8,1.0,0.3333333333333333,0.6666666666666666,0.0,0.05277777777777777,10.0,0.5,10.766111111111112
0.787,0.6666666666666666,0.0,0.6923076923076923,0.3333333333333333,0.6111111111111112,0.5,1.0,0.0,0.3333333333333333,0.6000000000000001,0.3333333333333333,0.3333333333333333,1.0,0.6666666666666666,0.08055555555555555,10.0,0.5,10.827222222222222
0.7875,0.3333333333333333,1.0,0.0,0.5,0.8888888888888888,0.0,0.6666666666666666,0.0,0.0,1.0,1.0,0.0,0.3333333333333333,0.3333333333333333,0.11944444444444444,10.0,0.0,10.262777777777778
0.788,0.3333333333333333,1.0,0.3846153846153846,0.1666666666666666,0.6666666666666665,0.0,1.0,0.5,0.0,0.6000000000000001,1.0,0.0833333333333333,0.3333333333333333,0.6666666666666666,0.05833333333333332,10.0,0.12499999999999994,10.290833333333333
0.7885,0.6666666666666666,0.0,0.3076923076923077,0.5,0.0,0.0,0.3333333333333333,1.0,0.3333333333333333,0.6000000000000001,1.0,0.0,0.0,0.6666666666666666,0.075,10.0,0.0,10.165
0.7895,0.6666666666666666,0.0,0.9230769230769232,0.6666666666666666,0.8333333333333333,0.0,1.0,0.0,0.3333333333333333,0.0,0.3333333333333333,0.0,0.0,0.6666666666666666,0.14166666666666666,10.0,0.0,10.311666666666667
0.79,0.3333333333333333,0.5,0.9230769230769232,0.5,1.0,0.0,1.0,1.0,0.0,0.0,1.0,0.25,0.3333333333333333,0.6666666666666666,0.125,10.0,0.375,10.762500000000001
0.7905,0.6666666666666666,1.0,0.0,0.5,0.3888888888888889,0.5,0.3333333333333333,1.0,0.3333333333333333,0.8,0.3333333333333333,0.0833333333333333,0.6666666666666666,0.3333333333333333,0.09444444444444444,10.0,0.12499999999999994,10.370277777777778
0.791,0.6666666666666666,0.5,0.5384615384615385,0.3333333333333333,0.3888888888888889,0.0,0.6666666666666666,1.0,0.3333333333333333,0.2,0.0,0.25,0.0,0.3333333333333333,0.06944444444444445,10.0,0.375,10.64027777777778
0.7915,0.6666666666666666,1.0,0.3846153846153846,0.6666666666666666,0.1111111111111111,0.0,0.0,0.0,0.3333333333333333,0.4,0.6666666666666666,0.0,1.0,0.6666666666666666,0.10555555555555554,10.0,0.0,10.232222222222223
0.792,0.6666666666666666,0.5,0.4615384615384615,0.5,0.7222222222222221,0.0,0.3333333333333333,0.5,0.3333333333333333,0.8,0.6666666666666666,0.0,0.0,0.0,0.11111111111111112,10.0,0.0,10.244444444444445
0.7925,0.6666666666666666,1.0,0.9230769230769232,0.3333333333333333,0.5555555555555556,0.0,0.0,1.0,0.3333333333333333,0.4,0.6666666666666666,0.0,0.3333333333333333,0.3333333333333333,0.07777777777777777,10.0,0.0,10.171111111111111
0.793,1.0,1.0,0.9230769230769232,1.0,0.4999999999999999,0.0,0.0,1.0,1.0,0.6000000000000001,1.0,0.0,0.0,0.0,0.175,10.0,0.0,10.385
0.7935,0.6666666666666666,1.0,0.3846153846153846,0.6666666666666666,0.7777777777777777,1.0,0.3333333333333333,0.5,0.3333333333333333,0.8,0.3333333333333333,0.1666666666666666,0.0,0.6666666666666666,0.13888888888888887,10.0,0.2499999999999999,10.630555555555555
0.794,0.3333333333333333,0.5,0.3846153846153846,0.3333333333333333,0.8333333333333333,1.0,0.6666666666666666,1.0,0.0,0.6000000000000001,0.0,0.3333333333333333,0.3333333333333333,0.3333333333333333,0.09166666666666666,10.0,0.5,10.851666666666667
0.795,0.6666666666666666,0.0,0.9230769230769232,0.3333333333333333,0.2222222222222222,0.0,0.3333333333333333,0.5,0.3333333333333333,0.2,0.6666666666666666,0.25,0.6666666666666666,0.3333333333333333,0.0611111111111111,10.0,0.375,10.621944444444445
0.7955,0.3333333333333333,0.5,0.9230769230769232,0.1666666666666666,0.5555555555555556,0.0,1.0,1.0,0.0,0.4,0.0,0.0,1.0,1.0,0.05277777777777777,10.0,0.0,10.116111111111111
0.796,0.3333333333333333,0.0,0.1538461538461538,0.1666666666666666,1.0,1.0,0.3333333333333333,1.0,0.0,0.6000000000000001,0.6666666666666666,0.3333333333333333,0.0,0.0,0.075,10.0,0.5,10.815
0.7965,0.6666666666666666,0.5,0.2307692307692307,0.3333333333333333,0.4444444444444445,0.5,1.0,0.5,0.3333333333333333,0.6000000000000001,0.0,0.0833333333333333,0.0,0.0,0.07222222222222222,10.0,0.12499999999999994,10.321388888888889
0.797,0.3333333333333333,0.5,0.0769230769230769,0.5,1.0,0.0,0.0,1.0,0.0,0.2,0.0,0.1666666666666666,1.0,0.6666666666666666,0.125,10.0,0.2499999999999999,10.6
0.7975,0.6666666666666666,1.0,0.6153846153846154,0.5,0.1111111111111111,0.5,0.0,0.5,0.3333333333333333,0.8,0.6666666666666666,0.25,0.0,0.3333333333333333,0.08055555555555556,10.0,0.375,10.664722222222222
0.798,0.3333333333333333,0.5,0.0,0.3333333333333333,0.8333333333333333,1.0,0.3333333333333333,0.5,0.0,0.0,0.6666666666666666,0.1666666666666666,0.3333333333333333,0.3333333333333333,0.09166666666666666,10.0,0.2499999999999999,10.526666666666666
0.7985,0.0,0.0,0.2307692307692307,0.0,0.7222222222222221,1.0,1.0,0.0,0.6666666666666666,0.4,0.3333333333333333,0.1666666666666666,0.6666666666666666,0.6666666666666666,0.03611111111111111,10.0,0.2499999999999999,10.404444444444444
0.799,0.0,1.0,0.4615384615384615,0.0,0.7777777777777777,0.5,0.0,1.0,0.6666666666666666,0.2,0.3333333333333333,0.25,0.6666666666666666,0.0,0.03888888888888888,10.0,0.375,10.573055555555555
0.7995,0.6666666666666666,0.5,0.6923076923076923,0.3333333333333333,0.8888888888888888,1.0,0.6666666666666666,1.0,0.3333333333333333,0.8,0.0,0.0833333333333333,0.3333333333333333,1.0,0.09444444444444443,10.0,0.12499999999999994,10.370277777777778
0.8005,0.3333333333333333,0.5,0.3846153846153846,0.3333333333333333,0.6666666666666665,1.0,1.0,1.0,0.0,0.2,0.0,0.25,0.0,0.3333333333333333,0.08333333333333331,10.0,0.375,10.670833333333334
0.801,1.0,1.0,0.1538461538461538,1.0,0.1111111111111111,0.0,0.6666666666666666,0.0,1.0,1.0,0.0,0.0833333333333333,0.0,0.6666666666666666,0.15555555555555553,10.0,0.12499999999999994,10.504722222222222
0.8015,0.6666666666666666,0.5,0.5384615384615385,0.5,0.4999999999999999,0.0,0.3333333333333333,1.0,0.3333333333333333,0.2,0.6666666666666666,0.0833333333333333,0.6666666666666666,0.0,0.1,10.0,0.12499999999999994,10.3825
0.802,0.3333333333333333,1.0,0.7692307692307693,0.3333333333333333,0.8333333333333333,1.0,0.3333333333333333,1.0,0.0,1.0,0.0,0.25,0.3333333333333333,0.6666666666666666,0.09166666666666666,10.0,0.375,10.689166666666667
0.8025,0.3333333333333333,0.0,0.9230769230769232,0.3333333333333333,0.7222222222222221,1.0,0.3333333333333333,0.5,0.0,0.0,0.0,0.25,1.0,0.3333333333333333,0.0861111111111111,10.0,0.375,10.676944444444445
0.803,0.0,0.0,0.0769230769230769,0.1666666666666666,0.7777777777777777,1.0,1.0,1.0,0.6666666666666666,0.8,0.3333333333333333,0.25,0.6666666666666666,0.3333333333333333,0.06388888888888888,10.0,0.375,10.628055555555557
0.8035,0.3333333333333333,1.0,0.3846153846153846,0.3333333333333333,0.8333333333333333,1.0,0.3333333333333333,1.0,0.0,0.6000000000000001,1.0,0.25,1.0,0.6666666666666666,0.09166666666666666,10.0,0.375,10.689166666666667
0.804,0.3333333333333333,0.0,0.9230769230769232,0.3333333333333333,0.0555555555555555,0.5,0.0,0.5,0.0,0.0,0.3333333333333333,0.0,0.0,0.0,0.05277777777777777,10.0,0.0,10.116111111111111
0.8045,0.3333333333333333,0.5,1.0,0.5,0.5555555555555556,0.5,0.0,1.0,0.0,0.4,0.3333333333333333,0.25,0.6666666666666666,0.0,0.10277777777777777,10.0,0.375,10.713611111111112
0.805,0.6666666666666666,1.0,0.0,0.5,0.1666666666666666,0.5,1.0,0.5,0.3333333333333333,1.0,1.0,0.0,0.0,0.6666666666666666,0.08333333333333333,10.0,0.0,10.183333333333334
0.806,1.0,0.5,0.1538461538461538,0.6666666666666666,0.7222222222222221,0.5,0.3333333333333333,0.5,1.0,0.4,0.6666666666666666,0.25,1.0,0.6666666666666666,0.1361111111111111,10.0,0.375,10.786944444444446
0.8065,0.6666666666666666,1.0,0.1538461538461538,0.6666666666666666,0.3333333333333333,0.0,0.0,0.0,0.3333333333333333,0.6000000000000001,0.0,0.3333333333333333,0.0,1.0,0.11666666666666665,10.0,0.5,10.906666666666666
0.807,0.6666666666666666,0.0,0.9230769230769232,0.5,0.9444444444444444,1.0,1.0,0.0,0.3333333333333333,0.8,1.0,0.0833333333333333,1.0,0.6666666666666666,0.12222222222222223,10.0,0.12499999999999994,10.431388888888888
0.8075,0.3333333333333333,0.0,0.6923076923076923,0.5,0.6111111111111112,0.5,1.0,0.0,0.0,1.0,0.6666666666666666,0.1666666666666666,0.6666666666666666,0.3333333333333333,0.10555555555555556,10.0,0.2499999999999999,10.557222222222222
0.808,0.0,1.0,0.1538461538461538,0.0,0.5555555555555556,1.0,0.0,0.5,0.6666666666666666,0.4,1.0,0.1666666666666666,0.6666666666666666,0.3333333333333333,0.02777777777777778,10.0,0.2499999999999999,10.386111111111111
0.8085,0.0,0.5,0.7692307692307693,0.0,0.1111111111111111,0.0,0.3333333333333333,1.0,0.6666666666666666,0.8,0.0,0.0833333333333333,0.6666666666666666,0.3333333333333333,0.005555555555555556,10.0,0.12499999999999994,10.174722222222222
0.809,0.6666666666666666,0.5,0.7692307692307693,0.5,0.3333333333333333,0.5,0.6666666666666666,0.0,0.3333333333333333,0.4,1.0,0.3333333333333333,0.0,1.0,0.09166666666666666,10.0,0.5,10.851666666666667
0.8095,0.3333333333333333,1.0,0.1538461538461538,0.3333333333333333,0.7777777777777777,1.0,0.6666666666666666,0.5,0.0,1.0,1.0,0.3333333333333333,1.0,0.0,0.08888888888888889,10.0,0.5,10.845555555555556
0.81,0.3333333333333333,0.0,0.3076923076923077,0.1666666666666666,0.1666666666666666,0.5,0.0,0.5,0.0,0.4,0.0,0.25,1.0,0.0,0.03333333333333332,10.0,0.375,10.560833333333335
0.8105,0.0,0.0,0.1538461538461538,0.1666666666666666,0.7777777777777777,1.0,1.0,0.0,0.6666666666666666,0.4,0.3333333333333333,0.0833333333333333,0.6666666666666666,0.6666666666666666,0.06388888888888888,10.0,0.12499999999999994,10.303055555555556
0.8115,0.3333333333333333,1.0,0.6923076923076923,0.5,0.7222222222222221,0.0,0.6666666666666666,0.0,0.0,0.8,0.3333333333333333,0.1666666666666666,1.0,0.0,0.11111111111111112,10.0,0.2499999999999999,10.569444444444445
0.812,0.0,0.5,0.3846153846153846,0.1666666666666666,0.7222222222222221,0.5,0.6666666666666666,1.0,0.6666666666666666,0.6000000000000001,0.3333333333333333,0.25,1.0,0.0,0.0611111111111111,10.0,0.375,10.621944444444445
0.8125,0.0,0.5,0.2307692307692307,0.0,0.4444444444444445,0.0,0.0,0.5,0.6666666666666666,0.2,1.0,0.0,1.0,0.6666666666666666,0.022222222222222227,10.0,0.0,10.04888888888889
0.8130000000000001,0.3333333333333333,0.0,0.1538461538461538,0.5,0.1666666666666666,1.0,0.6666666666666666,0.5,0.0,0.0,0.0,0.1666666666666666,1.0,0.3333333333333333,0.08333333333333333,10.0,0.2499999999999999,10.508333333333333
0.8135,0.3333333333333333,0.5,0.9230769230769232,0.3333333333333333,0.9444444444444444,0.0,0.3333333333333333,1.0,0.0,0.8,0.0,0.1666666666666666,1.0,1.0,0.09722222222222221,10.0,0.2499999999999999,10.538888888888888
0.8140000000000001,0.3333333333333333,0.5,0.4615384615384615,0.3333333333333333,0.9444444444444444,0.5,0.3333333333333333,0.5,0.0,0.0,0.0,0.0833333333333333,0.6666666666666666,0.3333333333333333,0.09722222222222221,10.0,0.12499999999999994,10.376388888888888
0.8145,0.3333333333333333,1.0,0.0769230769230769,0.3333333333333333,0.0,1.0,0.0,0.0,0.0,0.2,0.0,0.1666666666666666,0.6666666666666666,0.0,0.049999999999999996,10.0,0.2499999999999999,10.434999999999999
0.8150000000000001,0.3333333333333333,0.5,0.2307692307692307,0.3333333333333333,0.6666666666666665,1.0,0.3333333333333333,0.0,0.0,1.0,0.0,0.25,0.0,0.3333333333333333,0.08333333333333331,10.0,0.375,10.670833333333334
0.8155,0.3333333333333333,1.0,0.1538461538461538,0.3333333333333333,0.5555555555555556,0.0,0.3333333333333333,0.0,0.0,0.8,1.0,0.0833333333333333,0.6666666666666666,1.0,0.07777777777777777,10.0,0.12499999999999994,10.33361111111111
0.8160000000000001,0.3333333333333333,1.0,0.0,0.3333333333333333,0.7777777777777777,0.0,1.0,1.0,0.0,0.2,0.6666666666666666,0.0833333333333333,0.0,0.3333333333333333,0.08888888888888889,10.0,0.12499999999999994,10.358055555555556
0.8170000000000001,0.3333333333333333,0.5,0.0,0.1666666666666666,0.4999999999999999,0.0,1.0,1.0,0.0,0.6000000000000001,0.6666666666666666,0.3333333333333333,0.6666666666666666,1.0,0.04999999999999999,10.0,0.5,10.76
0.8175,0.3333333333333333,1.0,0.0769230769230769,0.5,0.2222222222222222,0.0,0.3333333333333333,1.0,0.0,0.6000000000000001,1.0,0.0833333333333333,0.6666666666666666,0.0,0.08611111111111111,10.0,0.12499999999999994,10.351944444444444
0.8180000000000001,0.6666666666666666,0.5,0.3846153846153846,0.5,0.2777777777777777,1.0,1.0,0.5,0.3333333333333333,0.8,0.3333333333333333,0.1666666666666666,0.3333333333333333,1.0,0.08888888888888889,10.0,0.2499999999999999,10.520555555555555
0.8185,0.3333333333333333,0.0,0.3076923076923077,0.1666666666666666,0.7777777777777777,1.0,0.6666666666666666,0.0,0.0,0.2,0.3333333333333333,0.0,0.6666666666666666,0.6666666666666666,0.06388888888888888,10.0,0.0,10.140555555555556
0.8190000000000001,0.6666666666666666,0.5,0.0769230769230769,0.6666666666666666,0.8888888888888888,1.0,0.6666666666666666,0.5,0.3333333333333333,0.4,0.3333333333333333,0.25,0.0,0.0,0.14444444444444443,10.0,0.375,10.805277777777778
0.8195,0.6666666666666666,1.0,0.6153846153846154,0.5,0.6111111111111112,0.5,0.3333333333333333,0.0,0.3333333333333333,0.0,0.0,0.1666666666666666,1.0,0.3333333333333333,0.10555555555555556,10.0,0.2499999999999999,10.557222222222222
0.8200000000000001,0.3333333333333333,0.5,0.9230769230769232,0.5,0.4444444444444445,0.0,1.0,1.0,0.0,1.0,0.3333333333333333,0.1666666666666666,0.6666666666666666,0.6666666666666666,0.09722222222222222,10.0,0.2499999999999999,10.538888888888888
0.8205,1.0,1.0,0.2307692307692307,0.8333333333333333,1.0,0.5,0.0,0.0,1.0,0.0,0.0,0.3333333333333333,0.3333333333333333,1.0,0.175,10.0,0.5,11.035
0.8210000000000001,0.3333333333333333,0.0,0.0769230769230769,0.1666666666666666,0.1111111111111111,1.0,1.0,0.5,0.0,0.8,0.0,0.0,0.0,0.0,0.03055555555555555,10.0,0.0,10.067222222222222
0.8215,0.3333333333333333,0.5,0.6153846153846154,0.1666666666666666,0.2777777777777777,1.0,1.0,0.0,0.0,0.6000000000000001,1.0,0.0,0.6666666666666666,0.0,0.038888888888888876,10.0,0.0,10.085555555555555
0.8225,0.6666666666666666,0.0,0.3846153846153846,0.3333333333333333,0.7222222222222221,1.0,1.0,1.0,0.3333333333333333,0.0,0.3333333333333333,0.25,0.0,0.6666666666666666,0.0861111111111111,10.0,0.375,10.676944444444445
0.8230000000000001,0.3333333333333333,0.5,0.8461538461538463,0.3333333333333333,0.0,0.5,0.0,1.0,0.0,0.2,0.0,0.3333333333333333,1.0,0.3333333333333333,0.049999999999999996,10.0,0.5,10.76
0.8235,1.0,1.0,0.3846153846153846,0.5,0.7222222222222221,1.0,0.3333333333333333,0.0,1.0,1.0,0.0,0.25,0.3333333333333333,1.0,0.11111111111111112,10.0,0.375,10.731944444444446
0.8240000000000001,0.3333333333333333,0.0,0.6923076923076923,0.5,0.7222222222222221,1.0,0.3333333333333333,0.5,0.0,1.0,0.3333333333333333,0.1666666666666666,0.0,1.0,0.11111111111111112,10.0,0.2499999999999999,10.569444444444445
0.8245,0.3333333333333333,1.0,0.6923076923076923,0.5,1.0,0.5,0.3333333333333333,1.0,0.0,0.2,0.0,0.3333333333333333,0.0,0.6666666666666666,0.125,10.0,0.5,10.925
0.8250000000000001,0.6666666666666666,0.5,0.6923076923076923,0.3333333333333333,0.8888888888888888,1.0,1.0,1.0,0.3333333333333333,0.2,1.0,0.25,1.0,0.6666666666666666,0.09444444444444443,10.0,0.375,10.695277777777779
0.8255,0.6666666666666666,0.0,0.5384615384615385,0.6666666666666666,0.0,0.5,0.3333333333333333,0.5,0.3333333333333333,1.0,0.6666666666666666,0.1666666666666666,0.6666666666666666,1.0,0.09999999999999999,10.0,0.2499999999999999,10.545
0.8260000000000001,0.3333333333333333,0.5,1.0,0.3333333333333333,0.4999999999999999,1.0,0.6666666666666666,1.0,0.0,0.0,0.6666666666666666,0.3333333333333333,1.0,0.3333333333333333,0.07499999999999998,10.0,0.5,10.815
0.8265,0.3333333333333333,0.5,0.5384615384615385,0.1666666666666666,0.8333333333333333,0.5,1.0,0.5,0.0,0.0,0.0,0.0833333333333333,0.0,0.0,0.06666666666666665,10.0,0.12499999999999994,10.309166666666666
0.8270000000000001,0.3333333333333333,1.0,0.9230769230769232,0.5,0.2777777777777777,1.0,0.3333333333333333,0.5,0.0,1.0,0.6666666666666666,0.25,0.3333333333333333,0.3333333333333333,0.08888888888888889,10.0,0.375,10.683055555555557
0.8280000000000001,0.6666666666666666,0.0,0.3076923076923077,0.3333333333333333,0.3888888888888889,1.0,0.6666666666666666,0.5,0.3333333333333333,0.0,0.6666666666666666,0.0,0.3333333333333333,0.3333333333333333,0.06944444444444445,10.0,0.0,10.152777777777779
0.8285,0.3333333333333333,0.5,0.9230769230769232,0.1666666666666666,0.3333333333333333,0.5,0.3333333333333333,0.0,0.0,0.8,0.6666666666666666,0.1666666666666666,0.6666666666666666,1.0,0.04166666666666666,10.0,0.2499999999999999,10.416666666666666
0.8290000000000001,1.0,0.5,1.0,0.5,0.3888888888888889,0.0,0.6666666666666666,0.5,1.0,0.8,0.0,0.0833333333333333,0.6666666666666666,0.3333333333333333,0.09444444444444444,10.0,0.12499999999999994,10.370277777777778
0.8295,0.6666666666666666,1.0,1.0,0.5,0.1666666666666666,1.0,0.3333333333333333,0.5,0.3333333333333333,1.0,0.3333333333333333,0.25,0.0,0.6666666666666666,0.08333333333333333,10.0,0.375,10.670833333333334
0.8300000000000001,0.6666666666666666,0.5,0.9230769230769232,0.5,0.9444444444444444,0.0,1.0,0.0,0.3333333333333333,0.4,0.6666666666666666,0.25,0.3333333333333333,1.0,0.12222222222222223,10.0,0.375,10.756388888888889
0.8305,0.6666666666666666,0.5,1.0,0.5,1.0,0.5,1.0,0.0,0.3333333333333333,0.8,0.3333333333333333,0.3333333333333333,0.6666666666666666,0.3333333333333333,0.125,10.0,0.5,10.925
0.8310000000000001,0.3333333333333333,0.5,0.3846153846153846,0.1666666666666666,0.0,1.0,1.0,0.5,0.0,0.4,1.0,0.3333333333333333,1.0,0.0,0.024999999999999994,10.0,0.5,10.705
0.8315,0.3333333333333333,0.5,0.3076923076923077,0.3333333333333333,0.4444444444444445,0.5,1.0,0.5,0.0,0.2,0.0,0.3333333333333333,0.0,0.3333333333333333,0.07222222222222222,10.0,0.5,10.80888888888889
0.8320000000000001,0.3333333333333333,0.5,0.3076923076923077,0.5,0.2777777777777777,1.0,1.0,0.0,0.0,0.8,0.6666666666666666,0.1666666666666666,0.6666666666666666,0.3333333333333333,0.08888888888888889,10.0,0.2499999999999999,10.520555555555555
0.8325,0.0,0.5,0.7692307692307693,0.0,0.1666666666666666,1.0,0.3333333333333333,0.0,0.6666666666666666,0.2,0.0,0.1666666666666666,1.0,0.3333333333333333,0.00833333333333333,10.0,0.2499999999999999,10.343333333333332
0.834,0.3333333333333333,0.0,0.7692307692307693,0.1666666666666666,0.1111111111111111,0.5,0.0,0.0,0.0,0.4,0.3333333333333333,0.0833333333333333,1.0,0.3333333333333333,0.03055555555555555,10.0,0.12499999999999994,10.229722222222222
0.8345,0.3333333333333333,1.0,0.6923076923076923,0.5,0.7777777777777777,0.5,0.0,1.0,0.0,0.2,0.6666666666666666,0.0,0.6666666666666666,0.6666666666666666,0.11388888888888889,10.0,0.0,10.250555555555556
0.835,0.3333333333333333,1.0,0.6923076923076923,0.1666666666666666,0.4444444444444445,0.5,0.3333333333333333,1.0,0.0,0.2,0.6666666666666666,0.25,0.3333333333333333,0.0,0.047222222222222214,10.0,0.375,10.59138888888889
0.8355,0.6666666666666666,0.0,0.0,0.6666666666666666,0.8888888888888888,0.0,0.6666666666666666,1.0,0.3333333333333333,0.0,0.3333333333333333,0.25,0.6666666666666666,0.0,0.14444444444444443,10.0,0.375,10.805277777777778
0.836,1.0,0.5,0.3846153846153846,1.0,0.7222222222222221,0.0,0.0,0.0,1.0,0.0,1.0,0.1666666666666666,0.6666666666666666,1.0,0.18611111111111112,10.0,0.2499999999999999,10.734444444444444
0.8365,0.0,1.0,0.2307692307692307,0.0,0.0,0.5,0.6666666666666666,0.5,0.6666666666666666,0.8,0.3333333333333333,0.25,0.3333333333333333,1.0,0.0,10.0,0.375,10.4875
0.837,1.0,1.0,0.3846153846153846,0.6666666666666666,0.7777777777777777,1.0,0.6666666666666666,1.0,1.0,0.4,1.0,0.25,0.6666666666666666,0.3333333333333333,0.13888888888888887,10.0,0.375,10.793055555555556
0.8375,0.6666666666666666,0.0,0.0769230769230769,0.6666666666666666,0.6111111111111112,0.0,1.0,0.0,0.3333333333333333,0.6000000000000001,0.3333333333333333,0.3333333333333333,0.0,1.0,0.13055555555555554,10.0,0.5,10.937222222222223
0.838,0.6666666666666666,1.0,0.3846153846153846,0.5,0.4999999999999999,0.0,0.0,0.5,0.3333333333333333,1.0,1.0,0.25,1.0,0.3333333333333333,0.1,10.0,0.375,10.707500000000001
0.8385,1.0,0.0,0.3846153846153846,0.8333333333333333,0.8333333333333333,0.5,0.6666666666666666,1.0,1.0,0.2,0.0,0.25,1.0,1.0,0.16666666666666666,10.0,0.375,10.854166666666668
0.8395,0.3333333333333333,0.5,0.5384615384615385,0.5,0.2222222222222222,0.0,0.3333333333333333,0.5,0.0,0.2,0.3333333333333333,0.0833333333333333,1.0,0.0,0.08611111111111111,10.0,0.12499999999999994,10.351944444444444
0.84,0.3333333333333333,0.0,0.8461538461538463,0.3333333333333333,0.3333333333333333,0.0,0.0,0.0,0.0,0.6000000000000001,0.6666666666666666,0.0,1.0,0.0,0.06666666666666665,10.0,0.0,10.146666666666667
0.8405,1.0,1.0,0.0769230769230769,0.6666666666666666,0.8888888888888888,0.0,0.6666666666666666,0.5,1.0,0.2,0.0,0.3333333333333333,0.6666666666666666,0.0,0.14444444444444443,10.0,0.5,10.967777777777778
0.841,0.3333333333333333,1.0,0.8461538461538463,0.3333333333333333,0.7777777777777777,0.0,0.3333333333333333,1.0,0.0,0.4,0.0,0.0833333333333333,0.0,1.0,0.08888888888888889,10.0,0.12499999999999994,10.358055555555556
0.8415,0.0,0.5,0.0769230769230769,0.1666666666666666,1.0,0.0,1.0,1.0,0.6666666666666666,0.4,0.0,0.3333333333333333,0.3333333333333333,0.3333333333333333,0.075,10.0,0.5,10.815
0.842,0.3333333333333333,0.0,0.3846153846153846,0.1666666666666666,0.1666666666666666,0.0,0.0,0.5,0.0,1.0,0.0,0.25,1.0,1.0,0.03333333333333332,10.0,0.375,10.560833333333335
0.8425,0.3333333333333333,0.0,0.3846153846153846,0.1666666666666666,0.6111111111111112,0.5,1.0,1.0,0.0,1.0,0.6666666666666666,0.0,1.0,1.0,0.05555555555555555,10.0,0.0,10.122222222222222
0.843,0.3333333333333333,0.5,0.3846153846153846,0.5,0.4444444444444445,0.0,0.6666666666666666,0.5,0.0,0.6000000000000001,0.3333333333333333,0.0833333333333333,1.0,1.0,0.09722222222222222,10.0,0.12499999999999994,10.376388888888888
0.8435,0.3333333333333333,0.0,0.3076923076923077,0.1666666666666666,0.5555555555555556,1.0,1.0,1.0,0.0,1.0,0.6666666666666666,0.1666666666666666,0.0,1.0,0.05277777777777777,10.0,0.2499999999999999,10.44111111111111
0.844,1.0,0.0,1.0,0.6666666666666666,0.5555555555555556,0.0,0.3333333333333333,0.0,1.0,1.0,1.0,0.0,0.6666666666666666,0.6666666666666666,0.12777777777777777,10.0,0.0,10.28111111111111
0.845,1.0,1.0,0.6923076923076923,0.8333333333333333,0.1111111111111111,1.0,0.0,0.5,1.0,0.8,0.3333333333333333,0.25,0.3333333333333333,0.6666666666666666,0.13055555555555554,10.0,0.375,10.774722222222223
0.8455,0.6666666666666666,1.0,0.5384615384615385,0.6666666666666666,0.5555555555555556,1.0,0.0,0.0,0.3333333333333333,0.0,0.3333333333333333,0.0833333333333333,0.0,0.3333333333333333,0.12777777777777777,10.0,0.12499999999999994,10.44361111111111
0.846,0.0,1.0,0.3846153846153846,0.0,0.9444444444444444,1.0,0.6666666666666666,0.5,0.6666666666666666,1.0,0.3333333333333333,0.0,1.0,0.6666666666666666,0.04722222222222222,10.0,0.0,10.10388888888889
0.8465,0.3333333333333333,1.0,0.0769230769230769,0.1666666666666666,0.0555555555555555,1.0,0.3333333333333333,1.0,0.0,0.4,0.6666666666666666,0.3333333333333333,1.0,0.3333333333333333,0.02777777777777777,10.0,0.5,10.711111111111112
0.847,0.6666666666666666,1.0,0.3846153846153846,0.6666666666666666,0.7222222222222221,0.0,1.0,1.0,0.3333333333333333,0.4,0.6666666666666666,0.25,1.0,0.6666666666666666,0.1361111111111111,10.0,0.375,10.786944444444446
0.8475,0.3333333333333333,0.5,1.0,0.5,0.7777777777777777,1.0,0.6666666666666666,0.5,0.0,0.4,0.0,0.25,0.6666666666666666,0.0,0.11388888888888889,10.0,0.375,10.738055555555556
0.848,0.6666666666666666,0.5,0.6923076923076923,0.3333333333333333,0.2222222222222222,0.0,0.0,0.5,0.3333333333333333,0.6000000000000001,0.6666666666666666,0.25,0.6666666666666666,0.3333333333333333,0.0611111111111111,10.0,0.375,10.621944444444445
0.8485,0.0,0.0,0.7692307692307693,0.1666666666666666,0.1111111111111111,0.5,0.3333333333333333,1.0,0.6666666666666666,0.8,0.0,0.0833333333333333,0.0,1.0,0.03055555555555555,10.0,0.12499999999999994,10.229722222222222
0.849,0.6666666666666666,0.0,0.9230769230769232,0.5,0.4444444444444445,0.0,0.3333333333333333,0.0,0.3333333333333333,0.6000000000000001,0.3333333333333333,0.25,0.6666666666666666,0.3333333333333333,0.09722222222222222,10.0,0.375,10.70138888888889
0.8495,0.6666666666666666,0.0,0.4615384615384615,0.3333333333333333,0.7777777777777777,0.5,0.3333333333333333,0.5,0.3333333333333333,0.8,1.0,0.0833333333333333,1.0,0.3333333333333333,0.08888888888888889,10.0,0.12499999999999994,10.358055555555556
0.8505,1.0,0.5,0.0,0.5,0.8888888888888888,1.0,0.3333333333333333,0.5,1.0,0.0,0.0,0.25,0.3333333333333333,0.3333333333333333,0.11944444444444444,10.0,0.375,10.750277777777779
0.851,0.6666666666666666,1.0,0.0769230769230769,0.6666666666666666,0.2777777777777777,0.0,0.6666666666666666,0.0,0.3333333333333333,0.8,0.6666666666666666,0.0,0.0,0.3333333333333333,0.11388888888888887,10.0,0.0,10.250555555555556
0.8515,0.3333333333333333,0.5,0.7692307692307693,0.3333333333333333,0.1111111111111111,0.0,0.0,0.5,0.0,1.0,0.6666666666666666,0.25,0.3333333333333333,0.0,0.05555555555555555,10.0,0.375,10.609722222222222
0.852,0.6666666666666666,1.0,0.7692307692307693,0.3333333333333333,1.0,0.5,0.0,1.0,0.3333333333333333,0.0,0.6666666666666666,0.0833333333333333,0.0,0.6666666666666666,0.1,10.0,0.12499999999999994,10.3825
0.8525,0.3333333333333333,0.5,0.1538461538461538,0.1666666666666666,1.0,0.0,0.3333333333333333,0.5,0.0,0.0,0.6666666666666666,0.0,0.3333333333333333,0.6666666666666666,0.075,10.0,0.0,10.165
0.853,0.3333333333333333,0.5,0.4615384615384615,0.3333333333333333,0.1666666666666666,1.0,0.3333333333333333,1.0,0.0,0.0,0.3333333333333333,0.3333333333333333,0.0,0.3333333333333333,0.05833333333333332,10.0,0.5,10.778333333333334
0.8535,0.6666666666666666,0.5,0.0769230769230769,0.5,0.0555555555555555,0.5,0.3333333333333333,0.5,0.3333333333333333,0.4,1.0,0.0,0.0,0.3333333333333333,0.07777777777777777,10.0,0.0,10.171111111111111
0.854,0.6666666666666666,0.5,0.6923076923076923,0.6666666666666666,0.4444444444444445,0.5,0.6666666666666666,0.5,0.3333333333333333,0.8,0.6666666666666666,0.0,0.0,0.3333333333333333,0.12222222222222222,10.0,0.0,10.268888888888888
0.8545,0.6666666666666666,0.5,1.0,0.3333333333333333,0.9444444444444444,0.0,0.0,1.0,0.3333333333333333,0.0,1.0,0.3333333333333333,0.3333333333333333,0.0,0.09722222222222221,10.0,0.5,10.863888888888889
0.855,1.0,0.5,0.4615384615384615,0.8333333333333333,0.0,0.0,0.6666666666666666,0.0,1.0,0.2,0.0,0.3333333333333333,1.0,0.0,0.12499999999999999,10.0,0.5,10.925
0.856,1.0,1.0,0.5384615384615385,0.5,0.4444444444444445,0.0,1.0,0.5,1.0,0.2,0.3333333333333333,0.0,0.3333333333333333,0.0,0.09722222222222222,10.0,0.0,10.213888888888889
0.8565,0.6666666666666666,0.5,0.0769230769230769,0.3333333333333333,0.2222222222222222,0.5,0.6666666666666666,0.5,0.3333333333333333,0.8,0.3333333333333333,0.1666666666666666,0.0,0.0,0.0611111111111111,10.0,0.2499999999999999,10.459444444444443
0.857,0.3333333333333333,0.0,0.3076923076923077,0.1666666666666666,0.3888888888888889,1.0,0.6666666666666666,0.5,0.0,0.6000000000000001,1.0,0.25,1.0,0.6666666666666666,0.044444444444444446,10.0,0.375,10.585277777777778
0.8575,1.0,0.5,0.2307692307692307,0.8333333333333333,0.9444444444444444,0.0,0.6666666666666666,0.5,1.0,0.4,1.0,0.25,1.0,0.3333333333333333,0.1722222222222222,10.0,0.375,10.86638888888889
0.858,0.3333333333333333,0.0,0.0769230769230769,0.5,0.7222222222222221,1.0,0.3333333333333333,0.5,0.0,0.4,1.0,0.1666666666666666,1.0,0.3333333333333333,0.11111111111111112,10.0,0.2499999999999999,10.569444444444445
0.8585,0.3333333333333333,0.0,0.9230769230769232,0.1666666666666666,0.4444444444444445,0.0,0.0,1.0,0.0,0.0,0.6666666666666666,0.3333333333333333,0.0,0.0,0.047222222222222214,10.0,0.5,10.75388888888889
0.859,0.6666666666666666,0.0,0.9230769230769232,0.3333333333333333,0.6111111111111112,0.0,0.0,0.5,0.3333333333333333,0.0,1.0,0.0833333333333333,0.3333333333333333,1.0,0.08055555555555555,10.0,0.12499999999999994,10.339722222222221
0.8595,0.6666666666666666,1.0,0.3076923076923077,0.3333333333333333,0.1111111111111111,1.0,0.6666666666666666,0.0,0.3333333333333333,1.0,0.6666666666666666,0.25,0.0,1.0,0.05555555555555555,10.0,0.375,10.609722222222222
0.86,1.0,1.0,0.4615384615384615,0.6666666666666666,0.5555555555555556,0.0,0.3333333333333333,0.5,1.0,0.6000000000000001,0.6666666666666666,0.0833333333333333,0.0,0.3333333333333333,0.12777777777777777,10.0,0.12499999999999994,10.44361111111111
0.8605,0.6666666666666666,0.0,0.0,0.6666666666666666,0.6666666666666665,0.0,0.0,1.0,0.3333333333333333,0.6000000000000001,0.3333333333333333,0.25,0.6666666666666666,0.3333333333333333,0.1333333333333333,10.0,0.375,10.780833333333334
0.8615,0.6666666666666666,0.5,0.0,0.5,0.8333333333333333,1.0,0.3333333333333333,0.5,0.3333333333333333,0.4,0.0,0.3333333333333333,0.0,0.6666666666666666,0.11666666666666665,10.0,0.5,10.906666666666666
0.862,0.0,0.5,0.6153846153846154,0.0,0.7777777777777777,1.0,0.6666666666666666,0.0,0.6666666666666666,0.6000000000000001,0.6666666666666666,0.25,0.6666666666666666,0.3333333333333333,0.03888888888888888,10.0,0.375,10.573055555555555
0.8625,1.0,1.0,0.0769230769230769,1.0,0.4444444444444445,1.0,0.3333333333333333,0.5,1.0,0.6000000000000001,0.3333333333333333,0.25,0.3333333333333333,0.6666666666666666,0.17222222222222222,10.0,0.375,10.86638888888889
0.863,1.0,1.0,0.3076923076923077,0.6666666666666666,0.0,0.5,0.3333333333333333,0.0,1.0,0.0,0.3333333333333333,0.25,0.6666666666666666,0.6666666666666666,0.09999999999999999,10.0,0.375,10.707500000000001
0.8635,0.6666666666666666,1.0,0.0769230769230769,0.6666666666666666,0.1111111111111111,1.0,0.3333333333333333,0.0,0.3333333333333333,0.0,0.6666666666666666,0.1666666666666666,0.6666666666666666,0.0,0.10555555555555554,10.0,0.2499999999999999,10.557222222222222
0.864,1.0,0.0,0.4615384615384615,0.8333333333333333,0.9444444444444444,0.5,0.6666666666666666,0.0,1.0,0.6000000000000001,0.3333333333333333,0.0,0.3333333333333333,0.3333333333333333,0.1722222222222222,10.0,0.0,10.37888888888889
0.8645,0.3333333333333333,0.0,0.3076923076923077,0.3333333333333333,0.3333333333333333,0.5,0.6666666666666666,0.0,0.0,0.4,0.0,0.3333333333333333,1.0,0.3333333333333333,0.06666666666666665,10.0,0.5,10.796666666666667
0.865,0.3333333333333333,0.0,0.0,0.5,0.8888888888888888,0.0,1.0,0.0,0.0,1.0,0.0,0.0833333333333333,0.3333333333333333,0.3333333333333333,0.11944444444444444,10.0,0.12499999999999994,10.425277777777778
0.8655,0.3333333333333333,1.0,0.8461538461538463,0.1666666666666666,0.4999999999999999,0.0,0.3333333333333333,0.5,0.0,0.2,0.0,0.0833333333333333,0.3333333333333333,0.0,0.04999999999999999,10.0,0.12499999999999994,10.272499999999999
0.866,1.0,1.0,0.1538461538461538,0.5,0.4444444444444445,1.0,1.0,0.0,1.0,0.6000000000000001,0.0,0.25,0.6666666666666666,0.6666666666666666,0.09722222222222222,10.0,0.375,10.70138888888889
0.867,0.3333333333333333,0.5,0.6153846153846154,0.1666666666666666,0.4444444444444445,1.0,0.6666666666666666,0.5,0.0,0.4,0.0,0.25,0.3333333333333333,0.6666666666666666,0.047222222222222214,10.0,0.375,10.59138888888889
0.8675,0.6666666666666666,1.0,0.6153846153846154,0.5,0.4444444444444445,1.0,0.0,1.0,0.3333333333333333,0.8,0.0,0.1666666666666666,1.0,0.3333333333333333,0.09722222222222222,10.0,0.2499999999999999,10.538888888888888
0.868,0.3333333333333333,0.5,0.4615384615384615,0.1666666666666666,0.9444444444444444,1.0,0.0,0.5,0.0,0.4,0.0,0.3333333333333333,0.6666666666666666,0.6666666666666666,0.07222222222222222,10.0,0.5,10.80888888888889
0.8685,0.3333333333333333,0.5,0.0769230769230769,0.1666666666666666,0.2222222222222222,0.5,0.3333333333333333,1.0,0.0,0.6000000000000001,0.3333333333333333,0.0,1.0,0.0,0.0361111111111111,10.0,0.0,10.079444444444444
0.869,0.6666666666666666,0.0,0.4615384615384615,0.3333333333333333,0.4444444444444445,0.5,0.0,0.0,0.3333333333333333,0.4,0.6666666666666666,0.0833333333333333,0.3333333333333333,0.0,0.07222222222222222,10.0,0.12499999999999994,10.321388888888889
0.8695,0.6666666666666666,1.0,0.0,0.5,0.1666666666666666,0.5,0.3333333333333333,0.5,0.3333333333333333,0.8,0.6666666666666666,0.3333333333333333,0.0,0.0,0.08333333333333333,10.0,0.5,10.833333333333334
0.87,0.3333333333333333,0.0,0.0,0.5,0.2777777777777777,0.0,1.0,0.0,0.0,0.0,0.6666666666666666,0.0,0.0,0.0,0.08888888888888889,10.0,0.0,10.195555555555556
0.8705,0.6666666666666666,0.5,0.3846153846153846,0.5,0.8888888888888888,0.5,1.0,1.0,0.3333333333333333,0.6000000000000001,0.0,0.3333333333333333,0.3333333333333333,1.0,0.11944444444444444,10.0,0.5,10.912777777777778
0.871,0.6666666666666666,1.0,0.0,0.3333333333333333,0.3888888888888889,0.5,1.0,0.5,0.3333333333333333,1.0,0.3333333333333333,0.0,1.0,0.3333333333333333,0.06944444444444445,10.0,0.0,10.152777777777779
0.8715,0.3333333333333333,1.0,0.3076923076923077,0.3333333333333333,0.6111111111111112,0.5,0.0,0.0,0.0,0.6000000000000001,0.0,0.25,0.0,0.6666666666666666,0.08055555555555555,10.0,0.375,10.664722222222222
0.8725,0.0,0.5,0.0769230769230769,0.1666666666666666,0.5555555555555556,1.0,0.3333333333333333,0.5,0.6666666666666666,0.4,0.3333333333333333,0.0833333333333333,1.0,0.3333333333333333,0.05277777777777777,10.0,0.12499999999999994,10.278611111111111
0.873,0.3333333333333333,0.5,0.7692307692307693,0.3333333333333333,0.6666666666666665,1.0,0.3333333333333333,0.5,0.0,0.8,0.6666666666666666,0.3333333333333333,0.0,1.0,0.08333333333333331,10.0,0.5,10.833333333333334
0.8735,0.6666666666666666,0.5,0.3846153846153846,0.6666666666666666,0.3888888888888889,1.0,0.0,0.5,0.3333333333333333,0.2,1.0,0.1666666666666666,1.0,0.6666666666666666,0.11944444444444442,10.0,0.2499999999999999,10.587777777777777
0.874,1.0,0.5,0.0,0.5,0.9444444444444444,0.5,0.3333333333333333,1.0,1.0,1.0,0.0,0.25,1.0,1.0,0.12222222222222223,10.0,0.375,10.756388888888889
0.8745,0.6666666666666666,1.0,0.0769230769230769,0.5,0.4444444444444445,1.0,0.3333333333333333,0.0,0.3333333333333333,0.4,0.6666666666666666,0.1666666666666666,0.3333333333333333,0.6666666666666666,0.09722222222222222,10.0,0.2499999999999999,10.538888888888888
0.875,1.0,0.5,0.6923076923076923,0.6666666666666666,0.0,0.0,0.3333333333333333,0.0,1.0,0.2,0.3333333333333333,0.3333333333333333,0.3333333333333333,0.3333333333333333,0.09999999999999999,10.0,0.5,10.870000000000001
0.8755000000000001,0.6666666666666666,1.0,1.0,0.3333333333333333,0.7777777777777777,0.0,0.6666666666666666,0.0,0.3333333333333333,0.2,0.6666666666666666,0.3333333333333333,0.3333333333333333,1.0,0.08888888888888889,10.0,0.5,10.845555555555556
0.876,0.3333333333333333,0.0,0.6923076923076923,0.5,0.1666666666666666,0.0,0.0,0.0,0.0,0.0,0.0,0.3333333333333333,0.3333333333333333,1.0,0.08333333333333333,10.0,0.5,10.833333333333334
0.8765000000000001,0.6666666666666666,0.0,0.0769230769230769,0.6666666666666666,0.7222222222222221,0.0,0.6666666666666666,0.0,0.3333333333333333,1.0,0.0,0.0,1.0,1.0,0.1361111111111111,10.0,0.0,10.299444444444445
0.877,0.6666666666666666,0.5,0.7692307692307693,0.3333333333333333,0.9444444444444444,1.0,0.0,0.5,0.3333333333333333,0.8,1.0,0.1666666666666666,0.0,0.3333333333333333,0.09722222222222221,10.0,0.2499999999999999,10.538888888888888
0.878,0.3333333333333333,0.0,0.9230769230769232,0.3333333333333333,0.1111111111111111,1.0,0.3333333333333333,0.0,0.0,1.0,0.6666666666666666,0.1666666666666666,0.0,1.0,0.05555555555555555,10.0,0.2499999999999999,10.447222222222221
0.8785000000000001,0.3333333333333333,0.5,0.9230769230769232,0.3333333333333333,0.8333333333333333,0.5,0.3333333333333333,0.5,0.0,0.2,0.6666666666666666,0.0833333333333333,1.0,0.6666666666666666,0.09166666666666666,10.0,0.12499999999999994,10.364166666666666
0.879,1.0,0.5,0.7692307692307693,1.0,0.7222222222222221,0.5,0.6666666666666666,1.0,1.0,0.4,0.6666666666666666,0.25,0.6666666666666666,1.0,0.18611111111111112,10.0,0.375,10.896944444444445
0.8795000000000001,0.3333333333333333,1.0,0.0,0.5,0.8888888888888888,0.5,0.0,1.0,0.0,0.2,0.3333333333333333,0.0833333333333333,0.3333333333333333,0.0,0.11944444444444444,10.0,0.12499999999999994,10.425277777777778
0.88,0.3333333333333333,0.0,0.2307692307692307,0.1666666666666666,0.8333333333333333,0.0,0.0,1.0,0.0,0.6000000000000001,0.6666666666666666,0.0833333333333333,0.3333333333333333,0.6666666666666666,0.06666666666666665,10.0,0.12499999999999994,10.309166666666666
0.8805000000000001,0.3333333333333333,0.5,0.2307692307692307,0.5,0.8333333333333333,0.5,0.0,0.0,0.0,1.0,1.0,0.25,1.0,1.0,0.11666666666666665,10.0,0.375,10.744166666666667
0.881,0.6666666666666666,0.0,1.0,0.5,0.8888888888888888,0.0,0.3333333333333333,0.0,0.3333333333333333,0.4,0.6666666666666666,0.3333333333333333,0.3333333333333333,0.3333333333333333,0.11944444444444444,10.0,0.5,10.912777777777778
0.8815000000000001,1.0,1.0,0.6153846153846154,0.8333333333333333,0.8888888888888888,0.5,1.0,0.0,1.0,1.0,0.6666666666666666,0.3333333333333333,1.0,1.0,0.16944444444444443,10.0,0.5,11.022777777777778
0.882,0.3333333333333333,1.0,0.8461538461538463,0.3333333333333333,0.1111111111111111,0.0,0.6666666666666666,0.0,0.0,1.0,0.3333333333333333,0.25,0.3333333333333333,1.0,0.05555555555555555,10.0,0.375,10.609722222222222
0.8825000000000001,1.0,0.5,0.3846153846153846,0.5,0.4444444444444445,0.5,0.6666666666666666,1.0,1.0,0.2,0.0,0.3333333333333333,0.0,0.6666666666666666,0.09722222222222222,10.0,0.5,10.863888888888889
0.8835000000000001,0.6666666666666666,0.5,0.8461538461538463,0.3333333333333333,0.8333333333333333,0.0,0.6666666666666666,0.5,0.3333333333333333,0.8,0.0,0.1666666666666666,0.3333333333333333,1.0,0.09166666666666666,10.0,0.2499999999999999,10.526666666666666
0.884,0.6666666666666666,1.0,0.4615384615384615,0.6666666666666666,0.2222222222222222,0.5,0.3333333333333333,0.0,0.3333333333333333,0.0,1.0,0.3333333333333333,0.0,0.0,0.1111111111111111,10.0,0.5,10.894444444444444
0.8845000000000001,1.0,0.5,0.4615384615384615,0.8333333333333333,0.7777777777777777,0.0,1.0,1.0,1.0,0.0,0.0,0.0,0.6666666666666666,0.6666666666666666,0.16388888888888886,10.0,0.0,10.360555555555555
0.885,0.3333333333333333,0.5,0.3076923076923077,0.3333333333333333,0.9444444444444444,1.0,1.0,1.0,0.0,0.8,0.3333333333333333,0.25,0.6666666666666666,1.0,0.09722222222222221,10.0,0.375,10.70138888888889
0.8855000000000001,1.0,1.0,0.0769230769230769,1.0,0.1666666666666666,0.0,0.3333333333333333,0.0,1.0,0.2,1.0,0.1666666666666666,0.0,0.6666666666666666,0.15833333333333335,10.0,0.2499999999999999,10.673333333333332
0.886,0.3333333333333333,0.0,0.0769230769230769,0.5,0.1666666666666666,0.0,1.0,1.0,0.0,0.2,0.6666666666666666,0.1666666666666666,0.3333333333333333,0.0,0.08333333333333333,10.0,0.2499999999999999,10.508333333333333
0.8865000000000001,0.3333333333333333,0.0,0.0769230769230769,0.1666666666666666,0.0,1.0,0.0,0.5,0.0,0.6000000000000001,0.3333333333333333,0.0833333333333333,0.0,1.0,0.024999999999999994,10.0,0.12499999999999994,10.2175
0.887,0.3333333333333333,0.5,0.6153846153846154,0.1666666666666666,0.6111111111111112,0.5,0.3333333333333333,1.0,0.0,0.6000000000000001,1.0,0.3333333333333333,0.3333333333333333,1.0,0.05555555555555555,10.0,0.5,10.772222222222222
0.8875000000000001,0.6666666666666666,0.0,0.2307692307692307,0.5,0.0,0.0,0.3333333333333333,0.0,0.3333333333333333,0.8,1.0,0.25,1.0,0.6666666666666666,0.075,10.0,0.375,10.6525
0.888,0.6666666666666666,0.0,0.8461538461538463,0.3333333333333333,0.8888888888888888,0.5,0.3333333333333333,0.5,0.3333333333333333,0.4,0.3333333333333333,0.25,0.0,0.6666666666666666,0.09444444444444443,10.0,0.375,10.695277777777779
0.8895000000000001,0.3333333333333333,0.5,0.0,0.5,0.1666666666666666,0.0,1.0,0.0,0.0,0.2,1.0,0.0,0.6666666666666666,1.0,0.08333333333333333,10.0,0.0,10.183333333333334
0.89,0.6666666666666666,0.0,0.2307692307692307,0.6666666666666666,0.8888888888888888,1.0,1.0,0.0,0.3333333333333333,0.0,0.6666666666666666,0.0833333333333333,0.6666666666666666,0.6666666666666666,0.14444444444444443,10.0,0.12499999999999994,10.480277777777777
0.8905000000000001,0.6666666666666666,0.5,0.2307692307692307,0.6666666666666666,0.1666666666666666,0.0,0.3333333333333333,0.0,0.3333333333333333,0.8,0.3333333333333333,0.0,0.6666666666666666,0.3333333333333333,0.10833333333333331,10.0,0.0,10.238333333333333
0.891,0.6666666666666666,1.0,0.0,0.5,0.0555555555555555,0.5,0.0,1.0,0.3333333333333333,1.0,0.6666666666666666,0.0833333333333333,0.3333333333333333,0.3333333333333333,0.07777777777777777,10.0,0.12499999999999994,10.33361111111111
0.8915000000000001,0.6666666666666666,0.0,0.6923076923076923,0.6666666666666666,0.9444444444444444,0.0,1.0,0.5,0.3333333333333333,1.0,1.0,0.0,0.0,1.0,0.1472222222222222,10.0,0.0,10.323888888888888
0.892,0.3333333333333333,0.5,0.5384615384615385,0.1666666666666666,0.7222222222222221,1.0,1.0,0.5,0.0,0.2,0.0,0.0,0.0,0.6666666666666666,0.0611111111111111,10.0,0.0,10.134444444444444
0.8925000000000001,0.6666666666666666,0.0,0.8461538461538463,0.3333333333333333,0.2777777777777777,0.5,0.6666666666666666,1.0,0.3333333333333333,0.8,0.3333333333333333,0.3333333333333333,0.6666666666666666,0.6666666666666666,0.06388888888888888,10.0,0.5,10.790555555555557
0.893,0.6666666666666666,0.0,0.6923076923076923,0.5,0.4999999999999999,0.0,0.0,0.0,0.3333333333333333,0.6000000000000001,0.6666666666666666,0.0,0.0,0.6666666666666666,0.1,10.0,0.0,10.22
0.8935000000000001,1.0,1.0,0.0769230769230769,0.6666666666666666,0.9444444444444444,0.0,0.6666666666666666,0.5,1.0,1.0,0.6666666666666666,0.0833333333333333,0.3333333333333333,0.3333333333333333,0.1472222222222222,10.0,0.12499999999999994,10.486388888888888
0.894,0.6666666666666666,1.0,1.0,0.3333333333333333,0.9444444444444444,1.0,1.0,0.0,0.3333333333333333,0.8,0.6666666666666666,0.0,1.0,0.0,0.09722222222222221,10.0,0.0,10.213888888888889
0.895,0.3333333333333333,0.5,0.0769230769230769,0.1666666666666666,0.2777777777777777,1.0,0.6666666666666666,0.5,0.0,0.2,0.0,0.0,0.6666666666666666,0.6666666666666666,0.038888888888888876,10.0,0.0,10.085555555555555
0.8955000000000001,0.0,1.0,0.5384615384615385,0.0,0.0,0.0,0.0,0.0,0.6666666666666666,1.0,0.0,0.0,0.0,0.0,0.0,10.0,0.0,10.0
0.896,1.0,0.5,1.0,0.5,0.1666666666666666,0.5,0.3333333333333333,0.5,1.0,0.2,0.6666666666666666,0.0833333333333333,0.0,0.0,0.08333333333333333,10.0,0.12499999999999994,10.345833333333333
0.8965,1.0,0.5,0.2307692307692307,0.6666666666666666,0.4444444444444445,0.5,0.6666666666666666,0.0,1.0,1.0,0.6666666666666666,0.3333333333333333,1.0,0.0,0.12222222222222222,10.0,0.5,10.918888888888889
0.897,0.0,0.0,0.3846153846153846,0.1666666666666666,0.2222222222222222,1.0,0.0,0.5,0.6666666666666666,0.4,0.6666666666666666,0.1666666666666666,0.0,0.3333333333333333,0.0361111111111111,10.0,0.2499999999999999,10.404444444444444
0.8975,0.6666666666666666,1.0,0.5384615384615385,0.3333333333333333,0.8333333333333333,0.0,0.0,1.0,0.3333333333333333,0.2,0.6666666666666666,0.25,1.0,0.3333333333333333,0.09166666666666666,10.0,0.375,10.689166666666667
0.898,1.0,0.5,0.5384615384615385,0.5,0.1111111111111111,1.0,0.0,1.0,1.0,1.0,0.6666666666666666,0.0,1.0,0.0,0.08055555555555556,10.0,0.0,10.177222222222222
0.8985,0.3333333333333333,1.0,0.5384615384615385,0.3333333333333333,0.8333333333333333,0.0,0.6666666666666666,0.0,0.0,0.6000000000000001,1.0,0.3333333333333333,1.0,0.6666666666666666,0.09166666666666666,10.0,0.5,10.851666666666667
0.899,0.3333333333333333,0.0,0.6153846153846154,0.5,0.7222222222222221,1.0,0.3333333333333333,0.0,0.0,0.4,1.0,0.0,0.3333333333333333,0.0,0.11111111111111112,10.0,0.0,10.244444444444445
0.8995,0.3333333333333333,0.5,0.3076923076923077,0.5,0.4444444444444445,1.0,0.0,0.0,0.0,1.0,0.0,0.3333333333333333,0.6666666666666666,0.0,0.09722222222222222,10.0,0.5,10.863888888888889
0.9005,0.3333333333333333,1.0,0.1538461538461538,0.5,0.3333333333333333,0.5,1.0,1.0,0.0,0.4,0.3333333333333333,0.1666666666666666,0.6666666666666666,0.3333333333333333,0.09166666666666666,10.0,0.2499999999999999,10.526666666666666
0.901,0.3333333333333333,0.0,0.7692307692307693,0.3333333333333333,0.6111111111111112,1.0,0.3333333333333333,0.0,0.0,1.0,0.6666666666666666,0.3333333333333333,0.6666666666666666,0.0,0.08055555555555555,10.0,0.5,10.827222222222222
0.9015,0.3333333333333333,0.0,0.0769230769230769,0.5,0.7222222222222221,1.0,0.3333333333333333,1.0,0.0,0.8,1.0,0.25,0.6666666666666666,0.6666666666666666,0.11111111111111112,10.0,0.375,10.731944444444446
0.902,0.6666666666666666,0.5,0.3076923076923077,0.6666666666666666,0.8888888888888888,1.0,0.3333333333333333,1.0,0.3333333333333333,0.0,1.0,0.3333333333333333,0.0,0.0,0.14444444444444443,10.0,0.5,10.967777777777778
0.9025,0.0,1.0,0.3076923076923077,0.1666666666666666,0.7777777777777777,0.5,1.0,0.5,0.6666666666666666,0.6000000000000001,0.3333333333333333,0.25,1.0,0.0,0.06388888888888888,10.0,0.375,10.628055555555557
0.903,0.3333333333333333,1.0,0.9230769230769232,0.5,0.9444444444444444,0.5,0.3333333333333333,0.5,0.0,0.4,1.0,0.25,1.0,1.0,0.12222222222222223,10.0,0.375,10.756388888888889
0.9035,0.3333333333333333,0.0,0.3076923076923077,0.1666666666666666,0.6111111111111112,0.0,0.6666666666666666,0.5,0.0,0.8,0.6666666666666666,0.0,1.0,0.6666666666666666,0.05555555555555555,10.0,0.0,10.122222222222222
0.904,0.6666666666666666,0.5,0.9230769230769232,0.5,0.4444444444444445,1.0,0.6666666666666666,1.0,0.3333333333333333,0.6000000000000001,0.0,0.3333333333333333,0.0,1.0,0.09722222222222222,10.0,0.5,10.863888888888889
0.9045,0.0,0.5,0.5384615384615385,0.0,0.7777777777777777,0.5,0.6666666666666666,0.5,0.6666666666666666,0.2,0.6666666666666666,0.1666666666666666,0.0,1.0,0.03888888888888888,10.0,0.2499999999999999,10.410555555555554
0.905,0.3333333333333333,0.5,0.6923076923076923,0.5,0.2222222222222222,0.5,0.6666666666666666,0.0,0.0,0.6000000000000001,0.6666666666666666,0.1666666666666666,1.0,1.0,0.08611111111111111,10.0,0.2499999999999999,10.514444444444443
0.906,0.6666666666666666,0.5,0.9230769230769232,0.6666666666666666,1.0,1.0,0.6666666666666666,0.0,0.3333333333333333,0.0,1.0,0.25,0.6666666666666666,1.0,0.15,10.0,0.375,10.8175
0.9065,0.0,0.5,0.0769230769230769,0.1666666666666666,0.5555555555555556,1.0,0.6666666666666666,1.0,0.6666666666666666,0.8,0.0,0.0833333333333333,0.6666666666666666,0.6666666666666666,0.05277777777777777,10.0,0.12499999999999994,10.278611111111111
0.907,0.3333333333333333,1.0,0.3846153846153846,0.1666666666666666,0.3888888888888889,0.5,1.0,1.0,0.0,0.8,0.0,0.25,1.0,1.0,0.044444444444444446,10.0,0.375,10.585277777777778
0.9075,0.3333333333333333,1.0,0.6153846153846154,0.3333333333333333,0.2777777777777777,1.0,0.0,1.0,0.0,1.0,0.3333333333333333,0.0,0.0,1.0,0.06388888888888888,10.0,0.0,10.140555555555556
0.908,0.6666666666666666,0.5,1.0,0.3333333333333333,0.6111111111111112,0.5,0.0,0.0,0.3333333333333333,0.0,0.6666666666666666,0.25,0.6666666666666666,1.0,0.08055555555555555,10.0,0.375,10.664722222222222
0.9085,0.6666666666666666,0.5,0.8461538461538463,0.6666666666666666,0.7777777777777777,1.0,0.3333333333333333,1.0,0.3333333333333333,0.8,0.6666666666666666,0.3333333333333333,1.0,0.0,0.13888888888888887,10.0,0.5,10.955555555555556
0.909,0.3333333333333333,1.0,0.6153846153846154,0.1666666666666666,0.6666666666666665,0.0,0.3333333333333333,0.0,0.0,0.4,0.6666666666666666,0.25,1.0,0.6666666666666666,0.05833333333333332,10.0,0.375,10.615833333333335
0.9095,0.3333333333333333,1.0,0.8461538461538463,0.3333333333333333,0.1111111111111111,0.0,1.0,1.0,0.0,0.2,0.0,0.3333333333333333,0.6666666666666666,0.6666666666666666,0.05555555555555555,10.0,0.5,10.772222222222222
0.91,1.0,0.0,0.7692307692307693,0.6666666666666666,0.2777777777777777,1.0,0.6666666666666666,1.0,1.0,0.6000000000000001,1.0,0.0,0.6666666666666666,0.6666666666666666,0.11388888888888887,10.0,0.0,10.250555555555556
0.9105,0.3333333333333333,1.0,0.3076923076923077,0.3333333333333333,0.2222222222222222,0.0,1.0,1.0,0.0,1.0,1.0,0.1666666666666666,0.6666666666666666,0.6666666666666666,0.0611111111111111,10.0,0.2499999999999999,10.459444444444443
0.9115,0.6666666666666666,1.0,1.0,0.3333333333333333,0.3888888888888889,1.0,1.0,0.0,0.3333333333333333,0.8,0.0,0.25,0.0,1.0,0.06944444444444445,10.0,0.375,10.64027777777778
0.912,1.0,0.5,0.3076923076923077,0.8333333333333333,0.8888888888888888,0.0,0.3333333333333333,1.0,1.0,1.0,0.0,0.1666666666666666,0.0,0.0,0.16944444444444443,10.0,0.2499999999999999,10.697777777777777
0.9125,0.6666666666666666,1.0,0.3076923076923077,0.5,0.7222222222222221,0.0,0.6666666666666666,1.0,0.3333333333333333,0.6000000000000001,0.0,0.3333333333333333,0.0,0.3333333333333333,0.11111111111111112,10.0,0.5,10.894444444444446
0.913,0.3333333333333333,0.0,0.5384615384615385,0.1666666666666666,0.8333333333333333,0.0,0.3333333333333333,0.5,0.0,0.8,1.0,0.3333333333333333,0.3333333333333333,1.0,0.06666666666666665,10.0,0.5,10.796666666666667
0.9135,0.6666666666666666,1.0,0.6153846153846154,0.3333333333333333,0.6666666666666665,0.0,1.0,0.5,0.3333333333333333,1.0,0.3333333333333333,0.0833333333333333,1.0,1.0,0.08333333333333331,10.0,0.12499999999999994,10.345833333333333
0.914,0.6666666666666666,1.0,0.5384615384615385,0.6666666666666666,0.4999999999999999,0.0,0.3333333333333333,0.0,0.3333333333333333,0.8,0.0,0.1666666666666666,0.6666666666666666,0.3333333333333333,0.12499999999999997,10.0,0.2499999999999999,10.6
0.9145,0.3333333333333333,1.0,0.0,0.5,0.4444444444444445,0.5,0.3333333333333333,1.0,0.0,1.0,0.6666666666666666,0.0,0.0,0.3333333333333333,0.09722222222222222,10.0,0.0,10.213888888888889
0.915,0.3333333333333333,0.5,0.6153846153846154,0.5,0.7222222222222221,1.0,0.0,0.5,0.0,1.0,0.3333333333333333,0.1666666666666666,0.3333333333333333,0.0,0.11111111111111112,10.0,0.2499999999999999,10.569444444444445
0.9155,0.6666666666666666,0.5,0.1538461538461538,0.5,0.6666666666666665,0.5,1.0,1.0,0.3333333333333333,1.0,0.3333333333333333,0.3333333333333333,0.3333333333333333,1.0,0.10833333333333332,10.0,0.5,10.888333333333334
0.916,0.3333333333333333,1.0,0.8461538461538463,0.3333333333333333,0.6666666666666665,0.0,1.0,0.5,0.0,0.4,0.0,0.25,1.0,0.3333333333333333,0.08333333333333331,10.0,0.375,10.670833333333334
0.917,0.3333333333333333,1.0,0.0769230769230769,0.3333333333333333,0.2222222222222222,1.0,1.0,0.0,0.0,0.0,0.6666666666666666,0.1666666666666666,0.0,0.3333333333333333,0.0611111111111111,10.0,0.2499999999999999,10.459444444444443
0.9175,0.3333333333333333,1.0,0.6153846153846154,0.3333333333333333,0.9444444444444444,0.5,0.6666666666666666,0.5,0.0,0.8,0.6666666666666666,0.1666666666666666,0.6666666666666666,1.0,0.09722222222222221,10.0,0.2499999999999999,10.538888888888888
0.918,0.6666666666666666,0.5,0.0769230769230769,0.5,1.0,1.0,1.0,1.0,0.3333333333333333,0.8,0.3333333333333333,0.0,1.0,0.3333333333333333,0.125,10.0,0.0,10.275
0.9185,0.6666666666666666,0.0,0.4615384615384615,0.5,0.6666666666666665,1.0,0.0,0.5,0.3333333333333333,0.0,0.3333333333333333,0.0,0.6666666666666666,0.3333333333333333,0.10833333333333332,10.0,0.0,10.238333333333333
0.919,0.3333333333333333,0.5,0.0769230769230769,0.5,0.0555555555555555,0.0,1.0,0.5,0.0,0.6000000000000001,0.0,0.0833333333333333,0.6666666666666666,0.0,0.07777777777777777,10.0,0.12499999999999994,10.33361111111111
0.9195,0.3333333333333333,0.0,0.6923076923076923,0.3333333333333333,0.1111111111111111,1.0,0.3333333333333333,0.5,0.0,0.8,1.0,0.0833333333333333,0.6666666666666666,0.0,0.05555555555555555,10.0,0.12499999999999994,10.284722222222221
0.92,0.6666666666666666,1.0,0.0769230769230769,0.3333333333333333,0.8888888888888888,1.0,1.0,1.0,0.3333333333333333,0.6000000000000001,0.0,0.3333333333333333,0.6666666666666666,0.6666666666666666,0.09444444444444443,10.0,0.5,10.857777777777779
0.9205,0.6666666666666666,0.0,0.3076923076923077,0.6666666666666666,0.4444444444444445,0.0,1.0,0.5,0.3333333333333333,0.6000000000000001,1.0,0.0833333333333333,1.0,0.6666666666666666,0.12222222222222222,10.0,0.12499999999999994,10.431388888888888
0.921,0.6666666666666666,1.0,0.5384615384615385,0.5,0.3888888888888889,0.0,1.0,0.5,0.3333333333333333,1.0,0.3333333333333333,0.0,0.3333333333333333,1.0,0.09444444444444444,10.0,0.0,10.207777777777778
0.9215,0.3333333333333333,0.0,0.9230769230769232,0.1666666666666666,0.1666666666666666,0.0,1.0,1.0,0.0,0.0,0.0,0.0,1.0,0.0,0.03333333333333332,10.0,0.0,10.073333333333334
0.9225,0.6666666666666666,0.0,0.2307692307692307,0.5,0.7222222222222221,0.0,1.0,1.0,0.3333333333333333,0.6000000000000001,1.0,0.0833333333333333,0.0,0.0,0.11111111111111112,10.0,0.12499999999999994,10.406944444444445
0.923,0.6666666666666666,1.0,0.6923076923076923,0.5,0.6666666666666665,1.0,0.0,0.5,0.3333333333333333,0.8,0.0,0.0,0.0,0.0,0.10833333333333332,10.0,0.0,10.238333333333333
0.9235,0.6666666666666666,0.0,0.4615384615384615,0.3333333333333333,0.8888888888888888,0.0,0.0,1.0,0.3333333333333333,0.6000000000000001,0.3333333333333333,0.0833333333333333,0.0,0.0,0.09444444444444443,10.0,0.12499999999999994,10.370277777777778
0.924,0.6666666666666666,0.5,0.5384615384615385,0.5,0.0,1.0,0.0,1.0,0.3333333333333333,0.6000000000000001,0.3333333333333333,0.25,1.0,0.3333333333333333,0.075,10.0,0.375,10.6525
0.9245,0.6666666666666666,1.0,0.3076923076923077,0.3333333333333333,0.7777777777777777,1.0,1.0,0.5,0.3333333333333333,0.2,0.3333333333333333,0.0,0.6666666666666666,0.6666666666666666,0.08888888888888889,10.0,0.0,10.195555555555556
0.925,0.6666666666666666,1.0,0.3846153846153846,0.6666666666666666,0.0555555555555555,0.0,1.0,0.0,0.3333333333333333,0.8,1.0,0.25,0.0,0.6666666666666666,0.10277777777777776,10.0,0.375,10.713611111111112
0.9255,1.0,0.0,0.6153846153846154,0.8333333333333333,0.4999999999999999,0.0,0.0,0.5,1.0,0.0,0.0,0.0833333333333333,0.0,1.0,0.14999999999999997,10.0,0.12499999999999994,10.4925
0.926,1.0,0.0,0.1538461538461538,0.5,0.4444444444444445,0.0,0.3333333333333333,0.5,1.0,1.0,1.0,0.25,0.0,0.3333333333333333,0.09722222222222222,10.0,0.375,10.70138888888889
0.9265,0.3333333333333333,0.0,0.8461538461538463,0.3333333333333333,0.2777777777777777,0.0,1.0,0.0,0.0,0.4,0.0,0.3333333333333333,0.3333333333333333,0.3333333333333333,0.06388888888888888,10.0,0.5,10.790555555555557
0.927,0.6666666666666666,0.5,0.2307692307692307,0.3333333333333333,0.0555555555555555,1.0,1.0,1.0,0.3333333333333333,0.4,0.3333333333333333,0.3333333333333333,0.0,0.0,0.05277777777777777,10.0,0.5,10.766111111111112
0.928,0.6666666666666666,0.0,0.4615384615384615,0.3333333333333333,0.6111111111111112,0.0,1.0,1.0,0.3333333333333333,0.4,1.0,0.0,0.0,0.6666666666666666,0.08055555555555555,10.0,0.0,10.177222222222222
0.9285,0.3333333333333333,0.0,0.4615384615384615,0.3333333333333333,0.0555555555555555,1.0,0.6666666666666666,1.0,0.0,0.2,1.0,0.3333333333333333,0.6666666666666666,0.6666666666666666,0.05277777777777777,10.0,0.5,10.766111111111112
0.929,0.3333333333333333,1.0,0.3076923076923077,0.5,0.8888888888888888,0.0,0.0,0.5,0.0,0.2,0.3333333333333333,0.0833333333333333,0.3333333333333333,0.3333333333333333,0.11944444444444444,10.0,0.12499999999999994,10.425277777777778
0.9295,1.0,0.0,0.3846153846153846,1.0,0.4999999999999999,0.0,0.6666666666666666,0.0,1.0,0.6000000000000001,0.6666666666666666,0.0833333333333333,0.6666666666666666,0.6666666666666666,0.175,10.0,0.12499999999999994,10.5475
0.93,0.6666666666666666,1.0,0.0769230769230769,0.3333333333333333,0.7222222222222221,1.0,0.6666666666666666,0.5,0.3333333333333333,0.6000000000000001,0.6666666666666666,0.1666666666666666,0.3333333333333333,0.0,0.0861111111111111,10.0,0.2499999999999999,10.514444444444443
0.9305,0.6666666666666666,0.0,0.6923076923076923,0.6666666666666666,0.4999999999999999,1.0,1.0,0.5,0.3333333333333333,0.2,0.3333333333333333,0.0,0.3333333333333333,0.6666666666666666,0.12499999999999997,10.0,0.0,10.275
0.931,1.0,0.5,0.3846153846153846,1.0,0.6666666666666665,0.0,0.6666666666666666,1.0,1.0,0.4,0.6666666666666666,0.0,1.0,0.3333333333333333,0.18333333333333332,10.0,0.0,10.403333333333332
0.9315,0.3333333333333333,0.5,1.0,0.5,0.6111111111111112,0.0,0.3333333333333333,0.0,0.0,0.6000000000000001,0.3333333333333333,0.1666666666666666,0.6666666666666666,0.0,0.10555555555555556,10.0,0.2499999999999999,10.557222222222222
0.932,1.0,0.5,0.9230769230769232,0.5,0.6111111111111112,1.0,0.0,1.0,1.0,0.0,1.0,0.0833333333333333,0.0,0.0,0.10555555555555556,10.0,0.12499999999999994,10.394722222222223
0.9325,0.6666666666666666,0.5,0.0769230769230769,0.5,0.2222222222222222,0.0,1.0,1.0,0.3333333333333333,0.6000000000000001,0.6666666666666666,0.0,0.3333333333333333,1.0,0.08611111111111111,10.0,0.0,10.189444444444444
0.9335,0.3333333333333333,0.5,0.3076923076923077,0.5,0.0,0.0,0.3333333333333333,1.0,0.0,0.2,0.3333333333333333,0.25,0.3333333333333333,0.6666666666666666,0.075,10.0,0.375,10.6525
0.934,0.3333333333333333,0.5,0.3846153846153846,0.3333333333333333,0.2222222222222222,0.0,1.0,1.0,0.0,1.0,0.3333333333333333,0.0833333333333333,0.0,0.0,0.0611111111111111,10.0,0.12499999999999994,10.296944444444444
0.9345,0.3333333333333333,0.5,0.9230769230769232,0.3333333333333333,0.8888888888888888,0.5,0.3333333333333333,1.0,0.0,0.2,0.6666666666666666,0.0833333333333333,1.0,1.0,0.09444444444444443,10.0,0.12499999999999994,10.370277777777778
0.935,0.3333333333333333,0.5,0.1538461538461538,0.3333333333333333,0.1111111111111111,0.5,0.3333333333333333,0.0,0.0,0.6000000000000001,0.0,0.3333333333333333,0.6666666666666666,0.3333333333333333,0.05555555555555555,10.0,0.5,10.772222222222222
0.9355,0.6666666666666666,0.5,0.9230769230769232,0.5,0.2777777777777777,1.0,0.0,0.5,0.3333333333333333,0.6000000000000001,0.0,0.0,0.0,0.3333333333333333,0.08888888888888889,10.0,0.0,10.195555555555556
0.936,0.3333333333333333,1.0,0.5384615384615385,0.5,0.7777777777777777,0.0,0.3333333333333333,1.0,0.0,0.6000000000000001,1.0,0.0,0.0,1.0,0.11388888888888889,10.0,0.0,10.250555555555556
0.9365,0.0,0.5,0.0,0.1666666666666666,0.6111111111111112,0.5,0.3333333333333333,0.5,0.6666666666666666,0.4,0.6666666666666666,0.0833333333333333,0.0,1.0,0.05555555555555555,10.0,0.12499999999999994,10.284722222222221
0.937,0.3333333333333333,0.5,0.5384615384615385,0.5,0.9444444444444444,0.5,0.6666666666666666,0.5,0.0,0.2,0.0,0.0,1.0,0.3333333333333333,0.12222222222222223,10.0,0.0,10.268888888888888
0.9375,0.3333333333333333,0.5,0.9230769230769232,0.5,0.8333333333333333,0.5,1.0,1.0,0.0,1.0,0.3333333333333333,0.0833333333333333,0.0,0.3333333333333333,0.11666666666666665,10.0,0.12499999999999994,10.419166666666666
0.938,0.3333333333333333,0.0,0.3076923076923077,0.1666666666666666,0.9444444444444444,0.5,0.0,0.0,0.0,0.8,0.3333333333333333,0.1666666666666666,0.0,0.3333333333333333,0.07222222222222222,10.0,0.2499999999999999,10.483888888888888
0.939,0.6666666666666666,0.0,0.4615384615384615,0.6666666666666666,0.1111111111111111,0.5,0.6666666666666666,1.0,0.3333333333333333,0.0,0.3333333333333333,0.0,0.3333333333333333,0.3333333333333333,0.10555555555555554,10.0,0.0,10.232222222222223
0.9395,0.6666666666666666,0.5,0.1538461538461538,0.3333333333333333,0.0555555555555555,0.5,1.0,1.0,0.3333333333333333,0.6000000000000001,1.0,0.3333333333333333,1.0,1.0,0.05277777777777777,10.0,0.5,10.766111111111112
0.94,0.3333333333333333,1.0,0.0769230769230769,0.3333333333333333,0.6666666666666665,1.0,1.0,0.5,0.0,0.2,0.3333333333333333,0.1666666666666666,1.0,0.0,0.08333333333333331,10.0,0.2499999999999999,10.508333333333333
0.9405,0.3333333333333333,0.0,0.9230769230769232,0.1666666666666666,0.4444444444444445,1.0,1.0,0.5,0.0,0.0,0.0,0.0833333333333333,0.6666666666666666,0.0,0.047222222222222214,10.0,0.12499999999999994,10.266388888888889
0.941,0.6666666666666666,0.5,0.0769230769230769,0.6666666666666666,0.4444444444444445,0.5,1.0,1.0,0.3333333333333333,0.0,0.3333333333333333,0.3333333333333333,0.6666666666666666,1.0,0.12222222222222222,10.0,0.5,10.918888888888889
0.9415,0.0,1.0,0.6923076923076923,0.0,0.6111111111111112,0.5,0.6666666666666666,0.5,0.6666666666666666,0.4,0.6666666666666666,0.0833333333333333,0.0,0.6666666666666666,0.030555555555555558,10.0,0.12499999999999994,10.229722222222222
0.942,0.3333333333333333,1.0,0.6153846153846154,0.3333333333333333,0.1666666666666666,1.0,0.3333333333333333,1.0,0.0,0.8,1.0,0.1666666666666666,0.6666666666666666,0.6666666666666666,0.05833333333333332,10.0,0.2499999999999999,10.453333333333333
0.9425,0.3333333333333333,0.5,0.4615384615384615,0.5,0.6111111111111112,0.5,0.0,0.5,0.0,0.0,1.0,0.1666666666666666,0.0,0.6666666666666666,0.10555555555555556,10.0,0.2499999999999999,10.557222222222222
0.943,1.0,0.0,0.3076923076923077,1.0,0.1666666666666666,0.0,0.6666666666666666,0.5,1.0,0.2,0.3333333333333333,0.1666666666666666,1.0,0.6666666666666666,0.15833333333333335,10.0,0.2499999999999999,10.673333333333332
0.9435,0.3333333333333333,1.0,0.9230769230769232,0.1666666666666666,1.0,1.0,0.3333333333333333,1.0,0.0,0.6000000000000001,0.3333333333333333,0.0833333333333333,1.0,1.0,0.075,10.0,0.12499999999999994,10.327499999999999
0.945,0.3333333333333333,0.0,1.0,0.1666666666666666,0.0555555555555555,1.0,0.3333333333333333,0.5,0.0,0.6000000000000001,0.6666666666666666,0.3333333333333333,0.6666666666666666,0.0,0.02777777777777777,10.0,0.5,10.711111111111112
0.9455,1.0,0.5,0.3076923076923077,1.0,0.8333333333333333,0.5,0.3333333333333333,0.0,1.0,0.6000000000000001,0.6666666666666666,0.3333333333333333,1.0,0.0,0.19166666666666665,10.0,0.5,11.071666666666667
0.946,0.6666666666666666,1.0,0.0769230769230769,0.6666666666666666,0.4999999999999999,1.0,0.6666666666666666,0.0,0.3333333333333333,0.4,0.6666666666666666,0.25,1.0,0.6666666666666666,0.12499999999999997,10.0,0.375,10.762500000000001
0.9465,0.0,0.5,0.0769230769230769,0.1666666666666666,0.3333333333333333,0.5,0.6666666666666666,0.0,0.6666666666666666,1.0,0.0,0.3333333333333333,0.3333333333333333,0.6666666666666666,0.04166666666666666,10.0,0.5,10.741666666666667
0.947,1.0,0.5,0.8461538461538463,0.8333333333333333,0.1666666666666666,0.5,0.3333333333333333,1.0,1.0,0.8,1.0,0.25,1.0,0.0,0.1333333333333333,10.0,0.375,10.780833333333334
0.9475,0.0,0.5,0.0,0.1666666666666666,0.7777777777777777,1.0,1.0,0.5,0.6666666666666666,0.4,0.6666666666666666,0.25,0.3333333333333333,0.3333333333333333,0.06388888888888888,10.0,0.375,10.628055555555557
0.948,1.0,0.0,0.1538461538461538,0.6666666666666666,0.4444444444444445,0.0,0.0,1.0,1.0,0.0,0.0,0.0833333333333333,0.3333333333333333,1.0,0.12222222222222222,10.0,0.12499999999999994,10.431388888888888
0.9485,0.3333333333333333,1.0,1.0,0.1666666666666666,0.7777777777777777,0.5,0.0,0.0,0.0,0.6000000000000001,0.3333333333333333,0.3333333333333333,1.0,0.3333333333333333,0.06388888888888888,10.0,0.5,10.790555555555557
0.949,0.3333333333333333,1.0,0.3846153846153846,0.5,1.0,1.0,0.0,0.5,0.0,0.4,1.0,0.1666666666666666,0.3333333333333333,0.3333333333333333,0.125,10.0,0.2499999999999999,10.6
0.9495,0.6666666666666666,1.0,0.0,0.3333333333333333,0.7777777777777777,0.0,0.3333333333333333,0.0,0.3333333333333333,0.0,0.0,0.1666666666666666,0.0,0.0,0.08888888888888889,10.0,0.2499999999999999,10.520555555555555
0.9505,0.3333333333333333,1.0,0.1538461538461538,0.3333333333333333,0.3888888888888889,0.0,0.0,0.0,0.0,0.4,0.6666666666666666,0.0,0.3333333333333333,0.0,0.06944444444444445,10.0,0.0,10.152777777777779
0.951,0.3333333333333333,1.0,0.3076923076923077,0.5,0.2222222222222222,1.0,0.6666666666666666,0.5,0.0,1.0,1.0,0.1666666666666666,0.0,1.0,0.08611111111111111,10.0,0.2499999999999999,10.514444444444443
0.9515,0.3333333333333333,1.0,0.3846153846153846,0.5,0.5555555555555556,0.0,0.6666666666666666,0.5,0.0,0.6000000000000001,0.3333333333333333,0.1666666666666666,0.6666666666666666,1.0,0.10277777777777777,10.0,0.2499999999999999,10.55111111111111
0.952,0.6666666666666666,0.0,0.1538461538461538,0.3333333333333333,0.3888888888888889,1.0,0.0,1.0,0.3333333333333333,0.0,0.3333333333333333,0.3333333333333333,0.3333333333333333,0.3333333333333333,0.06944444444444445,10.0,0.5,10.802777777777779
0.9525,1.0,0.0,0.4615384615384615,0.6666666666666666,1.0,0.0,0.6666666666666666,0.5,1.0,0.4,1.0,0.1666666666666666,1.0,1.0,0.15,10.0,0.2499999999999999,10.655
0.953,0.0,0.0,0.6923076923076923,0.0,0.2777777777777777,0.0,0.3333333333333333,0.5,0.6666666666666666,0.4,0.3333333333333333,0.0,0.6666666666666666,0.3333333333333333,0.013888888888888885,10.0,0.0,10.030555555555555
0.9535,1.0,1.0,1.0,0.6666666666666666,0.1666666666666666,0.5,1.0,0.0,1.0,0.2,0.0,0.0833333333333333,0.3333333333333333,0.6666666666666666,0.10833333333333331,10.0,0.12499999999999994,10.400833333333333
0.954,0.6666666666666666,0.5,0.2307692307692307,0.5,0.0555555555555555,0.0,0.6666666666666666,0.0,0.3333333333333333,1.0,0.3333333333333333,0.3333333333333333,1.0,0.0,0.07777777777777777,10.0,0.5,10.821111111111112
0.9545,0.6666666666666666,1.0,0.0,0.5,0.6111111111111112,0.0,0.0,0.0,0.3333333333333333,0.8,0.0,0.0,0.0,1.0,0.10555555555555556,10.0,0.0,10.232222222222223
0.955,0.3333333333333333,0.5,0.9230769230769232,0.5,0.5555555555555556,0.0,0.0,0.5,0.0,0.2,0.6666666666666666,0.1666666666666666,1.0,1.0,0.10277777777777777,10.0,0.2499999999999999,10.55111111111111
0.956,0.6666666666666666,1.0,0.3076923076923077,0.5,0.4999999999999999,1.0,0.3333333333333333,1.0,0.3333333333333333,0.8,0.0,0.25,0.6666666666666666,1.0,0.1,10.0,0.375,10.707500000000001
0.9565,0.6666666666666666,0.5,0.9230769230769232,0.6666666666666666,0.4444444444444445,1.0,1.0,0.0,0.3333333333333333,0.4,0.0,0.0833333333333333,0.6666666666666666,0.3333333333333333,0.12222222222222222,10.0,0.12499999999999994,10.431388888888888
0.957,1.0,0.5,0.5384615384615385,0.8333333333333333,0.3888888888888889,0.5,1.0,1.0,1.0,0.8,0.6666666666666666,0.0,0.0,0.0,0.14444444444444443,10.0,0.0,10.317777777777778
0.9575,0.3333333333333333,0.5,0.3076923076923077,0.5,1.0,1.0,0.0,0.0,0.0,0.0,0.3333333333333333,0.0833333333333333,0.6666666666666666,0.3333333333333333,0.125,10.0,0.12499999999999994,10.4375
0.958,0.6666666666666666,0.5,0.3076923076923077,0.6666666666666666,0.6666666666666665,0.5,0.3333333333333333,1.0,0.3333333333333333,0.8,0.0,0.3333333333333333,0.3333333333333333,0.0,0.1333333333333333,10.0,0.5,10.943333333333333
0.9585,0.6666666666666666,0.5,0.5384615384615385,0.3333333333333333,0.0,1.0,0.0,0.5,0.3333333333333333,0.4,0.3333333333333333,0.3333333333333333,0.6666666666666666,1.0,0.049999999999999996,10.0,0.5,10.76
0.959,0.6666666666666666,1.0,0.8461538461538463,0.5,1.0,0.5,0.6666666666666666,1.0,0.3333333333333333,0.2,0.6666666666666666,0.0,0.6666666666666666,1.0,0.125,10.0,0.0,10.275
0.9595,0.3333333333333333,1.0,1.0,0.1666666666666666,0.0555555555555555,1.0,0.0,0.5,0.0,0.2,1.0,0.0,1.0,0.6666666666666666,0.02777777777777777,10.0,0.0,10.061111111111112
0.96,0.6666666666666666,0.5,0.7692307692307693,0.6666666666666666,0.8888888888888888,0.0,0.3333333333333333,0.0,0.3333333333333333,0.2,0.0,0.25,1.0,0.3333333333333333,0.14444444444444443,10.0,0.375,10.805277777777778
0.9605,0.3333333333333333,1.0,0.6923076923076923,0.3333333333333333,0.3888888888888889,1.0,0.3333333333333333,0.5,0.0,0.4,0.0,0.0833333333333333,0.3333333333333333,0.0,0.06944444444444445,10.0,0.12499999999999994,10.315277777777778
0.9615,1.0,0.5,0.5384615384615385,0.6666666666666666,0.1111111111111111,1.0,0.3333333333333333,0.0,1.0,0.4,0.3333333333333333,0.25,0.6666666666666666,0.3333333333333333,0.10555555555555554,10.0,0.375,10.719722222222224
0.962,0.3333333333333333,1.0,0.6153846153846154,0.1666666666666666,0.6666666666666665,1.0,0.6666666666666666,0.5,0.0,0.8,1.0,0.25,0.6666666666666666,0.3333333333333333,0.05833333333333332,10.0,0.375,10.615833333333335
0.9625,0.6666666666666666,0.0,0.4615384615384615,0.3333333333333333,0.7777777777777777,0.0,0.0,0.0,0.3333333333333333,0.2,0.0,0.1666666666666666,0.3333333333333333,0.0,0.08888888888888889,10.0,0.2499999999999999,10.520555555555555
0.963,0.6666666666666666,1.0,0.4615384615384615,0.5,0.0555555555555555,0.5,0.0,0.0,0.3333333333333333,1.0,0.0,0.3333333333333333,0.6666666666666666,0.3333333333333333,0.07777777777777777,10.0,0.5,10.821111111111112
0.9635,0.3333333333333333,0.0,0.4615384615384615,0.5,0.5555555555555556,0.5,0.0,0.5,0.0,0.8,0.0,0.0,0.6666666666666666,1.0,0.10277777777777777,10.0,0.0,10.226111111111111
0.964,0.6666666666666666,0.5,0.3846153846153846,0.5,0.1111111111111111,0.0,1.0,0.5,0.3333333333333333,0.8,0.6666666666666666,0.25,1.0,0.6666666666666666,0.08055555555555556,10.0,0.375,10.664722222222222
0.9645,0.3333333333333333,0.0,0.3076923076923077,0.5,0.4444444444444445,0.5,0.0,0.0,0.0,0.4,0.0,0.3333333333333333,0.3333333333333333,1.0,0.09722222222222222,10.0,0.5,10.863888888888889
0.965,0.6666666666666666,1.0,0.3846153846153846,0.5,1.0,0.5,0.6666666666666666,0.5,0.3333333333333333,0.4,0.0,0.0,0.3333333333333333,1.0,0.125,10.0,0.0,10.275
0.9655,0.6666666666666666,1.0,0.0769230769230769,0.3333333333333333,0.1111111111111111,1.0,0.6666666666666666,0.5,0.3333333333333333,0.2,0.0,0.0,0.6666666666666666,0.6666666666666666,0.05555555555555555,10.0,0.0,10.122222222222222
0.966,0.6666666666666666,1.0,0.4615384615384615,0.3333333333333333,0.9444444444444444,0.5,0.0,1.0,0.3333333333333333,0.4,0.3333333333333333,0.0,0.0,1.0,0.09722222222222221,10.0,0.0,10.213888888888889
0.967,0.0,0.0,0.8461538461538463,0.0,0.3888888888888889,0.0,0.0,0.5,0.6666666666666666,0.8,0.3333333333333333,0.1666666666666666,1.0,0.0,0.019444444444444445,10.0,0.2499999999999999,10.367777777777777
0.9675,0.3333333333333333,0.5,0.3846153846153846,0.5,0.6666666666666665,0.5,1.0,0.5,0.0,1.0,0.0,0.0,0.6666666666666666,0.0,0.10833333333333332,10.0,0.0,10.238333333333333
0.968,0.6666666666666666,0.5,0.6153846153846154,0.5,0.6666666666666665,1.0,0.0,1.0,0.3333333333333333,1.0,1.0,0.1666666666666666,1.0,0.6666666666666666,0.10833333333333332,10.0,0.2499999999999999,10.563333333333333
0.9685,0.6666666666666666,0.5,0.1538461538461538,0.6666666666666666,0.0555555555555555,1.0,0.6666666666666666,1.0,0.3333333333333333,0.0,0.0,0.3333333333333333,0.3333333333333333,0.6666666666666666,0.10277777777777776,10.0,0.5,10.876111111111111
0.969,0.6666666666666666,1.0,0.7692307692307693,0.3333333333333333,0.0555555555555555,0.5,0.0,0.0,0.3333333333333333,0.2,1.0,0.1666666666666666,0.0,0.3333333333333333,0.05277777777777777,10.0,0.2499999999999999,10.44111111111111
0.9695,1.0,0.0,0.4615384615384615,0.6666666666666666,0.0555555555555555,0.5,1.0,0.0,1.0,0.8,1.0,0.25,0.0,0.0,0.10277777777777776,10.0,0.375,10.713611111111112
0.97,0.3333333333333333,0.5,0.6923076923076923,0.5,0.7777777777777777,0.5,0.3333333333333333,0.0,0.0,0.8,0.0,0.25,0.3333333333333333,0.3333333333333333,0.11388888888888889,10.0,0.375,10.738055555555556
0.9705,0.6666666666666666,0.5,0.8461538461538463,0.6666666666666666,0.0,1.0,0.0,0.0,0.3333333333333333,0.6000000000000001,1.0,0.3333333333333333,0.3333333333333333,1.0,0.09999999999999999,10.0,0.5,10.870000000000001
0.971,0.6666666666666666,1.0,0.2307692307692307,0.6666666666666666,0.2222222222222222,0.0,0.6666666666666666,1.0,0.3333333333333333,0.8,0.0,0.0,1.0,0.0,0.1111111111111111,10.0,0.0,10.244444444444444
0.9715,0.3333333333333333,1.0,0.0769230769230769,0.1666666666666666,0.2222222222222222,0.0,0.6666666666666666,0.5,0.0,0.6000000000000001,0.0,0.25,0.0,1.0,0.0361111111111111,10.0,0.375,10.566944444444445
0.9725,0.6666666666666666,0.0,0.6153846153846154,0.6666666666666666,0.0,0.5,0.0,0.0,0.3333333333333333,0.2,1.0,0.25,1.0,0.3333333333333333,0.09999999999999999,10.0,0.375,10.707500000000001
0.973,0.6666666666666666,0.5,0.7692307692307693,0.5,0.3333333333333333,0.0,0.0,0.0,0.3333333333333333,0.2,0.0,0.0,1.0,0.3333333333333333,0.09166666666666666,10.0,0.0,10.201666666666666
0.9735,1.0,0.0,0.7692307692307693,0.5,0.0555555555555555,0.0,0.0,0.0,1.0,0.8,0.0,0.1666666666666666,0.6666666666666666,0.0,0.07777777777777777,10.0,0.2499999999999999,10.49611111111111
0.974,1.0,0.0,0.5384615384615385,0.5,0.8333333333333333,0.5,1.0,0.0,1.0,0.6000000000000001,0.0,0.3333333333333333,0.6666666666666666,0.0,0.11666666666666665,10.0,0.5,10.906666666666666
0.9745,0.3333333333333333,0.0,0.0,0.3333333333333333,0.4444444444444445,0.5,0.6666666666666666,1.0,0.0,0.2,0.3333333333333333,0.3333333333333333,0.3333333333333333,0.6666666666666666,0.07222222222222222,10.0,0.5,10.80888888888889
0.975,0.3333333333333333,0.5,0.9230769230769232,0.1666666666666666,0.6111111111111112,0.5,0.3333333333333333,0.5,0.0,1.0,1.0,0.25,0.3333333333333333,1.0,0.05555555555555555,10.0,0.375,10.609722222222222
0.9755,0.3333333333333333,1.0,0.0769230769230769,0.1666666666666666,0.5555555555555556,0.0,0.6666666666666666,0.5,0.0,0.2,1.0,0.25,0.3333333333333333,0.6666666666666666,0.05277777777777777,10.0,0.375,10.603611111111112
0.976,1.0,0.5,0.0,0.5,0.0555555555555555,0.0,0.0,0.0,1.0,0.2,0.6666666666666666,0.0,0.3333333333333333,0.3333333333333333,0.07777777777777777,10.0,0.0,10.171111111111111
0.9765,0.6666666666666666,0.0,0.1538461538461538,0.5,0.4999999999999999,0.5,1.0,1.0,0.3333333333333333,0.6000000000000001,0.6666666666666666,0.1666666666666666,0.3333333333333333,0.0,0.1,10.0,0.2499999999999999,10.545
0.977,1.0,0.0,0.1538461538461538,0.8333333333333333,0.3333333333333333,1.0,0.0,0.5,1.0,0.8,0.6666666666666666,0.25,0.0,1.0,0.14166666666666666,10.0,0.375,10.799166666666668
0.978,0.3333333333333333,1.0,0.3076923076923077,0.5,0.8888888888888888,1.0,1.0,1.0,0.0,0.0,0.0,0.1666666666666666,0.3333333333333333,0.6666666666666666,0.11944444444444444,10.0,0.2499999999999999,10.587777777777777
0.9785,0.6666666666666666,0.5,0.8461538461538463,0.6666666666666666,0.1666666666666666,0.0,0.6666666666666666,1.0,0.3333333333333333,0.2,1.0,0.0833333333333333,0.0,1.0,0.10833333333333331,10.0,0.12499999999999994,10.400833333333333
0.979,0.6666666666666666,0.5,0.4615384615384615,0.5,0.8888888888888888,1.0,0.3333333333333333,0.0,0.3333333333333333,0.4,0.6666666666666666,0.1666666666666666,1.0,0.3333333333333333,0.11944444444444444,10.0,0.2499999999999999,10.587777777777777
0.9795,0.6666666666666666,0.5,0.2307692307692307,0.3333333333333333,0.0555555555555555,0.0,0.6666666666666666,0.5,0.3333333333333333,0.0,0.0,0.25,0.0,0.0,0.05277777777777777,10.0,0.375,10.603611111111112
0.98,0.0,0.0,0.1538461538461538,0.0,0.0,0.5,0.6666666666666666,0.5,0.6666666666666666,0.2,1.0,0.1666666666666666,0.6666666666666666,0.0,0.0,10.0,0.2499999999999999,10.325
0.9805,0.0,1.0,0.0769230769230769,0.1666666666666666,0.5555555555555556,0.0,0.0,1.0,0.6666666666666666,0.2,0.6666666666666666,0.3333333333333333,0.3333333333333333,0.0,0.05277777777777777,10.0,0.5,10.766111111111112
0.981,0.6666666666666666,0.5,0.1538461538461538,0.5,0.6666666666666665,0.0,1.0,0.0,0.3333333333333333,0.0,0.6666666666666666,0.0,0.0,0.3333333333333333,0.10833333333333332,10.0,0.0,10.238333333333333
0.9815,0.3333333333333333,1.0,0.5384615384615385,0.5,0.6666666666666665,0.5,0.0,1.0,0.0,1.0,0.0,0.3333333333333333,1.0,0.3333333333333333,0.10833333333333332,10.0,0.5,10.888333333333334
0.982,0.3333333333333333,0.5,0.6923076923076923,0.1666666666666666,0.6666666666666665,0.0,0.6666666666666666,0.0,0.0,1.0,0.0,0.25,1.0,0.3333333333333333,0.05833333333333332,10.0,0.375,10.615833333333335
0.9825,0.3333333333333333,0.0,0.7692307692307693,0.1666666666666666,0.3888888888888889,0.0,0.6666666666666666,0.5,0.0,0.8,1.0,0.3333333333333333,0.6666666666666666,0.3333333333333333,0.044444444444444446,10.0,0.5,10.747777777777777
0.9835,1.0,1.0,0.1538461538461538,0.5,0.5555555555555556,1.0,0.3333333333333333,0.5,1.0,0.0,0.3333333333333333,0.0,0.0,0.3333333333333333,0.10277777777777777,10.0,0.0,10.226111111111111
0.984,0.3333333333333333,0.0,0.2307692307692307,0.5,0.7777777777777777,0.5,0.3333333333333333,0.5,0.0,0.4,0.0,0.3333333333333333,0.0,0.6666666666666666,0.11388888888888889,10.0,0.5,10.900555555555556
0.9845,0.6666666666666666,1.0,0.9230769230769232,0.5,0.9444444444444444,1.0,1.0,0.0,0.3333333333333333,1.0,0.0,0.0833333333333333,0.0,0.0,0.12222222222222223,10.0,0.12499999999999994,10.431388888888888
0.985,0.6666666666666666,0.0,0.4615384615384615,0.3333333333333333,0.1111111111111111,1.0,0.0,0.0,0.3333333333333333,0.2,1.0,0.25,0.6666666666666666,0.0,0.05555555555555555,10.0,0.375,10.609722222222222
0.9855,0.6666666666666666,0.5,0.3846153846153846,0.3333333333333333,0.0555555555555555,0.0,0.6666666666666666,0.5,0.3333333333333333,1.0,0.6666666666666666,0.25,0.0,0.3333333333333333,0.05277777777777777,10.0,0.375,10.603611111111112
0.986,0.3333333333333333,0.5,0.0769230769230769,0.3333333333333333,0.8333333333333333,0.0,0.0,0.0,0.0,0.4,1.0,0.1666666666666666,1.0,0.3333333333333333,0.09166666666666666,10.0,0.2499999999999999,10.526666666666666
0.9865,0.3333333333333333,0.0,0.0,0.3333333333333333,0.0,0.0,0.6666666666666666,0.0,0.0,0.4,0.3333333333333333,0.3333333333333333,0.0,1.0,0.049999999999999996,10.0,0.5,10.76
0.987,0.3333333333333333,1.0,0.9230769230769232,0.1666666666666666,0.9444444444444444,1.0,1.0,0.5,0.0,1.0,1.0,0.25,0.3333333333333333,0.6666666666666666,0.07222222222222222,10.0,0.375,10.64638888888889
0.9875,0.3333333333333333,0.0,0.3076923076923077,0.1666666666666666,0.3333333333333333,1.0,0.3333333333333333,1.0,0.0,0.0,0.3333333333333333,0.1666666666666666,0.0,1.0,0.04166666666666666,10.0,0.2499999999999999,10.416666666666666
0.988,0.3333333333333333,1.0,0.8461538461538463,0.5,0.6666666666666665,0.0,0.6666666666666666,1.0,0.0,0.8,0.0,0.1666666666666666,0.6666666666666666,0.3333333333333333,0.10833333333333332,10.0,0.2499999999999999,10.563333333333333
0.989,0.3333333333333333,0.5,1.0,0.1666666666666666,0.3888888888888889,0.0,0.0,0.5,0.0,0.4,0.3333333333333333,0.0,1.0,0.0,0.044444444444444446,10.0,0.0,10.097777777777777
0.9895,0.3333333333333333,0.5,0.9230769230769232,0.1666666666666666,0.3333333333333333,0.0,0.0,0.5,0.0,0.8,0.6666666666666666,0.0,0.3333333333333333,0.0,0.04166666666666666,10.0,0.0,10.091666666666667
0.99,1.0,0.5,0.9230769230769232,1.0,0.8333333333333333,0.0,1.0,1.0,1.0,0.0,0.0,0.1666666666666666,0.3333333333333333,0.6666666666666666,0.19166666666666665,10.0,0.2499999999999999,10.746666666666666
0.9905,0.0,0.5,0.1538461538461538,0.1666666666666666,0.4444444444444445,0.0,0.0,1.0,0.6666666666666666,0.4,0.3333333333333333,0.0833333333333333,0.6666666666666666,0.3333333333333333,0.047222222222222214,10.0,0.12499999999999994,10.266388888888889
0.991,0.6666666666666666,0.5,0.6923076923076923,0.3333333333333333,0.6111111111111112,1.0,1.0,1.0,0.3333333333333333,0.0,0.3333333333333333,0.0,1.0,0.3333333333333333,0.08055555555555555,10.0,0.0,10.177222222222222
0.9915,1.0,0.5,1.0,1.0,0.4444444444444445,1.0,1.0,1.0,1.0,0.6000000000000001,1.0,0.1666666666666666,0.6666666666666666,1.0,0.17222222222222222,10.0,0.2499999999999999,10.703888888888889
0.992,0.3333333333333333,1.0,0.4615384615384615,0.1666666666666666,0.1111111111111111,1.0,0.3333333333333333,0.5,0.0,1.0,0.3333333333333333,0.3333333333333333,1.0,0.3333333333333333,0.03055555555555555,10.0,0.5,10.717222222222222
0.9925,0.3333333333333333,0.5,0.1538461538461538,0.5,0.2222222222222222,0.5,0.3333333333333333,0.0,0.0,0.8,0.3333333333333333,0.0833333333333333,0.3333333333333333,0.6666666666666666,0.08611111111111111,10.0,0.12499999999999994,10.351944444444444
0.993,0.6666666666666666,0.0,0.2307692307692307,0.3333333333333333,0.0,1.0,0.6666666666666666,0.0,0.3333333333333333,0.4,0.6666666666666666,0.0833333333333333,1.0,0.0,0.049999999999999996,10.0,0.12499999999999994,10.272499999999999
0.9935,0.6666666666666666,0.5,0.0769230769230769,0.5,0.0555555555555555,0.0,0.6666666666666666,0.0,0.3333333333333333,0.4,0.0,0.25,0.0,1.0,0.07777777777777777,10.0,0.375,10.658611111111112
0.9945,0.3333333333333333,1.0,0.2307692307692307,0.3333333333333333,0.6666666666666665,0.5,1.0,1.0,0.0,0.8,1.0,0.1666666666666666,0.6666666666666666,0.0,0.08333333333333331,10.0,0.2499999999999999,10.508333333333333
0.995,0.6666666666666666,0.5,0.3076923076923077,0.5,0.0,0.5,0.3333333333333333,1.0,0.3333333333333333,0.8,0.0,0.0,0.0,0.3333333333333333,0.075,10.0,0.0,10.165
0.9955,0.3333333333333333,0.5,0.3846153846153846,0.1666666666666666,0.6666666666666665,1.0,1.0,0.0,0.0,0.6000000000000001,0.0,0.3333333333333333,1.0,0.6666666666666666,0.05833333333333332,10.0,0.5,10.778333333333334
0.996,0.3333333333333333,0.5,1.0,0.1666666666666666,0.1111111111111111,0.0,0.0,0.5,0.0,0.8,1.0,0.25,0.6666666666666666,0.6666666666666666,0.03055555555555555,10.0,0.375,10.554722222222223
0.9965,0.0,1.0,0.7692307692307693,0.0,0.9444444444444444,0.5,0.3333333333333333,0.0,0.6666666666666666,0.6000000000000001,0.3333333333333333,0.0,0.3333333333333333,0.0,0.04722222222222222,10.0,0.0,10.10388888888889
0.997,0.0,0.5,0.2307692307692307,0.0,0.8333333333333333,1.0,1.0,0.5,0.6666666666666666,0.2,1.0,0.0833333333333333,0.0,0.3333333333333333,0.041666666666666664,10.0,0.12499999999999994,10.254166666666666
0.9975,0.3333333333333333,0.0,0.3846153846153846,0.1666666666666666,0.4999999999999999,1.0,1.0,0.0,0.0,0.2,0.6666666666666666,0.0,1.0,1.0,0.04999999999999999,10.0,0.0,10.11
0.998,1.0,0.5,0.2307692307692307,1.0,0.8333333333333333,1.0,0.6666666666666666,0.0,1.0,0.8,0.3333333333333333,0.0833333333333333,0.3333333333333333,0.0,0.19166666666666665,10.0,0.12499999999999994,10.584166666666667
0.9985,0.3333333333333333,0.5,0.4615384615384615,0.3333333333333333,0.6666666666666665,1.0,0.3333333333333333,1.0,0.0,0.4,0.0,0.25,0.6666666666666666,1.0,0.08333333333333331,10.0,0.375,10.670833333333334
0.999,0.3333333333333333,0.5,0.0769230769230769,0.1666666666666666,0.6666666666666665,0.0,0.6666666666666666,0.5,0.0,0.2,0.3333333333333333,0.3333333333333333,0.0,0.0,0.05833333333333332,10.0,0.5,10.778333333333334
0.0005,0.3333333333333333,0.5,0.6153846153846154,0.5,0.0,1.0,0.0,0.5,0.0,0.6000000000000001,0.3333333333333333,0.1666666666666666,0.6666666666666666,0.0,0.075,10.0,0.2499999999999999,10.489999999999998
0.001,0.6666666666666666,0.0,0.1538461538461538,0.3333333333333333,0.2777777777777777,0.5,1.0,0.0,0.3333333333333333,1.0,0.0,0.1666666666666666,1.0,0.3333333333333333,0.06388888888888888,10.0,0.2499999999999999,10.465555555555556
0.0015,0.6666666666666666,0.5,0.7692307692307693,0.6666666666666666,0.7777777777777777,0.0,0.0,0.0,0.3333333333333333,1.0,1.0,0.25,1.0,0.3333333333333333,0.13888888888888887,10.0,0.375,10.793055555555556
0.002,1.0,0.0,0.5384615384615385,1.0,0.6666666666666665,0.5,1.0,0.5,1.0,0.2,0.3333333333333333,0.3333333333333333,0.3333333333333333,1.0,0.18333333333333332,10.0,0.5,11.053333333333333
0.0025,0.0,0.0,0.3076923076923077,0.0,0.1111111111111111,0.5,0.3333333333333333,0.0,0.6666666666666666,0.6000000000000001,0.0,0.0,0.0,0.6666666666666666,0.005555555555555556,10.0,0.0,10.012222222222222
0.003,0.3333333333333333,0.5,0.5384615384615385,0.3333333333333333,0.6111111111111112,1.0,0.3333333333333333,1.0,0.0,0.0,1.0,0.1666666666666666,0.0,0.0,0.08055555555555555,10.0,0.2499999999999999,10.50222222222222
0.0035,0.3333333333333333,1.0,0.9230769230769232,0.3333333333333333,0.1111111111111111,0.0,0.6666666666666666,0.5,0.0,0.4,0.0,0.3333333333333333,1.0,0.0,0.05555555555555555,10.0,0.5,10.772222222222222
0.004,0.3333333333333333,1.0,0.4615384615384615,0.5,0.6666666666666665,1.0,1.0,0.0,0.0,0.2,0.3333333333333333,0.0,0.0,0.3333333333333333,0.10833333333333332,10.0,0.0,10.238333333333333
0.0045,0.3333333333333333,1.0,0.0,0.5,0.9444444444444444,0.5,0.3333333333333333,0.0,0.0,0.4,0.0,0.25,0.3333333333333333,0.0,0.12222222222222223,10.0,0.375,10.756388888888889
0.005,0.3333333333333333,0.5,0.2307692307692307,0.5,0.1111111111111111,0.5,0.3333333333333333,1.0,0.0,1.0,0.3333333333333333,0.25,0.0,0.0,0.08055555555555556,10.0,0.375,10.664722222222222
0.006,0.3333333333333333,0.0,0.5384615384615385,0.1666666666666666,1.0,0.5,0.6666666666666666,0.5,0.0,1.0,0.6666666666666666,0.1666666666666666,0.0,0.6666666666666666,0.075,10.0,0.2499999999999999,10.489999999999998
0.0065,0.6666666666666666,0.0,0.8461538461538463,0.3333333333333333,0.9444444444444444,0.0,1.0,0.5,0.3333333333333333,0.4,0.6666666666666666,0.25,0.0,0.6666666666666666,0.09722222222222221,10.0,0.375,10.70138888888889
0.007,0.3333333333333333,1.0,0.2307692307692307,0.3333333333333333,0.4999999999999999,1.0,1.0,0.5,0.0,1.0,0.6666666666666666,0.25,0.0,0.3333333333333333,0.07499999999999998,10.0,0.375,10.6525
0.0075,0.6666666666666666,0.0,0.1538461538461538,0.6666666666666666,0.4999999999999999,0.0,0.6666666666666666,1.0,0.3333333333333333,0.6000000000000001,1.0,0.3333333333333333,1.0,0.3333333333333333,0.12499999999999997,10.0,0.5,10.925
0.008,0.3333333333333333,0.5,0.0769230769230769,0.1666666666666666,0.2777777777777777,1.0,0.6666666666666666,1.0,0.0,0.8,1.0,0.0,0.3333333333333333,0.0,0.038888888888888876,10.0,0.0,10.085555555555555
0.0085,1.0,0.0,0.9230769230769232,0.5,0.0,0.0,0.0,0.5,1.0,0.4,0.3333333333333333,0.25,0.3333333333333333,1.0,0.075,10.0,0.375,10.6525
0.009,1.0,0.5,0.6923076923076923,1.0,0.1111111111111111,0.5,1.0,0.5,1.0,0.0,1.0,0.1666666666666666,0.3333333333333333,0.3333333333333333,0.15555555555555553,10.0,0.2499999999999999,10.667222222222222
0.0095,1.0,0.5,0.6923076923076923,1.0,0.0555555555555555,0.5,0.0,1.0,1.0,0.2,0.0,0.0,0.0,1.0,0.15277777777777776,10.0,0.0,10.33611111111111
0.01,0.0,0.0,0.1538461538461538,0.1666666666666666,0.3333333333333333,0.5,1.0,0.0,0.6666666666666666,0.2,0.6666666666666666,0.3333333333333333,0.0,0.3333333333333333,0.04166666666666666,10.0,0.5,10.741666666666667
0.0105,0.6666666666666666,0.5,0.7692307692307693,0.6666666666666666,0.1111111111111111,1.0,0.0,0.5,0.3333333333333333,1.0,0.0,0.1666666666666666,1.0,0.3333333333333333,0.10555555555555554,10.0,0.2499999999999999,10.557222222222222
0.0115,0.0,0.0,0.8461538461538463,0.1666666666666666,0.7222222222222221,0.5,0.0,1.0,0.6666666666666666,0.8,0.6666666666666666,0.1666666666666666,0.3333333333333333,0.0,0.0611111111111111,10.0,0.2499999999999999,10.459444444444443
0.012,0.0,0.0,0.9230769230769232,0.0,0.6666666666666665,1.0,0.0,1.0,0.6666666666666666,1.0,0.6666666666666666,0.0,0.0,0.6666666666666666,0.033333333333333326,10.0,0.0,10.073333333333334
0.0125,0.6666666666666666,0.5,0.4615384615384615,0.3333333333333333,0.1666666666666666,0.0,0.0,0.5,0.3333333333333333,0.0,0.0,0.1666666666666666,0.0,0.3333333333333333,0.05833333333333332,10.0,0.2499999999999999,10.453333333333333
0.013,0.0,1.0,0.7692307692307693,0.1666666666666666,0.8888888888888888,0.0,0.3333333333333333,1.0,0.6666666666666666,0.6000000000000001,1.0,0.0,0.0,0.3333333333333333,0.06944444444444443,10.0,0.0,10.152777777777779
0.0135,0.0,0.5,0.5384615384615385,0.0,0.9444444444444444,0.0,0.0,0.0,0.6666666666666666,0.4,1.0,0.1666666666666666,0.3333333333333333,0.0,0.04722222222222222,10.0,0.2499999999999999,10.428888888888888
0.014,0.3333333333333333,1.0,0.3846153846153846,0.5,0.8888888888888888,1.0,0.6666666666666666,1.0,0.0,0.0,0.3333333333333333,0.0,0.6666666666666666,0.0,0.11944444444444444,10.0,0.0,10.262777777777778
0.0145,0.3333333333333333,0.0,0.8461538461538463,0.5,0.1111111111111111,0.0,0.0,1.0,0.0,0.6000000000000001,0.6666666666666666,0.3333333333333333,1.0,0.0,0.08055555555555556,10.0,0.5,10.827222222222222
0.015,0.3333333333333333,0.5,0.7692307692307693,0.1666666666666666,0.6111111111111112,1.0,0.3333333333333333,0.0,0.0,0.6000000000000001,0.0,0.3333333333333333,0.0,0.3333333333333333,0.05555555555555555,10.0,0.5,10.772222222222222
0.0155,0.3333333333333333,0.0,0.0,0.1666666666666666,0.4999999999999999,1.0,0.0,0.0,0.0,0.8,0.6666666666666666,0.0,0.0,0.0,0.04999999999999999,10.0,0.0,10.11
0.016,0.3333333333333333,1.0,0.0,0.3333333333333333,0.1111111111111111,0.0,0.3333333333333333,1.0,0.0,0.2,1.0,0.25,0.6666666666666666,1.0,0.05555555555555555,10.0,0.375,10.609722222222222
0.017,0.3333333333333333,0.0,0.4615384615384615,0.5,0.8333333333333333,1.0,0.6666666666666666,0.5,0.0,0.4,0.3333333333333333,0.0833333333333333,0.0,0.3333333333333333,0.11666666666666665,10.0,0.12499999999999994,10.419166666666666
0.0175,0.0,1.0,0.8461538461538463,0.0,0.5555555555555556,0.0,0.3333333333333333,1.0,0.6666666666666666,1.0,0.6666666666666666,0.25,1.0,0.3333333333333333,0.02777777777777778,10.0,0.375,10.548611111111112
0.018,0.3333333333333333,0.0,0.3846153846153846,0.3333333333333333,1.0,1.0,0.6666666666666666,1.0,0.0,0.2,0.3333333333333333,0.1666666666666666,0.3333333333333333,0.3333333333333333,0.1,10.0,0.2499999999999999,10.545
0.0185,0.0,0.5,1.0,0.1666666666666666,0.7222222222222221,0.5,0.3333333333333333,0.0,0.6666666666666666,0.6000000000000001,1.0,0.3333333333333333,0.0,1.0,0.0611111111111111,10.0,0.5,10.784444444444444
0.019,1.0,1.0,0.3846153846153846,0.5,0.2777777777777777,0.0,0.0,0.0,1.0,0.0,0.3333333333333333,0.0,0.0,0.6666666666666666,0.08888888888888889,10.0,0.0,10.195555555555556
0.0195,0.0,1.0,0.1538461538461538,0.1666666666666666,0.2777777777777777,0.0,1.0,0.5,0.6666666666666666,0.6000000000000001,0.6666666666666666,0.25,0.6666666666666666,0.0,0.038888888888888876,10.0,0.375,10.573055555555555
0.02,0.0,0.0,0.3846153846153846,0.1666666666666666,0.3333333333333333,1.0,1.0,0.0,0.6666666666666666,0.2,0.6666666666666666,0.0833333333333333,0.0,0.6666666666666666,0.04166666666666666,10.0,0.12499999999999994,10.254166666666666
0.0205,0.3333333333333333,0.5,0.0769230769230769,0.3333333333333333,0.2777777777777777,1.0,0.6666666666666666,0.5,0.0,0.6000000000000001,0.6666666666666666,0.3333333333333333,0.3333333333333333,0.0,0.06388888888888888,10.0,0.5,10.790555555555557
0.021,0.6666666666666666,0.0,0.0,0.3333333333333333,0.5555555555555556,0.5,0.3333333333333333,0.0,0.3333333333333333,0.2,0.6666666666666666,0.0,0.3333333333333333,0.0,0.07777777777777777,10.0,0.0,10.171111111111111
0.0215,0.3333333333333333,1.0,0.9230769230769232,0.3333333333333333,0.6111111111111112,0.5,0.6666666666666666,1.0,0.0,0.6000000000000001,0.0,0.0833333333333333,0.0,1.0,0.08055555555555555,10.0,0.12499999999999994,10.339722222222221
0.0225,0.3333333333333333,0.5,0.8461538461538463,0.3333333333333333,0.2222222222222222,1.0,0.3333333333333333,0.0,0.0,0.2,0.0,0.0833333333333333,0.3333333333333333,0.6666666666666666,0.0611111111111111,10.0,0.12499999999999994,10.296944444444444
0.023,0.0,0.0,0.6153846153846154,0.1666666666666666,0.2777777777777777,0.5,0.0,0.0,0.6666666666666666,0.8,0.3333333333333333,0.0,1.0,0.0,0.038888888888888876,10.0,0.0,10.085555555555555
0.0235,0.3333333333333333,1.0,0.3076923076923077,0.1666666666666666,0.8333333333333333,1.0,0.0,0.0,0.0,0.4,0.6666666666666666,0.1666666666666666,1.0,0.6666666666666666,0.06666666666666665,10.0,0.2499999999999999,10.471666666666666
0.024,0.3333333333333333,0.0,0.3846153846153846,0.5,0.4444444444444445,0.5,0.0,1.0,0.0,0.6000000000000001,0.0,0.3333333333333333,0.0,0.6666666666666666,0.09722222222222222,10.0,0.5,10.863888888888889
0.0245,0.6666666666666666,0.5,0.3076923076923077,0.5,0.1666666666666666,1.0,1.0,1.0,0.3333333333333333,1.0,0.0,0.25,0.3333333333333333,0.0,0.08333333333333333,10.0,0.375,10.670833333333334
0.025,0.6666666666666666,1.0,0.4615384615384615,0.3333333333333333,0.3333333333333333,0.0,0.0,1.0,0.3333333333333333,0.4,0.6666666666666666,0.1666666666666666,0.6666666666666666,1.0,0.06666666666666665,10.0,0.2499999999999999,10.471666666666666
0.0255,1.0,1.0,0.6153846153846154,0.6666666666666666,0.8333333333333333,0.0,0.3333333333333333,0.0,1.0,0.4,1.0,0.3333333333333333,1.0,0.0,0.14166666666666666,10.0,0.5,10.961666666666668
0.026,0.6666666666666666,0.0,0.4615384615384615,0.3333333333333333,0.4999999999999999,0.0,1.0,0.5,0.3333333333333333,1.0,0.6666666666666666,0.25,0.3333333333333333,0.0,0.07499999999999998,10.0,0.375,10.6525
0.0265,0.0,0.5,0.3846153846153846,0.0,0.8333333333333333,0.0,0.0,0.5,0.6666666666666666,0.4,0.0,0.25,0.3333333333333333,0.3333333333333333,0.041666666666666664,10.0,0.375,10.579166666666667
0.027,0.3333333333333333,0.0,0.6923076923076923,0.3333333333333333,0.6666666666666665,0.0,1.0,0.0,0.0,1.0,0.3333333333333333,0.0,1.0,0.3333333333333333,0.08333333333333331,10.0,0.0,10.183333333333334
0.028,0.6666666666666666,0.5,0.3846153846153846,0.3333333333333333,0.6666666666666665,0.5,0.0,0.0,0.3333333333333333,0.6000000000000001,1.0,0.25,0.6666666666666666,0.0,0.08333333333333331,10.0,0.375,10.670833333333334
0.0285,0.3333333333333333,1.0,0.4615384615384615,0.5,0.3333333333333333,0.5,1.0,0.0,0.0,0.4,0.3333333333333333,0.25,0.3333333333333333,1.0,0.09166666666666666,10.0,0.375,10.689166666666667
0.029,0.6666666666666666,0.5,0.4615384615384615,0.3333333333333333,0.1111111111111111,0.5,0.3333333333333333,0.5,0.3333333333333333,0.2,0.6666666666666666,0.0,0.3333333333333333,0.6666666666666666,0.05555555555555555,10.0,0.0,10.122222222222222
0.0295,0.3333333333333333,0.0,0.0,0.3333333333333333,0.3888888888888889,0.5,1.0,1.0,0.0,0.4,0.0,0.3333333333333333,0.0,1.0,0.06944444444444445,10.0,0.5,10.802777777777779
0.03,0.6666666666666666,0.0,0.9230769230769232,0.6666666666666666,0.0,0.0,0.3333333333333333,1.0,0.3333333333333333,0.4,0.3333333333333333,0.0833333333333333,1.0,0.0,0.09999999999999999,10.0,0.12499999999999994,10.3825
0.0305,0.6666666666666666,0.0,0.5384615384615385,0.3333333333333333,0.7222222222222221,0.5,0.0,1.0,0.3333333333333333,0.0,1.0,0.1666666666666666,0.0,0.3333333333333333,0.0861111111111111,10.0,0.2499999999999999,10.514444444444443
0.031,0.6666666666666666,0.5,0.4615384615384615,0.3333333333333333,0.9444444444444444,0.5,0.6666666666666666,1.0,0.3333333333333333,1.0,0.6666666666666666,0.0833333333333333,0.0,0.3333333333333333,0.09722222222222221,10.0,0.12499999999999994,10.376388888888888
0.0315,0.0,0.0,0.6153846153846154,0.1666666666666666,0.2777777777777777,0.5,1.0,1.0,0.6666666666666666,1.0,1.0,0.25,0.0,0.0,0.038888888888888876,10.0,0.375,10.573055555555555
0.032,0.6666666666666666,1.0,0.8461538461538463,0.3333333333333333,0.4444444444444445,0.0,0.0,0.0,0.3333333333333333,0.4,0.3333333333333333,0.3333333333333333,1.0,0.0,0.07222222222222222,10.0,0.5,10.80888888888889
0.0325,1.0,0.0,0.5384615384615385,0.8333333333333333,0.7777777777777777,0.0,0.6666666666666666,0.0,1.0,0.0,0.3333333333333333,0.1666666666666666,0.0,0.0,0.16388888888888886,10.0,0.2499999999999999,10.685555555555554
0.0335,1.0,0.5,0.1538461538461538,0.5,1.0,0.5,0.0,0.5,1.0,0.6000000000000001,1.0,0.25,0.6666666666666666,1.0,0.125,10.0,0.375,10.762500000000001
0.034,0.3333333333333333,0.5,0.9230769230769232,0.5,0.8333333333333333,1.0,0.0,1.0,0.0,0.6000000000000001,1.0,0.0,0.0,1.0,0.11666666666666665,10.0,0.0,10.256666666666666
0.0345,0.0,0.0,0.3846153846153846,0.0,0.3888888888888889,0.5,0.3333333333333333,0.5,0.6666666666666666,0.8,1.0,0.3333333333333333,0.6666666666666666,0.3333333333333333,0.019444444444444445,10.0,0.5,10.692777777777778
0.035,0.6666666666666666,1.0,0.7692307692307693,0.6666666666666666,0.7777777777777777,0.5,0.0,0.5,0.3333333333333333,0.6000000000000001,0.3333333333333333,0.1666666666666666,0.0,1.0,0.13888888888888887,10.0,0.2499999999999999,10.630555555555555
0.0355,1.0,0.0,0.5384615384615385,1.0,0.4999999999999999,0.0,1.0,0.0,1.0,1.0,0.0,0.3333333333333333,0.0,0.3333333333333333,0.175,10.0,0.5,11.035
0.036,1.0,0.5,0.6923076923076923,0.8333333333333333,0.3333333333333333,0.5,0.0,0.0,1.0,0.4,1.0,0.25,1.0,0.6666666666666666,0.14166666666666666,10.0,0.375,10.799166666666668
0.0365,0.6666666666666666,0.5,0.6923076923076923,0.3333333333333333,0.8333333333333333,0.5,0.0,0.5,0.3333333333333333,1.0,0.6666666666666666,0.1666666666666666,0.6666666666666666,0.3333333333333333,0.09166666666666666,10.0,0.2499999999999999,10.526666666666666
0.037,0.0,1.0,0.6153846153846154,0.1666666666666666,0.2222222222222222,1.0,0.3333333333333333,1.0,0.6666666666666666,1.0,0.0,0.0833333333333333,0.6666666666666666,0.0,0.0361111111111111,10.0,0.12499999999999994,10.241944444444444
0.0375,0.0,0.5,0.3846153846153846,0.0,0.7222222222222221,0.0,1.0,1.0,0.6666666666666666,0.0,1.0,0.3333333333333333,0.6666666666666666,0.6666666666666666,0.03611111111111111,10.0,0.5,10.729444444444445
0.038,0.6666666666666666,0.0,0.6923076923076923,0.3333333333333333,0.6111111111111112,1.0,0.0,0.0,0.3333333333333333,0.8,0.0,0.0,0.3333333333333333,1.0,0.08055555555555555,10.0,0.0,10.177222222222222
0.039,0.3333333333333333,0.0,1.0,0.1666666666666666,0.7777777777777777,0.0,0.6666666666666666,0.0,0.0,0.2,0.6666666666666666,0.3333333333333333,1.0,1.0,0.06388888888888888,10.0,0.5,10.790555555555557
0.0395,0.6666666666666666,1.0,0.1538461538461538,0.5,0.0,0.5,0.6666666666666666,1.0,0.3333333333333333,0.4,0.3333333333333333,0.0833333333333333,0.3333333333333333,1.0,0.075,10.0,0.12499999999999994,10.327499999999999
0.04,0.0,0.5,0.0,0.0,0.9444444444444444,0.5,0.3333333333333333,0.0,0.6666666666666666,0.0,0.6666666666666666,0.0833333333333333,0.6666666666666666,0.3333333333333333,0.04722222222222222,10.0,0.12499999999999994,10.266388888888889
0.0405,0.3333333333333333,1.0,0.8461538461538463,0.5,0.0555555555555555,0.5,0.6666666666666666,1.0,0.0,0.0,0.0,0.0,1.0,0.0,0.07777777777777777,10.0,0.0,10.171111111111111
0.041,0.6666666666666666,0.5,0.3846153846153846,0.3333333333333333,0.8333333333333333,0.0,0.3333333333333333,1.0,0.3333333333333333,0.6000000000000001,0.6666666666666666,0.0833333333333333,1.0,0.3333333333333333,0.09166666666666666,10.0,0.12499999999999994,10.364166666666666
0.0415,0.3333333333333333,0.0,0.7692307692307693,0.1666666666666666,0.4444444444444445,0.5,0.6666666666666666,0.0,0.0,0.4,0.3333333333333333,0.0,1.0,0.0,0.047222222222222214,10.0,0.0,10.10388888888889
0.042,0.3333333333333333,0.5,0.7692307692307693,0.5,0.8888888888888888,0.0,0.6666666666666666,1.0,0.0,0.4,1.0,0.25,0.3333333333333333,0.0,0.11944444444444444,10.0,0.375,10.750277777777779
0.0425,0.6666666666666666,0.5,0.6923076923076923,0.5,0.9444444444444444,0.0,1.0,1.0,0.3333333333333333,0.0,1.0,0.25,0.3333333333333333,1.0,0.12222222222222223,10.0,0.375,10.756388888888889
0.043,1.0,1.0,0.5384615384615385,1.0,0.7777777777777777,1.0,1.0,0.5,1.0,0.6000000000000001,0.0,0.3333333333333333,0.6666666666666666,1.0,0.18888888888888888,10.0,0.5,11.065555555555555
0.0435,0.3333333333333333,0.5,0.5384615384615385,0.1666666666666666,0.9444444444444444,1.0,0.0,1.0,0.0,1.0,0.6666666666666666,0.0833333333333333,0.0,0.3333333333333333,0.07222222222222222,10.0,0.12499999999999994,10.321388888888889
0.0445,1.0,0.0,0.8461538461538463,0.5,0.1666666666666666,0.0,0.6666666666666666,0.5,1.0,1.0,0.6666666666666666,0.25,0.6666666666666666,0.3333333333333333,0.08333333333333333,10.0,0.375,10.670833333333334
0.045,0.3333333333333333,0.0,0.2307692307692307,0.3333333333333333,0.1666666666666666,1.0,1.0,1.0,0.0,0.4,0.0,0.0,0.3333333333333333,0.6666666666666666,0.05833333333333332,10.0,0.0,10.128333333333334
0.0455,0.3333333333333333,0.0,0.5384615384615385,0.3333333333333333,0.0555555555555555,0.0,0.3333333333333333,0.0,0.0,0.6000000000000001,1.0,0.0833333333333333,0.3333333333333333,0.6666666666666666,0.05277777777777777,10.0,0.12499999999999994,10.278611111111111
0.046,0.6666666666666666,1.0,0.0769230769230769,0.5,0.7222222222222221,1.0,0.6666666666666666,0.5,0.3333333333333333,0.0,0.6666666666666666,0.0833333333333333,0.3333333333333333,1.0,0.11111111111111112,10.0,0.12499999999999994,10.406944444444445
0.0465,1.0,1.0,0.0,0.8333333333333333,0.3888888888888889,0.0,0.6666666666666666,1.0,1.0,0.0,0.3333333333333333,0.0,0.6666666666666666,0.0,0.14444444444444443,10.0,0.0,10.317777777777778
0.047,0.6666666666666666,0.0,0.0,0.3333333333333333,0.4444444444444445,0.5,0.0,0.0,0.3333333333333333,1.0,1.0,0.0833333333333333,1.0,0.0,0.07222222222222222,10.0,0.12499999999999994,10.321388888888889
0.0475,0.3333333333333333,0.5,0.0769230769230769,0.5,0.2777777777777777,0.0,0.6666666666666666,0.5,0.0,0.2,0.6666666666666666,0.3333333333333333,0.6666666666666666,0.3333333333333333,0.08888888888888889,10.0,0.5,10.845555555555556
0.048,0.3333333333333333,1.0,0.7692307692307693,0.3333333333333333,0.2777777777777777,0.0,1.0,0.0,0.0,0.6000000000000001,0.6666666666666666,0.1666666666666666,0.0,1.0,0.06388888888888888,10.0,0.2499999999999999,10.465555555555556
0.0485,0.3333333333333333,0.0,0.6153846153846154,0.1666666666666666,0.6111111111111112,0.5,1.0,0.0,0.0,0.4,0.0,0.1666666666666666,0.6666666666666666,0.6666666666666666,0.05555555555555555,10.0,0.2499999999999999,10.447222222222221
0.049,0.3333333333333333,1.0,0.6153846153846154,0.1666666666666666,0.8333333333333333,0.5,0.0,0.0,0.0,0.6000000000000001,1.0,0.3333333333333333,0.3333333333333333,1.0,0.06666666666666665,10.0,0.5,10.796666666666667
0.05,0.6666666666666666,0.5,0.3076923076923077,0.3333333333333333,0.5555555555555556,0.5,0.6666666666666666,0.0,0.3333333333333333,1.0,1.0,0.0,1.0,0.6666666666666666,0.07777777777777777,10.0,0.0,10.171111111111111
0.0505,0.3333333333333333,0.0,0.3846153846153846,0.3333333333333333,0.3333333333333333,0.5,0.3333333333333333,1.0,0.0,0.2,0.3333333333333333,0.0,0.0,0.3333333333333333,0.06666666666666665,10.0,0.0,10.146666666666667
0.051,0.6666666666666666,0.0,0.9230769230769232,0.5,0.0555555555555555,0.0,0.6666666666666666,1.0,0.3333333333333333,1.0,1.0,0.25,0.3333333333333333,0.3333333333333333,0.07777777777777777,10.0,0.375,10.658611111111112
0.0515,0.6666666666666666,0.0,0.0769230769230769,0.5,0.9444444444444444,0.0,0.0,0.5,0.3333333333333333,0.6000000000000001,0.6666666666666666,0.1666666666666666,0.6666666666666666,0.6666666666666666,0.12222222222222223,10.0,0.2499999999999999,10.593888888888888
0.052,0.0,1.0,0.3846153846153846,0.1666666666666666,0.5555555555555556,0.5,0.3333333333333333,0.0,0.6666666666666666,0.4,0.0,0.3333333333333333,0.3333333333333333,1.0,0.05277777777777777,10.0,0.5,10.766111111111112
0.0525,0.6666666666666666,1.0,1.0,0.6666666666666666,0.0555555555555555,0.0,0.0,1.0,0.3333333333333333,0.0,1.0,0.25,1.0,1.0,0.10277777777777776,10.0,0.375,10.713611111111112
0.053,0.3333333333333333,0.5,0.9230769230769232,0.5,0.1666666666666666,0.0,1.0,1.0,0.0,0.6000000000000001,0.0,0.25,1.0,1.0,0.08333333333333333,10.0,0.375,10.670833333333334
0.0535,0.0,1.0,1.0,0.1666666666666666,0.1666666666666666,0.5,1.0,0.5,0.6666666666666666,0.0,1.0,0.3333333333333333,0.3333333333333333,0.0,0.03333333333333332,10.0,0.5,10.723333333333334
0.054,0.3333333333333333,0.5,0.2307692307692307,0.3333333333333333,0.8888888888888888,0.5,1.0,1.0,0.0,0.8,0.3333333333333333,0.0833333333333333,1.0,0.3333333333333333,0.09444444444444443,10.0,0.12499999999999994,10.370277777777778
0.0545,0.0,0.5,0.0769230769230769,0.0,0.8888888888888888,1.0,1.0,0.0,0.6666666666666666,0.8,0.0,0.1666666666666666,0.3333333333333333,0.0,0.044444444444444446,10.0,0.2499999999999999,10.422777777777776
0.056,1.0,0.0,0.2307692307692307,0.5,0.0,0.5,1.0,1.0,1.0,0.4,0.3333333333333333,0.0,0.0,0.3333333333333333,0.075,10.0,0.0,10.165
0.0565,0.3333333333333333,1.0,0.3846153846153846,0.5,0.1111111111111111,0.0,0.0,0.5,0.0,0.2,0.0,0.0833333333333333,0.3333333333333333,0.3333333333333333,0.08055555555555556,10.0,0.12499999999999994,10.339722222222221
0.057,0.6666666666666666,0.0,0.7692307692307693,0.5,0.1666666666666666,1.0,0.3333333333333333,0.5,0.3333333333333333,0.0,1.0,0.1666666666666666,1.0,0.6666666666666666,0.08333333333333333,10.0,0.2499999999999999,10.508333333333333
0.0575,1.0,0.5,0.5384615384615385,0.5,0.0555555555555555,0.0,0.3333333333333333,0.0,1.0,0.2,0.6666666666666666,0.25,0.0,0.3333333333333333,0.07777777777777777,10.0,0.375,10.658611111111112
0.058,0.0,1.0,0.4615384615384615,0.0,0.4999999999999999,0.5,0.6666666666666666,0.0,0.6666666666666666,0.2,0.6666666666666666,0.0833333333333333,1.0,0.0,0.024999999999999994,10.0,0.12499999999999994,10.2175
0.0585,0.6666666666666666,0.0,0.4615384615384615,0.5,0.0,0.0,0.3333333333333333,0.0,0.3333333333333333,0.0,1.0,0.3333333333333333,0.3333333333333333,0.3333333333333333,0.075,10.0,0.5,10.815
0.059,0.6666666666666666,0.0,0.6153846153846154,0.5,0.8888888888888888,0.0,0.6666666666666666,0.0,0.3333333333333333,0.0,1.0,0.3333333333333333,0.6666666666666666,0.6666666666666666,0.11944444444444444,10.0,0.5,10.912777777777778
0.0595,0.0,0.5,0.3846153846153846,0.0,0.3333333333333333,1.0,0.0,1.0,0.6666666666666666,0.2,1.0,0.25,0.6666666666666666,1.0,0.016666666666666663,10.0,0.375,10.524166666666668
0.06,0.6666666666666666,0.5,0.4615384615384615,0.5,0.1666666666666666,0.0,0.0,0.0,0.3333333333333333,0.4,1.0,0.25,1.0,1.0,0.08333333333333333,10.0,0.375,10.670833333333334
0.0605,1.0,0.5,0.8461538461538463,1.0,0.2222222222222222,0.0,0.6666666666666666,0.5,1.0,0.4,1.0,0.1666666666666666,0.0,1.0,0.16111111111111112,10.0,0.2499999999999999,10.679444444444444
0.0615,0.0,1.0,0.1538461538461538,0.0,0.1666666666666666,1.0,0.6666666666666666,0.5,0.6666666666666666,0.4,0.0,0.3333333333333333,1.0,1.0,0.00833333333333333,10.0,0.5,10.668333333333333
0.062,1.0,1.0,0.3846153846153846,0.5,0.7777777777777777,0.0,0.6666666666666666,0.5,1.0,0.6000000000000001,0.6666666666666666,0.3333333333333333,1.0,0.3333333333333333,0.11388888888888889,10.0,0.5,10.900555555555556
0.0625,0.6666666666666666,0.5,0.6153846153846154,0.6666666666666666,0.5555555555555556,0.5,1.0,1.0,0.3333333333333333,0.8,0.3333333333333333,0.1666666666666666,0.6666666666666666,0.0,0.12777777777777777,10.0,0.2499999999999999,10.60611111111111
0.063,0.3333333333333333,0.5,0.8461538461538463,0.5,0.7222222222222221,1.0,1.0,1.0,0.0,1.0,0.0,0.1666666666666666,0.3333333333333333,0.3333333333333333,0.11111111111111112,10.0,0.2499999999999999,10.569444444444445
0.0635,0.6666666666666666,0.5,0.7692307692307693,0.3333333333333333,0.3333333333333333,0.0,0.0,0.5,0.3333333333333333,0.8,0.6666666666666666,0.3333333333333333,0.6666666666666666,0.0,0.06666666666666665,10.0,0.5,10.796666666666667
0.064,0.6666666666666666,0.5,0.6153846153846154,0.5,0.7222222222222221,0.5,0.0,1.0,0.3333333333333333,0.2,1.0,0.3333333333333333,1.0,0.3333333333333333,0.11111111111111112,10.0,0.5,10.894444444444446
0.0645,0.3333333333333333,0.5,0.7692307692307693,0.3333333333333333,0.9444444444444444,0.0,0.3333333333333333,0.0,0.0,0.0,1.0,0.25,0.3333333333333333,0.0,0.09722222222222221,10.0,0.375,10.70138888888889
0.065,0.6666666666666666,0.0,1.0,0.5,0.4999999999999999,0.0,0.0,0.5,0.3333333333333333,0.4,0.0,0.3333333333333333,1.0,0.3333333333333333,0.1,10.0,0.5,10.870000000000001
0.0655,0.6666666666666666,1.0,0.4615384615384615,0.5,0.0555555555555555,0.0,1.0,0.0,0.3333333333333333,0.8,1.0,0.0,1.0,1.0,0.07777777777777777,10.0,0.0,10.171111111111111
0.066,0.3333333333333333,0.5,0.7692307692307693,0.5,0.6111111111111112,0.5,0.6666666666666666,0.0,0.0,0.0,0.0,0.0,1.0,0.3333333333333333,0.10555555555555556,10.0,0.0,10.232222222222223
0.067,0.6666666666666666,0.0,0.9230769230769232,0.5,0.0555555555555555,1.0,1.0,1.0,0.3333333333333333,1.0,0.0,0.3333333333333333,1.0,0.3333333333333333,0.07777777777777777,10.0,0.5,10.821111111111112
0.0675,0.6666666666666666,0.5,0.3076923076923077,0.5,0.2777777777777777,0.5,1.0,0.0,0.3333333333333333,0.2,0.3333333333333333,0.0,0.3333333333333333,1.0,0.08888888888888889,10.0,0.0,10.195555555555556
0.068,0.6666666666666666,0.0,0.5384615384615385,0.6666666666666666,0.2222222222222222,0.5,0.6666666666666666,1.0,0.3333333333333333,0.2,0.0,0.25,0.0,0.6666666666666666,0.1111111111111111,10.0,0.375,10.731944444444444
0.0685,0.3333333333333333,0.5,1.0,0.1666666666666666,0.7222222222222221,0.0,0.6666666666666666,1.0,0.0,0.2,1.0,0.1666666666666666,0.6666666666666666,0.0,0.0611111111111111,10.0,0.2499999999999999,10.459444444444443
0.069,0.3333333333333333,0.0,0.0,0.3333333333333333,0.1111111111111111,1.0,0.0,0.0,0.0,0.0,0.0,0.25,0.3333333333333333,0.0,0.05555555555555555,10.0,0.375,10.609722222222222
0.0695,0.6666666666666666,0.5,0.6153846153846154,0.5,0.8888888888888888,0.5,1.0,0.5,0.3333333333333333,0.6000000000000001,0.6666666666666666,0.0833333333333333,0.0,0.3333333333333333,0.11944444444444444,10.0,0.12499999999999994,10.425277777777778
0.07,0.3333333333333333,1.0,0.1538461538461538,0.3333333333333333,0.4444444444444445,1.0,1.0,1.0,0.0,0.8,0.6666666666666666,0.1666666666666666,1.0,0.6666666666666666,0.07222222222222222,10.0,0.2499999999999999,10.483888888888888
0.0705,0.6666666666666666,1.0,0.2307692307692307,0.5,0.8888888888888888,0.5,0.3333333333333333,0.5,0.3333333333333333,0.4,0.3333333333333333,0.1666666666666666,0.3333333333333333,0.6666666666666666,0.11944444444444444,10.0,0.2499999999999999,10.587777777777777
0.071,1.0,0.0,0.1538461538461538,1.0,0.2777777777777777,1.0,1.0,0.5,1.0,1.0,1.0,0.0,0.0,0.0,0.1638888888888889,10.0,0.0,10.360555555555555
0.0715,0.3333333333333333,0.0,0.8461538461538463,0.1666666666666666,1.0,0.0,0.3333333333333333,0.0,0.0,0.2,0.6666666666666666,0.0,0.0,0.0,0.075,10.0,0.0,10.165
0.0725,0.3333333333333333,0.5,0.6153846153846154,0.5,0.8888888888888888,0.5,0.3333333333333333,0.5,0.0,0.4,1.0,0.1666666666666666,0.6666666666666666,0.3333333333333333,0.11944444444444444,10.0,0.2499999999999999,10.587777777777777
0.073,0.0,0.0,1.0,0.1666666666666666,0.7222222222222221,0.5,0.3333333333333333,0.5,0.6666666666666666,1.0,0.0,0.25,1.0,0.0,0.0611111111111111,10.0,0.375,10.621944444444445
0.0735,0.6666666666666666,1.0,1.0,0.6666666666666666,0.6111111111111112,0.5,0.3333333333333333,1.0,0.3333333333333333,0.6000000000000001,0.3333333333333333,0.25,0.6666666666666666,0.0,0.13055555555555554,10.0,0.375,10.774722222222223
0.074,0.6666666666666666,0.0,0.0,0.6666666666666666,1.0,0.0,0.6666666666666666,0.0,0.3333333333333333,0.0,1.0,0.3333333333333333,0.0,1.0,0.15,10.0,0.5,10.98
0.0745,0.6666666666666666,1.0,0.9230769230769232,0.5,0.2222222222222222,0.0,0.3333333333333333,0.5,0.3333333333333333,0.6000000000000001,0.3333333333333333,0.0833333333333333,1.0,0.6666666666666666,0.08611111111111111,10.0,0.12499999999999994,10.351944444444444
0.075,0.3333333333333333,0.0,0.6923076923076923,0.1666666666666666,0.1111111111111111,0.0,1.0,0.5,0.0,0.2,1.0,0.3333333333333333,0.3333333333333333,1.0,0.03055555555555555,10.0,0.5,10.717222222222222
0.0755,0.3333333333333333,1.0,0.6153846153846154,0.1666666666666666,0.1111111111111111,0.5,1.0,1.0,0.0,0.6000000000000001,1.0,0.1666666666666666,1.0,1.0,0.03055555555555555,10.0,0.2499999999999999,10.392222222222221
0.076,1.0,0.0,0.7692307692307693,0.5,0.0555555555555555,0.5,1.0,0.0,1.0,0.2,0.0,0.0833333333333333,1.0,0.3333333333333333,0.07777777777777777,10.0,0.12499999999999994,10.33361111111111
0.0765,0.3333333333333333,0.0,0.0,0.5,0.6666666666666665,0.5,0.6666666666666666,0.0,0.0,0.6000000000000001,0.6666666666666666,0.3333333333333333,0.6666666666666666,0.3333333333333333,0.10833333333333332,10.0,0.5,10.888333333333334
0.077,0.6666666666666666,0.0,0.4615384615384615,0.6666666666666666,0.8888888888888888,1.0,0.0,0.0,0.3333333333333333,0.2,0.6666666666666666,0.0833333333333333,0.3333333333333333,0.0,0.14444444444444443,10.0,0.12499999999999994,10.480277777777777
0.078,1.0,1.0,0.3076923076923077,1.0,0.4444444444444445,1.0,0.6666666666666666,0.5,1.0,0.2,0.3333333333333333,0.0,0.3333333333333333,0.0,0.17222222222222222,10.0,0.0,10.37888888888889
0.0785,0.6666666666666666,0.0,0.5384615384615385,0.5,0.2222222222222222,0.0,0.0,0.0,0.3333333333333333,0.0,1.0,0.0833333333333333,0.0,0.0,0.08611111111111111,10.0,0.12499999999999994,10.351944444444444
0.079,0.6666666666666666,0.5,0.0769230769230769,0.3333333333333333,0.0,1.0,1.0,1.0,0.3333333333333333,0.6000000000000001,1.0,0.1666666666666666,0.6666666666666666,0.6666666666666666,0.049999999999999996,10.0,0.2499999999999999,10.434999999999999
0.0795,0.3333333333333333,0.5,0.8461538461538463,0.1666666666666666,0.0555555555555555,0.0,0.6666666666666666,1.0,0.0,0.0,0.3333333333333333,0.0833333333333333,1.0,0.6666666666666666,0.02777777777777777,10.0,0.12499999999999994,10.223611111111111
0.08,0.6666666666666666,1.0,0.6153846153846154,0.5,0.2777777777777777,0.5,0.0,1.0,0.3333333333333333,0.6000000000000001,0.3333333333333333,0.25,0.3333333333333333,1.0,0.08888888888888889,10.0,0.375,10.683055555555557
0.0805,0.3333333333333333,1.0,0.7692307692307693,0.1666666666666666,0.8888888888888888,1.0,0.0,0.0,0.0,0.8,0.6666666666666666,0.25,0.6666666666666666,0.6666666666666666,0.06944444444444443,10.0,0.375,10.64027777777778
0.081,0.0,0.0,0.3076923076923077,0.1666666666666666,0.0555555555555555,0.5,1.0,0.5,0.6666666666666666,0.6000000000000001,1.0,0.25,1.0,0.3333333333333333,0.02777777777777777,10.0,0.375,10.548611111111112
0.0815,0.6666666666666666,0.5,0.3076923076923077,0.6666666666666666,0.5555555555555556,0.5,0.3333333333333333,0.0,0.3333333333333333,0.0,1.0,0.25,0.6666666666666666,0.0,0.12777777777777777,10.0,0.375,10.768611111111111
0.082,0.6666666666666666,0.5,0.7692307692307693,0.3333333333333333,0.1111111111111111,1.0,0.0,1.0,0.3333333333333333,0.4,1.0,0.25,0.3333333333333333,0.0,0.05555555555555555,10.0,0.375,10.609722222222222
0.0825,0.6666666666666666,0.5,1.0,0.6666666666666666,0.7777777777777777,0.5,0.3333333333333333,0.0,0.3333333333333333,0.6000000000000001,0.6666666666666666,0.1666666666666666,1.0,0.0,0.13888888888888887,10.0,0.2499999999999999,10.630555555555555
0.0835,0.3333333333333333,0.5,0.7692307692307693,0.5,0.6111111111111112,1.0,0.6666666666666666,0.0,0.0,0.2,0.0,0.3333333333333333,0.6666666666666666,0.6666666666666666,0.10555555555555556,10.0,0.5,10.882222222222223
0.084,0.3333333333333333,1.0,0.8461538461538463,0.3333333333333333,0.4444444444444445,1.0,0.3333333333333333,1.0,0.0,1.0,0.6666666666666666,0.3333333333333333,0.0,0.6666666666666666,0.07222222222222222,10.0,0.5,10.80888888888889
0.0845,1.0,1.0,0.2307692307692307,0.6666666666666666,0.3333333333333333,0.0,0.3333333333333333,0.0,1.0,0.8,0.3333333333333333,0.0833333333333333,0.6666666666666666,1.0,0.11666666666666665,10.0,0.12499999999999994,10.419166666666666
0.085,0.3333333333333333,1.0,0.3076923076923077,0.3333333333333333,0.4999999999999999,0.0,1.0,0.5,0.0,0.2,0.6666666666666666,0.3333333333333333,0.0,0.6666666666666666,0.07499999999999998,10.0,0.5,10.815
0.0855,1.0,0.5,0.9230769230769232,1.0,0.9444444444444444,1.0,0.6666666666666666,0.0,1.0,0.0,1.0,0.3333333333333333,0.0,0.6666666666666666,0.19722222222222222,10.0,0.5,11.08388888888889
0.086,0.0,0.0,0.0,0.1666666666666666,0.1111111111111111,0.5,1.0,0.0,0.6666666666666666,0.4,1.0,0.25,0.3333333333333333,1.0,0.03055555555555555,10.0,0.375,10.554722222222223
0.0865,1.0,1.0,0.2307692307692307,0.6666666666666666,0.8888888888888888,0.0,0.0,1.0,1.0,0.6000000000000001,0.3333333333333333,0.0833333333333333,0.0,0.6666666666666666,0.14444444444444443,10.0,0.12499999999999994,10.480277777777777
0.087,0.6666666666666666,1.0,0.9230769230769232,0.3333333333333333,0.4999999999999999,0.0,0.3333333333333333,0.0,0.3333333333333333,0.8,0.3333333333333333,0.1666666666666666,1.0,1.0,0.07499999999999998,10.0,0.2499999999999999,10.489999999999998
0.0875,0.6666666666666666,1.0,1.0,0.3333333333333333,0.0,1.0,0.6666666666666666,0.5,0.3333333333333333,0.4,0.3333333333333333,0.0,0.0,0.0,0.049999999999999996,10.0,0.0,10.11
0.088,0.6666666666666666,1.0,0.3076923076923077,0.6666666666666666,0.0,0.5,1.0,1.0,0.3333333333333333,0.4,0.3333333333333333,0.25,0.6666666666666666,0.6666666666666666,0.09999999999999999,10.0,0.375,10.707500000000001
0.089,1.0,0.5,0.2307692307692307,0.6666666666666666,0.8888888888888888,0.0,0.0,0.5,1.0,0.0,1.0,0.25,0.3333333333333333,1.0,0.14444444444444443,10.0,0.375,10.805277777777778
0.0895,1.0,1.0,0.3846153846153846,0.6666666666666666,0.5555555555555556,0.0,0.6666666666666666,1.0,1.0,1.0,0.3333333333333333,0.1666666666666666,0.6666666666666666,0.0,0.12777777777777777,10.0,0.2499999999999999,10.60611111111111
0.09,0.0,0.0,0.3076923076923077,0.0,0.7777777777777777,1.0,0.3333333333333333,1.0,0.6666666666666666,0.4,1.0,0.25,0.3333333333333333,0.3333333333333333,0.03888888888888888,10.0,0.375,10.573055555555555
0.0905,0.3333333333333333,0.0,0.3846153846153846,0.5,0.3333333333333333,0.0,0.3333333333333333,0.0,0.0,0.6000000000000001,0.6666666666666666,0.0833333333333333,0.6666666666666666,1.0,0.09166666666666666,10.0,0.12499999999999994,10.364166666666666
0.091,0.6666666666666666,1.0,0.9230769230769232,0.5,0.3888888888888889,0.0,0.6666666666666666,0.5,0.3333333333333333,0.0,0.0,0.3333333333333333,0.0,1.0,0.09444444444444444,10.0,0.5,10.857777777777779
0.0915,0.3333333333333333,0.0,0.4615384615384615,0.1666666666666666,0.4444444444444445,1.0,1.0,0.0,0.0,0.8,0.3333333333333333,0.1666666666666666,0.0,1.0,0.047222222222222214,10.0,0.2499999999999999,10.428888888888888
0.092,0.3333333333333333,0.0,0.1538461538461538,0.5,0.7222222222222221,0.0,0.3333333333333333,0.5,0.0,0.6000000000000001,1.0,0.3333333333333333,0.0,0.0,0.11111111111111112,10.0,0.5,10.894444444444446
0.0925,0.6666666666666666,0.0,0.0769230769230769,0.6666666666666666,0.2777777777777777,1.0,0.0,0.5,0.3333333333333333,0.8,0.6666666666666666,0.1666666666666666,0.3333333333333333,0.3333333333333333,0.11388888888888887,10.0,0.2499999999999999,10.575555555555555
0.093,0.3333333333333333,0.0,0.3846153846153846,0.1666666666666666,0.7777777777777777,0.5,1.0,1.0,0.0,0.4,0.3333333333333333,0.0833333333333333,1.0,0.0,0.06388888888888888,10.0,0.12499999999999994,10.303055555555556
0.0935,0.3333333333333333,0.0,0.0769230769230769,0.1666666666666666,0.4444444444444445,1.0,1.0,0.5,0.0,0.8,0.6666666666666666,0.0,0.3333333333333333,0.6666666666666666,0.047222222222222214,10.0,0.0,10.10388888888889
0.0945,1.0,0.0,0.0,0.5,0.5555555555555556,0.5,0.0,1.0,1.0,0.0,0.3333333333333333,0.0833333333333333,1.0,0.3333333333333333,0.10277777777777777,10.0,0.12499999999999994,10.38861111111111
0.095,0.0,1.0,0.8461538461538463,0.0,0.7777777777777777,0.5,0.6666666666666666,0.0,0.6666666666666666,0.4,0.0,0.0,1.0,0.0,0.03888888888888888,10.0,0.0,10.085555555555555
0.0955,0.6666666666666666,0.5,0.1538461538461538,0.5,0.7222222222222221,0.0,0.0,0.5,0.3333333333333333,0.2,0.6666666666666666,0.25,0.3333333333333333,1.0,0.11111111111111112,10.0,0.375,10.731944444444446
0.096,0.3333333333333333,1.0,0.4615384615384615,0.5,0.8888888888888888,0.5,1.0,1.0,0.0,1.0,0.0,0.3333333333333333,0.3333333333333333,0.0,0.11944444444444444,10.0,0.5,10.912777777777778
0.0965,0.3333333333333333,0.5,0.2307692307692307,0.1666666666666666,0.4444444444444445,0.0,0.0,0.5,0.0,0.8,0.3333333333333333,0.3333333333333333,0.3333333333333333,1.0,0.047222222222222214,10.0,0.5,10.75388888888889
0.097,0.3333333333333333,1.0,0.0,0.3333333333333333,0.7222222222222221,0.5,0.3333333333333333,1.0,0.0,0.8,0.3333333333333333,0.25,0.0,0.6666666666666666,0.0861111111111111,10.0,0.375,10.676944444444445
0.0975,0.6666666666666666,0.0,0.5384615384615385,0.6666666666666666,0.1666666666666666,1.0,0.6666666666666666,0.5,0.3333333333333333,0.2,0.6666666666666666,0.3333333333333333,0.3333333333333333,0.0,0.10833333333333331,10.0,0.5,10.888333333333334
0.098,0.3333333333333333,1.0,0.7692307692307693,0.3333333333333333,0.7222222222222221,0.0,1.0,0.0,0.0,0.0,0.0,0.1666666666666666,0.3333333333333333,0.3333333333333333,0.0861111111111111,10.0,0.2499999999999999,10.514444444444443
0.0985,0.6666666666666666,0.0,0.0769230769230769,0.5,0.8333333333333333,0.5,0.0,0.5,0.3333333333333333,0.8,1.0,0.0833333333333333,0.3333333333333333,0.0,0.11666666666666665,10.0,0.12499999999999994,10.419166666666666
0.099,1.0,0.5,0.7692307692307693,0.8333333333333333,0.7777777777777777,0.0,0.0,0.0,1.0,0.4,0.6666666666666666,0.3333333333333333,1.0,1.0,0.16388888888888886,10.0,0.5,11.010555555555555
0.1,0.3333333333333333,0.5,0.3846153846153846,0.1666666666666666,0.3888888888888889,1.0,0.6666666666666666,0.5,0.0,1.0,0.3333333333333333,0.25,0.0,1.0,0.044444444444444446,10.0,0.375,10.585277777777778
0.1005,0.6666666666666666,0.0,0.4615384615384615,0.6666666666666666,0.2777777777777777,0.5,1.0,0.0,0.3333333333333333,0.2,0.3333333333333333,0.0,0.0,0.6666666666666666,0.11388888888888887,10.0,0.0,10.250555555555556
0.101,0.6666666666666666,1.0,0.4615384615384615,0.6666666666666666,0.7777777777777777,1.0,0.3333333333333333,0.0,0.3333333333333333,0.4,0.0,0.0833333333333333,1.0,0.6666666666666666,0.13888888888888887,10.0,0.12499999999999994,10.468055555555555
0.1015,0.3333333333333333,0.5,0.9230769230769232,0.1666666666666666,0.3888888888888889,0.0,0.6666666666666666,1.0,0.0,0.8,1.0,0.25,0.6666666666666666,0.3333333333333333,0.044444444444444446,10.0,0.375,10.585277777777778
0.102,0.6666666666666666,0.0,0.7692307692307693,0.6666666666666666,0.0,1.0,0.3333333333333333,0.5,0.3333333333333333,0.4,0.0,0.3333333333333333,0.0,0.3333333333333333,0.09999999999999999,10.0,0.5,10.870000000000001
0.1025,0.3333333333333333,0.5,0.0,0.3333333333333333,0.4999999999999999,1.0,0.0,0.5,0.0,0.6000000000000001,0.0,0.25,1.0,0.6666666666666666,0.07499999999999998,10.0,0.375,10.6525
0.103,0.6666666666666666,0.5,0.6923076923076923,0.3333333333333333,0.5555555555555556,0.5,1.0,0.0,0.3333333333333333,0.8,0.0,0.0,0.6666666666666666,0.0,0.07777777777777777,10.0,0.0,10.171111111111111
0.1035,0.3333333333333333,0.0,0.8461538461538463,0.3333333333333333,0.4444444444444445,0.0,0.0,0.5,0.0,0.0,0.3333333333333333,0.25,1.0,0.0,0.07222222222222222,10.0,0.375,10.64638888888889
0.104,0.6666666666666666,0.5,0.3846153846153846,0.5,0.4444444444444445,0.0,0.3333333333333333,0.5,0.3333333333333333,0.6000000000000001,0.6666666666666666,0.0833333333333333,1.0,0.6666666666666666,0.09722222222222222,10.0,0.12499999999999994,10.376388888888888
0.1045,0.3333333333333333,1.0,0.2307692307692307,0.3333333333333333,0.7777777777777777,1.0,0.6666666666666666,1.0,0.0,0.4,0.3333333333333333,0.0,1.0,0.0,0.08888888888888889,10.0,0.0,10.195555555555556
0.1055,0.6666666666666666,1.0,0.5384615384615385,0.3333333333333333,0.6666666666666665,0.0,0.3333333333333333,0.5,0.3333333333333333,1.0,0.0,0.0833333333333333,0.3333333333333333,0.3333333333333333,0.08333333333333331,10.0,0.12499999999999994,10.345833333333333
0.106,0.3333333333333333,0.0,0.2307692307692307,0.3333333333333333,0.5555555555555556,0.0,0.3333333333333333,1.0,0.0,0.0,0.3333333333333333,0.0833333333333333,0.6666666666666666,0.6666666666666666,0.07777777777777777,10.0,0.12499999999999994,10.33361111111111
0.1065,0.3333333333333333,0.0,0.1538461538461538,0.3333333333333333,0.8333333333333333,0.0,1.0,1.0,0.0,0.8,1.0,0.1666666666666666,0.0,0.3333333333333333,0.09166666666666666,10.0,0.2499999999999999,10.526666666666666
0.107,0.6666666666666666,0.5,0.6923076923076923,0.3333333333333333,0.4444444444444445,0.5,0.3333333333333333,0.5,0.3333333333333333,0.8,0.6666666666666666,0.3333333333333333,0.3333333333333333,1.0,0.07222222222222222,10.0,0.5,10.80888888888889
0.1075,0.6666666666666666,0.5,0.7692307692307693,0.3333333333333333,0.0,0.5,1.0,0.0,0.3333333333333333,1.0,0.0,0.0,0.6666666666666666,0.3333333333333333,0.049999999999999996,10.0,0.0,10.11
0.108,0.6666666666666666,0.0,0.7692307692307693,0.5,0.3888888888888889,1.0,0.6666666666666666,0.0,0.3333333333333333,0.6000000000000001,1.0,0.25,1.0,0.3333333333333333,0.09444444444444444,10.0,0.375,10.695277777777779
0.1085,1.0,1.0,0.0769230769230769,0.5,0.6111111111111112,1.0,1.0,0.5,1.0,0.6000000000000001,1.0,0.1666666666666666,0.0,0.6666666666666666,0.10555555555555556,10.0,0.2499999999999999,10.557222222222222
0.109,1.0,0.5,1.0,0.5,0.3888888888888889,0.0,1.0,1.0,1.0,0.2,0.3333333333333333,0.0,0.6666666666666666,0.6666666666666666,0.09444444444444444,10.0,0.0,10.207777777777778
0.1095,1.0,0.0,0.9230769230769232,0.6666666666666666,0.6111111111111112,1.0,0.6666666666666666,0.0,1.0,0.2,0.6666666666666666,0.25,0.0,0.0,0.13055555555555554,10.0,0.375,10.774722222222223
0.11,1.0,0.0,0.2307692307692307,1.0,0.3888888888888889,0.0,0.6666666666666666,1.0,1.0,0.0,0.3333333333333333,0.3333333333333333,1.0,0.0,0.16944444444444445,10.0,0.5,11.022777777777778
0.1115,0.3333333333333333,0.5,0.4615384615384615,0.5,0.1111111111111111,0.0,0.0,0.5,0.0,0.0,0.6666666666666666,0.0833333333333333,0.3333333333333333,0.3333333333333333,0.08055555555555556,10.0,0.12499999999999994,10.339722222222221
0.112,0.3333333333333333,0.5,0.2307692307692307,0.5,0.2222222222222222,0.5,0.0,1.0,0.0,1.0,1.0,0.1666666666666666,0.0,0.6666666666666666,0.08611111111111111,10.0,0.2499999999999999,10.514444444444443
0.1125,0.6666666666666666,1.0,0.9230769230769232,0.3333333333333333,0.3888888888888889,0.5,1.0,0.5,0.3333333333333333,0.4,0.3333333333333333,0.1666666666666666,0.3333333333333333,0.0,0.06944444444444445,10.0,0.2499999999999999,10.477777777777778
0.113,0.3333333333333333,0.0,0.0769230769230769,0.5,0.6111111111111112,0.0,1.0,0.5,0.0,0.0,0.6666666666666666,0.0833333333333333,0.0,0.3333333333333333,0.10555555555555556,10.0,0.12499999999999994,10.394722222222223
0.1135,0.6666666666666666,1.0,0.8461538461538463,0.6666666666666666,0.3333333333333333,0.5,0.6666666666666666,0.0,0.3333333333333333,0.4,0.0,0.0833333333333333,0.0,0.0,0.11666666666666665,10.0,0.12499999999999994,10.419166666666666
0.114,0.6666666666666666,0.0,0.3846153846153846,0.6666666666666666,0.2777777777777777,1.0,0.0,0.5,0.3333333333333333,0.2,0.0,0.1666666666666666,0.0,0.0,0.11388888888888887,10.0,0.2499999999999999,10.575555555555555
0.1145,0.3333333333333333,1.0,1.0,0.5,0.7222222222222221,0.5,1.0,0.0,0.0,0.2,0.6666666666666666,0.3333333333333333,0.0,0.3333333333333333,0.11111111111111112,10.0,0.5,10.894444444444446
0.115,0.3333333333333333,1.0,0.6923076923076923,0.1666666666666666,0.2222222222222222,0.0,0.0,0.0,0.0,0.4,0.0,0.3333333333333333,0.6666666666666666,0.3333333333333333,0.0361111111111111,10.0,0.5,10.729444444444445
0.1155,0.6666666666666666,0.0,0.9230769230769232,0.5,0.2222222222222222,0.0,0.6666666666666666,1.0,0.3333333333333333,0.8,0.3333333333333333,0.25,0.0,0.0,0.08611111111111111,10.0,0.375,10.676944444444445
0.116,0.6666666666666666,0.5,1.0,0.6666666666666666,0.0,0.0,1.0,0.0,0.3333333333333333,0.2,0.0,0.1666666666666666,0.6666666666666666,0.6666666666666666,0.09999999999999999,10.0,0.2499999999999999,10.545
0.117,0.6666666666666666,0.0,0.8461538461538463,0.3333333333333333,0.2777777777777777,0.5,0.6666666666666666,1.0,0.3333333333333333,0.0,0.3333333333333333,0.0,0.3333333333333333,0.3333333333333333,0.06388888888888888,10.0,0.0,10.140555555555556
0.1175,0.0,1.0,0.9230769230769232,0.1666666666666666,0.0,1.0,1.0,1.0,0.6666666666666666,1.0,0.6666666666666666,0.1666666666666666,0.3333333333333333,0.0,0.024999999999999994,10.0,0.2499999999999999,10.379999999999999
0.118,1.0,1.0,1.0,1.0,0.1666666666666666,0.0,1.0,1.0,1.0,0.0,0.0,0.3333333333333333,1.0,0.3333333333333333,0.15833333333333335,10.0,0.5,10.998333333333333
0.1185,1.0,0.0,0.1538461538461538,0.6666666666666666,0.0555555555555555,0.0,0.0,0.0,1.0,0.8,0.6666666666666666,0.0,0.6666666666666666,1.0,0.10277777777777776,10.0,0.0,10.226111111111111
0.119,0.3333333333333333,0.5,0.5384615384615385,0.5,0.3333333333333333,0.0,0.3333333333333333,0.5,0.0,0.6000000000000001,1.0,0.0,1.0,0.0,0.09166666666666666,10.0,0.0,10.201666666666666
0.1195,0.0,1.0,0.6153846153846154,0.0,0.8888888888888888,0.5,0.3333333333333333,0.5,0.6666666666666666,0.0,0.0,0.25,1.0,1.0,0.044444444444444446,10.0,0.375,10.585277777777778
0.12,0.6666666666666666,1.0,0.9230769230769232,0.5,0.7222222222222221,1.0,1.0,0.0,0.3333333333333333,0.0,0.3333333333333333,0.0833333333333333,0.6666666666666666,0.0,0.11111111111111112,10.0,0.12499999999999994,10.406944444444445
0.1205,0.6666666666666666,0.5,0.2307692307692307,0.5,0.6111111111111112,0.0,0.3333333333333333,0.0,0.3333333333333333,0.2,1.0,0.3333333333333333,0.3333333333333333,0.3333333333333333,0.10555555555555556,10.0,0.5,10.882222222222223
0.121,0.3333333333333333,1.0,0.3846153846153846,0.1666666666666666,0.4999999999999999,1.0,0.6666666666666666,1.0,0.0,0.6000000000000001,0.0,0.0,0.0,1.0,0.04999999999999999,10.0,0.0,10.11
0.1215,0.3333333333333333,0.5,0.3076923076923077,0.5,0.7777777777777777,0.0,1.0,0.5,0.0,0.2,1.0,0.25,1.0,1.0,0.11388888888888889,10.0,0.375,10.738055555555556
0.1225,0.3333333333333333,0.5,0.6923076923076923,0.3333333333333333,0.0555555555555555,1.0,0.3333333333333333,1.0,0.0,0.4,0.6666666666666666,0.0833333333333333,0.3333333333333333,0.6666666666666666,0.05277777777777777,10.0,0.12499999999999994,10.278611111111111
0.123,0.6666666666666666,1.0,0.4615384615384615,0.5,0.0555555555555555,0.0,0.0,0.0,0.3333333333333333,0.8,0.3333333333333333,0.0833333333333333,0.3333333333333333,0.0,0.07777777777777777,10.0,0.12499999999999994,10.33361111111111
0.1235,0.3333333333333333,0.0,0.3846153846153846,0.3333333333333333,0.0555555555555555,1.0,0.3333333333333333,0.0,0.0,1.0,0.3333333333333333,0.0,0.0,1.0,0.05277777777777777,10.0,0.0,10.116111111111111
0.124,0.3333333333333333,0.5,0.4615384615384615,0.5,0.0555555555555555,0.5,0.0,1.0,0.0,0.6000000000000001,0.3333333333333333,0.25,0.6666666666666666,0.0,0.07777777777777777,10.0,0.375,10.658611111111112
0.1245,0.3333333333333333,0.0,0.2307692307692307,0.3333333333333333,1.0,0.5,0.0,0.5,0.0,0.4,0.3333333333333333,0.0,0.6666666666666666,0.6666666666666666,0.1,10.0,0.0,10.22
0.125,0.0,0.0,0.7692307692307693,0.0,0.3888888888888889,0.0,0.3333333333333333,1.0,0.6666666666666666,0.0,0.3333333333333333,0.25,0.6666666666666666,0.0,0.019444444444444445,10.0,0.375,10.530277777777778
0.1255,0.3333333333333333,1.0,0.6153846153846154,0.1666666666666666,0.3888888888888889,0.5,0.3333333333333333,0.0,0.0,0.0,0.3333333333333333,0.0,1.0,0.6666666666666666,0.044444444444444446,10.0,0.0,10.097777777777777
0.126,1.0,1.0,0.5384615384615385,0.6666666666666666,0.4999999999999999,0.0,0.0,0.0,1.0,0.8,0.0,0.0833333333333333,1.0,0.0,0.12499999999999997,10.0,0.12499999999999994,10.4375
0.1265,0.3333333333333333,0.0,0.8461538461538463,0.5,0.2222222222222222,0.0,1.0,1.0,0.0,1.0,0.3333333333333333,0.25,0.6666666666666666,0.0,0.08611111111111111,10.0,0.375,10.676944444444445
0.127,1.0,1.0,0.0,0.5,0.7222222222222221,1.0,0.3333333333333333,0.5,1.0,0.8,0.0,0.1666666666666666,0.0,0.6666666666666666,0.11111111111111112,10.0,0.2499999999999999,10.569444444444445
0.128,0.6666666666666666,0.0,0.9230769230769232,0.3333333333333333,1.0,1.0,1.0,0.5,0.3333333333333333,1.0,0.0,0.0,0.3333333333333333,0.0,0.1,10.0,0.0,10.22
0.1285,0.0,0.5,0.6153846153846154,0.0,0.2222222222222222,0.5,0.0,0.5,0.6666666666666666,0.0,0.3333333333333333,0.0,0.0,0.0,0.011111111111111112,10.0,0.0,10.024444444444445
0.129,0.6666666666666666,1.0,0.1538461538461538,0.6666666666666666,0.0,0.5,0.0,0.5,0.3333333333333333,0.4,0.6666666666666666,0.1666666666666666,1.0,0.3333333333333333,0.09999999999999999,10.0,0.2499999999999999,10.545
0.1295,0.3333333333333333,1.0,0.4615384615384615,0.5,1.0,0.0,1.0,0.5,0.0,0.6000000000000001,0.0,0.0833333333333333,0.6666666666666666,0.3333333333333333,0.125,10.0,0.12499999999999994,10.4375
0.13,0.3333333333333333,0.5,0.2307692307692307,0.5,0.2777777777777777,0.0,0.6666666666666666,1.0,0.0,0.0,0.6666666666666666,0.3333333333333333,0.0,0.6666666666666666,0.08888888888888889,10.0,0.5,10.845555555555556
0.1305,0.0,1.0,0.6153846153846154,0.1666666666666666,0.4999999999999999,1.0,0.3333333333333333,0.5,0.6666666666666666,0.6000000000000001,0.3333333333333333,0.3333333333333333,0.3333333333333333,0.6666666666666666,0.04999999999999999,10.0,0.5,10.76
0.131,1.0,1.0,0.2307692307692307,0.6666666666666666,0.7777777777777777,0.5,1.0,0.5,1.0,0.2,1.0,0.3333333333333333,1.0,0.6666666666666666,0.13888888888888887,10.0,0.5,10.955555555555556
0.1315,0.6666666666666666,0.0,0.4615384615384615,0.3333333333333333,0.2222222222222222,0.5,1.0,0.5,0.3333333333333333,0.2,1.0,0.3333333333333333,1.0,1.0,0.0611111111111111,10.0,0.5,10.784444444444444
0.132,0.6666666666666666,0.5,0.1538461538461538,0.3333333333333333,0.5555555555555556,1.0,0.3333333333333333,1.0,0.3333333333333333,1.0,0.3333333333333333,0.0833333333333333,1.0,0.3333333333333333,0.07777777777777777,10.0,0.12499999999999994,10.33361111111111
0.1325,0.3333333333333333,0.5,0.9230769230769232,0.5,0.7222222222222221,0.0,0.0,0.0,0.0,0.4,0.3333333333333333,0.3333333333333333,1.0,0.0,0.11111111111111112,10.0,0.5,10.894444444444446
0.1335,0.6666666666666666,1.0,0.7692307692307693,0.5,0.3888888888888889,0.0,1.0,1.0,0.3333333333333333,0.4,0.3333333333333333,0.3333333333333333,1.0,0.3333333333333333,0.09444444444444444,10.0,0.5,10.857777777777779
0.134,0.6666666666666666,0.5,0.7692307692307693,0.6666666666666666,0.6666666666666665,1.0,0.0,0.5,0.3333333333333333,1.0,1.0,0.0833333333333333,0.3333333333333333,0.0,0.1333333333333333,10.0,0.12499999999999994,10.455833333333333
0.1345,0.6666666666666666,1.0,0.6923076923076923,0.5,0.3333333333333333,0.5,0.0,0.0,0.3333333333333333,0.6000000000000001,0.3333333333333333,0.25,0.6666666666666666,0.3333333333333333,0.09166666666666666,10.0,0.375,10.689166666666667
0.135,0.6666666666666666,0.5,0.3846153846153846,0.5,0.6111111111111112,0.5,0.0,1.0,0.3333333333333333,0.6000000000000001,0.0,0.0,0.3333333333333333,0.6666666666666666,0.10555555555555556,10.0,0.0,10.232222222222223
0.1355,1.0,1.0,0.6923076923076923,0.5,0.6111111111111112,1.0,0.6666666666666666,0.5,1.0,0.8,1.0,0.1666666666666666,0.0,1.0,0.10555555555555556,10.0,0.2499999999999999,10.557222222222222
0.136,0.3333333333333333,0.5,0.9230769230769232,0.1666666666666666,0.3888888888888889,0.5,0.0,1.0,0.0,1.0,0.0,0.25,0.6666666666666666,0.0,0.044444444444444446,10.0,0.375,10.585277777777778
0.1365,0.3333333333333333,0.5,0.5384615384615385,0.3333333333333333,0.8333333333333333,0.0,0.3333333333333333,1.0,0.0,0.8,0.3333333333333333,0.25,1.0,0.3333333333333333,0.09166666666666666,10.0,0.375,10.689166666666667
0.137,0.6666666666666666,0.0,0.7692307692307693,0.3333333333333333,0.0,0.5,0.6666666666666666,0.5,0.3333333333333333,0.6000000000000001,0.3333333333333333,0.3333333333333333,0.6666666666666666,1.0,0.049999999999999996,10.0,0.5,10.76
0.1375,0.3333333333333333,0.0,0.0,0.5,0.1666666666666666,0.5,0.6666666666666666,0.0,0.0,0.8,0.0,0.3333333333333333,0.3333333333333333,0.6666666666666666,0.08333333333333333,10.0,0.5,10.833333333333334
0.138,0.0,0.5,0.3846153846153846,0.0,0.7777777777777777,0.5,0.0,0.5,0.6666666666666666,0.2,0.0,0.3333333333333333,0.6666666666666666,0.3333333333333333,0.03888888888888888,10.0,0.5,10.735555555555555
0.139,0.6666666666666666,0.0,0.2307692307692307,0.3333333333333333,0.3333333333333333,1.0,0.0,0.0,0.3333333333333333,0.6000000000000001,0.3333333333333333,0.3333333333333333,0.0,0.0,0.06666666666666665,10.0,0.5,10.796666666666667
0.1395,0.6666666666666666,0.5,0.0769230769230769,0.3333333333333333,0.7777777777777777,0.5,0.3333333333333333,1.0,0.3333333333333333,0.0,0.6666666666666666,0.1666666666666666,1.0,0.6666666666666666,0.08888888888888889,10.0,0.2499999999999999,10.520555555555555
0.14,1.0,1.0,0.3076923076923077,0.6666666666666666,0.6111111111111112,0.5,1.0,0.5,1.0,0.6000000000000001,0.3333333333333333,0.1666666666666666,1.0,0.0,0.13055555555555554,10.0,0.2499999999999999,10.612222222222222
0.1405,0.0,1.0,0.7692307692307693,0.0,1.0,1.0,0.6666666666666666,0.0,0.6666666666666666,0.0,1.0,0.3333333333333333,0.0,0.0,0.05,10.0,0.5,10.76
0.141,0.6666666666666666,1.0,1.0,0.6666666666666666,0.4999999999999999,1.0,0.3333333333333333,1.0,0.3333333333333333,0.4,1.0,0.0,0.3333333333333333,1.0,0.12499999999999997,10.0,0.0,10.275
0.1415,0.3333333333333333,1.0,0.7692307692307693,0.5,0.6111111111111112,0.5,0.6666666666666666,1.0,0.0,0.6000000000000001,0.0,0.25,0.0,1.0,0.10555555555555556,10.0,0.375,10.719722222222224
0.142,1.0,0.0,0.8461538461538463,1.0,0.7777777777777777,0.0,1.0,1.0,1.0,0.4,0.0,0.25,1.0,0.6666666666666666,0.18888888888888888,10.0,0.375,10.903055555555556
0.1425,0.6666666666666666,1.0,0.0,0.6666666666666666,0.1111111111111111,0.5,1.0,0.5,0.3333333333333333,0.4,0.3333333333333333,0.3333333333333333,0.6666666666666666,0.0,0.10555555555555554,10.0,0.5,10.882222222222223
0.143,0.3333333333333333,1.0,1.0,0.3333333333333333,0.0,1.0,0.0,0.0,0.0,0.0,0.0,0.0,0.0,0.3333333333333333,0.049999999999999996,10.0,0.0,10.11
0.1435,0.0,1.0,0.8461538461538463,0.0,0.9444444444444444,0.0,0.3333333333333333,1.0,0.6666666666666666,0.2,0.0,0.3333333333333333,0.6666666666666666,0.3333333333333333,0.04722222222222222,10.0,0.5,10.75388888888889
0.1445,0.3333333333333333,0.0,0.5384615384615385,0.3333333333333333,0.0,0.0,0.6666666666666666,0.5,0.0,0.2,1.0,0.25,0.6666666666666666,0.0,0.049999999999999996,10.0,0.375,10.5975
0.145,1.0,1.0,0.9230769230769232,0.8333333333333333,0.9444444444444444,0.5,0.6666666666666666,0.0,1.0,0.6000000000000001,0.0,0.0833333333333333,0.6666666666666666,0.3333333333333333,0.1722222222222222,10.0,0.12499999999999994,10.54138888888889
0.1455,0.6666666666666666,1.0,1.0,0.3333333333333333,0.9444444444444444,0.0,1.0,1.0,0.3333333333333333,0.0,0.0,0.0,0.3333333333333333,0.0,0.09722222222222221,10.0,0.0,10.213888888888889
0.146,0.6666666666666666,0.5,0.0769230769230769,0.6666666666666666,0.3888888888888889,1.0,0.3333333333333333,0.5,0.3333333333333333,0.2,1.0,0.1666666666666666,0.6666666666666666,0.6666666666666666,0.11944444444444442,10.0,0.2499999999999999,10.587777777777777
0.1465,0.6666666666666666,1.0,0.1538461538461538,0.5,0.2777777777777777,0.5,0.6666666666666666,1.0,0.3333333333333333,0.2,1.0,0.1666666666666666,0.0,0.3333333333333333,0.08888888888888889,10.0,0.2499999999999999,10.520555555555555
0.147,0.6666666666666666,0.0,0.7692307692307693,0.6666666666666666,0.4999999999999999,0.0,1.0,0.5,0.3333333333333333,0.6000000000000001,1.0,0.25,0.0,0.0,0.12499999999999997,10.0,0.375,10.762500000000001
0.1475,0.6666666666666666,0.5,0.1538461538461538,0.3333333333333333,0.9444444444444444,1.0,0.3333333333333333,0.5,0.3333333333333333,0.2,0.0,0.1666666666666666,1.0,0.0,0.09722222222222221,10.0,0.2499999999999999,10.538888888888888
0.148,0.3333333333333333,1.0,0.3076923076923077,0.3333333333333333,0.4444444444444445,1.0,0.3333333333333333,0.0,0.0,0.4,1.0,0.0,1.0,0.3333333333333333,0.07222222222222222,10.0,0.0,10.158888888888889
0.1485,0.3333333333333333,0.0,0.8461538461538463,0.3333333333333333,0.1666666666666666,1.0,1.0,0.0,0.0,0.2,1.0,0.25,1.0,0.3333333333333333,0.05833333333333332,10.0,0.375,10.615833333333335
0.149,0.3333333333333333,0.5,0.8461538461538463,0.1666666666666666,0.0,1.0,1.0,0.5,0.0,0.4,0.0,0.0,1.0,0.0,0.024999999999999994,10.0,0.0,10.055
0.15,0.6666666666666666,1.0,0.2307692307692307,0.5,0.7222222222222221,0.0,0.0,0.5,0.3333333333333333,0.2,0.6666666666666666,0.0,0.6666666666666666,0.3333333333333333,0.11111111111111112,10.0,0.0,10.244444444444445
0.1505,0.3333333333333333,0.5,0.1538461538461538,0.3333333333333333,0.8888888888888888,1.0,0.6666666666666666,1.0,0.0,0.8,0.6666666666666666,0.25,0.6666666666666666,0.0,0.09444444444444443,10.0,0.375,10.695277777777779
0.151,0.6666666666666666,0.5,0.8461538461538463,0.3333333333333333,0.7222222222222221,0.0,1.0,0.5,0.3333333333333333,0.0,1.0,0.0,0.0,0.3333333333333333,0.0861111111111111,10.0,0.0,10.189444444444444
0.1515,0.3333333333333333,0.0,0.9230769230769232,0.1666666666666666,0.9444444444444444,0.5,1.0,1.0,0.0,0.2,0.6666666666666666,0.0833333333333333,0.0,1.0,0.07222222222222222,10.0,0.12499999999999994,10.321388888888889
0.152,1.0,0.0,0.0769230769230769,0.5,0.0555555555555555,0.5,0.3333333333333333,0.0,1.0,0.6000000000000001,0.6666666666666666,0.3333333333333333,0.6666666666666666,0.6666666666666666,0.07777777777777777,10.0,0.5,10.821111111111112
0.1525,1.0,0.0,0.0,0.8333333333333333,0.7222222222222221,1.0,0.6666666666666666,1.0,1.0,0.0,0.6666666666666666,0.1666666666666666,0.6666666666666666,1.0,0.1611111111111111,10.0,0.2499999999999999,10.679444444444444
0.153,0.0,0.0,0.8461538461538463,0.1666666666666666,0.0,0.5,1.0,0.0,0.6666666666666666,1.0,0.3333333333333333,0.25,0.6666666666666666,1.0,0.024999999999999994,10.0,0.375,10.5425
0.1535,0.3333333333333333,0.0,0.5384615384615385,0.3333333333333333,1.0,1.0,0.0,1.0,0.0,0.2,0.3333333333333333,0.25,0.6666666666666666,1.0,0.1,10.0,0.375,10.707500000000001
0.154,1.0,0.0,0.4615384615384615,0.8333333333333333,0.3888888888888889,0.5,0.0,1.0,1.0,0.2,1.0,0.1666666666666666,0.3333333333333333,1.0,0.14444444444444443,10.0,0.2499999999999999,10.642777777777777
0.1545,0.6666666666666666,1.0,0.5384615384615385,0.5,0.3888888888888889,1.0,0.6666666666666666,0.0,0.3333333333333333,0.2,0.6666666666666666,0.1666666666666666,1.0,1.0,0.09444444444444444,10.0,0.2499999999999999,10.532777777777778
0.1555,0.0,0.5,0.5384615384615385,0.1666666666666666,0.4999999999999999,1.0,0.3333333333333333,1.0,0.6666666666666666,0.4,0.6666666666666666,0.3333333333333333,0.0,0.0,0.04999999999999999,10.0,0.5,10.76
0.156,0.3333333333333333,1.0,0.2307692307692307,0.5,1.0,1.0,0.3333333333333333,1.0,0.0,0.8,0.0,0.25,0.0,0.6666666666666666,0.125,10.0,0.375,10.762500000000001
0.1565,0.6666666666666666,0.0,0.4615384615384615,0.5,0.6111111111111112,0.5,0.6666666666666666,0.0,0.3333333333333333,0.8,0.0,0.25,0.3333333333333333,0.6666666666666666,0.10555555555555556,10.0,0.375,10.719722222222224
0.157,1.0,1.0,0.1538461538461538,0.8333333333333333,0.1666666666666666,1.0,0.0,1.0,1.0,1.0,1.0,0.0833333333333333,1.0,0.3333333333333333,0.1333333333333333,10.0,0.12499999999999994,10.455833333333333
0.1575,0.6666666666666666,0.0,0.7692307692307693,0.3333333333333333,0.7777777777777777,0.5,1.0,1.0,0.3333333333333333,0.0,1.0,0.1666666666666666,1.0,0.0,0.08888888888888889,10.0,0.2499999999999999,10.520555555555555
0.158,1.0,0.0,0.0,1.0,0.4444444444444445,0.5,0.3333333333333333,0.0,1.0,0.4,0.3333333333333333,0.1666666666666666,1.0,0.6666666666666666,0.17222222222222222,10.0,0.2499999999999999,10.703888888888889
0.1585,0.6666666666666666,1.0,0.3846153846153846,0.5,0.2222222222222222,0.0,0.0,1.0,0.3333333333333333,1.0,0.6666666666666666,0.3333333333333333,0.0,1.0,0.08611111111111111,10.0,0.5,10.839444444444444
0.159,0.3333333333333333,0.5,0.6923076923076923,0.3333333333333333,0.8333333333333333,1.0,0.3333333333333333,0.5,0.0,0.6000000000000001,0.3333333333333333,0.25,1.0,0.0,0.09166666666666666,10.0,0.375,10.689166666666667
0.1595,0.6666666666666666,0.0,0.0769230769230769,0.5,0.4444444444444445,1.0,0.3333333333333333,0.0,0.3333333333333333,1.0,0.0,0.25,1.0,0.0,0.09722222222222222,10.0,0.375,10.70138888888889
0.16,0.3333333333333333,0.0,0.9230769230769232,0.5,0.6111111111111112,1.0,1.0,0.5,0.0,0.4,1.0,0.3333333333333333,1.0,0.0,0.10555555555555556,10.0,0.5,10.882222222222223
0.161,0.3333333333333333,1.0,0.1538461538461538,0.5,0.0555555555555555,1.0,0.6666666666666666,0.0,0.0,1.0,1.0,0.25,0.6666666666666666,0.6666666666666666,0.07777777777777777,10.0,0.375,10.658611111111112
0.1615,0.3333333333333333,0.5,0.9230769230769232,0.1666666666666666,0.2777777777777777,0.5,0.3333333333333333,0.0,0.0,0.2,0.0,0.0833333333333333,0.0,0.3333333333333333,0.038888888888888876,10.0,0.12499999999999994,10.248055555555554
0.162,0.3333333333333333,0.0,0.4615384615384615,0.1666666666666666,0.1666666666666666,0.0,0.6666666666666666,0.0,0.0,0.4,0.3333333333333333,0.25,0.0,0.6666666666666666,0.03333333333333332,10.0,0.375,10.560833333333335
0.1625,1.0,0.0,1.0,0.6666666666666666,0.7222222222222221,1.0,0.6666666666666666,0.5,1.0,0.0,0.0,0.25,1.0,0.6666666666666666,0.1361111111111111,10.0,0.375,10.786944444444446
0.163,0.3333333333333333,0.5,0.2307692307692307,0.1666666666666666,0.5555555555555556,0.5,0.3333333333333333,0.0,0.0,0.4,0.3333333333333333,0.0,0.6666666666666666,0.6666666666666666,0.05277777777777777,10.0,0.0,10.116111111111111
0.1635,0.6666666666666666,0.0,0.3076923076923077,0.5,0.2777777777777777,0.0,0.3333333333333333,1.0,0.3333333333333333,0.0,0.0,0.3333333333333333,0.0,0.0,0.08888888888888889,10.0,0.5,10.845555555555556
0.164,0.3333333333333333,0.0,0.9230769230769232,0.5,0.6111111111111112,0.5,0.3333333333333333,0.0,0.0,0.2,0.0,0.0,0.0,0.3333333333333333,0.10555555555555556,10.0,0.0,10.232222222222223
0.1645,0.3333333333333333,0.0,0.7692307692307693,0.3333333333333333,0.2222222222222222,1.0,1.0,0.0,0.0,1.0,0.0,0.3333333333333333,1.0,0.3333333333333333,0.0611111111111111,10.0,0.5,10.784444444444444
0.165,0.3333333333333333,0.0,0.6923076923076923,0.1666666666666666,0.2222222222222222,1.0,0.6666666666666666,0.0,0.0,1.0,1.0,0.3333333333333333,0.6666666666666666,0.0,0.0361111111111111,10.0,0.5,10.729444444444445
0.1655,0.3333333333333333,0.5,0.3846153846153846,0.3333333333333333,0.0,1.0,1.0,0.0,0.0,0.6000000000000001,0.6666666666666666,0.3333333333333333,0.6666666666666666,0.3333333333333333,0.049999999999999996,10.0,0.5,10.76
0.167,0.6666666666666666,0.5,0.3846153846153846,0.6666666666666666,0.8333333333333333,0.5,0.3333333333333333,0.5,0.3333333333333333,0.0,0.3333333333333333,0.0833333333333333,0.0,0.0,0.14166666666666666,10.0,0.12499999999999994,10.474166666666667
0.1675,0.6666666666666666,0.5,0.3846153846153846,0.6666666666666666,0.8888888888888888,1.0,0.3333333333333333,0.0,0.3333333333333333,0.2,0.3333333333333333,0.3333333333333333,0.0,0.3333333333333333,0.14444444444444443,10.0,0.5,10.967777777777778
0.168,0.0,1.0,0.5384615384615385,0.0,0.7222222222222221,1.0,0.3333333333333333,0.0,0.6666666666666666,0.8,0.0,0.1666666666666666,0.0,0.0,0.03611111111111111,10.0,0.2499999999999999,10.404444444444444
0.1685,1.0,0.0,0.9230769230769232,0.8333333333333333,0.0555555555555555,0.5,1.0,1.0,1.0,0.4,1.0,0.0,0.0,0.6666666666666666,0.12777777777777777,10.0,0.0,10.28111111111111
0.169,0.3333333333333333,0.0,0.6923076923076923,0.3333333333333333,0.3888888888888889,1.0,0.3333333333333333,1.0,0.0,0.8,0.6666666666666666,0.0,0.6666666666666666,0.0,0.06944444444444445,10.0,0.0,10.152777777777779
0.1695,0.3333333333333333,0.0,0.5384615384615385,0.5,0.6111111111111112,0.0,1.0,1.0,0.0,0.6000000000000001,0.3333333333333333,0.0833333333333333,0.6666666666666666,0.6666666666666666,0.10555555555555556,10.0,0.12499999999999994,10.394722222222223
0.17,0.3333333333333333,1.0,0.1538461538461538,0.1666666666666666,0.4444444444444445,1.0,1.0,0.5,0.0,0.8,0.3333333333333333,0.3333333333333333,0.0,0.6666666666666666,0.047222222222222214,10.0,0.5,10.75388888888889
0.1705,0.3333333333333333,0.0,0.6923076923076923,0.5,0.1111111111111111,1.0,0.0,0.0,0.0,0.4,1.0,0.25,0.3333333333333333,0.6666666666666666,0.08055555555555556,10.0,0.375,10.664722222222222
0.171,0.0,0.0,0.6153846153846154,0.1666666666666666,0.2222222222222222,0.0,0.0,1.0,0.6666666666666666,0.2,1.0,0.25,0.3333333333333333,1.0,0.0361111111111111,10.0,0.375,10.566944444444445
0.1715,0.6666666666666666,0.5,1.0,0.3333333333333333,0.2777777777777777,1.0,1.0,1.0,0.3333333333333333,1.0,0.3333333333333333,0.25,0.6666666666666666,1.0,0.06388888888888888,10.0,0.375,10.628055555555557
0.1725,1.0,1.0,0.7692307692307693,0.6666666666666666,0.3888888888888889,0.5,0.6666666666666666,1.0,1.0,0.2,0.3333333333333333,0.0,0.0,1.0,0.11944444444444442,10.0,0.0,10.262777777777778
0.173,0.6666666666666666,1.0,0.6153846153846154,0.5,0.4999999999999999,1.0,0.3333333333333333,0.0,0.3333333333333333,0.2,0.3333333333333333,0.0833333333333333,1.0,0.0,0.1,10.0,0.12499999999999994,10.3825
0.1735,0.6666666666666666,0.5,0.2307692307692307,0.6666666666666666,0.2222222222222222,0.0,1.0,1.0,0.3333333333333333,0.4,0.3333333333333333,0.1666666666666666,0.6666666666666666,0.3333333333333333,0.1111111111111111,10.0,0.2499999999999999,10.569444444444443
0.174,0.6666666666666666,0.5,0.7692307692307693,0.6666666666666666,0.5555555555555556,0.5,0.6666666666666666,1.0,0.3333333333333333,0.8,0.3333333333333333,0.0,0.3333333333333333,0.3333333333333333,0.12777777777777777,10.0,0.0,10.28111111111111
0.1745,1.0,1.0,0.5384615384615385,0.8333333333333333,1.0,0.5,0.3333333333333333,0.0,1.0,0.4,0.6666666666666666,0.25,0.0,0.0,0.175,10.0,0.375,10.8725
0.175,0.3333333333333333,0.0,0.5384615384615385,0.1666666666666666,0.7222222222222221,0.5,0.3333333333333333,1.0,0.0,0.2,0.0,0.0833333333333333,0.3333333333333333,0.3333333333333333,0.0611111111111111,10.0,0.12499999999999994,10.296944444444444
0.1755,0.3333333333333333,1.0,1.0,0.5,0.0555555555555555,0.0,0.3333333333333333,0.5,0.0,0.0,1.0,0.0833333333333333,0.6666666666666666,0.3333333333333333,0.07777777777777777,10.0,0.12499999999999994,10.33361111111111
0.176,0.6666666666666666,0.5,0.3076923076923077,0.6666666666666666,0.8333333333333333,1.0,1.0,0.5,0.3333333333333333,1.0,0.6666666666666666,0.1666666666666666,0.6666666666666666,0.6666666666666666,0.14166666666666666,10.0,0.2499999999999999,10.636666666666667
0.1765,0.3333333333333333,1.0,0.1538461538461538,0.5,0.3888888888888889,0.5,0.6666666666666666,0.0,0.0,1.0,0.3333333333333333,0.0833333333333333,1.0,0.0,0.09444444444444444,10.0,0.12499999999999994,10.370277777777778
0.177,0.6666666666666666,1.0,0.7692307692307693,0.3333333333333333,0.1111111111111111,0.5,0.0,0.0,0.3333333333333333,1.0,0.6666666666666666,0.25,0.3333333333333333,0.3333333333333333,0.05555555555555555,10.0,0.375,10.609722222222222
0.178,0.6666666666666666,1.0,0.8461538461538463,0.6666666666666666,0.0555555555555555,1.0,1.0,0.0,0.3333333333333333,1.0,0.0,0.25,1.0,0.3333333333333333,0.10277777777777776,10.0,0.375,10.713611111111112
0.1785,0.6666666666666666,1.0,0.7692307692307693,0.6666666666666666,0.1111111111111111,0.0,0.0,0.5,0.3333333333333333,0.0,1.0,0.0,0.6666666666666666,0.0,0.10555555555555554,10.0,0.0,10.232222222222223
0.179,0.3333333333333333,1.0,0.6923076923076923,0.1666666666666666,0.3333333333333333,0.0,0.3333333333333333,1.0,0.0,1.0,0.6666666666666666,0.3333333333333333,0.3333333333333333,0.6666666666666666,0.04166666666666666,10.0,0.5,10.741666666666667
0.1795,0.6666666666666666,0.0,1.0,0.6666666666666666,0.9444444444444444,1.0,0.6666666666666666,1.0,0.3333333333333333,0.0,0.0,0.1666666666666666,0.3333333333333333,0.3333333333333333,0.1472222222222222,10.0,0.2499999999999999,10.648888888888887
0.18,0.6666666666666666,1.0,0.0,0.3333333333333333,0.2777777777777777,0.0,1.0,0.0,0.3333333333333333,0.4,0.6666666666666666,0.0,1.0,1.0,0.06388888888888888,10.0,0.0,10.140555555555556
0.1805,0.3333333333333333,1.0,0.1538461538461538,0.5,0.8888888888888888,0.0,0.6666666666666666,1.0,0.0,1.0,1.0,0.0833333333333333,0.6666666666666666,0.0,0.11944444444444444,10.0,0.12499999999999994,10.425277777777778
0.181,0.6666666666666666,0.5,1.0,0.3333333333333333,0.0,1.0,0.6666666666666666,0.5,0.3333333333333333,0.6000000000000001,0.0,0.25,0.6666666666666666,0.3333333333333333,0.049999999999999996,10.0,0.375,10.5975
0.1815,0.3333333333333333,0.0,0.6153846153846154,0.1666666666666666,0.4444444444444445,1.0,1.0,0.0,0.0,0.4,0.0,0.0833333333333333,0.0,0.3333333333333333,0.047222222222222214,10.0,0.12499999999999994,10.266388888888889
0.182,0.6666666666666666,0.5,0.9230769230769232,0.5,1.0,0.5,0.0,0.5,0.3333333333333333,0.4,0.0,0.0833333333333333,1.0,1.0,0.125,10.0,0.12499999999999994,10.4375
0.1825,0.3333333333333333,0.0,0.5384615384615385,0.3333333333333333,0.4444444444444445,0.0,0.3333333333333333,1.0,0.0,0.2,1.0,0.0833333333333333,0.0,0.6666666666666666,0.07222222222222222,10.0,0.12499999999999994,10.321388888888889
0.1835,0.6666666666666666,1.0,0.3076923076923077,0.3333333333333333,0.7222222222222221,0.0,0.6666666666666666,1.0,0.3333333333333333,1.0,0.3333333333333333,0.25,0.0,0.0,0.0861111111111111,10.0,0.375,10.676944444444445
0.184,1.0,1.0,0.8461538461538463,0.5,0.3888888888888889,0.5,0.6666666666666666,1.0,1.0,0.4,0.6666666666666666,0.0,1.0,0.0,0.09444444444444444,10.0,0.0,10.207777777777778
0.1845,0.3333333333333333,1.0,0.6923076923076923,0.5,0.4999999999999999,0.0,1.0,1.0,0.0,0.6000000000000001,1.0,0.25,1.0,1.0,0.1,10.0,0.375,10.707500000000001
0.185,0.3333333333333333,0.0,0.6923076923076923,0.1666666666666666,0.3333333333333333,1.0,0.3333333333333333,1.0,0.0,0.6000000000000001,0.6666666666666666,0.1666666666666666,0.3333333333333333,1.0,0.04166666666666666,10.0,0.2499999999999999,10.416666666666666
0.1855,0.6666666666666666,1.0,0.0769230769230769,0.3333333333333333,0.4999999999999999,0.0,0.6666666666666666,1.0,0.3333333333333333,0.2,0.3333333333333333,0.0,0.0,0.3333333333333333,0.07499999999999998,10.0,0.0,10.165
0.186,1.0,0.0,0.0769230769230769,0.6666666666666666,0.4444444444444445,0.5,0.6666666666666666,0.0,1.0,0.8,0.6666666666666666,0.0833333333333333,0.6666666666666666,1.0,0.12222222222222222,10.0,0.12499999999999994,10.431388888888888
0.1865,0.3333333333333333,0.5,0.7692307692307693,0.5,0.5555555555555556,1.0,1.0,0.0,0.0,1.0,0.0,0.3333333333333333,0.0,0.0,0.10277777777777777,10.0,0.5,10.876111111111111
0.187,0.3333333333333333,1.0,0.5384615384615385,0.1666666666666666,0.6666666666666665,0.0,0.6666666666666666,1.0,0.0,0.6000000000000001,0.0,0.1666666666666666,0.3333333333333333,0.0,0.05833333333333332,10.0,0.2499999999999999,10.453333333333333
0.1875,0.3333333333333333,1.0,0.0769230769230769,0.3333333333333333,0.9444444444444444,0.5,0.0,0.0,0.0,0.2,0.3333333333333333,0.0833333333333333,0.6666666666666666,0.3333333333333333,0.09722222222222221,10.0,0.12499999999999994,10.376388888888888
0.188,0.3333333333333333,0.5,0.5384615384615385,0.5,0.8333333333333333,1.0,1.0,1.0,0.0,0.2,1.0,0.3333333333333333,0.0,0.6666666666666666,0.11666666666666665,10.0,0.5,10.906666666666666
0.189,0.0,0.5,0.7692307692307693,0.1666666666666666,0.4444444444444445,0.5,0.6666666666666666,0.0,0.6666666666666666,0.8,0.6666666666666666,0.3333333333333333,0.6666666666666666,0.0,0.047222222222222214,10.0,0.5,10.75388888888889
0.1895,0.0,0.0,0.5384615384615385,0.0,0.1666666666666666,0.5,0.3333333333333333,0.5,0.6666666666666666,0.8,0.0,0.3333333333333333,1.0,0.6666666666666666,0.00833333333333333,10.0,0.5,10.668333333333333
0.19,0.3333333333333333,0.0,0.1538461538461538,0.5,0.1111111111111111,1.0,1.0,0.0,0.0,0.4,0.3333333333333333,0.0,0.0,0.0,0.08055555555555556,10.0,0.0,10.177222222222222
0.1905,0.6666666666666666,0.0,0.4615384615384615,0.3333333333333333,0.0555555555555555,0.5,0.3333333333333333,1.0,0.3333333333333333,1.0,0.6666666666666666,0.3333333333333333,0.3333333333333333,0.0,0.05277777777777777,10.0,0.5,10.766111111111112
0.191,0.3333333333333333,0.0,0.4615384615384615,0.3333333333333333,0.8333333333333333,0.0,0.6666666666666666,0.0,0.0,0.8,0.3333333333333333,0.0833333333333333,1.0,1.0,0.09166666666666666,10.0,0.12499999999999994,10.364166666666666
0.1915,0.3333333333333333,0.5,0.5384615384615385,0.5,0.2777777777777777,0.0,0.0,0.5,0.0,0.8,1.0,0.3333333333333333,0.6666666666666666,0.6666666666666666,0.08888888888888889,10.0,0.5,10.845555555555556
0.192,0.6666666666666666,0.5,0.8461538461538463,0.6666666666666666,0.4444444444444445,1.0,0.6666666666666666,0.0,0.3333333333333333,0.4,0.3333333333333333,0.3333333333333333,1.0,1.0,0.12222222222222222,10.0,0.5,10.918888888888889
0.1925,1.0,0.0,0.1538461538461538,0.8333333333333333,0.4999999999999999,0.5,0.3333333333333333,1.0,1.0,0.2,0.3333333333333333,0.1666666666666666,0.6666666666666666,0.3333333333333333,0.14999999999999997,10.0,0.2499999999999999,10.655
0.193,0.0,0.5,0.8461538461538463,0.0,0.4444444444444445,0.0,1.0,0.0,0.6666666666666666,0.8,0.6666666666666666,0.25,0.3333333333333333,1.0,0.022222222222222227,10.0,0.375,10.53638888888889
0.1935,0.6666666666666666,0.0,0.5384615384615385,0.5,0.3888888888888889,1.0,0.6666666666666666,0.0,0.3333333333333333,0.2,0.0,0.3333333333333333,0.3333333333333333,1.0,0.09444444444444444,10.0,0.5,10.857777777777779
0.1945,0.3333333333333333,1.0,0.7692307692307693,0.3333333333333333,0.3888888888888889,0.5,0.6666666666666666,0.0,0.0,0.6000000000000001,0.0,0.0,0.0,1.0,0.06944444444444445,10.0,0.0,10.152777777777779
0.195,1.0,0.0,0.6923076923076923,0.5,0.1111111111111111,0.0,0.6666666666666666,1.0,1.0,0.4,0.6666666666666666,0.25,1.0,1.0,0.08055555555555556,10.0,0.375,10.664722222222222
0.1955,0.6666666666666666,0.5,0.7692307692307693,0.6666666666666666,0.7777777777777777,1.0,0.3333333333333333,0.0,0.3333333333333333,0.8,0.6666666666666666,0.0833333333333333,0.3333333333333333,0.0,0.13888888888888887,10.0,0.12499999999999994,10.468055555555555
0.196,1.0,0.0,0.6923076923076923,1.0,0.6111111111111112,0.5,0.3333333333333333,1.0,1.0,0.0,0.0,0.1666666666666666,1.0,0.3333333333333333,0.18055555555555555,10.0,0.2499999999999999,10.722222222222221
0.1965,0.6666666666666666,0.0,0.1538461538461538,0.6666666666666666,0.4444444444444445,0.0,1.0,0.0,0.3333333333333333,0.0,0.6666666666666666,0.25,0.6666666666666666,0.6666666666666666,0.12222222222222222,10.0,0.375,10.756388888888889
0.197,0.3333333333333333,0.5,0.5384615384615385,0.5,0.2222222222222222,1.0,0.3333333333333333,1.0,0.0,0.8,0.6666666666666666,0.0833333333333333,0.6666666666666666,0.3333333333333333,0.08611111111111111,10.0,0.12499999999999994,10.351944444444444
0.1975,0.6666666666666666,0.0,0.6923076923076923,0.6666666666666666,0.2222222222222222,1.0,0.3333333333333333,0.5,0.3333333333333333,0.0,1.0,0.25,1.0,1.0,0.1111111111111111,10.0,0.375,10.731944444444444
0.198,0.3333333333333333,0.0,0.6923076923076923,0.1666666666666666,0.8333333333333333,0.0,1.0,0.0,0.0,1.0,0.6666666666666666,0.25,0.6666666666666666,0.6666666666666666,0.06666666666666665,10.0,0.375,10.634166666666667
0.1985,0.6666666666666666,1.0,0.5384615384615385,0.6666666666666666,0.4444444444444445,1.0,0.0,0.5,0.3333333333333333,0.2,0.0,0.0833333333333333,0.3333333333333333,1.0,0.12222222222222222,10.0,0.12499999999999994,10.431388888888888
0.199,0.3333333333333333,1.0,0.8461538461538463,0.1666666666666666,1.0,1.0,0.0,1.0,0.0,0.8,0.0,0.25,0.3333333333333333,1.0,0.075,10.0,0.375,10.6525
0.2,0.6666666666666666,0.5,0.3076923076923077,0.5,0.4444444444444445,1.0,0.6666666666666666,0.5,0.3333333333333333,0.6000000000000001,0.3333333333333333,0.0833333333333333,1.0,0.6666666666666666,0.09722222222222222,10.0,0.12499999999999994,10.376388888888888
0.2005,0.6666666666666666,1.0,0.4615384615384615,0.3333333333333333,0.0,0.5,1.0,1.0,0.3333333333333333,1.0,0.3333333333333333,0.0,0.0,0.6666666666666666,0.049999999999999996,10.0,0.0,10.11
0.201,0.6666666666666666,0.5,0.1538461538461538,0.3333333333333333,0.7777777777777777,0.5,1.0,0.0,0.3333333333333333,0.4,0.3333333333333333,0.0833333333333333,0.3333333333333333,0.6666666666666666,0.08888888888888889,10.0,0.12499999999999994,10.358055555555556
0.2015,0.3333333333333333,1.0,1.0,0.3333333333333333,1.0,1.0,0.3333333333333333,1.0,0.0,0.6000000000000001,0.0,0.25,1.0,1.0,0.1,10.0,0.375,10.707500000000001
0.202,0.6666666666666666,0.0,0.6923076923076923,0.3333333333333333,1.0,0.0,0.6666666666666666,1.0,0.3333333333333333,1.0,0.3333333333333333,0.1666666666666666,1.0,0.6666666666666666,0.1,10.0,0.2499999999999999,10.545
0.2025,0.0,1.0,0.4615384615384615,0.0,0.0,0.5,1.0,1.0,0.6666666666666666,1.0,0.3333333333333333,0.1666666666666666,0.3333333333333333,1.0,0.0,10.0,0.2499999999999999,10.325
0.203,0.3333333333333333,0.0,0.6153846153846154,0.5,0.7222222222222221,0.0,0.0,1.0,0.0,0.4,0.0,0.3333333333333333,0.6666666666666666,0.0,0.11111111111111112,10.0,0.5,10.894444444444446
0.2035,0.3333333333333333,0.5,0.8461538461538463,0.5,0.0,0.5,0.0,1.0,0.0,0.8,0.0,0.3333333333333333,0.0,1.0,0.075,10.0,0.5,10.815
0.204,0.0,0.5,0.0769230769230769,0.0,0.1111111111111111,0.5,1.0,0.0,0.6666666666666666,0.8,1.0,0.25,1.0,1.0,0.005555555555555556,10.0,0.375,10.499722222222223
0.2045,0.3333333333333333,0.0,0.3076923076923077,0.1666666666666666,0.3333333333333333,0.5,0.0,0.5,0.0,1.0,0.0,0.25,0.6666666666666666,0.3333333333333333,0.04166666666666666,10.0,0.375,10.579166666666667
0.2055,0.6666666666666666,0.0,0.7692307692307693,0.6666666666666666,0.2777777777777777,0.0,1.0,1.0,0.3333333333333333,0.8,0.6666666666666666,0.3333333333333333,0.0,0.6666666666666666,0.11388888888888887,10.0,0.5,10.900555555555556
0.206,0.3333333333333333,0.0,0.2307692307692307,0.3333333333333333,0.3333333333333333,0.0,1.0,0.0,0.0,1.0,0.0,0.0833333333333333,0.6666666666666666,1.0,0.06666666666666665,10.0,0.12499999999999994,10.309166666666666
0.2065,0.6666666666666666,0.0,0.1538461538461538,0.5,0.2222222222222222,0.0,0.0,0.0,0.3333333333333333,0.6000000000000001,0.6666666666666666,0.3333333333333333,0.3333333333333333,0.3333333333333333,0.08611111111111111,10.0,0.5,10.839444444444444
0.207,0.6666666666666666,1.0,0.2307692307692307,0.3333333333333333,0.7222222222222221,0.0,0.0,1.0,0.3333333333333333,0.4,0.0,0.3333333333333333,0.6666666666666666,0.0,0.0861111111111111,10.0,0.5,10.839444444444444
0.2075,0.6666666666666666,0.5,0.0,0.5,0.1666666666666666,0.0,0.6666666666666666,0.0,0.3333333333333333,0.4,0.0,0.25,0.6666666666666666,0.3333333333333333,0.08333333333333333,10.0,0.375,10.670833333333334
0.208,0.6666666666666666,0.5,0.5384615384615385,0.3333333333333333,0.0555555555555555,0.5,0.3333333333333333,0.0,0.3333333333333333,0.8,0.6666666666666666,0.3333333333333333,0.6666666666666666,0.3333333333333333,0.05277777777777777,10.0,0.5,10.766111111111112
0.2085,0.3333333333333333,1.0,0.6923076923076923,0.3333333333333333,0.6666666666666665,0.0,0.6666666666666666,0.5,0.0,0.4,1.0,0.0,0.3333333333333333,0.6666666666666666,0.08333333333333331,10.0,0.0,10.183333333333334
0.209,1.0,0.5,0.3846153846153846,0.5,0.1666666666666666,0.5,0.3333333333333333,0.5,1.0,0.2,1.0,0.0833333333333333,1.0,1.0,0.08333333333333333,10.0,0.12499999999999994,10.345833333333333
0.2095,0.6666666666666666,0.5,0.0769230769230769,0.6666666666666666,0.7777777777777777,1.0,0.0,1.0,0.3333333333333333,0.6000000000000001,0.0,0.0,0.3333333333333333,0.6666666666666666,0.13888888888888887,10.0,0.0,10.305555555555555
0.21,0.3333333333333333,1.0,0.3076923076923077,0.5,0.1666666666666666,1.0,0.3333333333333333,0.0,0.0,0.6000000000000001,1.0,0.3333333333333333,1.0,0.0,0.08333333333333333,10.0,0.5,10.833333333333334
0.211,0.6666666666666666,1.0,0.5384615384615385,0.5,0.2777777777777777,0.0,0.0,0.5,0.3333333333333333,1.0,0.0,0.0,0.0,1.0,0.08888888888888889,10.0,0.0,10.195555555555556
0.2115,0.6666666666666666,0.5,0.8461538461538463,0.5,0.8333333333333333,0.0,0.0,0.0,0.3333333333333333,1.0,1.0,0.1666666666666666,0.0,0.6666666666666666,0.11666666666666665,10.0,0.2499999999999999,10.581666666666665
0.212,0.3333333333333333,0.0,0.4615384615384615,0.1666666666666666,0.1666666666666666,0.5,1.0,0.5,0.0,1.0,0.3333333333333333,0.25,0.3333333333333333,0.3333333333333333,0.03333333333333332,10.0,0.375,10.560833333333335
0.2125,0.0,0.5,0.3076923076923077,0.1666666666666666,0.3333333333333333,1.0,0.0,0.5,0.6666666666666666,0.8,0.6666666666666666,0.25,1.0,0.6666666666666666,0.04166666666666666,10.0,0.375,10.579166666666667
0.213,0.0,0.0,0.6153846153846154,0.0,0.5555555555555556,0.0,0.6666666666666666,1.0,0.6666666666666666,1.0,1.0,0.0,1.0,0.0,0.02777777777777778,10.0,0.0,10.061111111111112
0.2135,0.6666666666666666,0.0,0.0,0.3333333333333333,0.6111111111111112,0.0,0.3333333333333333,0.0,0.3333333333333333,0.0,0.3333333333333333,0.0,0.3333333333333333,1.0,0.08055555555555555,10.0,0.0,10.177222222222222
0.214,0.6666666666666666,0.0,0.4615384615384615,0.5,0.4444444444444445,1.0,1.0,1.0,0.3333333333333333,0.0,1.0,0.1666666666666666,0.3333333333333333,0.3333333333333333,0.09722222222222222,10.0,0.2499999999999999,10.538888888888888
0.2145,1.0,0.5,0.0,0.5,0.0,1.0,1.0,1.0,1.0,0.0,1.0,0.25,1.0,1.0,0.075,10.0,0.375,10.6525
0.215,0.3333333333333333,0.5,0.9230769230769232,0.5,0.0,0.0,0.0,1.0,0.0,0.2,1.0,0.0833333333333333,0.3333333333333333,0.6666666666666666,0.075,10.0,0.12499999999999994,10.327499999999999
0.2155,0.6666666666666666,0.0,0.4615384615384615,0.3333333333333333,0.8333333333333333,1.0,1.0,0.0,0.3333333333333333,0.4,0.6666666666666666,0.3333333333333333,0.6666666666666666,1.0,0.09166666666666666,10.0,0.5,10.851666666666667
0.2165,0.6666666666666666,0.0,0.0,0.3333333333333333,0.6666666666666665,0.0,0.6666666666666666,1.0,0.3333333333333333,0.2,0.3333333333333333,0.0833333333333333,0.0,0.6666666666666666,0.08333333333333331,10.0,0.12499999999999994,10.345833333333333
0.217,0.3333333333333333,1.0,0.6153846153846154,0.1666666666666666,1.0,1.0,0.3333333333333333,0.5,0.0,0.6000000000000001,1.0,0.1666666666666666,0.0,0.0,0.075,10.0,0.2499999999999999,10.489999999999998
0.2175,1.0,0.5,0.3846153846153846,0.5,1.0,0.0,0.6666666666666666,0.5,1.0,0.2,0.3333333333333333,0.0,1.0,0.0,0.125,10.0,0.0,10.275
0.218,1.0,0.0,0.4615384615384615,0.8333333333333333,1.0,0.5,1.0,0.5,1.0,0.0,1.0,0.3333333333333333,0.6666666666666666,1.0,0.175,10.0,0.5,11.035
0.2185,0.6666666666666666,1.0,0.3846153846153846,0.5,0.9444444444444444,0.0,1.0,1.0,0.3333333333333333,0.8,0.0,0.1666666666666666,1.0,1.0,0.12222222222222223,10.0,0.2499999999999999,10.593888888888888
0.219,0.6666666666666666,1.0,1.0,0.6666666666666666,1.0,0.0,0.3333333333333333,0.0,0.3333333333333333,0.4,0.3333333333333333,0.3333333333333333,1.0,0.0,0.15,10.0,0.5,10.98
0.2195,0.6666666666666666,0.0,0.0,0.6666666666666666,0.0,0.0,1.0,1.0,0.3333333333333333,0.6000000000000001,0.6666666666666666,0.25,0.3333333333333333,0.6666666666666666,0.09999999999999999,10.0,0.375,10.707500000000001
0.22,0.3333333333333333,0.0,0.0769230769230769,0.1666666666666666,0.4999999999999999,1.0,1.0,1.0,0.0,1.0,0.6666666666666666,0.0833333333333333,0.3333333333333333,1.0,0.04999999999999999,10.0,0.12499999999999994,10.272499999999999
0.2205,0.3333333333333333,0.0,0.9230769230769232,0.3333333333333333,0.4999999999999999,0.5,0.6666666666666666,0.5,0.0,0.2,1.0,0.3333333333333333,0.6666666666666666,1.0,0.07499999999999998,10.0,0.5,10.815
0.221,0.3333333333333333,0.0,0.0,0.1666666666666666,0.7222222222222221,0.0,0.3333333333333333,0.5,0.0,0.2,1.0,0.0833333333333333,0.3333333333333333,1.0,0.0611111111111111,10.0,0.12499999999999994,10.296944444444444
0.2225,0.6666666666666666,0.0,0.3846153846153846,0.3333333333333333,0.1666666666666666,1.0,0.3333333333333333,0.0,0.3333333333333333,1.0,0.3333333333333333,0.0833333333333333,0.6666666666666666,0.0,0.05833333333333332,10.0,0.12499999999999994,10.290833333333333
0.223,1.0,0.0,1.0,0.8333333333333333,0.5555555555555556,0.5,1.0,0.0,1.0,0.6000000000000001,0.6666666666666666,0.0833333333333333,0.3333333333333333,1.0,0.15277777777777776,10.0,0.12499999999999994,10.49861111111111
0.2235,0.6666666666666666,0.5,0.1538461538461538,0.5,0.1111111111111111,0.0,0.6666666666666666,1.0,0.3333333333333333,0.4,1.0,0.1666666666666666,0.6666666666666666,0.6666666666666666,0.08055555555555556,10.0,0.2499999999999999,10.50222222222222
0.224,0.0,1.0,0.8461538461538463,0.0,0.6666666666666665,0.0,0.6666666666666666,1.0,0.6666666666666666,0.8,1.0,0.3333333333333333,1.0,1.0,0.033333333333333326,10.0,0.5,10.723333333333334
0.2245,0.3333333333333333,1.0,0.3846153846153846,0.5,0.3888888888888889,0.0,0.6666666666666666,0.0,0.0,0.2,0.0,0.3333333333333333,0.6666666666666666,0.3333333333333333,0.09444444444444444,10.0,0.5,10.857777777777779
0.225,0.6666666666666666,0.5,0.6923076923076923,0.3333333333333333,0.5555555555555556,0.5,1.0,0.5,0.3333333333333333,0.0,0.0,0.0833333333333333,0.0,0.3333333333333333,0.07777777777777777,10.0,0.12499999999999994,10.33361111111111
0.2255,0.3333333333333333,1.0,0.4615384615384615,0.5,0.5555555555555556,0.0,0.0,1.0,0.0,1.0,0.0,0.0,0.3333333333333333,1.0,0.10277777777777777,10.0,0.0,10.226111111111111
0.226,0.3333333333333333,1.0,0.3846153846153846,0.1666666666666666,0.3333333333333333,0.0,0.6666666666666666,0.5,0.0,0.8,1.0,0.0,0.0,0.0,0.04166666666666666,10.0,0.0,10.091666666666667
0.2265,0.6666666666666666,1.0,0.4615384615384615,0.3333333333333333,0.5555555555555556,1.0,0.6666666666666666,0.0,0.3333333333333333,0.4,0.0,0.0833333333333333,1.0,0.3333333333333333,0.07777777777777777,10.0,0.12499999999999994,10.33361111111111
0.227,0.6666666666666666,1.0,0.0,0.3333333333333333,0.1666666666666666,1.0,0.0,0.5,0.3333333333333333,0.6000000000000001,0.3333333333333333,0.0,0.6666666666666666,0.6666666666666666,0.05833333333333332,10.0,0.0,10.128333333333334
0.228,0.0,1.0,0.1538461538461538,0.1666666666666666,0.4444444444444445,0.0,0.0,1.0,0.6666666666666666,0.6000000000000001,0.6666666666666666,0.0,0.6666666666666666,0.0,0.047222222222222214,10.0,0.0,10.10388888888889
0.2285,0.6666666666666666,0.0,0.7692307692307693,0.5,0.6111111111111112,1.0,0.3333333333333333,0.5,0.3333333333333333,0.0,1.0,0.0,1.0,0.3333333333333333,0.10555555555555556,10.0,0.0,10.232222222222223
0.229,0.6666666666666666,0.0,0.0,0.6666666666666666,0.9444444444444444,0.0,0.3333333333333333,0.0,0.3333333333333333,0.2,1.0,0.0833333333333333,0.0,1.0,0.1472222222222222,10.0,0.12499999999999994,10.486388888888888
0.2295,0.3333333333333333,0.5,0.6923076923076923,0.5,0.8888888888888888,0.5,1.0,1.0,0.0,0.4,0.6666666666666666,0.1666666666666666,0.6666666666666666,1.0,0.11944444444444444,10.0,0.2499999999999999,10.587777777777777
0.23,0.3333333333333333,0.0,1.0,0.1666666666666666,0.3888888888888889,0.0,0.0,0.5,0.0,0.2,0.6666666666666666,0.0833333333333333,0.0,0.6666666666666666,0.044444444444444446,10.0,0.12499999999999994,10.260277777777777
0.2305,0.6666666666666666,0.0,0.3846153846153846,0.5,0.6111111111111112,1.0,0.6666666666666666,0.5,0.3333333333333333,0.8,0.0,0.25,0.0,0.6666666666666666,0.10555555555555556,10.0,0.375,10.719722222222224
0.231,0.6666666666666666,0.5,0.2307692307692307,0.3333333333333333,0.4444444444444445,0.5,0.0,1.0,0.3333333333333333,0.4,0.0,0.25,0.6666666666666666,0.6666666666666666,0.07222222222222222,10.0,0.375,10.64638888888889
0.2315,0.3333333333333333,0.0,0.5384615384615385,0.5,0.0,0.5,0.0,0.0,0.0,0.4,0.3333333333333333,0.0,0.0,0.3333333333333333,0.075,10.0,0.0,10.165
0.232,0.6666666666666666,1.0,0.0769230769230769,0.3333333333333333,0.1666666666666666,0.0,0.6666666666666666,0.0,0.3333333333333333,0.8,0.0,0.1666666666666666,0.3333333333333333,0.0,0.05833333333333332,10.0,0.2499999999999999,10.453333333333333
0.2325,0.3333333333333333,0.5,0.0769230769230769,0.5,0.4444444444444445,0.0,1.0,1.0,0.0,1.0,0.6666666666666666,0.0,0.6666666666666666,0.6666666666666666,0.09722222222222222,10.0,0.0,10.213888888888889
0.2335,0.0,0.0,0.4615384615384615,0.1666666666666666,0.5555555555555556,0.5,0.3333333333333333,0.0,0.6666666666666666,0.4,1.0,0.1666666666666666,1.0,0.0,0.05277777777777777,10.0,0.2499999999999999,10.44111111111111
0.234,0.6666666666666666,1.0,0.9230769230769232,0.5,0.2222222222222222,0.0,0.0,0.0,0.3333333333333333,1.0,0.3333333333333333,0.0,0.0,0.6666666666666666,0.08611111111111111,10.0,0.0,10.189444444444444
0.2345,0.3333333333333333,0.5,0.0,0.1666666666666666,0.3333333333333333,0.0,1.0,0.5,0.0,0.2,0.3333333333333333,0.0833333333333333,0.0,0.3333333333333333,0.04166666666666666,10.0,0.12499999999999994,10.254166666666666
0.235,0.3333333333333333,0.0,0.0,0.5,0.8333333333333333,0.0,0.6666666666666666,0.5,0.0,0.0,0.0,0.0833333333333333,0.3333333333333333,0.0,0.11666666666666665,10.0,0.12499999999999994,10.419166666666666
0.2355,0.6666666666666666,0.5,0.7692307692307693,0.3333333333333333,0.1111111111111111,0.0,0.0,0.5,0.3333333333333333,1.0,0.6666666666666666,0.3333333333333333,0.3333333333333333,0.6666666666666666,0.05555555555555555,10.0,0.5,10.772222222222222
0.236,0.3333333333333333,0.5,0.9230769230769232,0.1666666666666666,0.8333333333333333,0.0,1.0,1.0,0.0,0.6000000000000001,0.6666666666666666,0.0,0.0,0.3333333333333333,0.06666666666666665,10.0,0.0,10.146666666666667
0.2365,0.6666666666666666,0.5,0.3846153846153846,0.5,0.2777777777777777,0.0,1.0,0.5,0.3333333333333333,0.0,0.0,0.25,1.0,0.6666666666666666,0.08888888888888889,10.0,0.375,10.683055555555557
0.237,0.6666666666666666,0.5,0.9230769230769232,0.3333333333333333,0.2777777777777777,0.5,1.0,0.5,0.3333333333333333,0.6000000000000001,1.0,0.0,0.0,1.0,0.06388888888888888,10.0,0.0,10.140555555555556
0.2375,0.3333333333333333,0.0,0.5384615384615385,0.3333333333333333,0.7222222222222221,0.0,0.3333333333333333,0.5,0.0,0.8,0.6666666666666666,0.0,0.3333333333333333,0.0,0.0861111111111111,10.0,0.0,10.189444444444444
0.238,0.6666666666666666,1.0,0.4615384615384615,0.6666666666666666,0.3333333333333333,0.0,1.0,0.5,0.3333333333333333,0.2,0.3333333333333333,0.0,0.6666666666666666,1.0,0.11666666666666665,10.0,0.0,10.256666666666666
0.239,1.0,0.0,0.2307692307692307,1.0,0.3888888888888889,1.0,0.3333333333333333,0.0,1.0,0.4,0.6666666666666666,0.3333333333333333,0.0,0.6666666666666666,0.16944444444444445,10.0,0.5,11.022777777777778
0.2395,0.3333333333333333,1.0,0.5384615384615385,0.5,0.4444444444444445,1.0,0.6666666666666666,1.0,0.0,0.4,0.6666666666666666,0.1666666666666666,0.0,1.0,0.09722222222222222,10.0,0.2499999999999999,10.538888888888888
0.24,0.3333333333333333,0.0,0.6923076923076923,0.5,0.4999999999999999,0.5,0.6666666666666666,0.0,0.0,0.8,0.3333333333333333,0.25,0.0,0.3333333333333333,0.1,10.0,0.375,10.707500000000001
0.2405,0.0,1.0,0.2307692307692307,0.0,0.2777777777777777,0.0,0.3333333333333333,1.0,0.6666666666666666,0.6000000000000001,0.0,0.25,0.0,0.6666666666666666,0.013888888888888885,10.0,0.375,10.518055555555556
0.241,0.3333333333333333,0.5,0.6153846153846154,0.3333333333333333,0.5555555555555556,1.0,0.0,1.0,0.0,0.0,0.3333333333333333,0.0833333333333333,1.0,0.0,0.07777777777777777,10.0,0.12499999999999994,10.33361111111111
0.2415,0.0,0.5,0.8461538461538463,0.0,0.4444444444444445,0.0,0.3333333333333333,0.5,0.6666666666666666,0.0,1.0,0.1666666666666666,1.0,0.0,0.022222222222222227,10.0,0.2499999999999999,10.373888888888889
0.242,0.3333333333333333,0.5,0.6923076923076923,0.5,0.4999999999999999,0.5,0.6666666666666666,0.0,0.0,0.8,0.0,0.1666666666666666,1.0,1.0,0.1,10.0,0.2499999999999999,10.545
0.2425,1.0,0.5,0.0,1.0,0.2222222222222222,1.0,0.0,0.0,1.0,0.8,0.3333333333333333,0.1666666666666666,0.0,0.0,0.16111111111111112,10.0,0.2499999999999999,10.679444444444444
0.243,1.0,1.0,0.4615384615384615,0.6666666666666666,0.6666666666666665,0.5,1.0,0.5,1.0,0.8,0.3333333333333333,0.25,1.0,0.3333333333333333,0.1333333333333333,10.0,0.375,10.780833333333334
0.2435,1.0,1.0,0.3846153846153846,0.5,0.2777777777777777,0.0,1.0,1.0,1.0,0.0,1.0,0.0,0.0,0.3333333333333333,0.08888888888888889,10.0,0.0,10.195555555555556
0.2445,0.0,0.0,0.0,0.0,0.7222222222222221,1.0,0.6666666666666666,0.5,0.6666666666666666,0.2,0.0,0.25,1.0,0.3333333333333333,0.03611111111111111,10.0,0.375,10.566944444444445
0.245,0.3333333333333333,1.0,0.9230769230769232,0.1666666666666666,0.4999999999999999,0.5,0.0,1.0,0.0,1.0,1.0,0.0833333333333333,1.0,1.0,0.04999999999999999,10.0,0.12499999999999994,10.272499999999999
0.2455,0.3333333333333333,0.0,0.6153846153846154,0.5,0.4999999999999999,1.0,0.3333333333333333,1.0,0.0,0.2,0.0,0.0,1.0,1.0,0.1,10.0,0.0,10.22
0.246,0.3333333333333333,0.5,0.1538461538461538,0.1666666666666666,0.1111111111111111,1.0,0.6666666666666666,0.0,0.0,0.2,0.6666666666666666,0.0,0.6666666666666666,0.6666666666666666,0.03055555555555555,10.0,0.0,10.067222222222222
0.2465,1.0,0.5,0.3846153846153846,0.8333333333333333,0.8888888888888888,0.5,1.0,0.0,1.0,0.2,0.0,0.0,0.0,1.0,0.16944444444444443,10.0,0.0,10.372777777777777
0.247,0.0,0.0,0.0,0.1666666666666666,0.8888888888888888,0.0,0.0,0.5,0.6666666666666666,0.4,0.6666666666666666,0.3333333333333333,1.0,0.6666666666666666,0.06944444444444443,10.0,0.5,10.802777777777779
0.2475,0.6666666666666666,1.0,0.5384615384615385,0.3333333333333333,0.4444444444444445,1.0,0.3333333333333333,1.0,0.3333333333333333,0.6000000000000001,1.0,0.0833333333333333,0.6666666666666666,1.0,0.07222222222222222,10.0,0.12499999999999994,10.321388888888889
0.248,0.3333333333333333,1.0,0.9230769230769232,0.5,0.1666666666666666,1.0,0.0,0.0,0.0,0.0,1.0,0.0,1.0,0.6666666666666666,0.08333333333333333,10.0,0.0,10.183333333333334
0.2485,0.6666666666666666,0.0,0.3846153846153846,0.6666666666666666,0.5555555555555556,0.0,0.0,0.0,0.3333333333333333,0.6000000000000001,1.0,0.25,1.0,0.0,0.12777777777777777,10.0,0.375,10.768611111111111
0.249,0.6666666666666666,0.0,1.0,0.6666666666666666,0.4999999999999999,0.5,0.6666666666666666,0.5,0.3333333333333333,0.4,0.0,0.1666666666666666,0.0,1.0,0.12499999999999997,10.0,0.2499999999999999,10.6
0.25,0.6666666666666666,0.5,0.6153846153846154,0.5,0.1111111111111111,0.5,0.6666666666666666,1.0,0.3333333333333333,0.0,0.6666666666666666,0.0,0.6666666666666666,0.6666666666666666,0.08055555555555556,10.0,0.0,10.177222222222222
0.2505,0.6666666666666666,1.0,0.3076923076923077,0.3333333333333333,0.4999999999999999,0.5,0.3333333333333333,0.0,0.3333333333333333,0.0,0.3333333333333333,0.3333333333333333,1.0,0.6666666666666666,0.07499999999999998,10.0,0.5,10.815
0.251,0.3333333333333333,0.5,0.3076923076923077,0.1666666666666666,0.0,1.0,0.0,0.5,0.0,0.8,0.6666666666666666,0.0,0.3333333333333333,0.0,0.024999999999999994,10.0,0.0,10.055
0.2515,0.3333333333333333,0.5,0.5384615384615385,0.1666666666666666,0.4999999999999999,0.5,1.0,0.0,0.0,0.6000000000000001,1.0,0.25,0.0,0.6666666666666666,0.04999999999999999,10.0,0.375,10.5975
0.252,0.6666666666666666,0.0,0.7692307692307693,0.3333333333333333,0.6111111111111112,0.0,0.6666666666666666,1.0,0.3333333333333333,0.8,0.6666666666666666,0.1666666666666666,0.6666666666666666,0.6666666666666666,0.08055555555555555,10.0,0.2499999999999999,10.50222222222222
0.2525,0.6666666666666666,0.5,0.4615384615384615,0.3333333333333333,0.7777777777777777,0.5,0.3333333333333333,1.0,0.3333333333333333,0.6000000000000001,1.0,0.25,0.3333333333333333,0.0,0.08888888888888889,10.0,0.375,10.683055555555557
0.253,0.0,1.0,0.0769230769230769,0.1666666666666666,0.8333333333333333,1.0,0.6666666666666666,1.0,0.6666666666666666,0.8,0.0,0.0833333333333333,0.3333333333333333,0.3333333333333333,0.06666666666666665,10.0,0.12499999999999994,10.309166666666666
0.2535,0.6666666666666666,1.0,0.6923076923076923,0.5,0.6666666666666665,1.0,0.3333333333333333,1.0,0.3333333333333333,0.4,0.0,0.0833333333333333,0.3333333333333333,1.0,0.10833333333333332,10.0,0.12499999999999994,10.400833333333333
0.254,1.0,0.5,0.3846153846153846,0.5,0.1666666666666666,1.0,0.3333333333333333,0.5,1.0,0.4,0.3333333333333333,0.3333333333333333,0.3333333333333333,0.3333333333333333,0.08333333333333333,10.0,0.5,10.833333333333334
0.2545,0.3333333333333333,0.0,0.5384615384615385,0.5,0.7222222222222221,0.0,1.0,0.0,0.0,0.8,0.0,0.25,0.3333333333333333,0.6666666666666666,0.11111111111111112,10.0,0.375,10.731944444444446
0.2555,0.3333333333333333,0.5,0.0769230769230769,0.1666666666666666,0.2222222222222222,0.0,0.6666666666666666,0.0,0.0,0.0,1.0,0.1666666666666666,0.0,1.0,0.0361111111111111,10.0,0.2499999999999999,10.404444444444444
0.256,0.3333333333333333,0.5,0.7692307692307693,0.5,0.0,1.0,0.0,0.0,0.0,0.2,0.0,0.0833333333333333,0.0,1.0,0.075,10.0,0.12499999999999994,10.327499999999999
0.2565,0.3333333333333333,1.0,1.0,0.5,0.2222222222222222,1.0,0.6666666666666666,0.5,0.0,0.4,0.3333333333333333,0.0,0.3333333333333333,0.3333333333333333,0.08611111111111111,10.0,0.0,10.189444444444444
0.257,0.6666666666666666,0.5,0.2307692307692307,0.5,0.4999999999999999,0.0,0.3333333333333333,1.0,0.3333333333333333,0.0,0.6666666666666666,0.25,0.6666666666666666,0.3333333333333333,0.1,10.0,0.375,10.707500000000001
0.2575,0.0,0.0,0.0769230769230769,0.0,0.4999999999999999,1.0,0.6666666666666666,1.0,0.6666666666666666,0.0,0.3333333333333333,0.3333333333333333,0.0,0.0,0.024999999999999994,10.0,0.5,10.705
0.258,0.3333333333333333,0.0,0.0,0.5,1.0,0.0,1.0,0.5,0.0,1.0,0.0,0.3333333333333333,0.3333333333333333,0.6666666666666666,0.125,10.0,0.5,10.925
0.2585,0.6666666666666666,1.0,0.0769230769230769,0.6666666666666666,0.5555555555555556,1.0,0.6666666666666666,0.0,0.3333333333333333,1.0,0.3333333333333333,0.3333333333333333,0.6666666666666666,0.3333333333333333,0.12777777777777777,10.0,0.5,10.931111111111111
0.259,0.6666666666666666,0.0,0.6153846153846154,0.5,0.0,0.0,0.0,1.0,0.3333333333333333,1.0,0.6666666666666666,0.3333333333333333,0.0,1.0,0.075,10.0,0.5,10.815
0.2595,0.6666666666666666,0.5,0.7692307692307693,0.6666666666666666,1.0,0.5,0.3333333333333333,0.0,0.3333333333333333,0.4,1.0,0.1666666666666666,0.0,0.6666666666666666,0.15,10.0,0.2499999999999999,10.655
0.26,0.3333333333333333,0.0,0.6153846153846154,0.3333333333333333,0.8888888888888888,0.0,0.0,1.0,0.0,0.4,0.3333333333333333,0.0,0.3333333333333333,1.0,0.09444444444444443,10.0,0.0,10.207777777777778
0.261,0.3333333333333333,0.5,0.6153846153846154,0.1666666666666666,0.2222222222222222,1.0,1.0,1.0,0.0,0.6000000000000001,1.0,0.25,0.3333333333333333,1.0,0.0361111111111111,10.0,0.375,10.566944444444445
0.2615,0.6666666666666666,0.0,0.6923076923076923,0.6666666666666666,0.1111111111111111,0.0,0.0,0.5,0.3333333333333333,0.6000000000000001,0.6666666666666666,0.25,0.6666666666666666,0.6666666666666666,0.10555555555555554,10.0,0.375,10.719722222222224
0.262,0.3333333333333333,0.0,0.3076923076923077,0.1666666666666666,1.0,0.5,0.6666666666666666,1.0,0.0,0.0,0.0,0.3333333333333333,0.0,0.0,0.075,10.0,0.5,10.815
0.2625,0.6666666666666666,1.0,0.5384615384615385,0.3333333333333333,0.8888888888888888,1.0,0.6666666666666666,0.0,0.3333333333333333,0.2,0.6666666666666666,0.1666666666666666,0.3333333333333333,0.6666666666666666,0.09444444444444443,10.0,0.2499999999999999,10.532777777777778
0.263,0.3333333333333333,0.0,0.0,0.5,0.3333333333333333,0.5,1.0,0.0,0.0,1.0,0.6666666666666666,0.25,1.0,0.0,0.09166666666666666,10.0,0.375,10.689166666666667
0.2635,0.3333333333333333,0.5,0.4615384615384615,0.1666666666666666,0.5555555555555556,0.5,0.6666666666666666,0.0,0.0,0.4,0.3333333333333333,0.1666666666666666,0.0,0.6666666666666666,0.05277777777777777,10.0,0.2499999999999999,10.44111111111111
0.264,0.3333333333333333,1.0,0.1538461538461538,0.5,0.1111111111111111,0.5,0.3333333333333333,0.0,0.0,0.4,0.3333333333333333,0.3333333333333333,0.3333333333333333,1.0,0.08055555555555556,10.0,0.5,10.827222222222222
0.2645,1.0,0.0,0.1538461538461538,0.5,0.8888888888888888,0.5,0.0,1.0,1.0,0.4,1.0,0.25,0.6666666666666666,0.0,0.11944444444444444,10.0,0.375,10.750277777777779
0.265,1.0,1.0,0.7692307692307693,0.5,0.6111111111111112,0.0,0.0,0.0,1.0,0.2,0.0,0.25,0.3333333333333333,0.6666666666666666,0.10555555555555556,10.0,0.375,10.719722222222224
0.2655,0.6666666666666666,0.0,0.6153846153846154,0.6666666666666666,0.2222222222222222,1.0,0.6666666666666666,1.0,0.3333333333333333,0.6000000000000001,0.0,0.3333333333333333,1.0,0.6666666666666666,0.1111111111111111,10.0,0.5,10.894444444444444
0.2665,1.0,0.0,0.6153846153846154,0.8333333333333333,0.0,0.5,0.6666666666666666,0.5,1.0,0.6000000000000001,0.3333333333333333,0.0833333333333333,1.0,0.0,0.12499999999999999,10.0,0.12499999999999994,10.4375
0.267,0.0,0.5,0.6153846153846154,0.0,0.7777777777777777,0.0,0.0,1.0,0.6666666666666666,0.4,1.0,0.0833333333333333,1.0,0.0,0.03888888888888888,10.0,0.12499999999999994,10.248055555555554
0.2675,0.3333333333333333,0.0,1.0,0.1666666666666666,0.3333333333333333,0.0,0.6666666666666666,1.0,0.0,0.4,0.6666666666666666,0.3333333333333333,0.6666666666666666,1.0,0.04166666666666666,10.0,0.5,10.741666666666667
0.268,0.3333333333333333,0.0,0.7692307692307693,0.3333333333333333,1.0,0.0,0.0,0.5,0.0,0.8,0.0,0.3333333333333333,1.0,0.6666666666666666,0.1,10.0,0.5,10.870000000000001
0.2685,0.6666666666666666,1.0,0.9230769230769232,0.5,0.6111111111111112,1.0,0.6666666666666666,0.5,0.3333333333333333,0.8,1.0,0.25,0.0,0.0,0.10555555555555556,10.0,0.375,10.719722222222224
0.269,0.3333333333333333,0.5,0.2307692307692307,0.5,0.9444444444444444,0.0,0.0,1.0,0.0,1.0,0.3333333333333333,0.25,0.6666666666666666,0.6666666666666666,0.12222222222222223,10.0,0.375,10.756388888888889
0.2695,1.0,0.0,0.6923076923076923,0.6666666666666666,0.7777777777777777,0.0,0.6666666666666666,0.5,1.0,0.2,1.0,0.0,0.6666666666666666,0.0,0.13888888888888887,10.0,0.0,10.305555555555555
0.27,1.0,0.5,0.7692307692307693,0.5,0.7777777777777777,1.0,0.3333333333333333,0.0,1.0,0.4,0.0,0.0,1.0,1.0,0.11388888888888889,10.0,0.0,10.250555555555556
0.2705,0.3333333333333333,0.5,0.3846153846153846,0.5,0.6111111111111112,0.0,0.6666666666666666,0.5,0.0,0.8,0.6666666666666666,0.25,1.0,1.0,0.10555555555555556,10.0,0.375,10.719722222222224
0.271,0.6666666666666666,1.0,0.6923076923076923,0.3333333333333333,0.6666666666666665,0.0,0.0,1.0,0.3333333333333333,0.8,1.0,0.0833333333333333,1.0,1.0,0.08333333333333331,10.0,0.12499999999999994,10.345833333333333
0.272,0.3333333333333333,0.0,0.8461538461538463,0.5,0.2777777777777777,1.0,0.0,1.0,0.0,0.8,0.3333333333333333,0.0833333333333333,1.0,0.0,0.08888888888888889,10.0,0.12499999999999994,10.358055555555556
0.2725,0.6666666666666666,0.5,0.3846153846153846,0.6666666666666666,0.5555555555555556,0.5,0.6666666666666666,1.0,0.3333333333333333,0.8,0.3333333333333333,0.1666666666666666,0.0,0.6666666666666666,0.12777777777777777,10.0,0.2499999999999999,10.60611111111111
0.273,0.3333333333333333,1.0,0.8461538461538463,0.1666666666666666,0.8888888888888888,1.0,1.0,1.0,0.0,0.6000000000000001,0.0,0.1666666666666666,1.0,0.0,0.06944444444444443,10.0,0.2499999999999999,10.477777777777778
0.2735,0.3333333333333333,1.0,0.0769230769230769,0.1666666666666666,0.1666666666666666,1.0,0.0,0.5,0.0,0.0,1.0,0.0,1.0,0.0,0.03333333333333332,10.0,0.0,10.073333333333334
0.274,0.6666666666666666,0.0,0.1538461538461538,0.6666666666666666,0.5555555555555556,1.0,0.0,0.5,0.3333333333333333,1.0,1.0,0.25,0.0,1.0,0.12777777777777777,10.0,0.375,10.768611111111111
0.2745,1.0,0.5,0.9230769230769232,0.5,0.2777777777777777,0.0,0.6666666666666666,0.5,1.0,0.4,0.6666666666666666,0.1666666666666666,0.0,1.0,0.08888888888888889,10.0,0.2499999999999999,10.520555555555555
0.275,0.3333333333333333,0.0,0.6923076923076923,0.5,0.9444444444444444,0.5,0.0,0.5,0.0,0.8,0.6666666666666666,0.25,1.0,0.3333333333333333,0.12222222222222223,10.0,0.375,10.756388888888889
0.2755,0.6666666666666666,0.5,0.0,0.5,0.3888888888888889,0.0,0.0,0.5,0.3333333333333333,0.4,0.3333333333333333,0.3333333333333333,1.0,0.6666666666666666,0.09444444444444444,10.0,0.5,10.857777777777779
0.276,0.6666666666666666,1.0,0.7692307692307693,0.6666666666666666,0.2222222222222222,0.0,0.6666666666666666,0.0,0.3333333333333333,0.6000000000000001,1.0,0.0833333333333333,0.0,0.0,0.1111111111111111,10.0,0.12499999999999994,10.406944444444443
0.2765,1.0,0.0,0.6923076923076923,0.6666666666666666,0.2222222222222222,0.0,0.0,1.0,1.0,0.4,0.3333333333333333,0.3333333333333333,1.0,0.3333333333333333,0.1111111111111111,10.0,0.5,10.894444444444444
0.278,0.6666666666666666,0.0,0.2307692307692307,0.6666666666666666,0.9444444444444444,1.0,0.6666666666666666,0.5,0.3333333333333333,0.0,0.0,0.0833333333333333,1.0,0.3333333333333333,0.1472222222222222,10.0,0.12499999999999994,10.486388888888888
0.2785,0.0,0.5,0.4615384615384615,0.1666666666666666,0.0,0.0,0.6666666666666666,0.0,0.6666666666666666,1.0,0.0,0.3333333333333333,0.6666666666666666,0.0,0.024999999999999994,10.0,0.5,10.705
0.279,0.6666666666666666,0.5,0.0769230769230769,0.5,0.3333333333333333,0.5,0.6666666666666666,0.5,0.3333333333333333,0.4,1.0,0.3333333333333333,0.0,0.0,0.09166666666666666,10.0,0.5,10.851666666666667
0.2795,0.3333333333333333,0.5,0.6153846153846154,0.5,0.1666666666666666,0.5,0.0,1.0,0.0,0.2,0.6666666666666666,0.0833333333333333,1.0,1.0,0.08333333333333333,10.0,0.12499999999999994,10.345833333333333
0.28,0.6666666666666666,0.5,1.0,0.5,0.6111111111111112,0.0,0.6666666666666666,1.0,0.3333333333333333,1.0,0.3333333333333333,0.0833333333333333,0.6666666666666666,0.3333333333333333,0.10555555555555556,10.0,0.12499999999999994,10.394722222222223
0.2805,1.0,0.5,0.1538461538461538,0.5,0.8888888888888888,1.0,0.3333333333333333,1.0,1.0,0.0,0.6666666666666666,0.0,1.0,1.0,0.11944444444444444,10.0,0.0,10.262777777777778
0.281,0.6666666666666666,0.5,0.6923076923076923,0.5,1.0,0.0,0.6666666666666666,1.0,0.3333333333333333,1.0,1.0,0.1666666666666666,1.0,0.3333333333333333,0.125,10.0,0.2499999999999999,10.6
0.2815,0.6666666666666666,1.0,0.6923076923076923,0.3333333333333333,0.0555555555555555,0.0,1.0,1.0,0.3333333333333333,1.0,1.0,0.0,1.0,0.6666666666666666,0.05277777777777777,10.0,0.0,10.116111111111111
0.282,1.0,1.0,0.4615384615384615,0.6666666666666666,0.2777777777777777,0.5,1.0,1.0,1.0,1.0,0.0,0.0,0.0,0.6666666666666666,0.11388888888888887,10.0,0.0,10.250555555555556
0.2825,0.0,0.5,0.9230769230769232,0.1666666666666666,0.3333333333333333,1.0,0.3333333333333333,1.0,0.6666666666666666,0.0,0.6666666666666666,0.3333333333333333,0.6666666666666666,0.3333333333333333,0.04166666666666666,10.0,0.5,10.741666666666667
0.2835,1.0,0.5,0.7692307692307693,0.6666666666666666,0.7777777777777777,0.0,0.6666666666666666,0.0,1.0,0.0,1.0,0.0,0.6666666666666666,0.3333333333333333,0.13888888888888887,10.0,0.0,10.305555555555555
0.284,0.3333333333333333,1.0,1.0,0.5,0.8333333333333333,0.5,1.0,0.0,0.0,0.4,0.0,0.0,1.0,0.3333333333333333,0.11666666666666665,10.0,0.0,10.256666666666666
0.2845,0.6666666666666666,1.0,0.3846153846153846,0.5,1.0,0.0,0.3333333333333333,0.5,0.3333333333333333,0.4,1.0,0.0833333333333333,0.6666666666666666,0.6666666666666666,0.125,10.0,0.12499999999999994,10.4375
0.285,1.0,0.5,0.3076923076923077,0.8333333333333333,0.1666666666666666,0.0,0.3333333333333333,0.5,1.0,0.8,0.0,0.3333333333333333,0.6666666666666666,0.6666666666666666,0.1333333333333333,10.0,0.5,10.943333333333333
0.2855,1.0,0.0,0.2307692307692307,1.0,0.4444444444444445,0.0,0.0,0.5,1.0,0.0,0.6666666666666666,0.3333333333333333,0.6666666666666666,0.6666666666666666,0.17222222222222222,10.0,0.5,11.02888888888889
0.286,0.6666666666666666,0.5,0.3846153846153846,0.3333333333333333,0.8333333333333333,0.5,0.0,0.0,0.3333333333333333,0.2,0.6666666666666666,0.1666666666666666,0.3333333333333333,1.0,0.09166666666666666,10.0,0.2499999999999999,10.526666666666666
0.2865,1.0,1.0,0.3076923076923077,0.5,0.3888888888888889,0.5,0.6666666666666666,1.0,1.0,0.2,0.3333333333333333,0.25,0.3333333333333333,0.6666666666666666,0.09444444444444444,10.0,0.375,10.695277777777779
0.287,0.6666666666666666,0.0,1.0,0.6666666666666666,0.7222222222222221,0.5,0.0,0.5,0.3333333333333333,0.8,0.0,0.25,1.0,0.6666666666666666,0.1361111111111111,10.0,0.375,10.786944444444446
0.2875,0.6666666666666666,0.5,0.2307692307692307,0.3333333333333333,0.2222222222222222,0.5,0.6666666666666666,0.0,0.3333333333333333,0.2,1.0,0.0,0.0,0.0,0.0611111111111111,10.0,0.0,10.134444444444444
0.288,0.6666666666666666,1.0,0.6153846153846154,0.5,0.4999999999999999,0.0,0.3333333333333333,0.5,0.3333333333333333,1.0,0.3333333333333333,0.3333333333333333,0.0,0.3333333333333333,0.1,10.0,0.5,10.870000000000001
0.289,0.3333333333333333,0.0,0.6923076923076923,0.5,0.0,1.0,1.0,0.0,0.0,0.2,0.0,0.25,0.3333333333333333,1.0,0.075,10.0,0.375,10.6525
0.2895,0.6666666666666666,1.0,0.8461538461538463,0.3333333333333333,0.3888888888888889,1.0,0.0,0.5,0.3333333333333333,0.4,0.0,0.1666666666666666,1.0,1.0,0.06944444444444445,10.0,0.2499999999999999,10.477777777777778
0.29,0.3333333333333333,1.0,0.7692307692307693,0.1666666666666666,0.6111111111111112,0.0,1.0,0.0,0.0,0.2,0.0,0.3333333333333333,1.0,0.6666666666666666,0.05555555555555555,10.0,0.5,10.772222222222222
0.2905,0.6666666666666666,0.5,1.0,0.3333333333333333,0.0555555555555555,1.0,1.0,0.0,0.3333333333333333,0.2,0.3333333333333333,0.0,0.0,0.3333333333333333,0.05277777777777777,10.0,0.0,10.116111111111111
0.291,0.3333333333333333,0.5,0.9230769230769232,0.1666666666666666,0.7777777777777777,1.0,0.3333333333333333,0.5,0.0,1.0,1.0,0.3333333333333333,0.3333333333333333,0.6666666666666666,0.06388888888888888,10.0,0.5,10.790555555555557
0.2915,0.6666666666666666,0.5,0.4615384615384615,0.5,0.5555555555555556,1.0,1.0,0.5,0.3333333333333333,0.6000000000000001,0.3333333333333333,0.0833333333333333,0.0,0.0,0.10277777777777777,10.0,0.12499999999999994,10.38861111111111
0.292,0.3333333333333333,0.0,0.7692307692307693,0.3333333333333333,0.0555555555555555,1.0,0.6666666666666666,0.5,0.0,1.0,0.0,0.0833333333333333,0.0,0.6666666666666666,0.05277777777777777,10.0,0.12499999999999994,10.278611111111111
0.2925,1.0,0.5,1.0,0.6666666666666666,0.9444444444444444,0.5,0.0,0.5,1.0,0.6000000000000001,0.0,0.1666666666666666,0.0,0.3333333333333333,0.1472222222222222,10.0,0.2499999999999999,10.648888888888887
0.293,1.0,1.0,0.9230769230769232,0.6666666666666666,0.4444444444444445,0.5,1.0,1.0,1.0,0.8,1.0,0.25,0.0,0.3333333333333333,0.12222222222222222,10.0,0.375,10.756388888888889
0.2935,0.3333333333333333,1.0,0.7692307692307693,0.5,1.0,1.0,0.3333333333333333,0.0,0.0,0.8,0.0,0.3333333333333333,0.3333333333333333,0.6666666666666666,0.125,10.0,0.5,10.925
0.2945,0.6666666666666666,0.5,0.7692307692307693,0.3333333333333333,0.8333333333333333,0.0,0.0,0.0,0.3333333333333333,1.0,0.3333333333333333,0.1666666666666666,0.3333333333333333,0.3333333333333333,0.09166666666666666,10.0,0.2499999999999999,10.526666666666666
0.295,0.0,0.5,0.6153846153846154,0.0,0.7222222222222221,1.0,0.3333333333333333,1.0,0.6666666666666666,0.2,0.3333333333333333,0.1666666666666666,1.0,0.0,0.03611111111111111,10.0,0.2499999999999999,10.404444444444444
0.2955,0.3333333333333333,0.0,0.4615384615384615,0.1666666666666666,0.0,0.5,1.0,0.5,0.0,0.8,0.6666666666666666,0.1666666666666666,0.3333333333333333,0.3333333333333333,0.024999999999999994,10.0,0.2499999999999999,10.379999999999999
0.296,0.0,0.0,0.0769230769230769,0.0,0.8333333333333333,0.5,1.0,0.0,0.6666666666666666,0.4,1.0,0.3333333333333333,0.0,1.0,0.041666666666666664,10.0,0.5,10.741666666666667
0.2965,0.6666666666666666,0.0,0.4615384615384615,0.6666666666666666,0.8888888888888888,0.0,0.0,1.0,0.3333333333333333,0.2,0.3333333333333333,0.0833333333333333,1.0,1.0,0.14444444444444443,10.0,0.12499999999999994,10.480277777777777
0.297,0.3333333333333333,1.0,0.0,0.5,0.8333333333333333,0.0,0.3333333333333333,0.5,0.0,0.6000000000000001,0.6666666666666666,0.3333333333333333,1.0,0.3333333333333333,0.11666666666666665,10.0,0.5,10.906666666666666
0.2975,0.3333333333333333,1.0,0.6153846153846154,0.1666666666666666,1.0,1.0,0.0,1.0,0.0,1.0,0.6666666666666666,0.3333333333333333,0.3333333333333333,0.6666666666666666,0.075,10.0,0.5,10.815
0.298,1.0,0.0,0.4615384615384615,0.6666666666666666,0.6666666666666665,0.0,0.0,0.5,1.0,0.4,0.0,0.1666666666666666,0.6666666666666666,0.3333333333333333,0.1333333333333333,10.0,0.2499999999999999,10.618333333333332
0.2985,0.3333333333333333,1.0,0.4615384615384615,0.1666666666666666,1.0,0.0,0.6666666666666666,0.5,0.0,0.8,0.6666666666666666,0.0833333333333333,0.6666666666666666,0.6666666666666666,0.075,10.0,0.12499999999999994,10.327499999999999
0.299,0.3333333333333333,1.0,0.5384615384615385,0.3333333333333333,1.0,1.0,0.6666666666666666,0.0,0.0,0.8,1.0,0.25,1.0,1.0,0.1,10.0,0.375,10.707500000000001
0.3,0.6666666666666666,0.0,0.5384615384615385,0.3333333333333333,0.3888888888888889,0.0,1.0,0.0,0.3333333333333333,1.0,0.3333333333333333,0.1666666666666666,0.6666666666666666,0.6666666666666666,0.06944444444444445,10.0,0.2499999999999999,10.477777777777778
0.3005,0.3333333333333333,0.5,1.0,0.3333333333333333,1.0,0.5,0.3333333333333333,0.5,0.0,0.8,1.0,0.0833333333333333,0.3333333333333333,0.6666666666666666,0.1,10.0,0.12499999999999994,10.3825
0.301,0.3333333333333333,0.5,0.6153846153846154,0.5,0.0555555555555555,0.0,0.3333333333333333,1.0,0.0,1.0,0.3333333333333333,0.25,1.0,0.0,0.07777777777777777,10.0,0.375,10.658611111111112
0.3015,0.3333333333333333,1.0,0.9230769230769232,0.1666666666666666,0.7777777777777777,1.0,0.3333333333333333,1.0,0.0,0.2,0.3333333333333333,0.0,0.6666666666666666,1.0,0.06388888888888888,10.0,0.0,10.140555555555556
0.302,0.0,1.0,0.4615384615384615,0.1666666666666666,0.2222222222222222,0.0,0.3333333333333333,1.0,0.6666666666666666,0.8,0.6666666666666666,0.3333333333333333,0.6666666666666666,0.0,0.0361111111111111,10.0,0.5,10.729444444444445
0.3025,1.0,0.0,0.5384615384615385,1.0,0.9444444444444444,0.5,0.6666666666666666,0.5,1.0,0.4,0.3333333333333333,0.0833333333333333,0.3333333333333333,1.0,0.19722222222222222,10.0,0.12499999999999994,10.596388888888889
0.303,1.0,1.0,0.6153846153846154,0.8333333333333333,0.8888888888888888,0.0,0.3333333333333333,0.5,1.0,0.4,1.0,0.1666666666666666,0.0,0.3333333333333333,0.16944444444444443,10.0,0.2499999999999999,10.697777777777777
0.3035,0.3333333333333333,0.0,0.3076923076923077,0.5,0.7222222222222221,0.0,1.0,0.0,0.0,0.8,1.0,0.0,0.3333333333333333,0.6666666666666666,0.11111111111111112,10.0,0.0,10.244444444444445
0.304,1.0,0.0,0.9230769230769232,0.6666666666666666,0.9444444444444444,0.5,1.0,0.5,1.0,0.6000000000000001,0.0,0.0,0.0,0.6666666666666666,0.1472222222222222,10.0,0.0,10.323888888888888
0.3045,0.6666666666666666,0.5,0.9230769230769232,0.5,0.8888888888888888,0.0,1.0,1.0,0.3333333333333333,1.0,1.0,0.1666666666666666,0.3333333333333333,0.0,0.11944444444444444,10.0,0.2499999999999999,10.587777777777777
0.3055,0.3333333333333333,0.0,0.0,0.3333333333333333,0.6111111111111112,0.5,0.6666666666666666,0.5,0.0,0.2,1.0,0.0833333333333333,0.0,0.6666666666666666,0.08055555555555555,10.0,0.12499999999999994,10.339722222222221
0.306,0.6666666666666666,1.0,1.0,0.3333333333333333,0.2222222222222222,0.0,0.3333333333333333,0.5,0.3333333333333333,1.0,1.0,0.1666666666666666,0.6666666666666666,0.3333333333333333,0.0611111111111111,10.0,0.2499999999999999,10.459444444444443
0.3065,0.6666666666666666,1.0,0.6153846153846154,0.3333333333333333,0.7777777777777777,1.0,0.6666666666666666,0.5,0.3333333333333333,1.0,1.0,0.1666666666666666,0.0,0.3333333333333333,0.08888888888888889,10.0,0.2499999999999999,10.520555555555555
0.307,0.3333333333333333,1.0,0.8461538461538463,0.3333333333333333,0.1111111111111111,1.0,0.3333333333333333,0.0,0.0,0.2,0.3333333333333333,0.0833333333333333,0.3333333333333333,1.0,0.05555555555555555,10.0,0.12499999999999994,10.284722222222221
0.3075,0.3333333333333333,1.0,0.7692307692307693,0.1666666666666666,0.1111111111111111,0.0,0.0,0.0,0.0,0.4,0.3333333333333333,0.25,0.6666666666666666,1.0,0.03055555555555555,10.0,0.375,10.554722222222223
0.308,1.0,0.5,0.3076923076923077,0.6666666666666666,0.5555555555555556,0.0,0.3333333333333333,1.0,1.0,0.4,1.0,0.1666666666666666,0.0,0.6666666666666666,0.12777777777777777,10.0,0.2499999999999999,10.60611111111111
0.3085,1.0,0.0,0.4615384615384615,0.6666666666666666,0.4999999999999999,1.0,0.3333333333333333,0.5,1.0,0.0,0.3333333333333333,0.25,0.6666666666666666,0.6666666666666666,0.12499999999999997,10.0,0.375,10.762500000000001
0.309,0.6666666666666666,1.0,0.2307692307692307,0.5,0.9444444444444444,0.0,0.0,1.0,0.3333333333333333,0.6000000000000001,0.3333333333333333,0.1666666666666666,0.3333333333333333,0.3333333333333333,0.12222222222222223,10.0,0.2499999999999999,10.593888888888888
0.3095,0.3333333333333333,0.5,1.0,0.1666666666666666,0.9444444444444444,0.0,0.6666666666666666,0.5,0.0,0.6000000000000001,0.6666666666666666,0.1666666666666666,1.0,0.0,0.07222222222222222,10.0,0.2499999999999999,10.483888888888888
0.31,1.0,0.0,0.5384615384615385,0.8333333333333333,0.6666666666666665,0.0,0.6666666666666666,1.0,1.0,0.6000000000000001,0.0,0.1666666666666666,1.0,0.3333333333333333,0.15833333333333333,10.0,0.2499999999999999,10.673333333333332
0.311,0.3333333333333333,1.0,0.3076923076923077,0.3333333333333333,0.8888888888888888,0.5,0.0,0.5,0.0,1.0,0.6666666666666666,0.1666666666666666,0.0,0.3333333333333333,0.09444444444444443,10.0,0.2499999999999999,10.532777777777778
0.3115,1.0,0.5,0.9230769230769232,1.0,0.2777777777777777,0.5,1.0,0.0,1.0,0.0,1.0,0.3333333333333333,0.6666666666666666,0.3333333333333333,0.1638888888888889,10.0,0.5,11.010555555555555
0.312,0.0,1.0,0.8461538461538463,0.1666666666666666,0.9444444444444444,0.0,0.3333333333333333,1.0,0.6666666666666666,0.4,1.0,0.25,0.6666666666666666,1.0,0.07222222222222222,10.0,0.375,10.64638888888889
0.3125,0.6666666666666666,1.0,0.7692307692307693,0.6666666666666666,0.1666666666666666,0.0,1.0,0.5,0.3333333333333333,0.8,1.0,0.0833333333333333,0.0,0.3333333333333333,0.10833333333333331,10.0,0.12499999999999994,10.400833333333333
0.313,0.6666666666666666,0.5,0.3076923076923077,0.6666666666666666,0.2777777777777777,1.0,1.0,1.0,0.3333333333333333,0.4,0.6666666666666666,0.0833333333333333,0.3333333333333333,0.6666666666666666,0.11388888888888887,10.0,0.12499999999999994,10.413055555555555
0.3135,1.0,0.0,0.3076923076923077,0.6666666666666666,0.3888888888888889,0.0,0.6666666666666666,0.5,1.0,0.4,0.0,0.1666666666666666,0.3333333333333333,0.6666666666666666,0.11944444444444442,10.0,0.2499999999999999,10.587777777777777
0.314,0.3333333333333333,0.0,0.8461538461538463,0.3333333333333333,0.4999999999999999,0.5,0.3333333333333333,0.5,0.0,0.0,0.6666666666666666,0.1666666666666666,1.0,0.6666666666666666,0.07499999999999998,10.0,0.2499999999999999,10.489999999999998
0.3145,0.3333333333333333,1.0,0.1538461538461538,0.5,0.1111111111111111,1.0,0.3333333333333333,1.0,0.0,1.0,0.6666666666666666,0.0833333333333333,0.0,1.0,0.08055555555555556,10.0,0.12499999999999994,10.339722222222221
0.315,0.3333333333333333,0.5,0.4615384615384615,0.1666666666666666,0.1111111111111111,0.0,0.0,0.0,0.0,0.8,0.0,0.25,0.3333333333333333,0.0,0.03055555555555555,10.0,0.375,10.554722222222223
0.3155,0.3333333333333333,1.0,0.0,0.5,0.1666666666666666,0.5,0.3333333333333333,0.0,0.0,0.2,0.3333333333333333,0.0833333333333333,0.6666666666666666,0.6666666666666666,0.08333333333333333,10.0,0.12499999999999994,10.345833333333333
0.3165,0.6666666666666666,0.0,0.0,0.3333333333333333,0.0,0.0,0.6666666666666666,0.0,0.3333333333333333,0.6000000000000001,0.3333333333333333,0.0833333333333333,0.3333333333333333,0.0,0.049999999999999996,10.0,0.12499999999999994,10.272499999999999
0.317,0.6666666666666666,0.0,0.0,0.6666666666666666,1.0,0.5,1.0,0.5,0.3333333333333333,0.0,0.3333333333333333,0.3333333333333333,1.0,0.0,0.15,10.0,0.5,10.98
0.3175,0.3333333333333333,0.0,0.8461538461538463,0.3333333333333333,0.2777777777777777,1.0,1.0,0.5,0.0,0.4,0.3333333333333333,0.1666666666666666,0.6666666666666666,0.6666666666666666,0.06388888888888888,10.0,0.2499999999999999,10.465555555555556
0.318,1.0,0.0,0.5384615384615385,0.6666666666666666,0.7777777777777777,1.0,0.3333333333333333,0.5,1.0,0.4,0.0,0.0833333333333333,0.0,0.0,0.13888888888888887,10.0,0.12499999999999994,10.468055555555555
0.3185,0.3333333333333333,0.0,0.7692307692307693,0.1666666666666666,0.9444444444444444,0.5,1.0,1.0,0.0,0.8,0.6666666666666666,0.3333333333333333,0.6666666666666666,0.0,0.07222222222222222,10.0,0.5,10.80888888888889
0.319,1.0,0.5,0.5384615384615385,0.5,0.3888888888888889,0.5,0.3333333333333333,0.5,1.0,0.4,0.6666666666666666,0.0833333333333333,1.0,0.0,0.09444444444444444,10.0,0.12499999999999994,10.370277777777778
0.3195,0.3333333333333333,0.5,0.0,0.1666666666666666,0.2777777777777777,1.0,0.0,0.0,0.0,0.6000000000000001,0.6666666666666666,0.0,1.0,0.3333333333333333,0.038888888888888876,10.0,0.0,10.085555555555555
0.32,0.3333333333333333,0.5,0.5384615384615385,0.1666666666666666,0.3888888888888889,1.0,0.6666666666666666,1.0,0.0,0.6000000000000001,1.0,0.0,0.0,0.6666666666666666,0.044444444444444446,10.0,0.0,10.097777777777777
0.3205,0.0,1.0,0.9230769230769232,0.0,0.5555555555555556,1.0,0.3333333333333333,0.0,0.6666666666666666,0.2,1.0,0.1666666666666666,1.0,0.3333333333333333,0.02777777777777778,10.0,0.2499999999999999,10.386111111111111
0.321,0.3333333333333333,1.0,0.6923076923076923,0.5,0.8888888888888888,0.5,1.0,1.0,0.0,0.8,0.0,0.3333333333333333,0.3333333333333333,0.3333333333333333,0.11944444444444444,10.0,0.5,10.912777777777778
0.322,0.3333333333333333,0.5,0.6153846153846154,0.3333333333333333,0.4999999999999999,1.0,0.3333333333333333,0.0,0.0,1.0,0.6666666666666666,0.0833333333333333,1.0,0.3333333333333333,0.07499999999999998,10.0,0.12499999999999994,10.327499999999999
0.3225,0.6666666666666666,1.0,0.8461538461538463,0.6666666666666666,0.2777777777777777,0.0,0.3333333333333333,1.0,0.3333333333333333,0.2,0.0,0.0,0.0,0.6666666666666666,0.11388888888888887,10.0,0.0,10.250555555555556
0.323,1.0,0.5,0.0769230769230769,0.5,0.6666666666666665,0.5,1.0,1.0,1.0,0.4,1.0,0.0,0.0,1.0,0.10833333333333332,10.0,0.0,10.238333333333333
0.3235,0.6666666666666666,0.5,0.0,0.6666666666666666,0.1111111111111111,0.0,0.0,0.5,0.3333333333333333,0.2,0.3333333333333333,0.3333333333333333,0.6666666666666666,0.6666666666666666,0.10555555555555554,10.0,0.5,10.882222222222223
0.324,0.6666666666666666,1.0,0.3076923076923077,0.3333333333333333,0.0,0.0,1.0,1.0,0.3333333333333333,0.8,0.0,0.0,0.0,0.3333333333333333,0.049999999999999996,10.0,0.0,10.11
0.3245,0.3333333333333333,1.0,0.2307692307692307,0.1666666666666666,0.3888888888888889,1.0,1.0,0.0,0.0,0.2,0.6666666666666666,0.1666666666666666,0.6666666666666666,0.3333333333333333,0.044444444444444446,10.0,0.2499999999999999,10.422777777777776
0.325,0.6666666666666666,1.0,0.6153846153846154,0.6666666666666666,1.0,1.0,0.3333333333333333,0.0,0.3333333333333333,0.8,0.6666666666666666,0.0833333333333333,0.6666666666666666,0.6666666666666666,0.15,10.0,0.12499999999999994,10.4925
0.3255,1.0,0.0,0.6153846153846154,1.0,0.7222222222222221,0.0,0.6666666666666666,0.0,1.0,0.0,0.0,0.1666666666666666,0.6666666666666666,0.6666666666666666,0.18611111111111112,10.0,0.2499999999999999,10.734444444444444
0.326,0.3333333333333333,1.0,0.6153846153846154,0.3333333333333333,0.4999999999999999,1.0,0.6666666666666666,1.0,0.0,0.2,0.0,0.0,0.3333333333333333,0.3333333333333333,0.07499999999999998,10.0,0.0,10.165
0.3265,0.3333333333333333,0.5,0.4615384615384615,0.5,0.7222222222222221,0.0,0.3333333333333333,0.0,0.0,0.6000000000000001,1.0,0.3333333333333333,0.3333333333333333,0.0,0.11111111111111112,10.0,0.5,10.894444444444446
0.3275,0.3333333333333333,0.5,0.8461538461538463,0.1666666666666666,0.0555555555555555,0.5,0.6666666666666666,1.0,0.0,0.4,1.0,0.1666666666666666,1.0,0.6666666666666666,0.02777777777777777,10.0,0.2499999999999999,10.386111111111111
0.328,0.3333333333333333,0.5,0.3076923076923077,0.5,0.7777777777777777,0.5,0.6666666666666666,1.0,0.0,0.8,0.3333333333333333,0.3333333333333333,0.0,1.0,0.11388888888888889,10.0,0.5,10.900555555555556
0.3285,1.0,1.0,0.0769230769230769,1.0,0.8333333333333333,0.0,0.6666666666666666,1.0,1.0,0.0,0.3333333333333333,0.25,0.0,0.3333333333333333,0.19166666666666665,10.0,0.375,10.909166666666668
0.329,0.6666666666666666,0.5,0.6923076923076923,0.5,0.6111111111111112,1.0,1.0,0.0,0.3333333333333333,1.0,0.0,0.25,0.3333333333333333,0.3333333333333333,0.10555555555555556,10.0,0.375,10.719722222222224
0.3295,0.3333333333333333,1.0,0.0,0.1666666666666666,0.4444444444444445,1.0,0.0,1.0,0.0,0.2,1.0,0.25,0.0,1.0,0.047222222222222214,10.0,0.375,10.59138888888889
0.33,0.3333333333333333,0.0,0.6923076923076923,0.5,0.5555555555555556,0.5,1.0,0.5,0.0,1.0,0.0,0.1666666666666666,0.0,0.3333333333333333,0.10277777777777777,10.0,0.2499999999999999,10.55111111111111
0.3305,0.6666666666666666,1.0,0.3076923076923077,0.6666666666666666,0.7222222222222221,0.0,1.0,1.0,0.3333333333333333,0.8,0.0,0.0,0.6666666666666666,0.6666666666666666,0.1361111111111111,10.0,0.0,10.299444444444445
0.331,0.3333333333333333,1.0,0.3846153846153846,0.1666666666666666,0.1111111111111111,0.0,0.0,1.0,0.0,0.8,0.3333333333333333,0.25,0.0,0.3333333333333333,0.03055555555555555,10.0,0.375,10.554722222222223
0.3315,0.3333333333333333,0.0,0.0,0.1666666666666666,1.0,0.5,0.3333333333333333,0.5,0.0,0.0,0.6666666666666666,0.0,0.0,1.0,0.075,10.0,0.0,10.165
0.332,0.3333333333333333,1.0,0.5384615384615385,0.1666666666666666,0.0,0.0,0.0,0.0,0.0,0.8,0.6666666666666666,0.1666666666666666,0.6666666666666666,0.6666666666666666,0.024999999999999994,10.0,0.2499999999999999,10.379999999999999
0.3335,0.6666666666666666,0.0,0.1538461538461538,0.6666666666666666,0.2222222222222222,0.5,1.0,1.0,0.3333333333333333,1.0,0.0,0.3333333333333333,1.0,0.3333333333333333,0.1111111111111111,10.0,0.5,10.894444444444444
0.334,0.6666666666666666,0.5,0.6153846153846154,0.5,0.4444444444444445,0.0,1.0,0.5,0.3333333333333333,0.4,0.3333333333333333,0.3333333333333333,0.0,0.6666666666666666,0.09722222222222222,10.0,0.5,10.863888888888889
0.3345,0.3333333333333333,0.0,0.9230769230769232,0.1666666666666666,0.7222222222222221,1.0,0.0,0.0,0.0,1.0,0.3333333333333333,0.25,0.0,1.0,0.0611111111111111,10.0,0.375,10.621944444444445
0.335,0.3333333333333333,1.0,0.8461538461538463,0.3333333333333333,0.2222222222222222,0.0,0.6666666666666666,0.0,0.0,0.8,0.6666666666666666,0.0833333333333333,0.6666666666666666,0.0,0.0611111111111111,10.0,0.12499999999999994,10.296944444444444
0.3355,0.6666666666666666,1.0,0.4615384615384615,0.5,0.4999999999999999,0.5,0.0,0.5,0.3333333333333333,0.8,0.3333333333333333,0.3333333333333333,0.6666666666666666,0.6666666666666666,0.1,10.0,0.5,10.870000000000001
0.336,0.6666666666666666,1.0,0.2307692307692307,0.3333333333333333,0.3333333333333333,0.5,0.6666666666666666,1.0,0.3333333333333333,0.0,0.0,0.0,0.0,0.6666666666666666,0.06666666666666665,10.0,0.0,10.146666666666667
0.3365,0.3333333333333333,0.5,0.4615384615384615,0.3333333333333333,0.6111111111111112,0.0,0.3333333333333333,1.0,0.0,0.4,1.0,0.25,1.0,0.3333333333333333,0.08055555555555555,10.0,0.375,10.664722222222222
0.337,0.0,0.5,0.6153846153846154,0.0,0.6111111111111112,0.5,0.0,0.5,0.6666666666666666,0.2,1.0,0.3333333333333333,0.6666666666666666,1.0,0.030555555555555558,10.0,0.5,10.717222222222222
0.3375,0.6666666666666666,1.0,0.7692307692307693,0.3333333333333333,0.3888888888888889,0.5,0.0,1.0,0.3333333333333333,0.2,0.3333333333333333,0.0,1.0,1.0,0.06944444444444445,10.0,0.0,10.152777777777779
0.338,0.6666666666666666,0.0,0.7692307692307693,0.6666666666666666,0.8888888888888888,0.0,0.0,0.5,0.3333333333333333,0.8,0.6666666666666666,0.25,0.0,0.0,0.14444444444444443,10.0,0.375,10.805277777777778
0.339,0.3333333333333333,0.5,0.6153846153846154,0.5,0.6666666666666665,0.5,1.0,0.5,0.0,0.0,0.0,0.3333333333333333,0.3333333333333333,0.6666666666666666,0.10833333333333332,10.0,0.5,10.888333333333334
0.3395,1.0,0.0,0.1538461538461538,1.0,0.4444444444444445,1.0,1.0,1.0,1.0,0.4,0.3333333333333333,0.1666666666666666,0.0,0.0,0.17222222222222222,10.0,0.2499999999999999,10.703888888888889
0.34,0.6666666666666666,0.0,0.6153846153846154,0.3333333333333333,0.3333333333333333,0.5,0.6666666666666666,0.5,0.3333333333333333,0.2,1.0,0.0833333333333333,0.3333333333333333,0.6666666666666666,0.06666666666666665,10.0,0.12499999999999994,10.309166666666666
0.3405,0.6666666666666666,0.0,0.1538461538461538,0.6666666666666666,0.3888888888888889,0.0,0.3333333333333333,1.0,0.3333333333333333,0.6000000000000001,0.0,0.0,0.3333333333333333,0.0,0.11944444444444442,10.0,0.0,10.262777777777778
0.341,0.3333333333333333,0.0,0.7692307692307693,0.3333333333333333,0.8333333333333333,1.0,1.0,0.0,0.0,0.6000000000000001,1.0,0.0833333333333333,1.0,0.6666666666666666,0.09166666666666666,10.0,0.12499999999999994,10.364166666666666
0.3415,0.3333333333333333,0.5,0.5384615384615385,0.5,0.3333333333333333,0.5,0.0,0.5,0.0,0.6000000000000001,0.6666666666666666,0.3333333333333333,1.0,0.6666666666666666,0.09166666666666666,10.0,0.5,10.851666666666667
0.342,0.6666666666666666,0.5,0.7692307692307693,0.6666666666666666,0.8333333333333333,1.0,1.0,0.5,0.3333333333333333,1.0,0.0,0.0833333333333333,1.0,0.0,0.14166666666666666,10.0,0.12499999999999994,10.474166666666667
0.3425,1.0,0.5,0.6923076923076923,0.5,0.7777777777777777,0.5,0.6666666666666666,0.0,1.0,1.0,1.0,0.0,0.3333333333333333,0.3333333333333333,0.11388888888888889,10.0,0.0,10.250555555555556
0.343,0.6666666666666666,1.0,0.0,0.3333333333333333,0.4444444444444445,0.5,1.0,0.0,0.3333333333333333,0.4,0.0,0.1666666666666666,0.6666666666666666,0.6666666666666666,0.07222222222222222,10.0,0.2499999999999999,10.483888888888888
0.3435,0.3333333333333333,0.5,0.2307692307692307,0.3333333333333333,0.1666666666666666,0.5,0.0,0.0,0.0,0.0,1.0,0.1666666666666666,0.6666666666666666,1.0,0.05833333333333332,10.0,0.2499999999999999,10.453333333333333
0.3445,1.0,0.0,0.3076923076923077,0.5,0.1111111111111111,0.0,0.6666666666666666,1.0,1.0,0.4,0.6666666666666666,0.3333333333333333,0.3333333333333333,1.0,0.08055555555555556,10.0,0.5,10.827222222222222
0.345,0.0,0.5,1.0,0.1666666666666666,0.7222222222222221,1.0,0.3333333333333333,0.0,0.6666666666666666,0.2,1.0,0.3333333333333333,0.0,0.3333333333333333,0.0611111111111111,10.0,0.5,10.784444444444444
0.3455,0.0,0.5,0.0,0.0,0.5555555555555556,0.0,0.3333333333333333,0.5,0.6666666666666666,0.0,0.6666666666666666,0.1666666666666666,0.0,0.3333333333333333,0.02777777777777778,10.0,0.2499999999999999,10.386111111111111
0.346,0.6666666666666666,0.0,0.6153846153846154,0.3333333333333333,0.8333333333333333,1.0,0.3333333333333333,0.0,0.3333333333333333,0.8,0.3333333333333333,0.3333333333333333,0.0,0.6666666666666666,0.09166666666666666,10.0,0.5,10.851666666666667
0.3465,0.6666666666666666,0.5,0.6153846153846154,0.6666666666666666,0.8333333333333333,0.0,0.6666666666666666,0.5,0.3333333333333333,0.8,0.3333333333333333,0.3333333333333333,1.0,0.3333333333333333,0.14166666666666666,10.0,0.5,10.961666666666668
0.347,0.3333333333333333,0.5,0.8461538461538463,0.5,0.2777777777777777,1.0,0.3333333333333333,0.5,0.0,0.6000000000000001,0.3333333333333333,0.25,0.0,0.3333333333333333,0.08888888888888889,10.0,0.375,10.683055555555557
0.3475,1.0,0.5,0.0,0.5,1.0,0.5,0.0,0.5,1.0,0.6000000000000001,0.0,0.3333333333333333,0.6666666666666666,0.0,0.125,10.0,0.5,10.925
0.348,0.3333333333333333,0.0,0.4615384615384615,0.5,0.6111111111111112,1.0,0.3333333333333333,0.0,0.0,0.4,0.3333333333333333,0.0,0.3333333333333333,1.0,0.10555555555555556,10.0,0.0,10.232222222222223
0.3485,0.6666666666666666,0.0,0.0,0.6666666666666666,0.1666666666666666,0.5,1.0,1.0,0.3333333333333333,1.0,1.0,0.1666666666666666,1.0,0.3333333333333333,0.10833333333333331,10.0,0.2499999999999999,10.563333333333333
0.349,0.3333333333333333,1.0,0.6923076923076923,0.1666666666666666,0.2222222222222222,0.5,0.6666666666666666,1.0,0.0,0.0,1.0,0.1666666666666666,0.3333333333333333,0.6666666666666666,0.0361111111111111,10.0,0.2499999999999999,10.404444444444444
0.35,0.3333333333333333,0.5,0.0,0.5,0.5555555555555556,0.0,0.6666666666666666,1.0,0.0,0.0,0.0,0.3333333333333333,0.0,0.3333333333333333,0.10277777777777777,10.0,0.5,10.876111111111111
0.3505,0.0,1.0,0.3076923076923077,0.0,0.9444444444444444,1.0,1.0,0.5,0.6666666666666666,0.6000000000000001,1.0,0.3333333333333333,1.0,0.3333333333333333,0.04722222222222222,10.0,0.5,10.75388888888889
0.351,0.6666666666666666,0.5,1.0,0.3333333333333333,0.0555555555555555,1.0,0.3333333333333333,1.0,0.3333333333333333,1.0,0.0,0.3333333333333333,1.0,0.3333333333333333,0.05277777777777777,10.0,0.5,10.766111111111112
0.3515,0.6666666666666666,0.5,0.6153846153846154,0.3333333333333333,0.1666666666666666,0.0,0.6666666666666666,0.5,0.3333333333333333,0.0,0.0,0.1666666666666666,0.6666666666666666,0.0,0.05833333333333332,10.0,0.2499999999999999,10.453333333333333
0.352,0.3333333333333333,0.0,0.6153846153846154,0.3333333333333333,0.9444444444444444,1.0,0.3333333333333333,0.0,0.0,0.0,1.0,0.1666666666666666,0.6666666666666666,1.0,0.09722222222222221,10.0,0.2499999999999999,10.538888888888888
0.3525,0.6666666666666666,0.0,0.0769230769230769,0.6666666666666666,1.0,1.0,1.0,0.5,0.3333333333333333,0.4,0.3333333333333333,0.0,0.6666666666666666,0.0,0.15,10.0,0.0,10.33
0.353,0.0,0.5,0.0769230769230769,0.0,0.0,1.0,1.0,1.0,0.6666666666666666,0.6000000000000001,0.6666666666666666,0.1666666666666666,0.0,0.3333333333333333,0.0,10.0,0.2499999999999999,10.325
0.3535,0.3333333333333333,0.5,0.3846153846153846,0.3333333333333333,0.3888888888888889,0.5,1.0,1.0,0.0,1.0,1.0,0.25,0.3333333333333333,0.0,0.06944444444444445,10.0,0.375,10.64027777777778
0.354,0.3333333333333333,1.0,0.0,0.3333333333333333,0.3333333333333333,0.0,0.3333333333333333,0.0,0.0,0.0,0.6666666666666666,0.1666666666666666,0.0,0.0,0.06666666666666665,10.0,0.2499999999999999,10.471666666666666
0.3545,1.0,1.0,0.9230769230769232,1.0,0.1666666666666666,0.0,0.3333333333333333,0.0,1.0,0.6000000000000001,0.3333333333333333,0.3333333333333333,0.6666666666666666,1.0,0.15833333333333335,10.0,0.5,10.998333333333333
0.3555,0.0,0.5,0.0,0.1666666666666666,0.6666666666666665,0.0,0.3333333333333333,0.5,0.6666666666666666,0.0,0.3333333333333333,0.3333333333333333,0.0,0.6666666666666666,0.05833333333333332,10.0,0.5,10.778333333333334
0.356,0.3333333333333333,1.0,0.3846153846153846,0.3333333333333333,0.3333333333333333,1.0,0.3333333333333333,1.0,0.0,1.0,1.0,0.25,0.3333333333333333,0.3333333333333333,0.06666666666666665,10.0,0.375,10.634166666666667
0.3565,0.6666666666666666,0.0,0.2307692307692307,0.5,0.5555555555555556,1.0,0.3333333333333333,1.0,0.3333333333333333,0.0,0.0,0.3333333333333333,0.6666666666666666,1.0,0.10277777777777777,10.0,0.5,10.876111111111111
0.357,0.6666666666666666,0.0,0.1538461538461538,0.6666666666666666,0.4999999999999999,0.5,0.6666666666666666,1.0,0.3333333333333333,0.8,0.6666666666666666,0.25,0.3333333333333333,0.0,0.12499999999999997,10.0,0.375,10.762500000000001
0.3575,0.3333333333333333,0.5,0.4615384615384615,0.5,0.2222222222222222,0.0,0.3333333333333333,0.0,0.0,0.2,0.0,0.25,0.3333333333333333,0.6666666666666666,0.08611111111111111,10.0,0.375,10.676944444444445
0.358,0.0,1.0,0.8461538461538463,0.0,0.2222222222222222,1.0,1.0,0.5,0.6666666666666666,0.8,1.0,0.0,0.3333333333333333,1.0,0.011111111111111112,10.0,0.0,10.024444444444445
0.3585,0.3333333333333333,1.0,0.6153846153846154,0.1666666666666666,0.0,0.0,1.0,0.5,0.0,0.6000000000000001,0.6666666666666666,0.3333333333333333,1.0,0.0,0.024999999999999994,10.0,0.5,10.705
0.359,0.3333333333333333,0.0,0.4615384615384615,0.1666666666666666,0.8333333333333333,0.0,0.3333333333333333,0.5,0.0,0.2,0.3333333333333333,0.25,0.3333333333333333,0.0,0.06666666666666665,10.0,0.375,10.634166666666667
0.3595,0.0,1.0,0.0,0.1666666666666666,0.0555555555555555,0.0,0.6666666666666666,0.0,0.6666666666666666,1.0,0.6666666666666666,0.0,0.0,0.3333333333333333,0.02777777777777777,10.0,0.0,10.061111111111112
0.36,0.6666666666666666,1.0,0.0769230769230769,0.5,0.0,0.5,1.0,0.0,0.3333333333333333,0.8,0.0,0.0,0.3333333333333333,0.6666666666666666,0.075,10.0,0.0,10.165
0.361,0.6666666666666666,0.5,0.1538461538461538,0.5,0.1666666666666666,0.0,0.0,0.5,0.3333333333333333,0.8,1.0,0.0833333333333333,1.0,1.0,0.08333333333333333,10.0,0.12499999999999994,10.345833333333333
0.3615,0.3333333333333333,0.0,0.4615384615384615,0.5,0.1666666666666666,0.5,1.0,0.5,0.0,0.4,1.0,0.25,0.6666666666666666,0.0,0.08333333333333333,10.0,0.375,10.670833333333334
0.362,0.3333333333333333,1.0,0.2307692307692307,0.3333333333333333,0.8888888888888888,0.0,0.6666666666666666,0.0,0.0,1.0,0.3333333333333333,0.0,1.0,0.3333333333333333,0.09444444444444443,10.0,0.0,10.207777777777778
0.3625,0.6666666666666666,0.0,0.3076923076923077,0.3333333333333333,0.6111111111111112,1.0,1.0,1.0,0.3333333333333333,1.0,0.0,0.0,0.3333333333333333,0.6666666666666666,0.08055555555555555,10.0,0.0,10.177222222222222
0.363,0.6666666666666666,0.5,0.3846153846153846,0.5,0.2777777777777777,0.0,0.6666666666666666,0.5,0.3333333333333333,0.2,1.0,0.0833333333333333,0.6666666666666666,0.3333333333333333,0.08888888888888889,10.0,0.12499999999999994,10.358055555555556
0.3635,0.3333333333333333,1.0,0.0769230769230769,0.3333333333333333,0.6666666666666665,0.0,0.0,1.0,0.0,0.0,0.6666666666666666,0.1666666666666666,0.6666666666666666,1.0,0.08333333333333331,10.0,0.2499999999999999,10.508333333333333
0.364,0.3333333333333333,1.0,0.0769230769230769,0.1666666666666666,1.0,1.0,0.0,0.0,0.0,0.6000000000000001,0.6666666666666666,0.0,1.0,0.0,0.075,10.0,0.0,10.165
0.3645,0.3333333333333333,0.5,0.0769230769230769,0.1666666666666666,0.2777777777777777,0.0,0.6666666666666666,0.5,0.0,0.8,0.6666666666666666,0.0833333333333333,1.0,0.0,0.038888888888888876,10.0,0.12499999999999994,10.248055555555554
0.365,0.3333333333333333,0.0,0.3076923076923077,0.3333333333333333,0.6666666666666665,0.0,0.0,0.0,0.0,0.4,1.0,0.0833333333333333,0.0,0.0,0.08333333333333331,10.0,0.12499999999999994,10.345833333333333
0.3655,0.6666666666666666,1.0,0.4615384615384615,0.3333333333333333,0.6111111111111112,0.5,0.0,1.0,0.3333333333333333,0.0,0.3333333333333333,0.3333333333333333,0.0,1.0,0.08055555555555555,10.0,0.5,10.827222222222222
0.3665,0.3333333333333333,1.0,0.0,0.1666666666666666,0.9444444444444444,1.0,0.0,1.0,0.0,0.4,0.0,0.1666666666666666,0.3333333333333333,0.0,0.07222222222222222,10.0,0.2499999999999999,10.483888888888888
0.367,0.3333333333333333,0.0,0.6153846153846154,0.1666666666666666,0.9444444444444444,0.0,0.0,0.0,0.0,0.0,1.0,0.0833333333333333,0.3333333333333333,0.3333333333333333,0.07222222222222222,10.0,0.12499999999999994,10.321388888888889
0.3675,0.6666666666666666,1.0,0.0,0.3333333333333333,0.8333333333333333,1.0,1.0,0.5,0.3333333333333333,1.0,0.0,0.0833333333333333,1.0,0.0,0.09166666666666666,10.0,0.12499999999999994,10.364166666666666
0.368,0.6666666666666666,0.5,0.8461538461538463,0.6666666666666666,1.0,1.0,0.6666666666666666,0.0,0.3333333333333333,0.2,0.0,0.0833333333333333,0.6666666666666666,0.0,0.15,10.0,0.12499999999999994,10.4925
0.3685,0.6666666666666666,0.0,0.0,0.6666666666666666,0.5555555555555556,1.0,1.0,0.0,0.3333333333333333,1.0,1.0,0.0833333333333333,1.0,0.6666666666666666,0.12777777777777777,10.0,0.12499999999999994,10.44361111111111
0.369,0.6666666666666666,1.0,0.3846153846153846,0.3333333333333333,0.0,0.0,0.0,1.0,0.3333333333333333,0.2,0.0,0.3333333333333333,0.3333333333333333,0.6666666666666666,0.049999999999999996,10.0,0.5,10.76
0.3695,1.0,0.0,0.4615384615384615,0.5,0.1111111111111111,0.5,1.0,1.0,1.0,0.8,0.0,0.25,0.0,1.0,0.08055555555555556,10.0,0.375,10.664722222222222
0.37,0.3333333333333333,0.5,0.0769230769230769,0.1666666666666666,0.4999999999999999,0.0,0.3333333333333333,1.0,0.0,0.0,0.6666666666666666,0.1666666666666666,1.0,1.0,0.04999999999999999,10.0,0.2499999999999999,10.434999999999999
0.3705,0.3333333333333333,0.5,0.1538461538461538,0.5,0.8333333333333333,1.0,0.6666666666666666,0.5,0.0,0.4,0.6666666666666666,0.1666666666666666,1.0,0.0,0.11666666666666665,10.0,0.2499999999999999,10.581666666666665
0.371,1.0,0.5,0.3076923076923077,0.5,0.1111111111111111,0.5,0.6666666666666666,1.0,1.0,0.6000000000000001,0.0,0.1666666666666666,0.6666666666666666,0.6666666666666666,0.08055555555555556,10.0,0.2499999999999999,10.50222222222222
0.372,0.0,0.5,0.3076923076923077,0.1666666666666666,0.6666666666666665,1.0,0.0,0.0,0.6666666666666666,0.2,1.0,0.1666666666666666,0.0,0.6666666666666666,0.05833333333333332,10.0,0.2499999999999999,10.453333333333333
0.3725,0.3333333333333333,0.0,0.0,0.3333333333333333,0.4444444444444445,1.0,1.0,1.0,0.0,0.8,1.0,0.3333333333333333,1.0,0.6666666666666666,0.07222222222222222,10.0,0.5,10.80888888888889
0.373,0.6666666666666666,1.0,0.9230769230769232,0.3333333333333333,0.8888888888888888,0.5,0.3333333333333333,0.5,0.3333333333333333,0.4,1.0,0.25,0.0,0.6666666666666666,0.09444444444444443,10.0,0.375,10.695277777777779
0.3735,0.3333333333333333,0.5,0.6153846153846154,0.1666666666666666,0.9444444444444444,0.5,0.6666666666666666,0.0,0.0,0.2,1.0,0.1666666666666666,0.3333333333333333,0.3333333333333333,0.07222222222222222,10.0,0.2499999999999999,10.483888888888888
0.374,0.6666666666666666,0.0,0.7692307692307693,0.6666666666666666,0.5555555555555556,0.0,1.0,0.0,0.3333333333333333,0.0,0.6666666666666666,0.1666666666666666,0.6666666666666666,1.0,0.12777777777777777,10.0,0.2499999999999999,10.60611111111111
0.3745,0.3333333333333333,1.0,1.0,0.3333333333333333,0.4999999999999999,1.0,0.6666666666666666,0.0,0.0,0.8,1.0,0.3333333333333333,0.0,0.6666666666666666,0.07499999999999998,10.0,0.5,10.815
0.375,1.0,0.5,0.4615384615384615,0.6666666666666666,0.3888888888888889,1.0,0.0,1.0,1.0,1.0,0.0,0.0833333333333333,0.3333333333333333,0.6666666666666666,0.11944444444444442,10.0,0.12499999999999994,10.425277777777778
0.3755,0.0,0.0,0.6923076923076923,0.0,0.0555555555555555,1.0,0.3333333333333333,0.5,0.6666666666666666,1.0,0.0,0.3333333333333333,0.6666666666666666,0.6666666666666666,0.002777777777777775,10.0,0.5,10.65611111111111
0.376,0.6666666666666666,0.5,0.7692307692307693,0.6666666666666666,0.8888888888888888,0.0,0.3333333333333333,1.0,0.3333333333333333,0.4,0.3333333333333333,0.25,0.6666666666666666,0.3333333333333333,0.14444444444444443,10.0,0.375,10.805277777777778
0.3765,0.3333333333333333,1.0,0.6923076923076923,0.5,0.0,1.0,0.3333333333333333,1.0,0.0,0.2,0.0,0.3333333333333333,0.3333333333333333,0.0,0.075,10.0,0.5,10.815
0.3775,0.3333333333333333,0.5,0.6923076923076923,0.5,0.2777777777777777,0.5,1.0,0.0,0.0,0.0,0.0,0.3333333333333333,1.0,0.0,0.08888888888888889,10.0,0.5,10.845555555555556
0.378,0.6666666666666666,1.0,0.0769230769230769,0.3333333333333333,0.7222222222222221,1.0,1.0,0.5,0.3333333333333333,1.0,0.6666666666666666,0.0833333333333333,0.6666666666666666,0.3333333333333333,0.0861111111111111,10.0,0.12499999999999994,10.351944444444444
0.3785,0.6666666666666666,1.0,0.8461538461538463,0.3333333333333333,0.2777777777777777,0.5,1.0,0.5,0.3333333333333333,1.0,0.3333333333333333,0.25,0.6666666666666666,0.6666666666666666,0.06388888888888888,10.0,0.375,10.628055555555557
0.379,0.3333333333333333,0.0,1.0,0.3333333333333333,0.8888888888888888,0.5,0.3333333333333333,1.0,0.0,0.8,0.0,0.3333333333333333,0.3333333333333333,0.3333333333333333,0.09444444444444443,10.0,0.5,10.857777777777779
0.3795,0.3333333333333333,1.0,0.8461538461538463,0.1666666666666666,1.0,1.0,0.6666666666666666,0.0,0.0,0.4,0.0,0.3333333333333333,0.0,1.0,0.075,10.0,0.5,10.815
0.38,0.3333333333333333,0.0,0.2307692307692307,0.1666666666666666,0.0555555555555555,1.0,0.0,1.0,0.0,1.0,0.0,0.1666666666666666,0.3333333333333333,0.0,0.02777777777777777,10.0,0.2499999999999999,10.386111111111111
0.3805,0.6666666666666666,0.0,0.6923076923076923,0.6666666666666666,1.0,0.0,0.3333333333333333,1.0,0.3333333333333333,0.8,0.6666666666666666,0.0,1.0,0.3333333333333333,0.15,10.0,0.0,10.33
0.381,1.0,1.0,0.3076923076923077,0.5,0.6111111111111112,0.0,1.0,0.5,1.0,0.2,1.0,0.1666666666666666,0.0,0.0,0.10555555555555556,10.0,0.2499999999999999,10.557222222222222
0.3815,0.6666666666666666,0.5,0.4615384615384615,0.6666666666666666,0.3333333333333333,0.5,1.0,0.5,0.3333333333333333,0.6000000000000001,1.0,0.1666666666666666,0.6666666666666666,0.0,0.11666666666666665,10.0,0.2499999999999999,10.581666666666665
0.382,0.0,0.0,0.3076923076923077,0.1666666666666666,0.2222222222222222,0.0,0.3333333333333333,0.5,0.6666666666666666,0.8,0.3333333333333333,0.0833333333333333,0.3333333333333333,0.3333333333333333,0.0361111111111111,10.0,0.12499999999999994,10.241944444444444
0.383,0.6666666666666666,1.0,0.0,0.5,0.8888888888888888,0.5,0.6666666666666666,0.5,0.3333333333333333,0.8,1.0,0.3333333333333333,0.0,0.3333333333333333,0.11944444444444444,10.0,0.5,10.912777777777778
0.3835,1.0,0.5,0.8461538461538463,0.8333333333333333,0.4999999999999999,1.0,0.6666666666666666,1.0,1.0,0.0,1.0,0.0833333333333333,1.0,1.0,0.14999999999999997,10.0,0.12499999999999994,10.4925
0.384,0.3333333333333333,0.5,0.8461538461538463,0.3333333333333333,0.0555555555555555,0.0,0.0,0.5,0.0,0.6000000000000001,0.3333333333333333,0.0833333333333333,0.6666666666666666,0.0,0.05277777777777777,10.0,0.12499999999999994,10.278611111111111
0.3845,0.6666666666666666,1.0,0.0,0.6666666666666666,0.2777777777777777,0.0,0.6666666666666666,1.0,0.3333333333333333,0.6000000000000001,0.0,0.0833333333333333,0.6666666666666666,0.6666666666666666,0.11388888888888887,10.0,0.12499999999999994,10.413055555555555
0.385,1.0,0.5,0.4615384615384615,0.5,0.3888888888888889,1.0,0.6666666666666666,0.0,1.0,0.4,0.3333333333333333,0.3333333333333333,1.0,0.6666666666666666,0.09444444444444444,10.0,0.5,10.857777777777779
0.3855,1.0,1.0,0.1538461538461538,0.5,1.0,1.0,0.0,0.5,1.0,0.8,1.0,0.3333333333333333,0.6666666666666666,0.3333333333333333,0.125,10.0,0.5,10.925
0.386,1.0,0.5,0.3846153846153846,0.5,0.1111111111111111,1.0,0.0,0.5,1.0,0.2,0.6666666666666666,0.1666666666666666,0.0,1.0,0.08055555555555556,10.0,0.2499999999999999,10.50222222222222
0.3865,1.0,0.5,0.4615384615384615,0.8333333333333333,0.0555555555555555,1.0,1.0,1.0,1.0,0.8,1.0,0.25,0.3333333333333333,0.6666666666666666,0.12777777777777777,10.0,0.375,10.768611111111111
0.387,0.6666666666666666,0.0,0.9230769230769232,0.3333333333333333,0.4444444444444445,0.5,0.3333333333333333,0.5,0.3333333333333333,0.0,0.6666666666666666,0.0,0.0,0.3333333333333333,0.07222222222222222,10.0,0.0,10.158888888888889
0.3875,0.6666666666666666,1.0,0.6923076923076923,0.5,0.1111111111111111,1.0,1.0,0.5,0.3333333333333333,0.6000000000000001,0.0,0.25,1.0,0.0,0.08055555555555556,10.0,0.375,10.664722222222222
0.389,1.0,0.5,0.7692307692307693,0.8333333333333333,0.2777777777777777,0.0,1.0,1.0,1.0,0.2,0.0,0.3333333333333333,1.0,0.6666666666666666,0.13888888888888887,10.0,0.5,10.955555555555556
0.3895,0.6666666666666666,0.0,0.7692307692307693,0.3333333333333333,0.7222222222222221,0.5,0.3333333333333333,1.0,0.3333333333333333,0.4,0.6666666666666666,0.25,0.6666666666666666,0.0,0.0861111111111111,10.0,0.375,10.676944444444445
0.39,0.6666666666666666,0.5,0.6923076923076923,0.3333333333333333,0.1666666666666666,0.5,0.6666666666666666,0.0,0.3333333333333333,0.0,0.0,0.3333333333333333,0.6666666666666666,0.6666666666666666,0.05833333333333332,10.0,0.5,10.778333333333334
0.3905,0.3333333333333333,1.0,0.9230769230769232,0.3333333333333333,0.4444444444444445,0.5,0.6666666666666666,0.0,0.0,0.4,0.6666666666666666,0.0833333333333333,0.3333333333333333,0.3333333333333333,0.07222222222222222,10.0,0.12499999999999994,10.321388888888889
0.391,0.0,0.0,0.9230769230769232,0.0,0.8333333333333333,1.0,0.3333333333333333,1.0,0.6666666666666666,0.2,0.6666666666666666,0.0833333333333333,0.6666666666666666,0.6666666666666666,0.041666666666666664,10.0,0.12499999999999994,10.254166666666666
0.3915,0.3333333333333333,1.0,0.1538461538461538,0.5,0.8333333333333333,1.0,0.0,1.0,0.0,0.8,0.0,0.0833333333333333,0.0,0.3333333333333333,0.11666666666666665,10.0,0.12499999999999994,10.419166666666666
0.392,1.0,0.0,0.8461538461538463,0.6666666666666666,0.4444444444444445,0.0,0.0,1.0,1.0,0.0,0.3333333333333333,0.0,1.0,0.3333333333333333,0.12222222222222222,10.0,0.0,10.268888888888888
0.3925,0.6666666666666666,0.0,0.5384615384615385,0.5,0.9444444444444444,1.0,0.6666666666666666,1.0,0.3333333333333333,0.2,0.3333333333333333,0.1666666666666666,1.0,0.0,0.12222222222222223,10.0,0.2499999999999999,10.593888888888888
0.393,0.3333333333333333,0.0,0.7692307692307693,0.5,0.9444444444444444,0.5,0.3333333333333333,0.5,0.0,0.6000000000000001,0.3333333333333333,0.1666666666666666,0.6666666666666666,0.6666666666666666,0.12222222222222223,10.0,0.2499999999999999,10.593888888888888
0.3935,0.3333333333333333,0.0,0.1538461538461538,0.1666666666666666,0.3888888888888889,0.0,0.0,1.0,0.0,0.6000000000000001,0.0,0.0833333333333333,0.3333333333333333,0.6666666666666666,0.044444444444444446,10.0,0.12499999999999994,10.260277777777777
0.3945,0.3333333333333333,1.0,0.5384615384615385,0.1666666666666666,1.0,0.0,0.3333333333333333,0.0,0.0,0.2,0.3333333333333333,0.25,1.0,0.0,0.075,10.0,0.375,10.6525
0.395,1.0,0.0,0.7692307692307693,0.6666666666666666,0.9444444444444444,0.0,0.3333333333333333,0.0,1.0,0.0,0.6666666666666666,0.0,0.0,0.0,0.1472222222222222,10.0,0.0,10.323888888888888
0.3955,0.6666666666666666,0.0,0.9230769230769232,0.6666666666666666,0.1666666666666666,0.0,0.0,0.5,0.3333333333333333,0.4,0.6666666666666666,0.0833333333333333,1.0,0.3333333333333333,0.10833333333333331,10.0,0.12499999999999994,10.400833333333333
0.396,0.3333333333333333,0.0,0.6923076923076923,0.5,0.5555555555555556,1.0,0.6666666666666666,0.0,0.0,0.6000000000000001,0.3333333333333333,0.0,0.6666666666666666,1.0,0.10277777777777777,10.0,0.0,10.226111111111111
0.3965,0.6666666666666666,0.0,0.7692307692307693,0.5,0.2222222222222222,0.0,0.3333333333333333,1.0,0.3333333333333333,0.6000000000000001,0.3333333333333333,0.0,0.3333333333333333,0.6666666666666666,0.08611111111111111,10.0,0.0,10.189444444444444
0.397,0.6666666666666666,1.0,0.0769230769230769,0.6666666666666666,0.1666666666666666,1.0,0.3333333333333333,0.5,0.3333333333333333,0.8,0.6666666666666666,0.0833333333333333,0.0,0.3333333333333333,0.10833333333333331,10.0,0.12499999999999994,10.400833333333333
0.3975,0.3333333333333333,1.0,0.6153846153846154,0.5,1.0,0.5,1.0,0.0,0.0,0.6000000000000001,0.0,0.1666666666666666,0.6666666666666666,1.0,0.125,10.0,0.2499999999999999,10.6
0.398,1.0,0.5,0.7692307692307693,0.5,0.0,0.5,0.6666666666666666,0.0,1.0,0.6000000000000001,0.3333333333333333,0.3333333333333333,0.0,0.3333333333333333,0.075,10.0,0.5,10.815
0.3985,0.6666666666666666,0.5,0.9230769230769232,0.3333333333333333,0.8888888888888888,0.5,0.6666666666666666,0.0,0.3333333333333333,0.6000000000000001,0.0,0.25,1.0,0.6666666666666666,0.09444444444444443,10.0,0.375,10.695277777777779
0.399,0.6666666666666666,0.5,0.6153846153846154,0.6666666666666666,0.4999999999999999,0.5,0.0,1.0,0.3333333333333333,1.0,1.0,0.0,0.3333333333333333,0.3333333333333333,0.12499999999999997,10.0,0.0,10.275
0.4,0.3333333333333333,0.5,0.2307692307692307,0.3333333333333333,0.2222222222222222,0.0,0.6666666666666666,1.0,0.0,1.0,0.3333333333333333,0.1666666666666666,0.6666666666666666,0.0,0.0611111111111111,10.0,0.2499999999999999,10.459444444444443
0.4005,0.3333333333333333,1.0,0.9230769230769232,0.1666666666666666,0.3333333333333333,1.0,0.3333333333333333,0.0,0.0,1.0,0.3333333333333333,0.25,0.0,0.0,0.04166666666666666,10.0,0.375,10.579166666666667
0.401,0.3333333333333333,0.0,0.3076923076923077,0.1666666666666666,0.0,0.0,0.3333333333333333,0.5,0.0,0.6000000000000001,1.0,0.0,0.6666666666666666,1.0,0.024999999999999994,10.0,0.0,10.055
0.4015,0.3333333333333333,1.0,0.6153846153846154,0.3333333333333333,0.6666666666666665,0.0,0.6666666666666666,1.0,0.0,1.0,0.3333333333333333,0.0,0.6666666666666666,0.6666666666666666,0.08333333333333331,10.0,0.0,10.183333333333334
0.402,0.6666666666666666,1.0,0.8461538461538463,0.5,0.1111111111111111,0.5,1.0,0.0,0.3333333333333333,0.6000000000000001,0.0,0.0,1.0,1.0,0.08055555555555556,10.0,0.0,10.177222222222222
0.4025,0.3333333333333333,1.0,0.2307692307692307,0.1666666666666666,0.2222222222222222,1.0,0.3333333333333333,1.0,0.0,1.0,0.3333333333333333,0.25,0.6666666666666666,0.6666666666666666,0.0361111111111111,10.0,0.375,10.566944444444445
0.403,0.3333333333333333,0.0,0.5384615384615385,0.3333333333333333,0.4444444444444445,0.0,1.0,1.0,0.0,0.0,0.6666666666666666,0.25,0.3333333333333333,0.3333333333333333,0.07222222222222222,10.0,0.375,10.64638888888889
0.4035,0.6666666666666666,0.5,0.3846153846153846,0.3333333333333333,0.4444444444444445,1.0,1.0,0.0,0.3333333333333333,0.6000000000000001,0.6666666666666666,0.0,0.3333333333333333,0.3333333333333333,0.07222222222222222,10.0,0.0,10.158888888888889
0.404,0.0,0.0,0.2307692307692307,0.0,0.6111111111111112,0.0,0.6666666666666666,0.0,0.6666666666666666,0.8,0.6666666666666666,0.25,0.0,0.6666666666666666,0.030555555555555558,10.0,0.375,10.554722222222223
0.4045,0.6666666666666666,1.0,0.1538461538461538,0.3333333333333333,0.3888888888888889,0.0,0.0,0.0,0.3333333333333333,0.6000000000000001,1.0,0.1666666666666666,1.0,0.3333333333333333,0.06944444444444445,10.0,0.2499999999999999,10.477777777777778
0.4055,0.3333333333333333,0.0,1.0,0.3333333333333333,0.4444444444444445,1.0,1.0,1.0,0.0,0.2,1.0,0.0,1.0,1.0,0.07222222222222222,10.0,0.0,10.158888888888889
0.406,0.0,0.5,0.1538461538461538,0.1666666666666666,0.3333333333333333,1.0,0.6666666666666666,0.5,0.6666666666666666,0.8,0.3333333333333333,0.25,0.3333333333333333,0.3333333333333333,0.04166666666666666,10.0,0.375,10.579166666666667
0.4065,0.3333333333333333,1.0,0.6923076923076923,0.5,0.2777777777777777,0.0,1.0,1.0,0.0,0.2,1.0,0.1666666666666666,0.6666666666666666,0.6666666666666666,0.08888888888888889,10.0,0.2499999999999999,10.520555555555555
0.407,0.3333333333333333,0.0,1.0,0.3333333333333333,0.3888888888888889,1.0,0.6666666666666666,0.5,0.0,0.8,0.6666666666666666,0.1666666666666666,0.0,0.0,0.06944444444444445,10.0,0.2499999999999999,10.477777777777778
0.4075,0.3333333333333333,0.0,0.6153846153846154,0.3333333333333333,0.3333333333333333,1.0,0.3333333333333333,1.0,0.0,0.4,0.0,0.25,0.6666666666666666,0.0,0.06666666666666665,10.0,0.375,10.634166666666667
0.408,0.6666666666666666,0.5,0.3076923076923077,0.5,0.1666666666666666,0.5,1.0,0.0,0.3333333333333333,0.4,0.6666666666666666,0.1666666666666666,1.0,0.6666666666666666,0.08333333333333333,10.0,0.2499999999999999,10.508333333333333
0.4085,0.6666666666666666,0.5,0.8461538461538463,0.5,0.5555555555555556,0.0,0.0,0.5,0.3333333333333333,0.8,0.0,0.0,0.3333333333333333,0.6666666666666666,0.10277777777777777,10.0,0.0,10.226111111111111
0.409,0.6666666666666666,0.5,0.0769230769230769,0.5,1.0,0.5,0.0,0.5,0.3333333333333333,1.0,0.6666666666666666,0.0833333333333333,0.3333333333333333,0.0,0.125,10.0,0.12499999999999994,10.4375
0.4095,1.0,0.0,0.0769230769230769,1.0,1.0,0.5,0.6666666666666666,0.5,1.0,1.0,0.0,0.0833333333333333,0.3333333333333333,0.6666666666666666,0.2,10.0,0.12499999999999994,10.6025
0.41,0.3333333333333333,1.0,0.5384615384615385,0.1666666666666666,0.2777777777777777,1.0,0.0,0.5,0.0,0.8,1.0,0.1666666666666666,0.6666666666666666,0.6666666666666666,0.038888888888888876,10.0,0.2499999999999999,10.410555555555554
0.411,0.6666666666666666,0.0,1.0,0.5,0.2777777777777777,0.0,0.0,0.5,0.3333333333333333,0.6000000000000001,0.6666666666666666,0.25,0.6666666666666666,0.3333333333333333,0.08888888888888889,10.0,0.375,10.683055555555557
0.4115,0.3333333333333333,1.0,0.1538461538461538,0.3333333333333333,0.3333333333333333,0.0,0.0,0.5,0.0,0.0,0.0,0.0833333333333333,1.0,0.3333333333333333,0.06666666666666665,10.0,0.12499999999999994,10.309166666666666
0.412,0.6666666666666666,0.5,0.2307692307692307,0.3333333333333333,0.2777777777777777,0.0,0.0,0.5,0.3333333333333333,1.0,0.0,0.0833333333333333,0.6666666666666666,1.0,0.06388888888888888,10.0,0.12499999999999994,10.303055555555556
0.4125,0.0,1.0,0.0,0.0,1.0,0.5,0.6666666666666666,0.0,0.6666666666666666,0.0,0.3333333333333333,0.0833333333333333,0.6666666666666666,0.3333333333333333,0.05,10.0,0.12499999999999994,10.272499999999999
0.413,0.6666666666666666,0.0,0.9230769230769232,0.6666666666666666,0.4444444444444445,0.0,1.0,0.5,0.3333333333333333,0.8,0.6666666666666666,0.1666666666666666,0.0,0.6666666666666666,0.12222222222222222,10.0,0.2499999999999999,10.593888888888888
0.4135,0.3333333333333333,1.0,0.1538461538461538,0.1666666666666666,0.6666666666666665,1.0,0.3333333333333333,0.0,0.0,0.4,1.0,0.0,1.0,0.6666666666666666,0.05833333333333332,10.0,0.0,10.128333333333334
0.414,0.6666666666666666,0.0,0.4615384615384615,0.3333333333333333,0.5555555555555556,0.5,0.0,0.5,0.3333333333333333,1.0,0.3333333333333333,0.1666666666666666,0.3333333333333333,0.6666666666666666,0.07777777777777777,10.0,0.2499999999999999,10.49611111111111
0.4145,0.6666666666666666,0.0,0.6923076923076923,0.6666666666666666,0.7222222222222221,0.0,0.3333333333333333,0.5,0.3333333333333333,0.6000000000000001,1.0,0.0833333333333333,0.0,1.0,0.1361111111111111,10.0,0.12499999999999994,10.461944444444445
0.415,0.6666666666666666,0.0,0.0769230769230769,0.5,0.6666666666666665,0.0,0.6666666666666666,0.0,0.3333333333333333,0.6000000000000001,0.0,0.0,0.0,0.0,0.10833333333333332,10.0,0.0,10.238333333333333
0.4155,1.0,0.0,0.0,1.0,0.6111111111111112,1.0,0.6666666666666666,0.5,1.0,0.0,0.0,0.25,1.0,0.3333333333333333,0.18055555555555555,10.0,0.375,10.884722222222223
0.4165,1.0,0.0,0.0769230769230769,1.0,1.0,0.0,0.0,0.0,1.0,0.6000000000000001,0.0,0.3333333333333333,1.0,0.6666666666666666,0.2,10.0,0.5,11.09
0.417,0.6666666666666666,1.0,1.0,0.6666666666666666,0.4999999999999999,0.0,0.6666666666666666,0.5,0.3333333333333333,0.2,1.0,0.1666666666666666,0.6666666666666666,0.0,0.12499999999999997,10.0,0.2499999999999999,10.6
0.4175,0.6666666666666666,0.0,0.6153846153846154,0.3333333333333333,0.5555555555555556,0.5,0.0,0.5,0.3333333333333333,0.8,0.3333333333333333,0.1666666666666666,0.3333333333333333,0.6666666666666666,0.07777777777777777,10.0,0.2499999999999999,10.49611111111111
0.418,0.3333333333333333,0.0,0.3076923076923077,0.1666666666666666,0.3888888888888889,0.5,0.3333333333333333,0.0,0.0,0.0,0.0,0.0,1.0,1.0,0.044444444444444446,10.0,0.0,10.097777777777777
0.4185,0.3333333333333333,1.0,0.2307692307692307,0.3333333333333333,0.6666666666666665,0.5,0.0,1.0,0.0,0.2,0.6666666666666666,0.25,0.0,0.3333333333333333,0.08333333333333331,10.0,0.375,10.670833333333334
0.419,0.6666666666666666,0.5,0.7692307692307693,0.6666666666666666,0.5555555555555556,0.5,1.0,0.5,0.3333333333333333,0.6000000000000001,0.3333333333333333,0.1666666666666666,0.0,0.3333333333333333,0.12777777777777777,10.0,0.2499999999999999,10.60611111111111
0.4195,0.6666666666666666,0.5,0.3076923076923077,0.5,0.1111111111111111,0.5,0.3333333333333333,0.5,0.3333333333333333,0.8,0.0,0.0,0.0,0.0,0.08055555555555556,10.0,0.0,10.177222222222222
0.42,0.3333333333333333,0.0,0.1538461538461538,0.5,0.3888888888888889,1.0,0.6666666666666666,0.5,0.0,0.2,0.0,0.1666666666666666,0.0,1.0,0.09444444444444444,10.0,0.2499999999999999,10.532777777777778
0.4205,1.0,1.0,0.6153846153846154,1.0,0.6111111111111112,0.5,0.3333333333333333,0.0,1.0,0.6000000000000001,0.6666666666666666,0.1666666666666666,0.6666666666666666,1.0,0.18055555555555555,10.0,0.2499999999999999,10.722222222222221
0.421,0.0,0.0,0.6153846153846154,0.1666666666666666,0.0,0.5,0.0,0.0,0.6666666666666666,0.2,0.3333333333333333,0.0833333333333333,1.0,0.6666666666666666,0.024999999999999994,10.0,0.12499999999999994,10.2175
0.422,0.3333333333333333,0.0,0.9230769230769232,0.3333333333333333,0.4444444444444445,0.0,0.3333333333333333,1.0,0.0,1.0,0.3333333333333333,0.0833333333333333,1.0,0.0,0.07222222222222222,10.0,0.12499999999999994,10.321388888888889
0.4225,0.3333333333333333,0.0,0.2307692307692307,0.1666666666666666,0.1666666666666666,0.5,0.6666666666666666,1.0,0.0,0.8,1.0,0.3333333333333333,0.0,0.3333333333333333,0.03333333333333332,10.0,0.5,10.723333333333334
0.423,0.3333333333333333,0.0,0.9230769230769232,0.3333333333333333,0.1666666666666666,0.0,1.0,0.5,0.0,0.8,1.0,0.1666666666666666,0.0,0.3333333333333333,0.05833333333333332,10.0,0.2499999999999999,10.453333333333333
0.4235,1.0,0.5,0.3846153846153846,1.0,0.4444444444444445,0.0,0.0,1.0,1.0,1.0,0.6666666666666666,0.0,0.3333333333333333,0.3333333333333333,0.17222222222222222,10.0,0.0,10.37888888888889
0.424,0.3333333333333333,0.0,0.9230769230769232,0.1666666666666666,0.6666666666666665,1.0,1.0,0.5,0.0,0.6000000000000001,1.0,0.25,0.0,0.3333333333333333,0.05833333333333332,10.0,0.375,10.615833333333335
0.4245,0.0,0.5,0.4615384615384615,0.1666666666666666,0.1666666666666666,1.0,0.0,0.0,0.6666666666666666,0.6000000000000001,0.6666666666666666,0.3333333333333333,0.6666666666666666,1.0,0.03333333333333332,10.0,0.5,10.723333333333334
0.425,0.3333333333333333,0.5,0.3076923076923077,0.3333333333333333,0.8888888888888888,1.0,1.0,0.0,0.0,1.0,1.0,0.25,1.0,0.6666666666666666,0.09444444444444443,10.0,0.375,10.695277777777779
0.4255,0.3333333333333333,0.5,0.5384615384615385,0.5,0.4444444444444445,0.5,1.0,0.5,0.0,0.0,1.0,0.3333333333333333,0.6666666666666666,0.0,0.09722222222222222,10.0,0.5,10.863888888888889
0.426,0.6666666666666666,1.0,0.3846153846153846,0.3333333333333333,0.9444444444444444,1.0,0.3333333333333333,1.0,0.3333333333333333,0.0,1.0,0.25,1.0,0.3333333333333333,0.09722222222222221,10.0,0.375,10.70138888888889
0.4265,1.0,0.5,0.9230769230769232,1.0,1.0,1.0,0.6666666666666666,0.5,1.0,0.2,0.0,0.25,0.0,0.0,0.2,10.0,0.375,10.9275
0.4275,0.3333333333333333,0.0,1.0,0.1666666666666666,0.3333333333333333,0.0,0.0,1.0,0.0,0.4,1.0,0.0833333333333333,0.3333333333333333,1.0,0.04166666666666666,10.0,0.12499999999999994,10.254166666666666
0.428,0.6666666666666666,0.5,0.2307692307692307,0.3333333333333333,0.4444444444444445,0.5,1.0,1.0,0.3333333333333333,0.0,0.0,0.0833333333333333,0.0,1.0,0.07222222222222222,10.0,0.12499999999999994,10.321388888888889
0.4285,0.3333333333333333,0.0,0.1538461538461538,0.5,0.3333333333333333,0.0,0.3333333333333333,0.0,0.0,0.6000000000000001,1.0,0.3333333333333333,0.6666666666666666,0.0,0.09166666666666666,10.0,0.5,10.851666666666667
0.429,0.3333333333333333,0.0,0.7692307692307693,0.1666666666666666,0.4999999999999999,1.0,0.3333333333333333,0.5,0.0,0.2,1.0,0.3333333333333333,1.0,0.3333333333333333,0.04999999999999999,10.0,0.5,10.76
0.4295,0.6666666666666666,0.0,0.7692307692307693,0.5,0.4444444444444445,1.0,1.0,1.0,0.3333333333333333,0.0,0.6666666666666666,0.1666666666666666,0.6666666666666666,0.3333333333333333,0.09722222222222222,10.0,0.2499999999999999,10.538888888888888
0.43,0.3333333333333333,1.0,0.1538461538461538,0.1666666666666666,0.6666666666666665,0.0,0.0,0.0,0.0,0.4,0.6666666666666666,0.3333333333333333,0.6666666666666666,0.3333333333333333,0.05833333333333332,10.0,0.5,10.778333333333334
0.4305,0.0,0.5,0.0769230769230769,0.1666666666666666,0.8888888888888888,1.0,1.0,1.0,0.6666666666666666,0.4,1.0,0.0,0.3333333333333333,0.0,0.06944444444444443,10.0,0.0,10.152777777777779
0.431,0.0,0.0,0.5384615384615385,0.1666666666666666,0.3333333333333333,0.0,0.6666666666666666,0.0,0.6666666666666666,0.6000000000000001,0.6666666666666666,0.3333333333333333,0.0,0.3333333333333333,0.04166666666666666,10.0,0.5,10.741666666666667
0.4315,0.6666666666666666,0.0,0.0,0.5,0.8888888888888888,1.0,0.6666666666666666,0.0,0.3333333333333333,0.0,0.3333333333333333,0.1666666666666666,0.6666666666666666,0.0,0.11944444444444444,10.0,0.2499999999999999,10.587777777777777
0.432,0.3333333333333333,0.5,0.6923076923076923,0.5,0.2777777777777777,1.0,0.0,1.0,0.0,0.6000000000000001,0.6666666666666666,0.25,0.0,0.0,0.08888888888888889,10.0,0.375,10.683055555555557
0.433,0.3333333333333333,0.5,0.3076923076923077,0.5,0.8888888888888888,0.5,0.3333333333333333,0.5,0.0,1.0,0.0,0.1666666666666666,0.3333333333333333,0.3333333333333333,0.11944444444444444,10.0,0.2499999999999999,10.587777777777777
0.4335,0.0,0.5,0.4615384615384615,0.0,0.6111111111111112,0.0,0.0,0.0,0.6666666666666666,0.6000000000000001,0.3333333333333333,0.0,0.6666666666666666,0.0,0.030555555555555558,10.0,0.0,10.067222222222222
0.434,0.3333333333333333,0.5,0.4615384615384615,0.1666666666666666,0.1666666666666666,0.0,0.0,0.0,0.0,0.0,0.0,0.0833333333333333,0.6666666666666666,1.0,0.03333333333333332,10.0,0.12499999999999994,10.235833333333334
0.4345,0.6666666666666666,1.0,0.4615384615384615,0.5,0.2222222222222222,1.0,1.0,0.5,0.3333333333333333,1.0,0.0,0.3333333333333333,1.0,1.0,0.08611111111111111,10.0,0.5,10.839444444444444
0.435,0.3333333333333333,0.0,0.0769230769230769,0.1666666666666666,0.8333333333333333,0.5,0.0,0.5,0.0,0.6000000000000001,0.3333333333333333,0.25,0.0,0.0,0.06666666666666665,10.0,0.375,10.634166666666667
0.4355,1.0,0.0,0.5384615384615385,0.6666666666666666,0.3333333333333333,0.0,0.6666666666666666,0.5,1.0,0.6000000000000001,0.6666666666666666,0.3333333333333333,0.0,0.0,0.11666666666666665,10.0,0.5,10.906666666666666
0.436,0.6666666666666666,1.0,0.0,0.5,0.7777777777777777,0.5,0.3333333333333333,0.0,0.3333333333333333,0.6000000000000001,1.0,0.0,0.6666666666666666,0.3333333333333333,0.11388888888888889,10.0,0.0,10.250555555555556
0.4365,0.3333333333333333,1.0,0.3076923076923077,0.5,0.2777777777777777,0.5,0.6666666666666666,0.0,0.0,0.8,0.3333333333333333,0.0833333333333333,0.3333333333333333,0.0,0.08888888888888889,10.0,0.12499999999999994,10.358055555555556
0.437,0.6666666666666666,0.0,1.0,0.3333333333333333,1.0,0.5,0.6666666666666666,0.5,0.3333333333333333,0.0,0.0,0.1666666666666666,0.0,0.6666666666666666,0.1,10.0,0.2499999999999999,10.545
0.4375,1.0,1.0,0.3076923076923077,0.8333333333333333,0.6111111111111112,0.0,0.6666666666666666,0.0,1.0,1.0,1.0,0.25,0.0,0.0,0.15555555555555553,10.0,0.375,10.829722222222223
0.4385,0.0,0.0,0.3846153846153846,0.1666666666666666,0.5555555555555556,1.0,1.0,0.5,0.6666666666666666,1.0,0.0,0.0,0.3333333333333333,0.3333333333333333,0.05277777777777777,10.0,0.0,10.116111111111111
0.439,0.3333333333333333,1.0,0.4615384615384615,0.3333333333333333,0.7222222222222221,0.0,0.6666666666666666,0.0,0.0,0.8,0.3333333333333333,0.0,1.0,0.6666666666666666,0.0861111111111111,10.0,0.0,10.189444444444444
0.4395,0.6666666666666666,0.0,0.1538461538461538,0.3333333333333333,0.0555555555555555,1.0,0.0,1.0,0.3333333333333333,0.2,1.0,0.0,0.3333333333333333,0.3333333333333333,0.05277777777777777,10.0,0.0,10.116111111111111
0.44,0.6666666666666666,1.0,0.6923076923076923,0.3333333333333333,0.5555555555555556,0.5,0.6666666666666666,0.5,0.3333333333333333,0.2,0.6666666666666666,0.25,1.0,1.0,0.07777777777777777,10.0,0.375,10.658611111111112
0.4405,0.3333333333333333,0.0,0.1538461538461538,0.1666666666666666,0.0555555555555555,1.0,0.6666666666666666,0.5,0.0,0.2,0.0,0.0833333333333333,0.6666666666666666,0.3333333333333333,0.02777777777777777,10.0,0.12499999999999994,10.223611111111111
0.441,0.3333333333333333,1.0,0.6153846153846154,0.3333333333333333,0.4444444444444445,1.0,1.0,0.5,0.0,0.6000000000000001,1.0,0.1666666666666666,0.6666666666666666,0.0,0.07222222222222222,10.0,0.2499999999999999,10.483888888888888
0.4415,0.3333333333333333,0.0,0.6923076923076923,0.5,0.8333333333333333,1.0,1.0,0.5,0.0,0.0,0.6666666666666666,0.0833333333333333,0.3333333333333333,0.6666666666666666,0.11666666666666665,10.0,0.12499999999999994,10.419166666666666
0.442,0.3333333333333333,0.0,0.2307692307692307,0.1666666666666666,0.6111111111111112,0.5,0.6666666666666666,1.0,0.0,0.6000000000000001,0.3333333333333333,0.25,1.0,1.0,0.05555555555555555,10.0,0.375,10.609722222222222
0.4425,1.0,0.5,0.0769230769230769,0.6666666666666666,0.3333333333333333,0.5,1.0,1.0,1.0,0.2,0.0,0.0833333333333333,0.6666666666666666,0.3333333333333333,0.11666666666666665,10.0,0.12499999999999994,10.419166666666666
0.443,0.6666666666666666,1.0,0.8461538461538463,0.6666666666666666,0.3333333333333333,0.0,1.0,0.5,0.3333333333333333,0.4,0.3333333333333333,0.25,0.3333333333333333,0.0,0.11666666666666665,10.0,0.375,10.744166666666667
0.4445,1.0,0.0,0.0769230769230769,0.5,0.7222222222222221,0.0,0.0,0.0,1.0,0.4,0.3333333333333333,0.1666666666666666,0.3333333333333333,1.0,0.11111111111111112,10.0,0.2499999999999999,10.569444444444445
0.445,0.0,1.0,0.4615384615384615,0.0,0.3333333333333333,1.0,1.0,0.5,0.6666666666666666,0.8,0.6666666666666666,0.0,0.3333333333333333,0.6666666666666666,0.016666666666666663,10.0,0.0,10.036666666666667
0.4455,0.3333333333333333,0.5,0.3076923076923077,0.1666666666666666,0.3888888888888889,0.5,0.0,0.0,0.0,0.2,0.0,0.25,1.0,0.6666666666666666,0.044444444444444446,10.0,0.375,10.585277777777778
0.446,0.3333333333333333,0.0,0.7692307692307693,0.5,0.4444444444444445,0.5,1.0,0.5,0.0,0.4,0.0,0.3333333333333333,0.3333333333333333,0.3333333333333333,0.09722222222222222,10.0,0.5,10.863888888888889
0.4465,0.3333333333333333,0.0,0.5384615384615385,0.1666666666666666,0.2777777777777777,1.0,1.0,1.0,0.0,0.2,1.0,0.1666666666666666,0.3333333333333333,0.0,0.038888888888888876,10.0,0.2499999999999999,10.410555555555554
0.447,0.6666666666666666,0.0,0.6923076923076923,0.5,0.1111111111111111,0.0,0.0,0.5,0.3333333333333333,0.0,0.0,0.25,0.6666666666666666,0.3333333333333333,0.08055555555555556,10.0,0.375,10.664722222222222
0.4475,0.6666666666666666,0.0,0.1538461538461538,0.3333333333333333,0.8333333333333333,1.0,0.3333333333333333,1.0,0.3333333333333333,0.6000000000000001,0.6666666666666666,0.3333333333333333,0.6666666666666666,0.6666666666666666,0.09166666666666666,10.0,0.5,10.851666666666667
0.448,0.3333333333333333,1.0,0.1538461538461538,0.3333333333333333,0.8333333333333333,0.0,0.6666666666666666,0.0,0.0,0.0,0.3333333333333333,0.0,0.3333333333333333,0.3333333333333333,0.09166666666666666,10.0,0.0,10.201666666666666
0.4485,0.3333333333333333,0.0,0.3846153846153846,0.1666666666666666,0.3333333333333333,0.5,0.0,0.0,0.0,1.0,0.0,0.25,0.3333333333333333,1.0,0.04166666666666666,10.0,0.375,10.579166666666667
0.449,0.3333333333333333,0.5,1.0,0.3333333333333333,0.3333333333333333,0.0,1.0,0.5,0.0,0.2,0.6666666666666666,0.0,0.3333333333333333,0.0,0.06666666666666665,10.0,0.0,10.146666666666667
0.45,0.0,0.0,0.6153846153846154,0.1666666666666666,0.7777777777777777,1.0,1.0,1.0,0.6666666666666666,0.8,0.3333333333333333,0.0,1.0,0.3333333333333333,0.06388888888888888,10.0,0.0,10.140555555555556
0.4505,0.3333333333333333,1.0,0.6153846153846154,0.3333333333333333,0.2777777777777777,0.5,0.0,0.5,0.0,0.4,1.0,0.0833333333333333,0.0,0.0,0.06388888888888888,10.0,0.12499999999999994,10.303055555555556
0.451,0.3333333333333333,1.0,0.2307692307692307,0.5,0.7222222222222221,0.5,0.0,0.0,0.0,0.8,1.0,0.3333333333333333,0.3333333333333333,1.0,0.11111111111111112,10.0,0.5,10.894444444444446
0.4515,1.0,0.5,0.3076923076923077,0.6666666666666666,0.4999999999999999,0.5,0.0,1.0,1.0,1.0,0.6666666666666666,0.25,0.0,0.6666666666666666,0.12499999999999997,10.0,0.375,10.762500000000001
0.452,0.0,1.0,0.4615384615384615,0.1666666666666666,0.0555555555555555,0.5,0.3333333333333333,1.0,0.6666666666666666,0.0,1.0,0.0833333333333333,0.6666666666666666,0.6666666666666666,0.02777777777777777,10.0,0.12499999999999994,10.223611111111111
0.4525,0.3333333333333333,1.0,0.4615384615384615,0.5,0.6666666666666665,0.5,0.0,0.0,0.0,0.6000000000000001,0.6666666666666666,0.1666666666666666,1.0,0.0,0.10833333333333332,10.0,0.2499999999999999,10.563333333333333
0.453,0.6666666666666666,0.5,0.8461538461538463,0.3333333333333333,0.1111111111111111,1.0,0.6666666666666666,1.0,0.3333333333333333,1.0,1.0,0.3333333333333333,0.6666666666666666,0.3333333333333333,0.05555555555555555,10.0,0.5,10.772222222222222
0.4535,0.3333333333333333,1.0,0.1538461538461538,0.3333333333333333,0.7777777777777777,0.0,0.0,1.0,0.0,0.0,0.6666666666666666,0.0833333333333333,0.0,1.0,0.08888888888888889,10.0,0.12499999999999994,10.358055555555556
0.454,0.3333333333333333,0.5,0.5384615384615385,0.1666666666666666,0.2222222222222222,1.0,0.6666666666666666,0.0,0.0,0.2,0.3333333333333333,0.0,0.6666666666666666,0.0,0.0361111111111111,10.0,0.0,10.079444444444444
0.4545,0.3333333333333333,1.0,0.6153846153846154,0.1666666666666666,0.0,0.5,1.0,0.0,0.0,0.6000000000000001,1.0,0.0,0.3333333333333333,0.0,0.024999999999999994,10.0,0.0,10.055
0.4555,0.3333333333333333,0.0,0.3846153846153846,0.3333333333333333,0.7222222222222221,0.5,0.0,0.5,0.0,0.2,0.6666666666666666,0.0833333333333333,1.0,0.3333333333333333,0.0861111111111111,10.0,0.12499999999999994,10.351944444444444
0.456,0.6666666666666666,1.0,0.8461538461538463,0.5,0.1666666666666666,0.5,0.3333333333333333,0.5,0.3333333333333333,1.0,0.6666666666666666,0.0833333333333333,0.0,1.0,0.08333333333333333,10.0,0.12499999999999994,10.345833333333333
0.4565,0.3333333333333333,0.5,0.6923076923076923,0.3333333333333333,0.3888888888888889,0.5,1.0,1.0,0.0,0.8,0.6666666666666666,0.0,0.0,0.6666666666666666,0.06944444444444445,10.0,0.0,10.152777777777779
0.457,0.3333333333333333,1.0,0.7692307692307693,0.5,0.4444444444444445,0.5,0.3333333333333333,0.0,0.0,0.2,0.3333333333333333,0.3333333333333333,0.3333333333333333,0.0,0.09722222222222222,10.0,0.5,10.863888888888889
0.4575,0.3333333333333333,1.0,0.2307692307692307,0.1666666666666666,0.8888888888888888,0.0,1.0,1.0,0.0,0.2,0.6666666666666666,0.0833333333333333,0.0,0.3333333333333333,0.06944444444444443,10.0,0.12499999999999994,10.315277777777778
0.458,0.3333333333333333,0.0,0.0,0.1666666666666666,0.3333333333333333,0.0,0.3333333333333333,0.5,0.0,0.6000000000000001,1.0,0.1666666666666666,1.0,0.3333333333333333,0.04166666666666666,10.0,0.2499999999999999,10.416666666666666
0.4585,0.3333333333333333,0.5,1.0,0.3333333333333333,0.7777777777777777,0.5,0.0,0.0,0.0,0.6000000000000001,0.6666666666666666,0.3333333333333333,0.3333333333333333,0.3333333333333333,0.08888888888888889,10.0,0.5,10.845555555555556
0.459,0.6666666666666666,0.5,0.3076923076923077,0.6666666666666666,0.6111111111111112,0.5,0.0,1.0,0.3333333333333333,0.8,1.0,0.1666666666666666,0.3333333333333333,0.6666666666666666,0.13055555555555554,10.0,0.2499999999999999,10.612222222222222
0.4595,0.6666666666666666,0.5,0.6153846153846154,0.3333333333333333,0.7222222222222221,1.0,0.0,0.5,0.3333333333333333,0.0,0.0,0.3333333333333333,0.0,0.3333333333333333,0.0861111111111111,10.0,0.5,10.839444444444444
0.46,0.3333333333333333,1.0,0.3846153846153846,0.5,0.6666666666666665,0.0,0.3333333333333333,0.0,0.0,0.4,0.3333333333333333,0.0833333333333333,1.0,0.3333333333333333,0.10833333333333332,10.0,0.12499999999999994,10.400833333333333
0.461,0.6666666666666666,0.5,0.1538461538461538,0.3333333333333333,0.1666666666666666,0.0,1.0,1.0,0.3333333333333333,0.6000000000000001,0.0,0.1666666666666666,1.0,0.6666666666666666,0.05833333333333332,10.0,0.2499999999999999,10.453333333333333
0.4615,0.6666666666666666,0.0,0.0769230769230769,0.5,0.7222222222222221,0.5,1.0,0.0,0.3333333333333333,0.0,0.6666666666666666,0.25,0.0,0.0,0.11111111111111112,10.0,0.375,10.731944444444446
0.462,0.3333333333333333,0.0,0.0769230769230769,0.5,0.6666666666666665,0.5,0.6666666666666666,0.5,0.0,0.4,0.6666666666666666,0.25,0.6666666666666666,0.3333333333333333,0.10833333333333332,10.0,0.375,10.725833333333334
0.4625,0.3333333333333333,0.0,0.3076923076923077,0.1666666666666666,0.8333333333333333,0.0,0.6666666666666666,0.5,0.0,0.2,0.3333333333333333,0.3333333333333333,0.0,0.0,0.06666666666666665,10.0,0.5,10.796666666666667
0.463,1.0,1.0,0.6923076923076923,1.0,0.1111111111111111,0.5,0.3333333333333333,0.0,1.0,0.4,0.3333333333333333,0.3333333333333333,0.6666666666666666,0.6666666666666666,0.15555555555555553,10.0,0.5,10.992222222222223
0.4635,0.3333333333333333,1.0,0.9230769230769232,0.3333333333333333,0.8888888888888888,0.5,0.3333333333333333,0.0,0.0,0.8,0.6666666666666666,0.0,0.3333333333333333,0.6666666666666666,0.09444444444444443,10.0,0.0,10.207777777777778
0.464,0.6666666666666666,0.5,0.6923076923076923,0.5,1.0,1.0,0.0,0.0,0.3333333333333333,0.0,0.6666666666666666,0.25,1.0,0.0,0.125,10.0,0.375,10.762500000000001
0.4645,0.3333333333333333,0.0,0.3076923076923077,0.5,0.2777777777777777,0.5,1.0,1.0,0.0,0.8,0.3333333333333333,0.0,0.6666666666666666,1.0,0.08888888888888889,10.0,0.0,10.195555555555556
0.465,0.0,0.0,0.8461538461538463,0.1666666666666666,0.7222222222222221,0.5,0.0,1.0,0.6666666666666666,0.6000000000000001,0.3333333333333333,0.0833333333333333,0.3333333333333333,0.3333333333333333,0.0611111111111111,10.0,0.12499999999999994,10.296944444444444
0.4655,1.0,0.0,0.0,1.0,0.1666666666666666,0.5,1.0,1.0,1.0,0.8,0.3333333333333333,0.0833333333333333,0.6666666666666666,0.0,0.15833333333333335,10.0,0.12499999999999994,10.510833333333332
0.4665,0.3333333333333333,1.0,0.0,0.1666666666666666,0.1111111111111111,0.0,0.3333333333333333,0.0,0.0,0.8,0.6666666666666666,0.25,0.0,0.6666666666666666,0.03055555555555555,10.0,0.375,10.554722222222223
0.467,0.3333333333333333,0.5,0.1538461538461538,0.1666666666666666,0.7222222222222221,0.5,1.0,0.0,0.0,1.0,0.0,0.3333333333333333,0.6666666666666666,0.0,0.0611111111111111,10.0,0.5,10.784444444444444
0.4675,0.3333333333333333,1.0,0.5384615384615385,0.5,0.3333333333333333,0.0,0.3333333333333333,0.5,0.0,0.4,0.3333333333333333,0.25,0.3333333333333333,0.0,0.09166666666666666,10.0,0.375,10.689166666666667
0.468,0.6666666666666666,0.0,0.0769230769230769,0.5,0.3333333333333333,1.0,0.3333333333333333,0.5,0.3333333333333333,0.4,1.0,0.3333333333333333,0.3333333333333333,0.0,0.09166666666666666,10.0,0.5,10.851666666666667
0.4685,0.6666666666666666,0.0,0.7692307692307693,0.3333333333333333,0.0555555555555555,0.5,0.3333333333333333,0.0,0.3333333333333333,0.8,0.3333333333333333,0.3333333333333333,0.0,0.3333333333333333,0.05277777777777777,10.0,0.5,10.766111111111112
0.469,0.6666666666666666,0.5,0.5384615384615385,0.5,0.6111111111111112,0.5,0.3333333333333333,0.5,0.3333333333333333,1.0,0.3333333333333333,0.1666666666666666,0.6666666666666666,0.0,0.10555555555555556,10.0,0.2499999999999999,10.557222222222222
0.4695,1.0,0.0,0.1538461538461538,0.5,0.4444444444444445,0.5,0.6666666666666666,1.0,1.0,0.8,0.3333333333333333,0.25,0.3333333333333333,0.0,0.09722222222222222,10.0,0.375,10.70138888888889
0.47,0.3333333333333333,0.0,0.3846153846153846,0.5,0.4444444444444445,0.5,0.3333333333333333,0.5,0.0,1.0,0.3333333333333333,0.1666666666666666,0.6666666666666666,0.6666666666666666,0.09722222222222222,10.0,0.2499999999999999,10.538888888888888
0.4705,1.0,0.0,0.5384615384615385,0.8333333333333333,0.6666666666666665,0.5,0.6666666666666666,1.0,1.0,1.0,1.0,0.25,0.3333333333333333,0.3333333333333333,0.15833333333333333,10.0,0.375,10.835833333333333
0.471,0.6666666666666666,1.0,0.9230769230769232,0.3333333333333333,0.5555555555555556,0.5,0.0,1.0,0.3333333333333333,1.0,0.3333333333333333,0.0,0.0,1.0,0.07777777777777777,10.0,0.0,10.171111111111111
0.472,1.0,0.5,0.6923076923076923,0.5,0.8333333333333333,1.0,1.0,1.0,1.0,0.4,0.0,0.0,1.0,1.0,0.11666666666666665,10.0,0.0,10.256666666666666
0.4725,0.6666666666666666,0.0,1.0,0.5,0.2222222222222222,0.0,0.6666666666666666,1.0,0.3333333333333333,0.4,0.3333333333333333,0.1666666666666666,0.6666666666666666,0.3333333333333333,0.08611111111111111,10.0,0.2499999999999999,10.514444444444443
0.473,0.6666666666666666,1.0,1.0,0.5,0.3888888888888889,0.5,1.0,0.5,0.3333333333333333,0.2,0.6666666666666666,0.0,1.0,0.6666666666666666,0.09444444444444444,10.0,0.0,10.207777777777778
0.4735,0.6666666666666666,0.5,0.3846153846153846,0.6666666666666666,0.2222222222222222,0.0,1.0,0.0,0.3333333333333333,0.4,0.3333333333333333,0.1666666666666666,0.0,1.0,0.1111111111111111,10.0,0.2499999999999999,10.569444444444443
0.474,0.6666666666666666,1.0,0.6923076923076923,0.5,0.1666666666666666,1.0,1.0,1.0,0.3333333333333333,0.2,1.0,0.0833333333333333,0.6666666666666666,0.0,0.08333333333333333,10.0,0.12499999999999994,10.345833333333333
0.4745,0.3333333333333333,0.0,0.4615384615384615,0.1666666666666666,0.4444444444444445,0.5,0.3333333333333333,1.0,0.0,0.6000000000000001,0.0,0.0,0.3333333333333333,0.0,0.047222222222222214,10.0,0.0,10.10388888888889
0.475,0.6666666666666666,1.0,0.0769230769230769,0.3333333333333333,1.0,0.5,0.3333333333333333,1.0,0.3333333333333333,0.6000000000000001,0.0,0.0833333333333333,0.6666666666666666,1.0,0.1,10.0,0.12499999999999994,10.3825
0.4755,0.3333333333333333,0.0,0.9230769230769232,0.1666666666666666,0.8333333333333333,0.0,1.0,1.0,0.0,0.8,0.3333333333333333,0.3333333333333333,0.3333333333333333,1.0,0.06666666666666665,10.0,0.5,10.796666666666667
0.476,0.6666666666666666,1.0,0.0,0.6666666666666666,0.3333333333333333,1.0,0.3333333333333333,0.0,0.3333333333333333,0.4,0.6666666666666666,0.0833333333333333,0.0,0.3333333333333333,0.11666666666666665,10.0,0.12499999999999994,10.419166666666666
0.4765,1.0,0.5,0.2307692307692307,0.6666666666666666,0.0555555555555555,1.0,0.6666666666666666,0.5,1.0,0.2,1.0,0.25,0.3333333333333333,0.0,0.10277777777777776,10.0,0.375,10.713611111111112
0.4775,1.0,0.0,0.3076923076923077,0.6666666666666666,0.4444444444444445,0.0,1.0,0.5,1.0,0.0,0.3333333333333333,0.3333333333333333,0.3333333333333333,0.6666666666666666,0.12222222222222222,10.0,0.5,10.918888888888889
0.478,0.3333333333333333,0.0,0.6153846153846154,0.5,0.1666666666666666,0.0,0.6666666666666666,0.0,0.0,0.2,1.0,0.0833333333333333,1.0,0.6666666666666666,0.08333333333333333,10.0,0.12499999999999994,10.345833333333333
0.4785,0.6666666666666666,1.0,0.1538461538461538,0.5,0.4444444444444445,1.0,0.3333333333333333,0.5,0.3333333333333333,1.0,0.0,0.0833333333333333,1.0,0.6666666666666666,0.09722222222222222,10.0,0.12499999999999994,10.376388888888888
0.479,0.3333333333333333,0.0,0.6153846153846154,0.5,0.3333333333333333,0.0,1.0,0.5,0.0,0.2,0.3333333333333333,0.3333333333333333,1.0,0.0,0.09166666666666666,10.0,0.5,10.851666666666667
0.4795,0.3333333333333333,0.5,0.8461538461538463,0.3333333333333333,0.2222222222222222,0.5,0.0,0.0,0.0,0.0,1.0,0.25,0.0,0.3333333333333333,0.0611111111111111,10.0,0.375,10.621944444444445
0.48,0.3333333333333333,1.0,0.0769230769230769,0.3333333333333333,0.8888888888888888,0.5,1.0,1.0,0.0,0.2,0.6666666666666666,0.0,0.0,0.0,0.09444444444444443,10.0,0.0,10.207777777777778
0.4805,0.6666666666666666,0.5,0.7692307692307693,0.6666666666666666,0.2777777777777777,0.0,1.0,1.0,0.3333333333333333,0.0,1.0,0.1666666666666666,0.6666666666666666,0.3333333333333333,0.11388888888888887,10.0,0.2499999999999999,10.575555555555555
0.481,0.3333333333333333,1.0,0.6153846153846154,0.3333333333333333,1.0,1.0,0.6666666666666666,1.0,0.0,0.4,0.6666666666666666,0.1666666666666666,0.3333333333333333,1.0,0.1,10.0,0.2499999999999999,10.545
0.4815,0.3333333333333333,1.0,0.0769230769230769,0.1666666666666666,0.9444444444444444,0.5,1.0,0.5,0.0,0.6000000000000001,0.0,0.25,0.0,0.6666666666666666,0.07222222222222222,10.0,0.375,10.64638888888889
0.482,0.3333333333333333,0.5,0.6153846153846154,0.1666666666666666,0.3333333333333333,1.0,0.6666666666666666,0.0,0.0,1.0,0.0,0.0,0.6666666666666666,0.3333333333333333,0.04166666666666666,10.0,0.0,10.091666666666667
0.483,0.6666666666666666,0.0,0.6153846153846154,0.3333333333333333,0.6111111111111112,0.0,0.3333333333333333,0.0,0.3333333333333333,1.0,0.3333333333333333,0.1666666666666666,0.0,0.3333333333333333,0.08055555555555555,10.0,0.2499999999999999,10.50222222222222
0.4835,0.6666666666666666,0.5,0.4615384615384615,0.5,0.2777777777777777,1.0,0.6666666666666666,0.5,0.3333333333333333,0.8,0.3333333333333333,0.0,1.0,1.0,0.08888888888888889,10.0,0.0,10.195555555555556
0.484,0.3333333333333333,0.0,0.9230769230769232,0.5,0.9444444444444444,0.5,0.3333333333333333,0.0,0.0,1.0,0.6666666666666666,0.1666666666666666,1.0,1.0,0.12222222222222223,10.0,0.2499999999999999,10.593888888888888
0.4845,1.0,0.5,0.3846153846153846,0.6666666666666666,0.7777777777777777,0.0,0.6666666666666666,0.0,1.0,0.2,1.0,0.1666666666666666,0.3333333333333333,0.3333333333333333,0.13888888888888887,10.0,0.2499999999999999,10.630555555555555
0.485,0.0,0.0,0.8461538461538463,0.0,0.4999999999999999,0.0,1.0,1.0,0.6666666666666666,0.2,1.0,0.3333333333333333,0.6666666666666666,0.0,0.024999999999999994,10.0,0.5,10.705
0.4855,0.3333333333333333,0.0,0.6923076923076923,0.1666666666666666,0.7222222222222221,1.0,0.3333333333333333,1.0,0.0,0.2,0.6666666666666666,0.1666666666666666,0.0,0.3333333333333333,0.0611111111111111,10.0,0.2499999999999999,10.459444444444443
0.486,0.6666666666666666,0.5,0.8461538461538463,0.3333333333333333,0.4444444444444445,0.5,0.3333333333333333,1.0,0.3333333333333333,0.6000000000000001,1.0,0.25,1.0,1.0,0.07222222222222222,10.0,0.375,10.64638888888889
0.4865,0.0,0.0,0.3076923076923077,0.0,0.8333333333333333,0.0,1.0,0.0,0.6666666666666666,0.0,0.6666666666666666,0.3333333333333333,0.6666666666666666,0.0,0.041666666666666664,10.0,0.5,10.741666666666667
0.487,0.0,0.5,0.6923076923076923,0.0,0.7222222222222221,0.5,0.0,1.0,0.6666666666666666,0.0,0.0,0.3333333333333333,0.6666666666666666,0.0,0.03611111111111111,10.0,0.5,10.729444444444445
0.4875,0.3333333333333333,0.5,0.1538461538461538,0.5,0.5555555555555556,0.5,0.3333333333333333,0.5,0.0,1.0,0.0,0.0,1.0,0.6666666666666666,0.10277777777777777,10.0,0.0,10.226111111111111
0.4885,0.3333333333333333,0.0,0.6153846153846154,0.5,0.4444444444444445,1.0,0.6666666666666666,1.0,0.0,1.0,0.3333333333333333,0.0833333333333333,0.3333333333333333,1.0,0.09722222222222222,10.0,0.12499999999999994,10.376388888888888
0.489,0.0,0.0,0.2307692307692307,0.1666666666666666,0.7222222222222221,0.0,0.0,0.5,0.6666666666666666,0.2,0.3333333333333333,0.0833333333333333,0.0,0.0,0.0611111111111111,10.0,0.12499999999999994,10.296944444444444
0.4895,0.0,0.0,1.0,0.1666666666666666,0.2222222222222222,0.5,0.3333333333333333,0.0,0.6666666666666666,0.0,1.0,0.3333333333333333,1.0,0.0,0.0361111111111111,10.0,0.5,10.729444444444445
0.49,0.6666666666666666,0.0,0.1538461538461538,0.3333333333333333,0.2777777777777777,0.5,0.0,0.0,0.3333333333333333,0.8,0.3333333333333333,0.3333333333333333,0.6666666666666666,0.0,0.06388888888888888,10.0,0.5,10.790555555555557
0.4905,0.6666666666666666,0.0,0.7692307692307693,0.5,0.8333333333333333,0.5,0.3333333333333333,0.0,0.3333333333333333,0.8,0.6666666666666666,0.0833333333333333,1.0,0.0,0.11666666666666665,10.0,0.12499999999999994,10.419166666666666
0.491,0.3333333333333333,0.0,0.5384615384615385,0.1666666666666666,0.0555555555555555,1.0,0.6666666666666666,0.5,0.0,0.0,0.6666666666666666,0.25,1.0,0.0,0.02777777777777777,10.0,0.375,10.548611111111112
0.4915,0.3333333333333333,0.5,0.4615384615384615,0.1666666666666666,0.7777777777777777,1.0,0.0,0.0,0.0,0.0,0.6666666666666666,0.0,1.0,0.6666666666666666,0.06388888888888888,10.0,0.0,10.140555555555556
0.492,0.0,1.0,0.0769230769230769,0.1666666666666666,0.3888888888888889,0.5,0.0,0.0,0.6666666666666666,0.2,0.6666666666666666,0.1666666666666666,0.0,1.0,0.044444444444444446,10.0,0.2499999999999999,10.422777777777776
0.4925,0.3333333333333333,0.0,0.5384615384615385,0.1666666666666666,0.8333333333333333,0.5,0.3333333333333333,1.0,0.0,0.8,1.0,0.1666666666666666,0.6666666666666666,0.3333333333333333,0.06666666666666665,10.0,0.2499999999999999,10.471666666666666
0.493,0.6666666666666666,1.0,0.0,0.3333333333333333,0.1111111111111111,0.0,1.0,1.0,0.3333333333333333,0.8,1.0,0.0833333333333333,0.3333333333333333,0.3333333333333333,0.05555555555555555,10.0,0.12499999999999994,10.284722222222221
0.494,0.3333333333333333,1.0,0.6153846153846154,0.3333333333333333,0.4999999999999999,0.5,0.3333333333333333,0.0,0.0,1.0,0.0,0.25,0.0,0.0,0.07499999999999998,10.0,0.375,10.6525
0.4945,0.6666666666666666,1.0,0.3846153846153846,0.5,0.2777777777777777,0.0,0.6666666666666666,0.0,0.3333333333333333,0.0,1.0,0.3333333333333333,0.0,0.6666666666666666,0.08888888888888889,10.0,0.5,10.845555555555556
0.495,0.6666666666666666,0.5,0.6923076923076923,0.3333333333333333,0.3888888888888889,1.0,0.0,1.0,0.3333333333333333,0.2,0.6666666666666666,0.25,0.3333333333333333,0.0,0.06944444444444445,10.0,0.375,10.64027777777778
0.4955,0.6666666666666666,0.5,0.6153846153846154,0.5,0.2777777777777777,1.0,0.6666666666666666,0.0,0.3333333333333333,0.4,0.3333333333333333,0.25,1.0,0.3333333333333333,0.08888888888888889,10.0,0.375,10.683055555555557
0.496,0.6666666666666666,0.5,0.7692307692307693,0.3333333333333333,0.6666666666666665,1.0,0.0,1.0,0.3333333333333333,0.0,1.0,0.0,0.3333333333333333,1.0,0.08333333333333331,10.0,0.0,10.183333333333334
0.4965,0.6666666666666666,0.0,0.9230769230769232,0.3333333333333333,1.0,0.0,0.0,0.0,0.3333333333333333,0.2,1.0,0.0,0.3333333333333333,0.3333333333333333,0.1,10.0,0.0,10.22
0.497,0.6666666666666666,1.0,0.1538461538461538,0.5,0.6111111111111112,0.0,1.0,0.5,0.3333333333333333,0.6000000000000001,0.6666666666666666,0.0833333333333333,1.0,0.3333333333333333,0.10555555555555556,10.0,0.12499999999999994,10.394722222222223
0.4975,0.3333333333333333,1.0,0.0,0.1666666666666666,0.2777777777777777,0.5,0.0,0.0,0.0,0.0,1.0,0.0833333333333333,0.0,1.0,0.038888888888888876,10.0,0.12499999999999994,10.248055555555554
0.498,0.6666666666666666,0.0,0.5384615384615385,0.6666666666666666,0.2777777777777777,0.5,0.6666666666666666,0.5,0.3333333333333333,0.0,0.0,0.1666666666666666,0.3333333333333333,0.6666666666666666,0.11388888888888887,10.0,0.2499999999999999,10.575555555555555
0.4985,0.6666666666666666,0.5,0.6153846153846154,0.6666666666666666,0.6666666666666665,0.0,0.0,0.0,0.3333333333333333,0.8,0.3333333333333333,0.25,0.0,1.0,0.1333333333333333,10.0,0.375,10.780833333333334
0.5,1.0,0.5,0.0,0.6666666666666666,0.8888888888888888,0.5,0.0,0.0,1.0,0.2,1.0,0.3333333333333333,1.0,0.3333333333333333,0.14444444444444443,10.0,0.5,10.967777777777778
0.5005000000000001,0.3333333333333333,0.5,0.1538461538461538,0.5,0.1111111111111111,0.5,1.0,1.0,0.0,0.2,0.6666666666666666,0.0833333333333333,1.0,1.0,0.08055555555555556,10.0,0.12499999999999994,10.339722222222221
0.501,0.3333333333333333,0.5,1.0,0.1666666666666666,0.1666666666666666,0.0,1.0,0.0,0.0,1.0,0.6666666666666666,0.0833333333333333,0.3333333333333333,0.0,0.03333333333333332,10.0,0.12499999999999994,10.235833333333334
0.5015000000000001,0.3333333333333333,0.0,0.0769230769230769,0.3333333333333333,0.8333333333333333,1.0,1.0,0.5,0.0,1.0,1.0,0.3333333333333333,1.0,1.0,0.09166666666666666,10.0,0.5,10.851666666666667
0.502,0.0,0.5,1.0,0.1666666666666666,0.7777777777777777,0.0,0.6666666666666666,0.0,0.6666666666666666,0.6000000000000001,0.3333333333333333,0.0833333333333333,0.3333333333333333,0.6666666666666666,0.06388888888888888,10.0,0.12499999999999994,10.303055555555556
0.5025000000000001,0.3333333333333333,0.5,0.6923076923076923,0.1666666666666666,0.1111111111111111,1.0,0.3333333333333333,1.0,0.0,1.0,0.0,0.3333333333333333,0.3333333333333333,1.0,0.03055555555555555,10.0,0.5,10.717222222222222
0.503,0.6666666666666666,0.0,0.3846153846153846,0.6666666666666666,0.4999999999999999,1.0,0.3333333333333333,0.5,0.3333333333333333,0.8,0.0,0.25,0.0,0.0,0.12499999999999997,10.0,0.375,10.762500000000001
0.5035000000000001,0.3333333333333333,1.0,0.6923076923076923,0.1666666666666666,1.0,1.0,0.6666666666666666,0.5,0.0,1.0,0.3333333333333333,0.1666666666666666,1.0,0.6666666666666666,0.075,10.0,0.2499999999999999,10.489999999999998
0.504,1.0,1.0,0.0,0.6666666666666666,0.0,0.0,1.0,0.5,1.0,0.2,0.0,0.3333333333333333,1.0,0.3333333333333333,0.09999999999999999,10.0,0.5,10.870000000000001
0.5045000000000001,1.0,0.5,0.6153846153846154,0.8333333333333333,0.4999999999999999,1.0,1.0,1.0,1.0,0.2,0.6666666666666666,0.0833333333333333,1.0,1.0,0.14999999999999997,10.0,0.12499999999999994,10.4925
0.5055000000000001,0.6666666666666666,1.0,0.5384615384615385,0.3333333333333333,0.3888888888888889,0.5,0.0,0.5,0.3333333333333333,0.0,0.6666666666666666,0.3333333333333333,0.3333333333333333,0.3333333333333333,0.06944444444444445,10.0,0.5,10.802777777777779
0.506,0.6666666666666666,0.0,0.2307692307692307,0.6666666666666666,0.7777777777777777,1.0,0.3333333333333333,0.5,0.3333333333333333,0.8,0.3333333333333333,0.1666666666666666,0.6666666666666666,1.0,0.13888888888888887,10.0,0.2499999999999999,10.630555555555555
0.5065000000000001,0.3333333333333333,1.0,0.0,0.5,1.0,0.0,0.3333333333333333,0.5,0.0,0.4,0.0,0.3333333333333333,1.0,0.3333333333333333,0.125,10.0,0.5,10.925
0.507,0.3333333333333333,1.0,0.3076923076923077,0.3333333333333333,0.4999999999999999,0.5,0.0,1.0,0.0,0.6000000000000001,0.6666666666666666,0.0833333333333333,0.6666666666666666,1.0,0.07499999999999998,10.0,0.12499999999999994,10.327499999999999
0.5075000000000001,0.3333333333333333,0.0,1.0,0.3333333333333333,0.5555555555555556,0.0,1.0,1.0,0.0,1.0,1.0,0.1666666666666666,1.0,1.0,0.07777777777777777,10.0,0.2499999999999999,10.49611111111111
0.508,0.6666666666666666,0.0,0.7692307692307693,0.6666666666666666,0.3888888888888889,0.5,0.0,0.0,0.3333333333333333,0.8,0.0,0.25,0.3333333333333333,0.3333333333333333,0.11944444444444442,10.0,0.375,10.750277777777779
0.5085000000000001,0.3333333333333333,0.5,0.6153846153846154,0.5,1.0,1.0,0.3333333333333333,1.0,0.0,0.4,1.0,0.1666666666666666,0.3333333333333333,1.0,0.125,10.0,0.2499999999999999,10.6
0.509,0.0,0.5,0.6153846153846154,0.0,0.0,1.0,0.0,0.0,0.6666666666666666,0.2,0.6666666666666666,0.0,0.3333333333333333,0.3333333333333333,0.0,10.0,0.0,10.0
0.5095000000000001,0.3333333333333333,1.0,0.3076923076923077,0.1666666666666666,0.0555555555555555,0.5,1.0,1.0,0.0,0.4,0.3333333333333333,0.0,0.6666666666666666,0.3333333333333333,0.02777777777777777,10.0,0.0,10.061111111111112
0.51,0.3333333333333333,1.0,0.8461538461538463,0.3333333333333333,0.7222222222222221,1.0,0.3333333333333333,0.5,0.0,1.0,1.0,0.25,0.0,0.0,0.0861111111111111,10.0,0.375,10.676944444444445
0.511,0.3333333333333333,0.0,0.2307692307692307,0.5,0.1111111111111111,0.0,1.0,1.0,0.0,1.0,0.6666666666666666,0.1666666666666666,1.0,0.6666666666666666,0.08055555555555556,10.0,0.2499999999999999,10.50222222222222
0.5115000000000001,0.6666666666666666,0.5,0.3076923076923077,0.6666666666666666,0.9444444444444444,0.0,0.3333333333333333,0.5,0.3333333333333333,1.0,0.3333333333333333,0.1666666666666666,0.0,0.3333333333333333,0.1472222222222222,10.0,0.2499999999999999,10.648888888888887
0.512,0.0,0.5,0.3076923076923077,0.0,0.6111111111111112,1.0,0.0,1.0,0.6666666666666666,0.0,1.0,0.25,0.6666666666666666,1.0,0.030555555555555558,10.0,0.375,10.554722222222223
0.5125,0.6666666666666666,0.0,1.0,0.5,0.2222222222222222,0.5,1.0,0.5,0.3333333333333333,0.4,0.3333333333333333,0.0833333333333333,0.6666666666666666,0.3333333333333333,0.08611111111111111,10.0,0.12499999999999994,10.351944444444444
0.513,0.6666666666666666,0.0,0.3846153846153846,0.6666666666666666,0.7777777777777777,0.5,0.0,0.0,0.3333333333333333,0.8,0.3333333333333333,0.0833333333333333,0.0,0.0,0.13888888888888887,10.0,0.12499999999999994,10.468055555555555
0.5135,0.3333333333333333,0.5,0.0769230769230769,0.1666666666666666,0.0555555555555555,0.0,1.0,1.0,0.0,0.6000000000000001,0.3333333333333333,0.0833333333333333,0.6666666666666666,0.0,0.02777777777777777,10.0,0.12499999999999994,10.223611111111111
0.514,1.0,0.5,0.9230769230769232,0.5,0.6666666666666665,1.0,0.3333333333333333,0.5,1.0,0.0,0.0,0.0,0.0,0.0,0.10833333333333332,10.0,0.0,10.238333333333333
0.5145,0.3333333333333333,0.0,0.0769230769230769,0.1666666666666666,0.9444444444444444,0.0,1.0,1.0,0.0,0.6000000000000001,1.0,0.0,1.0,1.0,0.07222222222222222,10.0,0.0,10.158888888888889
0.515,0.0,1.0,1.0,0.1666666666666666,0.5555555555555556,1.0,1.0,1.0,0.6666666666666666,1.0,0.0,0.0833333333333333,1.0,1.0,0.05277777777777777,10.0,0.12499999999999994,10.278611111111111
0.5155,0.6666666666666666,1.0,1.0,0.5,1.0,0.5,0.6666666666666666,0.5,0.3333333333333333,0.4,1.0,0.0833333333333333,0.0,0.3333333333333333,0.125,10.0,0.12499999999999994,10.4375
0.5165,1.0,0.5,0.0,0.5,0.3333333333333333,0.5,0.3333333333333333,1.0,1.0,0.8,1.0,0.0,1.0,0.3333333333333333,0.09166666666666666,10.0,0.0,10.201666666666666
0.517,0.6666666666666666,0.0,0.5384615384615385,0.6666666666666666,0.6666666666666665,1.0,0.6666666666666666,1.0,0.3333333333333333,0.8,0.6666666666666666,0.0833333333333333,0.6666666666666666,0.3333333333333333,0.1333333333333333,10.0,0.12499999999999994,10.455833333333333
0.5175,0.6666666666666666,1.0,1.0,0.3333333333333333,0.8888888888888888,0.5,0.6666666666666666,1.0,0.3333333333333333,0.0,0.6666666666666666,0.0833333333333333,0.3333333333333333,0.3333333333333333,0.09444444444444443,10.0,0.12499999999999994,10.370277777777778
0.518,0.6666666666666666,0.0,0.9230769230769232,0.5,0.0555555555555555,0.5,0.6666666666666666,0.5,0.3333333333333333,0.8,0.0,0.1666666666666666,0.6666666666666666,0.3333333333333333,0.07777777777777777,10.0,0.2499999999999999,10.49611111111111
0.5185,0.6666666666666666,0.0,0.3846153846153846,0.3333333333333333,0.3333333333333333,0.5,1.0,0.0,0.3333333333333333,1.0,0.3333333333333333,0.3333333333333333,1.0,0.6666666666666666,0.06666666666666665,10.0,0.5,10.796666666666667
0.519,0.6666666666666666,0.0,1.0,0.6666666666666666,0.9444444444444444,0.5,0.0,0.0,0.3333333333333333,0.6000000000000001,0.3333333333333333,0.3333333333333333,0.6666666666666666,1.0,0.1472222222222222,10.0,0.5,10.973888888888888
0.5195,0.3333333333333333,0.5,0.9230769230769232,0.5,0.1666666666666666,0.5,0.0,0.5,0.0,0.4,1.0,0.0833333333333333,0.0,0.3333333333333333,0.08333333333333333,10.0,0.12499999999999994,10.345833333333333
0.52,0.0,1.0,0.3846153846153846,0.0,0.3888888888888889,1.0,0.6666666666666666,0.0,0.6666666666666666,0.0,0.3333333333333333,0.3333333333333333,0.0,0.6666666666666666,0.019444444444444445,10.0,0.5,10.692777777777778
0.5205,0.3333333333333333,1.0,0.0,0.1666666666666666,0.0,1.0,0.0,0.0,0.0,0.6000000000000001,0.6666666666666666,0.0833333333333333,0.3333333333333333,0.0,0.024999999999999994,10.0,0.12499999999999994,10.2175
0.521,0.3333333333333333,0.0,0.6923076923076923,0.3333333333333333,0.8333333333333333,1.0,0.3333333333333333,1.0,0.0,1.0,0.6666666666666666,0.1666666666666666,0.3333333333333333,0.6666666666666666,0.09166666666666666,10.0,0.2499999999999999,10.526666666666666
0.522,1.0,1.0,0.9230769230769232,1.0,0.3333333333333333,0.0,0.6666666666666666,0.5,1.0,0.8,1.0,0.0,0.3333333333333333,0.0,0.16666666666666666,10.0,0.0,10.366666666666667
0.5225,0.6666666666666666,0.0,0.2307692307692307,0.5,0.1111111111111111,0.5,1.0,0.5,0.3333333333333333,0.0,0.3333333333333333,0.0,0.6666666666666666,0.3333333333333333,0.08055555555555556,10.0,0.0,10.177222222222222
0.523,0.6666666666666666,1.0,0.7692307692307693,0.5,0.1111111111111111,1.0,0.3333333333333333,0.0,0.3333333333333333,1.0,0.6666666666666666,0.3333333333333333,0.0,0.3333333333333333,0.08055555555555556,10.0,0.5,10.827222222222222
0.5235,0.6666666666666666,0.0,0.0,0.3333333333333333,0.4444444444444445,0.5,0.0,0.5,0.3333333333333333,0.8,0.0,0.0,0.3333333333333333,0.3333333333333333,0.07222222222222222,10.0,0.0,10.158888888888889
0.524,0.6666666666666666,0.5,0.1538461538461538,0.3333333333333333,0.7777777777777777,0.5,0.0,0.0,0.3333333333333333,0.2,0.3333333333333333,0.0833333333333333,1.0,0.3333333333333333,0.08888888888888889,10.0,0.12499999999999994,10.358055555555556
0.5245,0.3333333333333333,0.0,0.5384615384615385,0.3333333333333333,0.7222222222222221,1.0,0.3333333333333333,0.0,0.0,0.6000000000000001,0.0,0.0833333333333333,0.3333333333333333,0.6666666666666666,0.0861111111111111,10.0,0.12499999999999994,10.351944444444444
0.525,0.3333333333333333,0.5,0.5384615384615385,0.5,0.7222222222222221,0.5,0.6666666666666666,0.0,0.0,0.4,1.0,0.3333333333333333,1.0,0.6666666666666666,0.11111111111111112,10.0,0.5,10.894444444444446
0.5255,0.3333333333333333,0.0,0.3076923076923077,0.5,0.1666666666666666,1.0,1.0,1.0,0.0,0.8,1.0,0.0,1.0,1.0,0.08333333333333333,10.0,0.0,10.183333333333334
0.526,0.3333333333333333,1.0,0.0769230769230769,0.3333333333333333,0.7222222222222221,0.5,0.3333333333333333,0.0,0.0,0.4,0.6666666666666666,0.3333333333333333,0.6666666666666666,1.0,0.0861111111111111,10.0,0.5,10.839444444444444
0.5265,1.0,1.0,0.8461538461538463,0.8333333333333333,0.1666666666666666,1.0,1.0,0.0,1.0,0.0,0.0,0.0,0.6666666666666666,0.6666666666666666,0.1333333333333333,10.0,0.0,10.293333333333333
0.5275,0.6666666666666666,1.0,0.1538461538461538,0.3333333333333333,0.4444444444444445,1.0,0.6666666666666666,0.5,0.3333333333333333,1.0,0.6666666666666666,0.0833333333333333,0.0,0.0,0.07222222222222222,10.0,0.12499999999999994,10.321388888888889
0.528,0.3333333333333333,0.0,0.0769230769230769,0.5,0.6666666666666665,0.5,1.0,0.5,0.0,0.2,0.3333333333333333,0.0833333333333333,0.3333333333333333,0.6666666666666666,0.10833333333333332,10.0,0.12499999999999994,10.400833333333333
0.5285,0.6666666666666666,0.0,0.4615384615384615,0.5,0.6666666666666665,0.5,0.6666666666666666,1.0,0.3333333333333333,0.0,0.6666666666666666,0.1666666666666666,0.3333333333333333,0.3333333333333333,0.10833333333333332,10.0,0.2499999999999999,10.563333333333333
0.529,1.0,1.0,0.0769230769230769,0.5,0.6111111111111112,0.5,1.0,0.5,1.0,0.0,0.0,0.25,0.0,0.6666666666666666,0.10555555555555556,10.0,0.375,10.719722222222224
0.5295,0.0,1.0,0.6153846153846154,0.1666666666666666,0.7777777777777777,1.0,0.3333333333333333,1.0,0.6666666666666666,0.0,0.6666666666666666,0.0833333333333333,0.0,0.0,0.06388888888888888,10.0,0.12499999999999994,10.303055555555556
0.53,0.0,0.5,0.6153846153846154,0.1666666666666666,0.6111111111111112,0.0,0.0,0.0,0.6666666666666666,0.0,0.6666666666666666,0.0833333333333333,0.3333333333333333,0.3333333333333333,0.05555555555555555,10.0,0.12499999999999994,10.284722222222221
0.5305,0.6666666666666666,0.0,0.4615384615384615,0.5,0.8888888888888888,1.0,0.6666666666666666,1.0,0.3333333333333333,0.0,1.0,0.1666666666666666,0.0,0.6666666666666666,0.11944444444444444,10.0,0.2499999999999999,10.587777777777777
0.531,0.3333333333333333,0.0,0.6923076923076923,0.5,0.7222222222222221,0.5,1.0,0.0,0.0,0.6000000000000001,0.0,0.0,0.3333333333333333,0.6666666666666666,0.11111111111111112,10.0,0.0,10.244444444444445
0.5315,0.3333333333333333,0.0,0.7692307692307693,0.5,0.7222222222222221,1.0,0.0,1.0,0.0,0.0,0.6666666666666666,0.25,0.6666666666666666,0.6666666666666666,0.11111111111111112,10.0,0.375,10.731944444444446
0.532,0.3333333333333333,0.5,0.5384615384615385,0.1666666666666666,0.2777777777777777,0.0,0.3333333333333333,1.0,0.0,0.8,0.3333333333333333,0.0833333333333333,0.6666666666666666,0.6666666666666666,0.038888888888888876,10.0,0.12499999999999994,10.248055555555554
0.533,0.6666666666666666,1.0,0.1538461538461538,0.3333333333333333,0.4999999999999999,1.0,1.0,0.0,0.3333333333333333,0.8,0.3333333333333333,0.0833333333333333,0.3333333333333333,0.0,0.07499999999999998,10.0,0.12499999999999994,10.327499999999999
0.5335,0.6666666666666666,0.0,0.5384615384615385,0.6666666666666666,0.9444444444444444,0.5,0.6666666666666666,0.0,0.3333333333333333,1.0,0.6666666666666666,0.0,0.0,1.0,0.1472222222222222,10.0,0.0,10.323888888888888
0.534,0.0,0.0,0.0769230769230769,0.0,0.5555555555555556,0.5,1.0,0.5,0.6666666666666666,0.0,0.6666666666666666,0.0,0.0,0.0,0.02777777777777778,10.0,0.0,10.061111111111112
0.5345,0.6666666666666666,1.0,0.9230769230769232,0.6666666666666666,0.7777777777777777,0.5,1.0,0.0,0.3333333333333333,1.0,0.6666666666666666,0.25,0.6666666666666666,0.0,0.13888888888888887,10.0,0.375,10.793055555555556
0.535,1.0,0.0,0.6923076923076923,0.6666666666666666,0.1111111111111111,1.0,0.3333333333333333,0.5,1.0,1.0,0.3333333333333333,0.0,0.3333333333333333,0.3333333333333333,0.10555555555555554,10.0,0.0,10.232222222222223
0.5355,0.3333333333333333,1.0,0.2307692307692307,0.1666666666666666,0.8333333333333333,0.0,0.0,1.0,0.0,0.0,1.0,0.0,0.6666666666666666,0.3333333333333333,0.06666666666666665,10.0,0.0,10.146666666666667
0.536,0.6666666666666666,0.0,1.0,0.6666666666666666,0.1111111111111111,0.5,0.3333333333333333,1.0,0.3333333333333333,0.0,1.0,0.25,1.0,1.0,0.10555555555555554,10.0,0.375,10.719722222222224
0.5365,0.6666666666666666,1.0,0.6153846153846154,0.3333333333333333,0.1666666666666666,0.0,0.6666666666666666,0.5,0.3333333333333333,0.4,1.0,0.3333333333333333,1.0,1.0,0.05833333333333332,10.0,0.5,10.778333333333334
0.537,1.0,0.5,0.3846153846153846,0.8333333333333333,1.0,0.5,0.0,0.0,1.0,0.4,0.3333333333333333,0.0833333333333333,0.3333333333333333,1.0,0.175,10.0,0.12499999999999994,10.5475
0.5375,0.3333333333333333,0.0,0.5384615384615385,0.3333333333333333,0.1666666666666666,0.5,1.0,0.0,0.0,0.4,0.3333333333333333,0.0,0.0,1.0,0.05833333333333332,10.0,0.0,10.128333333333334
0.5385,0.0,0.0,0.8461538461538463,0.0,0.0,0.0,0.0,0.0,0.6666666666666666,0.2,1.0,0.25,0.0,0.3333333333333333,0.0,10.0,0.375,10.4875
0.539,0.6666666666666666,0.5,0.0,0.6666666666666666,1.0,0.0,0.6666666666666666,0.5,0.3333333333333333,0.2,0.6666666666666666,0.0833333333333333,0.6666666666666666,0.0,0.15,10.0,0.12499999999999994,10.4925
0.5395,0.6666666666666666,0.0,0.4615384615384615,0.3333333333333333,0.6111111111111112,0.0,0.3333333333333333,0.5,0.3333333333333333,0.4,0.3333333333333333,0.0833333333333333,1.0,0.0,0.08055555555555555,10.0,0.12499999999999994,10.339722222222221
0.54,0.6666666666666666,0.0,0.2307692307692307,0.5,0.1111111111111111,1.0,0.3333333333333333,0.0,0.3333333333333333,1.0,1.0,0.1666666666666666,0.0,1.0,0.08055555555555556,10.0,0.2499999999999999,10.50222222222222
0.5405,0.3333333333333333,1.0,0.0769230769230769,0.5,0.7777777777777777,1.0,0.6666666666666666,1.0,0.0,0.4,0.0,0.25,0.6666666666666666,0.0,0.11388888888888889,10.0,0.375,10.738055555555556
0.541,0.3333333333333333,0.0,1.0,0.1666666666666666,0.4999999999999999,1.0,0.6666666666666666,1.0,0.0,0.2,0.0,0.1666666666666666,0.0,1.0,0.04999999999999999,10.0,0.2499999999999999,10.434999999999999
0.5415,0.3333333333333333,1.0,1.0,0.5,0.7777777777777777,0.0,0.0,1.0,0.0,0.0,0.3333333333333333,0.25,0.3333333333333333,0.0,0.11388888888888889,10.0,0.375,10.738055555555556
0.542,0.6666666666666666,1.0,0.4615384615384615,0.3333333333333333,0.1666666666666666,0.5,0.3333333333333333,0.5,0.3333333333333333,0.0,0.0,0.25,0.0,0.3333333333333333,0.05833333333333332,10.0,0.375,10.615833333333335
0.5425,0.3333333333333333,0.0,0.3846153846153846,0.1666666666666666,0.3888888888888889,0.0,0.0,1.0,0.0,0.0,0.3333333333333333,0.0,0.0,0.0,0.044444444444444446,10.0,0.0,10.097777777777777
0.543,0.6666666666666666,0.5,0.7692307692307693,0.3333333333333333,0.2222222222222222,0.5,1.0,1.0,0.3333333333333333,1.0,0.3333333333333333,0.0833333333333333,0.0,0.6666666666666666,0.0611111111111111,10.0,0.12499999999999994,10.296944444444444
0.544,0.3333333333333333,1.0,0.4615384615384615,0.1666666666666666,0.2222222222222222,0.5,0.0,1.0,0.0,1.0,0.6666666666666666,0.3333333333333333,0.3333333333333333,0.3333333333333333,0.0361111111111111,10.0,0.5,10.729444444444445
0.5445,1.0,0.0,0.9230769230769232,0.8333333333333333,0.8888888888888888,0.5,0.6666666666666666,0.0,1.0,0.0,0.3333333333333333,0.1666666666666666,0.6666666666666666,0.0,0.16944444444444443,10.0,0.2499999999999999,10.697777777777777
0.545,0.3333333333333333,0.0,0.3846153846153846,0.1666666666666666,0.3333333333333333,1.0,0.3333333333333333,0.5,0.0,1.0,0.6666666666666666,0.25,0.6666666666666666,0.3333333333333333,0.04166666666666666,10.0,0.375,10.579166666666667
0.5455,1.0,1.0,0.8461538461538463,1.0,0.4444444444444445,1.0,0.0,1.0,1.0,1.0,0.6666666666666666,0.0833333333333333,0.6666666666666666,0.0,0.17222222222222222,10.0,0.12499999999999994,10.54138888888889
0.546,1.0,0.5,1.0,0.8333333333333333,0.7777777777777777,1.0,0.6666666666666666,0.0,1.0,0.8,0.3333333333333333,0.25,0.3333333333333333,1.0,0.16388888888888886,10.0,0.375,10.848055555555556
0.5465,0.3333333333333333,0.5,0.3076923076923077,0.5,0.5555555555555556,0.0,0.3333333333333333,0.5,0.0,0.4,1.0,0.25,0.6666666666666666,0.0,0.10277777777777777,10.0,0.375,10.713611111111112
0.547,0.3333333333333333,0.0,0.8461538461538463,0.5,0.0,1.0,0.3333333333333333,0.5,0.0,0.4,1.0,0.3333333333333333,0.0,1.0,0.075,10.0,0.5,10.815
0.5475,0.6666666666666666,1.0,0.1538461538461538,0.3333333333333333,0.7222222222222221,0.0,0.6666666666666666,1.0,0.3333333333333333,0.0,1.0,0.25,0.0,0.6666666666666666,0.0861111111111111,10.0,0.375,10.676944444444445
0.548,0.3333333333333333,0.5,0.4615384615384615,0.5,1.0,0.0,1.0,0.5,0.0,0.8,0.3333333333333333,0.0833333333333333,1.0,0.6666666666666666,0.125,10.0,0.12499999999999994,10.4375
0.5485,0.0,1.0,0.3076923076923077,0.0,0.5555555555555556,0.0,1.0,1.0,0.6666666666666666,0.0,0.3333333333333333,0.1666666666666666,1.0,0.3333333333333333,0.02777777777777778,10.0,0.2499999999999999,10.386111111111111
0.5495,0.6666666666666666,0.5,1.0,0.5,0.6666666666666665,0.5,0.6666666666666666,0.5,0.3333333333333333,0.2,0.3333333333333333,0.0,0.0,0.3333333333333333,0.10833333333333332,10.0,0.0,10.238333333333333
0.55,0.3333333333333333,0.0,0.2307692307692307,0.3333333333333333,0.7777777777777777,0.5,1.0,0.5,0.0,0.6000000000000001,0.3333333333333333,0.0,0.0,0.6666666666666666,0.08888888888888889,10.0,0.0,10.195555555555556
0.5505,0.6666666666666666,1.0,1.0,0.5,0.6111111111111112,1.0,1.0,0.5,0.3333333333333333,0.2,1.0,0.25,1.0,0.6666666666666666,0.10555555555555556,10.0,0.375,10.719722222222224
0.551,0.3333333333333333,1.0,0.4615384615384615,0.5,0.2222222222222222,0.0,1.0,0.5,0.0,0.8,1.0,0.0,0.3333333333333333,0.6666666666666666,0.08611111111111111,10.0,0.0,10.189444444444444
0.5515,0.3333333333333333,0.5,0.8461538461538463,0.3333333333333333,1.0,0.5,0.6666666666666666,0.5,0.0,0.0,1.0,0.0833333333333333,0.0,0.3333333333333333,0.1,10.0,0.12499999999999994,10.3825
0.552,0.6666666666666666,0.5,0.0,0.3333333333333333,0.4999999999999999,0.0,0.3333333333333333,1.0,0.3333333333333333,0.4,0.0,0.0833333333333333,0.0,0.3333333333333333,0.07499999999999998,10.0,0.12499999999999994,10.327499999999999
0.5525,0.3333333333333333,0.0,0.7692307692307693,0.1666666666666666,0.0,0.0,0.6666666666666666,0.5,0.0,0.0,1.0,0.0833333333333333,0.6666666666666666,0.6666666666666666,0.024999999999999994,10.0,0.12499999999999994,10.2175
0.553,0.0,0.5,0.0769230769230769,0.0,0.8333333333333333,0.5,0.6666666666666666,1.0,0.6666666666666666,0.4,1.0,0.25,0.6666666666666666,0.3333333333333333,0.041666666666666664,10.0,0.375,10.579166666666667
0.5535,0.6666666666666666,1.0,0.8461538461538463,0.3333333333333333,1.0,0.5,1.0,0.0,0.3333333333333333,0.6000000000000001,0.0,0.0,0.3333333333333333,1.0,0.1,10.0,0.0,10.22
0.554,0.3333333333333333,0.5,0.9230769230769232,0.3333333333333333,0.7777777777777777,0.0,0.3333333333333333,1.0,0.0,0.6000000000000001,0.3333333333333333,0.1666666666666666,0.3333333333333333,0.3333333333333333,0.08888888888888889,10.0,0.2499999999999999,10.520555555555555
0.556,0.3333333333333333,0.5,0.8461538461538463,0.3333333333333333,0.4444444444444445,0.0,0.0,1.0,0.0,0.2,1.0,0.1666666666666666,0.3333333333333333,1.0,0.07222222222222222,10.0,0.2499999999999999,10.483888888888888
