user_email,family_size,house_type,district,milk_packets,deliveries,oil_type,bottles,segregation,food_waste,compost,garden_waste,old_devices,batteries,disposal_method,family_size_encoded,batteries_encoded,fraud_probability,fraud_flag
ckshanima2005@gmail.com,2-3,Apartment,Palakkad,2,10,Plastic packet,1-3,Always,250g_500g,home_compost,daily,12,1-2,recycle,1,0,43.26,0
user1@gmail.com,2-3,Apartment,Kollam,2,19,Plastic bottle,,Never,250g_500g,collector,daily,0,6+,recycle,1,2,24.19,0
user2@gmail.com,2-3,Large house,Kottayam,1,19,Plastic bottle,,Sometimes,250g_500g,collector,no,0,3-5,recycle,1,1,22.62,0
user3@gmail.com,4-5,Small house,Malappuram,4,17,Plastic packet,4-7,Always,250g_500g,community,monthly,0,none,sell,2,3,43.97,0
user4@gmail.com,4-5,Large house,Malappuram,4,7,Loose / refill,,Never,250g_500g,worm_compost,monthly,0,6+,recycle,2,2,21.31,0
user5@gmail.com,4-5,Large house,Kannur,4,9,Plastic bottle,7+,Never,250g_500g,biomethanation,weekly,0,1-2,recycle,2,0,19.24,0
user6@gmail.com,2-3,Apartment,Pathanamthitta,1,5,Plastic packet,,Always,250g_500g,biomethanation,daily,0,3-5,sell,1,1,15.08,0
user7@gmail.com,2-3,Apartment,Kasaragod,2,16,Loose / refill,7+,Sometimes,250g_500g,biomethanation,weekly,0,6+,store,1,2,13.66,0
user8@gmail.com,2-3,Large house,Thrissur,3,2,Plastic bottle,,Sometimes,250g_500g,home_compost,no,0,none,sell,1,3,51.7,0
user9@gmail.com,4-5,Apartment,Idukki,3,18,Plastic packet,1-3,Sometimes,250g_500g,community,monthly,1,3-5,recycle,2,1,15.43,0
user10@gmail.com,1,Large house,Idukki,0,12,Loose / refill,,Always,250g_500g,biomethanation,no,0,6+,recycle,0,2,65.81,0
user12@gmail.com,4-5,Large house,Wayanad,3,9,Plastic packet,1-3,Never,250g_500g,biomethanation,no,0,1-2,sell,2,0,4.64,0
user13@gmail.com,2-3,Apartment,Kottayam,3,20,Plastic packet,,Sometimes,250g_500g,biomethanation,weekly,0,1-2,sell,1,0,41.89,0
user14@gmail.com,4-5,Large house,Pathanamthitta,3,19,Plastic bottle,,Sometimes,250g_500g,biomethanation,weekly,0,6+,sell,2,2,25.91,0
user15@gmail.com,4-5,Large house,Thiruvananthapuram,3,8,Plastic packet,7+,Sometimes,250g_500g,collector,no,0,1-2,sell,2,0,6.06,0
user16@gmail.com,4-5,Large house,Kozhikode,4,18,Loose / refill,1-3,Sometimes,250g_500g,worm_compost,no,0,6+,store,2,2,32.02,0
user17@gmail.com,2-3,Large house,Alappuzha,1,2,Plastic packet,4-7,Sometimes,250g_500g,biomethanation,monthly,0,3-5,trash,1,1,31.07,0
user18@gmail.com,2-3,Small house,Malappuram,3,6,Plastic bottle,4-7,Sometimes,250g_500g,biomethanation,daily,0,6+,sell,1,2,12.64,0
user19@gmail.com,2-3,Large house,Wayanad,1,17,Plastic bottle,4-7,Sometimes,250g_500g,home_compost,no,0,1-2,trash,1,0,26.46,0
user20@gmail.com,4-5,Small house,Ernakulam,4,3,Plastic bottle,1-3,Always,250g_500g,worm_compost,no,0,6+,trash,2,2,36.59,0
user21@gmail.com,1,Small house,Alappuzha,0,12,Plastic packet,1-3,Always,250g_500g,collector,monthly,0,1-2,store,0,0,67.15,0
user22@gmail.com,2-3,Apartment,Idukki,2,12,Plastic packet,,Always,250g_500g,biomethanation,daily,0,none,trash,1,3,19.37,0
user23@gmail.com,2-3,Small house,Wayanad,2,8,Loose / refill,,Never,250g_500g,collector,weekly,1,1-2,recycle,1,0,12.75,0
user24@gmail.com,2-3,Large house,Idukki,2,15,Loose / refill,4-7,Never,250g_500g,biomethanation,weekly,1,3-5,recycle,1,1,7.06,0
user25@gmail.com,4-5,Apartment,Malappuram,4,13,Plastic bottle,4-7,Always,250g_500g,home_compost,no,0,6+,store,2,2,18.61,0
user26@gmail.com,2-3,Apartment,Kozhikode,2,8,Plastic packet,7+,Never,250g_500g,biomethanation,daily,0,none,recycle,1,3,26.4,0
user27@gmail.com,4-5,Apartment,Ernakulam,4,6,Plastic packet,7+,Sometimes,250g_500g,collector,weekly,0,3-5,recycle,2,1,19.69,0
user28@gmail.com,1,Small house,Kollam,1,16,Loose / refill,,Always,250g_500g,biomethanation,no,0,1-2,store,0,0,52.38,0
user29@gmail.com,6+,Small house,Kottayam,3,8,Plastic packet,7+,Always,250g_500g,biomethanation,daily,0,3-5,trash,3,1,32.1,0
user31@gmail.com,2-3,Large house,Kozhikode,2,2,Plastic packet,,Never,250g_500g,collector,weekly,0,1-2,trash,1,0,32.96,0
user32@gmail.com,2-3,Apartment,Idukki,3,18,Plastic bottle,4-7,Never,250g_500g,biomethanation,daily,0,1-2,recycle,1,0,29.59,0
user33@gmail.com,4-5,Large house,Kasaragod,4,19,Plastic bottle,1-3,Never,250g_500g,home_compost,daily,0,6+,recycle,2,2,36.63,0
user34@gmail.com,4-5,Small house,Kasaragod,3,8,Loose / refill,1-3,Never,250g_500g,community,monthly,0,none,sell,2,3,22.55,0
user35@gmail.com,2-3,Apartment,Thiruvananthapuram,2,11,Plastic packet,4-7,Never,250g_500g,community,no,0,3-5,trash,1,1,2.63,0
user36@gmail.com,1,Apartment,Thiruvananthapuram,1,6,Loose / refill,,Always,250g_500g,collector,weekly,1,6+,store,0,2,53.32,0
user37@gmail.com,4-5,Large house,Kannur,2,18,Loose / refill,4-7,Never,250g_500g,biomethanation,monthly,0,3-5,sell,2,1,20.8,0
user38@gmail.com,4-5,Small house,Alappuzha,2,20,Plastic bottle,4-7,Sometimes,250g_500g,community,monthly,0,6+,recycle,2,2,42.52,0
user39@gmail.com,6+,Small house,Palakkad,4,8,Plastic packet,4-7,Always,250g_500g,home_compost,no,0,none,recycle,3,3,55.25,0
user40@gmail.com,2-3,Apartment,Idukki,1,16,Plastic bottle,7+,Always,250g_500g,biomethanation,no,0,1-2,recycle,1,0,22.45,0
user41@gmail.com,2-3,Large house,Kozhikode,2,19,Loose / refill,4-7,Sometimes,250g_500g,collector,daily,0,1-2,recycle,1,0,28.68,0
user42@gmail.com,4-5,Large house,Malappuram,4,10,Plastic bottle,4-7,Always,250g_500g,biomethanation,daily,0,1-2,store,2,0,22.24,0
user43@gmail.com,1,Apartment,Thrissur,1,20,Plastic packet,,Sometimes,250g_500g,collector,daily,0,3-5,sell,0,1,60.57,0
user44@gmail.com,2-3,Small house,Thrissur,3,13,Plastic bottle,1-3,Always,250g_500g,biomethanation,daily,0,1-2,trash,1,0,14.41,0
user45@gmail.com,2-3,Apartment,Thiruvananthapuram,3,15,Plastic packet,,Never,250g_500g,biomethanation,no,0,3-5,trash,1,1,11.84,0
user46@gmail.com,2-3,Apartment,Malappuram,1,3,Loose / refill,,Sometimes,250g_500g,biomethanation,no,0,3-5,recycle,1,1,26.19,0
user47@gmail.com,2-3,Large house,Idukki,3,17,Plastic packet,4-7,Always,250g_500g,community,weekly,0,3-5,store,1,1,17.13,0
user48@gmail.com,2-3,Apartment,Kozhikode,2,10,Loose / refill,,Never,250g_500g,biomethanation,weekly,0,6+,store,1,2,11.33,0
user49@gmail.com,2-3,Small house,Pathanamthitta,1,3,Plastic packet,4-7,Sometimes,250g_500g,biomethanation,daily,0,1-2,trash,1,0,31.89,0
user51@gmail.com,4-5,Apartment,Palakkad,3,2,Loose / refill,1-3,Sometimes,250g_500g,community,daily,1,6+,recycle,2,2,27.59,0
user52@gmail.com,4-5,Apartment,Malappuram,2,18,Plastic packet,7+,Sometimes,250g_500g,community,monthly,0,3-5,sell,2,1,20.8,0
user53@gmail.com,4-5,Apartment,Thiruvananthapuram,2,16,Loose / refill,,Always,250g_500g,collector,monthly,0,3-5,recycle,2,1,17.01,0
user54@gmail.com,1,Apartment,Malappuram,0,18,Plastic packet,7+,Never,250g_500g,home_compost,monthly,0,3-5,trash,0,1,67.12,0
user55@gmail.com,2-3,Large house,Thrissur,3,2,Loose / refill,4-7,Never,250g_500g,collector,daily,0,3-5,trash,1,1,26.4,0
user56@gmail.com,4-5,Apartment,Kollam,4,12,Plastic packet,4-7,Always,250g_500g,biomethanation,no,0,1-2,trash,2,0,18.3,0
user57@gmail.com,6+,Small house,Palakkad,5,6,Plastic packet,7+,Never,250g_500g,mixed,monthly,0,6+,sell,3,2,63.44,0
user58@gmail.com,2-3,Apartment,Thrissur,3,10,Plastic packet,1-3,Always,250g_500g,home_compost,daily,0,3-5,sell,1,1,9.02,0
user59@gmail.com,4-5,Small house,Ernakulam,2,8,Loose / refill,,Sometimes,250g_500g,collector,weekly,0,none,recycle,2,3,27.97,0
user60@gmail.com,6+,Small house,Alappuzha,4,18,Loose / refill,1-3,Sometimes,250g_500g,home_compost,daily,0,6+,store,3,2,57.38,0
user61@gmail.com,4-5,Large house,Kannur,3,6,Loose / refill,7+,Never,250g_500g,community,daily,0,1-2,recycle,2,0,4.6,0
user62@gmail.com,2-3,Small house,Thrissur,2,13,Loose / refill,4-7,Never,250g_500g,community,no,0,3-5,sell,1,1,0.09,0
user63@gmail.com,6+,Small house,Wayanad,4,6,Loose / refill,,Always,250g_500g,collector,daily,1,6+,recycle,3,2,46.35,0
user64@gmail.com,2-3,Apartment,Kottayam,1,15,Plastic packet,4-7,Sometimes,250g_500g,biomethanation,weekly,0,1-2,recycle,1,0,19.75,0
user65@gmail.com,2-3,Large house,Ernakulam,3,11,Plastic bottle,,Never,250g_500g,biomethanation,daily,0,none,trash,1,3,25.59,0
user66@gmail.com,1,Apartment,Thrissur,0,16,Plastic packet,7+,Always,250g_500g,home_compost,monthly,1,6+,recycle,0,2,63.08,0
user67@gmail.com,6+,Apartment,Pathanamthitta,3,20,Plastic packet,1-3,Always,250g_500g,community,no,0,1-2,sell,3,0,58.51,0
user68@gmail.com,2-3,Apartment,Palakkad,1,11,Plastic bottle,4-7,Always,250g_500g,biomethanation,monthly,0,1-2,store,1,0,15.59,0
user69@gmail.com,6+,Apartment,Thiruvananthapuram,5,13,Plastic packet,1-3,Always,250g_500g,community,no,1,1-2,recycle,3,0,63.71,0
user71@gmail.com,2-3,Small house,Palakkad,1,7,Plastic bottle,4-7,Sometimes,250g_500g,collector,monthly,1,1-2,recycle,1,0,19.94,0
user72@gmail.com,4-5,Small house,Kannur,3,16,Plastic bottle,4-7,Always,250g_500g,biomethanation,daily,0,1-2,trash,2,0,14.88,0
user73@gmail.com,4-5,Apartment,Palakkad,3,18,Plastic packet,7+,Sometimes,250g_500g,mixed,monthly,0,1-2,store,2,0,22.39,0
user74@gmail.com,4-5,Apartment,Kollam,2,2,Plastic packet,4-7,Never,250g_500g,biomethanation,weekly,0,1-2,sell,2,0,33.71,0
user75@gmail.com,1,Small house,Palakkad,1,20,Plastic packet,1-3,Never,250g_500g,biomethanation,daily,1,6+,store,0,2,62.16,0
user76@gmail.com,2-3,Apartment,Alappuzha,3,12,Loose / refill,1-3,Sometimes,250g_500g,home_compost,no,0,3-5,recycle,1,1,2.39,0
user77@gmail.com,4-5,Small house,Kottayam,2,5,Loose / refill,7+,Sometimes,250g_500g,biomethanation,monthly,0,6+,sell,2,2,15.92,0
user78@gmail.com,6+,Apartment,Wayanad,4,3,Plastic packet,7+,Sometimes,250g_500g,collector,daily,0,3-5,recycle,3,1,47.44,0
user79@gmail.com,2-3,Small house,Alappuzha,1,11,Plastic bottle,7+,Always,250g_500g,biomethanation,monthly,1,1-2,recycle,1,0,17.57,0
user80@gmail.com,4-5,Apartment,Kollam,3,13,Plastic bottle,4-7,Never,250g_500g,collector,daily,0,1-2,trash,2,0,4.49,0
user81@gmail.com,4-5,Large house,Ernakulam,4,7,Plastic packet,4-7,Never,250g_500g,biomethanation,monthly,0,1-2,trash,2,0,18.96,0
user82@gmail.com,2-3,Apartment,Pathanamthitta,2,14,Plastic bottle,,Always,250g_500g,biomethanation,weekly,0,none,trash,1,3,22.15,0
user83@gmail.com,1,Small house,Idukki,1,10,Plastic bottle,,Sometimes,250g_500g,biomethanation,no,0,3-5,store,0,1,47.82,0
user85@gmail.com,2-3,Apartment,Wayanad,2,16,Plastic bottle,7+,Sometimes,250g_500g,collector,no,0,1-2,sell,1,0,17.18,0
user86@gmail.com,2-3,Apartment,Idukki,2,12,Plastic packet,,Never,250g_500g,biomethanation,no,0,3-5,trash,1,1,0.0,0
user87@gmail.com,2-3,Apartment,Kottayam,1,7,Plastic packet,4-7,Sometimes,250g_500g,biomethanation,weekly,0,1-2,trash,1,0,14.56,0
user88@gmail.com,2-3,Apartment,Kottayam,2,14,Plastic bottle,7+,Sometimes,250g_500g,biomethanation,no,1,1-2,recycle,1,0,13.73,0
user89@gmail.com,2-3,Large house,Kasaragod,1,11,Plastic packet,1-3,Always,250g_500g,collector,no,0,3-5,trash,1,1,10.09,0
user90@gmail.com,1,Apartment,Kannur,1,4,Plastic bottle,7+,Never,250g_500g,biomethanation,no,0,1-2,sell,0,0,53.27,0
user91@gmail.com,2-3,Apartment,Kasaragod,2,19,Plastic bottle,,Sometimes,250g_500g,biomethanation,no,0,6+,recycle,1,2,24.19,0
user92@gmail.com,4-5,Apartment,Thrissur,2,4,Plastic packet,4-7,Sometimes,250g_500g,biomethanation,weekly,0,3-5,trash,2,1,16.09,0
user93@gmail.com,4-5,Small house,Malappuram,2,14,Loose / refill,7+,Always,250g_500g,home_compost,monthly,0,6+,store,2,2,18.64,0
user94@gmail.com,2-3,Small house,Thrissur,3,9,Plastic packet,1-3,Always,250g_500g,home_compost,weekly,0,6+,store,1,2,10.68,0
user95@gmail.com,4-5,Large house,Alappuzha,4,5,Plastic bottle,7+,Always,250g_500g,home_compost,monthly,0,1-2,store,2,0,23.64,0
user96@gmail.com,2-3,Apartment,Alappuzha,2,3,Plastic bottle,7+,Always,250g_500g,biomethanation,monthly,0,3-5,sell,1,1,19.37,0
user98@gmail.com,6+,Apartment,Kollam,4,2,Loose / refill,4-7,Always,250g_500g,biomethanation,no,0,1-2,recycle,3,0,58.37,0
user99@gmail.com,4-5,Small house,Pathanamthitta,4,6,Plastic bottle,7+,Never,250g_500g,collector,daily,1,6+,recycle,2,2,16.51,0
user100@gmail.com,6+,Apartment,Wayanad,4,6,Loose / refill,7+,Always,250g_500g,collector,daily,0,3-5,sell,3,1,38.56,0
user101@gmail.com,4-5,Small house,Alappuzha,4,11,Loose / refill,7+,Never,250g_500g,biomethanation,daily,0,6+,store,2,2,20.18,0
user102@gmail.com,4-5,Small house,Kottayam,4,5,Plastic packet,7+,Never,250g_500g,biomethanation,daily,2,1-2,store,2,0,35.37,0
user103@gmail.com,6+,Large house,Ernakulam,5,14,Plastic packet,7+,Sometimes,250g_500g,biomethanation,weekly,0,3-5,recycle,3,1,58.66,0
user104@gmail.com,2-3,Apartment,Wayanad,1,4,Plastic packet,4-7,Sometimes,250g_500g,biomethanation,daily,0,6+,store,1,2,28.61,0
user105@gmail.com,6+,Large house,Pathanamthitta,5,5,Plastic bottle,1-3,Always,250g_500g,collector,no,0,3-5,sell,3,1,60.45,0
user107@gmail.com,4-5,Large house,Alappuzha,3,10,Loose / refill,,Sometimes,250g_500g,collector,daily,0,3-5,recycle,2,1,6.18,0
user109@gmail.com,2-3,Apartment,Kollam,3,7,Plastic packet,4-7,Always,250g_500g,collector,monthly,1,3-5,trash,1,1,8.45,0
user110@gmail.com,1,Apartment,Pathanamthitta,1,18,Plastic bottle,1-3,Sometimes,250g_500g,community,weekly,0,3-5,sell,0,1,50.8,0
user111@gmail.com,1,Small house,Kozhikode,1,5,Loose / refill,,Never,250g_500g,biomethanation,weekly,0,1-2,trash,0,0,50.16,0
user112@gmail.com,4-5,Small house,Alappuzha,4,6,Loose / refill,,Never,250g_500g,community,daily,0,1-2,recycle,2,0,19.46,0
user113@gmail.com,4-5,Large house,Kottayam,3,19,Plastic bottle,7+,Always,250g_500g,community,weekly,0,3-5,sell,2,1,20.78,0
user114@gmail.com,2-3,Large house,Kozhikode,2,12,Loose / refill,1-3,Never,250g_500g,biomethanation,no,0,3-5,trash,1,1,0.0,0
user115@gmail.com,1,Apartment,Palakkad,1,10,Loose / refill,4-7,Sometimes,250g_500g,community,monthly,0,none,sell,0,3,65.79,0
user116@gmail.com,1,Apartment,Kannur,1,13,Loose / refill,1-3,Sometimes,250g_500g,home_compost,no,0,1-2,trash,0,0,48.41,0
user117@gmail.com,4-5,Apartment,Ernakulam,2,12,Plastic packet,7+,Always,250g_500g,biomethanation,daily,1,6+,store,2,2,11.63,0
user118@gmail.com,1,Apartment,Kollam,1,7,Plastic packet,1-3,Never,250g_500g,collector,no,0,3-5,recycle,0,1,45.88,0
user119@gmail.com,4-5,Apartment,Kottayam,3,9,Plastic packet,1-3,Never,250g_500g,collector,no,0,3-5,sell,2,1,2.9,0
user120@gmail.com,4-5,Small house,Kannur,3,12,Plastic bottle,4-7,Never,250g_500g,biomethanation,daily,0,6+,sell,2,2,6.69,0
user121@gmail.com,4-5,Small house,Pathanamthitta,3,10,Plastic packet,,Always,250g_500g,biomethanation,no,0,6+,recycle,2,2,11.23,0
user122@gmail.com,4-5,Apartment,Kozhikode,3,16,Loose / refill,7+,Sometimes,250g_500g,biomethanation,no,1,1-2,store,2,0,17.93,0
user123@gmail.com,2-3,Apartment,Thrissur,1,2,Loose / refill,4-7,Always,250g_500g,biomethanation,weekly,0,3-5,recycle,1,1,31.07,0
user124@gmail.com,6+,Apartment,Kottayam,3,6,Plastic packet,1-3,Always,250g_500g,community,daily,1,1-2,sell,3,0,43.62,0
user125@gmail.com,4-5,Apartment,Kollam,4,7,Plastic bottle,1-3,Always,250g_500g,collector,no,0,1-2,sell,2,0,18.96,0
user126@gmail.com,4-5,Large house,Idukki,3,19,Plastic bottle,7+,Always,250g_500g,collector,daily,0,1-2,sell,2,0,25.56,0
user127@gmail.com,6+,Small house,Thrissur,6,10,Plastic packet,7+,Never,250g_500g,collector,daily,0,3-5,recycle,3,1,66.06,0
user128@gmail.com,2-3,Apartment,Kollam,2,7,Plastic packet,,Always,250g_500g,collector,no,1,1-2,recycle,1,0,12.17,0
user129@gmail.com,4-5,Small house,Wayanad,2,9,Plastic bottle,,Never,250g_500g,biomethanation,monthly,0,6+,recycle,2,2,12.56,0
user130@gmail.com,2-3,Small house,Alappuzha,3,9,Plastic bottle,7+,Sometimes,250g_500g,biomethanation,monthly,1,1-2,sell,1,0,14.9,0
user131@gmail.com,2-3,Apartment,Malappuram,2,4,Plastic bottle,1-3,Always,250g_500g,biomethanation,daily,0,3-5,sell,1,1,13.64,0
user132@gmail.com,2-3,Large house,Thrissur,1,13,Plastic packet,4-7,Never,250g_500g,home_compost,daily,0,none,recycle,1,3,24.5,0
user133@gmail.com,4-5,Large house,Kannur,3,10,Plastic bottle,1-3,Always,250g_500g,biomethanation,no,0,3-5,trash,2,1,6.18,0
user134@gmail.com,4-5,Apartment,Kannur,3,3,Loose / refill,4-7,Always,250g_500g,home_compost,monthly,0,3-5,trash,2,1,16.09,0
user135@gmail.com,2-3,Apartment,Thiruvananthapuram,1,6,Plastic packet,1-3,Sometimes,250g_500g,biomethanation,daily,0,1-2,recycle,1,0,15.54,0
user136@gmail.com,2-3,Apartment,Idukki,3,11,Plastic packet,4-7,Sometimes,250g_500g,collector,weekly,0,none,store,1,3,25.59,0
user137@gmail.com,1,Apartment,Pathanamthitta,1,4,Plastic packet,7+,Sometimes,250g_500g,collector,daily,0,1-2,trash,0,0,53.27,0
user138@gmail.com,4-5,Large house,Kannur,2,2,Plastic packet,4-7,Always,250g_500g,home_compost,no,0,none,sell,2,3,51.08,0
user139@gmail.com,2-3,Apartment,Kozhikode,1,15,Plastic bottle,,Sometimes,250g_500g,community,weekly,0,3-5,sell,1,1,13.62,0
user140@gmail.com,2-3,Large house,Pathanamthitta,1,20,Loose / refill,,Sometimes,250g_500g,biomethanation,daily,0,1-2,recycle,1,0,41.47,0
user141@gmail.com,1,Small house,Wayanad,0,8,Plastic bottle,4-7,Sometimes,250g_500g,community,no,1,1-2,recycle,0,0,65.85,0
user142@gmail.com,1,Small house,Wayanad,1,7,Loose / refill,,Sometimes,250g_500g,biomethanation,daily,0,1-2,trash,0,0,46.89,0
user143@gmail.com,4-5,Small house,Pathanamthitta,3,7,Plastic bottle,7+,Always,250g_500g,worm_compost,no,1,1-2,sell,2,0,12.34,0
user145@gmail.com,2-3,Small house,Malappuram,2,5,Plastic packet,,Never,250g_500g,biomethanation,monthly,0,3-5,sell,1,1,7.68,0
user146@gmail.com,2-3,Large house,Kozhikode,1,16,Plastic packet,7+,Never,250g_500g,biomethanation,no,2,3-5,sell,1,1,20.09,0
user147@gmail.com,2-3,Apartment,Thrissur,2,20,Plastic packet,1-3,Sometimes,250g_500g,biomethanation,daily,0,none,store,1,3,43.92,0
user148@gmail.com,2-3,Small house,Pathanamthitta,1,11,Plastic packet,,Sometimes,250g_500g,biomethanation,monthly,0,none,sell,1,3,24.21,0
user149@gmail.com,4-5,Large house,Pathanamthitta,4,3,Plastic packet,,Sometimes,250g_500g,collector,no,0,none,recycle,2,3,54.08,0
user150@gmail.com,4-5,Small house,Kottayam,4,14,Loose / refill,4-7,Never,250g_500g,collector,weekly,0,1-2,sell,2,0,20.33,0
user151@gmail.com,2-3,Small house,Kozhikode,2,3,Plastic packet,,Always,250g_500g,community,monthly,0,1-2,trash,1,0,26.04,0
user153@gmail.com,4-5,Small house,Thrissur,2,5,Plastic packet,,Always,250g_500g,collector,daily,0,3-5,recycle,2,1,11.76,0
user154@gmail.com,6+,Apartment,Pathanamthitta,4,9,Plastic packet,7+,Sometimes,250g_500g,collector,weekly,0,1-2,store,3,0,40.44,0
user155@gmail.com,4-5,Small house,Kozhikode,2,12,Plastic bottle,4-7,Always,250g_500g,biomethanation,daily,0,3-5,sell,2,1,6.29,0
user156@gmail.com,4-5,Apartment,Wayanad,2,11,Plastic bottle,7+,Never,250g_500g,community,monthly,0,none,store,2,3,27.43,0
user157@gmail.com,2-3,Small house,Pathanamthitta,1,18,Plastic bottle,1-3,Sometimes,250g_500g,collector,no,1,6+,sell,1,2,25.22,0
user158@gmail.com,4-5,Large house,Malappuram,3,6,Loose / refill,1-3,Sometimes,250g_500g,collector,weekly,0,1-2,trash,2,0,4.6,0
user159@gmail.com,2-3,Small house,Malappuram,2,8,Plastic bottle,1-3,Always,250g_500g,biomethanation,daily,0,3-5,trash,1,1,4.14,0
user161@gmail.com,2-3,Apartment,Kollam,3,8,Plastic packet,7+,Always,250g_500g,community,monthly,1,6+,sell,1,2,10.44,0
user162@gmail.com,4-5,Large house,Kottayam,4,7,Plastic bottle,1-3,Sometimes,500g_1kg,biomethanation,daily,0,1-2,recycle,2,0,18.96,0
user163@gmail.com,2-3,Apartment,Kottayam,3,3,Plastic bottle,,Never,250g_500g,community,daily,0,1-2,store,1,0,29.02,0
user164@gmail.com,6+,Small house,Thiruvananthapuram,3,17,Plastic packet,,Sometimes,250g_500g,biomethanation,daily,0,1-2,trash,3,0,43.93,0
user165@gmail.com,2-3,Small house,Kozhikode,3,7,Plastic packet,,Never,250g_500g,biomethanation,monthly,0,6+,store,1,2,11.77,0
user166@gmail.com,2-3,Small house,Malappuram,2,13,Plastic bottle,4-7,Sometimes,250g_500g,biomethanation,daily,0,6+,store,1,2,7.3,0
user167@gmail.com,2-3,Apartment,Wayanad,3,2,Plastic packet,4-7,Always,250g_500g,biomethanation,weekly,1,6+,sell,1,2,30.27,0
user168@gmail.com,2-3,Small house,Alappuzha,2,19,Plastic bottle,4-7,Sometimes,250g_500g,biomethanation,daily,1,3-5,recycle,1,1,17.79,0
user169@gmail.com,6+,Small house,Wayanad,5,10,Loose / refill,1-3,Never,250g_500g,collector,daily,1,3-5,recycle,3,1,62.33,0
user170@gmail.com,1,Small house,Thiruvananthapuram,1,19,Plastic packet,4-7,Always,250g_500g,biomethanation,daily,0,1-2,sell,0,0,59.21,0
user171@gmail.com,2-3,Small house,Palakkad,2,12,Plastic packet,4-7,Always,250g_500g,biomethanation,no,0,1-2,sell,1,0,9.3,0
user173@gmail.com,4-5,Small house,Alappuzha,3,11,Plastic bottle,7+,Sometimes,250g_500g,biomethanation,monthly,2,none,recycle,2,3,16.87,0
user174@gmail.com,6+,Small house,Pathanamthitta,5,15,Plastic packet,4-7,Always,250g_500g,biomethanation,daily,0,1-2,sell,3,0,64.82,0
user175@gmail.com,4-5,Small house,Malappuram,3,9,Plastic packet,7+,Always,250g_500g,collector,no,1,1-2,sell,2,0,11.79,0
user176@gmail.com,4-5,Apartment,Kasaragod,4,3,Loose / refill,1-3,Always,250g_500g,collector,monthly,0,1-2,recycle,2,0,36.5,0
user177@gmail.com,2-3,Small house,Kannur,3,2,Plastic packet,,Always,250g_500g,community,weekly,0,1-2,recycle,1,0,33.73,0
user178@gmail.com,6+,Apartment,Palakkad,3,15,Loose / refill,,Sometimes,250g_500g,biomethanation,weekly,1,1-2,recycle,3,0,45.68,0
user179@gmail.com,4-5,Apartment,Kozhikode,3,2,Plastic packet,,Sometimes,250g_500g,collector,monthly,0,6+,trash,2,2,30.25,0
user180@gmail.com,2-3,Apartment,Malappuram,3,13,Plastic bottle,7+,Never,250g_500g,biomethanation,daily,0,3-5,trash,1,1,3.7,0
user181@gmail.com,4-5,Apartment,Kottayam,3,7,Plastic bottle,4-7,Sometimes,250g_500g,community,weekly,0,none,sell,2,3,22.64,0
user182@gmail.com,2-3,Apartment,Kollam,3,8,Plastic bottle,,Sometimes,250g_500g,biomethanation,weekly,0,1-2,recycle,1,0,15.2,0
user183@gmail.com,4-5,Apartment,Wayanad,3,4,Loose / refill,1-3,Always,250g_500g,home_compost,monthly,1,1-2,trash,2,0,21.03,0
user184@gmail.com,2-3,Small house,Idukki,1,9,Plastic packet,1-3,Always,250g_500g,biomethanation,no,0,1-2,recycle,1,0,14.99,0
user185@gmail.com,4-5,Small house,Thiruvananthapuram,3,12,Loose / refill,1-3,Never,250g_500g,collector,weekly,0,3-5,trash,2,1,1.8,0
user186@gmail.com,2-3,Large house,Idukki,2,6,Plastic packet,7+,Sometimes,250g_500g,biomethanation,daily,0,1-2,trash,1,0,9.9,0
user187@gmail.com,4-5,Apartment,Wayanad,4,15,Loose / refill,4-7,Sometimes,250g_500g,collector,weekly,0,1-2,store,2,0,25.14,0
user188@gmail.com,6+,Small house,Kannur,4,9,Loose / refill,,Never,250g_500g,biomethanation,no,0,3-5,sell,3,1,38.12,0
user189@gmail.com,6+,Apartment,Idukki,4,8,Plastic packet,4-7,Sometimes,500g_1kg,collector,daily,0,none,trash,3,3,55.25,0
user190@gmail.com,4-5,Small house,Kasaragod,4,18,Plastic packet,1-3,Never,250g_500g,biomethanation,weekly,0,1-2,sell,2,0,33.35,0
user191@gmail.com,4-5,Apartment,Idukki,3,12,Plastic packet,7+,Never,250g_500g,community,no,1,1-2,sell,2,0,11.03,0
user192@gmail.com,2-3,Apartment,Kannur,2,15,Loose / refill,1-3,Sometimes,250g_500g,biomethanation,weekly,0,3-5,sell,1,1,6.27,0
user193@gmail.com,4-5,Small house,Palakkad,2,19,Plastic packet,4-7,Always,250g_500g,collector,monthly,0,1-2,store,2,0,32.22,0
user194@gmail.com,4-5,Apartment,Pathanamthitta,2,9,Plastic bottle,4-7,Sometimes,250g_500g,community,no,0,1-2,sell,2,0,12.8,0
user195@gmail.com,4-5,Small house,Thiruvananthapuram,2,12,Plastic packet,7+,Sometimes,250g_500g,collector,daily,0,1-2,trash,2,0,11.98,0
user196@gmail.com,4-5,Apartment,Ernakulam,2,9,Plastic bottle,1-3,Always,250g_500g,community,weekly,0,6+,trash,2,2,12.56,0
user197@gmail.com,2-3,Large house,Kozhikode,1,5,Plastic bottle,7+,Sometimes,250g_500g,biomethanation,weekly,0,1-2,sell,1,0,19.42,0
user198@gmail.com,4-5,Apartment,Ernakulam,3,3,Plastic bottle,4-7,Never,250g_500g,worm_compost,no,0,3-5,trash,2,1,16.09,0
user199@gmail.com,2-3,Small house,Malappuram,1,19,Plastic bottle,7+,Never,250g_500g,community,weekly,1,1-2,sell,1,0,33.81,0
user200@gmail.com,1,Small house,Palakkad,1,14,Plastic packet,7+,Always,250g_500g,collector,no,0,none,recycle,0,3,66.35,0
user201@gmail.com,6+,Apartment,Kottayam,5,18,Loose / refill,1-3,Never,250g_500g,collector,weekly,0,3-5,store,3,1,65.51,0
user202@gmail.com,2-3,Small house,Kasaragod,1,19,Plastic bottle,1-3,Never,250g_500g,home_compost,no,0,6+,recycle,1,2,32.02,0
user203@gmail.com,6+,Large house,Pathanamthitta,3,3,Loose / refill,,Always,250g_500g,biomethanation,monthly,0,3-5,sell,3,1,41.94,0
user204@gmail.com,1,Large house,Palakkad,1,14,Plastic bottle,1-3,Always,250g_500g,collector,no,0,1-2,sell,0,0,47.91,0
user205@gmail.com,2-3,Large house,Kozhikode,1,12,Plastic bottle,4-7,Sometimes,250g_500g,collector,daily,0,1-2,trash,1,0,15.86,0
user206@gmail.com,4-5,Small house,Thiruvananthapuram,3,10,Loose / refill,4-7,Sometimes,250g_500g,biomethanation,monthly,1,none,store,2,3,16.14,0
user207@gmail.com,2-3,Large house,Malappuram,2,16,Loose / refill,7+,Never,250g_500g,community,weekly,1,1-2,recycle,1,0,18.34,0
user208@gmail.com,2-3,Small house,Ernakulam,2,7,Loose / refill,7+,Never,250g_500g,community,monthly,0,6+,recycle,1,2,9.41,0
user209@gmail.com,2-3,Large house,Kannur,1,20,Loose / refill,7+,Always,250g_500g,biomethanation,daily,0,1-2,sell,1,0,41.47,0
user210@gmail.com,2-3,Large house,Thiruvananthapuram,3,5,Loose / refill,,Always,250g_500g,biomethanation,daily,0,3-5,sell,1,1,9.83,0
user211@gmail.com,6+,Apartment,Thrissur,5,10,Loose / refill,4-7,Sometimes,250g_500g,collector,no,0,3-5,sell,3,1,58.88,0
user212@gmail.com,6+,Large house,Thrissur,6,14,Plastic bottle,,Never,250g_500g,community,daily,0,3-5,trash,3,1,66.22,0
user213@gmail.com,4-5,Large house,Thiruvananthapuram,2,15,Loose / refill,,Always,250g_500g,biomethanation,weekly,0,1-2,sell,2,0,17.02,0
user214@gmail.com,4-5,Large house,Palakkad,3,10,Plastic packet,7+,Sometimes,250g_500g,biomethanation,daily,0,none,trash,2,3,22.08,0
user216@gmail.com,2-3,Large house,Pathanamthitta,2,18,Loose / refill,,Sometimes,250g_500g,biomethanation,no,0,none,trash,1,3,27.76,0
user217@gmail.com,2-3,Small house,Malappuram,2,11,Plastic packet,,Always,250g_500g,community,monthly,0,3-5,recycle,1,1,2.63,0
user218@gmail.com,4-5,Large house,Ernakulam,3,5,Loose / refill,4-7,Never,250g_500g,biomethanation,daily,0,1-2,trash,2,0,7.25,0
user219@gmail.com,2-3,Apartment,Alappuzha,2,19,Plastic bottle,,Always,250g_500g,biomethanation,monthly,0,6+,store,1,2,24.19,0
user220@gmail.com,4-5,Large house,Alappuzha,2,13,Loose / refill,4-7,Never,250g_500g,home_compost,daily,0,1-2,recycle,2,0,12.0,0
user221@gmail.com,2-3,Large house,Ernakulam,1,16,Plastic bottle,4-7,Sometimes,250g_500g,collector,no,1,3-5,trash,1,1,14.98,0
user222@gmail.com,4-5,Small house,Kottayam,3,4,Plastic bottle,,Never,250g_500g,community,no,1,3-5,store,2,1,15.06,0
user223@gmail.com,6+,Apartment,Kottayam,3,17,Plastic bottle,1-3,Sometimes,250g_500g,community,daily,0,1-2,sell,3,0,43.93,0
user224@gmail.com,4-5,Apartment,Kannur,4,6,Plastic packet,7+,Never,250g_500g,biomethanation,monthly,0,1-2,recycle,2,0,19.46,0
user226@gmail.com,2-3,Apartment,Malappuram,1,4,Plastic bottle,,Sometimes,250g_500g,biomethanation,weekly,0,1-2,store,1,0,25.6,0
user227@gmail.com,2-3,Apartment,Kasaragod,1,9,Plastic bottle,1-3,Always,250g_500g,community,daily,0,3-5,store,1,1,10.2,0
user228@gmail.com,1,Large house,Kollam,1,19,Loose / refill,4-7,Always,250g_500g,collector,monthly,0,1-2,store,0,0,59.21,0
user229@gmail.com,2-3,Large house,Kottayam,2,5,Plastic packet,7+,Always,250g_500g,biomethanation,daily,0,1-2,trash,1,0,13.14,0
user230@gmail.com,2-3,Small house,Wayanad,2,3,Plastic packet,,Always,250g_500g,biomethanation,weekly,0,3-5,trash,1,1,19.37,0
user231@gmail.com,4-5,Apartment,Kollam,3,14,Plastic packet,7+,Never,250g_500g,community,monthly,0,3-5,store,2,1,8.4,0
user232@gmail.com,2-3,Small house,Kannur,2,15,Plastic packet,7+,Sometimes,250g_500g,biomethanation,daily,1,1-2,trash,1,0,15.76,0
user233@gmail.com,2-3,Small house,Thrissur,1,3,Plastic bottle,,Sometimes,250g_500g,biomethanation,monthly,0,1-2,recycle,1,0,31.89,0
user234@gmail.com,2-3,Apartment,Malappuram,3,5,Loose / refill,4-7,Always,250g_500g,biomethanation,monthly,1,6+,recycle,1,2,13.26,0
user235@gmail.com,4-5,Apartment,Wayanad,4,9,Plastic bottle,7+,Always,250g_500g,biomethanation,monthly,0,6+,recycle,2,2,19.69,0
user236@gmail.com,4-5,Large house,Wayanad,2,3,Plastic packet,4-7,Always,250g_500g,worm_compost,weekly,1,3-5,recycle,2,1,26.84,0
user238@gmail.com,2-3,Apartment,Kasaragod,3,2,Loose / refill,7+,Never,250g_500g,biomethanation,daily,0,6+,trash,1,2,35.35,0
user239@gmail.com,4-5,Small house,Kollam,2,8,Loose / refill,1-3,Never,250g_500g,home_compost,weekly,0,6+,recycle,2,2,14.62,0
user240@gmail.com,4-5,Apartment,Thrissur,4,2,Loose / refill,,Never,250g_500g,collector,daily,0,3-5,store,2,1,39.17,0
user241@gmail.com,2-3,Apartment,Kasaragod,1,6,Loose / refill,7+,Always,250g_500g,biomethanation,no,0,none,recycle,1,3,31.27,0
user242@gmail.com,4-5,Small house,Palakkad,4,16,Plastic packet,,Always,250g_500g,biomethanation,weekly,0,1-2,recycle,2,0,26.31,0
user243@gmail.com,2-3,Large house,Thiruvananthapuram,2,4,Plastic bottle,7+,Sometimes,250g_500g,collector,monthly,0,1-2,trash,1,0,20.28,0
user244@gmail.com,2-3,Apartment,Ernakulam,2,16,Loose / refill,,Never,250g_500g,collector,daily,0,3-5,sell,1,1,9.43,0
user245@gmail.com,2-3,Small house,Kasaragod,1,5,Loose / refill,4-7,Always,250g_500g,biomethanation,weekly,0,3-5,trash,1,1,15.08,0
user246@gmail.com,2-3,Apartment,Alappuzha,2,2,Plastic bottle,7+,Sometimes,250g_500g,collector,daily,1,1-2,sell,1,0,38.04,0
user247@gmail.com,4-5,Large house,Kozhikode,3,9,Loose / refill,7+,Sometimes,250g_500g,biomethanation,weekly,0,1-2,trash,2,0,4.64,0
user249@gmail.com,2-3,Apartment,Wayanad,2,5,Loose / refill,1-3,Never,250g_500g,collector,monthly,0,6+,store,1,2,14.52,0
user250@gmail.com,4-5,Large house,Wayanad,4,5,Loose / refill,,Never,250g_500g,community,no,1,3-5,trash,2,1,22.11,0
user251@gmail.com,6+,Small house,Thrissur,3,7,Plastic bottle,1-3,Always,250g_500g,biomethanation,daily,0,3-5,sell,3,1,33.32,0
user252@gmail.com,4-5,Large house,Alappuzha,3,3,Plastic bottle,7+,Always,250g_500g,biomethanation,daily,1,6+,store,2,2,20.94,0
user253@gmail.com,2-3,Small house,Alappuzha,3,10,Loose / refill,7+,Never,250g_500g,biomethanation,daily,2,1-2,trash,1,0,21.98,0
user254@gmail.com,4-5,Apartment,Pathanamthitta,2,7,Plastic packet,7+,Always,250g_500g,biomethanation,monthly,0,none,sell,2,3,27.66,0
user255@gmail.com,4-5,Apartment,Pathanamthitta,3,5,Plastic bottle,7+,Sometimes,250g_500g,biomethanation,no,0,3-5,store,2,1,6.58,0
user256@gmail.com,2-3,Apartment,Kottayam,3,20,Plastic bottle,4-7,Never,250g_500g,community,monthly,0,6+,recycle,1,2,35.98,0
user257@gmail.com,4-5,Apartment,Pathanamthitta,3,6,Loose / refill,7+,Sometimes,250g_500g,biomethanation,daily,1,1-2,store,2,0,12.89,0
user258@gmail.com,2-3,Apartment,Ernakulam,2,16,Loose / refill,,Sometimes,250g_500g,biomethanation,daily,0,1-2,sell,1,0,17.18,0
user259@gmail.com,2-3,Small house,Thiruvananthapuram,3,19,Plastic packet,4-7,Always,250g_500g,biomethanation,monthly,0,1-2,store,1,0,32.36,0
user260@gmail.com,2-3,Large house,Kozhikode,2,13,Loose / refill,4-7,Never,250g_500g,collector,daily,1,1-2,sell,1,0,11.31,0
user262@gmail.com,2-3,Apartment,Pathanamthitta,1,17,Plastic packet,,Sometimes,250g_500g,biomethanation,monthly,0,1-2,recycle,1,0,26.46,0
user263@gmail.com,2-3,Small house,Pathanamthitta,3,18,Loose / refill,7+,Always,250g_500g,collector,weekly,1,1-2,store,1,0,30.48,0
user264@gmail.com,6+,Small house,Palakkad,5,7,Plastic bottle,1-3,Never,250g_500g,biomethanation,daily,1,6+,sell,3,2,64.15,0
user265@gmail.com,4-5,Large house,Ernakulam,3,4,Plastic packet,1-3,Sometimes,250g_500g,biomethanation,monthly,0,6+,store,2,2,16.17,0
user266@gmail.com,1,Large house,Idukki,0,19,Plastic packet,4-7,Sometimes,250g_500g,home_compost,monthly,0,3-5,trash,0,1,67.8,0
user267@gmail.com,2-3,Small house,Thrissur,3,3,Loose / refill,4-7,Never,250g_500g,community,weekly,0,3-5,store,1,1,21.93,0
user268@gmail.com,4-5,Large house,Alappuzha,3,3,Plastic packet,4-7,Always,250g_500g,biomethanation,monthly,0,6+,sell,2,2,22.41,0
user269@gmail.com,4-5,Apartment,Thrissur,4,19,Plastic packet,4-7,Always,250g_500g,collector,weekly,0,3-5,recycle,2,1,34.49,0
user270@gmail.com,4-5,Apartment,Kasaragod,2,17,Loose / refill,,Always,250g_500g,biomethanation,monthly,0,3-5,sell,2,1,21.87,0
user271@gmail.com,1,Small house,Idukki,0,5,Plastic bottle,4-7,Always,250g_500g,biomethanation,no,0,1-2,store,0,0,66.64,0
user273@gmail.com,1,Small house,Kottayam,0,16,Plastic packet,7+,Never,250g_500g,worm_compost,daily,1,6+,store,0,2,63.08,0
user274@gmail.com,6+,Large house,Idukki,5,7,Loose / refill,,Sometimes,250g_500g,home_compost,daily,2,3-5,recycle,3,1,64.74,0
user275@gmail.com,1,Large house,Pathanamthitta,0,10,Plastic packet,4-7,Always,250g_500g,biomethanation,monthly,0,3-5,recycle,0,1,62.49,0
user276@gmail.com,2-3,Large house,Thrissur,2,13,Plastic packet,1-3,Always,250g_500g,biomethanation,monthly,0,1-2,recycle,1,0,9.51,0
user277@gmail.com,1,Apartment,Thrissur,1,8,Plastic bottle,7+,Sometimes,250g_500g,biomethanation,monthly,0,1-2,recycle,0,0,47.03,0
user278@gmail.com,4-5,Large house,Ernakulam,2,12,Loose / refill,7+,Never,250g_500g,biomethanation,monthly,0,none,sell,2,3,26.41,0
user279@gmail.com,2-3,Apartment,Thrissur,3,3,Plastic bottle,1-3,Sometimes,250g_500g,collector,monthly,0,3-5,store,1,1,21.93,0
user280@gmail.com,6+,Apartment,Idukki,4,5,Plastic packet,4-7,Never,250g_500g,collector,daily,1,1-2,sell,3,0,48.46,0
user281@gmail.com,4-5,Apartment,Thrissur,4,13,Plastic bottle,7+,Sometimes,250g_500g,community,daily,0,3-5,store,2,1,18.33,0
user282@gmail.com,6+,Apartment,Malappuram,3,5,Loose / refill,7+,Always,250g_500g,biomethanation,weekly,0,1-2,sell,3,0,38.41,0
user283@gmail.com,2-3,Apartment,Thiruvananthapuram,1,7,Plastic bottle,4-7,Always,250g_500g,collector,no,0,1-2,trash,1,0,14.56,0
user284@gmail.com,6+,Apartment,Alappuzha,3,12,Plastic packet,4-7,Sometimes,250g_500g,biomethanation,weekly,0,1-2,store,3,0,34.78,0
user285@gmail.com,2-3,Small house,Pathanamthitta,3,16,Plastic packet,4-7,Always,250g_500g,biomethanation,monthly,0,6+,store,1,2,17.57,0
user286@gmail.com,4-5,Small house,Thrissur,4,12,Plastic bottle,,Sometimes,250g_500g,biomethanation,weekly,0,6+,sell,2,2,18.34,0
user287@gmail.com,4-5,Apartment,Thrissur,2,3,Plastic bottle,1-3,Never,250g_500g,biomethanation,no,0,none,sell,2,3,45.2,0
user288@gmail.com,4-5,Apartment,Palakkad,3,13,Plastic packet,7+,Never,250g_500g,biomethanation,weekly,0,1-2,recycle,2,0,4.49,0
user289@gmail.com,1,Apartment,Palakkad,1,18,Plastic packet,,Always,250g_500g,biomethanation,weekly,0,3-5,store,0,1,50.8,0
user290@gmail.com,4-5,Large house,Malappuram,4,13,Loose / refill,4-7,Sometimes,250g_500g,biomethanation,no,0,1-2,recycle,2,0,18.81,0
user291@gmail.com,2-3,Small house,Kasaragod,1,14,Plastic packet,,Sometimes,250g_500g,biomethanation,monthly,0,1-2,recycle,1,0,16.39,0
user292@gmail.com,2-3,Apartment,Thiruvananthapuram,2,18,Loose / refill,4-7,Always,250g_500g,biomethanation,no,0,3-5,store,1,1,13.41,0
user293@gmail.com,4-5,Small house,Pathanamthitta,4,11,Plastic packet,4-7,Sometimes,500g_1kg,collector,monthly,1,1-2,trash,2,0,22.69,0
user294@gmail.com,2-3,Apartment,Malappuram,3,3,Loose / refill,1-3,Always,250g_500g,biomethanation,daily,0,1-2,trash,1,0,29.02,0
user295@gmail.com,6+,Large house,Thiruvananthapuram,4,19,Plastic bottle,7+,Sometimes,250g_500g,biomethanation,no,0,1-2,sell,3,0,55.87,0
user296@gmail.com,4-5,Small house,Kannur,3,14,Plastic packet,7+,Sometimes,250g_500g,biomethanation,no,0,3-5,store,2,1,8.4,0
user297@gmail.com,2-3,Apartment,Wayanad,3,4,Plastic packet,1-3,Never,250g_500g,biomethanation,weekly,1,1-2,store,1,0,27.68,0
user298@gmail.com,4-5,Small house,Kollam,3,2,Loose / refill,4-7,Sometimes,250g_500g,biomethanation,monthly,0,1-2,trash,2,0,23.66,0
user299@gmail.com,2-3,Apartment,Ernakulam,3,13,Plastic bottle,1-3,Always,250g_500g,biomethanation,monthly,0,3-5,trash,1,1,3.7,0
user300@gmail.com,2-3,Small house,Palakkad,2,5,Plastic bottle,,Sometimes,250g_500g,biomethanation,no,0,1-2,trash,1,0,13.14,0
user301@gmail.com,6+,Small house,Palakkad,5,14,Plastic bottle,4-7,Always,250g_500g,community,no,0,3-5,trash,3,1,58.66,0
user302@gmail.com,4-5,Small house,Alappuzha,4,17,Plastic bottle,7+,Never,250g_500g,collector,daily,0,1-2,trash,2,0,30.08,0
user303@gmail.com,2-3,Small house,Kollam,2,10,Plastic bottle,7+,Sometimes,250g_500g,biomethanation,daily,0,6+,recycle,1,2,11.33,0
user304@gmail.com,2-3,Small house,Alappuzha,1,5,Loose / refill,4-7,Sometimes,250g_500g,biomethanation,daily,0,none,sell,1,3,34.3,0
user305@gmail.com,2-3,Small house,Ernakulam,1,16,Plastic packet,4-7,Never,250g_500g,biomethanation,monthly,0,1-2,trash,1,0,22.45,0
user306@gmail.com,6+,Small house,Kasaragod,5,6,Plastic bottle,,Sometimes,250g_500g,community,weekly,1,1-2,recycle,3,0,65.17,0
user307@gmail.com,1,Large house,Kozhikode,1,20,Plastic packet,1-3,Sometimes,250g_500g,mixed,daily,0,1-2,sell,0,0,65.3,0
user308@gmail.com,4-5,Small house,Malappuram,2,13,Plastic packet,,Sometimes,250g_500g,biomethanation,monthly,0,1-2,sell,2,0,12.0,0
user309@gmail.com,2-3,Large house,Ernakulam,3,19,Plastic packet,,Always,250g_500g,community,monthly,0,1-2,store,1,0,32.36,0
user310@gmail.com,2-3,Small house,Malappuram,1,7,Plastic bottle,1-3,Sometimes,250g_500g,biomethanation,no,0,1-2,sell,1,0,14.56,0
user311@gmail.com,2-3,Apartment,Thrissur,2,11,Plastic packet,1-3,Never,250g_500g,biomethanation,daily,0,1-2,store,1,0,10.22,0
user312@gmail.com,2-3,Large house,Idukki,2,2,Plastic bottle,7+,Always,250g_500g,collector,no,0,1-2,sell,1,0,32.96,0
user313@gmail.com,2-3,Small house,Malappuram,3,12,Plastic packet,7+,Always,250g_500g,collector,monthly,0,3-5,trash,1,1,2.39,0
user314@gmail.com,2-3,Small house,Kasaragod,1,19,Loose / refill,1-3,Always,250g_500g,biomethanation,daily,0,3-5,sell,1,1,22.62,0
user315@gmail.com,2-3,Small house,Kasaragod,1,5,Plastic packet,7+,Always,250g_500g,collector,no,0,1-2,trash,1,0,19.42,0
user316@gmail.com,2-3,Apartment,Wayanad,1,10,Plastic bottle,1-3,Sometimes,250g_500g,biomethanation,daily,1,none,sell,1,3,29.7,0
user318@gmail.com,2-3,Apartment,Pathanamthitta,3,18,Loose / refill,7+,Always,250g_500g,biomethanation,no,0,none,recycle,1,3,33.11,0
user319@gmail.com,4-5,Small house,Pathanamthitta,3,4,Loose / refill,4-7,Never,250g_500g,home_compost,daily,0,1-2,trash,2,0,12.77,0
user320@gmail.com,1,Large house,Kozhikode,0,4,Plastic packet,4-7,Never,250g_500g,home_compost,weekly,0,1-2,trash,0,0,68.4,0
user321@gmail.com,2-3,Large house,Kollam,2,16,Plastic packet,4-7,Never,250g_500g,biomethanation,no,0,6+,trash,1,2,13.66,0
user322@gmail.com,1,Small house,Palakkad,0,7,Plastic bottle,7+,Always,250g_500g,community,weekly,0,3-5,store,0,1,62.35,0
user323@gmail.com,4-5,Large house,Idukki,3,9,Loose / refill,7+,Never,250g_500g,community,weekly,1,1-2,sell,2,0,11.79,0
user324@gmail.com,2-3,Small house,Kannur,2,13,Plastic bottle,,Always,250g_500g,biomethanation,monthly,0,3-5,recycle,1,1,0.09,0
user325@gmail.com,4-5,Small house,Kasaragod,2,17,Loose / refill,7+,Always,250g_500g,biomethanation,monthly,0,none,recycle,2,3,37.37,0
user326@gmail.com,2-3,Large house,Kasaragod,1,2,Plastic packet,7+,Never,250g_500g,collector,monthly,0,6+,recycle,1,2,40.44,0
user327@gmail.com,1,Apartment,Idukki,1,2,Loose / refill,1-3,Never,250g_500g,community,daily,0,1-2,sell,0,0,65.42,0
user328@gmail.com,2-3,Apartment,Kozhikode,3,5,Plastic bottle,7+,Never,250g_500g,biomethanation,daily,1,1-2,sell,1,0,20.69,0
user329@gmail.com,2-3,Small house,Malappuram,1,12,Loose / refill,,Sometimes,250g_500g,collector,no,1,1-2,store,1,0,20.34,0
user330@gmail.com,6+,Apartment,Malappuram,6,9,Plastic bottle,4-7,Always,250g_500g,collector,daily,0,1-2,trash,3,0,68.33,0
user331@gmail.com,4-5,Small house,Kannur,2,17,Plastic packet,1-3,Always,250g_500g,collector,monthly,1,1-2,recycle,2,0,26.88,0
user332@gmail.com,1,Large house,Idukki,1,18,Plastic packet,4-7,Always,250g_500g,community,daily,1,6+,store,0,2,51.39,0
user333@gmail.com,4-5,Large house,Malappuram,4,9,Plastic packet,4-7,Always,250g_500g,community,daily,0,3-5,recycle,2,1,20.54,0
user334@gmail.com,2-3,Large house,Idukki,3,10,Plastic packet,1-3,Never,250g_500g,biomethanation,daily,0,1-2,store,1,0,16.73,0
user335@gmail.com,2-3,Large house,Kasaragod,3,20,Loose / refill,1-3,Sometimes,250g_500g,biomethanation,monthly,0,none,recycle,1,3,49.46,0
user336@gmail.com,6+,Large house,Kasaragod,4,3,Loose / refill,,Sometimes,250g_500g,biomethanation,no,0,1-2,store,3,0,51.54,0
user337@gmail.com,1,Small house,Thrissur,1,4,Loose / refill,4-7,Sometimes,250g_500g,biomethanation,daily,0,1-2,trash,0,0,53.27,0
user338@gmail.com,2-3,Large house,Kottayam,1,9,Plastic bottle,4-7,Never,250g_500g,biomethanation,monthly,0,1-2,sell,1,0,14.99,0
user339@gmail.com,4-5,Apartment,Malappuram,2,7,Plastic packet,,Sometimes,250g_500g,home_compost,daily,1,1-2,recycle,2,0,20.09,0
user340@gmail.com,6+,Apartment,Kannur,6,12,Loose / refill,,Never,250g_500g,biomethanation,no,0,3-5,sell,3,1,65.5,0
user341@gmail.com,2-3,Small house,Wayanad,1,4,Plastic packet,7+,Sometimes,250g_500g,biomethanation,daily,0,3-5,store,1,1,21.11,0
user342@gmail.com,2-3,Apartment,Kozhikode,3,15,Plastic packet,1-3,Sometimes,250g_500g,biomethanation,no,0,3-5,store,1,1,11.84,0
user343@gmail.com,4-5,Apartment,Palakkad,2,19,Plastic bottle,4-7,Sometimes,250g_500g,collector,no,0,1-2,trash,2,0,32.22,0
user344@gmail.com,4-5,Apartment,Thiruvananthapuram,4,15,Plastic packet,4-7,Never,250g_500g,biomethanation,daily,0,1-2,sell,2,0,25.14,0
user345@gmail.com,2-3,Apartment,Pathanamthitta,1,18,Loose / refill,7+,Always,250g_500g,community,weekly,0,1-2,trash,1,0,31.11,0
user346@gmail.com,4-5,Small house,Thiruvananthapuram,3,20,Loose / refill,7+,Sometimes,250g_500g,community,daily,0,3-5,recycle,2,1,31.38,0
user347@gmail.com,2-3,Small house,Thrissur,3,5,Loose / refill,7+,Sometimes,250g_500g,home_compost,daily,0,none,store,1,3,30.48,0
user348@gmail.com,2-3,Large house,Thrissur,1,20,Loose / refill,4-7,Always,250g_500g,biomethanation,no,0,1-2,recycle,1,0,41.47,0
user349@gmail.com,2-3,Small house,Palakkad,3,10,Loose / refill,1-3,Always,250g_500g,collector,monthly,1,6+,recycle,1,2,9.45,0
user350@gmail.com,2-3,Apartment,Kottayam,2,12,Plastic bottle,7+,Sometimes,250g_500g,biomethanation,monthly,0,1-2,trash,1,0,9.3,0
user351@gmail.com,6+,Small house,Alappuzha,4,6,Loose / refill,7+,Always,250g_500g,biomethanation,monthly,0,1-2,recycle,3,0,40.26,0
user353@gmail.com,2-3,Apartment,Wayanad,3,6,Loose / refill,,Never,250g_500g,community,monthly,0,3-5,trash,1,1,5.85,0
user354@gmail.com,2-3,Small house,Palakkad,1,16,Loose / refill,1-3,Never,250g_500g,collector,daily,0,3-5,store,1,1,15.95,0
user355@gmail.com,1,Large house,Wayanad,0,5,Plastic packet,,Always,250g_500g,biomethanation,no,0,1-2,recycle,0,0,66.64,0
user356@gmail.com,2-3,Apartment,Wayanad,2,19,Plastic bottle,7+,Always,250g_500g,biomethanation,weekly,0,6+,sell,1,2,24.19,0
user357@gmail.com,4-5,Apartment,Thiruvananthapuram,2,19,Plastic bottle,4-7,Sometimes,250g_500g,collector,monthly,0,1-2,sell,2,0,32.22,0
user358@gmail.com,4-5,Large house,Alappuzha,4,18,Loose / refill,4-7,Always,250g_500g,biomethanation,monthly,1,3-5,trash,2,1,23.66,0
user359@gmail.com,4-5,Apartment,Wayanad,4,2,Plastic bottle,4-7,Always,250g_500g,collector,weekly,0,none,trash,2,3,60.42,0
user360@gmail.com,2-3,Large house,Ernakulam,3,10,Loose / refill,7+,Never,250g_500g,community,monthly,0,1-2,recycle,1,0,16.73,0
user361@gmail.com,2-3,Apartment,Alappuzha,3,20,Plastic packet,,Never,250g_500g,collector,daily,0,1-2,sell,1,0,41.89,0
user362@gmail.com,2-3,Apartment,Wayanad,3,19,Plastic packet,4-7,Never,250g_500g,collector,monthly,0,1-2,recycle,1,0,32.36,0
user364@gmail.com,6+,Apartment,Idukki,4,8,Plastic packet,1-3,Sometimes,250g_500g,biomethanation,monthly,0,none,sell,3,3,55.25,0
user365@gmail.com,4-5,Apartment,Idukki,2,4,Loose / refill,4-7,Sometimes,250g_500g,collector,no,0,3-5,recycle,2,1,16.09,0
user366@gmail.com,4-5,Small house,Kasaragod,3,8,Plastic bottle,,Never,250g_500g,biomethanation,monthly,0,6+,store,2,2,8.41,0
user367@gmail.com,2-3,Small house,Ernakulam,3,15,Plastic bottle,,Never,250g_500g,collector,no,0,3-5,recycle,1,1,11.84,0
user368@gmail.com,6+,Large house,Thiruvananthapuram,3,19,Plastic packet,,Sometimes,250g_500g,home_compost,daily,0,3-5,recycle,3,1,46.82,0
user369@gmail.com,4-5,Large house,Pathanamthitta,4,12,Loose / refill,1-3,Sometimes,250g_500g,biomethanation,monthly,0,6+,sell,2,2,18.34,0
user370@gmail.com,4-5,Small house,Kollam,2,8,Plastic bottle,1-3,Sometimes,250g_500g,home_compost,monthly,0,3-5,recycle,2,1,8.02,0
user371@gmail.com,2-3,Large house,Kasaragod,3,14,Plastic bottle,1-3,Never,250g_500g,biomethanation,monthly,0,6+,trash,1,2,14.7,0
user372@gmail.com,2-3,Apartment,Idukki,2,4,Plastic bottle,7+,Sometimes,250g_500g,biomethanation,no,0,3-5,trash,1,1,13.64,0
user373@gmail.com,4-5,Apartment,Palakkad,3,4,Plastic bottle,7+,Always,250g_500g,biomethanation,monthly,0,1-2,trash,2,0,12.77,0
user374@gmail.com,4-5,Large house,Ernakulam,3,17,Plastic bottle,1-3,Never,250g_500g,collector,monthly,0,6+,sell,2,2,22.02,0
user375@gmail.com,6+,Large house,Alappuzha,4,9,Loose / refill,1-3,Sometimes,250g_500g,biomethanation,daily,0,1-2,sell,3,0,40.44,0
user376@gmail.com,2-3,Small house,Alappuzha,1,6,Plastic packet,,Sometimes,250g_500g,community,weekly,2,3-5,recycle,1,1,19.93,0
user377@gmail.com,4-5,Large house,Palakkad,4,11,Plastic bottle,7+,Always,250g_500g,biomethanation,no,0,1-2,sell,2,0,18.99,0
user378@gmail.com,2-3,Large house,Kozhikode,1,20,Plastic bottle,1-3,Never,250g_500g,biomethanation,daily,1,3-5,trash,1,1,32.21,0
user379@gmail.com,2-3,Small house,Ernakulam,3,4,Plastic bottle,,Always,250g_500g,worm_compost,monthly,2,1-2,sell,1,0,34.33,0
user381@gmail.com,2-3,Small house,Malappuram,1,3,Plastic packet,1-3,Never,250g_500g,biomethanation,monthly,1,6+,sell,1,2,31.8,0
user383@gmail.com,2-3,Large house,Malappuram,1,12,Plastic bottle,,Sometimes,250g_500g,home_compost,weekly,0,1-2,sell,1,0,15.86,0
user384@gmail.com,4-5,Apartment,Idukki,4,12,Loose / refill,,Never,250g_500g,biomethanation,daily,0,6+,recycle,2,2,18.34,0
user385@gmail.com,4-5,Small house,Idukki,4,6,Plastic bottle,7+,Sometimes,250g_500g,collector,monthly,0,3-5,trash,2,1,19.69,0
user386@gmail.com,4-5,Large house,Thiruvananthapuram,2,13,Loose / refill,7+,Sometimes,250g_500g,home_compost,monthly,0,3-5,store,2,1,5.71,0
user387@gmail.com,1,Apartment,Kottayam,1,8,Loose / refill,1-3,Never,250g_500g,community,daily,0,3-5,trash,0,1,45.08,0
user388@gmail.com,2-3,Small house,Thrissur,1,11,Plastic bottle,7+,Always,250g_500g,biomethanation,no,1,1-2,recycle,1,0,17.57,0
user389@gmail.com,4-5,Apartment,Thrissur,2,13,Plastic bottle,,Never,250g_500g,community,weekly,0,1-2,recycle,2,0,12.0,0
user390@gmail.com,1,Large house,Kasaragod,1,9,Loose / refill,4-7,Always,250g_500g,collector,daily,0,1-2,recycle,0,0,47.33,0
user391@gmail.com,4-5,Small house,Thiruvananthapuram,2,12,Loose / refill,7+,Always,250g_500g,collector,daily,0,1-2,recycle,2,0,11.98,0
user393@gmail.com,4-5,Small house,Kollam,4,19,Plastic packet,7+,Sometimes,250g_500g,community,no,0,1-2,recycle,2,0,37.63,0
user394@gmail.com,2-3,Apartment,Kollam,2,6,Plastic packet,1-3,Never,250g_500g,collector,monthly,0,3-5,store,1,1,2.9,0
user395@gmail.com,4-5,Small house,Kottayam,3,2,Plastic packet,4-7,Sometimes,250g_500g,collector,no,1,1-2,recycle,2,0,30.35,0
user396@gmail.com,6+,Large house,Kozhikode,4,5,Loose / refill,4-7,Sometimes,250g_500g,mixed,no,0,1-2,sell,3,0,43.62,0
user397@gmail.com,2-3,Apartment,Wayanad,3,4,Plastic packet,4-7,Never,250g_500g,biomethanation,daily,0,6+,trash,1,2,23.55,0
user398@gmail.com,4-5,Large house,Kozhikode,3,12,Plastic packet,1-3,Always,250g_500g,mixed,monthly,0,1-2,trash,2,0,4.14,0
user399@gmail.com,2-3,Apartment,Kozhikode,3,11,Loose / refill,1-3,Always,250g_500g,collector,daily,0,3-5,recycle,1,1,6.77,0
user400@gmail.com,4-5,Apartment,Idukki,4,6,Loose / refill,1-3,Never,250g_500g,biomethanation,monthly,0,1-2,sell,2,0,19.46,0
user401@gmail.com,4-5,Apartment,Alappuzha,4,10,Plastic bottle,4-7,Always,250g_500g,mixed,weekly,0,1-2,recycle,2,0,22.24,0
user402@gmail.com,4-5,Small house,Pathanamthitta,4,15,Loose / refill,7+,Never,250g_500g,home_compost,monthly,0,1-2,recycle,2,0,25.14,0
user403@gmail.com,4-5,Small house,Kozhikode,2,10,Loose / refill,,Always,250g_500g,collector,monthly,0,1-2,store,2,0,16.58,0
user404@gmail.com,1,Large house,Idukki,1,4,Loose / refill,,Always,250g_500g,community,monthly,0,3-5,trash,0,1,54.15,0
user405@gmail.com,2-3,Small house,Kottayam,3,8,Plastic packet,4-7,Never,250g_500g,biomethanation,weekly,0,1-2,recycle,1,0,15.2,0
user406@gmail.com,2-3,Large house,Idukki,1,6,Loose / refill,,Never,250g_500g,biomethanation,daily,0,none,store,1,3,31.27,0
user407@gmail.com,4-5,Small house,Idukki,2,7,Plastic bottle,4-7,Sometimes,250g_500g,biomethanation,weekly,0,3-5,recycle,2,1,8.81,0
user408@gmail.com,2-3,Small house,Kozhikode,2,5,Loose / refill,,Always,250g_500g,community,monthly,0,1-2,recycle,1,0,13.14,0
user409@gmail.com,1,Small house,Thiruvananthapuram,0,7,Loose / refill,,Always,250g_500g,biomethanation,daily,0,1-2,recycle,0,0,64.02,0
user410@gmail.com,6+,Apartment,Palakkad,5,12,Plastic bottle,7+,Never,250g_500g,community,monthly,0,3-5,sell,3,1,58.03,0
user411@gmail.com,6+,Large house,Malappuram,3,7,Plastic packet,4-7,Sometimes,250g_500g,collector,monthly,0,1-2,store,3,0,34.0,0
user412@gmail.com,2-3,Small house,Kasaragod,1,12,Plastic packet,1-3,Sometimes,250g_500g,community,weekly,0,1-2,trash,1,0,15.86,0
user413@gmail.com,1,Apartment,Kannur,0,8,Loose / refill,7+,Sometimes,250g_500g,community,monthly,0,3-5,store,0,1,62.87,0
user414@gmail.com,4-5,Small house,Ernakulam,2,20,Loose / refill,1-3,Never,250g_500g,community,daily,0,1-2,store,2,0,45.36,0
user415@gmail.com,4-5,Small house,Kottayam,2,12,Plastic bottle,4-7,Never,500g_1kg,collector,no,0,1-2,sell,2,0,11.98,0
user418@gmail.com,4-5,Large house,Pathanamthitta,3,8,Loose / refill,1-3,Never,250g_500g,collector,daily,0,3-5,store,2,1,4.74,0
user419@gmail.com,2-3,Large house,Kozhikode,2,2,Plastic bottle,4-7,Never,250g_500g,biomethanation,daily,0,1-2,recycle,1,0,32.96,0
user420@gmail.com,4-5,Large house,Palakkad,3,13,Plastic bottle,1-3,Sometimes,250g_500g,community,daily,0,1-2,trash,2,0,4.49,0
user421@gmail.com,2-3,Large house,Wayanad,1,19,Plastic bottle,4-7,Never,250g_500g,home_compost,monthly,0,1-2,recycle,1,0,31.96,0
user423@gmail.com,4-5,Large house,Alappuzha,4,6,Loose / refill,,Sometimes,250g_500g,biomethanation,monthly,0,6+,store,2,2,20.3,0
user424@gmail.com,2-3,Small house,Kollam,2,16,Loose / refill,1-3,Always,250g_500g,biomethanation,monthly,1,none,recycle,1,3,19.78,0
user425@gmail.com,4-5,Apartment,Ernakulam,4,19,Loose / refill,,Never,250g_500g,biomethanation,weekly,0,1-2,sell,2,0,37.63,0
user426@gmail.com,2-3,Large house,Malappuram,1,9,Plastic bottle,1-3,Sometimes,250g_500g,collector,weekly,0,1-2,trash,1,0,14.99,0
user427@gmail.com,4-5,Small house,Wayanad,3,10,Plastic bottle,1-3,Always,250g_500g,biomethanation,monthly,0,6+,store,2,2,11.23,0
user428@gmail.com,4-5,Large house,Kozhikode,2,19,Plastic packet,7+,Always,250g_500g,collector,no,1,1-2,sell,2,0,32.67,0
user429@gmail.com,2-3,Apartment,Kollam,2,11,Loose / refill,1-3,Never,250g_500g,biomethanation,weekly,0,1-2,recycle,1,0,10.22,0
user430@gmail.com,2-3,Small house,Thiruvananthapuram,2,15,Plastic bottle,4-7,Never,250g_500g,biomethanation,daily,0,3-5,recycle,1,1,6.27,0
user431@gmail.com,2-3,Large house,Pathanamthitta,2,10,Plastic bottle,1-3,Always,250g_500g,biomethanation,monthly,1,1-2,trash,1,0,12.63,0
user432@gmail.com,2-3,Small house,Ernakulam,3,14,Plastic packet,1-3,Never,250g_500g,biomethanation,monthly,1,1-2,sell,1,0,18.49,0
user433@gmail.com,2-3,Small house,Kottayam,1,14,Plastic packet,4-7,Always,250g_500g,home_compost,no,0,6+,trash,1,2,19.48,0
user434@gmail.com,4-5,Small house,Pathanamthitta,2,16,Plastic packet,,Never,250g_500g,biomethanation,daily,0,1-2,recycle,2,0,19.45,0
user435@gmail.com,1,Apartment,Ernakulam,0,8,Plastic packet,7+,Sometimes,250g_500g,collector,daily,0,6+,sell,0,2,64.96,0
user436@gmail.com,6+,Apartment,Kannur,4,16,Plastic bottle,4-7,Always,250g_500g,biomethanation,weekly,0,1-2,recycle,3,0,45.81,0
user437@gmail.com,4-5,Small house,Thrissur,4,8,Loose / refill,,Sometimes,250g_500g,biomethanation,monthly,0,3-5,recycle,2,1,21.57,0
user439@gmail.com,2-3,Apartment,Thiruvananthapuram,1,15,Plastic packet,,Sometimes,250g_500g,collector,daily,0,3-5,store,1,1,13.62,0
user440@gmail.com,2-3,Large house,Palakkad,3,2,Plastic bottle,,Sometimes,250g_500g,biomethanation,monthly,0,3-5,trash,1,1,26.4,0
user441@gmail.com,4-5,Small house,Kasaragod,3,20,Plastic packet,1-3,Sometimes,250g_500g,community,monthly,0,1-2,sell,2,0,37.18,0
user442@gmail.com,4-5,Large house,Pathanamthitta,2,13,Plastic packet,1-3,Never,250g_500g,biomethanation,no,0,3-5,recycle,2,1,5.71,0
user443@gmail.com,2-3,Large house,Alappuzha,3,11,Plastic packet,,Always,250g_500g,collector,monthly,0,1-2,store,1,0,13.71,0
user444@gmail.com,2-3,Apartment,Thiruvananthapuram,2,4,Plastic bottle,1-3,Sometimes,250g_500g,biomethanation,monthly,0,1-2,store,1,0,20.28,0
user445@gmail.com,4-5,Apartment,Palakkad,3,13,Loose / refill,,Sometimes,250g_500g,collector,weekly,0,1-2,store,2,0,4.49,0
user446@gmail.com,2-3,Small house,Idukki,2,11,Plastic bottle,,Never,250g_500g,biomethanation,daily,1,6+,recycle,1,2,4.28,0
user447@gmail.com,6+,Apartment,Kozhikode,6,5,Loose / refill,,Sometimes,500g_1kg,community,daily,0,3-5,trash,3,1,68.38,0
user448@gmail.com,2-3,Small house,Ernakulam,2,17,Plastic bottle,,Never,250g_500g,mixed,daily,0,6+,sell,1,2,17.32,0
user449@gmail.com,4-5,Apartment,Pathanamthitta,2,9,Plastic packet,1-3,Never,250g_500g,biomethanation,weekly,0,3-5,recycle,2,1,6.3,0
user450@gmail.com,2-3,Large house,Kottayam,3,20,Loose / refill,4-7,Sometimes,250g_500g,collector,daily,0,1-2,sell,1,0,41.89,0
user451@gmail.com,2-3,Small house,Kannur,2,4,Loose / refill,,Sometimes,250g_500g,mixed,weekly,0,1-2,sell,1,0,20.28,0
user452@gmail.com,2-3,Small house,Kozhikode,3,11,Loose / refill,1-3,Sometimes,250g_500g,biomethanation,monthly,0,1-2,trash,1,0,13.71,0
user453@gmail.com,6+,Apartment,Kottayam,5,9,Loose / refill,1-3,Sometimes,250g_500g,collector,weekly,0,6+,store,3,2,61.53,0
user455@gmail.com,2-3,Apartment,Wayanad,1,17,Plastic bottle,7+,Never,250g_500g,collector,daily,0,3-5,recycle,1,1,18.95,0
user456@gmail.com,2-3,Apartment,Kasaragod,2,11,Loose / refill,7+,Never,250g_500g,home_compost,weekly,0,3-5,sell,1,1,2.63,0
user457@gmail.com,4-5,Small house,Wayanad,2,2,Plastic packet,7+,Sometimes,250g_500g,biomethanation,weekly,0,3-5,store,2,1,27.46,0
user458@gmail.com,4-5,Small house,Thiruvananthapuram,2,12,Plastic packet,1-3,Never,250g_500g,community,weekly,0,3-5,store,2,1,6.29,0
user459@gmail.com,4-5,Small house,Kannur,3,6,Loose / refill,7+,Sometimes,250g_500g,biomethanation,daily,0,3-5,store,2,1,3.56,0
user460@gmail.com,2-3,Apartment,Idukki,2,5,Plastic packet,1-3,Never,250g_500g,biomethanation,daily,1,6+,recycle,1,2,11.15,0
user461@gmail.com,2-3,Large house,Ernakulam,1,18,Plastic bottle,7+,Never,250g_500g,collector,daily,0,3-5,recycle,1,1,20.61,0
user462@gmail.com,6+,Apartment,Pathanamthitta,3,6,Plastic packet,1-3,Sometimes,250g_500g,home_compost,no,0,1-2,recycle,3,0,34.89,0
user463@gmail.com,1,Small house,Malappuram,1,20,Plastic bottle,4-7,Sometimes,250g_500g,collector,daily,1,1-2,store,0,0,62.93,0
user465@gmail.com,2-3,Large house,Kottayam,3,2,Plastic bottle,1-3,Never,250g_500g,collector,weekly,0,3-5,store,1,1,26.4,0
user466@gmail.com,2-3,Small house,Ernakulam,1,12,Loose / refill,,Never,250g_500g,biomethanation,no,0,1-2,recycle,1,0,15.86,0
user467@gmail.com,2-3,Small house,Kannur,3,16,Loose / refill,1-3,Sometimes,250g_500g,community,monthly,0,1-2,store,1,0,23.53,0
user468@gmail.com,2-3,Small house,Thrissur,2,18,Plastic bottle,7+,Always,250g_500g,biomethanation,weekly,0,6+,sell,1,2,18.11,0
user469@gmail.com,2-3,Large house,Ernakulam,3,2,Loose / refill,,Sometimes,250g_500g,collector,daily,0,6+,trash,1,2,35.35,0
user470@gmail.com,4-5,Apartment,Ernakulam,4,5,Plastic bottle,7+,Always,250g_500g,biomethanation,weekly,0,1-2,trash,2,0,23.64,0
user471@gmail.com,2-3,Small house,Wayanad,1,20,Loose / refill,4-7,Sometimes,250g_500g,biomethanation,daily,0,1-2,trash,1,0,41.47,0
user472@gmail.com,4-5,Apartment,Idukki,4,2,Plastic bottle,4-7,Always,250g_500g,community,no,0,1-2,recycle,2,0,40.89,0
user473@gmail.com,2-3,Apartment,Kottayam,2,7,Plastic packet,4-7,Sometimes,250g_500g,biomethanation,no,0,3-5,sell,1,1,3.92,0
user474@gmail.com,4-5,Apartment,Pathanamthitta,3,2,Plastic bottle,4-7,Always,250g_500g,community,daily,0,3-5,recycle,2,1,22.22,0
user475@gmail.com,4-5,Large house,Pathanamthitta,2,2,Loose / refill,,Always,250g_500g,community,monthly,0,6+,trash,2,2,34.11,0
user476@gmail.com,2-3,Apartment,Pathanamthitta,2,20,Plastic packet,7+,Never,250g_500g,collector,daily,0,1-2,sell,1,0,38.51,0
user477@gmail.com,2-3,Apartment,Kozhikode,1,14,Plastic packet,7+,Sometimes,250g_500g,biomethanation,monthly,0,3-5,trash,1,1,10.63,0
user478@gmail.com,2-3,Small house,Palakkad,2,17,Loose / refill,,Never,250g_500g,community,daily,0,none,recycle,1,3,25.4,0
user479@gmail.com,2-3,Apartment,Kasaragod,3,5,Loose / refill,7+,Always,250g_500g,biomethanation,monthly,0,6+,store,1,2,15.98,0
user480@gmail.com,4-5,Small house,Kozhikode,2,7,Plastic bottle,,Always,250g_500g,biomethanation,monthly,0,3-5,trash,2,1,8.81,0
user481@gmail.com,2-3,Small house,Alappuzha,2,9,Plastic packet,4-7,Sometimes,250g_500g,community,no,0,6+,sell,1,2,7.15,0
user483@gmail.com,6+,Small house,Kozhikode,3,9,Plastic bottle,,Never,250g_500g,mixed,weekly,0,1-2,recycle,3,0,34.15,0
user484@gmail.com,1,Large house,Thiruvananthapuram,0,18,Loose / refill,,Never,250g_500g,community,no,0,6+,sell,0,2,69.33,0
user485@gmail.com,1,Apartment,Wayanad,1,4,Loose / refill,4-7,Never,250g_500g,home_compost,weekly,1,3-5,trash,0,1,57.09,0
user486@gmail.com,2-3,Small house,Alappuzha,3,15,Plastic bottle,1-3,Sometimes,250g_500g,biomethanation,monthly,0,3-5,sell,1,1,11.84,0
user487@gmail.com,2-3,Small house,Kasaragod,3,11,Loose / refill,,Always,250g_500g,collector,no,0,3-5,store,1,1,6.77,0
user488@gmail.com,2-3,Small house,Wayanad,1,2,Plastic packet,,Always,250g_500g,biomethanation,no,0,1-2,trash,1,0,39.58,0
user489@gmail.com,4-5,Apartment,Kollam,4,15,Loose / refill,1-3,Never,250g_500g,collector,daily,0,1-2,sell,2,0,25.14,0
user490@gmail.com,2-3,Apartment,Kollam,3,11,Plastic packet,4-7,Always,250g_500g,biomethanation,monthly,0,1-2,trash,1,0,13.71,0
user492@gmail.com,4-5,Large house,Idukki,2,2,Loose / refill,4-7,Always,250g_500g,community,monthly,0,6+,sell,2,2,34.11,0
user493@gmail.com,2-3,Apartment,Kozhikode,1,15,Loose / refill,4-7,Always,250g_500g,biomethanation,no,0,3-5,recycle,1,1,13.62,0
user494@gmail.com,4-5,Small house,Ernakulam,3,5,Plastic bottle,7+,Never,250g_500g,biomethanation,weekly,0,3-5,sell,2,1,6.58,0
user495@gmail.com,2-3,Large house,Idukki,3,14,Plastic bottle,7+,Never,250g_500g,biomethanation,weekly,0,6+,recycle,1,2,14.7,0
user496@gmail.com,4-5,Large house,Wayanad,3,14,Plastic bottle,7+,Sometimes,250g_500g,biomethanation,no,1,1-2,trash,2,0,13.54,0
user497@gmail.com,2-3,Apartment,Palakkad,3,4,Loose / refill,4-7,Always,250g_500g,collector,monthly,0,1-2,trash,1,0,22.89,0
user499@gmail.com,2-3,Apartment,Thiruvananthapuram,2,9,Plastic packet,4-7,Sometimes,250g_500g,community,monthly,1,1-2,recycle,1,0,11.46,0
user500@gmail.com,2-3,Small house,Thiruvananthapuram,2,18,Plastic bottle,1-3,Sometimes,250g_500g,home_compost,monthly,0,none,trash,1,3,27.76,0
user501@gmail.com,1,Apartment,Kozhikode,1,8,Plastic packet,1-3,Sometimes,less_250g,home_compost,no,1,1-2,trash,0,0,46.52,0
user502@gmail.com,1,Small house,Idukki,0,8,Plastic bottle,1-3,Sometimes,less_250g,collector,monthly,0,6+,sell,0,2,64.96,0
user503@gmail.com,2-3,Large house,Wayanad,3,11,Plastic packet,4-7,Always,250g_500g,home_compost,monthly,4,3-5,recycle,1,1,24.44,0
user504@gmail.com,4-5,Large house,Malappuram,4,6,Plastic bottle,1-3,Sometimes,500g_1kg,home_compost,monthly,0,6+,trash,2,2,20.3,0
user505@gmail.com,2-3,Large house,Pathanamthitta,2,19,Plastic bottle,,Never,250g_500g,collector,weekly,0,1-2,sell,1,0,28.68,0
user506@gmail.com,2-3,Apartment,Wayanad,2,16,Loose / refill,7+,Sometimes,250g_500g,biomethanation,monthly,1,1-2,recycle,1,0,18.34,0
user507@gmail.com,2-3,Small house,Kozhikode,1,15,Plastic bottle,1-3,Sometimes,250g_500g,worm_compost,monthly,0,3-5,store,1,1,13.62,0
user508@gmail.com,2-3,Small house,Thrissur,2,12,Loose / refill,4-7,Sometimes,250g_500g,biomethanation,daily,0,6+,sell,1,2,7.62,0
user509@gmail.com,2-3,Apartment,Malappuram,2,17,Plastic bottle,7+,Never,250g_500g,home_compost,weekly,3,6+,store,1,2,22.08,0
user510@gmail.com,4-5,Large house,Palakkad,3,18,Loose / refill,4-7,Always,500g_1kg,collector,monthly,0,6+,trash,2,2,21.97,0
user512@gmail.com,2-3,Large house,Palakkad,3,8,Loose / refill,4-7,Always,250g_500g,community,monthly,2,1-2,store,1,0,22.52,0
user513@gmail.com,4-5,Apartment,Malappuram,2,16,Plastic bottle,7+,Always,500g_1kg,biomethanation,weekly,1,none,store,2,3,28.46,0
user515@gmail.com,6+,Small house,Pathanamthitta,4,15,Plastic bottle,,Never,more_1kg,collector,no,4,none,trash,3,3,67.41,0
user516@gmail.com,1,Large house,Idukki,1,12,Plastic bottle,,Sometimes,less_250g,community,monthly,2,1-2,trash,0,0,52.25,0
user517@gmail.com,4-5,Small house,Kasaragod,4,14,Loose / refill,,Always,500g_1kg,community,weekly,3,3-5,store,2,1,27.63,0
user518@gmail.com,2-3,Large house,Thiruvananthapuram,1,16,Plastic packet,7+,Never,250g_500g,biomethanation,no,0,6+,store,1,2,20.86,0
user519@gmail.com,2-3,Small house,Kasaragod,3,5,Plastic packet,,Never,250g_500g,mixed,no,4,6+,trash,1,2,29.23,0
user520@gmail.com,2-3,Large house,Kollam,3,17,Plastic packet,,Never,250g_500g,home_compost,no,3,3-5,sell,1,1,18.6,0
user521@gmail.com,2-3,Small house,Palakkad,3,9,Plastic packet,1-3,Sometimes,250g_500g,biomethanation,no,1,none,trash,1,3,25.9,0
user522@gmail.com,4-5,Large house,Alappuzha,2,19,Plastic bottle,4-7,Sometimes,500g_1kg,mixed,daily,3,6+,recycle,2,2,31.17,0
user523@gmail.com,6+,Large house,Thiruvananthapuram,5,9,Loose / refill,,Never,more_1kg,biomethanation,monthly,0,3-5,trash,3,1,56.94,0
user524@gmail.com,4-5,Apartment,Pathanamthitta,2,3,Plastic bottle,4-7,Never,500g_1kg,home_compost,no,3,3-5,store,2,1,34.39,0
user525@gmail.com,4-5,Apartment,Kasaragod,3,18,Plastic bottle,,Always,500g_1kg,collector,monthly,2,none,recycle,2,3,21.29,0
user526@gmail.com,2-3,Apartment,Wayanad,3,3,Loose / refill,7+,Never,250g_500g,collector,no,0,1-2,recycle,1,0,29.02,0
user527@gmail.com,1,Large house,Idukki,1,14,Plastic bottle,,Always,less_250g,biomethanation,daily,2,6+,store,0,2,50.15,0
user528@gmail.com,2-3,Large house,Palakkad,1,18,Plastic bottle,4-7,Always,250g_500g,worm_compost,weekly,0,6+,recycle,1,2,27.51,0
user529@gmail.com,4-5,Small house,Pathanamthitta,2,13,Plastic bottle,1-3,Sometimes,500g_1kg,mixed,no,2,6+,store,2,2,16.06,0
user530@gmail.com,2-3,Apartment,Alappuzha,3,7,Plastic bottle,7+,Always,250g_500g,biomethanation,weekly,0,1-2,trash,1,0,12.79,0
user531@gmail.com,4-5,Apartment,Idukki,3,4,Plastic packet,,Always,500g_1kg,home_compost,weekly,1,3-5,sell,2,1,15.06,0
user532@gmail.com,6+,Large house,Kozhikode,3,7,Loose / refill,4-7,Always,more_1kg,community,weekly,2,3-5,recycle,3,1,47.21,0
user533@gmail.com,4-5,Small house,Kozhikode,2,14,Plastic packet,,Sometimes,500g_1kg,community,daily,4,1-2,recycle,2,0,36.28,0
user534@gmail.com,4-5,Apartment,Malappuram,3,15,Plastic bottle,7+,Always,500g_1kg,worm_compost,weekly,0,3-5,store,2,1,11.69,0
user535@gmail.com,2-3,Apartment,Palakkad,3,8,Plastic bottle,,Always,250g_500g,worm_compost,monthly,4,6+,sell,1,2,24.98,0
user536@gmail.com,2-3,Large house,Kollam,3,5,Plastic packet,7+,Sometimes,250g_500g,worm_compost,daily,4,6+,sell,1,2,29.23,0
user537@gmail.com,2-3,Large house,Ernakulam,2,3,Plastic packet,4-7,Never,250g_500g,home_compost,monthly,0,6+,store,1,2,26.82,0
user538@gmail.com,6+,Apartment,Alappuzha,4,20,Plastic packet,1-3,Sometimes,more_1kg,mixed,weekly,2,1-2,store,3,0,69.21,0
user539@gmail.com,4-5,Small house,Ernakulam,3,19,Plastic bottle,1-3,Sometimes,500g_1kg,worm_compost,no,3,3-5,recycle,2,1,24.08,0
user540@gmail.com,2-3,Large house,Pathanamthitta,1,15,Plastic bottle,,Always,250g_500g,mixed,monthly,4,1-2,store,1,0,40.29,0
user541@gmail.com,2-3,Apartment,Idukki,3,6,Plastic packet,4-7,Always,250g_500g,home_compost,daily,4,3-5,sell,1,1,30.68,0
user542@gmail.com,1,Small house,Kollam,1,13,Plastic bottle,7+,Never,less_250g,home_compost,monthly,4,3-5,trash,0,1,54.77,0
user543@gmail.com,4-5,Apartment,Idukki,2,14,Loose / refill,1-3,Always,500g_1kg,biomethanation,daily,4,6+,trash,2,2,31.12,0
user545@gmail.com,2-3,Small house,Kottayam,3,7,Plastic bottle,7+,Sometimes,250g_500g,biomethanation,no,0,6+,recycle,1,2,11.77,0
user547@gmail.com,6+,Apartment,Thiruvananthapuram,3,2,Loose / refill,7+,Sometimes,more_1kg,collector,no,2,6+,store,3,2,58.7,0
user548@gmail.com,2-3,Large house,Ernakulam,3,15,Loose / refill,,Always,250g_500g,mixed,daily,4,3-5,store,1,1,27.7,0
user549@gmail.com,4-5,Small house,Kollam,3,9,Plastic bottle,4-7,Always,500g_1kg,home_compost,no,4,3-5,store,2,1,28.34,0
user550@gmail.com,1,Small house,Kannur,1,13,Plastic packet,,Always,less_250g,home_compost,monthly,4,6+,sell,0,2,56.78,0
user551@gmail.com,2-3,Small house,Idukki,1,11,Loose / refill,1-3,Always,250g_500g,biomethanation,daily,3,none,store,1,3,32.5,0
user552@gmail.com,6+,Small house,Thrissur,3,16,Loose / refill,7+,Never,more_1kg,mixed,no,4,6+,sell,3,2,62.2,0
user553@gmail.com,2-3,Small house,Kannur,2,19,Loose / refill,,Always,250g_500g,worm_compost,no,2,6+,recycle,1,2,24.2,0
user554@gmail.com,4-5,Small house,Idukki,2,18,Plastic packet,,Sometimes,500g_1kg,mixed,weekly,3,6+,sell,2,2,28.3,0
user555@gmail.com,2-3,Large house,Kollam,1,19,Plastic bottle,,Never,250g_500g,community,daily,0,3-5,sell,1,1,22.62,0
user556@gmail.com,4-5,Small house,Thrissur,4,13,Plastic bottle,,Never,500g_1kg,mixed,monthly,2,none,store,2,3,30.74,0
user557@gmail.com,6+,Apartment,Ernakulam,6,14,Plastic packet,,Never,more_1kg,worm_compost,daily,2,1-2,sell,3,0,69.63,0
user558@gmail.com,4-5,Small house,Kozhikode,3,19,Loose / refill,,Sometimes,500g_1kg,worm_compost,weekly,1,1-2,store,2,0,27.17,0
user559@gmail.com,2-3,Large house,Kollam,2,4,Loose / refill,7+,Never,250g_500g,biomethanation,weekly,2,6+,sell,1,2,20.4,0
user560@gmail.com,4-5,Large house,Kollam,4,5,Plastic packet,1-3,Never,500g_1kg,home_compost,no,3,3-5,store,2,1,33.31,0
user561@gmail.com,1,Small house,Kannur,1,18,Loose / refill,,Always,less_250g,biomethanation,monthly,3,3-5,sell,0,1,58.28,0
user562@gmail.com,2-3,Large house,Idukki,1,5,Plastic bottle,7+,Sometimes,250g_500g,mixed,monthly,4,6+,trash,1,2,38.82,0
user563@gmail.com,2-3,Large house,Kollam,3,7,Plastic packet,4-7,Never,250g_500g,community,monthly,4,none,sell,1,3,40.76,0
user564@gmail.com,4-5,Large house,Thiruvananthapuram,2,5,Plastic packet,,Never,500g_1kg,biomethanation,no,0,6+,trash,2,2,15.92,0
user565@gmail.com,4-5,Small house,Kozhikode,3,13,Plastic packet,7+,Sometimes,500g_1kg,home_compost,daily,2,3-5,recycle,2,1,9.88,0
user567@gmail.com,2-3,Small house,Kannur,3,6,Plastic packet,4-7,Never,250g_500g,community,no,1,1-2,recycle,1,0,16.98,0
user569@gmail.com,2-3,Small house,Alappuzha,1,14,Loose / refill,7+,Always,250g_500g,community,weekly,1,none,recycle,1,3,28.44,0
user570@gmail.com,4-5,Small house,Kottayam,4,12,Plastic bottle,4-7,Never,500g_1kg,worm_compost,weekly,1,6+,trash,2,2,12.59,0
user572@gmail.com,2-3,Small house,Wayanad,3,19,Plastic packet,4-7,Always,250g_500g,home_compost,monthly,0,3-5,trash,1,1,20.53,0
user573@gmail.com,6+,Apartment,Alappuzha,5,15,Loose / refill,7+,Sometimes,more_1kg,collector,weekly,1,1-2,sell,3,0,66.21,0
user574@gmail.com,2-3,Large house,Palakkad,2,10,Plastic bottle,7+,Always,250g_500g,mixed,weekly,1,6+,store,1,2,8.21,0
user579@gmail.com,2-3,Apartment,Wayanad,3,13,Plastic packet,1-3,Sometimes,250g_500g,worm_compost,weekly,3,3-5,recycle,1,1,14.06,0
user580@gmail.com,4-5,Small house,Kozhikode,3,18,Plastic bottle,,Never,500g_1kg,collector,monthly,1,3-5,store,2,1,15.43,0
user581@gmail.com,4-5,Large house,Kollam,3,7,Plastic bottle,1-3,Never,500g_1kg,biomethanation,monthly,1,3-5,store,2,1,8.21,0
user583@gmail.com,2-3,Apartment,Thrissur,1,14,Plastic packet,1-3,Never,250g_500g,biomethanation,daily,3,3-5,recycle,1,1,22.09,0
user584@gmail.com,2-3,Apartment,Ernakulam,2,12,Plastic bottle,,Never,250g_500g,community,daily,0,none,trash,1,3,19.37,0
user585@gmail.com,4-5,Small house,Thrissur,3,19,Plastic bottle,,Sometimes,500g_1kg,collector,weekly,1,1-2,store,2,0,27.17,0
user586@gmail.com,4-5,Apartment,Kollam,4,6,Plastic bottle,,Sometimes,500g_1kg,community,daily,1,none,trash,2,3,35.2,0
user587@gmail.com,2-3,Large house,Alappuzha,2,13,Plastic bottle,,Always,250g_500g,home_compost,no,1,3-5,trash,1,1,1.65,0
user589@gmail.com,2-3,Large house,Alappuzha,2,15,Plastic packet,7+,Always,250g_500g,community,no,4,none,trash,1,3,38.55,0
user590@gmail.com,4-5,Apartment,Idukki,4,9,Plastic packet,7+,Always,500g_1kg,worm_compost,monthly,0,6+,sell,2,2,19.69,0
user591@gmail.com,2-3,Small house,Pathanamthitta,3,17,Plastic packet,1-3,Sometimes,250g_500g,home_compost,no,0,6+,sell,1,2,20.77,0
user592@gmail.com,2-3,Small house,Wayanad,3,18,Plastic packet,7+,Sometimes,250g_500g,worm_compost,daily,2,6+,recycle,1,2,16.74,0
user593@gmail.com,1,Large house,Wayanad,0,6,Loose / refill,7+,Sometimes,less_250g,community,daily,0,1-2,store,0,0,64.51,0
user594@gmail.com,4-5,Large house,Palakkad,2,20,Loose / refill,4-7,Always,500g_1kg,collector,daily,0,3-5,sell,2,1,35.72,0
user595@gmail.com,4-5,Large house,Wayanad,4,11,Plastic bottle,7+,Always,500g_1kg,mixed,daily,3,1-2,recycle,2,0,33.87,0
user597@gmail.com,2-3,Apartment,Thiruvananthapuram,1,6,Loose / refill,7+,Sometimes,250g_500g,worm_compost,weekly,1,3-5,sell,1,1,14.7,0
user598@gmail.com,4-5,Large house,Malappuram,4,19,Plastic bottle,,Never,500g_1kg,collector,no,2,1-2,store,2,0,41.72,0
user599@gmail.com,6+,Apartment,Idukki,3,5,Loose / refill,4-7,Always,more_1kg,collector,daily,3,3-5,store,3,1,48.42,0
user600@gmail.com,2-3,Large house,Alappuzha,3,12,Plastic packet,4-7,Never,250g_500g,community,daily,2,3-5,trash,1,1,7.57,0
user601@gmail.com,2-3,Small house,Malappuram,3,18,Plastic bottle,1-3,Sometimes,250g_500g,biomethanation,daily,1,none,sell,1,3,26.41,0
user602@gmail.com,4-5,Large house,Idukki,2,12,Plastic packet,,Always,500g_1kg,home_compost,daily,2,1-2,sell,2,0,23.91,0
user603@gmail.com,2-3,Large house,Kasaragod,2,12,Plastic bottle,7+,Always,250g_500g,collector,no,0,none,sell,1,3,19.37,0
user604@gmail.com,4-5,Apartment,Thiruvananthapuram,4,12,Plastic bottle,,Sometimes,500g_1kg,biomethanation,weekly,2,none,recycle,2,3,28.73,0
user605@gmail.com,6+,Small house,Wayanad,5,17,Plastic packet,4-7,Always,more_1kg,collector,daily,2,1-2,trash,3,0,64.58,0
user606@gmail.com,4-5,Apartment,Wayanad,3,10,Loose / refill,1-3,Never,500g_1kg,home_compost,monthly,0,6+,store,2,2,11.23,0
user607@gmail.com,4-5,Apartment,Kasaragod,4,5,Loose / refill,1-3,Never,500g_1kg,mixed,daily,1,6+,sell,2,2,18.98,0
user608@gmail.com,4-5,Large house,Idukki,4,7,Plastic bottle,,Always,500g_1kg,collector,monthly,0,6+,recycle,2,2,21.31,0
user609@gmail.com,4-5,Large house,Thrissur,2,15,Loose / refill,4-7,Always,500g_1kg,mixed,monthly,2,3-5,recycle,2,1,17.52,0
user610@gmail.com,4-5,Apartment,Idukki,3,15,Plastic packet,,Never,500g_1kg,biomethanation,weekly,4,1-2,trash,2,0,31.64,0
user611@gmail.com,2-3,Large house,Pathanamthitta,3,2,Loose / refill,4-7,Sometimes,250g_500g,community,monthly,3,6+,trash,1,2,33.93,0
user612@gmail.com,2-3,Large house,Kottayam,3,4,Plastic packet,,Never,250g_500g,biomethanation,weekly,3,3-5,recycle,1,1,25.47,0
user613@gmail.com,2-3,Large house,Kannur,2,5,Plastic packet,1-3,Never,250g_500g,collector,weekly,4,none,sell,1,3,44.62,0
user614@gmail.com,2-3,Apartment,Kasaragod,1,14,Plastic packet,7+,Never,250g_500g,collector,weekly,1,3-5,trash,1,1,10.39,0
user615@gmail.com,2-3,Large house,Malappuram,2,3,Loose / refill,7+,Sometimes,250g_500g,mixed,weekly,4,6+,recycle,1,2,37.2,0
user616@gmail.com,4-5,Apartment,Palakkad,2,13,Plastic bottle,,Always,500g_1kg,home_compost,monthly,4,none,store,2,3,39.85,0
user617@gmail.com,2-3,Small house,Alappuzha,3,18,Loose / refill,7+,Always,250g_500g,worm_compost,weekly,0,3-5,sell,1,1,17.3,0
user618@gmail.com,2-3,Small house,Kollam,1,14,Loose / refill,,Never,250g_500g,home_compost,weekly,1,3-5,store,1,1,10.39,0
user619@gmail.com,4-5,Apartment,Kasaragod,3,2,Loose / refill,4-7,Sometimes,500g_1kg,home_compost,weekly,0,1-2,store,2,0,23.66,0
user620@gmail.com,4-5,Apartment,Thrissur,4,17,Loose / refill,,Always,500g_1kg,biomethanation,monthly,0,1-2,store,2,0,30.08,0
user621@gmail.com,2-3,Large house,Thrissur,3,20,Loose / refill,,Sometimes,250g_500g,biomethanation,weekly,3,3-5,store,1,1,34.45,0
user622@gmail.com,4-5,Small house,Alappuzha,3,9,Plastic bottle,4-7,Sometimes,500g_1kg,mixed,monthly,1,6+,sell,2,2,5.39,0
user623@gmail.com,4-5,Large house,Kozhikode,2,9,Loose / refill,7+,Sometimes,500g_1kg,collector,daily,3,1-2,sell,2,0,28.29,0
user624@gmail.com,4-5,Small house,Kollam,4,4,Loose / refill,1-3,Always,500g_1kg,community,no,0,none,store,2,3,49.67,0
user625@gmail.com,4-5,Large house,Kottayam,3,15,Loose / refill,4-7,Never,500g_1kg,mixed,no,0,1-2,recycle,2,0,11.43,0
user626@gmail.com,4-5,Small house,Thrissur,2,12,Loose / refill,1-3,Sometimes,500g_1kg,community,no,0,3-5,sell,2,1,6.29,0
user627@gmail.com,6+,Small house,Thrissur,6,11,Loose / refill,1-3,Sometimes,more_1kg,home_compost,weekly,0,1-2,recycle,3,0,66.75,0
user628@gmail.com,4-5,Small house,Kollam,4,16,Plastic packet,4-7,Never,500g_1kg,mixed,monthly,2,1-2,store,2,0,29.68,0
user629@gmail.com,2-3,Large house,Kollam,2,17,Plastic packet,7+,Sometimes,250g_500g,home_compost,daily,4,3-5,sell,1,1,37.28,0
user630@gmail.com,4-5,Apartment,Thrissur,2,6,Loose / refill,4-7,Never,500g_1kg,collector,no,3,6+,sell,2,2,18.67,0
user631@gmail.com,2-3,Large house,Thrissur,1,12,Loose / refill,,Sometimes,250g_500g,community,daily,0,none,trash,1,3,23.51,0
user632@gmail.com,2-3,Apartment,Idukki,1,20,Plastic packet,4-7,Sometimes,250g_500g,home_compost,no,4,1-2,recycle,1,0,64.3,0
user633@gmail.com,4-5,Large house,Kannur,2,10,Plastic bottle,,Never,500g_1kg,home_compost,daily,1,1-2,recycle,2,0,17.26,0
user634@gmail.com,2-3,Large house,Ernakulam,3,20,Loose / refill,1-3,Sometimes,250g_500g,collector,daily,2,none,store,1,3,37.97,0
user635@gmail.com,4-5,Small house,Malappuram,3,4,Plastic bottle,1-3,Never,500g_1kg,mixed,no,3,1-2,sell,2,0,30.08,0
user636@gmail.com,2-3,Large house,Alappuzha,2,17,Plastic packet,4-7,Never,250g_500g,biomethanation,no,2,3-5,sell,1,1,13.32,0
user637@gmail.com,1,Apartment,Kannur,0,15,Plastic packet,,Always,less_250g,community,monthly,2,6+,store,0,2,63.01,0
user638@gmail.com,1,Small house,Kottayam,0,16,Plastic bottle,1-3,Sometimes,less_250g,collector,monthly,3,6+,recycle,0,2,62.83,0
user639@gmail.com,4-5,Large house,Palakkad,2,18,Plastic packet,7+,Sometimes,500g_1kg,mixed,daily,1,3-5,trash,2,1,20.57,0
user640@gmail.com,2-3,Large house,Kollam,2,14,Plastic packet,,Sometimes,250g_500g,collector,daily,3,1-2,sell,1,0,21.41,0
user642@gmail.com,4-5,Large house,Kozhikode,3,11,Loose / refill,4-7,Sometimes,500g_1kg,collector,no,1,6+,recycle,2,2,4.92,0
user643@gmail.com,2-3,Small house,Pathanamthitta,2,17,Plastic packet,4-7,Sometimes,250g_500g,worm_compost,daily,3,3-5,store,1,1,19.91,0
user644@gmail.com,2-3,Apartment,Thrissur,2,15,Plastic packet,4-7,Never,250g_500g,biomethanation,daily,3,none,sell,1,3,26.18,0
user645@gmail.com,1,Apartment,Ernakulam,1,16,Plastic packet,,Sometimes,less_250g,mixed,monthly,3,6+,sell,0,2,52.55,0
user646@gmail.com,2-3,Small house,Kollam,2,17,Plastic packet,4-7,Sometimes,250g_500g,home_compost,weekly,3,none,store,1,3,27.36,0
user647@gmail.com,2-3,Apartment,Thrissur,2,3,Plastic bottle,1-3,Never,250g_500g,biomethanation,monthly,0,1-2,recycle,1,0,26.04,0
user648@gmail.com,2-3,Large house,Wayanad,3,12,Plastic bottle,1-3,Sometimes,250g_500g,community,monthly,3,6+,recycle,1,2,13.63,0
user649@gmail.com,4-5,Small house,Alappuzha,3,5,Plastic bottle,,Never,500g_1kg,worm_compost,weekly,0,1-2,store,2,0,7.25,0
user650@gmail.com,6+,Large house,Idukki,4,15,Plastic bottle,4-7,Never,more_1kg,community,no,3,none,store,3,3,59.47,0
user651@gmail.com,4-5,Small house,Idukki,4,8,Loose / refill,1-3,Always,500g_1kg,home_compost,daily,4,1-2,trash,2,0,45.79,0
user652@gmail.com,4-5,Apartment,Thrissur,3,19,Plastic packet,,Always,500g_1kg,mixed,weekly,1,none,store,2,3,31.05,0
user653@gmail.com,2-3,Apartment,Palakkad,3,13,Plastic bottle,,Always,250g_500g,worm_compost,no,2,6+,sell,1,2,10.38,0
user654@gmail.com,1,Small house,Idukki,0,12,Plastic packet,1-3,Never,less_250g,community,weekly,2,6+,sell,0,2,62.79,0
user656@gmail.com,4-5,Large house,Pathanamthitta,3,8,Plastic bottle,7+,Always,500g_1kg,community,weekly,4,1-2,trash,2,0,35.37,0
user657@gmail.com,2-3,Small house,Idukki,2,16,Plastic packet,7+,Never,250g_500g,worm_compost,weekly,4,none,recycle,1,3,41.01,0
user658@gmail.com,2-3,Apartment,Kasaragod,1,5,Plastic bottle,1-3,Never,250g_500g,community,daily,3,none,recycle,1,3,40.09,0
user659@gmail.com,1,Apartment,Idukki,1,16,Plastic packet,,Always,less_250g,community,monthly,1,6+,store,0,2,46.44,0
user660@gmail.com,2-3,Small house,Palakkad,3,15,Loose / refill,7+,Always,250g_500g,mixed,monthly,2,none,recycle,1,3,21.23,0
user661@gmail.com,1,Large house,Kollam,1,15,Plastic bottle,7+,Sometimes,less_250g,home_compost,monthly,3,none,recycle,0,3,65.89,0
user663@gmail.com,2-3,Apartment,Idukki,3,5,Plastic packet,7+,Never,250g_500g,biomethanation,daily,2,none,sell,1,3,28.26,0
user664@gmail.com,2-3,Large house,Thrissur,2,19,Loose / refill,4-7,Sometimes,250g_500g,mixed,daily,2,none,trash,1,3,32.66,0
user665@gmail.com,2-3,Large house,Kottayam,2,19,Plastic bottle,4-7,Never,250g_500g,biomethanation,daily,1,6+,sell,1,2,22.4,0
user666@gmail.com,2-3,Small house,Ernakulam,2,2,Plastic packet,1-3,Always,250g_500g,collector,daily,2,6+,recycle,1,2,33.81,0
user667@gmail.com,2-3,Large house,Kannur,2,14,Plastic packet,4-7,Always,250g_500g,worm_compost,daily,3,1-2,sell,1,0,21.41,0
user668@gmail.com,2-3,Small house,Idukki,2,12,Loose / refill,4-7,Always,250g_500g,mixed,weekly,1,6+,trash,1,2,4.99,0
user669@gmail.com,2-3,Small house,Alappuzha,2,16,Loose / refill,,Sometimes,250g_500g,collector,no,1,1-2,sell,1,0,18.34,0
user670@gmail.com,2-3,Large house,Alappuzha,1,11,Loose / refill,,Sometimes,250g_500g,home_compost,no,4,6+,trash,1,2,32.84,0
user671@gmail.com,2-3,Small house,Ernakulam,3,6,Loose / refill,4-7,Sometimes,250g_500g,home_compost,weekly,1,6+,recycle,1,2,9.43,0
user672@gmail.com,4-5,Large house,Kollam,3,7,Plastic packet,,Never,500g_1kg,mixed,monthly,2,3-5,trash,2,1,15.08,0
user673@gmail.com,2-3,Apartment,Kasaragod,1,16,Plastic packet,7+,Always,250g_500g,collector,monthly,0,6+,store,1,2,20.86,0
user674@gmail.com,4-5,Large house,Ernakulam,4,18,Plastic packet,7+,Never,500g_1kg,community,monthly,3,1-2,recycle,2,0,40.07,0
user675@gmail.com,4-5,Small house,Malappuram,3,13,Plastic bottle,4-7,Always,500g_1kg,biomethanation,daily,2,none,sell,2,3,17.03,0
user676@gmail.com,2-3,Large house,Thrissur,3,10,Loose / refill,,Sometimes,250g_500g,worm_compost,monthly,2,6+,store,1,2,12.15,0
user678@gmail.com,2-3,Apartment,Ernakulam,1,4,Plastic packet,,Never,250g_500g,mixed,daily,0,1-2,recycle,1,0,25.6,0
user679@gmail.com,2-3,Large house,Malappuram,1,7,Plastic packet,,Always,250g_500g,home_compost,weekly,0,6+,recycle,1,2,18.87,0
user680@gmail.com,4-5,Apartment,Kollam,2,15,Plastic packet,,Sometimes,500g_1kg,biomethanation,monthly,3,1-2,store,2,0,25.29,0
user681@gmail.com,2-3,Large house,Thiruvananthapuram,2,2,Plastic bottle,1-3,Sometimes,250g_500g,collector,daily,4,none,sell,1,3,61.51,0
user682@gmail.com,6+,Small house,Kollam,3,15,Plastic packet,4-7,Always,more_1kg,worm_compost,daily,3,3-5,trash,3,1,50.08,0
user683@gmail.com,2-3,Apartment,Palakkad,3,15,Plastic packet,4-7,Never,250g_500g,worm_compost,monthly,2,1-2,trash,1,0,25.68,0
user684@gmail.com,2-3,Small house,Palakkad,3,20,Plastic bottle,4-7,Sometimes,250g_500g,collector,daily,4,1-2,store,1,0,58.62,0
user685@gmail.com,4-5,Large house,Palakkad,2,18,Plastic packet,,Sometimes,500g_1kg,collector,weekly,3,none,store,2,3,35.18,0
user686@gmail.com,4-5,Apartment,Kozhikode,4,2,Plastic bottle,4-7,Never,500g_1kg,worm_compost,no,2,6+,trash,2,2,38.5,0
user687@gmail.com,2-3,Large house,Wayanad,2,11,Plastic packet,7+,Sometimes,250g_500g,biomethanation,no,4,none,sell,1,3,34.34,0
user688@gmail.com,2-3,Large house,Kozhikode,1,17,Plastic bottle,,Never,250g_500g,biomethanation,daily,1,1-2,recycle,1,0,28.0,0
user689@gmail.com,2-3,Small house,Thrissur,3,7,Plastic packet,4-7,Never,250g_500g,worm_compost,no,3,3-5,sell,1,1,18.09,0
user690@gmail.com,4-5,Apartment,Kasaragod,2,9,Plastic packet,7+,Never,500g_1kg,biomethanation,no,0,3-5,sell,2,1,6.3,0
user691@gmail.com,2-3,Large house,Thrissur,1,8,Plastic bottle,4-7,Always,250g_500g,mixed,no,2,6+,trash,1,2,22.66,0
user692@gmail.com,6+,Large house,Wayanad,3,9,Loose / refill,7+,Never,more_1kg,mixed,daily,1,6+,sell,3,2,40.1,0
user693@gmail.com,4-5,Small house,Wayanad,3,5,Plastic packet,4-7,Never,500g_1kg,worm_compost,monthly,3,1-2,store,2,0,27.03,0
user694@gmail.com,4-5,Large house,Thrissur,3,19,Loose / refill,,Always,500g_1kg,community,no,3,3-5,trash,2,1,24.08,0
user695@gmail.com,4-5,Large house,Wayanad,3,20,Plastic bottle,,Always,500g_1kg,mixed,monthly,4,6+,sell,2,2,42.33,0
user696@gmail.com,2-3,Large house,Kollam,1,2,Plastic packet,,Never,250g_500g,community,weekly,4,none,recycle,1,3,69.39,0
user697@gmail.com,2-3,Large house,Kasaragod,2,10,Plastic bottle,,Never,250g_500g,collector,daily,4,1-2,sell,1,0,31.3,0
user698@gmail.com,2-3,Large house,Kasaragod,3,7,Plastic packet,,Always,250g_500g,mixed,no,2,6+,sell,1,2,11.51,0
user700@gmail.com,2-3,Apartment,Pathanamthitta,1,4,Plastic bottle,1-3,Always,250g_500g,community,monthly,1,none,sell,1,3,43.46,0
user701@gmail.com,2-3,Small house,Palakkad,3,16,Plastic bottle,1-3,Sometimes,250g_500g,collector,no,0,6+,store,1,2,17.57,0
user702@gmail.com,2-3,Small house,Palakkad,1,10,Plastic bottle,4-7,Sometimes,250g_500g,collector,no,3,3-5,recycle,1,1,22.88,0
user703@gmail.com,4-5,Apartment,Alappuzha,4,18,Loose / refill,7+,Sometimes,500g_1kg,biomethanation,monthly,3,6+,recycle,2,2,30.29,0
user706@gmail.com,6+,Small house,Kollam,4,16,Plastic packet,7+,Sometimes,more_1kg,community,weekly,3,6+,sell,3,2,51.66,0
user707@gmail.com,4-5,Apartment,Ernakulam,4,13,Loose / refill,,Always,500g_1kg,home_compost,monthly,4,1-2,trash,2,0,42.78,0
user708@gmail.com,4-5,Small house,Kollam,3,11,Loose / refill,1-3,Never,500g_1kg,worm_compost,weekly,3,none,sell,2,3,18.57,0
user710@gmail.com,2-3,Large house,Kozhikode,3,6,Loose / refill,4-7,Never,250g_500g,collector,monthly,1,none,recycle,1,3,25.48,0
user711@gmail.com,2-3,Apartment,Thiruvananthapuram,2,8,Loose / refill,1-3,Always,250g_500g,home_compost,no,0,none,recycle,1,3,26.4,0
user712@gmail.com,6+,Small house,Ernakulam,4,18,Loose / refill,7+,Never,more_1kg,collector,daily,4,6+,recycle,3,2,61.69,0
user713@gmail.com,2-3,Small house,Thiruvananthapuram,2,16,Loose / refill,4-7,Sometimes,250g_500g,community,daily,1,1-2,trash,1,0,18.34,0
user715@gmail.com,2-3,Apartment,Kollam,1,5,Loose / refill,1-3,Never,250g_500g,worm_compost,daily,3,none,trash,1,3,40.09,0
user716@gmail.com,2-3,Apartment,Kollam,1,13,Plastic bottle,,Sometimes,250g_500g,worm_compost,no,0,none,trash,1,3,24.5,0
user717@gmail.com,2-3,Large house,Kollam,3,10,Loose / refill,7+,Never,250g_500g,home_compost,monthly,1,none,trash,1,3,22.49,0
user718@gmail.com,2-3,Apartment,Kasaragod,1,12,Plastic packet,,Sometimes,250g_500g,worm_compost,no,2,1-2,trash,1,0,25.02,0
user719@gmail.com,6+,Apartment,Wayanad,4,12,Loose / refill,4-7,Always,more_1kg,worm_compost,weekly,0,6+,store,3,2,47.79,0
user721@gmail.com,4-5,Small house,Kozhikode,4,12,Plastic packet,1-3,Always,500g_1kg,biomethanation,monthly,1,1-2,sell,2,0,22.94,0
user723@gmail.com,2-3,Small house,Ernakulam,1,3,Plastic packet,4-7,Sometimes,250g_500g,community,no,4,none,sell,1,3,64.0,0
user724@gmail.com,4-5,Small house,Kollam,4,15,Loose / refill,,Sometimes,500g_1kg,community,no,3,none,store,2,3,36.82,0
user725@gmail.com,2-3,Large house,Wayanad,3,16,Plastic packet,7+,Never,250g_500g,community,daily,3,6+,recycle,1,2,19.11,0
user726@gmail.com,4-5,Large house,Palakkad,2,6,Loose / refill,1-3,Never,500g_1kg,home_compost,no,3,6+,sell,2,2,18.67,0
user727@gmail.com,1,Apartment,Pathanamthitta,1,4,Plastic bottle,4-7,Sometimes,less_250g,mixed,daily,1,1-2,trash,0,0,55.05,0
user728@gmail.com,4-5,Apartment,Thrissur,3,10,Loose / refill,4-7,Always,500g_1kg,home_compost,monthly,3,6+,sell,2,2,12.7,0
user729@gmail.com,4-5,Apartment,Kottayam,2,16,Plastic bottle,4-7,Never,500g_1kg,mixed,weekly,1,none,sell,2,3,28.46,0
user730@gmail.com,6+,Large house,Alappuzha,3,18,Plastic packet,4-7,Never,more_1kg,biomethanation,daily,3,3-5,sell,3,1,53.28,0
user731@gmail.com,4-5,Small house,Ernakulam,4,7,Loose / refill,7+,Always,500g_1kg,mixed,no,0,1-2,sell,2,0,18.96,0
user732@gmail.com,2-3,Large house,Pathanamthitta,2,4,Loose / refill,1-3,Never,250g_500g,worm_compost,no,3,3-5,recycle,1,1,24.74,0
user733@gmail.com,4-5,Small house,Pathanamthitta,2,20,Plastic bottle,1-3,Sometimes,500g_1kg,biomethanation,no,1,1-2,store,2,0,43.5,0
user734@gmail.com,2-3,Large house,Idukki,1,20,Loose / refill,4-7,Never,250g_500g,biomethanation,no,0,3-5,store,1,1,33.18,0
user735@gmail.com,2-3,Large house,Kottayam,2,5,Plastic packet,4-7,Sometimes,250g_500g,biomethanation,monthly,4,1-2,sell,1,0,41.7,0
user736@gmail.com,4-5,Large house,Ernakulam,3,3,Plastic bottle,4-7,Never,500g_1kg,community,weekly,0,1-2,sell,2,0,18.27,0
user737@gmail.com,4-5,Large house,Palakkad,4,10,Plastic bottle,7+,Never,500g_1kg,mixed,no,0,1-2,sell,2,0,22.24,0
user738@gmail.com,4-5,Large house,Wayanad,2,19,Loose / refill,1-3,Sometimes,500g_1kg,biomethanation,weekly,4,3-5,recycle,2,1,48.07,0
user740@gmail.com,6+,Small house,Kozhikode,3,10,Loose / refill,,Never,more_1kg,collector,monthly,0,3-5,recycle,3,1,35.45,0
user741@gmail.com,4-5,Large house,Ernakulam,2,6,Plastic bottle,7+,Never,500g_1kg,mixed,monthly,2,1-2,recycle,2,0,28.46,0
user742@gmail.com,2-3,Apartment,Kasaragod,1,9,Plastic packet,7+,Never,250g_500g,home_compost,weekly,3,none,store,1,3,35.84,0
user744@gmail.com,2-3,Apartment,Ernakulam,3,15,Plastic packet,4-7,Never,250g_500g,community,weekly,2,none,sell,1,3,21.23,0
user745@gmail.com,2-3,Apartment,Thrissur,1,10,Loose / refill,1-3,Sometimes,250g_500g,biomethanation,no,4,1-2,recycle,1,0,39.03,0
user746@gmail.com,4-5,Apartment,Thrissur,2,13,Loose / refill,1-3,Never,500g_1kg,biomethanation,weekly,1,3-5,trash,2,1,8.04,0
user747@gmail.com,4-5,Small house,Kasaragod,2,4,Plastic packet,7+,Always,500g_1kg,worm_compost,no,3,1-2,trash,2,0,36.57,0
user748@gmail.com,6+,Small house,Kottayam,4,12,Loose / refill,4-7,Never,more_1kg,home_compost,no,1,1-2,sell,3,0,46.32,0
user749@gmail.com,4-5,Apartment,Alappuzha,4,14,Loose / refill,1-3,Sometimes,500g_1kg,home_compost,monthly,3,6+,sell,2,2,24.67,0
user750@gmail.com,4-5,Large house,Alappuzha,3,17,Plastic packet,4-7,Never,500g_1kg,community,daily,4,1-2,store,2,0,37.06,0
user751@gmail.com,1,Large house,Malappuram,0,16,Plastic packet,7+,Always,less_250g,home_compost,no,3,6+,sell,0,2,62.83,0
user753@gmail.com,6+,Small house,Kasaragod,4,2,Plastic bottle,4-7,Always,more_1kg,biomethanation,monthly,3,6+,store,3,2,64.59,0
user754@gmail.com,4-5,Small house,Ernakulam,4,4,Plastic packet,4-7,Always,500g_1kg,biomethanation,no,2,6+,recycle,2,2,25.55,0
user755@gmail.com,6+,Apartment,Kottayam,5,19,Plastic bottle,7+,Always,more_1kg,home_compost,monthly,0,3-5,sell,3,1,68.48,0
user756@gmail.com,2-3,Apartment,Kasaragod,2,8,Plastic bottle,7+,Always,250g_500g,community,daily,4,none,sell,1,3,39.03,0
user757@gmail.com,2-3,Apartment,Alappuzha,3,18,Loose / refill,,Always,250g_500g,worm_compost,daily,1,3-5,sell,1,1,13.6,0
user758@gmail.com,2-3,Small house,Thiruvananthapuram,1,11,Loose / refill,4-7,Never,250g_500g,collector,daily,1,3-5,recycle,1,1,11.21,0
user759@gmail.com,6+,Small house,Idukki,3,10,Plastic packet,,Always,more_1kg,home_compost,daily,3,6+,store,3,2,45.39,0
user760@gmail.com,2-3,Large house,Malappuram,1,10,Plastic packet,7+,Never,250g_500g,community,daily,3,3-5,store,1,1,22.88,0
user761@gmail.com,4-5,Small house,Malappuram,3,10,Plastic packet,1-3,Sometimes,500g_1kg,mixed,daily,2,none,sell,2,3,16.49,0
user762@gmail.com,2-3,Large house,Kottayam,1,19,Plastic packet,1-3,Never,250g_500g,community,daily,4,6+,store,1,2,50.34,0
user763@gmail.com,2-3,Large house,Ernakulam,1,6,Plastic bottle,4-7,Sometimes,250g_500g,home_compost,monthly,0,none,recycle,1,3,31.27,0
user764@gmail.com,4-5,Apartment,Kottayam,2,10,Plastic bottle,1-3,Always,500g_1kg,community,no,1,3-5,recycle,2,1,11.73,0
user765@gmail.com,4-5,Small house,Alappuzha,3,5,Plastic bottle,4-7,Never,500g_1kg,mixed,no,4,1-2,recycle,2,0,39.1,0
user766@gmail.com,2-3,Apartment,Alappuzha,3,7,Loose / refill,,Always,250g_500g,biomethanation,no,0,1-2,recycle,1,0,12.79,0
user767@gmail.com,4-5,Large house,Kollam,3,18,Plastic bottle,,Sometimes,500g_1kg,home_compost,daily,4,3-5,trash,2,1,33.64,0
user768@gmail.com,4-5,Small house,Alappuzha,2,9,Plastic bottle,,Never,500g_1kg,worm_compost,monthly,0,none,sell,2,3,25.35,0
user769@gmail.com,2-3,Small house,Kasaragod,2,13,Plastic bottle,1-3,Always,250g_500g,home_compost,daily,3,1-2,store,1,0,22.15,0
user770@gmail.com,1,Large house,Ernakulam,1,12,Plastic packet,4-7,Never,less_250g,community,monthly,1,none,sell,0,3,63.56,0
user771@gmail.com,2-3,Large house,Pathanamthitta,2,14,Plastic packet,4-7,Never,250g_500g,mixed,no,4,1-2,trash,1,0,33.74,0
user772@gmail.com,4-5,Large house,Kollam,4,9,Plastic packet,1-3,Never,500g_1kg,collector,weekly,2,none,store,2,3,30.92,0
user773@gmail.com,6+,Large house,Alappuzha,3,19,Plastic bottle,4-7,Sometimes,more_1kg,worm_compost,daily,3,none,trash,3,3,65.13,0
user774@gmail.com,4-5,Small house,Ernakulam,3,10,Plastic packet,4-7,Always,500g_1kg,community,no,2,3-5,store,2,1,12.74,0
user776@gmail.com,4-5,Small house,Wayanad,2,16,Loose / refill,7+,Always,500g_1kg,collector,no,4,3-5,trash,2,1,37.87,0
user777@gmail.com,2-3,Apartment,Palakkad,3,5,Loose / refill,1-3,Always,250g_500g,biomethanation,daily,4,3-5,trash,1,1,32.89,0
user778@gmail.com,4-5,Apartment,Ernakulam,4,15,Loose / refill,7+,Always,500g_1kg,worm_compost,daily,0,none,trash,2,3,41.61,0
user779@gmail.com,4-5,Large house,Pathanamthitta,2,19,Plastic packet,1-3,Never,500g_1kg,mixed,weekly,2,1-2,sell,2,0,36.63,0
user780@gmail.com,2-3,Apartment,Thrissur,2,4,Plastic packet,4-7,Always,250g_500g,worm_compost,no,2,1-2,trash,1,0,32.34,0
user781@gmail.com,2-3,Large house,Thrissur,2,17,Plastic bottle,4-7,Never,250g_500g,collector,no,1,none,store,1,3,20.12,0
user783@gmail.com,2-3,Small house,Alappuzha,3,18,Plastic bottle,1-3,Sometimes,250g_500g,collector,monthly,1,3-5,recycle,1,1,13.6,0
user784@gmail.com,2-3,Apartment,Kannur,1,17,Loose / refill,1-3,Sometimes,250g_500g,home_compost,no,1,3-5,store,1,1,17.29,0
user785@gmail.com,2-3,Large house,Kannur,3,17,Plastic bottle,1-3,Always,250g_500g,worm_compost,weekly,3,none,trash,1,3,27.39,0
user786@gmail.com,4-5,Apartment,Wayanad,3,18,Loose / refill,4-7,Always,500g_1kg,community,no,4,3-5,sell,2,1,33.64,0
user788@gmail.com,2-3,Small house,Thiruvananthapuram,2,4,Loose / refill,7+,Always,250g_500g,worm_compost,monthly,3,3-5,trash,1,1,24.74,0
user789@gmail.com,6+,Large house,Kollam,3,10,Plastic bottle,7+,Sometimes,more_1kg,collector,daily,4,1-2,store,3,0,59.1,0
user790@gmail.com,4-5,Large house,Thiruvananthapuram,2,17,Loose / refill,7+,Never,500g_1kg,mixed,daily,2,3-5,trash,2,1,20.08,0
user791@gmail.com,4-5,Small house,Kottayam,4,6,Plastic bottle,4-7,Always,500g_1kg,biomethanation,weekly,4,1-2,recycle,2,0,48.64,0
user792@gmail.com,6+,Large house,Kottayam,5,16,Loose / refill,,Sometimes,more_1kg,biomethanation,daily,0,6+,store,3,2,68.38,0
user793@gmail.com,2-3,Large house,Kasaragod,2,19,Plastic packet,,Sometimes,250g_500g,mixed,monthly,3,6+,trash,1,2,28.59,0
user795@gmail.com,2-3,Apartment,Ernakulam,3,5,Loose / refill,,Sometimes,250g_500g,collector,no,2,3-5,recycle,1,1,15.23,0
user796@gmail.com,2-3,Apartment,Ernakulam,1,2,Plastic packet,1-3,Never,250g_500g,home_compost,monthly,1,1-2,trash,1,0,45.34,0
user797@gmail.com,2-3,Large house,Malappuram,1,13,Plastic bottle,4-7,Sometimes,250g_500g,home_compost,weekly,4,3-5,trash,1,1,31.49,0
user798@gmail.com,4-5,Apartment,Kannur,3,2,Loose / refill,4-7,Always,500g_1kg,mixed,weekly,3,none,store,2,3,44.05,0
user799@gmail.com,4-5,Apartment,Thiruvananthapuram,2,18,Plastic bottle,4-7,Never,500g_1kg,community,monthly,3,1-2,store,2,0,33.87,0
user800@gmail.com,2-3,Large house,Alappuzha,3,5,Loose / refill,,Always,250g_500g,collector,weekly,0,6+,trash,1,2,15.98,0
user801@gmail.com,4-5,Apartment,Kannur,4,18,Plastic packet,,Always,500g_1kg,biomethanation,no,1,6+,store,2,2,23.87,0
user802@gmail.com,4-5,Large house,Kannur,4,5,Loose / refill,4-7,Always,500g_1kg,mixed,monthly,0,6+,sell,2,2,23.83,0
user803@gmail.com,4-5,Small house,Alappuzha,3,3,Plastic bottle,1-3,Sometimes,500g_1kg,worm_compost,no,1,3-5,sell,2,1,20.57,0
user804@gmail.com,4-5,Apartment,Palakkad,4,19,Loose / refill,,Never,500g_1kg,worm_compost,weekly,0,1-2,trash,2,0,37.63,0
user805@gmail.com,2-3,Large house,Kozhikode,1,15,Plastic packet,,Never,250g_500g,collector,daily,0,1-2,store,1,0,19.75,0
user806@gmail.com,4-5,Apartment,Thiruvananthapuram,2,7,Plastic bottle,7+,Sometimes,500g_1kg,mixed,monthly,4,6+,store,2,2,30.1,0
user807@gmail.com,4-5,Apartment,Palakkad,3,11,Loose / refill,1-3,Always,500g_1kg,home_compost,no,0,1-2,store,2,0,5.36,0
user808@gmail.com,6+,Small house,Ernakulam,4,19,Loose / refill,7+,Never,more_1kg,worm_compost,no,1,3-5,sell,3,1,55.57,0
user809@gmail.com,4-5,Small house,Wayanad,2,19,Plastic packet,,Always,500g_1kg,mixed,no,0,none,recycle,2,3,44.99,0
user810@gmail.com,2-3,Large house,Ernakulam,1,7,Plastic packet,7+,Never,250g_500g,collector,daily,0,6+,store,1,2,18.87,0
user812@gmail.com,6+,Large house,Wayanad,3,5,Plastic bottle,4-7,Never,more_1kg,collector,no,1,1-2,recycle,3,0,45.98,0
user813@gmail.com,6+,Large house,Kannur,4,10,Plastic bottle,7+,Always,more_1kg,worm_compost,no,4,none,recycle,3,3,63.3,0
user814@gmail.com,1,Apartment,Kollam,1,6,Plastic packet,1-3,Never,less_250g,community,no,2,1-2,sell,0,0,56.26,0
user815@gmail.com,4-5,Small house,Kozhikode,2,17,Loose / refill,1-3,Sometimes,500g_1kg,collector,no,3,none,sell,2,3,33.82,0
user816@gmail.com,6+,Large house,Kozhikode,3,4,Plastic packet,1-3,Sometimes,more_1kg,worm_compost,no,0,none,recycle,3,3,57.64,0
user817@gmail.com,2-3,Small house,Kozhikode,2,17,Loose / refill,7+,Always,250g_500g,home_compost,weekly,4,none,store,1,3,41.38,0
user818@gmail.com,2-3,Apartment,Malappuram,3,15,Plastic packet,4-7,Always,250g_500g,community,weekly,0,3-5,recycle,1,1,11.84,0
user819@gmail.com,2-3,Large house,Kasaragod,3,10,Plastic packet,1-3,Always,250g_500g,worm_compost,daily,4,6+,recycle,1,2,22.88,0
user820@gmail.com,2-3,Small house,Idukki,3,8,Plastic bottle,,Sometimes,250g_500g,community,monthly,2,6+,sell,1,2,12.89,0
user821@gmail.com,2-3,Apartment,Pathanamthitta,2,13,Plastic packet,4-7,Always,250g_500g,worm_compost,no,4,6+,recycle,1,2,24.61,0
user822@gmail.com,2-3,Apartment,Ernakulam,3,15,Plastic packet,4-7,Sometimes,250g_500g,mixed,weekly,3,6+,store,1,2,18.58,0
user823@gmail.com,4-5,Large house,Kasaragod,4,18,Plastic packet,4-7,Sometimes,500g_1kg,biomethanation,weekly,4,1-2,recycle,2,0,47.45,0
user824@gmail.com,1,Small house,Kasaragod,1,16,Plastic bottle,,Never,less_250g,home_compost,monthly,3,none,recycle,0,3,67.75,0
user825@gmail.com,2-3,Small house,Thrissur,3,19,Plastic bottle,4-7,Never,250g_500g,community,weekly,3,none,trash,1,3,36.87,0
user826@gmail.com,2-3,Apartment,Kasaragod,1,13,Loose / refill,7+,Never,250g_500g,mixed,no,0,none,store,1,3,24.5,0
user827@gmail.com,4-5,Large house,Thrissur,3,10,Plastic packet,7+,Sometimes,500g_1kg,home_compost,daily,4,1-2,trash,2,0,31.19,0
user829@gmail.com,2-3,Large house,Palakkad,3,6,Plastic bottle,7+,Always,250g_500g,home_compost,no,2,none,trash,1,3,26.43,0
user830@gmail.com,4-5,Large house,Thrissur,4,20,Plastic packet,7+,Always,500g_1kg,biomethanation,weekly,3,6+,trash,2,2,41.64,0
user831@gmail.com,1,Large house,Ernakulam,1,12,Plastic packet,7+,Sometimes,less_250g,mixed,daily,1,6+,store,0,2,47.81,0
user832@gmail.com,2-3,Small house,Kollam,1,9,Plastic bottle,,Sometimes,250g_500g,mixed,daily,3,none,trash,1,3,35.84,0
user833@gmail.com,2-3,Small house,Malappuram,2,7,Plastic packet,1-3,Sometimes,250g_500g,worm_compost,monthly,0,1-2,trash,1,0,9.18,0
user834@gmail.com,4-5,Large house,Wayanad,2,13,Plastic bottle,1-3,Always,500g_1kg,biomethanation,no,3,6+,trash,2,2,19.4,0
user835@gmail.com,4-5,Large house,Thiruvananthapuram,4,16,Plastic packet,4-7,Sometimes,500g_1kg,mixed,no,4,none,recycle,2,3,46.43,0
user836@gmail.com,2-3,Small house,Malappuram,1,14,Loose / refill,4-7,Always,250g_500g,community,no,3,none,store,1,3,35.42,0
user837@gmail.com,2-3,Small house,Thiruvananthapuram,2,4,Loose / refill,,Sometimes,250g_500g,collector,daily,4,6+,store,1,2,29.68,0
user838@gmail.com,6+,Apartment,Pathanamthitta,4,7,Plastic packet,7+,Sometimes,more_1kg,home_compost,weekly,0,6+,store,3,2,44.79,0
user839@gmail.com,2-3,Small house,Kasaragod,2,6,Loose / refill,,Sometimes,250g_500g,worm_compost,weekly,2,6+,store,1,2,13.45,0
user840@gmail.com,4-5,Small house,Wayanad,2,9,Plastic packet,,Always,500g_1kg,mixed,daily,3,1-2,trash,2,0,28.29,0
user841@gmail.com,6+,Large house,Kasaragod,5,18,Loose / refill,4-7,Sometimes,more_1kg,worm_compost,daily,2,1-2,recycle,3,0,67.86,0
user842@gmail.com,4-5,Small house,Kasaragod,3,15,Loose / refill,7+,Sometimes,500g_1kg,home_compost,daily,4,1-2,sell,2,0,31.64,0
user843@gmail.com,2-3,Apartment,Kozhikode,1,17,Loose / refill,4-7,Never,250g_500g,mixed,weekly,4,3-5,trash,1,1,42.8,0
user844@gmail.com,4-5,Small house,Malappuram,2,14,Loose / refill,,Never,500g_1kg,worm_compost,monthly,1,none,trash,2,3,26.03,0
user845@gmail.com,4-5,Small house,Kozhikode,4,11,Loose / refill,4-7,Always,500g_1kg,mixed,daily,2,6+,sell,2,2,15.17,0
user846@gmail.com,2-3,Small house,Alappuzha,3,10,Plastic bottle,4-7,Sometimes,250g_500g,worm_compost,no,0,1-2,sell,1,0,16.73,0
user847@gmail.com,2-3,Large house,Malappuram,3,15,Plastic packet,1-3,Never,250g_500g,worm_compost,monthly,2,3-5,recycle,1,1,11.05,0
user848@gmail.com,4-5,Large house,Idukki,3,14,Plastic bottle,,Sometimes,500g_1kg,worm_compost,monthly,4,3-5,trash,2,1,28.98,0
user849@gmail.com,2-3,Small house,Thiruvananthapuram,2,14,Loose / refill,,Never,250g_500g,community,daily,3,none,sell,1,3,26.19,0
user850@gmail.com,2-3,Small house,Ernakulam,2,6,Plastic packet,,Always,250g_500g,biomethanation,no,2,1-2,sell,1,0,19.48,0
user851@gmail.com,2-3,Small house,Malappuram,2,19,Plastic bottle,7+,Never,250g_500g,mixed,no,2,6+,trash,1,2,24.2,0
user852@gmail.com,4-5,Large house,Ernakulam,3,20,Plastic packet,,Sometimes,500g_1kg,mixed,monthly,0,none,sell,2,3,47.68,0
user853@gmail.com,4-5,Apartment,Kottayam,3,14,Plastic packet,1-3,Never,500g_1kg,biomethanation,monthly,0,6+,sell,2,2,13.12,0
user854@gmail.com,2-3,Large house,Ernakulam,3,3,Loose / refill,,Never,250g_500g,home_compost,daily,1,6+,recycle,1,2,24.08,0
user855@gmail.com,2-3,Apartment,Palakkad,2,4,Plastic packet,4-7,Never,250g_500g,mixed,weekly,1,6+,recycle,1,2,17.11,0
user856@gmail.com,4-5,Small house,Ernakulam,2,18,Plastic packet,,Sometimes,500g_1kg,home_compost,daily,4,6+,store,2,2,39.37,0
user857@gmail.com,4-5,Apartment,Kasaragod,4,10,Loose / refill,,Never,500g_1kg,home_compost,weekly,1,none,store,2,3,29.0,0
user858@gmail.com,4-5,Small house,Kozhikode,3,9,Loose / refill,,Never,500g_1kg,worm_compost,monthly,0,3-5,trash,2,1,2.9,0
user859@gmail.com,2-3,Apartment,Thrissur,1,5,Loose / refill,,Sometimes,250g_500g,biomethanation,daily,0,none,recycle,1,3,34.3,0
user860@gmail.com,4-5,Apartment,Kannur,3,15,Loose / refill,,Sometimes,500g_1kg,home_compost,weekly,1,1-2,recycle,2,0,17.46,0
user861@gmail.com,4-5,Small house,Palakkad,3,14,Plastic packet,1-3,Never,500g_1kg,mixed,daily,0,1-2,recycle,2,0,7.62,0
user862@gmail.com,4-5,Apartment,Kottayam,2,18,Loose / refill,1-3,Sometimes,500g_1kg,home_compost,monthly,1,1-2,recycle,2,0,27.53,0
user863@gmail.com,4-5,Large house,Kozhikode,3,2,Plastic packet,1-3,Sometimes,500g_1kg,home_compost,monthly,3,none,sell,2,3,44.05,0
user864@gmail.com,4-5,Small house,Kasaragod,2,16,Plastic packet,,Never,500g_1kg,collector,monthly,0,6+,store,2,2,24.07,0
user865@gmail.com,4-5,Small house,Kollam,4,3,Loose / refill,,Always,500g_1kg,mixed,weekly,3,1-2,store,2,0,47.12,0
user866@gmail.com,6+,Apartment,Malappuram,5,11,Loose / refill,1-3,Never,more_1kg,biomethanation,daily,1,1-2,trash,3,0,63.24,0
user867@gmail.com,6+,Apartment,Idukki,3,10,Loose / refill,4-7,Never,more_1kg,worm_compost,weekly,3,1-2,sell,3,0,51.71,0
user868@gmail.com,2-3,Apartment,Thiruvananthapuram,2,7,Loose / refill,,Always,250g_500g,community,daily,4,3-5,sell,1,1,31.48,0
user869@gmail.com,4-5,Large house,Kannur,2,3,Plastic packet,,Sometimes,500g_1kg,community,monthly,4,1-2,recycle,2,0,55.43,0
user870@gmail.com,4-5,Apartment,Kottayam,2,13,Loose / refill,,Sometimes,500g_1kg,community,weekly,0,1-2,store,2,0,12.0,0
user871@gmail.com,2-3,Apartment,Kottayam,2,3,Plastic packet,7+,Sometimes,250g_500g,collector,weekly,4,6+,store,1,2,37.2,0
user872@gmail.com,2-3,Small house,Kasaragod,3,18,Loose / refill,1-3,Never,250g_500g,collector,monthly,1,3-5,sell,1,1,13.6,0
user873@gmail.com,6+,Apartment,Kollam,6,11,Loose / refill,7+,Always,more_1kg,home_compost,no,1,6+,store,3,2,69.16,0
user874@gmail.com,4-5,Small house,Ernakulam,2,15,Plastic packet,7+,Never,500g_1kg,home_compost,no,2,3-5,recycle,2,1,17.52,0
user875@gmail.com,4-5,Apartment,Palakkad,4,11,Plastic packet,,Never,500g_1kg,collector,monthly,0,3-5,store,2,1,21.32,0
user877@gmail.com,2-3,Large house,Wayanad,3,13,Loose / refill,4-7,Always,250g_500g,home_compost,monthly,2,6+,recycle,1,2,10.38,0
user878@gmail.com,6+,Large house,Thrissur,3,13,Plastic packet,1-3,Sometimes,more_1kg,biomethanation,weekly,1,1-2,recycle,3,0,42.64,0
user879@gmail.com,4-5,Large house,Ernakulam,3,6,Loose / refill,,Sometimes,500g_1kg,home_compost,no,0,3-5,trash,2,1,3.56,0
user880@gmail.com,2-3,Large house,Kasaragod,3,2,Loose / refill,4-7,Sometimes,250g_500g,collector,monthly,3,3-5,store,1,1,36.2,0
user881@gmail.com,2-3,Large house,Kollam,2,6,Loose / refill,,Sometimes,250g_500g,worm_compost,monthly,1,1-2,recycle,1,0,13.26,0
user882@gmail.com,2-3,Large house,Thrissur,2,18,Plastic bottle,4-7,Sometimes,250g_500g,collector,no,1,none,trash,1,3,23.41,0
user883@gmail.com,2-3,Large house,Idukki,2,4,Plastic bottle,4-7,Always,250g_500g,home_compost,daily,4,6+,sell,1,2,29.68,0
user884@gmail.com,4-5,Large house,Thrissur,3,7,Plastic packet,1-3,Never,500g_1kg,home_compost,daily,0,1-2,sell,2,0,4.34,0
user885@gmail.com,2-3,Small house,Kozhikode,3,16,Loose / refill,4-7,Sometimes,250g_500g,home_compost,weekly,0,1-2,trash,1,0,23.53,0
user886@gmail.com,1,Large house,Alappuzha,1,13,Plastic bottle,4-7,Never,less_250g,community,no,1,1-2,trash,0,0,45.81,0
user887@gmail.com,2-3,Large house,Kozhikode,3,19,Plastic bottle,7+,Never,250g_500g,collector,daily,0,none,sell,1,3,41.42,0
user888@gmail.com,2-3,Large house,Thrissur,3,17,Plastic bottle,,Sometimes,250g_500g,worm_compost,monthly,1,1-2,sell,1,0,26.96,0
user889@gmail.com,2-3,Apartment,Kasaragod,1,19,Plastic bottle,1-3,Always,250g_500g,mixed,monthly,2,1-2,sell,1,0,40.06,0
user890@gmail.com,4-5,Apartment,Kottayam,4,4,Plastic bottle,7+,Sometimes,500g_1kg,biomethanation,monthly,0,3-5,sell,2,1,27.58,0
user891@gmail.com,4-5,Large house,Idukki,2,3,Plastic bottle,,Sometimes,500g_1kg,home_compost,weekly,4,none,trash,2,3,58.43,0
user892@gmail.com,2-3,Small house,Ernakulam,2,14,Plastic packet,,Never,250g_500g,collector,monthly,2,none,recycle,1,3,23.34,0
user893@gmail.com,2-3,Apartment,Thrissur,1,10,Plastic packet,,Never,250g_500g,biomethanation,daily,1,6+,recycle,1,2,17.92,0
user894@gmail.com,4-5,Large house,Ernakulam,4,10,Plastic bottle,,Sometimes,500g_1kg,biomethanation,monthly,4,6+,trash,2,2,32.2,0
user895@gmail.com,1,Small house,Palakkad,0,13,Plastic bottle,7+,Never,less_250g,community,no,1,1-2,store,0,0,67.85,0
user896@gmail.com,2-3,Small house,Malappuram,2,5,Plastic packet,4-7,Sometimes,250g_500g,mixed,weekly,2,6+,store,1,2,16.23,0
user897@gmail.com,2-3,Large house,Kottayam,3,13,Plastic bottle,1-3,Never,250g_500g,biomethanation,weekly,2,1-2,store,1,0,23.55,0
user899@gmail.com,2-3,Small house,Thrissur,1,20,Plastic packet,4-7,Sometimes,250g_500g,home_compost,monthly,1,none,trash,1,3,46.91,0
user900@gmail.com,2-3,Apartment,Wayanad,1,3,Plastic packet,4-7,Never,250g_500g,home_compost,no,4,6+,recycle,1,2,47.45,0
user902@gmail.com,4-5,Small house,Ernakulam,4,11,Plastic packet,7+,Always,500g_1kg,community,no,3,none,store,2,3,32.77,0
user903@gmail.com,1,Large house,Ernakulam,1,8,Plastic bottle,7+,Always,less_250g,worm_compost,daily,4,3-5,store,0,1,59.17,0
user905@gmail.com,1,Large house,Alappuzha,1,16,Plastic packet,,Never,less_250g,community,no,3,3-5,sell,0,1,53.16,0
user906@gmail.com,6+,Apartment,Idukki,4,10,Loose / refill,1-3,Sometimes,more_1kg,biomethanation,daily,1,3-5,trash,3,1,44.26,0
user907@gmail.com,2-3,Small house,Wayanad,1,16,Plastic bottle,1-3,Always,250g_500g,home_compost,monthly,4,none,sell,1,3,49.76,0
user908@gmail.com,2-3,Small house,Kollam,3,20,Plastic packet,1-3,Never,250g_500g,community,weekly,2,3-5,sell,1,1,26.58,0
user909@gmail.com,4-5,Small house,Alappuzha,2,16,Loose / refill,4-7,Always,500g_1kg,biomethanation,daily,2,1-2,recycle,2,0,25.03,0
user910@gmail.com,2-3,Small house,Idukki,2,9,Loose / refill,1-3,Always,250g_500g,community,no,0,3-5,recycle,1,1,3.05,0
user911@gmail.com,2-3,Small house,Kasaragod,3,6,Plastic packet,7+,Never,250g_500g,worm_compost,weekly,2,1-2,trash,1,0,23.47,0
user912@gmail.com,2-3,Small house,Kollam,3,12,Loose / refill,7+,Never,250g_500g,home_compost,monthly,2,6+,trash,1,2,8.7,0
user913@gmail.com,4-5,Apartment,Idukki,2,9,Plastic packet,1-3,Sometimes,500g_1kg,biomethanation,monthly,4,3-5,sell,2,1,35.01,0
user914@gmail.com,6+,Apartment,Kottayam,4,20,Loose / refill,7+,Never,more_1kg,community,weekly,2,none,trash,3,3,69.61,0
user915@gmail.com,1,Apartment,Palakkad,0,7,Loose / refill,4-7,Never,less_250g,community,monthly,0,6+,sell,0,2,65.42,0
user916@gmail.com,6+,Small house,Wayanad,4,5,Plastic bottle,,Always,more_1kg,collector,daily,1,3-5,store,3,1,46.77,0
user917@gmail.com,4-5,Large house,Kannur,3,3,Loose / refill,7+,Always,500g_1kg,worm_compost,monthly,4,none,recycle,2,3,52.36,0
user918@gmail.com,4-5,Small house,Alappuzha,3,13,Loose / refill,1-3,Always,500g_1kg,mixed,daily,0,1-2,trash,2,0,4.49,0
user919@gmail.com,2-3,Large house,Thrissur,3,12,Loose / refill,1-3,Never,250g_500g,collector,no,2,none,trash,1,3,17.39,0
user920@gmail.com,4-5,Small house,Kasaragod,3,11,Plastic packet,4-7,Sometimes,500g_1kg,mixed,daily,3,6+,trash,2,2,12.74,0
user921@gmail.com,4-5,Large house,Thrissur,4,10,Plastic packet,,Always,500g_1kg,community,daily,1,6+,sell,2,2,15.52,0
user922@gmail.com,6+,Large house,Kozhikode,5,9,Plastic bottle,,Sometimes,more_1kg,mixed,no,0,1-2,recycle,3,0,62.3,0
user923@gmail.com,2-3,Large house,Kasaragod,3,20,Plastic packet,1-3,Always,250g_500g,biomethanation,monthly,1,6+,sell,1,2,32.29,0
user924@gmail.com,4-5,Large house,Kasaragod,4,14,Plastic bottle,4-7,Sometimes,500g_1kg,mixed,daily,4,3-5,recycle,2,1,39.86,0
user925@gmail.com,4-5,Large house,Kozhikode,2,2,Plastic packet,1-3,Never,500g_1kg,community,monthly,4,6+,trash,2,2,47.26,0
user926@gmail.com,4-5,Small house,Thiruvananthapuram,3,20,Plastic bottle,7+,Sometimes,500g_1kg,collector,no,0,6+,trash,2,2,34.69,0
user927@gmail.com,2-3,Small house,Wayanad,1,3,Plastic packet,1-3,Never,250g_500g,collector,weekly,0,none,store,1,3,47.98,0
user928@gmail.com,4-5,Large house,Pathanamthitta,4,18,Loose / refill,4-7,Always,500g_1kg,collector,daily,3,none,sell,2,3,39.65,0
user929@gmail.com,2-3,Small house,Palakkad,2,9,Plastic packet,4-7,Never,250g_500g,community,daily,1,3-5,recycle,1,1,7.25,0
user930@gmail.com,6+,Large house,Kozhikode,4,4,Plastic packet,4-7,Always,more_1kg,community,monthly,3,6+,sell,3,2,54.28,0
user931@gmail.com,2-3,Small house,Malappuram,1,14,Plastic packet,7+,Never,250g_500g,mixed,weekly,3,6+,sell,1,2,24.82,0
user932@gmail.com,4-5,Apartment,Kottayam,2,16,Loose / refill,1-3,Always,500g_1kg,collector,daily,2,3-5,recycle,2,1,16.58,0
user933@gmail.com,4-5,Small house,Kottayam,3,3,Plastic bottle,1-3,Always,500g_1kg,worm_compost,daily,4,6+,sell,2,2,37.59,0
user934@gmail.com,2-3,Apartment,Kottayam,3,12,Plastic bottle,1-3,Never,250g_500g,mixed,daily,0,6+,trash,1,2,9.58,0
user935@gmail.com,4-5,Large house,Kollam,3,4,Loose / refill,,Never,500g_1kg,mixed,no,3,none,store,2,3,29.8,0
user936@gmail.com,2-3,Apartment,Kasaragod,3,10,Plastic bottle,1-3,Always,250g_500g,community,daily,4,3-5,trash,1,1,23.79,0
user937@gmail.com,4-5,Small house,Kollam,3,20,Plastic bottle,7+,Never,500g_1kg,community,daily,0,3-5,trash,2,1,31.38,0
user938@gmail.com,4-5,Small house,Ernakulam,2,4,Plastic packet,7+,Never,500g_1kg,collector,daily,0,6+,store,2,2,21.59,0
user939@gmail.com,4-5,Small house,Kottayam,2,19,Plastic bottle,1-3,Sometimes,500g_1kg,community,monthly,0,1-2,trash,2,0,32.22,0
user941@gmail.com,2-3,Large house,Kollam,3,14,Plastic bottle,,Never,250g_500g,worm_compost,daily,0,6+,recycle,1,2,14.7,0
user942@gmail.com,4-5,Large house,Malappuram,3,14,Plastic packet,1-3,Sometimes,500g_1kg,worm_compost,weekly,2,none,store,2,3,20.41,0
user943@gmail.com,4-5,Large house,Idukki,4,3,Plastic packet,7+,Sometimes,500g_1kg,biomethanation,daily,4,3-5,store,2,1,52.0,0
user944@gmail.com,4-5,Small house,Pathanamthitta,2,3,Plastic bottle,1-3,Always,500g_1kg,collector,weekly,2,1-2,sell,2,0,41.06,0
user945@gmail.com,6+,Apartment,Kottayam,4,3,Plastic bottle,,Always,more_1kg,mixed,weekly,3,1-2,recycle,3,0,63.22,0
user946@gmail.com,2-3,Large house,Palakkad,3,16,Plastic bottle,4-7,Always,250g_500g,mixed,daily,3,3-5,sell,1,1,17.05,0
user947@gmail.com,4-5,Large house,Thiruvananthapuram,4,2,Plastic packet,1-3,Always,500g_1kg,home_compost,weekly,4,3-5,trash,2,1,58.28,0
user948@gmail.com,4-5,Small house,Kannur,4,6,Loose / refill,7+,Sometimes,500g_1kg,mixed,daily,0,none,recycle,2,3,38.44,0
user949@gmail.com,2-3,Small house,Ernakulam,1,6,Loose / refill,7+,Never,250g_500g,home_compost,daily,3,1-2,trash,1,0,34.44,0
user950@gmail.com,4-5,Apartment,Malappuram,4,2,Plastic bottle,1-3,Always,500g_1kg,collector,weekly,3,none,sell,2,3,52.32,0
user951@gmail.com,4-5,Large house,Pathanamthitta,3,8,Loose / refill,1-3,Always,500g_1kg,collector,daily,0,none,sell,2,3,22.55,0
user952@gmail.com,6+,Apartment,Pathanamthitta,3,3,Loose / refill,1-3,Always,more_1kg,mixed,daily,2,6+,recycle,3,2,52.53,0
user953@gmail.com,6+,Apartment,Kozhikode,3,17,Plastic bottle,,Always,more_1kg,home_compost,daily,4,6+,recycle,3,2,61.02,0
user954@gmail.com,2-3,Apartment,Alappuzha,2,10,Plastic bottle,7+,Sometimes,250g_500g,collector,monthly,4,3-5,store,1,1,26.0,0
user955@gmail.com,2-3,Large house,Thrissur,1,13,Plastic bottle,4-7,Never,250g_500g,worm_compost,weekly,3,3-5,trash,1,1,21.55,0
user956@gmail.com,2-3,Small house,Ernakulam,1,12,Loose / refill,7+,Never,250g_500g,collector,weekly,3,3-5,store,1,1,22.4,0
user957@gmail.com,6+,Large house,Alappuzha,3,3,Loose / refill,1-3,Always,more_1kg,collector,no,0,3-5,sell,3,1,41.94,0
user958@gmail.com,4-5,Apartment,Idukki,3,11,Plastic bottle,,Sometimes,500g_1kg,home_compost,no,2,3-5,recycle,2,1,12.44,0
user960@gmail.com,2-3,Small house,Kasaragod,3,18,Plastic packet,,Sometimes,250g_500g,biomethanation,daily,2,3-5,store,1,1,12.95,0
user961@gmail.com,4-5,Large house,Thiruvananthapuram,4,5,Loose / refill,7+,Sometimes,500g_1kg,collector,weekly,1,1-2,trash,2,0,28.04,0
user962@gmail.com,4-5,Large house,Kottayam,3,18,Plastic packet,4-7,Always,500g_1kg,community,no,2,none,sell,2,3,21.29,0
user963@gmail.com,4-5,Large house,Kannur,2,3,Loose / refill,7+,Never,500g_1kg,biomethanation,daily,3,1-2,recycle,2,0,42.47,0
user965@gmail.com,1,Small house,Ernakulam,1,12,Loose / refill,1-3,Sometimes,less_250g,collector,no,4,3-5,recycle,0,1,55.66,0
user966@gmail.com,4-5,Large house,Idukki,3,14,Loose / refill,,Always,500g_1kg,biomethanation,no,0,1-2,sell,2,0,7.62,0
user967@gmail.com,2-3,Small house,Kozhikode,3,14,Plastic bottle,1-3,Sometimes,250g_500g,worm_compost,daily,4,none,sell,1,3,39.06,0
user968@gmail.com,2-3,Large house,Palakkad,1,14,Loose / refill,7+,Always,250g_500g,worm_compost,daily,3,none,sell,1,3,35.42,0
user969@gmail.com,2-3,Apartment,Pathanamthitta,1,9,Loose / refill,7+,Never,250g_500g,mixed,weekly,4,6+,sell,1,2,31.9,0
user970@gmail.com,6+,Small house,Idukki,3,12,Plastic packet,4-7,Never,more_1kg,biomethanation,monthly,0,1-2,sell,3,0,34.78,0
user971@gmail.com,2-3,Apartment,Kannur,3,16,Plastic bottle,4-7,Never,250g_500g,community,daily,4,1-2,store,1,0,39.37,0
user972@gmail.com,4-5,Small house,Thrissur,3,19,Plastic packet,,Always,500g_1kg,worm_compost,daily,1,1-2,recycle,2,0,27.17,0
user973@gmail.com,4-5,Apartment,Kottayam,2,4,Plastic packet,1-3,Always,500g_1kg,collector,weekly,3,6+,recycle,2,2,22.2,0
user974@gmail.com,4-5,Large house,Kollam,2,3,Loose / refill,7+,Never,500g_1kg,worm_compost,no,3,1-2,sell,2,0,42.47,0
user975@gmail.com,2-3,Large house,Ernakulam,2,17,Loose / refill,1-3,Always,250g_500g,community,weekly,2,none,sell,1,3,20.68,0
user976@gmail.com,2-3,Apartment,Alappuzha,2,2,Loose / refill,7+,Always,250g_500g,community,monthly,4,1-2,trash,1,0,60.26,0
user977@gmail.com,2-3,Small house,Thrissur,1,19,Plastic packet,,Never,250g_500g,worm_compost,weekly,3,3-5,store,1,1,34.62,0
user978@gmail.com,2-3,Apartment,Kasaragod,1,8,Plastic packet,4-7,Sometimes,250g_500g,biomethanation,monthly,2,1-2,trash,1,0,23.29,0
user979@gmail.com,2-3,Small house,Thiruvananthapuram,3,14,Loose / refill,7+,Sometimes,250g_500g,mixed,daily,2,6+,sell,1,2,13.97,0
user980@gmail.com,2-3,Large house,Wayanad,1,9,Loose / refill,1-3,Never,250g_500g,community,monthly,0,none,recycle,1,3,27.11,0
user981@gmail.com,2-3,Large house,Thrissur,1,8,Loose / refill,1-3,Never,250g_500g,mixed,no,0,3-5,recycle,1,1,10.56,0
user983@gmail.com,1,Large house,Idukki,1,10,Loose / refill,1-3,Sometimes,less_250g,community,monthly,1,6+,sell,0,2,51.11,0
user984@gmail.com,4-5,Large house,Palakkad,2,13,Plastic packet,,Sometimes,500g_1kg,biomethanation,monthly,0,none,sell,2,3,25.21,0
user985@gmail.com,6+,Large house,Wayanad,6,10,Plastic packet,,Sometimes,more_1kg,home_compost,weekly,2,6+,trash,3,2,69.07,0
user986@gmail.com,2-3,Small house,Kottayam,1,4,Plastic packet,4-7,Never,250g_500g,worm_compost,monthly,4,none,sell,1,3,55.6,0
user987@gmail.com,2-3,Large house,Idukki,3,6,Plastic bottle,4-7,Always,250g_500g,mixed,monthly,1,3-5,store,1,1,8.31,0
user988@gmail.com,4-5,Apartment,Kannur,2,2,Plastic packet,7+,Always,500g_1kg,community,no,1,none,recycle,2,3,50.85,0
user989@gmail.com,4-5,Large house,Ernakulam,3,3,Loose / refill,7+,Always,500g_1kg,community,daily,3,1-2,trash,2,0,36.22,0
user990@gmail.com,2-3,Small house,Kannur,2,14,Plastic bottle,,Sometimes,250g_500g,mixed,weekly,2,6+,recycle,1,2,14.58,0
user991@gmail.com,4-5,Large house,Kasaragod,3,2,Plastic bottle,4-7,Sometimes,500g_1kg,mixed,daily,0,1-2,sell,2,0,23.66,0
user992@gmail.com,2-3,Large house,Kollam,1,14,Plastic packet,,Always,250g_500g,home_compost,daily,4,none,store,1,3,46.39,0
user993@gmail.com,2-3,Large house,Wayanad,1,4,Loose / refill,1-3,Never,250g_500g,mixed,weekly,3,6+,store,1,2,29.8,0
user994@gmail.com,1,Small house,Pathanamthitta,0,19,Plastic bottle,4-7,Always,less_250g,home_compost,monthly,0,3-5,recycle,0,1,67.8,0
user996@gmail.com,2-3,Apartment,Kollam,1,11,Plastic packet,,Always,250g_500g,collector,no,0,none,trash,1,3,24.21,0
user998@gmail.com,2-3,Large house,Kottayam,2,14,Plastic packet,4-7,Sometimes,250g_500g,community,daily,3,6+,trash,1,2,16.77,0
user999@gmail.com,2-3,Large house,Ernakulam,1,14,Loose / refill,7+,Never,250g_500g,collector,monthly,4,1-2,recycle,1,0,40.73,0
user1000@gmail.com,2-3,Large house,Malappuram,3,2,Plastic packet,1-3,Never,250g_500g,home_compost,monthly,2,6+,recycle,1,2,33.16,0
user1001@gmail.com,4-5,Apartment,Idukki,2,7,Plastic bottle,,Always,500g_1kg,worm_compost,daily,2,none,sell,2,3,32.54,0
user1002@gmail.com,4-5,Large house,Pathanamthitta,4,16,Loose / refill,1-3,Always,500g_1kg,worm_compost,weekly,3,none,sell,2,3,38.47,0
user1004@gmail.com,1,Apartment,Kasaragod,0,4,Plastic bottle,4-7,Always,less_250g,home_compost,daily,0,1-2,store,0,0,68.4,0
user1005@gmail.com,2-3,Large house,Kozhikode,2,13,Plastic packet,4-7,Sometimes,250g_500g,biomethanation,weekly,2,1-2,recycle,1,0,17.78,0
user1006@gmail.com,2-3,Small house,Thrissur,2,4,Loose / refill,7+,Never,250g_500g,community,daily,4,none,recycle,1,3,46.6,0
user1007@gmail.com,2-3,Small house,Kottayam,3,14,Plastic packet,,Always,250g_500g,collector,monthly,0,1-2,sell,1,0,15.93,0
user1008@gmail.com,2-3,Small house,Alappuzha,3,19,Plastic bottle,4-7,Always,250g_500g,community,daily,3,3-5,recycle,1,1,26.91,0
user1009@gmail.com,2-3,Large house,Kannur,3,4,Plastic bottle,4-7,Sometimes,250g_500g,worm_compost,monthly,3,1-2,recycle,1,0,36.61,0
user1010@gmail.com,2-3,Apartment,Kozhikode,1,20,Plastic bottle,7+,Never,250g_500g,worm_compost,no,2,1-2,store,1,0,48.08,0
user1011@gmail.com,4-5,Apartment,Thiruvananthapuram,2,19,Loose / refill,,Never,500g_1kg,community,no,3,1-2,store,2,0,39.73,0
user1012@gmail.com,2-3,Small house,Kannur,2,11,Plastic packet,,Never,250g_500g,worm_compost,no,3,1-2,sell,1,0,21.8,0
user1013@gmail.com,4-5,Apartment,Idukki,4,11,Loose / refill,7+,Sometimes,500g_1kg,home_compost,weekly,4,none,sell,2,3,40.79,0
user1014@gmail.com,2-3,Large house,Ernakulam,1,7,Plastic packet,7+,Sometimes,250g_500g,mixed,weekly,0,3-5,recycle,1,1,10.21,0
user1015@gmail.com,6+,Apartment,Thrissur,3,2,Loose / refill,1-3,Never,more_1kg,community,monthly,3,3-5,trash,3,1,56.89,0
user1018@gmail.com,1,Apartment,Idukki,1,8,Plastic bottle,,Always,less_250g,collector,no,4,1-2,sell,0,0,64.72,0
user1019@gmail.com,4-5,Large house,Pathanamthitta,4,4,Plastic packet,1-3,Never,500g_1kg,worm_compost,daily,2,none,sell,2,3,43.82,0
user1020@gmail.com,1,Apartment,Thiruvananthapuram,1,15,Plastic bottle,1-3,Sometimes,less_250g,mixed,no,2,3-5,recycle,0,1,46.03,0
user1021@gmail.com,1,Apartment,Thrissur,0,14,Plastic packet,1-3,Sometimes,less_250g,worm_compost,no,0,1-2,store,0,0,69.67,0
user1022@gmail.com,4-5,Large house,Kottayam,2,5,Loose / refill,1-3,Never,500g_1kg,biomethanation,daily,2,1-2,sell,2,0,30.78,0
user1023@gmail.com,1,Small house,Pathanamthitta,1,18,Loose / refill,4-7,Sometimes,less_250g,home_compost,weekly,0,1-2,sell,0,0,57.96,0
user1025@gmail.com,2-3,Small house,Kollam,3,18,Plastic packet,7+,Sometimes,250g_500g,biomethanation,monthly,0,6+,recycle,1,2,21.99,0
user1026@gmail.com,2-3,Apartment,Thiruvananthapuram,3,4,Loose / refill,1-3,Sometimes,250g_500g,home_compost,no,4,none,recycle,1,3,47.09,0
user1027@gmail.com,2-3,Large house,Pathanamthitta,1,13,Plastic packet,4-7,Always,250g_500g,home_compost,daily,4,1-2,sell,1,0,40.51,0
user1028@gmail.com,2-3,Apartment,Alappuzha,1,11,Plastic packet,1-3,Always,250g_500g,mixed,no,0,1-2,recycle,1,0,15.59,0
user1029@gmail.com,2-3,Small house,Alappuzha,2,4,Loose / refill,4-7,Sometimes,250g_500g,collector,weekly,3,6+,trash,1,2,20.42,0
user1030@gmail.com,2-3,Apartment,Kottayam,3,17,Plastic packet,7+,Never,250g_500g,community,monthly,1,1-2,sell,1,0,26.96,0
user1032@gmail.com,2-3,Apartment,Kollam,2,20,Plastic packet,7+,Sometimes,250g_500g,collector,monthly,2,3-5,sell,1,1,28.13,0
user1033@gmail.com,1,Large house,Wayanad,1,15,Plastic bottle,4-7,Always,less_250g,home_compost,weekly,4,1-2,trash,0,0,61.34,0
user1034@gmail.com,6+,Small house,Kollam,3,7,Loose / refill,1-3,Always,more_1kg,biomethanation,monthly,0,1-2,store,3,0,34.0,0
user1035@gmail.com,1,Small house,Idukki,1,7,Loose / refill,,Never,less_250g,home_compost,no,3,6+,recycle,0,2,53.84,0
user1036@gmail.com,1,Apartment,Kollam,1,8,Plastic packet,,Always,less_250g,collector,no,1,1-2,store,0,0,46.52,0
user1037@gmail.com,2-3,Large house,Ernakulam,2,7,Plastic packet,7+,Never,250g_500g,home_compost,no,4,3-5,recycle,1,1,31.48,0
user1038@gmail.com,4-5,Apartment,Alappuzha,2,12,Plastic bottle,4-7,Always,500g_1kg,collector,no,0,3-5,recycle,2,1,6.29,0
user1039@gmail.com,2-3,Small house,Thrissur,2,13,Plastic bottle,7+,Sometimes,250g_500g,home_compost,daily,1,1-2,trash,1,0,11.31,0
user1040@gmail.com,2-3,Large house,Thiruvananthapuram,2,6,Plastic packet,4-7,Always,250g_500g,collector,daily,1,3-5,store,1,1,6.03,0
user1041@gmail.com,1,Apartment,Malappuram,1,7,Plastic bottle,1-3,Always,less_250g,mixed,monthly,0,none,recycle,0,3,66.67,0
user1042@gmail.com,2-3,Small house,Kasaragod,1,17,Plastic packet,1-3,Always,250g_500g,community,no,2,none,store,1,3,29.99,0
user1043@gmail.com,2-3,Apartment,Kollam,3,10,Plastic bottle,1-3,Sometimes,250g_500g,home_compost,daily,4,1-2,store,1,0,34.21,0
user1044@gmail.com,4-5,Large house,Kasaragod,3,5,Plastic packet,,Sometimes,500g_1kg,worm_compost,daily,3,3-5,recycle,2,1,20.31,0
user1045@gmail.com,4-5,Small house,Kottayam,2,8,Loose / refill,1-3,Sometimes,500g_1kg,community,no,2,6+,trash,2,2,17.99,0
user1046@gmail.com,6+,Small house,Malappuram,4,17,Loose / refill,4-7,Always,more_1kg,community,weekly,4,none,recycle,3,3,65.11,0
user1047@gmail.com,4-5,Apartment,Kottayam,2,11,Loose / refill,,Never,500g_1kg,worm_compost,no,3,3-5,recycle,2,1,21.39,0
user1049@gmail.com,2-3,Apartment,Palakkad,2,14,Loose / refill,,Always,250g_500g,worm_compost,monthly,0,none,sell,1,3,22.15,0
user1050@gmail.com,4-5,Large house,Kollam,2,14,Plastic bottle,1-3,Always,500g_1kg,home_compost,weekly,3,6+,recycle,2,2,21.77,0
user1051@gmail.com,2-3,Small house,Kottayam,3,8,Plastic bottle,,Always,250g_500g,community,monthly,3,3-5,trash,1,1,19.79,0
user1052@gmail.com,4-5,Large house,Kottayam,2,4,Plastic bottle,4-7,Never,500g_1kg,collector,no,0,3-5,store,2,1,16.09,0
user1053@gmail.com,2-3,Apartment,Alappuzha,2,9,Plastic bottle,,Sometimes,250g_500g,community,daily,4,1-2,trash,1,0,31.93,0
user1054@gmail.com,4-5,Apartment,Thrissur,4,2,Loose / refill,4-7,Sometimes,500g_1kg,community,monthly,1,none,recycle,2,3,55.66,0
user1055@gmail.com,4-5,Apartment,Kozhikode,2,15,Plastic bottle,1-3,Sometimes,500g_1kg,biomethanation,weekly,2,1-2,sell,2,0,25.87,0
user1056@gmail.com,4-5,Large house,Kottayam,2,19,Plastic bottle,7+,Sometimes,500g_1kg,worm_compost,no,1,1-2,sell,2,0,32.67,0
user1057@gmail.com,1,Apartment,Malappuram,1,7,Plastic bottle,,Sometimes,less_250g,worm_compost,weekly,3,1-2,recycle,0,0,56.34,0
user1058@gmail.com,4-5,Small house,Thiruvananthapuram,2,10,Loose / refill,1-3,Always,500g_1kg,community,monthly,4,none,recycle,2,3,40.02,0
user1059@gmail.com,6+,Apartment,Kozhikode,5,16,Loose / refill,7+,Always,more_1kg,biomethanation,monthly,2,1-2,recycle,3,0,63.48,0
user1060@gmail.com,6+,Large house,Idukki,3,20,Plastic bottle,1-3,Never,more_1kg,home_compost,weekly,3,6+,trash,3,2,64.51,0
user1061@gmail.com,2-3,Large house,Thrissur,3,17,Plastic packet,1-3,Sometimes,250g_500g,home_compost,weekly,0,1-2,trash,1,0,27.74,0
user1063@gmail.com,4-5,Small house,Pathanamthitta,4,16,Plastic bottle,1-3,Never,500g_1kg,home_compost,monthly,2,1-2,trash,2,0,29.68,0
user1066@gmail.com,4-5,Large house,Palakkad,2,17,Plastic bottle,1-3,Never,500g_1kg,worm_compost,no,2,6+,sell,2,2,25.83,0
user1067@gmail.com,1,Small house,Malappuram,1,6,Plastic packet,4-7,Sometimes,less_250g,worm_compost,daily,1,6+,recycle,0,2,53.32,0
user1069@gmail.com,4-5,Apartment,Palakkad,2,13,Plastic packet,1-3,Always,500g_1kg,mixed,daily,0,3-5,trash,2,1,5.71,0
user1070@gmail.com,2-3,Apartment,Wayanad,1,16,Loose / refill,7+,Always,250g_500g,collector,no,4,none,trash,1,3,49.76,0
user1071@gmail.com,4-5,Small house,Idukki,3,2,Plastic bottle,7+,Sometimes,500g_1kg,community,monthly,1,3-5,trash,2,1,25.71,0
user1072@gmail.com,1,Large house,Alappuzha,0,19,Plastic bottle,4-7,Always,less_250g,biomethanation,no,1,6+,sell,0,2,69.81,0
user1073@gmail.com,2-3,Small house,Thiruvananthapuram,3,3,Plastic bottle,7+,Sometimes,250g_500g,biomethanation,daily,0,none,recycle,1,3,45.17,0
user1074@gmail.com,4-5,Large house,Kollam,2,17,Loose / refill,4-7,Sometimes,500g_1kg,home_compost,no,1,none,sell,2,3,30.23,0
user1075@gmail.com,2-3,Apartment,Pathanamthitta,1,10,Plastic bottle,7+,Always,250g_500g,community,monthly,0,none,recycle,1,3,28.01,0
user1076@gmail.com,2-3,Large house,Pathanamthitta,3,18,Loose / refill,7+,Sometimes,250g_500g,community,weekly,3,3-5,recycle,1,1,20.25,0
user1077@gmail.com,4-5,Large house,Palakkad,3,19,Loose / refill,,Sometimes,500g_1kg,biomethanation,weekly,3,3-5,trash,2,1,24.08,0
user1079@gmail.com,2-3,Large house,Kozhikode,1,19,Plastic packet,1-3,Sometimes,250g_500g,worm_compost,no,1,1-2,sell,1,0,33.81,0
user1080@gmail.com,6+,Apartment,Thiruvananthapuram,3,5,Loose / refill,7+,Never,more_1kg,worm_compost,no,3,6+,sell,3,2,49.02,0
user1081@gmail.com,2-3,Apartment,Kannur,2,5,Plastic packet,,Sometimes,250g_500g,community,daily,0,3-5,store,1,1,7.68,0
user1082@gmail.com,2-3,Apartment,Kozhikode,2,3,Loose / refill,4-7,Always,250g_500g,home_compost,weekly,1,3-5,store,1,1,22.43,0
user1083@gmail.com,4-5,Small house,Ernakulam,3,15,Plastic packet,7+,Never,500g_1kg,biomethanation,no,1,3-5,trash,2,1,10.36,0
user1084@gmail.com,6+,Small house,Alappuzha,5,9,Loose / refill,7+,Sometimes,more_1kg,biomethanation,monthly,0,6+,recycle,3,2,61.53,0
user1085@gmail.com,4-5,Apartment,Alappuzha,2,10,Plastic bottle,1-3,Always,500g_1kg,worm_compost,weekly,1,none,recycle,2,3,22.43,0
user1086@gmail.com,2-3,Large house,Ernakulam,3,7,Loose / refill,7+,Never,250g_500g,collector,no,4,6+,sell,1,2,26.26,0
user1087@gmail.com,2-3,Small house,Pathanamthitta,2,7,Loose / refill,,Always,250g_500g,home_compost,no,2,1-2,trash,1,0,17.62,0
user1088@gmail.com,2-3,Apartment,Malappuram,1,13,Plastic bottle,,Always,250g_500g,community,daily,2,6+,store,1,2,19.58,0
user1089@gmail.com,2-3,Small house,Malappuram,1,17,Plastic bottle,1-3,Always,250g_500g,home_compost,weekly,4,3-5,trash,1,1,42.8,0
user1090@gmail.com,4-5,Large house,Kasaragod,2,12,Plastic bottle,7+,Always,500g_1kg,worm_compost,weekly,0,none,store,2,3,26.41,0
user1091@gmail.com,2-3,Apartment,Kollam,2,8,Plastic bottle,4-7,Sometimes,250g_500g,collector,monthly,0,1-2,sell,1,0,10.57,0
user1092@gmail.com,4-5,Apartment,Thrissur,3,3,Loose / refill,7+,Sometimes,500g_1kg,worm_compost,weekly,3,3-5,sell,2,1,27.74,0
user1093@gmail.com,4-5,Apartment,Ernakulam,3,19,Loose / refill,1-3,Never,500g_1kg,home_compost,no,2,6+,store,2,2,21.67,0
user1094@gmail.com,1,Small house,Kollam,1,12,Plastic bottle,4-7,Always,less_250g,community,daily,4,3-5,trash,0,1,55.66,0
user1095@gmail.com,4-5,Small house,Wayanad,4,3,Loose / refill,1-3,Sometimes,500g_1kg,biomethanation,weekly,3,none,trash,2,3,46.64,0
user1096@gmail.com,2-3,Large house,Thrissur,3,5,Loose / refill,,Sometimes,250g_500g,home_compost,daily,3,none,trash,1,3,29.82,0
user1097@gmail.com,1,Small house,Wayanad,1,5,Plastic bottle,,Never,less_250g,biomethanation,weekly,4,3-5,recycle,0,1,63.52,0
user1098@gmail.com,2-3,Large house,Kannur,2,18,Plastic bottle,,Sometimes,250g_500g,mixed,monthly,1,none,sell,1,3,23.41,0
user1099@gmail.com,1,Large house,Ernakulam,0,18,Plastic packet,,Always,less_250g,mixed,daily,2,3-5,recycle,0,1,68.53,0
user1100@gmail.com,6+,Apartment,Kannur,3,2,Plastic bottle,,Sometimes,more_1kg,community,monthly,0,1-2,sell,3,0,51.44,0
user1101@gmail.com,2-3,Small house,Kollam,3,4,Loose / refill,1-3,Never,250g_500g,collector,daily,1,3-5,sell,1,1,18.01,0
user1102@gmail.com,4-5,Apartment,Pathanamthitta,3,5,Plastic packet,4-7,Never,500g_1kg,biomethanation,weekly,2,none,store,2,3,25.3,0
user1103@gmail.com,6+,Large house,Kozhikode,3,3,Loose / refill,4-7,Always,more_1kg,collector,no,3,1-2,sell,3,0,57.76,0
user1105@gmail.com,4-5,Apartment,Kottayam,3,2,Loose / refill,4-7,Always,500g_1kg,biomethanation,weekly,4,3-5,sell,2,1,46.53,0
user1106@gmail.com,4-5,Apartment,Malappuram,3,18,Loose / refill,7+,Always,500g_1kg,biomethanation,weekly,4,6+,store,2,2,32.07,0
user1107@gmail.com,1,Large house,Kollam,0,8,Plastic packet,1-3,Sometimes,less_250g,collector,weekly,3,6+,trash,0,2,66.24,0
user1108@gmail.com,4-5,Large house,Kottayam,3,5,Loose / refill,1-3,Always,500g_1kg,community,weekly,3,none,trash,2,3,25.66,0
user1111@gmail.com,6+,Small house,Kollam,3,16,Loose / refill,7+,Never,more_1kg,home_compost,no,4,none,sell,3,3,69.19,0
user1112@gmail.com,4-5,Large house,Malappuram,4,12,Plastic bottle,,Sometimes,500g_1kg,mixed,monthly,2,6+,recycle,2,2,15.12,0
user1113@gmail.com,2-3,Large house,Thiruvananthapuram,3,15,Plastic packet,,Sometimes,250g_500g,worm_compost,daily,2,3-5,sell,1,1,11.05,0
user1114@gmail.com,4-5,Large house,Pathanamthitta,2,8,Loose / refill,1-3,Never,500g_1kg,mixed,no,4,6+,recycle,2,2,28.47,0
user1115@gmail.com,4-5,Large house,Malappuram,3,15,Plastic bottle,1-3,Sometimes,500g_1kg,collector,weekly,4,none,sell,2,3,38.4,0
user1116@gmail.com,2-3,Large house,Pathanamthitta,2,19,Loose / refill,4-7,Always,250g_500g,biomethanation,weekly,3,3-5,recycle,1,1,28.54,0
user1117@gmail.com,4-5,Apartment,Wayanad,3,11,Loose / refill,1-3,Never,500g_1kg,community,daily,4,none,sell,2,3,33.38,0
user1118@gmail.com,4-5,Small house,Kottayam,3,3,Loose / refill,,Always,500g_1kg,mixed,weekly,0,none,trash,2,3,40.16,0
user1119@gmail.com,2-3,Large house,Pathanamthitta,3,13,Plastic bottle,7+,Always,250g_500g,biomethanation,daily,0,none,sell,1,3,22.79,0
user1120@gmail.com,4-5,Apartment,Thrissur,3,3,Plastic packet,,Sometimes,500g_1kg,worm_compost,daily,4,none,sell,2,3,52.36,0
user1121@gmail.com,4-5,Large house,Kasaragod,3,7,Plastic bottle,,Always,500g_1kg,collector,monthly,0,3-5,trash,2,1,4.15,0
user1122@gmail.com,4-5,Apartment,Kozhikode,4,6,Plastic bottle,7+,Sometimes,500g_1kg,collector,daily,3,1-2,store,2,0,37.49,0
user1123@gmail.com,2-3,Large house,Wayanad,1,15,Loose / refill,7+,Sometimes,250g_500g,collector,weekly,2,6+,recycle,1,2,23.32,0
user1124@gmail.com,2-3,Apartment,Alappuzha,2,4,Plastic packet,1-3,Always,250g_500g,biomethanation,daily,3,3-5,recycle,1,1,24.74,0
user1125@gmail.com,4-5,Large house,Malappuram,3,18,Plastic bottle,,Never,500g_1kg,home_compost,no,1,1-2,sell,2,0,23.07,0
user1126@gmail.com,2-3,Small house,Idukki,2,10,Plastic packet,,Sometimes,250g_500g,mixed,no,2,none,store,1,3,24.24,0
user1127@gmail.com,4-5,Small house,Kannur,3,18,Plastic bottle,4-7,Never,500g_1kg,community,monthly,2,3-5,store,2,1,15.72,0
user1128@gmail.com,6+,Apartment,Idukki,6,7,Plastic packet,,Never,more_1kg,worm_compost,weekly,0,1-2,recycle,3,0,68.68,0
user1129@gmail.com,2-3,Apartment,Thiruvananthapuram,1,20,Loose / refill,4-7,Always,250g_500g,collector,no,0,1-2,recycle,1,0,41.47,0
user1130@gmail.com,2-3,Large house,Malappuram,3,18,Plastic bottle,4-7,Never,250g_500g,community,weekly,2,6+,sell,1,2,16.74,0
user1131@gmail.com,1,Apartment,Wayanad,1,15,Plastic bottle,4-7,Never,less_250g,worm_compost,daily,3,none,recycle,0,3,65.89,0
user1132@gmail.com,4-5,Small house,Wayanad,4,13,Plastic bottle,4-7,Sometimes,500g_1kg,home_compost,monthly,3,6+,recycle,2,2,23.15,0
user1133@gmail.com,4-5,Apartment,Alappuzha,4,20,Loose / refill,7+,Always,500g_1kg,biomethanation,weekly,4,1-2,trash,2,0,62.12,0
user1134@gmail.com,4-5,Small house,Thrissur,3,6,Loose / refill,4-7,Never,500g_1kg,home_compost,monthly,1,none,store,2,3,22.59,0
user1135@gmail.com,2-3,Apartment,Palakkad,1,4,Loose / refill,,Never,250g_500g,collector,weekly,4,3-5,trash,1,1,41.83,0
user1136@gmail.com,2-3,Small house,Malappuram,1,4,Plastic bottle,,Sometimes,250g_500g,home_compost,weekly,2,none,trash,1,3,45.03,0
user1137@gmail.com,6+,Apartment,Pathanamthitta,3,3,Plastic bottle,,Always,more_1kg,collector,daily,1,none,sell,3,3,61.42,0
user1138@gmail.com,2-3,Apartment,Alappuzha,3,14,Plastic bottle,7+,Always,250g_500g,home_compost,no,4,6+,sell,1,2,27.38,0
user1139@gmail.com,4-5,Apartment,Kottayam,4,18,Plastic packet,1-3,Always,500g_1kg,collector,no,1,3-5,recycle,2,1,23.66,0
user1140@gmail.com,6+,Small house,Kasaragod,6,10,Plastic packet,7+,Never,more_1kg,collector,monthly,0,3-5,recycle,3,1,66.06,0
user1141@gmail.com,4-5,Apartment,Kozhikode,3,6,Loose / refill,1-3,Always,500g_1kg,biomethanation,weekly,1,1-2,recycle,2,0,12.89,0
user1142@gmail.com,4-5,Large house,Ernakulam,2,2,Plastic packet,,Sometimes,500g_1kg,home_compost,weekly,2,6+,store,2,2,36.03,0
user1143@gmail.com,2-3,Large house,Thiruvananthapuram,1,3,Loose / refill,7+,Sometimes,250g_500g,biomethanation,monthly,1,none,store,1,3,50.02,0
user1144@gmail.com,4-5,Small house,Malappuram,3,7,Plastic bottle,1-3,Sometimes,500g_1kg,home_compost,monthly,3,3-5,trash,2,1,18.91,0
user1145@gmail.com,2-3,Small house,Pathanamthitta,1,18,Plastic packet,1-3,Always,250g_500g,mixed,no,3,6+,store,1,2,32.18,0
user1147@gmail.com,4-5,Large house,Kasaragod,4,12,Plastic bottle,4-7,Always,500g_1kg,biomethanation,weekly,3,6+,recycle,2,2,21.43,0
user1148@gmail.com,4-5,Large house,Pathanamthitta,2,4,Plastic packet,1-3,Sometimes,500g_1kg,community,weekly,3,3-5,recycle,2,1,28.64,0
user1149@gmail.com,4-5,Large house,Wayanad,4,16,Plastic bottle,4-7,Always,500g_1kg,home_compost,no,2,none,recycle,2,3,34.02,0
user1150@gmail.com,2-3,Large house,Pathanamthitta,3,13,Plastic packet,7+,Always,250g_500g,collector,daily,4,6+,store,1,2,23.4,0
user1151@gmail.com,2-3,Small house,Thiruvananthapuram,2,10,Plastic packet,4-7,Sometimes,250g_500g,worm_compost,no,4,1-2,store,1,0,31.3,0
user1152@gmail.com,6+,Small house,Kannur,4,8,Loose / refill,4-7,Always,more_1kg,mixed,monthly,1,6+,trash,3,2,46.61,0
user1153@gmail.com,2-3,Small house,Kasaragod,2,11,Loose / refill,,Never,250g_500g,collector,no,4,1-2,store,1,0,29.62,0
user1155@gmail.com,1,Apartment,Alappuzha,1,4,Plastic bottle,,Always,less_250g,community,weekly,3,3-5,trash,0,1,63.69,0
user1156@gmail.com,6+,Small house,Kannur,4,18,Loose / refill,1-3,Sometimes,more_1kg,home_compost,monthly,1,1-2,store,3,0,51.79,0
user1157@gmail.com,4-5,Small house,Thrissur,2,11,Loose / refill,4-7,Always,500g_1kg,mixed,monthly,2,none,trash,2,3,26.61,0
user1158@gmail.com,4-5,Small house,Wayanad,2,2,Plastic packet,7+,Never,500g_1kg,community,monthly,0,1-2,recycle,2,0,33.71,0
user1159@gmail.com,4-5,Small house,Kasaragod,4,2,Plastic bottle,,Sometimes,500g_1kg,community,monthly,3,6+,store,2,2,39.6,0
user1160@gmail.com,6+,Large house,Kannur,4,18,Loose / refill,1-3,Never,more_1kg,biomethanation,weekly,3,3-5,trash,3,1,56.41,0
user1161@gmail.com,6+,Small house,Kollam,4,12,Loose / refill,7+,Sometimes,more_1kg,worm_compost,monthly,2,6+,recycle,3,2,48.11,0
user1162@gmail.com,1,Apartment,Kasaragod,0,16,Plastic packet,4-7,Sometimes,less_250g,community,weekly,3,3-5,sell,0,1,69.05,0
user1163@gmail.com,2-3,Apartment,Kollam,3,8,Loose / refill,4-7,Always,250g_500g,home_compost,no,1,6+,trash,1,2,10.44,0
user1164@gmail.com,4-5,Small house,Thrissur,3,9,Loose / refill,7+,Never,500g_1kg,biomethanation,daily,4,1-2,trash,2,0,32.5,0
user1165@gmail.com,2-3,Apartment,Kottayam,1,10,Plastic packet,,Always,250g_500g,mixed,monthly,2,1-2,trash,1,0,23.15,0
user1166@gmail.com,2-3,Apartment,Idukki,3,15,Loose / refill,4-7,Never,250g_500g,home_compost,weekly,4,1-2,recycle,1,0,36.24,0
user1167@gmail.com,4-5,Apartment,Ernakulam,4,7,Plastic packet,1-3,Never,500g_1kg,mixed,no,2,3-5,sell,2,1,25.38,0
user1168@gmail.com,2-3,Apartment,Kollam,1,16,Plastic bottle,,Sometimes,250g_500g,community,monthly,1,none,recycle,1,3,29.56,0
user1169@gmail.com,2-3,Apartment,Ernakulam,1,10,Plastic packet,,Never,250g_500g,mixed,no,0,3-5,store,1,1,13.53,0
user1170@gmail.com,6+,Apartment,Alappuzha,3,12,Plastic bottle,1-3,Sometimes,more_1kg,biomethanation,monthly,1,none,sell,3,3,51.39,0
user1172@gmail.com,4-5,Large house,Idukki,3,15,Loose / refill,1-3,Never,500g_1kg,collector,no,3,3-5,trash,2,1,17.26,0
user1173@gmail.com,2-3,Small house,Kottayam,3,18,Plastic bottle,,Sometimes,250g_500g,worm_compost,daily,4,3-5,recycle,1,1,34.27,0
user1174@gmail.com,2-3,Large house,Kannur,1,10,Loose / refill,1-3,Never,250g_500g,mixed,monthly,4,3-5,trash,1,1,32.38,0
user1175@gmail.com,2-3,Small house,Alappuzha,2,15,Plastic bottle,4-7,Sometimes,250g_500g,mixed,monthly,3,1-2,store,1,0,22.87,0
user1176@gmail.com,4-5,Apartment,Kozhikode,4,5,Plastic packet,7+,Never,500g_1kg,collector,no,4,3-5,recycle,2,1,46.52,0
user1177@gmail.com,2-3,Small house,Pathanamthitta,2,15,Loose / refill,,Always,250g_500g,biomethanation,daily,2,3-5,sell,1,1,12.16,0
user1178@gmail.com,4-5,Apartment,Ernakulam,3,17,Plastic bottle,1-3,Never,500g_1kg,mixed,weekly,1,3-5,recycle,2,1,14.96,0
user1180@gmail.com,2-3,Large house,Kollam,1,9,Plastic packet,7+,Never,250g_500g,worm_compost,monthly,3,1-2,trash,1,0,27.53,0
user1181@gmail.com,4-5,Apartment,Kottayam,4,7,Plastic bottle,,Always,500g_1kg,collector,monthly,0,1-2,store,2,0,18.96,0
user1182@gmail.com,4-5,Small house,Kottayam,4,16,Plastic packet,4-7,Always,500g_1kg,community,daily,1,none,store,2,3,34.72,0
user1183@gmail.com,2-3,Large house,Thrissur,1,9,Loose / refill,7+,Sometimes,250g_500g,mixed,weekly,3,6+,sell,1,2,21.03,0
user1184@gmail.com,4-5,Apartment,Pathanamthitta,4,2,Plastic packet,4-7,Never,500g_1kg,community,daily,4,1-2,sell,2,0,63.93,0
user1185@gmail.com,2-3,Large house,Alappuzha,2,11,Plastic packet,1-3,Never,250g_500g,home_compost,daily,3,none,store,1,3,21.75,0
user1186@gmail.com,4-5,Large house,Palakkad,2,12,Plastic bottle,,Always,500g_1kg,mixed,daily,0,6+,recycle,2,2,14.78,0
user1187@gmail.com,2-3,Apartment,Thiruvananthapuram,2,10,Loose / refill,1-3,Never,250g_500g,biomethanation,monthly,3,none,recycle,1,3,25.08,0
user1188@gmail.com,4-5,Large house,Kollam,3,10,Loose / refill,4-7,Never,500g_1kg,home_compost,no,1,none,store,2,3,16.14,0
user1189@gmail.com,2-3,Small house,Kannur,2,16,Plastic packet,7+,Sometimes,250g_500g,community,monthly,0,none,recycle,1,3,24.85,0
user1190@gmail.com,4-5,Small house,Kozhikode,2,14,Loose / refill,4-7,Never,500g_1kg,worm_compost,daily,1,3-5,sell,2,1,11.98,0
user1191@gmail.com,2-3,Apartment,Kannur,2,12,Loose / refill,4-7,Sometimes,250g_500g,biomethanation,monthly,1,6+,store,1,2,4.99,0
user1192@gmail.com,2-3,Apartment,Idukki,2,17,Loose / refill,,Sometimes,250g_500g,mixed,weekly,2,1-2,sell,1,0,27.15,0
user1193@gmail.com,4-5,Large house,Palakkad,2,10,Plastic bottle,4-7,Never,500g_1kg,mixed,no,4,3-5,trash,2,1,33.73,0
user1194@gmail.com,4-5,Large house,Pathanamthitta,2,2,Plastic bottle,,Always,500g_1kg,worm_compost,daily,0,6+,sell,2,2,34.11,0
user1195@gmail.com,4-5,Apartment,Pathanamthitta,3,9,Plastic packet,7+,Always,500g_1kg,home_compost,weekly,3,none,sell,2,3,21.55,0
user1196@gmail.com,6+,Small house,Ernakulam,3,13,Plastic packet,,Never,more_1kg,home_compost,weekly,2,1-2,store,3,0,48.62,0
user1197@gmail.com,6+,Large house,Wayanad,3,9,Loose / refill,,Sometimes,more_1kg,collector,monthly,0,6+,store,3,2,35.08,0
user1198@gmail.com,6+,Apartment,Thrissur,4,13,Plastic packet,7+,Always,more_1kg,collector,no,3,1-2,recycle,3,0,50.56,0
user1200@gmail.com,2-3,Large house,Kottayam,3,4,Loose / refill,1-3,Never,250g_500g,biomethanation,no,1,3-5,sell,1,1,18.01,0
user1201@gmail.com,2-3,Large house,Kannur,3,6,Plastic bottle,1-3,Sometimes,250g_500g,worm_compost,weekly,2,1-2,store,1,0,23.47,0
user1202@gmail.com,4-5,Small house,Thrissur,2,9,Plastic bottle,,Never,500g_1kg,community,monthly,2,3-5,recycle,2,1,17.76,0
user1203@gmail.com,2-3,Apartment,Ernakulam,3,13,Loose / refill,,Never,250g_500g,biomethanation,no,1,1-2,sell,1,0,16.73,0
user1204@gmail.com,4-5,Small house,Thiruvananthapuram,4,8,Plastic bottle,7+,Always,500g_1kg,community,daily,1,1-2,recycle,2,0,25.24,0
user1205@gmail.com,4-5,Apartment,Kollam,4,7,Plastic packet,1-3,Never,500g_1kg,collector,daily,2,1-2,recycle,2,0,32.58,0
user1206@gmail.com,2-3,Small house,Wayanad,3,15,Plastic bottle,,Always,250g_500g,collector,no,4,1-2,sell,1,0,36.24,0
user1207@gmail.com,2-3,Small house,Palakkad,1,6,Loose / refill,1-3,Always,250g_500g,community,daily,4,6+,sell,1,2,36.93,0
user1208@gmail.com,4-5,Apartment,Thrissur,3,6,Loose / refill,7+,Sometimes,500g_1kg,mixed,monthly,3,1-2,recycle,2,0,25.76,0
user1209@gmail.com,4-5,Large house,Wayanad,4,2,Loose / refill,,Always,500g_1kg,collector,daily,2,6+,store,2,2,38.5,0
user1210@gmail.com,4-5,Apartment,Thiruvananthapuram,2,7,Plastic bottle,7+,Sometimes,500g_1kg,biomethanation,monthly,0,3-5,sell,2,1,8.81,0
user1211@gmail.com,1,Small house,Thrissur,1,2,Plastic packet,,Sometimes,less_250g,worm_compost,no,2,3-5,recycle,0,1,69.07,0
user1213@gmail.com,6+,Apartment,Idukki,4,3,Loose / refill,1-3,Always,more_1kg,mixed,no,0,6+,trash,3,2,54.56,0
user1214@gmail.com,2-3,Large house,Kozhikode,3,8,Loose / refill,4-7,Never,250g_500g,home_compost,weekly,0,none,recycle,1,3,28.15,0
user1216@gmail.com,4-5,Small house,Thrissur,3,15,Plastic packet,,Always,500g_1kg,biomethanation,monthly,1,6+,recycle,2,2,10.84,0
user1217@gmail.com,4-5,Large house,Kannur,3,13,Loose / refill,4-7,Always,500g_1kg,collector,weekly,4,3-5,sell,2,1,25.37,0
user1218@gmail.com,2-3,Small house,Kollam,1,11,Plastic packet,7+,Sometimes,250g_500g,home_compost,daily,0,1-2,trash,1,0,15.59,0
user1219@gmail.com,2-3,Large house,Kasaragod,3,16,Loose / refill,,Never,250g_500g,collector,weekly,3,none,trash,1,3,27.42,0
user1220@gmail.com,2-3,Large house,Palakkad,2,3,Plastic packet,4-7,Sometimes,250g_500g,community,no,1,3-5,store,1,1,22.43,0
user1221@gmail.com,4-5,Small house,Kottayam,3,3,Loose / refill,1-3,Always,500g_1kg,mixed,monthly,1,3-5,recycle,2,1,20.57,0
user1222@gmail.com,2-3,Apartment,Kollam,2,3,Plastic packet,4-7,Always,250g_500g,worm_compost,monthly,0,1-2,trash,1,0,26.04,0
user1223@gmail.com,2-3,Large house,Kottayam,3,3,Plastic bottle,1-3,Sometimes,250g_500g,home_compost,monthly,3,6+,recycle,1,2,28.14,0
user1224@gmail.com,2-3,Apartment,Kannur,2,20,Plastic bottle,1-3,Never,250g_500g,community,monthly,0,6+,store,1,2,32.01,0
user1225@gmail.com,1,Apartment,Pathanamthitta,0,9,Loose / refill,4-7,Sometimes,less_250g,biomethanation,monthly,3,6+,recycle,0,2,66.71,0
user1226@gmail.com,2-3,Small house,Malappuram,1,9,Plastic bottle,4-7,Always,250g_500g,biomethanation,monthly,0,none,store,1,3,27.11,0
user1227@gmail.com,6+,Small house,Kozhikode,4,11,Loose / refill,1-3,Always,more_1kg,mixed,daily,1,none,recycle,3,3,52.92,0
user1228@gmail.com,2-3,Apartment,Thiruvananthapuram,3,6,Loose / refill,,Sometimes,250g_500g,worm_compost,monthly,3,6+,recycle,1,2,16.62,0
user1229@gmail.com,6+,Small house,Alappuzha,3,15,Plastic packet,4-7,Never,more_1kg,mixed,daily,2,1-2,store,3,0,50.39,0
user1230@gmail.com,4-5,Apartment,Thrissur,2,20,Plastic packet,,Never,500g_1kg,worm_compost,daily,0,3-5,recycle,2,1,35.72,0
user1231@gmail.com,1,Large house,Malappuram,0,6,Plastic bottle,1-3,Never,less_250g,biomethanation,monthly,0,1-2,recycle,0,0,64.51,0
user1232@gmail.com,4-5,Small house,Idukki,4,2,Plastic bottle,1-3,Never,500g_1kg,community,no,2,none,sell,2,3,55.53,0
user1233@gmail.com,2-3,Small house,Kottayam,3,20,Loose / refill,,Never,250g_500g,home_compost,daily,1,6+,sell,1,2,32.29,0
user1234@gmail.com,2-3,Large house,Kannur,3,7,Loose / refill,7+,Sometimes,250g_500g,biomethanation,no,4,1-2,store,1,0,39.85,0
user1235@gmail.com,1,Small house,Malappuram,1,11,Plastic packet,4-7,Never,less_250g,home_compost,monthly,4,3-5,store,0,1,56.12,0
user1236@gmail.com,6+,Small house,Kannur,4,16,Plastic bottle,,Never,more_1kg,collector,weekly,4,none,store,3,3,65.56,0
user1237@gmail.com,4-5,Apartment,Kottayam,2,6,Plastic bottle,,Never,500g_1kg,collector,weekly,4,none,trash,2,3,45.38,0
user1238@gmail.com,4-5,Large house,Idukki,2,12,Plastic packet,4-7,Sometimes,500g_1kg,worm_compost,monthly,1,none,sell,2,3,21.5,0
user1239@gmail.com,2-3,Large house,Thrissur,3,15,Loose / refill,1-3,Always,250g_500g,community,monthly,4,none,recycle,1,3,38.09,0
user1240@gmail.com,4-5,Small house,Pathanamthitta,3,9,Loose / refill,,Sometimes,500g_1kg,community,monthly,4,none,sell,2,3,34.92,0
user1241@gmail.com,4-5,Large house,Pathanamthitta,4,14,Plastic packet,1-3,Never,500g_1kg,worm_compost,weekly,1,3-5,recycle,2,1,16.53,0
user1242@gmail.com,4-5,Small house,Palakkad,3,8,Plastic bottle,1-3,Always,500g_1kg,home_compost,monthly,3,6+,sell,2,2,14.09,0
user1243@gmail.com,4-5,Large house,Kollam,3,13,Plastic bottle,1-3,Sometimes,500g_1kg,home_compost,daily,0,3-5,store,2,1,2.34,0
user1244@gmail.com,6+,Small house,Palakkad,3,13,Plastic packet,7+,Never,more_1kg,mixed,weekly,2,1-2,trash,3,0,48.62,0
user1245@gmail.com,2-3,Large house,Thrissur,1,9,Plastic bottle,1-3,Sometimes,250g_500g,worm_compost,daily,3,6+,recycle,1,2,21.03,0
user1246@gmail.com,2-3,Large house,Kozhikode,2,17,Loose / refill,4-7,Sometimes,250g_500g,mixed,monthly,3,none,sell,1,3,27.36,0
user1247@gmail.com,4-5,Apartment,Pathanamthitta,2,2,Plastic bottle,7+,Never,500g_1kg,home_compost,monthly,4,6+,trash,2,2,47.26,0
user1248@gmail.com,2-3,Apartment,Alappuzha,3,5,Plastic bottle,7+,Always,250g_500g,mixed,daily,4,3-5,store,1,1,32.89,0
user1250@gmail.com,4-5,Apartment,Kannur,2,8,Plastic packet,1-3,Always,500g_1kg,home_compost,monthly,4,1-2,recycle,2,0,40.57,0
user1251@gmail.com,4-5,Large house,Ernakulam,2,16,Plastic bottle,4-7,Sometimes,500g_1kg,biomethanation,no,2,none,store,2,3,28.02,0
user1252@gmail.com,6+,Small house,Kasaragod,4,13,Plastic bottle,,Never,more_1kg,home_compost,monthly,2,none,recycle,3,3,55.56,0
user1254@gmail.com,4-5,Small house,Wayanad,4,11,Plastic packet,4-7,Sometimes,500g_1kg,community,weekly,0,3-5,trash,2,1,21.32,0
user1255@gmail.com,2-3,Small house,Pathanamthitta,3,13,Plastic bottle,7+,Sometimes,250g_500g,home_compost,daily,3,1-2,trash,1,0,27.95,0
user1257@gmail.com,4-5,Small house,Alappuzha,4,4,Plastic bottle,,Never,500g_1kg,community,monthly,4,6+,recycle,2,2,40.82,0
user1258@gmail.com,2-3,Small house,Wayanad,2,2,Plastic packet,1-3,Always,250g_500g,biomethanation,daily,0,1-2,sell,1,0,32.96,0
user1260@gmail.com,2-3,Apartment,Kozhikode,2,2,Loose / refill,7+,Never,250g_500g,collector,weekly,3,6+,recycle,1,2,34.99,0
user1262@gmail.com,4-5,Small house,Wayanad,2,19,Loose / refill,,Sometimes,500g_1kg,biomethanation,daily,0,3-5,recycle,2,1,24.44,0
user1263@gmail.com,4-5,Large house,Ernakulam,4,9,Plastic packet,4-7,Never,500g_1kg,collector,weekly,2,6+,store,2,2,15.71,0
user1264@gmail.com,4-5,Small house,Idukki,3,7,Plastic bottle,7+,Sometimes,500g_1kg,collector,weekly,2,1-2,sell,2,0,21.42,0
user1265@gmail.com,4-5,Apartment,Pathanamthitta,4,11,Loose / refill,,Never,500g_1kg,home_compost,weekly,3,1-2,recycle,2,0,33.87,0
user1266@gmail.com,4-5,Large house,Idukki,2,19,Plastic packet,4-7,Never,500g_1kg,collector,daily,2,none,recycle,2,3,38.53,0
user1267@gmail.com,2-3,Small house,Kasaragod,2,10,Plastic packet,4-7,Always,250g_500g,community,weekly,0,none,sell,1,3,23.29,0
user1268@gmail.com,2-3,Apartment,Thiruvananthapuram,2,5,Plastic packet,,Always,250g_500g,collector,weekly,3,none,sell,1,3,32.38,0
user1269@gmail.com,2-3,Large house,Thiruvananthapuram,1,2,Plastic packet,,Never,250g_500g,community,daily,0,none,recycle,1,3,54.75,0
user1270@gmail.com,4-5,Small house,Kannur,3,15,Loose / refill,1-3,Never,500g_1kg,collector,no,0,6+,sell,2,2,14.98,0
user1271@gmail.com,2-3,Large house,Idukki,2,18,Plastic packet,7+,Sometimes,250g_500g,mixed,no,3,6+,recycle,1,2,23.89,0
user1272@gmail.com,4-5,Large house,Thiruvananthapuram,2,15,Loose / refill,,Never,500g_1kg,biomethanation,weekly,0,1-2,sell,2,0,17.02,0
user1273@gmail.com,2-3,Apartment,Thrissur,1,19,Plastic bottle,,Sometimes,250g_500g,collector,no,1,1-2,trash,1,0,33.81,0
user1274@gmail.com,6+,Apartment,Ernakulam,3,3,Plastic bottle,4-7,Always,more_1kg,home_compost,no,4,6+,store,3,2,64.18,0
user1275@gmail.com,6+,Apartment,Alappuzha,5,15,Plastic packet,7+,Sometimes,more_1kg,biomethanation,no,2,6+,trash,3,2,65.91,0
user1276@gmail.com,1,Apartment,Thiruvananthapuram,1,2,Plastic bottle,,Always,less_250g,worm_compost,monthly,3,6+,trash,0,2,69.67,0
user1277@gmail.com,2-3,Apartment,Kozhikode,2,20,Plastic packet,1-3,Sometimes,250g_500g,collector,monthly,3,6+,trash,1,2,35.46,0
user1278@gmail.com,6+,Apartment,Kottayam,5,9,Plastic bottle,1-3,Sometimes,more_1kg,collector,weekly,2,3-5,trash,3,1,62.25,0
user1279@gmail.com,4-5,Small house,Kozhikode,3,9,Plastic packet,7+,Always,500g_1kg,collector,no,2,none,trash,2,3,19.2,0
user1280@gmail.com,1,Large house,Kozhikode,1,11,Plastic packet,4-7,Sometimes,less_250g,community,no,4,1-2,recycle,0,0,62.53,0
user1281@gmail.com,2-3,Small house,Kannur,3,20,Plastic packet,4-7,Sometimes,250g_500g,mixed,daily,3,1-2,store,1,0,50.56,0
user1282@gmail.com,4-5,Apartment,Kottayam,3,13,Plastic bottle,7+,Always,500g_1kg,mixed,daily,3,3-5,store,2,1,14.85,0
user1284@gmail.com,4-5,Apartment,Pathanamthitta,2,16,Plastic bottle,,Sometimes,500g_1kg,biomethanation,weekly,2,none,recycle,2,3,28.02,0
user1286@gmail.com,4-5,Small house,Kollam,3,6,Loose / refill,1-3,Sometimes,500g_1kg,worm_compost,no,4,1-2,trash,2,0,38.25,0
user1287@gmail.com,2-3,Large house,Palakkad,2,17,Plastic packet,4-7,Never,250g_500g,home_compost,monthly,3,none,recycle,1,3,27.36,0
user1288@gmail.com,4-5,Apartment,Ernakulam,3,10,Plastic packet,4-7,Always,500g_1kg,worm_compost,daily,3,none,recycle,2,3,18.46,0
user1289@gmail.com,2-3,Apartment,Thrissur,3,13,Plastic packet,,Never,250g_500g,community,weekly,4,none,recycle,1,3,35.83,0
user1290@gmail.com,2-3,Small house,Idukki,3,3,Plastic packet,7+,Always,250g_500g,worm_compost,weekly,3,6+,store,1,2,28.14,0
user1291@gmail.com,2-3,Large house,Thrissur,1,7,Plastic bottle,4-7,Always,250g_500g,collector,daily,1,1-2,sell,1,0,19.94,0
user1292@gmail.com,2-3,Apartment,Kottayam,1,5,Loose / refill,7+,Always,250g_500g,community,monthly,3,1-2,store,1,0,38.08,0
user1293@gmail.com,6+,Apartment,Wayanad,4,15,Plastic packet,7+,Never,more_1kg,biomethanation,daily,3,none,store,3,3,59.47,0
user1294@gmail.com,2-3,Large house,Kannur,1,12,Plastic bottle,4-7,Always,250g_500g,community,monthly,0,6+,store,1,2,16.57,0
user1295@gmail.com,4-5,Apartment,Kasaragod,3,7,Loose / refill,4-7,Sometimes,500g_1kg,biomethanation,daily,4,1-2,recycle,2,0,36.77,0
user1296@gmail.com,2-3,Apartment,Thrissur,3,13,Plastic bottle,4-7,Always,250g_500g,collector,daily,0,1-2,sell,1,0,14.41,0
user1297@gmail.com,2-3,Apartment,Pathanamthitta,2,6,Plastic packet,,Always,250g_500g,worm_compost,daily,4,none,sell,1,3,41.47,0
user1298@gmail.com,2-3,Apartment,Palakkad,1,6,Plastic packet,7+,Always,250g_500g,worm_compost,weekly,4,6+,recycle,1,2,36.93,0
user1299@gmail.com,2-3,Large house,Kollam,2,2,Plastic packet,,Always,250g_500g,home_compost,no,4,6+,sell,1,2,44.66,0
user1300@gmail.com,4-5,Large house,Kollam,4,17,Plastic bottle,4-7,Never,500g_1kg,biomethanation,monthly,1,1-2,recycle,2,0,28.53,0
user1301@gmail.com,4-5,Large house,Kollam,4,18,Plastic packet,4-7,Always,500g_1kg,collector,monthly,4,1-2,sell,2,0,47.45,0
user1304@gmail.com,2-3,Apartment,Palakkad,2,9,Plastic packet,4-7,Sometimes,250g_500g,mixed,no,0,6+,recycle,1,2,7.15,0
user1305@gmail.com,2-3,Apartment,Kozhikode,3,13,Loose / refill,,Sometimes,250g_500g,home_compost,monthly,1,6+,store,1,2,6.98,0
user1306@gmail.com,2-3,Small house,Idukki,1,10,Plastic packet,,Never,250g_500g,mixed,monthly,4,1-2,store,1,0,39.03,0
user1307@gmail.com,2-3,Apartment,Palakkad,3,4,Plastic packet,1-3,Always,250g_500g,community,weekly,3,3-5,store,1,1,25.47,0
user1308@gmail.com,1,Apartment,Malappuram,1,6,Loose / refill,1-3,Sometimes,less_250g,collector,weekly,3,3-5,trash,0,1,57.98,0
user1309@gmail.com,4-5,Large house,Wayanad,2,7,Plastic packet,,Sometimes,500g_1kg,worm_compost,monthly,3,6+,trash,2,2,18.62,0
user1310@gmail.com,6+,Small house,Pathanamthitta,4,9,Plastic bottle,7+,Sometimes,more_1kg,collector,monthly,0,1-2,trash,3,0,40.44,0
user1311@gmail.com,4-5,Small house,Malappuram,3,11,Plastic packet,4-7,Always,500g_1kg,collector,monthly,1,none,recycle,2,3,15.92,0
user1312@gmail.com,4-5,Large house,Kannur,4,6,Loose / refill,,Sometimes,500g_1kg,community,monthly,2,6+,sell,2,2,18.68,0
user1313@gmail.com,4-5,Large house,Pathanamthitta,4,12,Plastic bottle,7+,Sometimes,500g_1kg,mixed,monthly,0,3-5,sell,2,1,18.22,0
user1315@gmail.com,2-3,Apartment,Kozhikode,1,15,Plastic bottle,4-7,Sometimes,250g_500g,collector,daily,1,3-5,sell,1,1,13.22,0
user1316@gmail.com,2-3,Small house,Wayanad,3,3,Loose / refill,4-7,Never,250g_500g,biomethanation,weekly,1,6+,sell,1,2,24.08,0
user1317@gmail.com,4-5,Large house,Kasaragod,4,17,Plastic packet,,Never,500g_1kg,worm_compost,no,2,6+,store,2,2,23.6,0
user1318@gmail.com,2-3,Small house,Idukki,3,9,Plastic bottle,7+,Always,250g_500g,worm_compost,monthly,1,none,recycle,1,3,25.9,0
user1319@gmail.com,4-5,Small house,Pathanamthitta,2,4,Plastic bottle,1-3,Always,500g_1kg,worm_compost,no,3,3-5,sell,2,1,28.64,0
user1320@gmail.com,4-5,Small house,Thiruvananthapuram,4,3,Plastic packet,,Always,500g_1kg,worm_compost,daily,3,none,sell,2,3,46.64,0
user1321@gmail.com,4-5,Small house,Pathanamthitta,4,4,Loose / refill,1-3,Never,500g_1kg,biomethanation,weekly,0,6+,recycle,2,2,30.46,0
user1322@gmail.com,2-3,Small house,Palakkad,1,8,Loose / refill,4-7,Sometimes,250g_500g,worm_compost,no,4,3-5,store,1,1,35.66,0
user1323@gmail.com,4-5,Apartment,Wayanad,4,19,Plastic packet,7+,Sometimes,500g_1kg,biomethanation,daily,2,3-5,sell,2,1,30.38,0
user1324@gmail.com,4-5,Small house,Alappuzha,2,7,Loose / refill,,Always,500g_1kg,community,no,0,none,trash,2,3,27.66,0
user1325@gmail.com,2-3,Small house,Idukki,3,18,Loose / refill,7+,Sometimes,250g_500g,worm_compost,weekly,1,6+,recycle,1,2,18.9,0
user1326@gmail.com,4-5,Large house,Wayanad,2,2,Plastic packet,7+,Never,500g_1kg,home_compost,daily,3,6+,sell,2,2,36.81,0
user1327@gmail.com,2-3,Apartment,Malappuram,1,10,Plastic packet,,Always,250g_500g,community,daily,1,1-2,sell,1,0,19.96,0
user1328@gmail.com,4-5,Large house,Thrissur,3,20,Plastic bottle,1-3,Never,500g_1kg,community,daily,1,none,trash,2,3,39.32,0
user1329@gmail.com,2-3,Apartment,Kozhikode,2,10,Loose / refill,4-7,Sometimes,250g_500g,collector,weekly,1,1-2,store,1,0,12.63,0
user1330@gmail.com,4-5,Small house,Kasaragod,2,15,Loose / refill,7+,Sometimes,500g_1kg,worm_compost,monthly,3,1-2,recycle,2,0,25.29,0
user1331@gmail.com,6+,Small house,Thiruvananthapuram,3,9,Plastic bottle,7+,Sometimes,more_1kg,community,no,0,none,recycle,3,3,43.79,0
user1332@gmail.com,2-3,Small house,Palakkad,3,11,Loose / refill,,Sometimes,250g_500g,home_compost,weekly,3,none,trash,1,3,22.66,0
user1333@gmail.com,2-3,Apartment,Palakkad,1,8,Plastic packet,4-7,Sometimes,250g_500g,home_compost,no,2,3-5,trash,1,1,19.45,0
user1334@gmail.com,4-5,Small house,Ernakulam,2,11,Loose / refill,7+,Sometimes,500g_1kg,collector,monthly,0,1-2,sell,2,0,14.48,0
user1335@gmail.com,6+,Apartment,Ernakulam,4,10,Plastic bottle,7+,Always,more_1kg,mixed,no,1,6+,trash,3,2,45.41,0
user1336@gmail.com,2-3,Large house,Pathanamthitta,3,12,Plastic packet,,Always,250g_500g,worm_compost,daily,4,1-2,recycle,1,0,34.59,0
user1337@gmail.com,2-3,Small house,Kozhikode,1,14,Loose / refill,7+,Sometimes,250g_500g,home_compost,daily,2,3-5,recycle,1,1,17.46,0
user1338@gmail.com,2-3,Small house,Ernakulam,2,19,Plastic bottle,1-3,Always,250g_500g,collector,monthly,1,6+,sell,1,2,22.4,0
user1339@gmail.com,2-3,Large house,Kozhikode,3,17,Plastic packet,,Sometimes,250g_500g,collector,weekly,4,1-2,store,1,0,43.42,0
user1340@gmail.com,1,Large house,Pathanamthitta,1,10,Plastic bottle,7+,Always,less_250g,mixed,no,4,6+,recycle,0,2,57.4,0
user1342@gmail.com,2-3,Apartment,Idukki,3,4,Plastic packet,,Always,250g_500g,community,monthly,0,1-2,recycle,1,0,22.89,0
user1343@gmail.com,4-5,Apartment,Kottayam,2,3,Plastic bottle,4-7,Sometimes,500g_1kg,worm_compost,no,4,3-5,recycle,2,1,48.96,0
user1344@gmail.com,2-3,Apartment,Kottayam,2,17,Loose / refill,7+,Always,250g_500g,mixed,monthly,1,none,trash,1,3,20.12,0
user1345@gmail.com,2-3,Large house,Kozhikode,3,7,Loose / refill,1-3,Never,250g_500g,mixed,weekly,4,6+,store,1,2,26.26,0
user1346@gmail.com,4-5,Large house,Thiruvananthapuram,4,10,Plastic packet,7+,Always,500g_1kg,community,monthly,4,none,trash,2,3,40.73,0
user1347@gmail.com,6+,Apartment,Idukki,5,11,Plastic bottle,4-7,Sometimes,more_1kg,collector,monthly,2,6+,sell,3,2,60.6,0
user1348@gmail.com,1,Large house,Thiruvananthapuram,0,10,Loose / refill,,Always,less_250g,mixed,no,3,3-5,trash,0,1,68.62,0
user1349@gmail.com,4-5,Apartment,Kozhikode,3,9,Plastic packet,7+,Always,500g_1kg,collector,daily,4,3-5,trash,2,1,28.34,0
user1350@gmail.com,2-3,Small house,Pathanamthitta,2,9,Plastic bottle,7+,Always,250g_500g,home_compost,daily,0,1-2,trash,1,0,9.62,0
user1351@gmail.com,6+,Apartment,Palakkad,3,4,Loose / refill,7+,Sometimes,more_1kg,community,no,3,none,trash,3,3,59.89,0
user1352@gmail.com,4-5,Large house,Pathanamthitta,4,16,Plastic packet,4-7,Always,500g_1kg,mixed,no,1,3-5,recycle,2,1,21.07,0
user1354@gmail.com,4-5,Apartment,Idukki,4,10,Loose / refill,,Always,500g_1kg,biomethanation,no,3,6+,store,2,2,21.74,0
user1355@gmail.com,2-3,Large house,Kozhikode,3,6,Plastic packet,4-7,Sometimes,250g_500g,mixed,no,1,6+,sell,1,2,9.43,0
user1356@gmail.com,4-5,Apartment,Palakkad,4,6,Plastic packet,4-7,Never,500g_1kg,biomethanation,weekly,3,none,trash,2,3,38.25,0
user1357@gmail.com,2-3,Apartment,Palakkad,1,17,Loose / refill,,Always,250g_500g,worm_compost,no,3,6+,store,1,2,30.4,0
user1358@gmail.com,4-5,Small house,Kozhikode,4,10,Plastic packet,1-3,Never,500g_1kg,collector,daily,1,3-5,trash,2,1,17.16,0
user1359@gmail.com,2-3,Small house,Thiruvananthapuram,1,20,Plastic packet,1-3,Sometimes,250g_500g,mixed,daily,3,3-5,trash,1,1,44.31,0
user1360@gmail.com,4-5,Large house,Kasaragod,3,10,Plastic packet,7+,Never,500g_1kg,home_compost,monthly,1,none,store,2,3,16.14,0
user1361@gmail.com,4-5,Small house,Kottayam,2,2,Plastic bottle,,Sometimes,500g_1kg,worm_compost,monthly,0,1-2,store,2,0,33.71,0
user1362@gmail.com,4-5,Large house,Idukki,2,16,Plastic bottle,,Always,500g_1kg,community,monthly,1,3-5,store,2,1,16.66,0
user1363@gmail.com,2-3,Small house,Wayanad,2,20,Plastic packet,4-7,Sometimes,250g_500g,home_compost,daily,3,none,trash,1,3,42.92,0
user1364@gmail.com,4-5,Apartment,Palakkad,2,20,Loose / refill,7+,Sometimes,500g_1kg,worm_compost,monthly,2,none,store,2,3,45.02,0
user1366@gmail.com,2-3,Apartment,Malappuram,3,15,Loose / refill,1-3,Sometimes,250g_500g,community,daily,4,6+,recycle,1,2,27.54,0
user1367@gmail.com,2-3,Large house,Thiruvananthapuram,3,2,Plastic bottle,1-3,Sometimes,250g_500g,mixed,daily,4,1-2,trash,1,0,60.01,0
user1369@gmail.com,2-3,Apartment,Kasaragod,1,8,Plastic bottle,1-3,Never,250g_500g,worm_compost,daily,3,6+,sell,1,2,22.74,0
user1370@gmail.com,4-5,Apartment,Pathanamthitta,4,7,Loose / refill,,Sometimes,500g_1kg,mixed,no,4,1-2,store,2,0,47.7,0
user1371@gmail.com,2-3,Apartment,Kannur,2,8,Loose / refill,,Always,250g_500g,worm_compost,daily,1,6+,trash,1,2,8.19,0
user1372@gmail.com,4-5,Apartment,Idukki,3,6,Loose / refill,1-3,Always,500g_1kg,home_compost,no,4,3-5,sell,2,1,32.87,0
user1373@gmail.com,4-5,Small house,Kannur,2,15,Loose / refill,1-3,Sometimes,500g_1kg,community,daily,4,6+,recycle,2,2,32.28,0
user1374@gmail.com,4-5,Large house,Alappuzha,3,5,Loose / refill,7+,Always,500g_1kg,community,daily,3,6+,sell,2,2,15.02,0
user1375@gmail.com,4-5,Large house,Kozhikode,2,3,Plastic bottle,4-7,Always,500g_1kg,mixed,no,4,6+,sell,2,2,40.04,0
user1376@gmail.com,2-3,Small house,Palakkad,2,14,Loose / refill,7+,Never,250g_500g,community,weekly,0,3-5,store,1,1,3.19,0
user1377@gmail.com,6+,Large house,Kollam,3,5,Plastic bottle,4-7,Never,more_1kg,collector,weekly,1,none,trash,3,3,54.4,0
user1378@gmail.com,4-5,Large house,Ernakulam,4,16,Plastic packet,1-3,Sometimes,500g_1kg,home_compost,daily,0,3-5,store,2,1,29.08,0
user1379@gmail.com,2-3,Small house,Kasaragod,3,5,Plastic packet,4-7,Always,250g_500g,home_compost,weekly,4,none,recycle,1,3,44.35,0
user1380@gmail.com,4-5,Small house,Kozhikode,3,7,Loose / refill,1-3,Never,500g_1kg,worm_compost,daily,0,1-2,trash,2,0,4.34,0
user1381@gmail.com,4-5,Large house,Thiruvananthapuram,3,17,Loose / refill,1-3,Always,500g_1kg,worm_compost,weekly,2,1-2,store,2,0,24.99,0
user1382@gmail.com,2-3,Apartment,Kottayam,1,5,Plastic bottle,,Never,250g_500g,worm_compost,monthly,3,3-5,sell,1,1,28.09,0
user1383@gmail.com,1,Large house,Kasaragod,1,8,Plastic packet,1-3,Never,less_250g,mixed,no,3,none,store,0,3,66.9,0
user1385@gmail.com,4-5,Apartment,Alappuzha,2,13,Loose / refill,4-7,Always,500g_1kg,biomethanation,monthly,0,3-5,trash,2,1,5.71,0
user1386@gmail.com,4-5,Apartment,Kottayam,3,10,Plastic packet,,Sometimes,500g_1kg,biomethanation,weekly,2,3-5,sell,2,1,12.74,0
user1387@gmail.com,6+,Large house,Alappuzha,3,2,Plastic packet,,Sometimes,more_1kg,biomethanation,weekly,3,none,trash,3,3,67.23,0
user1388@gmail.com,2-3,Large house,Thrissur,3,2,Loose / refill,1-3,Sometimes,250g_500g,collector,weekly,1,3-5,store,1,1,27.44,0
user1389@gmail.com,4-5,Apartment,Kottayam,2,17,Plastic packet,,Always,500g_1kg,community,no,4,6+,trash,2,2,38.61,0
user1390@gmail.com,4-5,Apartment,Alappuzha,2,14,Loose / refill,7+,Sometimes,500g_1kg,collector,monthly,1,1-2,store,2,0,19.06,0
user1391@gmail.com,2-3,Small house,Malappuram,1,20,Plastic packet,4-7,Never,250g_500g,home_compost,weekly,2,1-2,recycle,1,0,48.08,0
user1394@gmail.com,4-5,Small house,Kollam,3,19,Loose / refill,,Sometimes,500g_1kg,mixed,daily,2,none,trash,2,3,28.1,0
user1395@gmail.com,4-5,Small house,Wayanad,4,20,Loose / refill,4-7,Always,500g_1kg,community,monthly,4,none,recycle,2,3,58.59,0
user1396@gmail.com,4-5,Apartment,Alappuzha,4,2,Loose / refill,,Sometimes,500g_1kg,home_compost,no,3,3-5,store,2,1,46.54,0
user1397@gmail.com,2-3,Apartment,Ernakulam,1,11,Plastic packet,,Sometimes,250g_500g,worm_compost,no,1,3-5,trash,1,1,11.21,0
user1398@gmail.com,2-3,Apartment,Thrissur,2,11,Plastic bottle,7+,Never,250g_500g,collector,weekly,4,6+,trash,1,2,21.79,0
user1399@gmail.com,2-3,Apartment,Alappuzha,1,15,Loose / refill,4-7,Never,250g_500g,collector,weekly,1,3-5,trash,1,1,13.22,0
user1400@gmail.com,4-5,Apartment,Kollam,2,5,Plastic packet,4-7,Always,500g_1kg,worm_compost,monthly,1,6+,recycle,2,2,15.09,0
user1401@gmail.com,6+,Apartment,Wayanad,5,12,Plastic bottle,,Always,more_1kg,home_compost,no,1,3-5,trash,3,1,61.7,0
user1402@gmail.com,4-5,Large house,Idukki,3,4,Loose / refill,7+,Sometimes,500g_1kg,community,weekly,2,6+,store,2,2,17.32,0
user1404@gmail.com,2-3,Small house,Kollam,3,9,Loose / refill,7+,Always,250g_500g,collector,daily,4,6+,sell,1,2,24.47,0
user1405@gmail.com,4-5,Large house,Palakkad,2,12,Plastic bottle,,Never,500g_1kg,biomethanation,daily,1,1-2,sell,2,0,15.56,0
user1406@gmail.com,2-3,Small house,Kottayam,3,12,Loose / refill,1-3,Sometimes,250g_500g,worm_compost,daily,0,3-5,trash,1,1,2.39,0
user1407@gmail.com,2-3,Small house,Kollam,1,8,Loose / refill,7+,Never,250g_500g,mixed,weekly,0,1-2,recycle,1,0,15.47,0
user1408@gmail.com,4-5,Small house,Kottayam,2,12,Plastic packet,7+,Always,500g_1kg,community,daily,1,none,sell,2,3,21.5,0
user1409@gmail.com,4-5,Small house,Alappuzha,2,5,Plastic packet,1-3,Never,500g_1kg,home_compost,monthly,0,6+,store,2,2,15.92,0
user1410@gmail.com,1,Small house,Idukki,1,10,Loose / refill,1-3,Sometimes,less_250g,home_compost,no,0,6+,recycle,0,2,55.95,0
user1411@gmail.com,4-5,Apartment,Pathanamthitta,3,13,Plastic packet,4-7,Never,500g_1kg,biomethanation,weekly,0,none,sell,2,3,20.02,0
user1412@gmail.com,4-5,Apartment,Alappuzha,4,19,Loose / refill,4-7,Always,500g_1kg,collector,weekly,1,1-2,trash,2,0,36.93,0
user1413@gmail.com,2-3,Large house,Palakkad,3,18,Plastic bottle,,Sometimes,250g_500g,community,no,2,6+,trash,1,2,16.74,0
user1414@gmail.com,2-3,Apartment,Wayanad,1,9,Loose / refill,1-3,Never,250g_500g,collector,no,1,1-2,store,1,0,18.81,0
user1415@gmail.com,4-5,Apartment,Kollam,3,13,Plastic packet,7+,Never,500g_1kg,mixed,daily,3,1-2,store,2,0,22.22,0
user1416@gmail.com,4-5,Large house,Kannur,2,10,Plastic bottle,1-3,Sometimes,500g_1kg,community,daily,3,6+,store,2,2,17.09,0
user1417@gmail.com,2-3,Apartment,Kozhikode,3,2,Plastic bottle,1-3,Always,250g_500g,community,monthly,0,1-2,sell,1,0,33.73,0
user1418@gmail.com,4-5,Small house,Ernakulam,2,5,Loose / refill,7+,Always,500g_1kg,mixed,daily,2,3-5,recycle,2,1,23.57,0
user1419@gmail.com,2-3,Large house,Ernakulam,3,10,Loose / refill,,Sometimes,250g_500g,worm_compost,no,0,6+,store,1,2,15.06,0
user1420@gmail.com,1,Apartment,Kottayam,1,12,Plastic bottle,4-7,Always,less_250g,community,weekly,2,none,recycle,0,3,62.96,0
user1421@gmail.com,4-5,Small house,Thrissur,3,6,Loose / refill,1-3,Always,500g_1kg,worm_compost,monthly,0,1-2,store,2,0,4.6,0
user1422@gmail.com,2-3,Large house,Alappuzha,1,8,Loose / refill,,Never,250g_500g,collector,monthly,1,1-2,sell,1,0,20.77,0
user1423@gmail.com,2-3,Apartment,Alappuzha,3,17,Loose / refill,7+,Never,250g_500g,biomethanation,daily,1,3-5,recycle,1,1,12.67,0
user1424@gmail.com,4-5,Large house,Pathanamthitta,2,4,Loose / refill,1-3,Never,500g_1kg,worm_compost,no,4,3-5,store,2,1,43.72,0
user1425@gmail.com,2-3,Large house,Thrissur,1,17,Loose / refill,,Sometimes,250g_500g,home_compost,no,0,1-2,sell,1,0,26.46,0
user1426@gmail.com,4-5,Large house,Kollam,3,7,Loose / refill,,Never,500g_1kg,biomethanation,daily,3,none,store,2,3,23.75,0
user1427@gmail.com,4-5,Large house,Thrissur,2,7,Plastic bottle,,Never,500g_1kg,home_compost,weekly,0,1-2,trash,2,0,14.34,0
user1428@gmail.com,2-3,Apartment,Kozhikode,2,15,Loose / refill,4-7,Never,250g_500g,mixed,no,0,3-5,recycle,1,1,6.27,0
user1429@gmail.com,4-5,Small house,Kottayam,4,8,Loose / refill,,Never,500g_1kg,collector,monthly,0,6+,trash,2,2,21.34,0
user1431@gmail.com,2-3,Small house,Kozhikode,3,10,Plastic packet,7+,Sometimes,250g_500g,community,no,2,1-2,trash,1,0,21.98,0
user1432@gmail.com,2-3,Apartment,Palakkad,3,11,Plastic bottle,7+,Always,250g_500g,mixed,monthly,3,1-2,sell,1,0,26.89,0
user1434@gmail.com,2-3,Large house,Malappuram,2,12,Plastic packet,1-3,Sometimes,250g_500g,biomethanation,monthly,1,none,recycle,1,3,16.43,0
user1436@gmail.com,2-3,Large house,Palakkad,3,11,Plastic bottle,7+,Always,250g_500g,mixed,daily,2,none,trash,1,3,20.67,0
user1438@gmail.com,6+,Small house,Kottayam,4,14,Plastic bottle,,Never,more_1kg,mixed,monthly,3,none,sell,3,3,57.85,0
user1439@gmail.com,6+,Small house,Kollam,3,7,Loose / refill,,Sometimes,more_1kg,biomethanation,weekly,0,1-2,sell,3,0,34.0,0
user1441@gmail.com,2-3,Small house,Thrissur,1,11,Plastic bottle,1-3,Sometimes,250g_500g,worm_compost,weekly,1,none,trash,1,3,25.81,0
user1442@gmail.com,2-3,Apartment,Malappuram,3,11,Plastic packet,4-7,Sometimes,250g_500g,collector,daily,0,none,trash,1,3,25.59,0
user1443@gmail.com,2-3,Large house,Idukki,1,4,Plastic packet,7+,Always,250g_500g,collector,no,0,6+,store,1,2,28.61,0
user1444@gmail.com,6+,Large house,Kollam,5,18,Plastic bottle,,Always,more_1kg,collector,daily,0,1-2,trash,3,0,68.51,0
user1446@gmail.com,4-5,Small house,Kozhikode,2,10,Plastic packet,4-7,Sometimes,500g_1kg,home_compost,weekly,1,6+,trash,2,2,13.05,0
user1447@gmail.com,2-3,Small house,Thrissur,3,5,Plastic packet,1-3,Always,250g_500g,biomethanation,weekly,0,none,store,1,3,30.48,0
user1448@gmail.com,4-5,Apartment,Kollam,4,12,Loose / refill,1-3,Always,500g_1kg,home_compost,weekly,3,none,recycle,2,3,32.52,0
user1449@gmail.com,4-5,Apartment,Wayanad,4,11,Plastic bottle,7+,Never,500g_1kg,community,daily,2,1-2,trash,2,0,29.12,0
user1450@gmail.com,4-5,Large house,Malappuram,3,4,Plastic bottle,7+,Sometimes,500g_1kg,biomethanation,no,0,6+,store,2,2,16.17,0
user1451@gmail.com,4-5,Small house,Kasaragod,2,11,Plastic bottle,4-7,Always,500g_1kg,biomethanation,monthly,4,none,store,2,3,39.73,0
user1452@gmail.com,2-3,Large house,Kasaragod,1,2,Plastic packet,1-3,Never,250g_500g,mixed,no,0,3-5,recycle,1,1,31.07,0
user1453@gmail.com,2-3,Large house,Kozhikode,1,11,Plastic bottle,,Always,250g_500g,home_compost,weekly,3,1-2,store,1,0,29.67,0
user1454@gmail.com,4-5,Apartment,Pathanamthitta,2,13,Loose / refill,7+,Sometimes,500g_1kg,mixed,no,2,6+,store,2,2,16.06,0
user1455@gmail.com,4-5,Large house,Kottayam,2,16,Plastic bottle,4-7,Sometimes,500g_1kg,home_compost,weekly,3,3-5,recycle,2,1,21.65,0
user1456@gmail.com,1,Small house,Ernakulam,1,17,Plastic packet,7+,Sometimes,less_250g,mixed,daily,1,3-5,sell,0,1,44.66,0
user1457@gmail.com,4-5,Small house,Palakkad,3,14,Plastic packet,4-7,Sometimes,500g_1kg,community,daily,1,3-5,trash,2,1,7.23,0
user1458@gmail.com,6+,Large house,Kollam,3,5,Plastic packet,4-7,Never,more_1kg,community,monthly,4,3-5,sell,3,1,63.77,0
user1459@gmail.com,2-3,Apartment,Kozhikode,3,15,Loose / refill,,Always,250g_500g,mixed,daily,3,3-5,store,1,1,16.73,0
user1460@gmail.com,2-3,Large house,Ernakulam,1,6,Loose / refill,7+,Always,250g_500g,biomethanation,weekly,2,1-2,trash,1,0,25.56,0
user1461@gmail.com,2-3,Large house,Pathanamthitta,3,2,Plastic packet,1-3,Always,250g_500g,collector,daily,1,1-2,trash,1,0,37.48,0
user1462@gmail.com,2-3,Small house,Wayanad,3,6,Plastic packet,7+,Never,250g_500g,community,monthly,0,3-5,sell,1,1,5.85,0
user1463@gmail.com,4-5,Large house,Kannur,3,11,Loose / refill,4-7,Sometimes,500g_1kg,biomethanation,no,3,6+,sell,2,2,12.74,0
user1465@gmail.com,2-3,Apartment,Alappuzha,3,20,Loose / refill,,Never,250g_500g,worm_compost,daily,4,3-5,store,1,1,45.22,0
user1466@gmail.com,4-5,Small house,Ernakulam,4,12,Plastic packet,7+,Always,500g_1kg,worm_compost,monthly,4,6+,sell,2,2,33.3,0
user1467@gmail.com,4-5,Apartment,Malappuram,3,2,Loose / refill,1-3,Sometimes,500g_1kg,worm_compost,no,4,1-2,trash,2,0,54.62,0
user1468@gmail.com,4-5,Large house,Pathanamthitta,4,20,Plastic bottle,4-7,Always,500g_1kg,community,weekly,2,1-2,store,2,0,50.87,0
user1469@gmail.com,2-3,Apartment,Malappuram,2,18,Loose / refill,1-3,Sometimes,250g_500g,community,monthly,0,3-5,trash,1,1,13.41,0
user1470@gmail.com,2-3,Large house,Malappuram,1,6,Plastic packet,,Sometimes,250g_500g,home_compost,weekly,3,3-5,trash,1,1,25.95,0
user1471@gmail.com,4-5,Apartment,Palakkad,4,4,Loose / refill,1-3,Never,500g_1kg,home_compost,no,3,6+,store,2,2,26.29,0
user1472@gmail.com,2-3,Apartment,Kasaragod,1,20,Plastic bottle,7+,Sometimes,250g_500g,biomethanation,daily,4,1-2,recycle,1,0,64.3,0
user1473@gmail.com,4-5,Small house,Kozhikode,2,18,Plastic packet,7+,Always,500g_1kg,collector,no,2,3-5,store,2,1,21.06,0
user1474@gmail.com,2-3,Apartment,Alappuzha,3,8,Plastic bottle,,Always,250g_500g,worm_compost,no,3,none,recycle,1,3,27.24,0
user1475@gmail.com,2-3,Large house,Kottayam,1,12,Plastic bottle,7+,Always,250g_500g,community,monthly,2,1-2,store,1,0,25.02,0
user1476@gmail.com,2-3,Small house,Idukki,3,4,Plastic bottle,4-7,Always,250g_500g,community,monthly,4,3-5,trash,1,1,36.04,0
user1477@gmail.com,6+,Apartment,Idukki,3,18,Plastic bottle,1-3,Sometimes,more_1kg,community,weekly,3,6+,recycle,3,2,55.16,0
user1478@gmail.com,6+,Small house,Pathanamthitta,3,13,Loose / refill,1-3,Always,more_1kg,collector,daily,3,3-5,store,3,1,45.72,0
user1479@gmail.com,4-5,Apartment,Malappuram,4,6,Plastic packet,7+,Sometimes,500g_1kg,home_compost,daily,4,none,store,2,3,47.87,0
user1482@gmail.com,2-3,Apartment,Wayanad,1,8,Loose / refill,7+,Sometimes,250g_500g,community,no,4,6+,trash,1,2,34.3,0
user1483@gmail.com,2-3,Apartment,Pathanamthitta,2,20,Loose / refill,1-3,Never,250g_500g,mixed,daily,4,none,store,1,3,55.35,0
user1484@gmail.com,4-5,Small house,Thrissur,3,13,Plastic packet,7+,Never,500g_1kg,mixed,weekly,3,1-2,recycle,2,0,22.22,0
user1485@gmail.com,2-3,Large house,Kannur,3,19,Loose / refill,1-3,Sometimes,250g_500g,worm_compost,monthly,3,6+,store,1,2,29.2,0
user1486@gmail.com,6+,Apartment,Palakkad,4,16,Loose / refill,7+,Never,more_1kg,collector,weekly,0,6+,recycle,3,2,54.18,0
user1487@gmail.com,6+,Large house,Pathanamthitta,3,16,Plastic packet,4-7,Always,more_1kg,community,daily,0,none,trash,3,3,60.68,0
user1488@gmail.com,2-3,Large house,Kollam,3,13,Loose / refill,7+,Never,250g_500g,mixed,no,3,none,trash,1,3,23.62,0
user1489@gmail.com,4-5,Small house,Palakkad,2,14,Loose / refill,1-3,Sometimes,500g_1kg,mixed,weekly,1,none,trash,2,3,26.03,0
user1490@gmail.com,2-3,Apartment,Thiruvananthapuram,3,7,Plastic packet,1-3,Sometimes,250g_500g,mixed,monthly,1,none,recycle,1,3,26.43,0
user1491@gmail.com,4-5,Large house,Kollam,4,12,Plastic bottle,7+,Sometimes,500g_1kg,mixed,monthly,2,1-2,store,2,0,29.61,0
user1492@gmail.com,2-3,Small house,Thiruvananthapuram,1,18,Plastic packet,,Sometimes,250g_500g,home_compost,daily,2,none,recycle,1,3,33.6,0
user1493@gmail.com,2-3,Small house,Ernakulam,1,5,Plastic packet,1-3,Never,250g_500g,biomethanation,weekly,0,none,recycle,1,3,34.3,0
user1494@gmail.com,4-5,Apartment,Idukki,4,12,Plastic packet,1-3,Never,500g_1kg,worm_compost,weekly,3,1-2,trash,2,0,33.11,0
user1495@gmail.com,6+,Large house,Thrissur,3,7,Loose / refill,7+,Never,more_1kg,community,no,2,1-2,trash,3,0,49.93,0
user1496@gmail.com,2-3,Apartment,Palakkad,3,19,Plastic bottle,1-3,Never,250g_500g,mixed,no,3,none,sell,1,3,36.87,0
user1497@gmail.com,4-5,Large house,Alappuzha,3,9,Loose / refill,1-3,Never,500g_1kg,community,monthly,4,none,store,2,3,34.92,0
user1498@gmail.com,4-5,Small house,Pathanamthitta,4,6,Loose / refill,7+,Always,500g_1kg,home_compost,weekly,1,1-2,recycle,2,0,25.07,0
user1499@gmail.com,6+,Apartment,Palakkad,4,6,Loose / refill,1-3,Sometimes,more_1kg,community,monthly,4,none,sell,3,3,68.08,0
user1500@gmail.com,4-5,Apartment,Kannur,4,19,Plastic packet,7+,Never,500g_1kg,biomethanation,daily,1,none,sell,2,3,40.55,0
user1502@gmail.com,4-5,Large house,Ernakulam,3,8,Plastic bottle,7+,Never,500g_1kg,community,weekly,4,1-2,recycle,2,0,35.37,0
user1503@gmail.com,2-3,Large house,Malappuram,3,5,Plastic bottle,1-3,Sometimes,250g_500g,collector,no,1,none,trash,1,3,27.69,0
user1504@gmail.com,4-5,Large house,Wayanad,3,13,Loose / refill,7+,Sometimes,500g_1kg,worm_compost,monthly,1,6+,sell,2,2,5.44,0
user1505@gmail.com,6+,Large house,Idukki,3,18,Plastic packet,4-7,Sometimes,more_1kg,biomethanation,no,0,none,trash,3,3,60.47,0
user1506@gmail.com,4-5,Large house,Palakkad,3,20,Loose / refill,7+,Sometimes,500g_1kg,worm_compost,weekly,2,none,sell,2,3,36.13,0
user1507@gmail.com,4-5,Small house,Palakkad,2,3,Loose / refill,,Sometimes,500g_1kg,worm_compost,weekly,0,none,store,2,3,45.2,0
user1508@gmail.com,6+,Small house,Kottayam,4,7,Plastic bottle,,Sometimes,more_1kg,worm_compost,daily,0,1-2,store,3,0,39.49,0
user1509@gmail.com,1,Large house,Thrissur,1,8,Plastic packet,4-7,Sometimes,less_250g,biomethanation,no,4,6+,sell,0,2,57.94,0
user1510@gmail.com,6+,Large house,Pathanamthitta,4,16,Loose / refill,7+,Always,more_1kg,biomethanation,weekly,0,6+,sell,3,2,54.18,0
user1511@gmail.com,2-3,Small house,Wayanad,3,17,Plastic bottle,,Always,250g_500g,community,daily,0,none,sell,1,3,31.68,0
user1512@gmail.com,4-5,Small house,Kollam,3,20,Loose / refill,4-7,Never,500g_1kg,community,weekly,1,6+,store,2,2,29.7,0
user1515@gmail.com,4-5,Large house,Kollam,2,17,Plastic bottle,1-3,Always,500g_1kg,collector,no,2,3-5,trash,2,1,20.08,0
user1516@gmail.com,6+,Small house,Kasaragod,3,9,Plastic bottle,7+,Sometimes,more_1kg,collector,monthly,3,3-5,store,3,1,44.27,0
user1517@gmail.com,4-5,Apartment,Wayanad,4,15,Plastic bottle,1-3,Never,500g_1kg,mixed,daily,3,none,store,2,3,36.82,0
user1518@gmail.com,4-5,Large house,Kannur,2,6,Plastic bottle,7+,Always,500g_1kg,collector,weekly,0,1-2,recycle,2,0,15.25,0
user1519@gmail.com,4-5,Small house,Malappuram,3,11,Loose / refill,4-7,Never,500g_1kg,worm_compost,monthly,4,1-2,sell,2,0,31.41,0
user1520@gmail.com,2-3,Apartment,Palakkad,3,2,Plastic packet,,Always,250g_500g,collector,daily,3,3-5,trash,1,1,36.2,0
user1521@gmail.com,4-5,Small house,Thiruvananthapuram,2,9,Plastic packet,1-3,Never,500g_1kg,community,daily,2,none,trash,2,3,30.25,0
user1522@gmail.com,2-3,Small house,Pathanamthitta,1,13,Loose / refill,,Always,250g_500g,collector,daily,4,none,store,1,3,45.35,0
user1523@gmail.com,4-5,Large house,Wayanad,2,3,Plastic packet,,Always,500g_1kg,collector,monthly,0,1-2,sell,2,0,28.81,0
user1524@gmail.com,2-3,Large house,Thrissur,1,16,Plastic packet,4-7,Never,250g_500g,worm_compost,weekly,4,3-5,store,1,1,38.55,0
user1525@gmail.com,4-5,Large house,Kottayam,3,12,Plastic packet,,Never,500g_1kg,home_compost,monthly,1,1-2,recycle,2,0,11.03,0
user1526@gmail.com,2-3,Apartment,Pathanamthitta,2,3,Plastic packet,7+,Never,250g_500g,worm_compost,daily,1,1-2,store,1,0,33.77,0
user1527@gmail.com,6+,Large house,Wayanad,4,19,Plastic bottle,1-3,Never,more_1kg,home_compost,daily,2,1-2,sell,3,0,62.03,0
user1528@gmail.com,6+,Small house,Thrissur,4,10,Plastic bottle,,Sometimes,more_1kg,mixed,weekly,3,1-2,sell,3,0,54.97,0
user1529@gmail.com,2-3,Small house,Pathanamthitta,3,20,Plastic packet,4-7,Always,250g_500g,mixed,daily,4,3-5,store,1,1,45.22,0
user1530@gmail.com,4-5,Large house,Pathanamthitta,2,17,Loose / refill,1-3,Always,500g_1kg,worm_compost,monthly,2,3-5,sell,2,1,20.08,0
user1532@gmail.com,2-3,Apartment,Kottayam,1,2,Plastic bottle,,Never,250g_500g,mixed,no,2,3-5,sell,1,1,39.08,0
user1534@gmail.com,4-5,Apartment,Kottayam,4,18,Loose / refill,1-3,Sometimes,500g_1kg,collector,monthly,1,none,trash,2,3,34.86,0
user1535@gmail.com,2-3,Small house,Alappuzha,3,17,Loose / refill,4-7,Never,250g_500g,home_compost,no,4,none,sell,1,3,40.6,0
user1536@gmail.com,2-3,Small house,Malappuram,1,20,Plastic packet,1-3,Sometimes,250g_500g,worm_compost,no,4,3-5,store,1,1,55.09,0
user1537@gmail.com,6+,Apartment,Kottayam,4,14,Loose / refill,1-3,Never,more_1kg,community,daily,2,6+,sell,3,2,47.6,0
user1538@gmail.com,2-3,Small house,Kottayam,1,20,Loose / refill,7+,Never,250g_500g,mixed,no,1,6+,store,1,2,37.13,0
user1539@gmail.com,2-3,Small house,Kozhikode,2,20,Plastic packet,7+,Always,250g_500g,mixed,weekly,3,none,trash,1,3,42.92,0
user1540@gmail.com,4-5,Apartment,Kozhikode,2,9,Loose / refill,,Always,500g_1kg,worm_compost,monthly,2,6+,store,2,2,14.96,0
user1541@gmail.com,2-3,Large house,Wayanad,2,20,Plastic bottle,4-7,Never,250g_500g,mixed,weekly,1,3-5,store,1,1,25.88,0
user1542@gmail.com,2-3,Large house,Malappuram,3,3,Loose / refill,4-7,Sometimes,250g_500g,worm_compost,monthly,3,none,recycle,1,3,41.65,0
user1543@gmail.com,2-3,Small house,Thrissur,1,16,Plastic packet,4-7,Sometimes,250g_500g,collector,monthly,0,6+,trash,1,2,20.86,0
user1544@gmail.com,1,Small house,Kottayam,1,6,Loose / refill,4-7,Sometimes,less_250g,mixed,no,4,6+,recycle,0,2,61.77,0
user1546@gmail.com,6+,Small house,Malappuram,5,18,Loose / refill,4-7,Never,more_1kg,community,weekly,2,1-2,sell,3,0,67.86,0
user1547@gmail.com,2-3,Apartment,Kasaragod,3,15,Loose / refill,,Always,250g_500g,mixed,weekly,0,3-5,store,1,1,11.84,0
user1548@gmail.com,6+,Apartment,Thrissur,4,19,Plastic bottle,,Never,more_1kg,home_compost,daily,0,1-2,store,3,0,55.87,0
user1549@gmail.com,4-5,Large house,Thrissur,3,18,Loose / refill,,Sometimes,500g_1kg,worm_compost,weekly,2,3-5,recycle,2,1,15.72,0
user1550@gmail.com,2-3,Apartment,Alappuzha,2,13,Plastic bottle,7+,Never,250g_500g,collector,weekly,1,1-2,store,1,0,11.31,0
user1551@gmail.com,4-5,Small house,Wayanad,2,6,Loose / refill,4-7,Never,500g_1kg,worm_compost,weekly,2,6+,sell,2,2,17.62,0
user1552@gmail.com,4-5,Small house,Malappuram,2,16,Plastic packet,7+,Never,500g_1kg,worm_compost,weekly,2,1-2,sell,2,0,25.03,0
user1553@gmail.com,2-3,Small house,Thiruvananthapuram,2,4,Plastic packet,4-7,Always,250g_500g,collector,monthly,1,3-5,trash,1,1,16.87,0
user1554@gmail.com,2-3,Small house,Pathanamthitta,1,4,Loose / refill,1-3,Always,250g_500g,community,monthly,3,6+,trash,1,2,29.8,0
user1555@gmail.com,6+,Large house,Kasaragod,4,12,Loose / refill,4-7,Sometimes,more_1kg,community,weekly,2,1-2,store,3,0,51.29,0
user1556@gmail.com,6+,Apartment,Kottayam,4,11,Plastic packet,4-7,Never,more_1kg,biomethanation,monthly,3,6+,store,3,2,48.29,0
user1557@gmail.com,4-5,Small house,Kannur,3,19,Loose / refill,1-3,Sometimes,500g_1kg,home_compost,monthly,2,3-5,sell,2,1,20.22,0
user1558@gmail.com,2-3,Large house,Wayanad,1,19,Loose / refill,7+,Never,250g_500g,home_compost,no,2,none,recycle,1,3,40.44,0
user1560@gmail.com,2-3,Small house,Kasaragod,2,18,Plastic bottle,1-3,Never,250g_500g,worm_compost,no,2,1-2,sell,1,0,31.75,0
user1562@gmail.com,1,Small house,Thiruvananthapuram,1,19,Loose / refill,4-7,Sometimes,less_250g,community,weekly,3,6+,trash,0,2,60.72,0
user1563@gmail.com,4-5,Small house,Pathanamthitta,4,5,Loose / refill,,Never,500g_1kg,mixed,weekly,1,1-2,sell,2,0,28.04,0
user1564@gmail.com,4-5,Large house,Kasaragod,4,7,Plastic packet,,Sometimes,500g_1kg,community,no,1,3-5,store,2,1,19.32,0
user1565@gmail.com,6+,Apartment,Kasaragod,4,9,Loose / refill,7+,Never,more_1kg,community,daily,2,3-5,store,3,1,45.45,0
user1566@gmail.com,2-3,Apartment,Thiruvananthapuram,2,11,Plastic bottle,4-7,Never,250g_500g,biomethanation,no,2,none,store,1,3,21.34,0
user1567@gmail.com,2-3,Small house,Idukki,3,4,Plastic packet,4-7,Sometimes,250g_500g,worm_compost,no,1,1-2,trash,1,0,27.68,0
user1568@gmail.com,2-3,Large house,Kottayam,1,4,Loose / refill,1-3,Always,250g_500g,mixed,daily,3,3-5,recycle,1,1,32.28,0
user1569@gmail.com,2-3,Small house,Alappuzha,3,5,Plastic bottle,4-7,Always,250g_500g,collector,monthly,1,6+,store,1,2,13.26,0
user1570@gmail.com,4-5,Apartment,Alappuzha,2,2,Loose / refill,7+,Always,500g_1kg,home_compost,monthly,1,3-5,recycle,2,1,31.84,0
user1571@gmail.com,4-5,Apartment,Alappuzha,4,20,Plastic bottle,,Never,500g_1kg,biomethanation,monthly,4,none,recycle,2,3,58.59,0
user1572@gmail.com,2-3,Apartment,Thiruvananthapuram,2,7,Plastic packet,,Never,250g_500g,community,monthly,2,6+,store,1,2,13.46,0
user1573@gmail.com,6+,Apartment,Kozhikode,4,16,Plastic packet,4-7,Never,more_1kg,community,daily,1,1-2,recycle,3,0,47.16,0
user1574@gmail.com,2-3,Apartment,Pathanamthitta,1,19,Plastic bottle,,Sometimes,250g_500g,mixed,no,4,6+,recycle,1,2,50.34,0
user1575@gmail.com,6+,Large house,Kozhikode,3,9,Plastic bottle,4-7,Never,more_1kg,community,no,1,none,recycle,3,3,49.53,0
user1576@gmail.com,2-3,Large house,Alappuzha,1,7,Plastic packet,1-3,Always,250g_500g,home_compost,no,0,none,sell,1,3,29.38,0
user1577@gmail.com,2-3,Large house,Kozhikode,1,9,Plastic packet,7+,Sometimes,250g_500g,home_compost,weekly,0,1-2,store,1,0,14.99,0
user1579@gmail.com,2-3,Small house,Palakkad,3,18,Plastic bottle,,Sometimes,250g_500g,mixed,daily,4,3-5,sell,1,1,34.27,0
user1580@gmail.com,2-3,Large house,Malappuram,2,11,Plastic packet,4-7,Always,250g_500g,worm_compost,no,1,none,sell,1,3,17.56,0
user1581@gmail.com,4-5,Small house,Thiruvananthapuram,4,7,Loose / refill,4-7,Sometimes,500g_1kg,collector,daily,0,1-2,store,2,0,18.96,0
user1582@gmail.com,6+,Large house,Ernakulam,3,14,Plastic bottle,,Sometimes,more_1kg,community,weekly,0,1-2,trash,3,0,34.94,0
user1583@gmail.com,4-5,Large house,Alappuzha,4,4,Loose / refill,1-3,Never,500g_1kg,collector,monthly,4,6+,store,2,2,40.82,0
user1584@gmail.com,4-5,Small house,Kasaragod,2,2,Loose / refill,,Sometimes,500g_1kg,mixed,daily,0,1-2,sell,2,0,33.71,0
user1585@gmail.com,2-3,Small house,Kannur,1,9,Plastic packet,,Always,250g_500g,collector,no,2,6+,sell,1,2,20.04,0
user1586@gmail.com,4-5,Small house,Malappuram,4,20,Plastic packet,4-7,Always,500g_1kg,mixed,no,1,6+,store,2,2,36.35,0
user1588@gmail.com,2-3,Small house,Malappuram,2,11,Plastic packet,7+,Sometimes,250g_500g,collector,daily,0,3-5,sell,1,1,2.63,0
user1589@gmail.com,2-3,Large house,Kottayam,3,15,Loose / refill,4-7,Always,250g_500g,home_compost,weekly,4,3-5,recycle,1,1,27.7,0
user1590@gmail.com,2-3,Large house,Thiruvananthapuram,1,3,Plastic bottle,7+,Sometimes,250g_500g,community,weekly,2,none,store,1,3,51.46,0
user1591@gmail.com,2-3,Large house,Kasaragod,3,16,Plastic bottle,7+,Sometimes,250g_500g,mixed,monthly,4,1-2,trash,1,0,39.37,0
user1593@gmail.com,4-5,Large house,Palakkad,3,13,Plastic packet,,Always,500g_1kg,worm_compost,daily,3,3-5,sell,2,1,14.85,0
user1594@gmail.com,2-3,Small house,Alappuzha,1,10,Plastic packet,1-3,Sometimes,250g_500g,collector,weekly,3,1-2,trash,1,0,29.17,0
user1595@gmail.com,2-3,Apartment,Palakkad,3,12,Plastic bottle,,Never,250g_500g,worm_compost,daily,2,1-2,sell,1,0,23.03,0
user1596@gmail.com,4-5,Small house,Kasaragod,4,15,Loose / refill,,Sometimes,500g_1kg,mixed,daily,0,6+,store,2,2,24.92,0
user1597@gmail.com,2-3,Small house,Kollam,1,4,Loose / refill,1-3,Sometimes,250g_500g,mixed,monthly,3,1-2,sell,1,0,41.83,0
user1598@gmail.com,2-3,Apartment,Alappuzha,1,20,Plastic bottle,4-7,Never,250g_500g,biomethanation,no,0,1-2,trash,1,0,41.47,0
user1599@gmail.com,2-3,Small house,Kozhikode,1,2,Loose / refill,1-3,Always,250g_500g,mixed,no,2,6+,store,1,2,40.73,0
user1600@gmail.com,4-5,Apartment,Idukki,4,6,Plastic bottle,,Sometimes,500g_1kg,worm_compost,daily,4,none,sell,2,3,47.87,0
user1601@gmail.com,4-5,Large house,Malappuram,3,10,Loose / refill,,Never,500g_1kg,community,monthly,4,1-2,store,2,0,31.19,0
user1602@gmail.com,2-3,Apartment,Thrissur,1,15,Plastic packet,1-3,Always,250g_500g,worm_compost,monthly,3,1-2,trash,1,0,30.18,0
user1603@gmail.com,2-3,Small house,Thiruvananthapuram,2,6,Loose / refill,7+,Always,250g_500g,mixed,no,1,6+,recycle,1,2,7.87,0
user1604@gmail.com,4-5,Small house,Kottayam,3,11,Plastic bottle,1-3,Never,500g_1kg,mixed,monthly,4,6+,store,2,2,23.17,0
user1605@gmail.com,4-5,Small house,Kannur,2,8,Plastic bottle,7+,Sometimes,500g_1kg,biomethanation,daily,0,1-2,store,2,0,13.5,0
user1606@gmail.com,2-3,Large house,Kottayam,2,13,Loose / refill,4-7,Sometimes,250g_500g,community,weekly,3,none,sell,1,3,22.21,0
user1608@gmail.com,4-5,Small house,Pathanamthitta,2,9,Plastic bottle,1-3,Sometimes,500g_1kg,collector,monthly,0,none,trash,2,3,25.35,0
user1609@gmail.com,4-5,Apartment,Pathanamthitta,4,18,Loose / refill,1-3,Never,500g_1kg,mixed,no,3,1-2,recycle,2,0,40.07,0
user1610@gmail.com,2-3,Large house,Malappuram,3,14,Plastic bottle,,Never,250g_500g,biomethanation,daily,4,3-5,store,1,1,26.78,0
user1612@gmail.com,4-5,Apartment,Malappuram,2,8,Plastic bottle,7+,Never,500g_1kg,collector,weekly,1,3-5,store,2,1,12.11,0
user1613@gmail.com,4-5,Apartment,Idukki,4,9,Loose / refill,4-7,Sometimes,500g_1kg,home_compost,daily,0,3-5,recycle,2,1,20.54,0
user1614@gmail.com,2-3,Apartment,Pathanamthitta,2,17,Plastic packet,,Always,250g_500g,home_compost,weekly,1,none,store,1,3,20.12,0
user1615@gmail.com,2-3,Large house,Kozhikode,3,8,Plastic bottle,1-3,Never,250g_500g,home_compost,no,4,none,store,1,3,39.89,0
user1616@gmail.com,4-5,Large house,Pathanamthitta,4,17,Plastic packet,,Never,500g_1kg,worm_compost,daily,1,none,recycle,2,3,33.94,0
user1617@gmail.com,6+,Large house,Palakkad,3,16,Plastic bottle,7+,Always,more_1kg,worm_compost,weekly,0,3-5,sell,3,1,46.47,0
user1618@gmail.com,4-5,Small house,Alappuzha,2,10,Plastic bottle,,Always,500g_1kg,community,daily,2,6+,store,2,2,16.15,0
user1619@gmail.com,2-3,Large house,Kannur,2,5,Plastic bottle,1-3,Always,250g_500g,biomethanation,weekly,2,6+,trash,1,2,16.23,0
user1620@gmail.com,6+,Apartment,Kasaragod,3,4,Loose / refill,7+,Sometimes,more_1kg,community,no,4,3-5,trash,3,1,64.16,0
user1621@gmail.com,1,Large house,Wayanad,1,15,Plastic packet,4-7,Always,less_250g,collector,weekly,4,1-2,sell,0,0,61.34,0
user1623@gmail.com,4-5,Apartment,Malappuram,2,17,Plastic packet,4-7,Always,500g_1kg,mixed,monthly,4,1-2,store,2,0,44.98,0
user1624@gmail.com,4-5,Large house,Malappuram,4,17,Loose / refill,7+,Never,500g_1kg,mixed,monthly,4,none,sell,2,3,44.86,0
user1625@gmail.com,2-3,Large house,Thiruvananthapuram,3,7,Plastic packet,4-7,Never,250g_500g,home_compost,monthly,3,1-2,sell,1,0,28.65,0
user1626@gmail.com,6+,Large house,Alappuzha,3,20,Plastic bottle,1-3,Never,more_1kg,home_compost,daily,4,6+,recycle,3,2,69.64,0
user1627@gmail.com,2-3,Apartment,Kottayam,3,13,Plastic packet,4-7,Always,250g_500g,community,monthly,0,3-5,trash,1,1,3.7,0
user1628@gmail.com,4-5,Apartment,Alappuzha,4,5,Plastic bottle,,Sometimes,500g_1kg,worm_compost,weekly,2,none,sell,2,3,36.43,0
user1629@gmail.com,2-3,Small house,Palakkad,1,6,Plastic bottle,7+,Sometimes,250g_500g,biomethanation,weekly,2,3-5,store,1,1,19.93,0
user1630@gmail.com,2-3,Large house,Alappuzha,3,12,Loose / refill,7+,Sometimes,250g_500g,biomethanation,daily,4,1-2,sell,1,0,34.59,0
user1632@gmail.com,4-5,Large house,Wayanad,2,3,Plastic packet,4-7,Sometimes,500g_1kg,worm_compost,daily,4,none,sell,2,3,58.43,0
user1633@gmail.com,4-5,Large house,Malappuram,2,5,Loose / refill,7+,Never,500g_1kg,biomethanation,daily,2,6+,recycle,2,2,19.21,0
user1634@gmail.com,2-3,Apartment,Malappuram,2,19,Plastic packet,4-7,Always,250g_500g,biomethanation,weekly,2,6+,trash,1,2,24.2,0
user1635@gmail.com,4-5,Apartment,Ernakulam,4,20,Plastic packet,,Never,500g_1kg,community,monthly,0,6+,recycle,2,2,44.56,0
user1637@gmail.com,2-3,Large house,Kollam,2,9,Plastic bottle,,Sometimes,250g_500g,worm_compost,weekly,3,3-5,recycle,1,1,18.2,0
user1638@gmail.com,2-3,Small house,Alappuzha,2,8,Loose / refill,4-7,Always,250g_500g,biomethanation,no,2,1-2,recycle,1,0,17.34,0
user1640@gmail.com,1,Large house,Alappuzha,1,14,Loose / refill,4-7,Never,less_250g,biomethanation,monthly,4,1-2,store,0,0,61.51,0
user1641@gmail.com,2-3,Small house,Kollam,2,8,Plastic packet,4-7,Sometimes,250g_500g,worm_compost,weekly,3,3-5,sell,1,1,18.6,0
user1642@gmail.com,4-5,Apartment,Kannur,3,12,Plastic packet,4-7,Sometimes,500g_1kg,biomethanation,daily,4,6+,trash,2,2,24.51,0
user1643@gmail.com,4-5,Apartment,Idukki,4,11,Plastic bottle,7+,Sometimes,500g_1kg,mixed,no,3,3-5,recycle,2,1,29.54,0
user1644@gmail.com,2-3,Large house,Kottayam,3,6,Loose / refill,4-7,Always,250g_500g,collector,daily,3,3-5,store,1,1,19.74,0
user1645@gmail.com,1,Small house,Thiruvananthapuram,0,6,Plastic packet,,Never,less_250g,mixed,weekly,0,3-5,trash,0,1,63.93,0
user1646@gmail.com,2-3,Small house,Malappuram,1,2,Loose / refill,,Never,250g_500g,home_compost,no,4,none,recycle,1,3,69.39,0
user1647@gmail.com,2-3,Apartment,Kottayam,1,17,Loose / refill,4-7,Never,250g_500g,collector,monthly,3,3-5,recycle,1,1,27.92,0
user1648@gmail.com,1,Small house,Alappuzha,1,3,Loose / refill,7+,Always,less_250g,worm_compost,no,0,1-2,sell,0,0,59.31,0
user1649@gmail.com,4-5,Small house,Ernakulam,3,2,Plastic bottle,,Always,500g_1kg,mixed,daily,0,3-5,store,2,1,22.22,0
user1650@gmail.com,4-5,Large house,Idukki,3,5,Loose / refill,1-3,Never,500g_1kg,mixed,weekly,1,none,trash,2,3,25.01,0
user1651@gmail.com,2-3,Apartment,Kottayam,3,5,Plastic bottle,,Never,250g_500g,community,weekly,3,6+,recycle,1,2,18.46,0
user1652@gmail.com,2-3,Small house,Kannur,2,18,Loose / refill,7+,Always,250g_500g,worm_compost,monthly,0,none,sell,1,3,27.76,0
user1653@gmail.com,4-5,Apartment,Kasaragod,2,13,Plastic packet,,Sometimes,500g_1kg,worm_compost,daily,0,3-5,store,2,1,5.71,0
user1654@gmail.com,4-5,Large house,Kollam,3,7,Loose / refill,7+,Never,500g_1kg,collector,weekly,1,6+,sell,2,2,7.14,0
user1655@gmail.com,2-3,Small house,Ernakulam,2,14,Loose / refill,1-3,Sometimes,250g_500g,biomethanation,no,2,6+,trash,1,2,14.58,0
user1656@gmail.com,2-3,Small house,Ernakulam,1,20,Plastic packet,1-3,Always,250g_500g,home_compost,no,0,none,recycle,1,3,49.72,0
user1657@gmail.com,2-3,Large house,Ernakulam,1,7,Loose / refill,7+,Never,250g_500g,mixed,no,1,none,recycle,1,3,34.05,0
user1658@gmail.com,2-3,Apartment,Kasaragod,2,14,Loose / refill,1-3,Always,250g_500g,community,weekly,1,1-2,recycle,1,0,13.73,0
user1659@gmail.com,4-5,Small house,Kottayam,2,13,Plastic bottle,1-3,Sometimes,500g_1kg,biomethanation,monthly,4,1-2,trash,2,0,35.63,0
user1660@gmail.com,2-3,Small house,Alappuzha,1,19,Plastic packet,1-3,Sometimes,250g_500g,community,daily,2,3-5,recycle,1,1,28.62,0
user1661@gmail.com,2-3,Apartment,Malappuram,1,19,Loose / refill,1-3,Always,250g_500g,biomethanation,weekly,1,3-5,sell,1,1,22.41,0
user1662@gmail.com,4-5,Small house,Alappuzha,2,17,Plastic packet,,Never,500g_1kg,worm_compost,daily,1,none,recycle,2,3,30.23,0
user1663@gmail.com,4-5,Large house,Thiruvananthapuram,4,20,Plastic packet,7+,Always,500g_1kg,collector,daily,1,6+,recycle,2,2,36.35,0
user1664@gmail.com,4-5,Apartment,Alappuzha,4,12,Plastic packet,,Always,500g_1kg,worm_compost,weekly,1,none,store,2,3,28.8,0
user1665@gmail.com,4-5,Small house,Kollam,2,2,Loose / refill,1-3,Sometimes,500g_1kg,collector,daily,4,3-5,store,2,1,55.13,0
user1666@gmail.com,6+,Apartment,Kottayam,3,4,Plastic bottle,,Sometimes,more_1kg,mixed,daily,3,1-2,trash,3,0,56.54,0
user1667@gmail.com,2-3,Large house,Ernakulam,1,11,Loose / refill,4-7,Sometimes,250g_500g,biomethanation,no,2,none,trash,1,3,28.84,0
user1668@gmail.com,2-3,Large house,Idukki,3,17,Plastic packet,7+,Never,250g_500g,community,no,2,none,recycle,1,3,20.46,0
user1669@gmail.com,6+,Large house,Kasaragod,3,4,Plastic bottle,7+,Sometimes,more_1kg,home_compost,daily,2,6+,store,3,2,50.96,0
user1670@gmail.com,1,Large house,Kasaragod,1,14,Plastic packet,1-3,Always,less_250g,collector,weekly,2,1-2,store,0,0,51.23,0
user1671@gmail.com,2-3,Apartment,Alappuzha,2,10,Plastic packet,,Sometimes,250g_500g,mixed,weekly,4,none,store,1,3,37.17,0
user1672@gmail.com,4-5,Small house,Thrissur,2,18,Plastic bottle,4-7,Never,500g_1kg,community,weekly,3,1-2,store,2,0,33.87,0
user1673@gmail.com,2-3,Large house,Malappuram,1,19,Plastic bottle,7+,Always,250g_500g,collector,weekly,2,3-5,sell,1,1,28.62,0
user1674@gmail.com,4-5,Apartment,Pathanamthitta,4,12,Loose / refill,,Always,500g_1kg,biomethanation,no,2,6+,trash,2,2,15.12,0
user1675@gmail.com,2-3,Small house,Wayanad,2,11,Plastic packet,7+,Always,250g_500g,mixed,weekly,4,1-2,store,1,0,29.62,0
user1676@gmail.com,6+,Large house,Kottayam,4,9,Plastic packet,1-3,Sometimes,more_1kg,worm_compost,daily,1,3-5,store,3,1,42.06,0
user1678@gmail.com,4-5,Large house,Pathanamthitta,4,18,Loose / refill,4-7,Sometimes,500g_1kg,community,monthly,3,6+,sell,2,2,30.29,0
user1679@gmail.com,2-3,Small house,Palakkad,3,2,Plastic packet,4-7,Sometimes,250g_500g,collector,daily,4,3-5,recycle,1,1,48.1,0
user1680@gmail.com,2-3,Large house,Palakkad,3,7,Plastic bottle,,Always,250g_500g,biomethanation,daily,4,none,recycle,1,3,40.76,0
user1681@gmail.com,4-5,Small house,Ernakulam,2,15,Plastic packet,,Never,500g_1kg,worm_compost,no,1,6+,sell,2,2,16.6,0
user1682@gmail.com,4-5,Small house,Thiruvananthapuram,2,7,Plastic bottle,,Never,500g_1kg,worm_compost,monthly,3,6+,store,2,2,18.62,0
user1683@gmail.com,2-3,Apartment,Wayanad,2,18,Plastic bottle,4-7,Sometimes,250g_500g,mixed,daily,4,3-5,sell,1,1,39.94,0
user1684@gmail.com,2-3,Small house,Thiruvananthapuram,1,20,Plastic packet,7+,Always,250g_500g,community,daily,4,1-2,trash,1,0,64.3,0
user1685@gmail.com,2-3,Apartment,Kannur,1,3,Plastic packet,1-3,Sometimes,250g_500g,worm_compost,daily,2,3-5,recycle,1,1,34.48,0
user1686@gmail.com,4-5,Apartment,Palakkad,4,20,Loose / refill,4-7,Sometimes,500g_1kg,mixed,no,0,none,sell,2,3,58.96,0
user1687@gmail.com,6+,Small house,Kasaragod,3,13,Loose / refill,,Never,more_1kg,collector,weekly,2,1-2,recycle,3,0,48.62,0
user1688@gmail.com,4-5,Large house,Kottayam,4,8,Plastic bottle,,Never,500g_1kg,home_compost,weekly,2,6+,recycle,2,2,18.04,0
user1689@gmail.com,1,Apartment,Kasaragod,1,6,Loose / refill,4-7,Never,less_250g,mixed,monthly,1,3-5,sell,0,1,48.24,0
user1690@gmail.com,4-5,Small house,Alappuzha,3,18,Plastic bottle,7+,Never,500g_1kg,mixed,weekly,4,1-2,sell,2,0,38.87,0
user1691@gmail.com,6+,Large house,Thiruvananthapuram,5,11,Plastic packet,7+,Sometimes,more_1kg,biomethanation,weekly,1,none,trash,3,3,69.54,0
user1692@gmail.com,2-3,Large house,Thiruvananthapuram,2,3,Loose / refill,1-3,Never,250g_500g,home_compost,monthly,1,6+,recycle,1,2,23.43,0
user1693@gmail.com,4-5,Small house,Alappuzha,4,7,Loose / refill,7+,Sometimes,500g_1kg,home_compost,daily,1,6+,store,2,2,17.56,0
user1694@gmail.com,6+,Large house,Kottayam,3,9,Plastic packet,7+,Always,more_1kg,community,monthly,4,none,store,3,3,64.07,0
user1695@gmail.com,6+,Small house,Idukki,3,20,Plastic packet,1-3,Never,more_1kg,mixed,weekly,4,6+,sell,3,2,69.64,0
user1696@gmail.com,6+,Large house,Kollam,3,4,Plastic packet,1-3,Never,more_1kg,collector,no,2,1-2,trash,3,0,55.95,0
user1698@gmail.com,4-5,Apartment,Thrissur,2,10,Plastic bottle,4-7,Never,500g_1kg,biomethanation,no,0,1-2,sell,2,0,16.58,0
user1699@gmail.com,4-5,Small house,Palakkad,3,4,Plastic packet,,Never,500g_1kg,home_compost,daily,3,none,recycle,2,3,29.8,0
user1701@gmail.com,4-5,Apartment,Pathanamthitta,2,15,Plastic bottle,4-7,Sometimes,500g_1kg,community,no,3,6+,recycle,2,2,21.92,0
user1702@gmail.com,4-5,Large house,Palakkad,2,5,Plastic bottle,7+,Always,500g_1kg,biomethanation,daily,4,6+,store,2,2,31.81,0
user1703@gmail.com,2-3,Small house,Thrissur,2,10,Plastic bottle,7+,Always,250g_500g,community,no,1,3-5,sell,1,1,6.51,0
user1704@gmail.com,1,Apartment,Thrissur,0,17,Plastic packet,4-7,Sometimes,less_250g,collector,no,1,6+,store,0,2,66.29,0
user1705@gmail.com,2-3,Small house,Idukki,3,17,Plastic packet,1-3,Sometimes,250g_500g,mixed,daily,1,1-2,sell,1,0,26.96,0
user1706@gmail.com,6+,Apartment,Thiruvananthapuram,4,10,Loose / refill,1-3,Sometimes,more_1kg,biomethanation,monthly,0,none,sell,3,3,56.37,0
user1707@gmail.com,4-5,Apartment,Kozhikode,3,19,Plastic packet,7+,Sometimes,500g_1kg,collector,monthly,2,none,recycle,2,3,28.1,0
user1708@gmail.com,2-3,Apartment,Pathanamthitta,3,19,Plastic bottle,4-7,Never,250g_500g,home_compost,monthly,2,6+,store,1,2,22.28,0
user1709@gmail.com,2-3,Apartment,Idukki,1,9,Loose / refill,1-3,Sometimes,250g_500g,home_compost,daily,1,3-5,store,1,1,13.78,0
user1710@gmail.com,2-3,Small house,Kozhikode,1,20,Loose / refill,4-7,Always,250g_500g,collector,monthly,3,none,recycle,1,3,52.33,0
user1711@gmail.com,6+,Apartment,Pathanamthitta,4,19,Loose / refill,4-7,Always,more_1kg,biomethanation,no,0,1-2,recycle,3,0,55.87,0
user1712@gmail.com,4-5,Apartment,Thrissur,4,5,Loose / refill,1-3,Never,500g_1kg,community,no,1,none,sell,2,3,37.43,0
user1713@gmail.com,2-3,Apartment,Palakkad,3,12,Plastic packet,7+,Always,250g_500g,home_compost,monthly,0,6+,trash,1,2,9.58,0
user1714@gmail.com,4-5,Apartment,Pathanamthitta,3,6,Loose / refill,4-7,Sometimes,500g_1kg,home_compost,monthly,0,3-5,store,2,1,3.56,0
user1715@gmail.com,4-5,Small house,Ernakulam,4,5,Plastic packet,4-7,Never,500g_1kg,mixed,no,1,1-2,sell,2,0,28.04,0
user1716@gmail.com,2-3,Small house,Malappuram,3,20,Plastic bottle,,Always,250g_500g,home_compost,daily,2,6+,trash,1,2,29.16,0
user1718@gmail.com,4-5,Large house,Thrissur,2,18,Plastic bottle,7+,Always,500g_1kg,home_compost,daily,3,none,store,2,3,35.18,0
user1719@gmail.com,4-5,Large house,Malappuram,4,11,Plastic bottle,1-3,Sometimes,500g_1kg,worm_compost,weekly,0,3-5,sell,2,1,21.32,0
user1720@gmail.com,2-3,Large house,Kannur,2,6,Loose / refill,7+,Sometimes,250g_500g,worm_compost,monthly,2,6+,recycle,1,2,13.45,0
user1721@gmail.com,2-3,Small house,Thrissur,1,8,Plastic packet,4-7,Always,250g_500g,worm_compost,monthly,3,1-2,recycle,1,0,30.08,0
user1722@gmail.com,2-3,Apartment,Kasaragod,1,2,Loose / refill,4-7,Never,250g_500g,home_compost,weekly,0,6+,trash,1,2,40.44,0
user1723@gmail.com,2-3,Small house,Malappuram,2,14,Loose / refill,7+,Sometimes,250g_500g,worm_compost,monthly,0,6+,store,1,2,11.0,0
user1724@gmail.com,4-5,Small house,Thiruvananthapuram,3,4,Plastic bottle,,Always,500g_1kg,home_compost,daily,0,none,trash,2,3,34.64,0
user1725@gmail.com,2-3,Small house,Kannur,1,6,Plastic packet,4-7,Sometimes,250g_500g,worm_compost,monthly,3,6+,store,1,2,24.6,0
user1726@gmail.com,2-3,Apartment,Kozhikode,2,10,Loose / refill,,Sometimes,250g_500g,biomethanation,no,3,3-5,sell,1,1,15.92,0
user1727@gmail.com,4-5,Large house,Kollam,2,10,Plastic packet,,Always,500g_1kg,home_compost,no,0,3-5,sell,2,1,9.74,0
user1729@gmail.com,4-5,Small house,Idukki,2,9,Loose / refill,1-3,Always,500g_1kg,home_compost,weekly,2,none,sell,2,3,30.25,0
user1730@gmail.com,2-3,Apartment,Wayanad,2,10,Plastic packet,,Sometimes,250g_500g,collector,weekly,0,none,trash,1,3,23.29,0
user1731@gmail.com,1,Large house,Idukki,1,8,Plastic packet,7+,Never,less_250g,mixed,monthly,3,3-5,sell,0,1,54.41,0
user1732@gmail.com,2-3,Small house,Palakkad,3,7,Loose / refill,,Sometimes,250g_500g,collector,weekly,2,6+,store,1,2,11.51,0
user1733@gmail.com,2-3,Apartment,Wayanad,2,9,Plastic packet,7+,Never,250g_500g,mixed,no,2,1-2,recycle,1,0,16.16,0
user1734@gmail.com,2-3,Apartment,Malappuram,2,8,Plastic packet,4-7,Sometimes,250g_500g,community,daily,3,6+,recycle,1,2,14.31,0
user1735@gmail.com,4-5,Large house,Kasaragod,3,5,Plastic bottle,,Always,500g_1kg,community,no,2,none,store,2,3,25.3,0
user1736@gmail.com,4-5,Large house,Thiruvananthapuram,3,12,Loose / refill,1-3,Never,500g_1kg,mixed,daily,0,3-5,store,2,1,1.8,0
user1737@gmail.com,4-5,Large house,Ernakulam,3,20,Plastic bottle,1-3,Never,500g_1kg,worm_compost,no,1,3-5,recycle,2,1,27.85,0
user1739@gmail.com,2-3,Small house,Kozhikode,1,7,Plastic packet,1-3,Never,250g_500g,mixed,weekly,2,6+,store,1,2,22.45,0
user1740@gmail.com,4-5,Apartment,Wayanad,3,7,Loose / refill,1-3,Never,500g_1kg,home_compost,no,3,6+,sell,2,2,13.89,0
user1741@gmail.com,2-3,Small house,Idukki,2,8,Loose / refill,1-3,Never,250g_500g,biomethanation,daily,1,none,sell,1,3,25.85,0
user1742@gmail.com,4-5,Large house,Kannur,2,7,Loose / refill,1-3,Never,500g_1kg,worm_compost,daily,1,6+,trash,2,2,12.82,0
user1744@gmail.com,4-5,Apartment,Thrissur,4,10,Loose / refill,,Never,500g_1kg,mixed,no,2,1-2,store,2,0,30.45,0
user1745@gmail.com,2-3,Small house,Idukki,1,14,Plastic packet,4-7,Always,250g_500g,community,weekly,0,none,store,1,3,26.7,0
user1746@gmail.com,4-5,Apartment,Kottayam,2,12,Plastic bottle,1-3,Never,500g_1kg,worm_compost,monthly,2,3-5,store,2,1,14.15,0
user1747@gmail.com,4-5,Apartment,Palakkad,4,15,Loose / refill,4-7,Never,500g_1kg,home_compost,weekly,1,1-2,trash,2,0,27.77,0
user1748@gmail.com,4-5,Apartment,Ernakulam,3,14,Loose / refill,7+,Always,500g_1kg,home_compost,daily,0,1-2,recycle,2,0,7.62,0
user1751@gmail.com,4-5,Small house,Wayanad,4,11,Loose / refill,7+,Never,500g_1kg,collector,weekly,2,6+,recycle,2,2,15.17,0
user1752@gmail.com,4-5,Apartment,Malappuram,2,12,Plastic bottle,1-3,Never,500g_1kg,mixed,monthly,2,3-5,store,2,1,14.15,0
user1753@gmail.com,2-3,Apartment,Kasaragod,1,9,Plastic bottle,4-7,Always,250g_500g,biomethanation,daily,0,none,trash,1,3,27.11,0
user1754@gmail.com,2-3,Small house,Kannur,2,14,Plastic bottle,1-3,Sometimes,250g_500g,collector,no,3,1-2,sell,1,0,21.41,0
user1755@gmail.com,4-5,Large house,Pathanamthitta,4,12,Plastic bottle,,Never,500g_1kg,home_compost,monthly,2,1-2,sell,2,0,29.61,0
user1756@gmail.com,4-5,Large house,Kasaragod,3,4,Plastic bottle,4-7,Never,500g_1kg,mixed,daily,0,1-2,recycle,2,0,12.77,0
user1757@gmail.com,2-3,Apartment,Idukki,3,9,Plastic packet,7+,Never,250g_500g,collector,daily,2,1-2,trash,1,0,20.28,0
user1760@gmail.com,2-3,Apartment,Thrissur,2,10,Loose / refill,4-7,Sometimes,250g_500g,worm_compost,monthly,1,none,recycle,1,3,21.02,0
user1761@gmail.com,2-3,Apartment,Kannur,1,5,Plastic bottle,7+,Sometimes,250g_500g,mixed,weekly,4,1-2,sell,1,0,49.12,0
user1762@gmail.com,2-3,Apartment,Thrissur,2,5,Loose / refill,,Never,250g_500g,mixed,weekly,2,1-2,sell,1,0,23.68,0
user1763@gmail.com,6+,Large house,Kollam,6,10,Loose / refill,1-3,Sometimes,more_1kg,worm_compost,no,0,3-5,sell,3,1,66.06,0
user1764@gmail.com,2-3,Apartment,Thrissur,1,14,Plastic packet,,Never,250g_500g,home_compost,weekly,3,1-2,sell,1,0,29.04,0
user1765@gmail.com,1,Large house,Kottayam,1,5,Plastic packet,1-3,Always,less_250g,home_compost,no,4,6+,trash,0,2,64.08,0
user1766@gmail.com,2-3,Large house,Kasaragod,2,18,Plastic packet,,Always,250g_500g,worm_compost,weekly,3,none,store,1,3,29.51,0
user1767@gmail.com,2-3,Large house,Kozhikode,3,10,Plastic bottle,,Never,250g_500g,biomethanation,weekly,4,6+,recycle,1,2,22.88,0
user1768@gmail.com,4-5,Small house,Kollam,2,19,Plastic packet,4-7,Sometimes,500g_1kg,biomethanation,weekly,3,none,sell,2,3,39.74,0
user1770@gmail.com,2-3,Apartment,Wayanad,1,8,Loose / refill,1-3,Sometimes,250g_500g,community,weekly,1,3-5,trash,1,1,14.72,0
user1771@gmail.com,4-5,Large house,Kannur,2,10,Plastic bottle,,Sometimes,500g_1kg,biomethanation,daily,1,1-2,trash,2,0,17.26,0
user1772@gmail.com,2-3,Apartment,Idukki,3,8,Loose / refill,4-7,Always,250g_500g,home_compost,weekly,4,6+,recycle,1,2,24.98,0
user1773@gmail.com,2-3,Apartment,Pathanamthitta,1,11,Plastic packet,4-7,Never,250g_500g,collector,weekly,4,none,sell,1,3,44.8,0
user1774@gmail.com,4-5,Apartment,Pathanamthitta,3,10,Plastic packet,,Sometimes,500g_1kg,biomethanation,no,2,6+,sell,2,2,9.79,0
user1775@gmail.com,2-3,Small house,Idukki,1,14,Loose / refill,1-3,Always,250g_500g,community,no,4,6+,sell,1,2,36.51,0
user1776@gmail.com,1,Large house,Ernakulam,1,18,Plastic packet,,Sometimes,less_250g,community,weekly,0,3-5,recycle,0,1,50.8,0
user1777@gmail.com,1,Apartment,Kozhikode,1,8,Loose / refill,7+,Always,less_250g,home_compost,no,4,1-2,sell,0,0,64.72,0
user1778@gmail.com,4-5,Apartment,Alappuzha,3,18,Plastic packet,7+,Always,500g_1kg,biomethanation,monthly,2,6+,recycle,2,2,17.25,0
user1779@gmail.com,2-3,Large house,Palakkad,3,7,Plastic packet,1-3,Sometimes,250g_500g,home_compost,no,3,1-2,recycle,1,0,28.65,0
user1780@gmail.com,2-3,Large house,Kasaragod,3,18,Plastic bottle,4-7,Never,250g_500g,worm_compost,daily,2,3-5,sell,1,1,12.95,0
user1781@gmail.com,1,Large house,Kottayam,0,13,Loose / refill,1-3,Always,less_250g,home_compost,monthly,0,6+,recycle,0,2,67.87,0
user1782@gmail.com,2-3,Large house,Kottayam,1,5,Loose / refill,1-3,Always,250g_500g,biomethanation,daily,1,6+,trash,1,2,22.11,0
user1783@gmail.com,4-5,Small house,Kottayam,3,6,Plastic packet,,Never,500g_1kg,worm_compost,daily,4,none,trash,2,3,39.16,0
user1784@gmail.com,2-3,Apartment,Ernakulam,1,17,Plastic bottle,1-3,Never,250g_500g,home_compost,monthly,3,1-2,recycle,1,0,38.05,0
user1785@gmail.com,6+,Apartment,Kozhikode,4,8,Loose / refill,7+,Never,more_1kg,home_compost,no,4,1-2,recycle,3,0,66.65,0
user1786@gmail.com,4-5,Small house,Alappuzha,3,16,Plastic bottle,4-7,Always,500g_1kg,home_compost,weekly,0,6+,sell,2,2,18.19,0
user1787@gmail.com,2-3,Small house,Kasaragod,3,7,Plastic bottle,7+,Always,250g_500g,mixed,monthly,1,3-5,recycle,1,1,8.45,0
user1788@gmail.com,4-5,Apartment,Wayanad,2,20,Plastic bottle,7+,Never,500g_1kg,biomethanation,daily,2,1-2,store,2,0,46.85,0
user1789@gmail.com,6+,Small house,Kasaragod,5,13,Loose / refill,7+,Always,more_1kg,worm_compost,weekly,3,1-2,recycle,3,0,66.52,0
user1790@gmail.com,1,Apartment,Kollam,1,12,Plastic packet,,Never,less_250g,worm_compost,daily,0,3-5,sell,0,1,44.4,0
user1791@gmail.com,2-3,Small house,Kottayam,2,15,Loose / refill,7+,Always,250g_500g,mixed,monthly,0,none,store,1,3,24.1,0
user1792@gmail.com,4-5,Apartment,Idukki,2,3,Plastic packet,1-3,Sometimes,500g_1kg,collector,weekly,0,3-5,sell,2,1,21.95,0
user1793@gmail.com,4-5,Small house,Palakkad,2,12,Plastic bottle,7+,Never,500g_1kg,collector,no,3,none,trash,2,3,26.67,0
user1794@gmail.com,2-3,Apartment,Idukki,1,3,Plastic packet,7+,Never,250g_500g,collector,daily,1,6+,sell,1,2,31.8,0
user1795@gmail.com,2-3,Small house,Malappuram,2,10,Plastic packet,,Never,250g_500g,home_compost,weekly,2,6+,recycle,1,2,13.16,0
user1796@gmail.com,2-3,Apartment,Palakkad,3,17,Plastic packet,,Never,250g_500g,biomethanation,no,1,3-5,store,1,1,12.67,0
user1797@gmail.com,2-3,Apartment,Kannur,1,13,Plastic bottle,7+,Sometimes,250g_500g,home_compost,monthly,3,none,trash,1,3,33.8,0
user1798@gmail.com,6+,Large house,Ernakulam,4,8,Plastic bottle,,Sometimes,more_1kg,collector,daily,1,6+,sell,3,2,46.61,0
user1799@gmail.com,4-5,Small house,Thiruvananthapuram,4,8,Loose / refill,,Never,500g_1kg,community,monthly,3,3-5,recycle,2,1,31.25,0
user1800@gmail.com,6+,Apartment,Ernakulam,3,15,Loose / refill,1-3,Always,more_1kg,community,monthly,2,3-5,trash,3,1,47.52,0
user1801@gmail.com,1,Small house,Kottayam,0,8,Plastic packet,,Never,less_250g,mixed,no,0,3-5,store,0,1,62.87,0
user1802@gmail.com,2-3,Large house,Kasaragod,1,9,Plastic bottle,1-3,Always,250g_500g,collector,daily,3,none,store,1,3,35.84,0
user1803@gmail.com,2-3,Apartment,Pathanamthitta,3,10,Plastic bottle,,Never,250g_500g,community,daily,4,3-5,sell,1,1,23.79,0
user1804@gmail.com,2-3,Apartment,Kozhikode,1,7,Plastic packet,,Sometimes,250g_500g,collector,weekly,2,3-5,recycle,1,1,19.25,0
user1805@gmail.com,4-5,Apartment,Palakkad,3,4,Loose / refill,1-3,Never,500g_1kg,biomethanation,daily,3,6+,sell,2,2,17.84,0
user1806@gmail.com,4-5,Apartment,Idukki,2,17,Plastic packet,4-7,Sometimes,500g_1kg,home_compost,no,4,6+,store,2,2,38.61,0
user1807@gmail.com,2-3,Small house,Idukki,2,17,Loose / refill,7+,Always,250g_500g,biomethanation,monthly,0,3-5,sell,1,1,13.16,0
user1808@gmail.com,2-3,Apartment,Kollam,1,8,Plastic bottle,1-3,Always,250g_500g,worm_compost,daily,3,3-5,trash,1,1,24.32,0
user1809@gmail.com,2-3,Large house,Wayanad,2,8,Loose / refill,,Never,250g_500g,collector,no,0,3-5,recycle,1,1,4.14,0
user1810@gmail.com,1,Apartment,Malappuram,1,16,Plastic packet,,Sometimes,less_250g,mixed,monthly,0,none,sell,0,3,69.42,0
user1811@gmail.com,2-3,Small house,Malappuram,2,7,Plastic bottle,1-3,Never,250g_500g,community,weekly,1,1-2,recycle,1,0,12.17,0
user1812@gmail.com,2-3,Small house,Kannur,3,15,Plastic bottle,1-3,Always,250g_500g,mixed,weekly,4,3-5,trash,1,1,27.7,0
user1813@gmail.com,6+,Large house,Kasaragod,4,11,Plastic bottle,1-3,Sometimes,more_1kg,worm_compost,no,3,1-2,store,3,0,54.61,0
user1814@gmail.com,1,Small house,Kottayam,1,3,Plastic bottle,4-7,Sometimes,less_250g,biomethanation,weekly,1,6+,store,0,2,63.11,0
user1815@gmail.com,2-3,Small house,Kottayam,3,14,Plastic bottle,1-3,Always,250g_500g,home_compost,no,2,none,recycle,1,3,21.7,0
user1816@gmail.com,4-5,Large house,Thiruvananthapuram,2,4,Plastic packet,7+,Sometimes,500g_1kg,worm_compost,weekly,4,6+,sell,2,2,33.79,0
user1817@gmail.com,2-3,Small house,Idukki,2,16,Loose / refill,1-3,Sometimes,250g_500g,biomethanation,no,1,1-2,trash,1,0,18.34,0
user1818@gmail.com,2-3,Large house,Kozhikode,1,6,Plastic packet,7+,Always,250g_500g,collector,monthly,0,6+,recycle,1,2,20.58,0
user1819@gmail.com,2-3,Small house,Malappuram,1,2,Plastic bottle,,Always,250g_500g,home_compost,weekly,0,3-5,recycle,1,1,31.07,0
user1820@gmail.com,2-3,Apartment,Kollam,2,15,Plastic bottle,1-3,Never,250g_500g,collector,no,1,none,sell,1,3,20.22,0
user1821@gmail.com,4-5,Small house,Thiruvananthapuram,3,5,Plastic bottle,4-7,Never,500g_1kg,worm_compost,no,1,1-2,trash,2,0,15.31,0
user1822@gmail.com,2-3,Large house,Palakkad,2,9,Plastic bottle,,Sometimes,250g_500g,mixed,no,0,1-2,store,1,0,9.62,0
user1823@gmail.com,2-3,Small house,Pathanamthitta,3,10,Plastic bottle,4-7,Always,250g_500g,collector,monthly,4,3-5,recycle,1,1,23.79,0
user1824@gmail.com,2-3,Small house,Kannur,1,18,Loose / refill,,Sometimes,250g_500g,collector,no,1,1-2,sell,1,0,31.82,0
user1825@gmail.com,2-3,Apartment,Alappuzha,1,8,Loose / refill,4-7,Never,250g_500g,home_compost,weekly,2,none,sell,1,3,36.48,0
user1826@gmail.com,2-3,Large house,Wayanad,2,16,Plastic bottle,1-3,Always,250g_500g,home_compost,no,4,3-5,sell,1,1,32.87,0
user1827@gmail.com,4-5,Large house,Kasaragod,4,13,Plastic bottle,1-3,Sometimes,500g_1kg,mixed,weekly,2,3-5,store,2,1,18.31,0
user1828@gmail.com,4-5,Large house,Malappuram,2,15,Plastic packet,1-3,Never,500g_1kg,biomethanation,daily,4,1-2,sell,2,0,36.51,0
user1829@gmail.com,2-3,Small house,Kollam,3,14,Loose / refill,4-7,Always,250g_500g,community,monthly,1,none,sell,1,3,22.8,0
user1830@gmail.com,4-5,Large house,Idukki,2,5,Loose / refill,,Sometimes,500g_1kg,home_compost,daily,2,none,store,2,3,36.95,0
user1831@gmail.com,4-5,Apartment,Ernakulam,3,15,Plastic bottle,,Always,500g_1kg,biomethanation,no,3,1-2,recycle,2,0,22.36,0
user1832@gmail.com,2-3,Apartment,Ernakulam,3,14,Plastic bottle,7+,Never,250g_500g,community,no,3,6+,sell,1,2,18.17,0
user1833@gmail.com,2-3,Apartment,Kasaragod,1,17,Loose / refill,7+,Never,250g_500g,collector,monthly,4,1-2,recycle,1,0,49.36,0
user1835@gmail.com,2-3,Small house,Thrissur,2,18,Plastic bottle,4-7,Always,250g_500g,mixed,no,0,3-5,store,1,1,13.41,0
user1836@gmail.com,4-5,Large house,Palakkad,3,20,Plastic packet,1-3,Always,500g_1kg,biomethanation,no,3,none,recycle,2,3,38.83,0
user1837@gmail.com,2-3,Apartment,Kasaragod,3,7,Plastic bottle,,Sometimes,250g_500g,mixed,monthly,0,6+,trash,1,2,11.77,0
user1838@gmail.com,1,Apartment,Thiruvananthapuram,1,15,Plastic bottle,1-3,Sometimes,less_250g,home_compost,monthly,1,3-5,sell,0,1,41.83,0
user1840@gmail.com,2-3,Small house,Alappuzha,1,4,Loose / refill,4-7,Always,250g_500g,mixed,no,3,1-2,store,1,0,41.83,0
user1841@gmail.com,2-3,Large house,Idukki,1,15,Plastic bottle,,Always,250g_500g,worm_compost,daily,4,6+,recycle,1,2,37.94,0
user1842@gmail.com,2-3,Small house,Kozhikode,3,8,Loose / refill,4-7,Never,250g_500g,community,monthly,3,3-5,recycle,1,1,19.79,0
user1843@gmail.com,4-5,Apartment,Ernakulam,3,8,Plastic packet,4-7,Never,500g_1kg,community,weekly,4,3-5,recycle,2,1,30.03,0
user1844@gmail.com,4-5,Apartment,Pathanamthitta,2,3,Plastic bottle,4-7,Always,500g_1kg,mixed,monthly,4,1-2,sell,2,0,55.43,0
user1845@gmail.com,4-5,Large house,Kozhikode,3,13,Plastic bottle,4-7,Never,500g_1kg,worm_compost,monthly,2,6+,recycle,2,2,10.35,0
user1846@gmail.com,6+,Apartment,Idukki,3,10,Plastic bottle,7+,Sometimes,more_1kg,mixed,monthly,3,3-5,recycle,3,1,45.27,0
user1847@gmail.com,2-3,Apartment,Kollam,3,10,Plastic bottle,4-7,Never,250g_500g,worm_compost,monthly,2,6+,store,1,2,12.15,0
user1848@gmail.com,6+,Apartment,Kozhikode,5,14,Plastic bottle,7+,Sometimes,more_1kg,worm_compost,weekly,3,3-5,sell,3,1,62.57,0
user1849@gmail.com,4-5,Small house,Thrissur,2,12,Plastic bottle,1-3,Sometimes,500g_1kg,worm_compost,monthly,0,1-2,trash,2,0,11.98,0
user1850@gmail.com,6+,Large house,Palakkad,3,17,Plastic packet,,Sometimes,more_1kg,community,daily,0,none,trash,3,3,60.8,0
user1851@gmail.com,4-5,Apartment,Wayanad,3,6,Loose / refill,7+,Sometimes,500g_1kg,community,monthly,2,6+,sell,2,2,10.95,0
user1852@gmail.com,4-5,Small house,Wayanad,3,9,Plastic bottle,,Never,500g_1kg,collector,no,0,none,store,2,3,19.9,0
user1853@gmail.com,4-5,Large house,Kollam,4,6,Loose / refill,,Always,500g_1kg,community,monthly,2,1-2,trash,2,0,34.09,0
user1854@gmail.com,4-5,Small house,Palakkad,3,5,Plastic packet,,Sometimes,500g_1kg,collector,weekly,1,6+,recycle,2,2,9.63,0
user1855@gmail.com,2-3,Apartment,Kottayam,1,10,Plastic bottle,4-7,Sometimes,250g_500g,home_compost,daily,0,3-5,recycle,1,1,13.53,0
user1856@gmail.com,4-5,Small house,Ernakulam,2,20,Plastic bottle,4-7,Sometimes,500g_1kg,home_compost,daily,1,6+,trash,2,2,37.8,0
user1857@gmail.com,2-3,Apartment,Thrissur,1,17,Loose / refill,,Sometimes,250g_500g,mixed,monthly,4,3-5,trash,1,1,42.8,0
user1858@gmail.com,4-5,Small house,Alappuzha,4,8,Plastic packet,4-7,Always,500g_1kg,community,no,1,1-2,sell,2,0,25.24,0
user1859@gmail.com,6+,Large house,Kannur,4,3,Plastic packet,7+,Never,more_1kg,collector,weekly,3,3-5,recycle,3,1,56.71,0
user1860@gmail.com,6+,Apartment,Kasaragod,4,10,Loose / refill,,Never,more_1kg,biomethanation,monthly,4,3-5,store,3,1,60.08,0
user1861@gmail.com,2-3,Apartment,Malappuram,3,5,Loose / refill,7+,Always,250g_500g,collector,weekly,1,none,store,1,3,27.69,0
user1862@gmail.com,4-5,Small house,Idukki,3,10,Plastic packet,4-7,Never,500g_1kg,worm_compost,daily,1,none,store,2,3,16.14,0
user1863@gmail.com,2-3,Apartment,Malappuram,3,8,Loose / refill,,Never,250g_500g,collector,monthly,4,none,recycle,1,3,39.89,0
user1864@gmail.com,2-3,Large house,Thiruvananthapuram,2,6,Plastic bottle,1-3,Always,250g_500g,biomethanation,weekly,3,1-2,sell,1,0,26.33,0
user1865@gmail.com,2-3,Small house,Ernakulam,2,18,Plastic bottle,,Sometimes,250g_500g,collector,no,0,1-2,recycle,1,0,25.69,0
user1866@gmail.com,4-5,Large house,Pathanamthitta,4,7,Loose / refill,,Sometimes,500g_1kg,biomethanation,weekly,2,6+,sell,2,2,18.31,0
user1867@gmail.com,2-3,Small house,Malappuram,2,20,Plastic packet,7+,Sometimes,250g_500g,community,no,2,3-5,trash,1,1,28.13,0
user1868@gmail.com,2-3,Small house,Ernakulam,1,19,Plastic bottle,,Never,250g_500g,home_compost,daily,3,1-2,store,1,0,45.43,0
user1869@gmail.com,2-3,Large house,Malappuram,1,8,Plastic packet,7+,Always,250g_500g,worm_compost,daily,0,6+,sell,1,2,18.64,0
user1870@gmail.com,4-5,Apartment,Malappuram,2,13,Loose / refill,4-7,Always,500g_1kg,worm_compost,monthly,2,1-2,sell,2,0,23.91,0
user1871@gmail.com,4-5,Large house,Kottayam,3,7,Plastic packet,7+,Never,500g_1kg,mixed,monthly,0,none,trash,2,3,22.64,0
user1872@gmail.com,2-3,Apartment,Thrissur,3,19,Plastic bottle,4-7,Always,250g_500g,worm_compost,no,2,none,trash,1,3,31.48,0
user1873@gmail.com,6+,Large house,Kollam,4,16,Loose / refill,7+,Always,more_1kg,collector,weekly,2,3-5,sell,3,1,48.17,0
user1874@gmail.com,1,Apartment,Thiruvananthapuram,0,11,Loose / refill,,Sometimes,less_250g,collector,weekly,4,6+,recycle,0,2,69.74,0
user1875@gmail.com,2-3,Apartment,Palakkad,1,15,Plastic packet,4-7,Sometimes,250g_500g,collector,no,2,1-2,sell,1,0,28.45,0
user1876@gmail.com,4-5,Large house,Thiruvananthapuram,2,10,Plastic bottle,4-7,Sometimes,500g_1kg,home_compost,weekly,3,none,trash,2,3,27.52,0
user1879@gmail.com,2-3,Large house,Idukki,3,12,Plastic bottle,4-7,Never,250g_500g,worm_compost,daily,0,none,store,1,3,22.98,0
user1880@gmail.com,2-3,Apartment,Malappuram,3,10,Plastic packet,7+,Sometimes,250g_500g,worm_compost,monthly,1,3-5,trash,1,1,8.59,0
user1881@gmail.com,1,Apartment,Kannur,1,15,Loose / refill,1-3,Never,less_250g,collector,monthly,1,1-2,recycle,0,0,45.75,0
user1883@gmail.com,4-5,Apartment,Idukki,2,7,Plastic bottle,1-3,Always,500g_1kg,mixed,monthly,4,6+,recycle,2,2,30.1,0
user1884@gmail.com,4-5,Apartment,Pathanamthitta,3,17,Plastic bottle,4-7,Always,500g_1kg,mixed,no,1,none,recycle,2,3,22.6,0
user1885@gmail.com,2-3,Apartment,Kozhikode,1,3,Plastic packet,7+,Never,250g_500g,biomethanation,no,3,none,recycle,1,3,53.16,0
user1886@gmail.com,2-3,Large house,Kottayam,1,16,Plastic packet,1-3,Always,250g_500g,biomethanation,no,0,none,store,1,3,29.51,0
user1887@gmail.com,1,Small house,Ernakulam,1,9,Plastic bottle,1-3,Always,less_250g,collector,no,2,1-2,trash,0,0,52.32,0
user1888@gmail.com,2-3,Apartment,Kozhikode,1,17,Plastic bottle,4-7,Sometimes,250g_500g,mixed,weekly,2,6+,sell,1,2,26.15,0
user1889@gmail.com,4-5,Small house,Alappuzha,2,4,Loose / refill,,Sometimes,500g_1kg,mixed,weekly,1,3-5,sell,2,1,20.92,0
user1890@gmail.com,2-3,Small house,Malappuram,2,11,Plastic bottle,4-7,Always,250g_500g,worm_compost,daily,3,1-2,recycle,1,0,21.8,0
user1891@gmail.com,4-5,Small house,Kollam,3,7,Loose / refill,7+,Always,500g_1kg,biomethanation,weekly,4,1-2,store,2,0,36.77,0
user1892@gmail.com,4-5,Large house,Palakkad,2,9,Plastic packet,1-3,Sometimes,500g_1kg,collector,no,3,3-5,recycle,2,1,21.72,0
user1893@gmail.com,4-5,Large house,Malappuram,3,7,Plastic packet,7+,Always,500g_1kg,community,monthly,3,none,sell,2,3,23.75,0
user1894@gmail.com,4-5,Large house,Pathanamthitta,2,14,Plastic packet,1-3,Sometimes,500g_1kg,biomethanation,weekly,0,3-5,trash,2,1,9.97,0
user1895@gmail.com,4-5,Apartment,Thrissur,2,20,Loose / refill,1-3,Always,500g_1kg,collector,weekly,0,3-5,sell,2,1,35.72,0
user1896@gmail.com,4-5,Small house,Idukki,3,13,Loose / refill,,Never,500g_1kg,home_compost,no,1,none,sell,2,3,15.99,0
user1897@gmail.com,2-3,Small house,Alappuzha,1,7,Plastic bottle,1-3,Always,250g_500g,biomethanation,weekly,1,1-2,trash,1,0,19.94,0
user1898@gmail.com,4-5,Apartment,Kozhikode,4,7,Plastic bottle,7+,Never,500g_1kg,biomethanation,daily,2,3-5,store,2,1,25.38,0
user1899@gmail.com,4-5,Large house,Malappuram,4,14,Loose / refill,1-3,Always,500g_1kg,mixed,monthly,3,1-2,trash,2,0,30.47,0
user1900@gmail.com,6+,Large house,Alappuzha,4,18,Plastic bottle,1-3,Always,more_1kg,collector,weekly,4,none,sell,3,3,66.39,0
user1901@gmail.com,2-3,Large house,Idukki,3,4,Plastic bottle,,Sometimes,250g_500g,collector,no,1,none,trash,1,3,36.13,0
user1902@gmail.com,2-3,Large house,Wayanad,1,5,Loose / refill,,Always,250g_500g,worm_compost,no,1,3-5,recycle,1,1,18.62,0
user1903@gmail.com,2-3,Apartment,Ernakulam,2,17,Plastic packet,,Never,250g_500g,worm_compost,weekly,4,none,trash,1,3,41.38,0
user1904@gmail.com,1,Large house,Wayanad,1,16,Loose / refill,7+,Always,less_250g,home_compost,monthly,1,3-5,store,0,1,42.37,0
user1905@gmail.com,2-3,Large house,Palakkad,1,4,Plastic packet,4-7,Sometimes,250g_500g,worm_compost,daily,4,3-5,trash,1,1,41.83,0
user1906@gmail.com,4-5,Apartment,Kollam,4,11,Plastic packet,4-7,Never,500g_1kg,mixed,daily,3,1-2,recycle,2,0,33.87,0
user1907@gmail.com,2-3,Small house,Palakkad,1,20,Plastic packet,7+,Never,250g_500g,worm_compost,monthly,2,none,store,1,3,46.35,0
user1909@gmail.com,6+,Large house,Malappuram,5,11,Plastic packet,,Sometimes,more_1kg,collector,no,1,none,trash,3,3,69.54,0
user1910@gmail.com,4-5,Small house,Kozhikode,2,9,Plastic bottle,1-3,Never,500g_1kg,biomethanation,no,4,3-5,sell,2,1,35.01,0
user1911@gmail.com,4-5,Apartment,Kannur,4,16,Plastic packet,4-7,Never,500g_1kg,mixed,monthly,2,6+,trash,2,2,21.95,0
user1912@gmail.com,2-3,Small house,Alappuzha,3,20,Loose / refill,4-7,Never,250g_500g,community,daily,4,none,sell,1,3,55.26,0
user1913@gmail.com,2-3,Small house,Kasaragod,2,11,Plastic bottle,1-3,Sometimes,250g_500g,home_compost,no,1,6+,trash,1,2,4.28,0
user1914@gmail.com,2-3,Apartment,Wayanad,2,12,Loose / refill,,Sometimes,250g_500g,worm_compost,weekly,2,none,trash,1,3,18.1,0
user1915@gmail.com,4-5,Apartment,Pathanamthitta,4,9,Plastic bottle,1-3,Always,500g_1kg,mixed,daily,3,3-5,sell,2,1,29.61,0
user1916@gmail.com,2-3,Large house,Malappuram,3,20,Plastic packet,4-7,Sometimes,250g_500g,community,weekly,2,3-5,trash,1,1,26.58,0
user1918@gmail.com,2-3,Small house,Kasaragod,1,3,Plastic bottle,,Sometimes,250g_500g,community,monthly,0,6+,sell,1,2,34.53,0
user1919@gmail.com,2-3,Small house,Thiruvananthapuram,2,15,Plastic packet,4-7,Never,250g_500g,worm_compost,weekly,3,1-2,recycle,1,0,22.87,0
user1920@gmail.com,2-3,Apartment,Kannur,3,4,Loose / refill,,Sometimes,250g_500g,worm_compost,no,2,none,store,1,3,35.77,0
user1921@gmail.com,4-5,Large house,Kasaragod,4,19,Loose / refill,4-7,Never,500g_1kg,worm_compost,monthly,2,1-2,sell,2,0,41.72,0
user1922@gmail.com,1,Large house,Kasaragod,0,13,Plastic packet,1-3,Sometimes,less_250g,biomethanation,weekly,3,6+,trash,0,2,64.3,0
user1923@gmail.com,4-5,Apartment,Wayanad,3,6,Plastic bottle,,Never,500g_1kg,community,monthly,1,6+,sell,2,2,7.09,0
user1924@gmail.com,4-5,Apartment,Kollam,4,16,Plastic bottle,1-3,Always,500g_1kg,mixed,monthly,1,1-2,recycle,2,0,27.06,0
user1925@gmail.com,2-3,Large house,Ernakulam,1,3,Loose / refill,,Sometimes,250g_500g,home_compost,monthly,1,6+,recycle,1,2,31.8,0
user1926@gmail.com,6+,Large house,Thrissur,3,14,Plastic packet,4-7,Never,more_1kg,biomethanation,daily,0,1-2,recycle,3,0,34.94,0
user1927@gmail.com,2-3,Apartment,Ernakulam,1,19,Loose / refill,,Sometimes,250g_500g,home_compost,weekly,0,none,trash,1,3,41.64,0
user1928@gmail.com,1,Small house,Wayanad,1,12,Plastic packet,,Sometimes,less_250g,worm_compost,daily,1,none,trash,0,3,63.56,0
user1929@gmail.com,4-5,Small house,Wayanad,3,20,Plastic bottle,7+,Never,500g_1kg,community,weekly,1,1-2,sell,2,0,37.42,0
user1930@gmail.com,6+,Large house,Alappuzha,3,8,Plastic bottle,4-7,Sometimes,more_1kg,mixed,weekly,0,none,sell,3,3,47.51,0
user1931@gmail.com,4-5,Apartment,Kozhikode,4,14,Plastic packet,7+,Sometimes,500g_1kg,mixed,no,1,6+,sell,2,2,16.96,0
user1932@gmail.com,4-5,Small house,Wayanad,2,18,Plastic bottle,7+,Sometimes,500g_1kg,biomethanation,no,1,3-5,sell,2,1,20.57,0
user1933@gmail.com,4-5,Apartment,Thrissur,3,3,Plastic bottle,7+,Never,500g_1kg,mixed,daily,2,6+,sell,2,2,23.65,0
user1934@gmail.com,4-5,Apartment,Kollam,2,8,Plastic bottle,,Always,500g_1kg,worm_compost,monthly,4,none,store,2,3,43.82,0
user1935@gmail.com,4-5,Apartment,Wayanad,4,19,Plastic bottle,1-3,Always,500g_1kg,home_compost,monthly,4,6+,trash,2,2,43.11,0
user1936@gmail.com,2-3,Large house,Thrissur,3,5,Plastic bottle,1-3,Never,250g_500g,community,weekly,1,1-2,sell,1,0,20.69,0
user1938@gmail.com,2-3,Small house,Alappuzha,1,2,Plastic packet,1-3,Always,250g_500g,home_compost,no,1,3-5,recycle,1,1,34.78,0
user1939@gmail.com,2-3,Apartment,Palakkad,2,17,Plastic packet,4-7,Sometimes,250g_500g,worm_compost,no,2,3-5,store,1,1,13.32,0
user1940@gmail.com,6+,Small house,Thrissur,6,8,Loose / refill,7+,Never,more_1kg,mixed,weekly,0,3-5,recycle,3,1,65.99,0
user1941@gmail.com,4-5,Apartment,Kannur,3,4,Plastic bottle,,Never,500g_1kg,biomethanation,monthly,0,6+,sell,2,2,16.17,0
user1942@gmail.com,4-5,Small house,Pathanamthitta,3,4,Plastic packet,4-7,Always,500g_1kg,worm_compost,no,4,1-2,sell,2,0,42.99,0
user1943@gmail.com,4-5,Apartment,Alappuzha,2,10,Plastic bottle,1-3,Never,500g_1kg,mixed,daily,0,3-5,sell,2,1,9.74,0
user1944@gmail.com,4-5,Large house,Idukki,2,16,Plastic bottle,1-3,Always,500g_1kg,collector,monthly,1,none,sell,2,3,28.46,0
user1945@gmail.com,2-3,Apartment,Kozhikode,2,15,Plastic packet,4-7,Always,250g_500g,home_compost,daily,1,3-5,store,1,1,7.06,0
user1946@gmail.com,2-3,Large house,Kozhikode,3,15,Plastic bottle,7+,Always,250g_500g,community,weekly,4,none,store,1,3,38.09,0
user1947@gmail.com,2-3,Apartment,Kasaragod,3,5,Plastic packet,,Sometimes,250g_500g,mixed,weekly,0,none,trash,1,3,30.48,0
user1948@gmail.com,2-3,Small house,Ernakulam,2,15,Plastic bottle,4-7,Always,250g_500g,community,no,4,6+,trash,1,2,28.76,0
user1949@gmail.com,6+,Small house,Thiruvananthapuram,5,5,Plastic packet,,Always,more_1kg,biomethanation,daily,0,6+,store,3,2,65.09,0
user1950@gmail.com,4-5,Small house,Idukki,2,10,Plastic packet,7+,Never,500g_1kg,worm_compost,no,1,1-2,recycle,2,0,17.26,0
user1951@gmail.com,2-3,Apartment,Ernakulam,3,14,Plastic bottle,,Never,250g_500g,collector,monthly,1,3-5,store,1,1,5.98,0
user1952@gmail.com,4-5,Apartment,Kottayam,3,14,Plastic bottle,7+,Sometimes,500g_1kg,biomethanation,no,2,3-5,sell,2,1,12.92,0
user1953@gmail.com,6+,Small house,Ernakulam,3,13,Plastic bottle,,Never,more_1kg,biomethanation,daily,3,1-2,store,3,0,49.36,0
user1954@gmail.com,1,Small house,Malappuram,1,16,Plastic packet,4-7,Sometimes,less_250g,biomethanation,no,1,1-2,recycle,0,0,47.59,0
user1955@gmail.com,1,Large house,Malappuram,1,13,Loose / refill,1-3,Always,less_250g,biomethanation,no,1,3-5,sell,0,1,39.45,0
user1956@gmail.com,4-5,Apartment,Kottayam,3,18,Plastic packet,7+,Sometimes,500g_1kg,biomethanation,weekly,2,1-2,store,2,0,27.0,0
user1957@gmail.com,2-3,Apartment,Palakkad,3,15,Plastic bottle,,Always,250g_500g,home_compost,daily,0,3-5,store,1,1,11.84,0
user1958@gmail.com,2-3,Apartment,Pathanamthitta,3,15,Plastic packet,1-3,Sometimes,250g_500g,biomethanation,no,3,6+,store,1,2,18.58,0
user1959@gmail.com,2-3,Large house,Kozhikode,1,7,Loose / refill,4-7,Sometimes,250g_500g,mixed,monthly,1,6+,store,1,2,18.46,0
user1960@gmail.com,4-5,Small house,Idukki,2,11,Plastic packet,,Always,500g_1kg,mixed,monthly,1,3-5,recycle,2,1,11.3,0
user1961@gmail.com,4-5,Apartment,Kozhikode,4,19,Plastic bottle,7+,Always,500g_1kg,worm_compost,no,0,1-2,trash,2,0,37.63,0
user1962@gmail.com,1,Apartment,Ernakulam,0,12,Plastic bottle,,Never,less_250g,biomethanation,no,0,1-2,recycle,0,0,67.15,0
user1963@gmail.com,4-5,Small house,Thrissur,4,16,Plastic bottle,,Always,500g_1kg,worm_compost,no,3,6+,recycle,2,2,27.08,0
user1964@gmail.com,6+,Apartment,Palakkad,4,4,Plastic packet,4-7,Never,more_1kg,worm_compost,monthly,0,3-5,sell,3,1,43.38,0
user1965@gmail.com,2-3,Small house,Kannur,1,17,Loose / refill,1-3,Sometimes,250g_500g,biomethanation,weekly,0,6+,sell,1,2,25.06,0
user1966@gmail.com,4-5,Apartment,Wayanad,4,4,Plastic bottle,4-7,Sometimes,500g_1kg,biomethanation,weekly,3,none,trash,2,3,41.59,0
user1967@gmail.com,4-5,Small house,Malappuram,2,5,Loose / refill,7+,Never,500g_1kg,community,weekly,4,none,trash,2,3,48.84,0
user1969@gmail.com,2-3,Apartment,Kozhikode,2,5,Plastic bottle,,Always,250g_500g,community,monthly,0,1-2,trash,1,0,13.14,0
user1971@gmail.com,4-5,Large house,Alappuzha,4,20,Loose / refill,7+,Never,500g_1kg,collector,no,1,6+,recycle,2,2,36.35,0
user1972@gmail.com,4-5,Apartment,Kottayam,2,13,Loose / refill,4-7,Never,500g_1kg,community,monthly,1,none,recycle,2,3,21.26,0
user1973@gmail.com,4-5,Apartment,Kannur,3,4,Plastic packet,4-7,Always,500g_1kg,worm_compost,weekly,2,1-2,trash,2,0,30.02,0
user1974@gmail.com,2-3,Small house,Ernakulam,3,16,Plastic packet,7+,Sometimes,250g_500g,community,daily,3,6+,recycle,1,2,19.11,0
user1975@gmail.com,2-3,Apartment,Wayanad,1,11,Plastic packet,7+,Sometimes,250g_500g,collector,daily,2,1-2,trash,1,0,20.9,0
user1976@gmail.com,2-3,Small house,Wayanad,3,16,Loose / refill,1-3,Sometimes,250g_500g,biomethanation,monthly,3,3-5,recycle,1,1,17.05,0
user1977@gmail.com,4-5,Small house,Kottayam,2,5,Plastic bottle,4-7,Never,500g_1kg,biomethanation,daily,3,1-2,sell,2,0,33.72,0
user1978@gmail.com,2-3,Apartment,Kollam,1,9,Loose / refill,1-3,Sometimes,250g_500g,biomethanation,monthly,0,1-2,recycle,1,0,14.99,0
user1979@gmail.com,4-5,Large house,Pathanamthitta,2,6,Plastic bottle,,Sometimes,500g_1kg,worm_compost,monthly,1,1-2,store,2,0,20.37,0
user1980@gmail.com,2-3,Small house,Kottayam,1,6,Plastic bottle,1-3,Sometimes,250g_500g,worm_compost,no,4,3-5,sell,1,1,37.95,0
user1981@gmail.com,6+,Apartment,Thrissur,5,18,Plastic bottle,7+,Always,more_1kg,biomethanation,monthly,2,6+,recycle,3,2,68.68,0
user1982@gmail.com,2-3,Apartment,Kollam,1,8,Plastic packet,4-7,Never,250g_500g,worm_compost,no,3,6+,sell,1,2,22.74,0
user1984@gmail.com,6+,Large house,Wayanad,5,16,Plastic packet,7+,Always,more_1kg,mixed,monthly,3,3-5,trash,3,1,66.29,0
user1985@gmail.com,2-3,Large house,Kasaragod,3,12,Loose / refill,4-7,Never,250g_500g,community,weekly,3,6+,recycle,1,2,13.63,0
user1986@gmail.com,2-3,Apartment,Thiruvananthapuram,3,2,Plastic packet,4-7,Never,250g_500g,community,weekly,4,1-2,trash,1,0,60.01,0
user1987@gmail.com,4-5,Small house,Idukki,2,15,Loose / refill,7+,Sometimes,500g_1kg,biomethanation,weekly,3,1-2,store,2,0,25.29,0
user1988@gmail.com,2-3,Large house,Kottayam,3,20,Loose / refill,,Never,250g_500g,mixed,monthly,1,none,store,1,3,43.07,0
user1990@gmail.com,4-5,Large house,Wayanad,3,14,Plastic bottle,7+,Never,500g_1kg,collector,monthly,0,1-2,sell,2,0,7.62,0
user1991@gmail.com,2-3,Apartment,Kannur,2,16,Plastic bottle,,Never,250g_500g,home_compost,monthly,0,1-2,store,1,0,17.18,0
user1992@gmail.com,4-5,Small house,Wayanad,3,13,Plastic packet,,Never,500g_1kg,collector,weekly,3,none,store,2,3,20.78,0
user1993@gmail.com,2-3,Small house,Kottayam,3,6,Loose / refill,,Never,250g_500g,mixed,weekly,0,3-5,store,1,1,5.85,0
user1994@gmail.com,2-3,Large house,Thiruvananthapuram,2,20,Plastic bottle,7+,Never,250g_500g,biomethanation,weekly,1,1-2,sell,1,0,39.2,0
user1995@gmail.com,4-5,Large house,Alappuzha,2,11,Loose / refill,4-7,Sometimes,500g_1kg,community,daily,1,1-2,sell,2,0,16.9,0
user1996@gmail.com,2-3,Apartment,Pathanamthitta,1,2,Loose / refill,7+,Never,250g_500g,biomethanation,weekly,1,6+,store,1,2,37.45,0
user1997@gmail.com,1,Large house,Ernakulam,0,17,Plastic bottle,7+,Sometimes,less_250g,community,weekly,3,6+,sell,0,2,66.28,0
user1998@gmail.com,4-5,Small house,Thiruvananthapuram,2,20,Plastic bottle,,Always,500g_1kg,home_compost,daily,0,3-5,trash,2,1,35.72,0
user1999@gmail.com,2-3,Large house,Thrissur,2,16,Loose / refill,4-7,Sometimes,250g_500g,home_compost,monthly,2,3-5,sell,1,1,11.64,0
user2000@gmail.com,2-3,Large house,Thiruvananthapuram,2,10,Loose / refill,1-3,Sometimes,250g_500g,collector,weekly,2,3-5,trash,1,1,11.27,0
