id,user_email,food_waste,compost,garden_waste
1,ckshanima2005@gmail.com,less_250g,home_compost,weekly
2,ckshanima2005@gmail.com,less_250g,home_compost,daily
3,ckshanima2005@gmail.com,250g_500g,home_compost,daily
4,ckshanima2005@gmail.com,250g_500g,home_compost,daily
5,user1@gmail.com,250g_500g,worm_compost,monthly
6,user2@gmail.com,250g_500g,collector,no
7,user3@gmail.com,500g_1kg,mixed,monthly
8,user4@gmail.com,500g_1kg,biomethanation,daily
9,user5@gmail.com,500g_1kg,worm_compost,monthly
10,user6@gmail.com,250g_500g,community,weekly
11,user7@gmail.com,250g_500g,mixed,monthly
12,user8@gmail.com,250g_500g,home_compost,weekly
13,user9@gmail.com,500g_1kg,home_compost,daily
14,user10@gmail.com,less_250g,worm_compost,daily
15,user11@gmail.com,more_1kg,mixed,daily
16,user12@gmail.com,500g_1kg,community,weekly
17,user13@gmail.com,250g_500g,collector,weekly
18,user14@gmail.com,500g_1kg,home_compost,daily
19,user15@gmail.com,500g_1kg,home_compost,monthly
20,user16@gmail.com,500g_1kg,community,weekly
21,user17@gmail.com,250g_500g,worm_compost,daily
22,user18@gmail.com,250g_500g,home_compost,daily
23,user19@gmail.com,250g_500g,home_compost,no
24,user20@gmail.com,500g_1kg,biomethanation,no
25,user21@gmail.com,less_250g,community,no
26,user22@gmail.com,250g_500g,community,no
27,user23@gmail.com,250g_500g,collector,weekly
28,user24@gmail.com,250g_500g,biomethanation,weekly
29,user25@gmail.com,500g_1kg,community,daily
30,user26@gmail.com,250g_500g,biomethanation,daily
31,user27@gmail.com,500g_1kg,community,no
32,user28@gmail.com,less_250g,worm_compost,no
33,user29@gmail.com,more_1kg,home_compost,weekly
34,user30@gmail.com,more_1kg,biomethanation,daily
35,user31@gmail.com,250g_500g,community,daily
36,user32@gmail.com,250g_500g,collector,daily
37,user33@gmail.com,500g_1kg,worm_compost,monthly
38,user34@gmail.com,500g_1kg,home_compost,daily
39,user35@gmail.com,250g_500g,home_compost,no
40,user36@gmail.com,less_250g,worm_compost,weekly
41,user37@gmail.com,500g_1kg,biomethanation,weekly
42,user38@gmail.com,500g_1kg,home_compost,monthly
43,user39@gmail.com,more_1kg,collector,no
44,user40@gmail.com,250g_500g,biomethanation,no
45,user41@gmail.com,250g_500g,collector,daily
46,user42@gmail.com,500g_1kg,home_compost,monthly
47,user43@gmail.com,less_250g,collector,no
48,user44@gmail.com,250g_500g,biomethanation,daily
49,user45@gmail.com,250g_500g,biomethanation,weekly
50,user46@gmail.com,250g_500g,home_compost,no
51,user47@gmail.com,250g_500g,worm_compost,weekly
52,user48@gmail.com,250g_500g,community,monthly
53,user49@gmail.com,250g_500g,mixed,daily
54,user50@gmail.com,more_1kg,mixed,no
55,user51@gmail.com,500g_1kg,mixed,monthly
56,user52@gmail.com,500g_1kg,mixed,weekly
57,user53@gmail.com,500g_1kg,collector,monthly
58,user54@gmail.com,less_250g,community,monthly
59,user55@gmail.com,250g_500g,home_compost,weekly
60,user56@gmail.com,500g_1kg,community,monthly
61,user57@gmail.com,more_1kg,biomethanation,monthly
62,user58@gmail.com,250g_500g,mixed,no
63,user59@gmail.com,500g_1kg,collector,no
64,user60@gmail.com,more_1kg,community,weekly
65,user61@gmail.com,500g_1kg,collector,daily
66,user62@gmail.com,250g_500g,community,weekly
67,user63@gmail.com,more_1kg,mixed,monthly
68,user64@gmail.com,250g_500g,worm_compost,daily
69,user65@gmail.com,250g_500g,mixed,daily
70,user66@gmail.com,less_250g,community,monthly
71,user67@gmail.com,more_1kg,home_compost,weekly
72,user68@gmail.com,250g_500g,community,weekly
73,user69@gmail.com,more_1kg,community,monthly
74,user70@gmail.com,more_1kg,biomethanation,weekly
75,user71@gmail.com,250g_500g,collector,weekly
76,user72@gmail.com,500g_1kg,home_compost,daily
77,user73@gmail.com,500g_1kg,mixed,monthly
78,user74@gmail.com,500g_1kg,home_compost,monthly
79,user75@gmail.com,less_250g,collector,daily
80,user76@gmail.com,250g_500g,home_compost,weekly
81,user77@gmail.com,500g_1kg,biomethanation,monthly
82,user78@gmail.com,more_1kg,biomethanation,daily
83,user79@gmail.com,250g_500g,biomethanation,monthly
84,user80@gmail.com,500g_1kg,mixed,weekly
85,user81@gmail.com,500g_1kg,community,no
86,user82@gmail.com,250g_500g,mixed,no
87,user83@gmail.com,less_250g,biomethanation,weekly
88,user84@gmail.com,less_250g,community,monthly
89,user85@gmail.com,250g_500g,home_compost,daily
90,user86@gmail.com,250g_500g,home_compost,weekly
91,user87@gmail.com,250g_500g,collector,no
92,user88@gmail.com,250g_500g,biomethanation,no
93,user89@gmail.com,250g_500g,mixed,no
94,user90@gmail.com,less_250g,biomethanation,weekly
95,user91@gmail.com,250g_500g,biomethanation,no
96,user92@gmail.com,500g_1kg,collector,no
97,user93@gmail.com,500g_1kg,community,weekly
98,user94@gmail.com,250g_500g,mixed,no
99,user95@gmail.com,500g_1kg,worm_compost,no
100,user96@gmail.com,250g_500g,collector,monthly
101,user97@gmail.com,more_1kg,mixed,no
102,user98@gmail.com,more_1kg,mixed,monthly
103,user99@gmail.com,500g_1kg,community,monthly
104,user100@gmail.com,more_1kg,mixed,monthly
105,user101@gmail.com,500g_1kg,community,monthly
106,user102@gmail.com,500g_1kg,worm_compost,daily
107,user103@gmail.com,more_1kg,worm_compost,no
108,user104@gmail.com,250g_500g,mixed,daily
109,user105@gmail.com,more_1kg,worm_compost,weekly
110,user106@gmail.com,more_1kg,community,monthly
111,user107@gmail.com,500g_1kg,mixed,weekly
112,user108@gmail.com,more_1kg,mixed,monthly
113,user109@gmail.com,250g_500g,collector,monthly
114,user110@gmail.com,less_250g,mixed,no
115,user111@gmail.com,less_250g,home_compost,weekly
116,user112@gmail.com,500g_1kg,worm_compost,weekly
117,user113@gmail.com,500g_1kg,collector,monthly
118,user114@gmail.com,250g_500g,community,monthly
119,user115@gmail.com,less_250g,home_compost,daily
120,user116@gmail.com,less_250g,worm_compost,weekly
121,user117@gmail.com,500g_1kg,community,no
122,user118@gmail.com,less_250g,collector,weekly
123,user119@gmail.com,500g_1kg,home_compost,daily
124,user120@gmail.com,500g_1kg,home_compost,weekly
125,user121@gmail.com,500g_1kg,biomethanation,monthly
126,user122@gmail.com,500g_1kg,mixed,no
127,user123@gmail.com,250g_500g,biomethanation,weekly
128,user124@gmail.com,more_1kg,home_compost,monthly
129,user125@gmail.com,500g_1kg,home_compost,weekly
130,user126@gmail.com,500g_1kg,community,no
131,user127@gmail.com,more_1kg,collector,daily
132,user128@gmail.com,250g_500g,collector,no
133,user129@gmail.com,500g_1kg,worm_compost,daily
134,user130@gmail.com,250g_500g,mixed,monthly
135,user131@gmail.com,250g_500g,community,no
136,user132@gmail.com,250g_500g,home_compost,daily
137,user133@gmail.com,500g_1kg,worm_compost,no
138,user134@gmail.com,500g_1kg,biomethanation,no
139,user135@gmail.com,250g_500g,community,weekly
140,user136@gmail.com,250g_500g,home_compost,weekly
141,user137@gmail.com,less_250g,worm_compost,no
142,user138@gmail.com,500g_1kg,community,weekly
143,user139@gmail.com,250g_500g,home_compost,daily
144,user140@gmail.com,250g_500g,biomethanation,daily
145,user141@gmail.com,less_250g,community,no
146,user142@gmail.com,less_250g,mixed,no
147,user143@gmail.com,500g_1kg,biomethanation,no
148,user144@gmail.com,more_1kg,worm_compost,daily
149,user145@gmail.com,250g_500g,home_compost,weekly
150,user146@gmail.com,250g_500g,worm_compost,no
151,user147@gmail.com,250g_500g,biomethanation,no
152,user148@gmail.com,250g_500g,worm_compost,daily
153,user149@gmail.com,500g_1kg,collector,weekly
154,user150@gmail.com,500g_1kg,mixed,daily
155,user151@gmail.com,250g_500g,worm_compost,no
156,user152@gmail.com,less_250g,mixed,monthly
157,user153@gmail.com,500g_1kg,home_compost,monthly
158,user154@gmail.com,more_1kg,worm_compost,daily
159,user155@gmail.com,500g_1kg,home_compost,daily
160,user156@gmail.com,500g_1kg,worm_compost,weekly
161,user157@gmail.com,250g_500g,collector,no
162,user158@gmail.com,500g_1kg,home_compost,daily
163,user159@gmail.com,250g_500g,community,daily
164,user160@gmail.com,more_1kg,community,weekly
165,user161@gmail.com,250g_500g,mixed,no
166,user162@gmail.com,500g_1kg,worm_compost,no
167,user163@gmail.com,250g_500g,home_compost,weekly
168,user164@gmail.com,more_1kg,collector,daily
169,user165@gmail.com,250g_500g,biomethanation,monthly
170,user166@gmail.com,250g_500g,biomethanation,monthly
171,user167@gmail.com,250g_500g,community,monthly
172,user168@gmail.com,250g_500g,worm_compost,daily
173,user169@gmail.com,more_1kg,home_compost,weekly
174,user170@gmail.com,less_250g,collector,weekly
175,user171@gmail.com,250g_500g,mixed,daily
176,user172@gmail.com,less_250g,mixed,monthly
177,user173@gmail.com,500g_1kg,worm_compost,weekly
178,user174@gmail.com,more_1kg,home_compost,weekly
179,user175@gmail.com,500g_1kg,worm_compost,weekly
180,user176@gmail.com,500g_1kg,mixed,weekly
181,user177@gmail.com,250g_500g,home_compost,no
182,user178@gmail.com,more_1kg,biomethanation,weekly
183,user179@gmail.com,500g_1kg,community,monthly
184,user180@gmail.com,250g_500g,community,no
185,user181@gmail.com,500g_1kg,collector,no
186,user182@gmail.com,250g_500g,mixed,no
187,user183@gmail.com,500g_1kg,collector,weekly
188,user184@gmail.com,250g_500g,mixed,daily
189,user185@gmail.com,500g_1kg,community,weekly
190,user186@gmail.com,250g_500g,home_compost,no
191,user187@gmail.com,500g_1kg,worm_compost,no
192,user188@gmail.com,more_1kg,collector,weekly
193,user189@gmail.com,more_1kg,collector,monthly
194,user190@gmail.com,500g_1kg,biomethanation,monthly
195,user191@gmail.com,500g_1kg,biomethanation,no
196,user192@gmail.com,250g_500g,community,monthly
197,user193@gmail.com,500g_1kg,home_compost,weekly
198,user194@gmail.com,500g_1kg,home_compost,monthly
199,user195@gmail.com,500g_1kg,community,daily
200,user196@gmail.com,500g_1kg,biomethanation,daily
201,user197@gmail.com,250g_500g,biomethanation,weekly
202,user198@gmail.com,500g_1kg,worm_compost,no
203,user199@gmail.com,250g_500g,community,weekly
204,user200@gmail.com,less_250g,collector,weekly
205,user201@gmail.com,more_1kg,home_compost,daily
206,user202@gmail.com,250g_500g,worm_compost,monthly
207,user203@gmail.com,more_1kg,home_compost,monthly
208,user204@gmail.com,less_250g,mixed,daily
209,user205@gmail.com,250g_500g,collector,weekly
210,user206@gmail.com,500g_1kg,worm_compost,monthly
211,user207@gmail.com,250g_500g,home_compost,weekly
212,user208@gmail.com,250g_500g,community,monthly
213,user209@gmail.com,250g_500g,biomethanation,daily
214,user210@gmail.com,250g_500g,worm_compost,weekly
215,user211@gmail.com,more_1kg,worm_compost,daily
216,user212@gmail.com,more_1kg,home_compost,monthly
217,user213@gmail.com,500g_1kg,home_compost,daily
218,user214@gmail.com,500g_1kg,worm_compost,weekly
219,user215@gmail.com,less_250g,mixed,monthly
220,user216@gmail.com,250g_500g,home_compost,daily
221,user217@gmail.com,250g_500g,worm_compost,no
222,user218@gmail.com,500g_1kg,mixed,weekly
223,user219@gmail.com,250g_500g,home_compost,no
224,user220@gmail.com,500g_1kg,biomethanation,no
225,user221@gmail.com,250g_500g,mixed,no
226,user222@gmail.com,500g_1kg,community,monthly
227,user223@gmail.com,more_1kg,community,daily
228,user224@gmail.com,500g_1kg,community,monthly
229,user225@gmail.com,more_1kg,home_compost,weekly
230,user226@gmail.com,250g_500g,biomethanation,weekly
231,user227@gmail.com,250g_500g,community,no
232,user228@gmail.com,less_250g,worm_compost,monthly
233,user229@gmail.com,250g_500g,mixed,no
234,user230@gmail.com,250g_500g,home_compost,monthly
235,user231@gmail.com,500g_1kg,mixed,weekly
236,user232@gmail.com,250g_500g,mixed,daily
237,user233@gmail.com,250g_500g,mixed,daily
238,user234@gmail.com,250g_500g,collector,monthly
239,user235@gmail.com,500g_1kg,community,weekly
240,user236@gmail.com,500g_1kg,mixed,daily
241,user237@gmail.com,more_1kg,collector,daily
242,user238@gmail.com,250g_500g,collector,monthly
243,user239@gmail.com,500g_1kg,community,no
244,user240@gmail.com,500g_1kg,community,daily
245,user241@gmail.com,250g_500g,collector,no
246,user242@gmail.com,500g_1kg,biomethanation,weekly
247,user243@gmail.com,250g_500g,home_compost,weekly
248,user244@gmail.com,250g_500g,mixed,weekly
249,user245@gmail.com,250g_500g,mixed,daily
250,user246@gmail.com,250g_500g,collector,daily
251,user247@gmail.com,500g_1kg,home_compost,daily
252,user248@gmail.com,more_1kg,mixed,no
253,user249@gmail.com,250g_500g,community,monthly
254,user250@gmail.com,500g_1kg,home_compost,no
255,user251@gmail.com,more_1kg,mixed,daily
256,user252@gmail.com,500g_1kg,biomethanation,monthly
257,user253@gmail.com,250g_500g,worm_compost,daily
258,user254@gmail.com,500g_1kg,community,monthly
259,user255@gmail.com,500g_1kg,worm_compost,monthly
260,user256@gmail.com,250g_500g,community,monthly
261,user257@gmail.com,500g_1kg,community,weekly
262,user258@gmail.com,250g_500g,biomethanation,daily
263,user259@gmail.com,250g_500g,mixed,monthly
264,user260@gmail.com,250g_500g,collector,daily
265,user261@gmail.com,more_1kg,mixed,monthly
266,user262@gmail.com,250g_500g,mixed,weekly
267,user263@gmail.com,250g_500g,collector,weekly
268,user264@gmail.com,more_1kg,community,daily
269,user265@gmail.com,500g_1kg,home_compost,monthly
270,user266@gmail.com,less_250g,worm_compost,no
271,user267@gmail.com,250g_500g,community,weekly
272,user268@gmail.com,500g_1kg,community,daily
273,user269@gmail.com,500g_1kg,biomethanation,no
274,user270@gmail.com,500g_1kg,mixed,no
275,user271@gmail.com,less_250g,collector,daily
276,user272@gmail.com,more_1kg,worm_compost,daily
277,user273@gmail.com,less_250g,collector,no
278,user274@gmail.com,more_1kg,collector,daily
279,user275@gmail.com,less_250g,home_compost,daily
280,user276@gmail.com,250g_500g,mixed,monthly
281,user277@gmail.com,less_250g,collector,daily
282,user278@gmail.com,500g_1kg,community,daily
283,user279@gmail.com,250g_500g,collector,weekly
284,user280@gmail.com,more_1kg,home_compost,monthly
285,user281@gmail.com,500g_1kg,community,monthly
286,user282@gmail.com,more_1kg,home_compost,no
287,user283@gmail.com,250g_500g,collector,no
288,user284@gmail.com,more_1kg,community,daily
289,user285@gmail.com,250g_500g,mixed,no
290,user286@gmail.com,500g_1kg,worm_compost,daily
291,user287@gmail.com,500g_1kg,mixed,daily
292,user288@gmail.com,500g_1kg,collector,monthly
293,user289@gmail.com,less_250g,mixed,daily
294,user290@gmail.com,500g_1kg,worm_compost,monthly
295,user291@gmail.com,250g_500g,home_compost,weekly
296,user292@gmail.com,250g_500g,biomethanation,no
297,user293@gmail.com,500g_1kg,collector,monthly
298,user294@gmail.com,250g_500g,worm_compost,daily
299,user295@gmail.com,more_1kg,collector,weekly
300,user296@gmail.com,500g_1kg,worm_compost,no
301,user297@gmail.com,250g_500g,collector,weekly
302,user298@gmail.com,500g_1kg,mixed,weekly
303,user299@gmail.com,250g_500g,biomethanation,monthly
304,user300@gmail.com,250g_500g,worm_compost,monthly
305,user301@gmail.com,more_1kg,biomethanation,no
306,user302@gmail.com,500g_1kg,collector,weekly
307,user303@gmail.com,250g_500g,biomethanation,daily
308,user304@gmail.com,250g_500g,biomethanation,weekly
309,user305@gmail.com,250g_500g,biomethanation,weekly
310,user306@gmail.com,more_1kg,mixed,weekly
311,user307@gmail.com,less_250g,home_compost,monthly
312,user308@gmail.com,500g_1kg,home_compost,daily
313,user309@gmail.com,250g_500g,home_compost,daily
314,user310@gmail.com,250g_500g,worm_compost,daily
315,user311@gmail.com,250g_500g,home_compost,no
316,user312@gmail.com,250g_500g,home_compost,weekly
317,user313@gmail.com,250g_500g,mixed,monthly
318,user314@gmail.com,250g_500g,collector,no
319,user315@gmail.com,250g_500g,worm_compost,monthly
320,user316@gmail.com,250g_500g,community,monthly
321,user317@gmail.com,more_1kg,worm_compost,no
322,user318@gmail.com,250g_500g,community,daily
323,user319@gmail.com,500g_1kg,home_compost,daily
324,user320@gmail.com,less_250g,home_compost,daily
325,user321@gmail.com,250g_500g,biomethanation,no
326,user322@gmail.com,less_250g,biomethanation,daily
327,user323@gmail.com,500g_1kg,collector,daily
328,user324@gmail.com,250g_500g,mixed,daily
329,user325@gmail.com,500g_1kg,collector,no
330,user326@gmail.com,250g_500g,collector,monthly
331,user327@gmail.com,less_250g,mixed,daily
332,user328@gmail.com,250g_500g,biomethanation,daily
333,user329@gmail.com,250g_500g,mixed,monthly
334,user330@gmail.com,more_1kg,home_compost,weekly
335,user331@gmail.com,500g_1kg,mixed,weekly
336,user332@gmail.com,less_250g,community,no
337,user333@gmail.com,500g_1kg,worm_compost,no
338,user334@gmail.com,250g_500g,collector,weekly
339,user335@gmail.com,250g_500g,biomethanation,monthly
340,user336@gmail.com,more_1kg,worm_compost,monthly
341,user337@gmail.com,less_250g,mixed,no
342,user338@gmail.com,250g_500g,biomethanation,monthly
343,user339@gmail.com,500g_1kg,community,weekly
344,user340@gmail.com,more_1kg,worm_compost,no
345,user341@gmail.com,250g_500g,worm_compost,daily
346,user342@gmail.com,250g_500g,biomethanation,weekly
347,user343@gmail.com,500g_1kg,community,daily
348,user344@gmail.com,500g_1kg,community,monthly
349,user345@gmail.com,250g_500g,home_compost,no
350,user346@gmail.com,500g_1kg,biomethanation,monthly
351,user347@gmail.com,250g_500g,mixed,weekly
352,user348@gmail.com,250g_500g,biomethanation,no
353,user349@gmail.com,250g_500g,home_compost,monthly
354,user350@gmail.com,250g_500g,collector,no
355,user351@gmail.com,more_1kg,mixed,daily
356,user352@gmail.com,less_250g,mixed,monthly
357,user353@gmail.com,250g_500g,community,no
358,user354@gmail.com,250g_500g,community,daily
359,user355@gmail.com,less_250g,home_compost,monthly
360,user356@gmail.com,250g_500g,mixed,monthly
361,user357@gmail.com,500g_1kg,community,monthly
362,user358@gmail.com,500g_1kg,biomethanation,no
363,user359@gmail.com,500g_1kg,collector,monthly
364,user360@gmail.com,250g_500g,community,monthly
365,user361@gmail.com,250g_500g,collector,monthly
366,user362@gmail.com,250g_500g,home_compost,monthly
367,user363@gmail.com,less_250g,mixed,no
368,user364@gmail.com,more_1kg,biomethanation,weekly
369,user365@gmail.com,500g_1kg,home_compost,monthly
370,user366@gmail.com,500g_1kg,community,no
371,user367@gmail.com,250g_500g,community,no
372,user368@gmail.com,more_1kg,community,monthly
373,user369@gmail.com,500g_1kg,home_compost,weekly
374,user370@gmail.com,500g_1kg,biomethanation,monthly
375,user371@gmail.com,250g_500g,biomethanation,monthly
376,user372@gmail.com,250g_500g,collector,weekly
377,user373@gmail.com,500g_1kg,home_compost,daily
378,user374@gmail.com,500g_1kg,mixed,no
379,user375@gmail.com,more_1kg,mixed,weekly
380,user376@gmail.com,250g_500g,community,weekly
381,user377@gmail.com,500g_1kg,collector,weekly
382,user378@gmail.com,250g_500g,home_compost,weekly
383,user379@gmail.com,250g_500g,worm_compost,no
384,user380@gmail.com,less_250g,worm_compost,monthly
385,user381@gmail.com,250g_500g,mixed,no
386,user382@gmail.com,more_1kg,worm_compost,no
387,user383@gmail.com,250g_500g,home_compost,weekly
388,user384@gmail.com,500g_1kg,community,no
389,user385@gmail.com,500g_1kg,biomethanation,daily
390,user386@gmail.com,500g_1kg,biomethanation,daily
391,user387@gmail.com,less_250g,home_compost,daily
392,user388@gmail.com,250g_500g,collector,monthly
393,user389@gmail.com,500g_1kg,mixed,weekly
394,user390@gmail.com,less_250g,biomethanation,monthly
395,user391@gmail.com,500g_1kg,mixed,no
396,user392@gmail.com,more_1kg,worm_compost,weekly
397,user393@gmail.com,500g_1kg,home_compost,daily
398,user394@gmail.com,250g_500g,home_compost,monthly
399,user395@gmail.com,500g_1kg,community,daily
400,user396@gmail.com,more_1kg,community,daily
401,user397@gmail.com,250g_500g,mixed,no
402,user398@gmail.com,500g_1kg,biomethanation,no
403,user399@gmail.com,250g_500g,mixed,daily
404,user400@gmail.com,500g_1kg,collector,weekly
405,user401@gmail.com,500g_1kg,worm_compost,daily
406,user402@gmail.com,500g_1kg,community,weekly
407,user403@gmail.com,500g_1kg,worm_compost,monthly
408,user404@gmail.com,less_250g,mixed,monthly
409,user405@gmail.com,250g_500g,biomethanation,weekly
410,user406@gmail.com,250g_500g,biomethanation,daily
411,user407@gmail.com,500g_1kg,mixed,daily
412,user408@gmail.com,250g_500g,home_compost,daily
413,user409@gmail.com,less_250g,biomethanation,daily
414,user410@gmail.com,more_1kg,mixed,monthly
415,user411@gmail.com,more_1kg,community,monthly
416,user412@gmail.com,250g_500g,worm_compost,daily
417,user413@gmail.com,less_250g,mixed,no
418,user414@gmail.com,500g_1kg,mixed,no
419,user415@gmail.com,500g_1kg,collector,no
420,user416@gmail.com,more_1kg,worm_compost,daily
421,user417@gmail.com,more_1kg,mixed,monthly
422,user418@gmail.com,500g_1kg,community,weekly
423,user419@gmail.com,250g_500g,biomethanation,daily
424,user420@gmail.com,500g_1kg,home_compost,no
425,user421@gmail.com,250g_500g,home_compost,monthly
426,user422@gmail.com,less_250g,community,monthly
427,user423@gmail.com,500g_1kg,biomethanation,no
428,user424@gmail.com,250g_500g,home_compost,no
429,user425@gmail.com,500g_1kg,mixed,no
430,user426@gmail.com,250g_500g,mixed,weekly
431,user427@gmail.com,500g_1kg,biomethanation,monthly
432,user428@gmail.com,500g_1kg,mixed,no
433,user429@gmail.com,250g_500g,biomethanation,weekly
434,user430@gmail.com,250g_500g,collector,weekly
435,user431@gmail.com,250g_500g,collector,monthly
436,user432@gmail.com,250g_500g,home_compost,daily
437,user433@gmail.com,250g_500g,worm_compost,no
438,user434@gmail.com,500g_1kg,worm_compost,daily
439,user435@gmail.com,less_250g,mixed,no
440,user436@gmail.com,more_1kg,worm_compost,weekly
441,user437@gmail.com,500g_1kg,mixed,weekly
442,user438@gmail.com,less_250g,biomethanation,weekly
443,user439@gmail.com,250g_500g,collector,monthly
444,user440@gmail.com,250g_500g,mixed,weekly
445,user441@gmail.com,500g_1kg,worm_compost,monthly
446,user442@gmail.com,500g_1kg,home_compost,no
447,user443@gmail.com,250g_500g,collector,monthly
448,user444@gmail.com,250g_500g,mixed,daily
449,user445@gmail.com,500g_1kg,home_compost,monthly
450,user446@gmail.com,250g_500g,mixed,weekly
451,user447@gmail.com,more_1kg,collector,weekly
452,user448@gmail.com,250g_500g,worm_compost,no
453,user449@gmail.com,500g_1kg,biomethanation,daily
454,user450@gmail.com,250g_500g,collector,daily
455,user451@gmail.com,250g_500g,worm_compost,no
456,user452@gmail.com,250g_500g,community,weekly
457,user453@gmail.com,more_1kg,collector,monthly
458,user454@gmail.com,less_250g,community,daily
459,user455@gmail.com,250g_500g,community,no
460,user456@gmail.com,250g_500g,home_compost,weekly
461,user457@gmail.com,500g_1kg,worm_compost,daily
462,user458@gmail.com,500g_1kg,community,weekly
463,user459@gmail.com,500g_1kg,worm_compost,monthly
464,user460@gmail.com,250g_500g,community,weekly
465,user461@gmail.com,250g_500g,worm_compost,monthly
466,user462@gmail.com,more_1kg,collector,daily
467,user463@gmail.com,less_250g,worm_compost,monthly
468,user464@gmail.com,more_1kg,collector,weekly
469,user465@gmail.com,250g_500g,worm_compost,no
470,user466@gmail.com,250g_500g,biomethanation,weekly
471,user467@gmail.com,250g_500g,community,monthly
472,user468@gmail.com,250g_500g,community,no
473,user469@gmail.com,250g_500g,collector,monthly
474,user470@gmail.com,500g_1kg,biomethanation,no
475,user471@gmail.com,250g_500g,home_compost,no
476,user472@gmail.com,500g_1kg,collector,no
477,user473@gmail.com,250g_500g,biomethanation,weekly
478,user474@gmail.com,500g_1kg,mixed,no
479,user475@gmail.com,500g_1kg,home_compost,monthly
480,user476@gmail.com,250g_500g,mixed,daily
481,user477@gmail.com,250g_500g,biomethanation,monthly
482,user478@gmail.com,250g_500g,community,monthly
483,user479@gmail.com,250g_500g,worm_compost,monthly
484,user480@gmail.com,500g_1kg,collector,daily
485,user481@gmail.com,250g_500g,community,no
486,user482@gmail.com,more_1kg,mixed,monthly
487,user483@gmail.com,more_1kg,community,no
488,user484@gmail.com,less_250g,biomethanation,monthly
489,user485@gmail.com,less_250g,community,daily
490,user486@gmail.com,250g_500g,community,monthly
491,user487@gmail.com,250g_500g,community,monthly
492,user488@gmail.com,250g_500g,worm_compost,monthly
493,user489@gmail.com,500g_1kg,worm_compost,monthly
494,user490@gmail.com,250g_500g,mixed,daily
495,user491@gmail.com,less_250g,community,no
496,user492@gmail.com,500g_1kg,biomethanation,weekly
497,user493@gmail.com,250g_500g,collector,weekly
498,user494@gmail.com,500g_1kg,worm_compost,no
499,user495@gmail.com,250g_500g,biomethanation,weekly
500,user496@gmail.com,500g_1kg,home_compost,weekly
501,user497@gmail.com,250g_500g,worm_compost,no
502,user498@gmail.com,less_250g,community,weekly
503,user499@gmail.com,250g_500g,community,weekly
504,user500@gmail.com,250g_500g,worm_compost,weekly
505,user1@gmail.com,more_1kg,mixed,no
506,user2@gmail.com,more_1kg,mixed,daily
507,user3@gmail.com,500g_1kg,worm_compost,no
508,user4@gmail.com,500g_1kg,community,monthly
509,user5@gmail.com,more_1kg,collector,no
510,user6@gmail.com,250g_500g,collector,no
511,user7@gmail.com,250g_500g,community,weekly
512,user8@gmail.com,less_250g,worm_compost,daily
513,user9@gmail.com,500g_1kg,community,no
514,user10@gmail.com,250g_500g,biomethanation,no
515,user11@gmail.com,more_1kg,worm_compost,weekly
516,user12@gmail.com,250g_500g,mixed,weekly
517,user13@gmail.com,500g_1kg,worm_compost,no
518,user14@gmail.com,500g_1kg,worm_compost,no
519,user15@gmail.com,less_250g,community,monthly
520,user16@gmail.com,more_1kg,worm_compost,monthly
521,user17@gmail.com,250g_500g,biomethanation,monthly
522,user18@gmail.com,500g_1kg,community,no
523,user19@gmail.com,500g_1kg,worm_compost,monthly
524,user20@gmail.com,500g_1kg,mixed,no
525,user21@gmail.com,250g_500g,worm_compost,no
526,user22@gmail.com,250g_500g,home_compost,weekly
527,user23@gmail.com,250g_500g,worm_compost,no
528,user24@gmail.com,500g_1kg,biomethanation,monthly
529,user25@gmail.com,500g_1kg,collector,weekly
530,user26@gmail.com,250g_500g,biomethanation,no
531,user27@gmail.com,500g_1kg,community,weekly
532,user28@gmail.com,500g_1kg,community,weekly
533,user29@gmail.com,250g_500g,home_compost,no
534,user30@gmail.com,250g_500g,worm_compost,monthly
535,user31@gmail.com,500g_1kg,biomethanation,no
536,user32@gmail.com,250g_500g,mixed,monthly
537,user33@gmail.com,less_250g,community,monthly
538,user34@gmail.com,500g_1kg,biomethanation,monthly
539,user35@gmail.com,more_1kg,home_compost,monthly
540,user36@gmail.com,more_1kg,mixed,weekly
541,user37@gmail.com,500g_1kg,home_compost,daily
542,user38@gmail.com,500g_1kg,home_compost,weekly
543,user39@gmail.com,500g_1kg,home_compost,daily
544,user40@gmail.com,less_250g,biomethanation,weekly
545,user41@gmail.com,250g_500g,collector,daily
546,user42@gmail.com,250g_500g,biomethanation,daily
547,user43@gmail.com,250g_500g,mixed,no
548,user44@gmail.com,more_1kg,community,weekly
549,user45@gmail.com,more_1kg,home_compost,weekly
550,user46@gmail.com,250g_500g,collector,monthly
551,user47@gmail.com,500g_1kg,home_compost,weekly
552,user48@gmail.com,less_250g,mixed,daily
553,user49@gmail.com,500g_1kg,biomethanation,daily
554,user50@gmail.com,500g_1kg,biomethanation,monthly
555,user51@gmail.com,500g_1kg,community,monthly
556,user52@gmail.com,250g_500g,worm_compost,monthly
557,user53@gmail.com,250g_500g,collector,monthly
558,user54@gmail.com,more_1kg,mixed,monthly
559,user55@gmail.com,250g_500g,worm_compost,weekly
560,user56@gmail.com,more_1kg,community,weekly
561,user57@gmail.com,500g_1kg,home_compost,monthly
562,user58@gmail.com,500g_1kg,biomethanation,daily
563,user59@gmail.com,more_1kg,biomethanation,weekly
564,user60@gmail.com,500g_1kg,worm_compost,daily
565,user61@gmail.com,250g_500g,community,daily
566,user62@gmail.com,500g_1kg,community,monthly
567,user63@gmail.com,less_250g,biomethanation,daily
568,user64@gmail.com,250g_500g,worm_compost,no
569,user65@gmail.com,250g_500g,biomethanation,daily
570,user66@gmail.com,250g_500g,home_compost,monthly
571,user67@gmail.com,500g_1kg,community,no
572,user68@gmail.com,more_1kg,community,monthly
573,user69@gmail.com,more_1kg,mixed,weekly
574,user70@gmail.com,250g_500g,biomethanation,daily
575,user71@gmail.com,250g_500g,collector,monthly
576,user72@gmail.com,250g_500g,worm_compost,weekly
577,user73@gmail.com,less_250g,home_compost,daily
578,user74@gmail.com,more_1kg,community,monthly
579,user75@gmail.com,less_250g,collector,daily
580,user76@gmail.com,500g_1kg,biomethanation,no
581,user77@gmail.com,250g_500g,biomethanation,monthly
582,user78@gmail.com,500g_1kg,community,monthly
583,user79@gmail.com,250g_500g,community,daily
584,user80@gmail.com,more_1kg,worm_compost,daily
585,user81@gmail.com,more_1kg,home_compost,monthly
586,user82@gmail.com,more_1kg,community,daily
587,user83@gmail.com,250g_500g,collector,weekly
588,user84@gmail.com,250g_500g,collector,daily
589,user85@gmail.com,250g_500g,mixed,daily
590,user86@gmail.com,250g_500g,home_compost,weekly
591,user87@gmail.com,500g_1kg,worm_compost,weekly
592,user88@gmail.com,500g_1kg,collector,daily
593,user89@gmail.com,250g_500g,collector,no
594,user90@gmail.com,250g_500g,biomethanation,no
595,user91@gmail.com,500g_1kg,worm_compost,daily
596,user92@gmail.com,250g_500g,biomethanation,weekly
597,user93@gmail.com,less_250g,worm_compost,weekly
598,user94@gmail.com,250g_500g,home_compost,weekly
599,user95@gmail.com,500g_1kg,worm_compost,monthly
600,user96@gmail.com,250g_500g,home_compost,monthly
601,user97@gmail.com,250g_500g,collector,no
602,user98@gmail.com,500g_1kg,biomethanation,monthly
603,user99@gmail.com,250g_500g,collector,weekly
604,user100@gmail.com,250g_500g,community,weekly
605,user101@gmail.com,more_1kg,mixed,daily
606,user102@gmail.com,more_1kg,community,no
607,user103@gmail.com,less_250g,community,monthly
608,user104@gmail.com,500g_1kg,worm_compost,no
609,user105@gmail.com,250g_500g,home_compost,no
610,user106@gmail.com,more_1kg,worm_compost,monthly
611,user107@gmail.com,250g_500g,collector,daily
612,user108@gmail.com,250g_500g,collector,weekly
613,user109@gmail.com,250g_500g,community,monthly
614,user110@gmail.com,250g_500g,home_compost,weekly
615,user111@gmail.com,500g_1kg,home_compost,monthly
616,user112@gmail.com,more_1kg,home_compost,daily
617,user113@gmail.com,500g_1kg,community,daily
618,user114@gmail.com,500g_1kg,community,daily
619,user115@gmail.com,more_1kg,collector,monthly
620,user116@gmail.com,500g_1kg,worm_compost,weekly
621,user117@gmail.com,more_1kg,home_compost,monthly
622,user118@gmail.com,250g_500g,worm_compost,weekly
623,user119@gmail.com,500g_1kg,biomethanation,monthly
624,user120@gmail.com,250g_500g,biomethanation,weekly
625,user121@gmail.com,250g_500g,community,no
626,user122@gmail.com,500g_1kg,worm_compost,no
627,user123@gmail.com,500g_1kg,home_compost,monthly
628,user124@gmail.com,more_1kg,collector,weekly
629,user125@gmail.com,250g_500g,home_compost,no
630,user126@gmail.com,500g_1kg,home_compost,weekly
631,user127@gmail.com,more_1kg,home_compost,no
632,user128@gmail.com,500g_1kg,biomethanation,daily
633,user129@gmail.com,500g_1kg,home_compost,no
634,user130@gmail.com,500g_1kg,community,weekly
635,user131@gmail.com,250g_500g,biomethanation,daily
636,user132@gmail.com,more_1kg,mixed,weekly
637,user133@gmail.com,500g_1kg,worm_compost,no
638,user134@gmail.com,250g_500g,home_compost,monthly
639,user135@gmail.com,250g_500g,home_compost,no
640,user136@gmail.com,more_1kg,biomethanation,daily
641,user137@gmail.com,500g_1kg,community,daily
642,user138@gmail.com,less_250g,home_compost,no
643,user139@gmail.com,250g_500g,mixed,monthly
644,user140@gmail.com,less_250g,home_compost,daily
645,user141@gmail.com,250g_500g,community,no
646,user142@gmail.com,250g_500g,biomethanation,daily
647,user143@gmail.com,500g_1kg,collector,daily
648,user144@gmail.com,500g_1kg,home_compost,no
649,user145@gmail.com,250g_500g,biomethanation,monthly
650,user146@gmail.com,250g_500g,biomethanation,no
651,user147@gmail.com,more_1kg,worm_compost,weekly
652,user148@gmail.com,more_1kg,home_compost,monthly
653,user149@gmail.com,500g_1kg,community,daily
654,user150@gmail.com,500g_1kg,collector,weekly
655,user151@gmail.com,less_250g,community,monthly
656,user152@gmail.com,more_1kg,biomethanation,weekly
657,user153@gmail.com,500g_1kg,home_compost,daily
658,user154@gmail.com,500g_1kg,biomethanation,daily
659,user155@gmail.com,250g_500g,collector,no
660,user156@gmail.com,more_1kg,mixed,weekly
661,user157@gmail.com,more_1kg,home_compost,monthly
662,user158@gmail.com,500g_1kg,worm_compost,weekly
663,user159@gmail.com,less_250g,collector,weekly
664,user160@gmail.com,500g_1kg,community,weekly
665,user161@gmail.com,500g_1kg,community,daily
666,user162@gmail.com,500g_1kg,biomethanation,daily
667,user163@gmail.com,250g_500g,community,daily
668,user164@gmail.com,250g_500g,home_compost,no
669,user165@gmail.com,250g_500g,community,daily
670,user166@gmail.com,500g_1kg,home_compost,weekly
671,user167@gmail.com,more_1kg,community,daily
672,user168@gmail.com,250g_500g,biomethanation,daily
673,user169@gmail.com,more_1kg,biomethanation,daily
674,user170@gmail.com,more_1kg,collector,daily
675,user171@gmail.com,250g_500g,worm_compost,monthly
676,user172@gmail.com,more_1kg,collector,monthly
677,user173@gmail.com,250g_500g,worm_compost,weekly
678,user174@gmail.com,more_1kg,collector,weekly
679,user175@gmail.com,more_1kg,community,monthly
680,user176@gmail.com,500g_1kg,worm_compost,no
681,user177@gmail.com,250g_500g,home_compost,weekly
682,user178@gmail.com,500g_1kg,community,no
683,user179@gmail.com,500g_1kg,mixed,no
684,user180@gmail.com,500g_1kg,mixed,weekly
685,user181@gmail.com,less_250g,biomethanation,daily
686,user182@gmail.com,less_250g,collector,monthly
687,user183@gmail.com,250g_500g,home_compost,monthly
688,user184@gmail.com,500g_1kg,mixed,weekly
689,user185@gmail.com,250g_500g,mixed,weekly
690,user186@gmail.com,500g_1kg,mixed,daily
691,user187@gmail.com,250g_500g,home_compost,daily
692,user188@gmail.com,500g_1kg,mixed,weekly
693,user189@gmail.com,less_250g,community,no
694,user190@gmail.com,more_1kg,home_compost,monthly
695,user191@gmail.com,250g_500g,mixed,weekly
696,user192@gmail.com,250g_500g,worm_compost,weekly
697,user193@gmail.com,less_250g,biomethanation,no
698,user194@gmail.com,250g_500g,mixed,weekly
699,user195@gmail.com,more_1kg,worm_compost,monthly
700,user196@gmail.com,500g_1kg,worm_compost,weekly
701,user197@gmail.com,250g_500g,community,monthly
702,user198@gmail.com,more_1kg,home_compost,monthly
703,user199@gmail.com,more_1kg,collector,weekly
704,user200@gmail.com,250g_500g,collector,no
705,user201@gmail.com,less_250g,home_compost,monthly
706,user202@gmail.com,less_250g,home_compost,monthly
707,user203@gmail.com,500g_1kg,biomethanation,weekly
708,user204@gmail.com,250g_500g,home_compost,daily
709,user205@gmail.com,250g_500g,mixed,no
710,user206@gmail.com,500g_1kg,worm_compost,daily
711,user207@gmail.com,500g_1kg,mixed,daily
712,user208@gmail.com,500g_1kg,home_compost,monthly
713,user209@gmail.com,500g_1kg,mixed,no
714,user210@gmail.com,less_250g,biomethanation,no
715,user211@gmail.com,500g_1kg,community,no
716,user212@gmail.com,less_250g,community,daily
717,user213@gmail.com,250g_500g,community,monthly
718,user214@gmail.com,250g_500g,biomethanation,daily
719,user215@gmail.com,250g_500g,biomethanation,no
720,user216@gmail.com,250g_500g,home_compost,no
721,user217@gmail.com,less_250g,biomethanation,daily
722,user218@gmail.com,250g_500g,community,monthly
723,user219@gmail.com,250g_500g,community,monthly
724,user220@gmail.com,500g_1kg,biomethanation,daily
725,user221@gmail.com,250g_500g,home_compost,weekly
726,user222@gmail.com,250g_500g,home_compost,no
727,user223@gmail.com,more_1kg,home_compost,daily
728,user224@gmail.com,500g_1kg,mixed,no
729,user225@gmail.com,more_1kg,worm_compost,monthly
730,user226@gmail.com,250g_500g,biomethanation,weekly
731,user227@gmail.com,more_1kg,biomethanation,no
732,user228@gmail.com,500g_1kg,biomethanation,monthly
733,user229@gmail.com,more_1kg,home_compost,daily
734,user230@gmail.com,250g_500g,biomethanation,weekly
735,user231@gmail.com,250g_500g,community,weekly
736,user232@gmail.com,less_250g,mixed,monthly
737,user233@gmail.com,250g_500g,community,daily
738,user234@gmail.com,250g_500g,biomethanation,monthly
739,user235@gmail.com,250g_500g,biomethanation,monthly
740,user236@gmail.com,250g_500g,worm_compost,weekly
741,user237@gmail.com,less_250g,worm_compost,daily
742,user238@gmail.com,500g_1kg,home_compost,no
743,user239@gmail.com,500g_1kg,mixed,weekly
744,user240@gmail.com,500g_1kg,mixed,monthly
745,user241@gmail.com,250g_500g,biomethanation,weekly
746,user242@gmail.com,500g_1kg,collector,monthly
747,user243@gmail.com,500g_1kg,mixed,no
748,user244@gmail.com,250g_500g,collector,daily
749,user245@gmail.com,250g_500g,mixed,no
750,user246@gmail.com,more_1kg,worm_compost,daily
751,user247@gmail.com,250g_500g,biomethanation,weekly
752,user248@gmail.com,500g_1kg,biomethanation,daily
753,user249@gmail.com,less_250g,community,monthly
754,user250@gmail.com,250g_500g,community,no
755,user251@gmail.com,500g_1kg,home_compost,monthly
756,user252@gmail.com,250g_500g,mixed,weekly
757,user253@gmail.com,500g_1kg,home_compost,weekly
758,user254@gmail.com,250g_500g,home_compost,weekly
759,user255@gmail.com,250g_500g,collector,daily
760,user256@gmail.com,500g_1kg,worm_compost,monthly
761,user257@gmail.com,less_250g,mixed,weekly
762,user258@gmail.com,more_1kg,collector,daily
763,user259@gmail.com,250g_500g,collector,monthly
764,user260@gmail.com,250g_500g,collector,weekly
765,user261@gmail.com,more_1kg,biomethanation,weekly
766,user262@gmail.com,250g_500g,biomethanation,monthly
767,user263@gmail.com,250g_500g,mixed,no
768,user264@gmail.com,250g_500g,community,no
769,user265@gmail.com,less_250g,collector,weekly
770,user266@gmail.com,less_250g,mixed,monthly
771,user267@gmail.com,500g_1kg,mixed,no
772,user268@gmail.com,500g_1kg,community,monthly
773,user269@gmail.com,more_1kg,mixed,no
774,user270@gmail.com,less_250g,mixed,no
775,user271@gmail.com,250g_500g,biomethanation,weekly
776,user272@gmail.com,more_1kg,home_compost,daily
777,user273@gmail.com,500g_1kg,biomethanation,weekly
778,user274@gmail.com,more_1kg,community,weekly
779,user275@gmail.com,less_250g,worm_compost,daily
780,user276@gmail.com,500g_1kg,community,weekly
781,user277@gmail.com,250g_500g,community,monthly
782,user278@gmail.com,less_250g,home_compost,daily
783,user279@gmail.com,500g_1kg,worm_compost,monthly
784,user280@gmail.com,250g_500g,mixed,no
785,user281@gmail.com,250g_500g,community,daily
786,user282@gmail.com,250g_500g,collector,weekly
787,user283@gmail.com,less_250g,biomethanation,no
788,user284@gmail.com,250g_500g,biomethanation,weekly
789,user285@gmail.com,250g_500g,biomethanation,weekly
790,user286@gmail.com,250g_500g,biomethanation,weekly
791,user287@gmail.com,more_1kg,worm_compost,daily
792,user288@gmail.com,more_1kg,community,no
793,user289@gmail.com,250g_500g,community,monthly
794,user290@gmail.com,250g_500g,home_compost,no
795,user291@gmail.com,250g_500g,community,monthly
796,user292@gmail.com,500g_1kg,mixed,monthly
797,user293@gmail.com,more_1kg,biomethanation,no
798,user294@gmail.com,250g_500g,biomethanation,daily
799,user295@gmail.com,250g_500g,biomethanation,no
800,user296@gmail.com,less_250g,worm_compost,monthly
801,user297@gmail.com,less_250g,home_compost,daily
802,user298@gmail.com,250g_500g,biomethanation,monthly
803,user299@gmail.com,250g_500g,biomethanation,no
804,user300@gmail.com,500g_1kg,community,weekly
805,user301@gmail.com,500g_1kg,home_compost,weekly
806,user302@gmail.com,250g_500g,collector,daily
807,user303@gmail.com,500g_1kg,collector,monthly
808,user304@gmail.com,more_1kg,mixed,daily
809,user305@gmail.com,250g_500g,mixed,weekly
810,user306@gmail.com,more_1kg,collector,monthly
811,user307@gmail.com,less_250g,mixed,monthly
812,user308@gmail.com,250g_500g,home_compost,no
813,user309@gmail.com,250g_500g,mixed,monthly
814,user310@gmail.com,500g_1kg,worm_compost,weekly
815,user311@gmail.com,250g_500g,mixed,monthly
816,user312@gmail.com,500g_1kg,biomethanation,no
817,user313@gmail.com,500g_1kg,biomethanation,monthly
818,user314@gmail.com,250g_500g,community,monthly
819,user315@gmail.com,250g_500g,worm_compost,weekly
820,user316@gmail.com,250g_500g,worm_compost,daily
821,user317@gmail.com,more_1kg,mixed,weekly
822,user318@gmail.com,more_1kg,worm_compost,monthly
823,user319@gmail.com,more_1kg,collector,monthly
824,user320@gmail.com,more_1kg,mixed,monthly
825,user321@gmail.com,250g_500g,mixed,monthly
826,user322@gmail.com,250g_500g,home_compost,monthly
827,user323@gmail.com,250g_500g,community,weekly
828,user324@gmail.com,250g_500g,collector,no
829,user325@gmail.com,500g_1kg,mixed,monthly
830,user326@gmail.com,500g_1kg,community,weekly
831,user327@gmail.com,500g_1kg,home_compost,weekly
832,user328@gmail.com,less_250g,biomethanation,no
833,user329@gmail.com,less_250g,worm_compost,monthly
834,user330@gmail.com,250g_500g,mixed,monthly
835,user331@gmail.com,250g_500g,worm_compost,daily
836,user332@gmail.com,250g_500g,worm_compost,daily
837,user333@gmail.com,500g_1kg,mixed,weekly
838,user334@gmail.com,250g_500g,collector,weekly
839,user335@gmail.com,250g_500g,worm_compost,daily
840,user336@gmail.com,250g_500g,mixed,monthly
841,user337@gmail.com,250g_500g,biomethanation,daily
842,user338@gmail.com,250g_500g,biomethanation,monthly
843,user339@gmail.com,more_1kg,worm_compost,no
844,user340@gmail.com,250g_500g,community,no
845,user341@gmail.com,more_1kg,mixed,daily
846,user342@gmail.com,250g_500g,biomethanation,no
847,user343@gmail.com,500g_1kg,home_compost,no
848,user344@gmail.com,250g_500g,biomethanation,daily
849,user345@gmail.com,500g_1kg,community,daily
850,user346@gmail.com,500g_1kg,mixed,weekly
851,user347@gmail.com,less_250g,mixed,no
852,user348@gmail.com,500g_1kg,biomethanation,daily
853,user349@gmail.com,less_250g,collector,daily
854,user350@gmail.com,500g_1kg,home_compost,daily
855,user351@gmail.com,250g_500g,biomethanation,monthly
856,user352@gmail.com,500g_1kg,mixed,monthly
857,user353@gmail.com,500g_1kg,mixed,monthly
858,user354@gmail.com,more_1kg,collector,weekly
859,user355@gmail.com,500g_1kg,biomethanation,monthly
860,user356@gmail.com,500g_1kg,biomethanation,weekly
861,user357@gmail.com,less_250g,mixed,monthly
862,user358@gmail.com,250g_500g,community,daily
863,user359@gmail.com,500g_1kg,home_compost,no
864,user360@gmail.com,less_250g,biomethanation,monthly
865,user361@gmail.com,250g_500g,collector,monthly
866,user362@gmail.com,500g_1kg,mixed,weekly
867,user363@gmail.com,less_250g,mixed,weekly
868,user364@gmail.com,500g_1kg,biomethanation,monthly
869,user365@gmail.com,more_1kg,worm_compost,weekly
870,user366@gmail.com,500g_1kg,community,monthly
871,user367@gmail.com,250g_500g,collector,no
872,user368@gmail.com,500g_1kg,community,monthly
873,user369@gmail.com,more_1kg,community,weekly
874,user370@gmail.com,more_1kg,worm_compost,weekly
875,user371@gmail.com,more_1kg,mixed,daily
876,user372@gmail.com,250g_500g,biomethanation,no
877,user373@gmail.com,500g_1kg,mixed,no
878,user374@gmail.com,500g_1kg,community,weekly
879,user375@gmail.com,500g_1kg,collector,monthly
880,user376@gmail.com,500g_1kg,worm_compost,daily
881,user377@gmail.com,500g_1kg,mixed,daily
882,user378@gmail.com,250g_500g,home_compost,daily
883,user379@gmail.com,less_250g,home_compost,daily
884,user380@gmail.com,500g_1kg,worm_compost,daily
885,user381@gmail.com,250g_500g,collector,daily
886,user382@gmail.com,250g_500g,collector,daily
887,user383@gmail.com,500g_1kg,worm_compost,monthly
888,user384@gmail.com,250g_500g,biomethanation,monthly
889,user385@gmail.com,500g_1kg,collector,monthly
890,user386@gmail.com,500g_1kg,home_compost,daily
891,user387@gmail.com,500g_1kg,biomethanation,weekly
892,user388@gmail.com,500g_1kg,mixed,daily
893,user389@gmail.com,500g_1kg,biomethanation,no
894,user390@gmail.com,500g_1kg,community,monthly
895,user391@gmail.com,500g_1kg,mixed,weekly
896,user392@gmail.com,less_250g,worm_compost,weekly
897,user393@gmail.com,more_1kg,collector,no
898,user394@gmail.com,500g_1kg,worm_compost,monthly
899,user395@gmail.com,250g_500g,worm_compost,no
900,user396@gmail.com,500g_1kg,collector,no
901,user397@gmail.com,more_1kg,home_compost,no
902,user398@gmail.com,500g_1kg,worm_compost,monthly
903,user399@gmail.com,500g_1kg,mixed,monthly
904,user400@gmail.com,250g_500g,biomethanation,monthly
905,user401@gmail.com,more_1kg,worm_compost,weekly
906,user402@gmail.com,500g_1kg,mixed,weekly
907,user403@gmail.com,500g_1kg,worm_compost,weekly
908,user404@gmail.com,more_1kg,home_compost,no
909,user405@gmail.com,500g_1kg,community,weekly
910,user406@gmail.com,250g_500g,worm_compost,daily
911,user407@gmail.com,more_1kg,collector,daily
912,user408@gmail.com,500g_1kg,community,monthly
913,user409@gmail.com,500g_1kg,collector,weekly
914,user410@gmail.com,less_250g,community,monthly
915,user411@gmail.com,250g_500g,mixed,daily
916,user412@gmail.com,more_1kg,home_compost,no
917,user413@gmail.com,500g_1kg,collector,monthly
918,user414@gmail.com,500g_1kg,mixed,daily
919,user415@gmail.com,500g_1kg,home_compost,no
920,user416@gmail.com,500g_1kg,home_compost,weekly
921,user417@gmail.com,250g_500g,biomethanation,monthly
922,user418@gmail.com,250g_500g,collector,daily
923,user419@gmail.com,250g_500g,biomethanation,weekly
924,user420@gmail.com,more_1kg,worm_compost,weekly
925,user421@gmail.com,500g_1kg,biomethanation,daily
926,user422@gmail.com,500g_1kg,home_compost,daily
927,user423@gmail.com,500g_1kg,collector,weekly
928,user424@gmail.com,500g_1kg,community,no
929,user425@gmail.com,500g_1kg,biomethanation,daily
930,user426@gmail.com,250g_500g,collector,weekly
931,user427@gmail.com,more_1kg,biomethanation,weekly
932,user428@gmail.com,500g_1kg,collector,weekly
933,user429@gmail.com,500g_1kg,biomethanation,weekly
934,user430@gmail.com,500g_1kg,mixed,weekly
935,user431@gmail.com,250g_500g,community,weekly
936,user432@gmail.com,500g_1kg,community,monthly
937,user433@gmail.com,500g_1kg,community,no
938,user434@gmail.com,500g_1kg,community,monthly
939,user435@gmail.com,more_1kg,biomethanation,daily
940,user436@gmail.com,500g_1kg,mixed,monthly
941,user437@gmail.com,500g_1kg,home_compost,no
942,user438@gmail.com,250g_500g,community,monthly
943,user439@gmail.com,more_1kg,biomethanation,no
944,user440@gmail.com,500g_1kg,mixed,weekly
945,user441@gmail.com,more_1kg,worm_compost,no
946,user442@gmail.com,250g_500g,home_compost,daily
947,user443@gmail.com,more_1kg,worm_compost,weekly
948,user444@gmail.com,250g_500g,collector,daily
949,user445@gmail.com,less_250g,mixed,no
950,user446@gmail.com,more_1kg,worm_compost,monthly
951,user447@gmail.com,500g_1kg,mixed,weekly
952,user448@gmail.com,500g_1kg,home_compost,no
953,user449@gmail.com,250g_500g,collector,monthly
954,user450@gmail.com,500g_1kg,home_compost,monthly
955,user451@gmail.com,less_250g,home_compost,weekly
956,user452@gmail.com,less_250g,worm_compost,weekly
957,user453@gmail.com,250g_500g,collector,weekly
958,user454@gmail.com,500g_1kg,collector,weekly
959,user455@gmail.com,250g_500g,worm_compost,monthly
960,user456@gmail.com,500g_1kg,collector,daily
961,user457@gmail.com,250g_500g,collector,weekly
962,user458@gmail.com,250g_500g,mixed,daily
963,user459@gmail.com,500g_1kg,mixed,no
964,user460@gmail.com,less_250g,home_compost,daily
965,user461@gmail.com,250g_500g,collector,no
966,user462@gmail.com,500g_1kg,community,no
967,user463@gmail.com,250g_500g,community,weekly
968,user464@gmail.com,250g_500g,worm_compost,monthly
969,user465@gmail.com,500g_1kg,worm_compost,no
970,user466@gmail.com,500g_1kg,worm_compost,daily
971,user467@gmail.com,500g_1kg,collector,daily
972,user468@gmail.com,500g_1kg,worm_compost,weekly
973,user469@gmail.com,500g_1kg,biomethanation,daily
974,user470@gmail.com,less_250g,collector,monthly
975,user471@gmail.com,500g_1kg,community,no
976,user472@gmail.com,500g_1kg,mixed,daily
977,user473@gmail.com,250g_500g,biomethanation,no
978,user474@gmail.com,250g_500g,community,daily
979,user475@gmail.com,500g_1kg,collector,daily
980,user476@gmail.com,500g_1kg,mixed,no
981,user477@gmail.com,more_1kg,home_compost,daily
982,user478@gmail.com,250g_500g,home_compost,weekly
983,user479@gmail.com,250g_500g,biomethanation,monthly
984,user480@gmail.com,250g_500g,biomethanation,monthly
985,user481@gmail.com,less_250g,biomethanation,monthly
986,user482@gmail.com,500g_1kg,collector,daily
987,user483@gmail.com,less_250g,collector,daily
988,user484@gmail.com,500g_1kg,worm_compost,no
989,user485@gmail.com,250g_500g,mixed,weekly
990,user486@gmail.com,less_250g,worm_compost,daily
991,user487@gmail.com,500g_1kg,mixed,no
992,user488@gmail.com,500g_1kg,biomethanation,daily
993,user489@gmail.com,500g_1kg,collector,daily
994,user490@gmail.com,250g_500g,mixed,weekly
995,user491@gmail.com,more_1kg,biomethanation,weekly
996,user492@gmail.com,500g_1kg,biomethanation,no
997,user493@gmail.com,250g_500g,worm_compost,no
998,user494@gmail.com,less_250g,home_compost,no
999,user495@gmail.com,500g_1kg,worm_compost,weekly
1000,user496@gmail.com,more_1kg,worm_compost,weekly
1001,user497@gmail.com,less_250g,worm_compost,no
1002,user498@gmail.com,250g_500g,biomethanation,daily
1003,user499@gmail.com,250g_500g,mixed,daily
1004,user500@gmail.com,more_1kg,home_compost,monthly
1005,user1@gmail.com,500g_1kg,biomethanation,weekly
1006,user2@gmail.com,500g_1kg,collector,weekly
1007,user3@gmail.com,more_1kg,community,weekly
1008,user4@gmail.com,250g_500g,worm_compost,monthly
1009,user5@gmail.com,500g_1kg,mixed,no
1010,user6@gmail.com,250g_500g,worm_compost,monthly
1011,user7@gmail.com,500g_1kg,collector,weekly
1012,user8@gmail.com,500g_1kg,worm_compost,daily
1013,user9@gmail.com,250g_500g,community,monthly
1014,user10@gmail.com,250g_500g,mixed,weekly
1015,user11@gmail.com,250g_500g,home_compost,monthly
1016,user12@gmail.com,250g_500g,community,no
1017,user13@gmail.com,250g_500g,biomethanation,weekly
1018,user14@gmail.com,more_1kg,worm_compost,weekly
1019,user15@gmail.com,more_1kg,collector,monthly
1020,user16@gmail.com,500g_1kg,collector,daily
1021,user17@gmail.com,250g_500g,worm_compost,monthly
1022,user18@gmail.com,500g_1kg,home_compost,weekly
1023,user19@gmail.com,500g_1kg,mixed,no
1024,user20@gmail.com,500g_1kg,mixed,daily
1025,user21@gmail.com,500g_1kg,worm_compost,no
1026,user22@gmail.com,250g_500g,community,daily
1027,user23@gmail.com,250g_500g,home_compost,weekly
1028,user24@gmail.com,500g_1kg,community,no
1029,user25@gmail.com,less_250g,community,daily
1030,user26@gmail.com,500g_1kg,collector,weekly
1031,user27@gmail.com,more_1kg,community,daily
1032,user28@gmail.com,250g_500g,home_compost,monthly
1033,user29@gmail.com,500g_1kg,collector,monthly
1034,user30@gmail.com,500g_1kg,community,daily
1035,user31@gmail.com,500g_1kg,biomethanation,daily
1036,user32@gmail.com,250g_500g,biomethanation,daily
1037,user33@gmail.com,250g_500g,home_compost,daily
1038,user34@gmail.com,more_1kg,community,daily
1039,user35@gmail.com,500g_1kg,community,no
1040,user36@gmail.com,250g_500g,home_compost,no
1041,user37@gmail.com,500g_1kg,mixed,no
1042,user38@gmail.com,500g_1kg,community,daily
1043,user39@gmail.com,250g_500g,home_compost,no
1044,user40@gmail.com,500g_1kg,community,no
1045,user41@gmail.com,250g_500g,worm_compost,monthly
1046,user42@gmail.com,more_1kg,collector,daily
1047,user43@gmail.com,250g_500g,community,no
1048,user44@gmail.com,500g_1kg,community,weekly
1049,user45@gmail.com,500g_1kg,mixed,weekly
1050,user46@gmail.com,less_250g,collector,daily
1051,user47@gmail.com,less_250g,community,weekly
1052,user48@gmail.com,500g_1kg,biomethanation,monthly
1053,user49@gmail.com,500g_1kg,worm_compost,no
1054,user50@gmail.com,more_1kg,community,no
1055,user51@gmail.com,250g_500g,home_compost,monthly
1056,user52@gmail.com,250g_500g,community,monthly
1057,user53@gmail.com,less_250g,mixed,daily
1058,user54@gmail.com,250g_500g,home_compost,monthly
1059,user55@gmail.com,more_1kg,worm_compost,daily
1060,user56@gmail.com,more_1kg,mixed,no
1061,user57@gmail.com,500g_1kg,biomethanation,monthly
1062,user58@gmail.com,250g_500g,home_compost,monthly
1063,user59@gmail.com,250g_500g,collector,weekly
1064,user60@gmail.com,500g_1kg,home_compost,monthly
1065,user61@gmail.com,500g_1kg,mixed,weekly
1066,user62@gmail.com,less_250g,mixed,monthly
1067,user63@gmail.com,500g_1kg,community,weekly
1068,user64@gmail.com,500g_1kg,worm_compost,weekly
1069,user65@gmail.com,250g_500g,worm_compost,daily
1070,user66@gmail.com,500g_1kg,collector,no
1071,user67@gmail.com,500g_1kg,home_compost,no
1072,user68@gmail.com,more_1kg,collector,weekly
1073,user69@gmail.com,500g_1kg,collector,no
1074,user70@gmail.com,more_1kg,home_compost,no
1075,user71@gmail.com,500g_1kg,mixed,monthly
1076,user72@gmail.com,250g_500g,community,daily
1077,user73@gmail.com,500g_1kg,home_compost,daily
1078,user74@gmail.com,less_250g,worm_compost,no
1079,user75@gmail.com,250g_500g,worm_compost,no
1080,user76@gmail.com,500g_1kg,collector,daily
1081,user77@gmail.com,500g_1kg,mixed,no
1082,user78@gmail.com,more_1kg,biomethanation,daily
1083,user79@gmail.com,500g_1kg,mixed,weekly
1084,user80@gmail.com,500g_1kg,worm_compost,daily
1085,user81@gmail.com,500g_1kg,mixed,monthly
1086,user82@gmail.com,less_250g,collector,weekly
1087,user83@gmail.com,less_250g,worm_compost,no
1088,user84@gmail.com,250g_500g,home_compost,weekly
1089,user85@gmail.com,500g_1kg,community,no
1090,user86@gmail.com,250g_500g,biomethanation,no
1091,user87@gmail.com,500g_1kg,collector,no
1092,user88@gmail.com,more_1kg,home_compost,weekly
1093,user89@gmail.com,500g_1kg,biomethanation,monthly
1094,user90@gmail.com,500g_1kg,collector,daily
1095,user91@gmail.com,more_1kg,community,daily
1096,user92@gmail.com,250g_500g,home_compost,no
1097,user93@gmail.com,less_250g,biomethanation,no
1098,user94@gmail.com,more_1kg,collector,no
1099,user95@gmail.com,500g_1kg,collector,weekly
1100,user96@gmail.com,500g_1kg,biomethanation,no
1101,user97@gmail.com,500g_1kg,collector,daily
1102,user98@gmail.com,more_1kg,worm_compost,weekly
1103,user99@gmail.com,250g_500g,worm_compost,daily
1104,user100@gmail.com,250g_500g,collector,no
1105,user101@gmail.com,more_1kg,home_compost,no
1106,user102@gmail.com,500g_1kg,collector,weekly
1107,user103@gmail.com,250g_500g,worm_compost,no
1108,user104@gmail.com,more_1kg,biomethanation,weekly
1109,user105@gmail.com,500g_1kg,biomethanation,daily
1110,user106@gmail.com,500g_1kg,mixed,weekly
1111,user107@gmail.com,250g_500g,home_compost,daily
1112,user108@gmail.com,500g_1kg,community,monthly
1113,user109@gmail.com,250g_500g,mixed,daily
1114,user110@gmail.com,more_1kg,home_compost,weekly
1115,user111@gmail.com,less_250g,home_compost,no
1116,user112@gmail.com,more_1kg,mixed,weekly
1117,user113@gmail.com,less_250g,collector,daily
1118,user114@gmail.com,500g_1kg,community,monthly
1119,user115@gmail.com,more_1kg,mixed,weekly
1120,user116@gmail.com,more_1kg,collector,no
1121,user117@gmail.com,500g_1kg,biomethanation,weekly
1122,user118@gmail.com,500g_1kg,mixed,weekly
1123,user119@gmail.com,250g_500g,community,monthly
1124,user120@gmail.com,250g_500g,home_compost,no
1125,user121@gmail.com,250g_500g,biomethanation,no
1126,user122@gmail.com,more_1kg,community,daily
1127,user123@gmail.com,less_250g,worm_compost,daily
1128,user124@gmail.com,250g_500g,community,daily
1129,user125@gmail.com,500g_1kg,worm_compost,daily
1130,user126@gmail.com,500g_1kg,biomethanation,weekly
1131,user127@gmail.com,more_1kg,biomethanation,no
1132,user128@gmail.com,500g_1kg,home_compost,monthly
1133,user129@gmail.com,500g_1kg,collector,monthly
1134,user130@gmail.com,500g_1kg,community,monthly
1135,user131@gmail.com,500g_1kg,worm_compost,weekly
1136,user132@gmail.com,250g_500g,mixed,no
1137,user133@gmail.com,500g_1kg,biomethanation,no
1138,user134@gmail.com,more_1kg,community,no
1139,user135@gmail.com,500g_1kg,home_compost,daily
1140,user136@gmail.com,500g_1kg,worm_compost,monthly
1141,user137@gmail.com,250g_500g,home_compost,monthly
1142,user138@gmail.com,250g_500g,mixed,weekly
1143,user139@gmail.com,less_250g,worm_compost,monthly
1144,user140@gmail.com,less_250g,worm_compost,weekly
1145,user141@gmail.com,250g_500g,home_compost,daily
1146,user142@gmail.com,less_250g,community,monthly
1147,user143@gmail.com,500g_1kg,worm_compost,no
1148,user144@gmail.com,250g_500g,collector,no
1149,user145@gmail.com,250g_500g,collector,no
1150,user146@gmail.com,500g_1kg,mixed,no
1151,user147@gmail.com,less_250g,mixed,no
1152,user148@gmail.com,less_250g,home_compost,no
1153,user149@gmail.com,250g_500g,mixed,daily
1154,user150@gmail.com,more_1kg,community,monthly
1155,user151@gmail.com,250g_500g,home_compost,weekly
1156,user152@gmail.com,less_250g,community,monthly
1157,user153@gmail.com,250g_500g,collector,daily
1158,user154@gmail.com,250g_500g,mixed,no
1159,user155@gmail.com,250g_500g,home_compost,weekly
1160,user156@gmail.com,500g_1kg,worm_compost,no
1161,user157@gmail.com,250g_500g,community,weekly
1162,user158@gmail.com,250g_500g,worm_compost,weekly
1163,user159@gmail.com,more_1kg,community,weekly
1164,user160@gmail.com,250g_500g,home_compost,daily
1165,user161@gmail.com,500g_1kg,mixed,no
1166,user162@gmail.com,less_250g,collector,weekly
1167,user163@gmail.com,500g_1kg,collector,daily
1168,user164@gmail.com,500g_1kg,home_compost,monthly
1169,user165@gmail.com,250g_500g,home_compost,monthly
1170,user166@gmail.com,more_1kg,home_compost,daily
1171,user167@gmail.com,250g_500g,collector,weekly
1172,user168@gmail.com,250g_500g,mixed,monthly
1173,user169@gmail.com,250g_500g,collector,daily
1174,user170@gmail.com,250g_500g,biomethanation,daily
1175,user171@gmail.com,250g_500g,community,no
1176,user172@gmail.com,250g_500g,mixed,weekly
1177,user173@gmail.com,500g_1kg,mixed,daily
1178,user174@gmail.com,500g_1kg,worm_compost,weekly
1179,user175@gmail.com,more_1kg,mixed,daily
1180,user176@gmail.com,500g_1kg,worm_compost,weekly
1181,user177@gmail.com,more_1kg,biomethanation,no
1182,user178@gmail.com,more_1kg,mixed,weekly
1183,user179@gmail.com,less_250g,mixed,daily
1184,user180@gmail.com,250g_500g,collector,monthly
1185,user181@gmail.com,more_1kg,mixed,monthly
1186,user182@gmail.com,250g_500g,collector,daily
1187,user183@gmail.com,less_250g,collector,daily
1188,user184@gmail.com,250g_500g,collector,weekly
1189,user185@gmail.com,250g_500g,home_compost,no
1190,user186@gmail.com,250g_500g,home_compost,weekly
1191,user187@gmail.com,500g_1kg,biomethanation,weekly
1192,user188@gmail.com,500g_1kg,community,no
1193,user189@gmail.com,500g_1kg,collector,daily
1194,user190@gmail.com,less_250g,home_compost,daily
1195,user191@gmail.com,500g_1kg,collector,no
1196,user192@gmail.com,500g_1kg,mixed,daily
1197,user193@gmail.com,500g_1kg,collector,weekly
1198,user194@gmail.com,more_1kg,mixed,daily
1199,user195@gmail.com,500g_1kg,biomethanation,weekly
1200,user196@gmail.com,500g_1kg,mixed,daily
1201,user197@gmail.com,500g_1kg,community,monthly
1202,user198@gmail.com,500g_1kg,worm_compost,daily
1203,user199@gmail.com,more_1kg,worm_compost,monthly
1204,user200@gmail.com,250g_500g,community,no
1205,user201@gmail.com,250g_500g,community,daily
1206,user202@gmail.com,250g_500g,worm_compost,monthly
1207,user203@gmail.com,250g_500g,community,weekly
1208,user204@gmail.com,500g_1kg,worm_compost,daily
1209,user205@gmail.com,250g_500g,home_compost,no
1210,user206@gmail.com,500g_1kg,community,monthly
1211,user207@gmail.com,250g_500g,community,weekly
1212,user208@gmail.com,more_1kg,biomethanation,weekly
1213,user209@gmail.com,500g_1kg,collector,no
1214,user210@gmail.com,500g_1kg,home_compost,weekly
1215,user211@gmail.com,500g_1kg,home_compost,daily
1216,user212@gmail.com,less_250g,worm_compost,monthly
1217,user213@gmail.com,more_1kg,biomethanation,no
1218,user214@gmail.com,500g_1kg,mixed,monthly
1219,user215@gmail.com,250g_500g,collector,weekly
1220,user216@gmail.com,250g_500g,biomethanation,no
1221,user217@gmail.com,500g_1kg,community,no
1222,user218@gmail.com,more_1kg,worm_compost,daily
1223,user219@gmail.com,500g_1kg,home_compost,no
1224,user220@gmail.com,250g_500g,worm_compost,weekly
1225,user221@gmail.com,500g_1kg,biomethanation,daily
1226,user222@gmail.com,more_1kg,worm_compost,daily
1227,user223@gmail.com,more_1kg,home_compost,monthly
1228,user224@gmail.com,250g_500g,biomethanation,monthly
1229,user225@gmail.com,500g_1kg,biomethanation,no
1230,user226@gmail.com,250g_500g,home_compost,monthly
1231,user227@gmail.com,500g_1kg,community,monthly
1232,user228@gmail.com,500g_1kg,community,weekly
1233,user229@gmail.com,500g_1kg,mixed,monthly
1234,user230@gmail.com,250g_500g,community,weekly
1235,user231@gmail.com,more_1kg,mixed,weekly
1236,user232@gmail.com,250g_500g,home_compost,weekly
1237,user233@gmail.com,250g_500g,biomethanation,monthly
1238,user234@gmail.com,500g_1kg,worm_compost,monthly
1239,user235@gmail.com,500g_1kg,biomethanation,monthly
1240,user236@gmail.com,500g_1kg,collector,monthly
1241,user237@gmail.com,500g_1kg,biomethanation,no
1242,user238@gmail.com,less_250g,worm_compost,monthly
1243,user239@gmail.com,250g_500g,home_compost,weekly
1244,user240@gmail.com,500g_1kg,collector,monthly
1245,user241@gmail.com,more_1kg,collector,monthly
1246,user242@gmail.com,500g_1kg,worm_compost,weekly
1247,user243@gmail.com,less_250g,community,no
1248,user244@gmail.com,250g_500g,home_compost,weekly
1249,user245@gmail.com,500g_1kg,biomethanation,daily
1250,user246@gmail.com,250g_500g,collector,weekly
1251,user247@gmail.com,500g_1kg,home_compost,no
1252,user248@gmail.com,250g_500g,community,monthly
1253,user249@gmail.com,500g_1kg,collector,daily
1254,user250@gmail.com,500g_1kg,community,daily
1255,user251@gmail.com,500g_1kg,home_compost,no
1256,user252@gmail.com,more_1kg,home_compost,weekly
1257,user253@gmail.com,500g_1kg,mixed,weekly
1258,user254@gmail.com,250g_500g,home_compost,weekly
1259,user255@gmail.com,500g_1kg,worm_compost,no
1260,user256@gmail.com,250g_500g,community,monthly
1261,user257@gmail.com,less_250g,mixed,daily
1262,user258@gmail.com,more_1kg,community,daily
1263,user259@gmail.com,500g_1kg,biomethanation,daily
1264,user260@gmail.com,500g_1kg,biomethanation,no
1265,user261@gmail.com,less_250g,mixed,weekly
1266,user262@gmail.com,500g_1kg,biomethanation,weekly
1267,user263@gmail.com,more_1kg,home_compost,daily
1268,user264@gmail.com,250g_500g,mixed,daily
1269,user265@gmail.com,250g_500g,biomethanation,no
1270,user266@gmail.com,500g_1kg,mixed,no
1271,user267@gmail.com,500g_1kg,home_compost,daily
1272,user268@gmail.com,more_1kg,community,no
1273,user269@gmail.com,less_250g,community,daily
1274,user270@gmail.com,250g_500g,mixed,monthly
1275,user271@gmail.com,500g_1kg,home_compost,weekly
1276,user272@gmail.com,250g_500g,worm_compost,no
1277,user273@gmail.com,500g_1kg,community,daily
1278,user274@gmail.com,500g_1kg,community,weekly
1279,user275@gmail.com,250g_500g,mixed,no
1280,user276@gmail.com,250g_500g,collector,monthly
1281,user277@gmail.com,500g_1kg,home_compost,weekly
1282,user278@gmail.com,500g_1kg,community,no
1283,user279@gmail.com,250g_500g,collector,monthly
1284,user280@gmail.com,250g_500g,collector,daily
1285,user281@gmail.com,500g_1kg,home_compost,weekly
1286,user282@gmail.com,500g_1kg,biomethanation,no
1287,user283@gmail.com,less_250g,community,monthly
1288,user284@gmail.com,250g_500g,community,no
1289,user285@gmail.com,500g_1kg,worm_compost,weekly
1290,user286@gmail.com,500g_1kg,collector,weekly
1291,user287@gmail.com,250g_500g,collector,no
1292,user288@gmail.com,500g_1kg,biomethanation,weekly
1293,user289@gmail.com,500g_1kg,community,monthly
1294,user290@gmail.com,500g_1kg,home_compost,weekly
1295,user291@gmail.com,250g_500g,mixed,no
1296,user292@gmail.com,500g_1kg,home_compost,daily
1297,user293@gmail.com,less_250g,home_compost,no
1298,user294@gmail.com,250g_500g,biomethanation,no
1299,user295@gmail.com,250g_500g,home_compost,daily
1300,user296@gmail.com,250g_500g,home_compost,daily
1301,user297@gmail.com,500g_1kg,community,daily
1302,user298@gmail.com,250g_500g,mixed,no
1303,user299@gmail.com,more_1kg,mixed,monthly
1304,user300@gmail.com,250g_500g,mixed,weekly
1305,user301@gmail.com,250g_500g,home_compost,no
1306,user302@gmail.com,250g_500g,home_compost,daily
1307,user303@gmail.com,250g_500g,biomethanation,daily
1308,user304@gmail.com,more_1kg,home_compost,daily
1309,user305@gmail.com,500g_1kg,community,weekly
1310,user306@gmail.com,250g_500g,mixed,no
1311,user307@gmail.com,250g_500g,mixed,daily
1312,user308@gmail.com,250g_500g,home_compost,weekly
1313,user309@gmail.com,250g_500g,community,monthly
1314,user310@gmail.com,500g_1kg,worm_compost,daily
1315,user311@gmail.com,250g_500g,worm_compost,weekly
1316,user312@gmail.com,250g_500g,collector,weekly
1317,user313@gmail.com,250g_500g,collector,monthly
1318,user314@gmail.com,250g_500g,collector,monthly
1319,user315@gmail.com,250g_500g,home_compost,no
1320,user316@gmail.com,250g_500g,home_compost,weekly
1321,user317@gmail.com,more_1kg,home_compost,daily
1322,user318@gmail.com,less_250g,collector,no
1323,user319@gmail.com,500g_1kg,mixed,no
1324,user320@gmail.com,500g_1kg,collector,no
1325,user321@gmail.com,250g_500g,mixed,no
1326,user322@gmail.com,250g_500g,mixed,weekly
1327,user323@gmail.com,500g_1kg,mixed,monthly
1328,user324@gmail.com,250g_500g,collector,daily
1329,user325@gmail.com,250g_500g,biomethanation,no
1330,user326@gmail.com,250g_500g,worm_compost,daily
1331,user327@gmail.com,250g_500g,mixed,monthly
1332,user328@gmail.com,500g_1kg,mixed,weekly
1333,user329@gmail.com,500g_1kg,worm_compost,no
1334,user330@gmail.com,more_1kg,home_compost,daily
1335,user331@gmail.com,250g_500g,home_compost,monthly
1336,user332@gmail.com,250g_500g,community,daily
1337,user333@gmail.com,250g_500g,community,daily
1338,user334@gmail.com,250g_500g,mixed,no
1339,user335@gmail.com,250g_500g,community,daily
1340,user336@gmail.com,500g_1kg,worm_compost,monthly
1341,user337@gmail.com,more_1kg,worm_compost,daily
1342,user338@gmail.com,500g_1kg,collector,daily
1343,user339@gmail.com,250g_500g,home_compost,monthly
1344,user340@gmail.com,500g_1kg,home_compost,daily
1345,user341@gmail.com,500g_1kg,collector,daily
1346,user342@gmail.com,250g_500g,community,no
1347,user343@gmail.com,250g_500g,collector,no
1348,user344@gmail.com,500g_1kg,worm_compost,weekly
1349,user345@gmail.com,500g_1kg,mixed,no
1350,user346@gmail.com,250g_500g,community,daily
1351,user347@gmail.com,500g_1kg,home_compost,monthly
1352,user348@gmail.com,250g_500g,worm_compost,daily
1353,user349@gmail.com,more_1kg,collector,no
1354,user350@gmail.com,250g_500g,biomethanation,monthly
1355,user351@gmail.com,250g_500g,collector,weekly
1356,user352@gmail.com,500g_1kg,home_compost,monthly
1357,user353@gmail.com,more_1kg,worm_compost,monthly
1358,user354@gmail.com,500g_1kg,community,daily
1359,user355@gmail.com,more_1kg,collector,weekly
1360,user356@gmail.com,more_1kg,biomethanation,monthly
1361,user357@gmail.com,250g_500g,worm_compost,no
1362,user358@gmail.com,250g_500g,biomethanation,monthly
1363,user359@gmail.com,more_1kg,collector,no
1364,user360@gmail.com,500g_1kg,mixed,weekly
1365,user361@gmail.com,more_1kg,community,monthly
1366,user362@gmail.com,500g_1kg,mixed,weekly
1367,user363@gmail.com,500g_1kg,biomethanation,monthly
1368,user364@gmail.com,250g_500g,collector,monthly
1369,user365@gmail.com,500g_1kg,biomethanation,no
1370,user366@gmail.com,less_250g,worm_compost,monthly
1371,user367@gmail.com,250g_500g,community,no
1372,user368@gmail.com,250g_500g,home_compost,no
1373,user369@gmail.com,250g_500g,community,daily
1374,user370@gmail.com,less_250g,home_compost,monthly
1375,user371@gmail.com,less_250g,home_compost,monthly
1376,user372@gmail.com,500g_1kg,mixed,daily
1377,user373@gmail.com,250g_500g,mixed,daily
1378,user374@gmail.com,500g_1kg,mixed,monthly
1379,user375@gmail.com,250g_500g,biomethanation,no
1380,user376@gmail.com,500g_1kg,biomethanation,weekly
1381,user377@gmail.com,250g_500g,biomethanation,no
1382,user378@gmail.com,250g_500g,mixed,daily
1383,user379@gmail.com,500g_1kg,worm_compost,daily
1384,user380@gmail.com,250g_500g,home_compost,no
1385,user381@gmail.com,250g_500g,mixed,weekly
1386,user382@gmail.com,250g_500g,worm_compost,no
1387,user383@gmail.com,more_1kg,worm_compost,monthly
1388,user384@gmail.com,less_250g,home_compost,weekly
1389,user385@gmail.com,less_250g,worm_compost,weekly
1390,user386@gmail.com,500g_1kg,community,no
1391,user387@gmail.com,500g_1kg,home_compost,monthly
1392,user388@gmail.com,250g_500g,biomethanation,no
1393,user389@gmail.com,more_1kg,community,no
1394,user390@gmail.com,500g_1kg,biomethanation,monthly
1395,user391@gmail.com,500g_1kg,worm_compost,no
1396,user392@gmail.com,250g_500g,mixed,no
1397,user393@gmail.com,250g_500g,community,no
1398,user394@gmail.com,250g_500g,collector,monthly
1399,user395@gmail.com,less_250g,community,no
1400,user396@gmail.com,250g_500g,mixed,no
1401,user397@gmail.com,500g_1kg,home_compost,daily
1402,user398@gmail.com,500g_1kg,mixed,daily
1403,user399@gmail.com,250g_500g,community,daily
1404,user400@gmail.com,500g_1kg,biomethanation,no
1405,user401@gmail.com,250g_500g,mixed,weekly
1406,user402@gmail.com,500g_1kg,home_compost,weekly
1407,user403@gmail.com,250g_500g,mixed,daily
1408,user404@gmail.com,500g_1kg,biomethanation,daily
1409,user405@gmail.com,500g_1kg,collector,no
1410,user406@gmail.com,250g_500g,mixed,daily
1411,user407@gmail.com,500g_1kg,worm_compost,no
1412,user408@gmail.com,500g_1kg,community,monthly
1413,user409@gmail.com,500g_1kg,collector,weekly
1414,user410@gmail.com,less_250g,home_compost,daily
1415,user411@gmail.com,500g_1kg,home_compost,no
1416,user412@gmail.com,250g_500g,community,weekly
1417,user413@gmail.com,250g_500g,mixed,weekly
1418,user414@gmail.com,500g_1kg,worm_compost,weekly
1419,user415@gmail.com,500g_1kg,mixed,no
1420,user416@gmail.com,250g_500g,mixed,monthly
1421,user417@gmail.com,250g_500g,home_compost,monthly
1422,user418@gmail.com,250g_500g,community,monthly
1423,user419@gmail.com,more_1kg,collector,monthly
1424,user420@gmail.com,less_250g,biomethanation,daily
1425,user421@gmail.com,500g_1kg,collector,daily
1426,user422@gmail.com,500g_1kg,community,no
1427,user423@gmail.com,250g_500g,mixed,no
1428,user424@gmail.com,250g_500g,community,monthly
1429,user425@gmail.com,more_1kg,collector,weekly
1430,user426@gmail.com,more_1kg,worm_compost,monthly
1431,user427@gmail.com,250g_500g,mixed,no
1432,user428@gmail.com,500g_1kg,worm_compost,daily
1433,user429@gmail.com,250g_500g,home_compost,no
1434,user430@gmail.com,250g_500g,collector,daily
1435,user431@gmail.com,250g_500g,community,monthly
1436,user432@gmail.com,250g_500g,mixed,daily
1437,user433@gmail.com,500g_1kg,collector,daily
1438,user434@gmail.com,less_250g,community,no
1439,user435@gmail.com,250g_500g,collector,monthly
1440,user436@gmail.com,250g_500g,collector,no
1441,user437@gmail.com,500g_1kg,home_compost,daily
1442,user438@gmail.com,500g_1kg,mixed,no
1443,user439@gmail.com,250g_500g,home_compost,monthly
1444,user440@gmail.com,more_1kg,biomethanation,no
1445,user441@gmail.com,500g_1kg,worm_compost,no
1446,user442@gmail.com,500g_1kg,mixed,daily
1447,user443@gmail.com,250g_500g,worm_compost,daily
1448,user444@gmail.com,250g_500g,worm_compost,weekly
1449,user445@gmail.com,250g_500g,community,daily
1450,user446@gmail.com,250g_500g,biomethanation,monthly
1451,user447@gmail.com,500g_1kg,worm_compost,monthly
1452,user448@gmail.com,500g_1kg,mixed,no
1453,user449@gmail.com,250g_500g,biomethanation,weekly
1454,user450@gmail.com,250g_500g,home_compost,daily
1455,user451@gmail.com,500g_1kg,community,daily
1456,user452@gmail.com,250g_500g,worm_compost,no
1457,user453@gmail.com,less_250g,worm_compost,weekly
1458,user454@gmail.com,more_1kg,worm_compost,daily
1459,user455@gmail.com,500g_1kg,mixed,monthly
1460,user456@gmail.com,more_1kg,mixed,no
1461,user457@gmail.com,less_250g,biomethanation,no
1462,user458@gmail.com,500g_1kg,community,daily
1463,user459@gmail.com,250g_500g,worm_compost,monthly
1464,user460@gmail.com,more_1kg,biomethanation,daily
1465,user461@gmail.com,250g_500g,worm_compost,monthly
1466,user462@gmail.com,more_1kg,collector,daily
1467,user463@gmail.com,250g_500g,mixed,weekly
1468,user464@gmail.com,250g_500g,collector,no
1469,user465@gmail.com,500g_1kg,biomethanation,daily
1470,user466@gmail.com,500g_1kg,mixed,weekly
1471,user467@gmail.com,more_1kg,worm_compost,no
1472,user468@gmail.com,250g_500g,biomethanation,weekly
1473,user469@gmail.com,less_250g,home_compost,monthly
1474,user470@gmail.com,250g_500g,biomethanation,weekly
1475,user471@gmail.com,250g_500g,home_compost,weekly
1476,user472@gmail.com,250g_500g,community,no
1477,user473@gmail.com,500g_1kg,worm_compost,weekly
1478,user474@gmail.com,more_1kg,community,daily
1479,user475@gmail.com,250g_500g,community,no
1480,user476@gmail.com,250g_500g,mixed,monthly
1481,user477@gmail.com,250g_500g,community,monthly
1482,user478@gmail.com,500g_1kg,collector,no
1483,user479@gmail.com,500g_1kg,home_compost,weekly
1484,user480@gmail.com,250g_500g,mixed,no
1485,user481@gmail.com,more_1kg,community,no
1486,user482@gmail.com,500g_1kg,mixed,monthly
1487,user483@gmail.com,250g_500g,worm_compost,daily
1488,user484@gmail.com,less_250g,biomethanation,weekly
1489,user485@gmail.com,500g_1kg,community,no
1490,user486@gmail.com,250g_500g,biomethanation,weekly
1491,user487@gmail.com,250g_500g,worm_compost,daily
1492,user488@gmail.com,500g_1kg,collector,monthly
1493,user489@gmail.com,250g_500g,collector,daily
1494,user490@gmail.com,more_1kg,collector,daily
1495,user491@gmail.com,500g_1kg,worm_compost,weekly
1496,user492@gmail.com,500g_1kg,mixed,monthly
1497,user493@gmail.com,500g_1kg,worm_compost,monthly
1498,user494@gmail.com,less_250g,biomethanation,no
1499,user495@gmail.com,500g_1kg,community,weekly
1500,user496@gmail.com,250g_500g,biomethanation,no
1501,user497@gmail.com,250g_500g,collector,monthly
1502,user498@gmail.com,250g_500g,home_compost,weekly
1503,user499@gmail.com,500g_1kg,collector,monthly
1504,user500@gmail.com,500g_1kg,biomethanation,monthly
1505,user1@gmail.com,500g_1kg,worm_compost,monthly
1506,user2@gmail.com,more_1kg,home_compost,daily
1507,user3@gmail.com,500g_1kg,mixed,monthly
1508,user4@gmail.com,500g_1kg,mixed,monthly
1509,user5@gmail.com,less_250g,mixed,daily
1510,user6@gmail.com,500g_1kg,worm_compost,weekly
1511,user7@gmail.com,250g_500g,mixed,no
1512,user8@gmail.com,500g_1kg,worm_compost,weekly
1513,user9@gmail.com,250g_500g,home_compost,no
1514,user10@gmail.com,500g_1kg,biomethanation,no
1515,user11@gmail.com,more_1kg,community,monthly
1516,user12@gmail.com,500g_1kg,biomethanation,no
1517,user13@gmail.com,500g_1kg,worm_compost,daily
1518,user14@gmail.com,250g_500g,home_compost,daily
1519,user15@gmail.com,500g_1kg,biomethanation,no
1520,user16@gmail.com,500g_1kg,worm_compost,monthly
1521,user17@gmail.com,500g_1kg,community,daily
1522,user18@gmail.com,500g_1kg,biomethanation,monthly
1523,user19@gmail.com,more_1kg,community,no
1524,user20@gmail.com,500g_1kg,biomethanation,no
1525,user21@gmail.com,250g_500g,community,monthly
1526,user22@gmail.com,500g_1kg,worm_compost,monthly
1527,user23@gmail.com,250g_500g,worm_compost,no
1528,user24@gmail.com,500g_1kg,mixed,no
1529,user25@gmail.com,500g_1kg,mixed,no
1530,user26@gmail.com,500g_1kg,worm_compost,monthly
1531,user27@gmail.com,250g_500g,home_compost,monthly
1532,user28@gmail.com,500g_1kg,mixed,no
1533,user29@gmail.com,500g_1kg,community,monthly
1534,user30@gmail.com,500g_1kg,home_compost,no
1535,user31@gmail.com,250g_500g,collector,weekly
1536,user32@gmail.com,250g_500g,mixed,monthly
1537,user33@gmail.com,more_1kg,community,weekly
1538,user34@gmail.com,500g_1kg,collector,daily
1539,user35@gmail.com,500g_1kg,home_compost,daily
1540,user36@gmail.com,500g_1kg,mixed,no
1541,user37@gmail.com,more_1kg,home_compost,weekly
1542,user38@gmail.com,500g_1kg,collector,daily
1543,user39@gmail.com,more_1kg,collector,no
1544,user40@gmail.com,less_250g,worm_compost,no
1545,user41@gmail.com,500g_1kg,collector,no
1546,user42@gmail.com,250g_500g,home_compost,monthly
1547,user43@gmail.com,less_250g,community,no
1548,user44@gmail.com,500g_1kg,mixed,monthly
1549,user45@gmail.com,500g_1kg,home_compost,weekly
1550,user46@gmail.com,250g_500g,community,monthly
1551,user47@gmail.com,250g_500g,worm_compost,weekly
1552,user48@gmail.com,500g_1kg,mixed,monthly
1553,user49@gmail.com,250g_500g,worm_compost,no
1554,user50@gmail.com,250g_500g,biomethanation,daily
1555,user51@gmail.com,500g_1kg,mixed,no
1556,user52@gmail.com,250g_500g,worm_compost,weekly
1557,user53@gmail.com,250g_500g,mixed,daily
1558,user54@gmail.com,250g_500g,mixed,monthly
1559,user55@gmail.com,more_1kg,worm_compost,weekly
1560,user56@gmail.com,250g_500g,collector,no
1561,user57@gmail.com,250g_500g,mixed,monthly
1562,user58@gmail.com,250g_500g,home_compost,daily
1563,user59@gmail.com,250g_500g,home_compost,monthly
1564,user60@gmail.com,250g_500g,home_compost,daily
1565,user61@gmail.com,500g_1kg,home_compost,daily
1566,user62@gmail.com,250g_500g,community,no
1567,user63@gmail.com,250g_500g,collector,daily
1568,user64@gmail.com,500g_1kg,worm_compost,weekly
1569,user65@gmail.com,more_1kg,biomethanation,monthly
1570,user66@gmail.com,500g_1kg,biomethanation,daily
1571,user67@gmail.com,250g_500g,community,no
1572,user68@gmail.com,250g_500g,mixed,weekly
1573,user69@gmail.com,less_250g,home_compost,monthly
1574,user70@gmail.com,500g_1kg,biomethanation,monthly
1575,user71@gmail.com,more_1kg,home_compost,no
1576,user72@gmail.com,250g_500g,biomethanation,daily
1577,user73@gmail.com,500g_1kg,worm_compost,daily
1578,user74@gmail.com,500g_1kg,worm_compost,weekly
1579,user75@gmail.com,250g_500g,community,monthly
1580,user76@gmail.com,250g_500g,worm_compost,daily
1581,user77@gmail.com,250g_500g,biomethanation,monthly
1582,user78@gmail.com,500g_1kg,mixed,daily
1583,user79@gmail.com,250g_500g,biomethanation,monthly
1584,user80@gmail.com,500g_1kg,worm_compost,monthly
1585,user81@gmail.com,250g_500g,biomethanation,weekly
1586,user82@gmail.com,500g_1kg,biomethanation,monthly
1587,user83@gmail.com,250g_500g,community,monthly
1588,user84@gmail.com,250g_500g,biomethanation,no
1589,user85@gmail.com,250g_500g,worm_compost,weekly
1590,user86@gmail.com,250g_500g,collector,weekly
1591,user87@gmail.com,250g_500g,biomethanation,weekly
1592,user88@gmail.com,500g_1kg,worm_compost,daily
1593,user89@gmail.com,250g_500g,worm_compost,weekly
1594,user90@gmail.com,less_250g,mixed,weekly
1595,user91@gmail.com,more_1kg,collector,no
1596,user92@gmail.com,500g_1kg,collector,no
1597,user93@gmail.com,250g_500g,worm_compost,weekly
1598,user94@gmail.com,less_250g,collector,no
1599,user95@gmail.com,500g_1kg,community,daily
1600,user96@gmail.com,250g_500g,biomethanation,monthly
1601,user97@gmail.com,500g_1kg,home_compost,weekly
1602,user98@gmail.com,250g_500g,community,weekly
1603,user99@gmail.com,less_250g,home_compost,weekly
1604,user100@gmail.com,250g_500g,mixed,daily
1605,user101@gmail.com,250g_500g,biomethanation,no
1606,user102@gmail.com,less_250g,community,weekly
1607,user103@gmail.com,250g_500g,biomethanation,weekly
1608,user104@gmail.com,500g_1kg,mixed,daily
1609,user105@gmail.com,250g_500g,home_compost,no
1610,user106@gmail.com,250g_500g,collector,monthly
1611,user107@gmail.com,less_250g,collector,no
1612,user108@gmail.com,500g_1kg,mixed,no
1613,user109@gmail.com,250g_500g,home_compost,monthly
1614,user110@gmail.com,250g_500g,community,weekly
1615,user111@gmail.com,500g_1kg,home_compost,weekly
1616,user112@gmail.com,500g_1kg,home_compost,daily
1617,user113@gmail.com,500g_1kg,home_compost,monthly
1618,user114@gmail.com,500g_1kg,collector,monthly
1619,user115@gmail.com,less_250g,community,daily
1620,user116@gmail.com,500g_1kg,community,monthly
1621,user117@gmail.com,500g_1kg,community,monthly
1622,user118@gmail.com,250g_500g,collector,no
1623,user119@gmail.com,500g_1kg,biomethanation,monthly
1624,user120@gmail.com,250g_500g,home_compost,no
1625,user121@gmail.com,250g_500g,community,daily
1626,user122@gmail.com,more_1kg,community,weekly
1627,user123@gmail.com,500g_1kg,home_compost,monthly
1628,user124@gmail.com,500g_1kg,community,no
1629,user125@gmail.com,less_250g,collector,monthly
1630,user126@gmail.com,500g_1kg,collector,daily
1631,user127@gmail.com,500g_1kg,community,daily
1632,user128@gmail.com,250g_500g,home_compost,weekly
1633,user129@gmail.com,250g_500g,biomethanation,monthly
1634,user130@gmail.com,500g_1kg,home_compost,no
1635,user131@gmail.com,more_1kg,home_compost,weekly
1636,user132@gmail.com,500g_1kg,worm_compost,weekly
1637,user133@gmail.com,500g_1kg,worm_compost,daily
1638,user134@gmail.com,500g_1kg,collector,daily
1639,user135@gmail.com,500g_1kg,mixed,daily
1640,user136@gmail.com,500g_1kg,collector,daily
1641,user137@gmail.com,less_250g,home_compost,daily
1642,user138@gmail.com,500g_1kg,home_compost,monthly
1643,user139@gmail.com,500g_1kg,home_compost,monthly
1644,user140@gmail.com,500g_1kg,mixed,weekly
1645,user141@gmail.com,500g_1kg,collector,monthly
1646,user142@gmail.com,more_1kg,community,no
1647,user143@gmail.com,less_250g,mixed,daily
1648,user144@gmail.com,more_1kg,home_compost,no
1649,user145@gmail.com,250g_500g,collector,monthly
1650,user146@gmail.com,500g_1kg,biomethanation,weekly
1651,user147@gmail.com,less_250g,home_compost,no
1652,user148@gmail.com,more_1kg,collector,weekly
1653,user149@gmail.com,500g_1kg,worm_compost,no
1654,user150@gmail.com,500g_1kg,collector,weekly
1655,user151@gmail.com,less_250g,home_compost,no
1656,user152@gmail.com,less_250g,home_compost,no
1657,user153@gmail.com,500g_1kg,community,monthly
1658,user154@gmail.com,500g_1kg,community,weekly
1659,user155@gmail.com,250g_500g,worm_compost,monthly
1660,user156@gmail.com,more_1kg,biomethanation,daily
1661,user157@gmail.com,more_1kg,biomethanation,no
1662,user158@gmail.com,250g_500g,home_compost,monthly
1663,user159@gmail.com,250g_500g,home_compost,no
1664,user160@gmail.com,500g_1kg,home_compost,daily
1665,user161@gmail.com,500g_1kg,worm_compost,daily
1666,user162@gmail.com,500g_1kg,home_compost,monthly
1667,user163@gmail.com,250g_500g,community,daily
1668,user164@gmail.com,more_1kg,worm_compost,monthly
1669,user165@gmail.com,250g_500g,home_compost,weekly
1670,user166@gmail.com,250g_500g,home_compost,daily
1671,user167@gmail.com,500g_1kg,worm_compost,no
1672,user168@gmail.com,more_1kg,mixed,weekly
1673,user169@gmail.com,500g_1kg,biomethanation,daily
1674,user170@gmail.com,500g_1kg,biomethanation,no
1675,user171@gmail.com,250g_500g,mixed,daily
1676,user172@gmail.com,500g_1kg,mixed,no
1677,user173@gmail.com,500g_1kg,collector,no
1678,user174@gmail.com,250g_500g,community,monthly
1679,user175@gmail.com,less_250g,collector,no
1680,user176@gmail.com,500g_1kg,home_compost,monthly
1681,user177@gmail.com,250g_500g,community,weekly
1682,user178@gmail.com,500g_1kg,mixed,weekly
1683,user179@gmail.com,250g_500g,community,monthly
1684,user180@gmail.com,250g_500g,mixed,weekly
1685,user181@gmail.com,500g_1kg,collector,monthly
1686,user182@gmail.com,more_1kg,home_compost,monthly
1687,user183@gmail.com,500g_1kg,home_compost,monthly
1688,user184@gmail.com,250g_500g,biomethanation,no
1689,user185@gmail.com,less_250g,community,no
1690,user186@gmail.com,500g_1kg,mixed,no
1691,user187@gmail.com,250g_500g,community,no
1692,user188@gmail.com,500g_1kg,worm_compost,weekly
1693,user189@gmail.com,more_1kg,community,no
1694,user190@gmail.com,more_1kg,collector,daily
1695,user191@gmail.com,500g_1kg,community,daily
1696,user192@gmail.com,250g_500g,home_compost,weekly
1697,user193@gmail.com,more_1kg,collector,monthly
1698,user194@gmail.com,500g_1kg,community,weekly
1699,user195@gmail.com,500g_1kg,worm_compost,monthly
1700,user196@gmail.com,500g_1kg,mixed,daily
1701,user197@gmail.com,250g_500g,collector,monthly
1702,user198@gmail.com,500g_1kg,mixed,monthly
1703,user199@gmail.com,less_250g,community,weekly
1704,user200@gmail.com,250g_500g,community,no
1705,user201@gmail.com,more_1kg,home_compost,no
1706,user202@gmail.com,more_1kg,community,weekly
1707,user203@gmail.com,500g_1kg,home_compost,no
1708,user204@gmail.com,250g_500g,collector,no
1709,user205@gmail.com,250g_500g,collector,daily
1710,user206@gmail.com,500g_1kg,collector,monthly
1711,user207@gmail.com,more_1kg,worm_compost,weekly
1712,user208@gmail.com,500g_1kg,mixed,monthly
1713,user209@gmail.com,more_1kg,worm_compost,no
1714,user210@gmail.com,250g_500g,biomethanation,daily
1715,user211@gmail.com,500g_1kg,collector,no
1716,user212@gmail.com,more_1kg,worm_compost,weekly
1717,user213@gmail.com,more_1kg,mixed,weekly
1718,user214@gmail.com,more_1kg,worm_compost,no
1719,user215@gmail.com,more_1kg,home_compost,monthly
1720,user216@gmail.com,250g_500g,home_compost,no
1721,user217@gmail.com,250g_500g,home_compost,weekly
1722,user218@gmail.com,500g_1kg,collector,monthly
1723,user219@gmail.com,250g_500g,biomethanation,monthly
1724,user220@gmail.com,500g_1kg,collector,monthly
1725,user221@gmail.com,250g_500g,collector,no
1726,user222@gmail.com,more_1kg,collector,daily
1727,user223@gmail.com,250g_500g,mixed,monthly
1728,user224@gmail.com,less_250g,home_compost,weekly
1729,user225@gmail.com,more_1kg,worm_compost,monthly
1730,user226@gmail.com,500g_1kg,mixed,no
1731,user227@gmail.com,250g_500g,mixed,daily
1732,user228@gmail.com,250g_500g,mixed,weekly
1733,user229@gmail.com,less_250g,mixed,daily
1734,user230@gmail.com,250g_500g,mixed,daily
1735,user231@gmail.com,500g_1kg,worm_compost,weekly
1736,user232@gmail.com,more_1kg,worm_compost,daily
1737,user233@gmail.com,500g_1kg,mixed,daily
1738,user234@gmail.com,250g_500g,community,daily
1739,user235@gmail.com,250g_500g,biomethanation,no
1740,user236@gmail.com,500g_1kg,collector,weekly
1741,user237@gmail.com,250g_500g,collector,monthly
1742,user238@gmail.com,250g_500g,home_compost,monthly
1743,user239@gmail.com,500g_1kg,community,weekly
1744,user240@gmail.com,500g_1kg,biomethanation,weekly
1745,user241@gmail.com,250g_500g,biomethanation,no
1746,user242@gmail.com,more_1kg,collector,weekly
1747,user243@gmail.com,less_250g,home_compost,monthly
1748,user244@gmail.com,500g_1kg,community,daily
1749,user245@gmail.com,250g_500g,biomethanation,weekly
1750,user246@gmail.com,250g_500g,collector,no
1751,user247@gmail.com,500g_1kg,home_compost,weekly
1752,user248@gmail.com,more_1kg,collector,monthly
1753,user249@gmail.com,250g_500g,worm_compost,monthly
1754,user250@gmail.com,less_250g,home_compost,no
1755,user251@gmail.com,500g_1kg,home_compost,no
1756,user252@gmail.com,250g_500g,collector,monthly
1757,user253@gmail.com,less_250g,community,no
1758,user254@gmail.com,250g_500g,home_compost,weekly
1759,user255@gmail.com,less_250g,mixed,monthly
1760,user256@gmail.com,500g_1kg,community,no
1761,user257@gmail.com,250g_500g,biomethanation,weekly
1762,user258@gmail.com,250g_500g,home_compost,weekly
1763,user259@gmail.com,250g_500g,biomethanation,monthly
1764,user260@gmail.com,500g_1kg,collector,daily
1765,user261@gmail.com,500g_1kg,worm_compost,weekly
1766,user262@gmail.com,250g_500g,collector,no
1767,user263@gmail.com,250g_500g,collector,weekly
1768,user264@gmail.com,500g_1kg,mixed,no
1769,user265@gmail.com,500g_1kg,home_compost,monthly
1770,user266@gmail.com,more_1kg,biomethanation,monthly
1771,user267@gmail.com,250g_500g,home_compost,no
1772,user268@gmail.com,less_250g,community,monthly
1773,user269@gmail.com,more_1kg,mixed,weekly
1774,user270@gmail.com,500g_1kg,worm_compost,monthly
1775,user271@gmail.com,more_1kg,biomethanation,monthly
1776,user272@gmail.com,500g_1kg,home_compost,no
1777,user273@gmail.com,500g_1kg,biomethanation,monthly
1778,user274@gmail.com,250g_500g,home_compost,weekly
1779,user275@gmail.com,250g_500g,biomethanation,monthly
1780,user276@gmail.com,more_1kg,home_compost,no
1781,user277@gmail.com,500g_1kg,community,weekly
1782,user278@gmail.com,250g_500g,biomethanation,monthly
1783,user279@gmail.com,250g_500g,home_compost,daily
1784,user280@gmail.com,less_250g,biomethanation,weekly
1785,user281@gmail.com,500g_1kg,worm_compost,monthly
1786,user282@gmail.com,less_250g,mixed,weekly
1787,user283@gmail.com,more_1kg,collector,monthly
1788,user284@gmail.com,more_1kg,community,weekly
1789,user285@gmail.com,250g_500g,biomethanation,monthly
1790,user286@gmail.com,500g_1kg,home_compost,daily
1791,user287@gmail.com,250g_500g,biomethanation,no
1792,user288@gmail.com,500g_1kg,biomethanation,daily
1793,user289@gmail.com,500g_1kg,home_compost,daily
1794,user290@gmail.com,500g_1kg,collector,no
1795,user291@gmail.com,more_1kg,biomethanation,daily
1796,user292@gmail.com,500g_1kg,mixed,monthly
1797,user293@gmail.com,less_250g,home_compost,monthly
1798,user294@gmail.com,more_1kg,home_compost,no
1799,user295@gmail.com,more_1kg,biomethanation,monthly
1800,user296@gmail.com,500g_1kg,mixed,weekly
1801,user297@gmail.com,more_1kg,collector,weekly
1802,user298@gmail.com,500g_1kg,home_compost,daily
1803,user299@gmail.com,less_250g,worm_compost,monthly
1804,user300@gmail.com,500g_1kg,home_compost,daily
1805,user301@gmail.com,250g_500g,mixed,daily
1806,user302@gmail.com,more_1kg,collector,weekly
1807,user303@gmail.com,250g_500g,home_compost,no
1808,user304@gmail.com,250g_500g,worm_compost,no
1809,user305@gmail.com,250g_500g,community,weekly
1810,user306@gmail.com,250g_500g,community,weekly
1811,user307@gmail.com,250g_500g,worm_compost,no
1812,user308@gmail.com,500g_1kg,worm_compost,monthly
1813,user309@gmail.com,more_1kg,home_compost,monthly
1814,user310@gmail.com,250g_500g,worm_compost,weekly
1815,user311@gmail.com,250g_500g,home_compost,weekly
1816,user312@gmail.com,250g_500g,worm_compost,no
1817,user313@gmail.com,500g_1kg,home_compost,weekly
1818,user314@gmail.com,250g_500g,biomethanation,weekly
1819,user315@gmail.com,500g_1kg,community,weekly
1820,user316@gmail.com,250g_500g,mixed,weekly
1821,user317@gmail.com,500g_1kg,collector,no
1822,user318@gmail.com,more_1kg,biomethanation,monthly
1823,user319@gmail.com,500g_1kg,community,monthly
1824,user320@gmail.com,less_250g,worm_compost,monthly
1825,user321@gmail.com,250g_500g,mixed,daily
1826,user322@gmail.com,500g_1kg,mixed,daily
1827,user323@gmail.com,250g_500g,home_compost,weekly
1828,user324@gmail.com,250g_500g,worm_compost,daily
1829,user325@gmail.com,250g_500g,community,monthly
1830,user326@gmail.com,500g_1kg,mixed,no
1831,user327@gmail.com,500g_1kg,home_compost,no
1832,user328@gmail.com,250g_500g,worm_compost,daily
1833,user329@gmail.com,250g_500g,mixed,weekly
1834,user330@gmail.com,250g_500g,mixed,weekly
1835,user331@gmail.com,500g_1kg,collector,no
1836,user332@gmail.com,500g_1kg,biomethanation,weekly
1837,user333@gmail.com,less_250g,worm_compost,no
1838,user334@gmail.com,500g_1kg,collector,monthly
1839,user335@gmail.com,more_1kg,worm_compost,weekly
1840,user336@gmail.com,250g_500g,mixed,weekly
1841,user337@gmail.com,500g_1kg,community,daily
1842,user338@gmail.com,500g_1kg,biomethanation,weekly
1843,user339@gmail.com,500g_1kg,mixed,no
1844,user340@gmail.com,250g_500g,worm_compost,no
1845,user341@gmail.com,250g_500g,biomethanation,daily
1846,user342@gmail.com,250g_500g,community,no
1847,user343@gmail.com,250g_500g,collector,weekly
1848,user344@gmail.com,500g_1kg,community,monthly
1849,user345@gmail.com,500g_1kg,collector,daily
1850,user346@gmail.com,250g_500g,community,weekly
1851,user347@gmail.com,less_250g,biomethanation,monthly
1852,user348@gmail.com,250g_500g,home_compost,weekly
1853,user349@gmail.com,500g_1kg,community,weekly
1854,user350@gmail.com,500g_1kg,collector,monthly
1855,user351@gmail.com,250g_500g,home_compost,daily
1856,user352@gmail.com,250g_500g,mixed,no
1857,user353@gmail.com,less_250g,mixed,monthly
1858,user354@gmail.com,250g_500g,collector,daily
1859,user355@gmail.com,less_250g,mixed,no
1860,user356@gmail.com,more_1kg,community,monthly
1861,user357@gmail.com,250g_500g,home_compost,monthly
1862,user358@gmail.com,more_1kg,biomethanation,weekly
1863,user359@gmail.com,250g_500g,collector,weekly
1864,user360@gmail.com,250g_500g,mixed,weekly
1865,user361@gmail.com,500g_1kg,home_compost,no
1866,user362@gmail.com,250g_500g,community,daily
1867,user363@gmail.com,500g_1kg,biomethanation,daily
1868,user364@gmail.com,250g_500g,biomethanation,monthly
1869,user365@gmail.com,500g_1kg,mixed,weekly
1870,user366@gmail.com,250g_500g,biomethanation,weekly
1871,user367@gmail.com,500g_1kg,community,weekly
1872,user368@gmail.com,250g_500g,worm_compost,no
1873,user369@gmail.com,250g_500g,home_compost,no
1874,user370@gmail.com,250g_500g,home_compost,monthly
1875,user371@gmail.com,more_1kg,worm_compost,weekly
1876,user372@gmail.com,more_1kg,mixed,daily
1877,user373@gmail.com,500g_1kg,mixed,no
1878,user374@gmail.com,500g_1kg,worm_compost,weekly
1879,user375@gmail.com,250g_500g,biomethanation,daily
1880,user376@gmail.com,500g_1kg,biomethanation,daily
1881,user377@gmail.com,more_1kg,home_compost,monthly
1882,user378@gmail.com,less_250g,mixed,daily
1883,user379@gmail.com,more_1kg,collector,weekly
1884,user380@gmail.com,less_250g,biomethanation,no
1885,user381@gmail.com,more_1kg,community,no
1886,user382@gmail.com,500g_1kg,home_compost,daily
1887,user383@gmail.com,more_1kg,mixed,no
1888,user384@gmail.com,250g_500g,mixed,daily
1889,user385@gmail.com,250g_500g,collector,monthly
1890,user386@gmail.com,less_250g,biomethanation,daily
1891,user387@gmail.com,more_1kg,collector,daily
1892,user388@gmail.com,500g_1kg,community,weekly
1893,user389@gmail.com,500g_1kg,biomethanation,daily
1894,user390@gmail.com,250g_500g,collector,daily
1895,user391@gmail.com,500g_1kg,mixed,daily
1896,user392@gmail.com,250g_500g,community,no
1897,user393@gmail.com,less_250g,community,monthly
1898,user394@gmail.com,250g_500g,worm_compost,no
1899,user395@gmail.com,500g_1kg,worm_compost,weekly
1900,user396@gmail.com,500g_1kg,worm_compost,daily
1901,user397@gmail.com,250g_500g,home_compost,weekly
1902,user398@gmail.com,more_1kg,biomethanation,no
1903,user399@gmail.com,500g_1kg,collector,monthly
1904,user400@gmail.com,250g_500g,worm_compost,daily
1905,user401@gmail.com,500g_1kg,home_compost,daily
1906,user402@gmail.com,250g_500g,mixed,no
1907,user403@gmail.com,500g_1kg,worm_compost,daily
1908,user404@gmail.com,250g_500g,community,monthly
1909,user405@gmail.com,250g_500g,worm_compost,monthly
1910,user406@gmail.com,500g_1kg,home_compost,daily
1911,user407@gmail.com,500g_1kg,collector,monthly
1912,user408@gmail.com,250g_500g,worm_compost,weekly
1913,user409@gmail.com,500g_1kg,home_compost,monthly
1914,user410@gmail.com,500g_1kg,biomethanation,weekly
1915,user411@gmail.com,500g_1kg,mixed,monthly
1916,user412@gmail.com,more_1kg,biomethanation,monthly
1917,user413@gmail.com,more_1kg,mixed,monthly
1918,user414@gmail.com,250g_500g,community,daily
1919,user415@gmail.com,more_1kg,collector,daily
1920,user416@gmail.com,250g_500g,collector,weekly
1921,user417@gmail.com,500g_1kg,mixed,no
1922,user418@gmail.com,250g_500g,mixed,no
1923,user419@gmail.com,more_1kg,worm_compost,monthly
1924,user420@gmail.com,more_1kg,biomethanation,no
1925,user421@gmail.com,500g_1kg,mixed,no
1926,user422@gmail.com,250g_500g,biomethanation,weekly
1927,user423@gmail.com,500g_1kg,home_compost,weekly
1928,user424@gmail.com,500g_1kg,worm_compost,monthly
1929,user425@gmail.com,250g_500g,biomethanation,weekly
1930,user426@gmail.com,250g_500g,worm_compost,monthly
1931,user427@gmail.com,250g_500g,biomethanation,monthly
1932,user428@gmail.com,less_250g,mixed,monthly
1933,user429@gmail.com,250g_500g,worm_compost,daily
1934,user430@gmail.com,more_1kg,biomethanation,daily
1935,user431@gmail.com,250g_500g,collector,weekly
1936,user432@gmail.com,500g_1kg,mixed,monthly
1937,user433@gmail.com,250g_500g,worm_compost,daily
1938,user434@gmail.com,250g_500g,biomethanation,daily
1939,user435@gmail.com,250g_500g,collector,daily
1940,user436@gmail.com,250g_500g,biomethanation,weekly
1941,user437@gmail.com,500g_1kg,community,daily
1942,user438@gmail.com,500g_1kg,mixed,monthly
1943,user439@gmail.com,more_1kg,mixed,daily
1944,user440@gmail.com,250g_500g,biomethanation,weekly
1945,user441@gmail.com,more_1kg,collector,daily
1946,user442@gmail.com,more_1kg,community,weekly
1947,user443@gmail.com,500g_1kg,community,daily
1948,user444@gmail.com,250g_500g,home_compost,no
1949,user445@gmail.com,500g_1kg,home_compost,daily
1950,user446@gmail.com,250g_500g,biomethanation,daily
1951,user447@gmail.com,500g_1kg,worm_compost,monthly
1952,user448@gmail.com,more_1kg,community,daily
1953,user449@gmail.com,250g_500g,worm_compost,weekly
1954,user450@gmail.com,500g_1kg,community,daily
1955,user451@gmail.com,500g_1kg,mixed,daily
1956,user452@gmail.com,250g_500g,community,daily
1957,user453@gmail.com,250g_500g,home_compost,weekly
1958,user454@gmail.com,250g_500g,home_compost,weekly
1959,user455@gmail.com,250g_500g,collector,daily
1960,user456@gmail.com,500g_1kg,biomethanation,weekly
1961,user457@gmail.com,250g_500g,biomethanation,weekly
1962,user458@gmail.com,500g_1kg,home_compost,daily
1963,user459@gmail.com,250g_500g,biomethanation,daily
1964,user460@gmail.com,250g_500g,community,no
1965,user461@gmail.com,500g_1kg,home_compost,no
1966,user462@gmail.com,250g_500g,mixed,monthly
1967,user463@gmail.com,more_1kg,community,weekly
1968,user464@gmail.com,500g_1kg,worm_compost,weekly
1969,user465@gmail.com,500g_1kg,mixed,weekly
1970,user466@gmail.com,250g_500g,home_compost,daily
1971,user467@gmail.com,250g_500g,community,no
1972,user468@gmail.com,250g_500g,mixed,monthly
1973,user469@gmail.com,500g_1kg,collector,monthly
1974,user470@gmail.com,500g_1kg,worm_compost,daily
1975,user471@gmail.com,250g_500g,biomethanation,monthly
1976,user472@gmail.com,250g_500g,worm_compost,monthly
1977,user473@gmail.com,500g_1kg,worm_compost,monthly
1978,user474@gmail.com,less_250g,home_compost,no
1979,user475@gmail.com,500g_1kg,mixed,daily
1980,user476@gmail.com,less_250g,worm_compost,no
1981,user477@gmail.com,less_250g,mixed,weekly
1982,user478@gmail.com,less_250g,worm_compost,weekly
1983,user479@gmail.com,250g_500g,biomethanation,monthly
1984,user480@gmail.com,500g_1kg,mixed,no
1985,user481@gmail.com,250g_500g,home_compost,monthly
1986,user482@gmail.com,250g_500g,community,daily
1987,user483@gmail.com,more_1kg,home_compost,no
1988,user484@gmail.com,500g_1kg,worm_compost,weekly
1989,user485@gmail.com,250g_500g,worm_compost,monthly
1990,user486@gmail.com,250g_500g,home_compost,monthly
1991,user487@gmail.com,250g_500g,community,monthly
1992,user488@gmail.com,250g_500g,biomethanation,no
1993,user489@gmail.com,250g_500g,mixed,daily
1994,user490@gmail.com,500g_1kg,worm_compost,weekly
1995,user491@gmail.com,500g_1kg,mixed,weekly
1996,user492@gmail.com,less_250g,biomethanation,weekly
1997,user493@gmail.com,more_1kg,mixed,monthly
1998,user494@gmail.com,250g_500g,collector,no
1999,user495@gmail.com,250g_500g,worm_compost,monthly
2000,user496@gmail.com,500g_1kg,collector,daily
2001,user497@gmail.com,less_250g,collector,weekly
2002,user498@gmail.com,more_1kg,community,weekly
2003,user499@gmail.com,500g_1kg,community,no
2004,user500@gmail.com,250g_500g,worm_compost,daily
2005,user1@gmail.com,250g_500g,mixed,weekly
2006,user2@gmail.com,500g_1kg,home_compost,no
2007,user3@gmail.com,500g_1kg,biomethanation,daily
2008,user4@gmail.com,less_250g,biomethanation,no
2009,user5@gmail.com,less_250g,home_compost,daily
2010,user6@gmail.com,250g_500g,community,daily
2011,user7@gmail.com,more_1kg,worm_compost,daily
2012,user8@gmail.com,250g_500g,mixed,monthly
2013,user9@gmail.com,500g_1kg,biomethanation,weekly
2014,user10@gmail.com,500g_1kg,home_compost,weekly
2015,user11@gmail.com,500g_1kg,home_compost,monthly
2016,user12@gmail.com,more_1kg,collector,monthly
2017,user13@gmail.com,250g_500g,worm_compost,monthly
2018,user14@gmail.com,500g_1kg,collector,weekly
2019,user15@gmail.com,250g_500g,worm_compost,monthly
2020,user16@gmail.com,250g_500g,worm_compost,no
2021,user17@gmail.com,more_1kg,mixed,weekly
2022,user18@gmail.com,more_1kg,collector,monthly
2023,user19@gmail.com,more_1kg,collector,weekly
2024,user20@gmail.com,more_1kg,collector,daily
2025,user21@gmail.com,500g_1kg,biomethanation,weekly
2026,user22@gmail.com,500g_1kg,community,monthly
2027,user23@gmail.com,500g_1kg,community,daily
2028,user24@gmail.com,250g_500g,mixed,daily
2029,user25@gmail.com,250g_500g,mixed,monthly
2030,user26@gmail.com,250g_500g,biomethanation,no
2031,user27@gmail.com,250g_500g,home_compost,monthly
2032,user28@gmail.com,500g_1kg,mixed,daily
2033,user29@gmail.com,250g_500g,biomethanation,daily
2034,user30@gmail.com,250g_500g,worm_compost,weekly
2035,user31@gmail.com,more_1kg,home_compost,monthly
2036,user32@gmail.com,500g_1kg,community,weekly
2037,user33@gmail.com,more_1kg,mixed,weekly
2038,user34@gmail.com,250g_500g,home_compost,weekly
2039,user35@gmail.com,250g_500g,mixed,no
2040,user36@gmail.com,250g_500g,collector,weekly
2041,user37@gmail.com,250g_500g,biomethanation,monthly
2042,user38@gmail.com,500g_1kg,home_compost,daily
2043,user39@gmail.com,500g_1kg,mixed,no
2044,user40@gmail.com,500g_1kg,collector,no
2045,user41@gmail.com,250g_500g,worm_compost,no
2046,user42@gmail.com,250g_500g,community,weekly
2047,user43@gmail.com,250g_500g,collector,daily
2048,user44@gmail.com,more_1kg,biomethanation,monthly
2049,user45@gmail.com,250g_500g,community,monthly
2050,user46@gmail.com,500g_1kg,home_compost,no
2051,user47@gmail.com,less_250g,community,weekly
2052,user48@gmail.com,less_250g,mixed,monthly
2053,user49@gmail.com,250g_500g,worm_compost,daily
2054,user50@gmail.com,250g_500g,worm_compost,no
2055,user51@gmail.com,250g_500g,community,daily
2056,user52@gmail.com,250g_500g,mixed,daily
2057,user53@gmail.com,500g_1kg,home_compost,no
2058,user54@gmail.com,more_1kg,biomethanation,weekly
2059,user55@gmail.com,250g_500g,collector,daily
2060,user56@gmail.com,250g_500g,worm_compost,monthly
2061,user57@gmail.com,250g_500g,worm_compost,weekly
2062,user58@gmail.com,500g_1kg,collector,monthly
2063,user59@gmail.com,250g_500g,worm_compost,daily
2064,user60@gmail.com,less_250g,worm_compost,no
2065,user61@gmail.com,more_1kg,worm_compost,no
2066,user62@gmail.com,more_1kg,biomethanation,monthly
2067,user63@gmail.com,250g_500g,community,no
2068,user64@gmail.com,500g_1kg,worm_compost,no
2069,user65@gmail.com,more_1kg,home_compost,monthly
2070,user66@gmail.com,250g_500g,mixed,daily
2071,user67@gmail.com,250g_500g,mixed,daily
2072,user68@gmail.com,500g_1kg,community,no
2073,user69@gmail.com,500g_1kg,community,monthly
2074,user70@gmail.com,500g_1kg,home_compost,weekly
2075,user71@gmail.com,250g_500g,mixed,no
2076,user72@gmail.com,more_1kg,biomethanation,monthly
2077,user73@gmail.com,500g_1kg,biomethanation,no
2078,user74@gmail.com,250g_500g,collector,monthly
2079,user75@gmail.com,250g_500g,worm_compost,weekly
2080,user76@gmail.com,500g_1kg,biomethanation,no
2081,user77@gmail.com,250g_500g,community,monthly
2082,user78@gmail.com,250g_500g,collector,daily
2083,user79@gmail.com,more_1kg,home_compost,monthly
2084,user80@gmail.com,less_250g,home_compost,monthly
2085,user81@gmail.com,less_250g,collector,weekly
2086,user82@gmail.com,250g_500g,biomethanation,weekly
2087,user83@gmail.com,less_250g,community,weekly
2088,user84@gmail.com,more_1kg,community,weekly
2089,user85@gmail.com,500g_1kg,community,no
2090,user86@gmail.com,500g_1kg,community,no
2091,user87@gmail.com,250g_500g,community,daily
2092,user88@gmail.com,500g_1kg,collector,weekly
2093,user89@gmail.com,more_1kg,community,weekly
2094,user90@gmail.com,250g_500g,worm_compost,weekly
2095,user91@gmail.com,500g_1kg,collector,daily
2096,user92@gmail.com,250g_500g,collector,no
2097,user93@gmail.com,250g_500g,home_compost,no
2098,user94@gmail.com,500g_1kg,worm_compost,monthly
2099,user95@gmail.com,500g_1kg,biomethanation,no
2100,user96@gmail.com,250g_500g,biomethanation,monthly
2101,user97@gmail.com,500g_1kg,biomethanation,monthly
2102,user98@gmail.com,500g_1kg,home_compost,monthly
2103,user99@gmail.com,500g_1kg,mixed,no
2104,user100@gmail.com,500g_1kg,mixed,daily
2105,user101@gmail.com,500g_1kg,mixed,daily
2106,user102@gmail.com,250g_500g,biomethanation,daily
2107,user103@gmail.com,250g_500g,home_compost,weekly
2108,user104@gmail.com,250g_500g,worm_compost,monthly
2109,user105@gmail.com,more_1kg,home_compost,monthly
2110,user106@gmail.com,500g_1kg,worm_compost,weekly
2111,user107@gmail.com,500g_1kg,biomethanation,weekly
2112,user108@gmail.com,500g_1kg,collector,daily
2113,user109@gmail.com,500g_1kg,worm_compost,daily
2114,user110@gmail.com,250g_500g,mixed,no
2115,user111@gmail.com,250g_500g,biomethanation,weekly
2116,user112@gmail.com,250g_500g,home_compost,monthly
2117,user113@gmail.com,500g_1kg,collector,monthly
2118,user114@gmail.com,500g_1kg,biomethanation,daily
2119,user115@gmail.com,more_1kg,biomethanation,monthly
2120,user116@gmail.com,500g_1kg,community,monthly
2121,user117@gmail.com,more_1kg,home_compost,monthly
2122,user118@gmail.com,more_1kg,worm_compost,no
2123,user119@gmail.com,more_1kg,worm_compost,daily
2124,user120@gmail.com,500g_1kg,collector,daily
2125,user121@gmail.com,250g_500g,community,weekly
2126,user122@gmail.com,500g_1kg,mixed,monthly
2127,user123@gmail.com,less_250g,home_compost,weekly
2128,user124@gmail.com,500g_1kg,community,daily
2129,user125@gmail.com,250g_500g,mixed,daily
2130,user126@gmail.com,500g_1kg,collector,no
2131,user127@gmail.com,500g_1kg,home_compost,no
2132,user128@gmail.com,250g_500g,mixed,no
2133,user129@gmail.com,less_250g,collector,monthly
2134,user130@gmail.com,250g_500g,biomethanation,monthly
2135,user131@gmail.com,250g_500g,home_compost,weekly
2136,user132@gmail.com,250g_500g,home_compost,no
2137,user133@gmail.com,250g_500g,biomethanation,no
2138,user134@gmail.com,500g_1kg,community,weekly
2139,user135@gmail.com,250g_500g,worm_compost,weekly
2140,user136@gmail.com,500g_1kg,collector,weekly
2141,user137@gmail.com,more_1kg,worm_compost,no
2142,user138@gmail.com,more_1kg,community,weekly
2143,user139@gmail.com,less_250g,mixed,monthly
2144,user140@gmail.com,250g_500g,biomethanation,monthly
2145,user141@gmail.com,500g_1kg,community,monthly
2146,user142@gmail.com,500g_1kg,community,no
2147,user143@gmail.com,250g_500g,worm_compost,no
2148,user144@gmail.com,250g_500g,collector,no
2149,user145@gmail.com,more_1kg,home_compost,no
2150,user146@gmail.com,500g_1kg,home_compost,daily
2151,user147@gmail.com,250g_500g,biomethanation,daily
2152,user148@gmail.com,500g_1kg,worm_compost,daily
2153,user149@gmail.com,250g_500g,worm_compost,no
2154,user150@gmail.com,500g_1kg,home_compost,weekly
2155,user151@gmail.com,250g_500g,community,no
2156,user152@gmail.com,250g_500g,home_compost,weekly
2157,user153@gmail.com,500g_1kg,mixed,daily
2158,user154@gmail.com,more_1kg,biomethanation,weekly
2159,user155@gmail.com,500g_1kg,collector,monthly
2160,user156@gmail.com,more_1kg,collector,daily
2161,user157@gmail.com,500g_1kg,home_compost,monthly
2162,user158@gmail.com,500g_1kg,community,no
2163,user159@gmail.com,500g_1kg,collector,weekly
2164,user160@gmail.com,250g_500g,collector,daily
2165,user161@gmail.com,500g_1kg,collector,daily
2166,user162@gmail.com,500g_1kg,community,no
2167,user163@gmail.com,250g_500g,mixed,no
2168,user164@gmail.com,500g_1kg,mixed,monthly
2169,user165@gmail.com,more_1kg,biomethanation,daily
2170,user166@gmail.com,less_250g,mixed,monthly
2171,user167@gmail.com,more_1kg,mixed,no
2172,user168@gmail.com,500g_1kg,worm_compost,monthly
2173,user169@gmail.com,250g_500g,home_compost,daily
2174,user170@gmail.com,more_1kg,worm_compost,daily
2175,user171@gmail.com,250g_500g,biomethanation,no
2176,user172@gmail.com,more_1kg,mixed,weekly
2177,user173@gmail.com,250g_500g,collector,no
2178,user174@gmail.com,more_1kg,community,daily
2179,user175@gmail.com,250g_500g,collector,no
2180,user176@gmail.com,250g_500g,worm_compost,monthly
2181,user177@gmail.com,less_250g,community,weekly
2182,user178@gmail.com,500g_1kg,worm_compost,weekly
2183,user179@gmail.com,250g_500g,collector,monthly
2184,user180@gmail.com,more_1kg,mixed,weekly
2185,user181@gmail.com,250g_500g,home_compost,monthly
2186,user182@gmail.com,250g_500g,home_compost,weekly
2187,user183@gmail.com,less_250g,worm_compost,monthly
2188,user184@gmail.com,500g_1kg,biomethanation,monthly
2189,user185@gmail.com,500g_1kg,home_compost,no
2190,user186@gmail.com,500g_1kg,mixed,monthly
2191,user187@gmail.com,250g_500g,worm_compost,daily
2192,user188@gmail.com,500g_1kg,collector,weekly
2193,user189@gmail.com,500g_1kg,home_compost,weekly
2194,user190@gmail.com,more_1kg,biomethanation,no
2195,user191@gmail.com,500g_1kg,worm_compost,monthly
2196,user192@gmail.com,500g_1kg,home_compost,no
2197,user193@gmail.com,more_1kg,worm_compost,daily
2198,user194@gmail.com,500g_1kg,home_compost,no
2199,user195@gmail.com,500g_1kg,home_compost,weekly
2200,user196@gmail.com,500g_1kg,home_compost,weekly
2201,user197@gmail.com,250g_500g,mixed,daily
2202,user198@gmail.com,less_250g,community,daily
2203,user199@gmail.com,less_250g,biomethanation,weekly
2204,user200@gmail.com,more_1kg,mixed,monthly
2205,user201@gmail.com,250g_500g,mixed,no
2206,user202@gmail.com,250g_500g,mixed,no
2207,user203@gmail.com,250g_500g,biomethanation,monthly
2208,user204@gmail.com,500g_1kg,home_compost,monthly
2209,user205@gmail.com,500g_1kg,mixed,daily
2210,user206@gmail.com,more_1kg,biomethanation,weekly
2211,user207@gmail.com,500g_1kg,community,monthly
2212,user208@gmail.com,500g_1kg,home_compost,daily
2213,user209@gmail.com,500g_1kg,mixed,daily
2214,user210@gmail.com,500g_1kg,worm_compost,weekly
2215,user211@gmail.com,250g_500g,collector,no
2216,user212@gmail.com,250g_500g,mixed,weekly
2217,user213@gmail.com,500g_1kg,collector,daily
2218,user214@gmail.com,250g_500g,mixed,monthly
2219,user215@gmail.com,250g_500g,collector,no
2220,user216@gmail.com,250g_500g,collector,weekly
2221,user217@gmail.com,500g_1kg,home_compost,monthly
2222,user218@gmail.com,500g_1kg,community,weekly
2223,user219@gmail.com,more_1kg,biomethanation,daily
2224,user220@gmail.com,more_1kg,collector,weekly
2225,user221@gmail.com,500g_1kg,home_compost,monthly
2226,user222@gmail.com,500g_1kg,collector,weekly
2227,user223@gmail.com,more_1kg,mixed,no
2228,user224@gmail.com,more_1kg,biomethanation,daily
2229,user225@gmail.com,250g_500g,biomethanation,weekly
2230,user226@gmail.com,less_250g,collector,no
2231,user227@gmail.com,500g_1kg,community,monthly
2232,user228@gmail.com,500g_1kg,community,no
2233,user229@gmail.com,250g_500g,collector,monthly
2234,user230@gmail.com,250g_500g,community,weekly
2235,user231@gmail.com,250g_500g,community,monthly
2236,user232@gmail.com,more_1kg,home_compost,weekly
2237,user233@gmail.com,500g_1kg,home_compost,daily
2238,user234@gmail.com,500g_1kg,biomethanation,monthly
2239,user235@gmail.com,250g_500g,community,daily
2240,user236@gmail.com,500g_1kg,mixed,daily
2241,user237@gmail.com,500g_1kg,collector,daily
2242,user238@gmail.com,250g_500g,mixed,monthly
2243,user239@gmail.com,less_250g,biomethanation,weekly
2244,user240@gmail.com,250g_500g,collector,no
2245,user241@gmail.com,more_1kg,worm_compost,weekly
2246,user242@gmail.com,more_1kg,worm_compost,weekly
2247,user243@gmail.com,250g_500g,collector,monthly
2248,user244@gmail.com,500g_1kg,collector,monthly
2249,user245@gmail.com,more_1kg,worm_compost,daily
2250,user246@gmail.com,more_1kg,biomethanation,daily
2251,user247@gmail.com,500g_1kg,mixed,monthly
2252,user248@gmail.com,250g_500g,biomethanation,monthly
2253,user249@gmail.com,250g_500g,worm_compost,monthly
2254,user250@gmail.com,250g_500g,mixed,monthly
2255,user251@gmail.com,250g_500g,biomethanation,daily
2256,user252@gmail.com,500g_1kg,mixed,monthly
2257,user253@gmail.com,250g_500g,community,no
2258,user254@gmail.com,500g_1kg,biomethanation,daily
2259,user255@gmail.com,250g_500g,collector,no
2260,user256@gmail.com,less_250g,mixed,weekly
2261,user257@gmail.com,250g_500g,biomethanation,daily
2262,user258@gmail.com,500g_1kg,home_compost,daily
2263,user259@gmail.com,more_1kg,home_compost,weekly
2264,user260@gmail.com,500g_1kg,community,monthly
2265,user261@gmail.com,250g_500g,mixed,daily
2266,user262@gmail.com,250g_500g,biomethanation,no
2267,user263@gmail.com,500g_1kg,worm_compost,daily
2268,user264@gmail.com,500g_1kg,biomethanation,monthly
2269,user265@gmail.com,less_250g,community,no
2270,user266@gmail.com,more_1kg,home_compost,daily
2271,user267@gmail.com,500g_1kg,home_compost,daily
2272,user268@gmail.com,500g_1kg,home_compost,no
2273,user269@gmail.com,250g_500g,collector,weekly
2274,user270@gmail.com,500g_1kg,home_compost,daily
2275,user271@gmail.com,250g_500g,biomethanation,no
2276,user272@gmail.com,500g_1kg,home_compost,no
2277,user273@gmail.com,250g_500g,worm_compost,daily
2278,user274@gmail.com,250g_500g,mixed,weekly
2279,user275@gmail.com,500g_1kg,home_compost,no
2280,user276@gmail.com,more_1kg,collector,daily
2281,user277@gmail.com,more_1kg,worm_compost,weekly
2282,user278@gmail.com,500g_1kg,home_compost,monthly
2283,user279@gmail.com,250g_500g,home_compost,monthly
2284,user280@gmail.com,less_250g,mixed,weekly
2285,user281@gmail.com,500g_1kg,community,weekly
2286,user282@gmail.com,250g_500g,biomethanation,weekly
2287,user283@gmail.com,250g_500g,worm_compost,weekly
2288,user284@gmail.com,500g_1kg,community,weekly
2289,user285@gmail.com,250g_500g,mixed,monthly
2290,user286@gmail.com,500g_1kg,worm_compost,weekly
2291,user287@gmail.com,more_1kg,home_compost,daily
2292,user288@gmail.com,less_250g,collector,monthly
2293,user289@gmail.com,250g_500g,biomethanation,weekly
2294,user290@gmail.com,250g_500g,biomethanation,no
2295,user291@gmail.com,500g_1kg,worm_compost,no
2296,user292@gmail.com,500g_1kg,mixed,monthly
2297,user293@gmail.com,500g_1kg,collector,no
2298,user294@gmail.com,less_250g,worm_compost,monthly
2299,user295@gmail.com,more_1kg,mixed,no
2300,user296@gmail.com,250g_500g,biomethanation,no
2301,user297@gmail.com,500g_1kg,home_compost,weekly
2302,user298@gmail.com,250g_500g,collector,weekly
2303,user299@gmail.com,250g_500g,biomethanation,monthly
2304,user300@gmail.com,500g_1kg,home_compost,no
2305,user301@gmail.com,500g_1kg,mixed,monthly
2306,user302@gmail.com,250g_500g,home_compost,weekly
2307,user303@gmail.com,500g_1kg,home_compost,weekly
2308,user304@gmail.com,250g_500g,worm_compost,monthly
2309,user305@gmail.com,500g_1kg,community,weekly
2310,user306@gmail.com,250g_500g,home_compost,weekly
2311,user307@gmail.com,more_1kg,collector,weekly
2312,user308@gmail.com,250g_500g,biomethanation,no
2313,user309@gmail.com,250g_500g,worm_compost,no
2314,user310@gmail.com,250g_500g,worm_compost,weekly
2315,user311@gmail.com,500g_1kg,biomethanation,weekly
2316,user312@gmail.com,250g_500g,mixed,daily
2317,user313@gmail.com,500g_1kg,mixed,weekly
2318,user314@gmail.com,500g_1kg,biomethanation,weekly
2319,user315@gmail.com,more_1kg,community,monthly
2320,user316@gmail.com,250g_500g,collector,no
2321,user317@gmail.com,500g_1kg,collector,monthly
2322,user318@gmail.com,250g_500g,collector,monthly
2323,user319@gmail.com,500g_1kg,community,no
2324,user320@gmail.com,250g_500g,home_compost,weekly
2325,user321@gmail.com,250g_500g,worm_compost,weekly
2326,user322@gmail.com,500g_1kg,community,monthly
2327,user323@gmail.com,500g_1kg,mixed,weekly
2328,user324@gmail.com,250g_500g,biomethanation,monthly
2329,user325@gmail.com,500g_1kg,mixed,weekly
2330,user326@gmail.com,500g_1kg,home_compost,monthly
2331,user327@gmail.com,250g_500g,community,daily
2332,user328@gmail.com,250g_500g,worm_compost,no
2333,user329@gmail.com,250g_500g,collector,no
2334,user330@gmail.com,250g_500g,collector,daily
2335,user331@gmail.com,500g_1kg,home_compost,daily
2336,user332@gmail.com,250g_500g,home_compost,weekly
2337,user333@gmail.com,500g_1kg,collector,no
2338,user334@gmail.com,more_1kg,home_compost,weekly
2339,user335@gmail.com,500g_1kg,collector,weekly
2340,user336@gmail.com,250g_500g,biomethanation,weekly
2341,user337@gmail.com,250g_500g,mixed,daily
2342,user338@gmail.com,250g_500g,biomethanation,monthly
2343,user339@gmail.com,250g_500g,home_compost,monthly
2344,user340@gmail.com,500g_1kg,mixed,monthly
2345,user341@gmail.com,250g_500g,collector,monthly
2346,user342@gmail.com,250g_500g,worm_compost,daily
2347,user343@gmail.com,500g_1kg,collector,daily
2348,user344@gmail.com,250g_500g,biomethanation,daily
2349,user345@gmail.com,500g_1kg,mixed,weekly
2350,user346@gmail.com,less_250g,worm_compost,monthly
2351,user347@gmail.com,less_250g,mixed,no
2352,user348@gmail.com,more_1kg,mixed,no
2353,user349@gmail.com,500g_1kg,community,no
2354,user350@gmail.com,less_250g,home_compost,weekly
2355,user351@gmail.com,more_1kg,community,daily
2356,user352@gmail.com,500g_1kg,biomethanation,weekly
2357,user353@gmail.com,250g_500g,community,monthly
2358,user354@gmail.com,250g_500g,mixed,no
2359,user355@gmail.com,500g_1kg,worm_compost,no
2360,user356@gmail.com,250g_500g,collector,daily
2361,user357@gmail.com,250g_500g,home_compost,weekly
2362,user358@gmail.com,more_1kg,collector,weekly
2363,user359@gmail.com,less_250g,biomethanation,monthly
2364,user360@gmail.com,500g_1kg,mixed,monthly
2365,user361@gmail.com,250g_500g,mixed,monthly
2366,user362@gmail.com,250g_500g,community,daily
2367,user363@gmail.com,250g_500g,home_compost,no
2368,user364@gmail.com,250g_500g,worm_compost,monthly
2369,user365@gmail.com,500g_1kg,collector,monthly
2370,user366@gmail.com,250g_500g,collector,daily
2371,user367@gmail.com,less_250g,worm_compost,weekly
2372,user368@gmail.com,500g_1kg,worm_compost,daily
2373,user369@gmail.com,500g_1kg,worm_compost,daily
2374,user370@gmail.com,500g_1kg,worm_compost,daily
2375,user371@gmail.com,500g_1kg,mixed,daily
2376,user372@gmail.com,250g_500g,home_compost,no
2377,user373@gmail.com,500g_1kg,home_compost,weekly
2378,user374@gmail.com,250g_500g,home_compost,weekly
2379,user375@gmail.com,less_250g,community,daily
2380,user376@gmail.com,500g_1kg,mixed,monthly
2381,user377@gmail.com,500g_1kg,home_compost,daily
2382,user378@gmail.com,250g_500g,home_compost,weekly
2383,user379@gmail.com,more_1kg,mixed,daily
2384,user380@gmail.com,less_250g,biomethanation,no
2385,user381@gmail.com,250g_500g,biomethanation,monthly
2386,user382@gmail.com,less_250g,mixed,daily
2387,user383@gmail.com,less_250g,collector,daily
2388,user384@gmail.com,more_1kg,community,no
2389,user385@gmail.com,500g_1kg,collector,no
2390,user386@gmail.com,500g_1kg,community,weekly
2391,user387@gmail.com,500g_1kg,home_compost,weekly
2392,user388@gmail.com,500g_1kg,worm_compost,daily
2393,user389@gmail.com,250g_500g,home_compost,daily
2394,user390@gmail.com,500g_1kg,community,daily
2395,user391@gmail.com,250g_500g,collector,daily
2396,user392@gmail.com,250g_500g,collector,daily
2397,user393@gmail.com,500g_1kg,worm_compost,no
2398,user394@gmail.com,500g_1kg,worm_compost,no
2399,user395@gmail.com,more_1kg,biomethanation,daily
2400,user396@gmail.com,more_1kg,mixed,no
2401,user397@gmail.com,500g_1kg,worm_compost,monthly
2402,user398@gmail.com,250g_500g,worm_compost,daily
2403,user399@gmail.com,500g_1kg,community,monthly
2404,user400@gmail.com,500g_1kg,home_compost,daily
2405,user401@gmail.com,more_1kg,worm_compost,no
2406,user402@gmail.com,500g_1kg,biomethanation,monthly
2407,user403@gmail.com,250g_500g,worm_compost,no
2408,user404@gmail.com,more_1kg,home_compost,monthly
2409,user405@gmail.com,500g_1kg,home_compost,daily
2410,user406@gmail.com,500g_1kg,community,daily
2411,user407@gmail.com,more_1kg,community,daily
2412,user408@gmail.com,250g_500g,mixed,monthly
2413,user409@gmail.com,250g_500g,biomethanation,daily
2414,user410@gmail.com,more_1kg,collector,no
2415,user411@gmail.com,more_1kg,collector,monthly
2416,user412@gmail.com,500g_1kg,community,daily
2417,user413@gmail.com,500g_1kg,mixed,no
2418,user414@gmail.com,500g_1kg,mixed,weekly
2419,user415@gmail.com,500g_1kg,worm_compost,no
2420,user416@gmail.com,500g_1kg,biomethanation,monthly
2421,user417@gmail.com,more_1kg,home_compost,daily
2422,user418@gmail.com,250g_500g,home_compost,no
2423,user419@gmail.com,more_1kg,community,daily
2424,user420@gmail.com,less_250g,collector,weekly
2425,user421@gmail.com,500g_1kg,collector,weekly
2426,user422@gmail.com,500g_1kg,home_compost,no
2427,user423@gmail.com,250g_500g,biomethanation,monthly
2428,user424@gmail.com,250g_500g,worm_compost,weekly
2429,user425@gmail.com,250g_500g,mixed,monthly
2430,user426@gmail.com,250g_500g,worm_compost,daily
2431,user427@gmail.com,500g_1kg,mixed,no
2432,user428@gmail.com,250g_500g,home_compost,weekly
2433,user429@gmail.com,250g_500g,mixed,monthly
2434,user430@gmail.com,250g_500g,home_compost,daily
2435,user431@gmail.com,250g_500g,biomethanation,monthly
2436,user432@gmail.com,250g_500g,home_compost,monthly
2437,user433@gmail.com,less_250g,home_compost,monthly
2438,user434@gmail.com,500g_1kg,collector,no
2439,user435@gmail.com,250g_500g,worm_compost,daily
2440,user436@gmail.com,250g_500g,mixed,daily
2441,user437@gmail.com,250g_500g,collector,no
2442,user438@gmail.com,250g_500g,home_compost,daily
2443,user439@gmail.com,500g_1kg,home_compost,daily
2444,user440@gmail.com,250g_500g,worm_compost,monthly
2445,user441@gmail.com,500g_1kg,worm_compost,daily
2446,user442@gmail.com,250g_500g,biomethanation,no
2447,user443@gmail.com,more_1kg,community,monthly
2448,user444@gmail.com,more_1kg,community,no
2449,user445@gmail.com,500g_1kg,community,daily
2450,user446@gmail.com,250g_500g,mixed,daily
2451,user447@gmail.com,less_250g,community,no
2452,user448@gmail.com,more_1kg,community,monthly
2453,user449@gmail.com,500g_1kg,collector,weekly
2454,user450@gmail.com,more_1kg,mixed,daily
2455,user451@gmail.com,500g_1kg,mixed,daily
2456,user452@gmail.com,250g_500g,community,daily
2457,user453@gmail.com,less_250g,worm_compost,monthly
2458,user454@gmail.com,250g_500g,biomethanation,monthly
2459,user455@gmail.com,500g_1kg,home_compost,no
2460,user456@gmail.com,500g_1kg,community,weekly
2461,user457@gmail.com,500g_1kg,collector,daily
2462,user458@gmail.com,less_250g,mixed,monthly
2463,user459@gmail.com,500g_1kg,community,daily
2464,user460@gmail.com,less_250g,home_compost,no
2465,user461@gmail.com,250g_500g,mixed,weekly
2466,user462@gmail.com,more_1kg,community,monthly
2467,user463@gmail.com,250g_500g,community,weekly
2468,user464@gmail.com,500g_1kg,mixed,no
2469,user465@gmail.com,500g_1kg,mixed,monthly
2470,user466@gmail.com,more_1kg,community,no
2471,user467@gmail.com,less_250g,mixed,no
2472,user468@gmail.com,more_1kg,biomethanation,weekly
2473,user469@gmail.com,500g_1kg,community,monthly
2474,user470@gmail.com,250g_500g,worm_compost,daily
2475,user471@gmail.com,250g_500g,home_compost,monthly
2476,user472@gmail.com,250g_500g,worm_compost,no
2477,user473@gmail.com,500g_1kg,community,daily
2478,user474@gmail.com,500g_1kg,collector,weekly
2479,user475@gmail.com,250g_500g,community,monthly
2480,user476@gmail.com,250g_500g,collector,daily
2481,user477@gmail.com,500g_1kg,community,no
2482,user478@gmail.com,250g_500g,community,daily
2483,user479@gmail.com,more_1kg,mixed,weekly
2484,user480@gmail.com,less_250g,home_compost,daily
2485,user481@gmail.com,250g_500g,community,no
2486,user482@gmail.com,less_250g,worm_compost,no
2487,user483@gmail.com,500g_1kg,home_compost,weekly
2488,user484@gmail.com,500g_1kg,biomethanation,monthly
2489,user485@gmail.com,500g_1kg,community,no
2490,user486@gmail.com,250g_500g,biomethanation,monthly
2491,user487@gmail.com,500g_1kg,home_compost,no
2492,user488@gmail.com,250g_500g,mixed,weekly
2493,user489@gmail.com,500g_1kg,mixed,daily
2494,user490@gmail.com,250g_500g,biomethanation,monthly
2495,user491@gmail.com,more_1kg,biomethanation,no
2496,user492@gmail.com,250g_500g,community,no
2497,user493@gmail.com,250g_500g,biomethanation,no
2498,user494@gmail.com,more_1kg,worm_compost,weekly
2499,user495@gmail.com,250g_500g,home_compost,monthly
2500,user496@gmail.com,250g_500g,mixed,no
2501,user497@gmail.com,500g_1kg,worm_compost,weekly
2502,user498@gmail.com,more_1kg,home_compost,weekly
2503,user499@gmail.com,250g_500g,community,monthly
2504,user500@gmail.com,more_1kg,biomethanation,weekly
2505,user1@gmail.com,500g_1kg,home_compost,monthly
2506,user2@gmail.com,250g_500g,community,daily
2507,user3@gmail.com,250g_500g,home_compost,no
2508,user4@gmail.com,500g_1kg,community,daily
2509,user5@gmail.com,500g_1kg,mixed,monthly
2510,user6@gmail.com,250g_500g,biomethanation,daily
2511,user7@gmail.com,500g_1kg,collector,weekly
2512,user8@gmail.com,500g_1kg,collector,no
2513,user9@gmail.com,500g_1kg,home_compost,weekly
2514,user10@gmail.com,500g_1kg,collector,weekly
2515,user11@gmail.com,more_1kg,home_compost,daily
2516,user12@gmail.com,250g_500g,mixed,no
2517,user13@gmail.com,500g_1kg,collector,monthly
2518,user14@gmail.com,more_1kg,biomethanation,no
2519,user15@gmail.com,500g_1kg,biomethanation,no
2520,user16@gmail.com,less_250g,community,no
2521,user17@gmail.com,250g_500g,mixed,no
2522,user18@gmail.com,250g_500g,biomethanation,daily
2523,user19@gmail.com,more_1kg,mixed,daily
2524,user20@gmail.com,more_1kg,community,weekly
2525,user21@gmail.com,500g_1kg,collector,no
2526,user22@gmail.com,more_1kg,collector,monthly
2527,user23@gmail.com,less_250g,community,no
2528,user24@gmail.com,250g_500g,community,monthly
2529,user25@gmail.com,more_1kg,home_compost,weekly
2530,user26@gmail.com,500g_1kg,home_compost,weekly
2531,user27@gmail.com,250g_500g,community,weekly
2532,user28@gmail.com,250g_500g,home_compost,weekly
2533,user29@gmail.com,500g_1kg,community,no
2534,user30@gmail.com,250g_500g,community,daily
2535,user31@gmail.com,500g_1kg,mixed,no
2536,user32@gmail.com,250g_500g,worm_compost,weekly
2537,user33@gmail.com,250g_500g,mixed,no
2538,user34@gmail.com,250g_500g,home_compost,daily
2539,user35@gmail.com,250g_500g,community,no
2540,user36@gmail.com,500g_1kg,biomethanation,daily
2541,user37@gmail.com,500g_1kg,worm_compost,no
2542,user38@gmail.com,500g_1kg,biomethanation,monthly
2543,user39@gmail.com,500g_1kg,community,monthly
2544,user40@gmail.com,500g_1kg,community,no
2545,user41@gmail.com,500g_1kg,collector,weekly
2546,user42@gmail.com,more_1kg,community,weekly
2547,user43@gmail.com,500g_1kg,community,no
2548,user44@gmail.com,less_250g,community,weekly
2549,user45@gmail.com,more_1kg,community,monthly
2550,user46@gmail.com,500g_1kg,collector,no
2551,user47@gmail.com,500g_1kg,biomethanation,daily
2552,user48@gmail.com,250g_500g,biomethanation,weekly
2553,user49@gmail.com,250g_500g,biomethanation,daily
2554,user50@gmail.com,less_250g,mixed,no
2555,user51@gmail.com,500g_1kg,mixed,no
2556,user52@gmail.com,250g_500g,mixed,no
2557,user53@gmail.com,500g_1kg,community,daily
2558,user54@gmail.com,less_250g,worm_compost,monthly
2559,user55@gmail.com,500g_1kg,biomethanation,monthly
2560,user56@gmail.com,250g_500g,biomethanation,no
2561,user57@gmail.com,500g_1kg,collector,weekly
2562,user58@gmail.com,250g_500g,worm_compost,daily
2563,user59@gmail.com,more_1kg,mixed,weekly
2564,user60@gmail.com,500g_1kg,biomethanation,daily
2565,user61@gmail.com,500g_1kg,community,daily
2566,user62@gmail.com,less_250g,home_compost,no
2567,user63@gmail.com,more_1kg,collector,weekly
2568,user64@gmail.com,500g_1kg,home_compost,monthly
2569,user65@gmail.com,less_250g,collector,weekly
2570,user66@gmail.com,more_1kg,home_compost,daily
2571,user67@gmail.com,500g_1kg,mixed,no
2572,user68@gmail.com,250g_500g,biomethanation,monthly
2573,user69@gmail.com,500g_1kg,collector,monthly
2574,user70@gmail.com,250g_500g,mixed,daily
2575,user71@gmail.com,500g_1kg,mixed,monthly
2576,user72@gmail.com,500g_1kg,mixed,weekly
2577,user73@gmail.com,less_250g,biomethanation,monthly
2578,user74@gmail.com,500g_1kg,mixed,daily
2579,user75@gmail.com,500g_1kg,mixed,no
2580,user76@gmail.com,less_250g,mixed,weekly
2581,user77@gmail.com,250g_500g,collector,monthly
2582,user78@gmail.com,500g_1kg,collector,weekly
2583,user79@gmail.com,500g_1kg,biomethanation,monthly
2584,user80@gmail.com,500g_1kg,worm_compost,weekly
2585,user81@gmail.com,250g_500g,community,monthly
2586,user82@gmail.com,250g_500g,mixed,monthly
2587,user83@gmail.com,500g_1kg,worm_compost,weekly
2588,user84@gmail.com,more_1kg,biomethanation,monthly
2589,user85@gmail.com,more_1kg,community,no
2590,user86@gmail.com,500g_1kg,biomethanation,monthly
2591,user87@gmail.com,more_1kg,worm_compost,no
2592,user88@gmail.com,more_1kg,collector,daily
2593,user89@gmail.com,more_1kg,home_compost,no
2594,user90@gmail.com,more_1kg,biomethanation,no
2595,user91@gmail.com,500g_1kg,community,no
2596,user92@gmail.com,500g_1kg,mixed,no
2597,user93@gmail.com,250g_500g,home_compost,monthly
2598,user94@gmail.com,500g_1kg,mixed,monthly
2599,user95@gmail.com,250g_500g,home_compost,monthly
2600,user96@gmail.com,500g_1kg,community,weekly
2601,user97@gmail.com,less_250g,home_compost,weekly
2602,user98@gmail.com,250g_500g,worm_compost,daily
2603,user99@gmail.com,250g_500g,mixed,weekly
2604,user100@gmail.com,500g_1kg,community,daily
2605,user101@gmail.com,250g_500g,worm_compost,weekly
2606,user102@gmail.com,500g_1kg,mixed,monthly
2607,user103@gmail.com,more_1kg,community,no
2608,user104@gmail.com,250g_500g,collector,daily
2609,user105@gmail.com,250g_500g,community,no
2610,user106@gmail.com,250g_500g,mixed,weekly
2611,user107@gmail.com,500g_1kg,worm_compost,weekly
2612,user108@gmail.com,250g_500g,biomethanation,weekly
2613,user109@gmail.com,less_250g,mixed,weekly
2614,user110@gmail.com,250g_500g,mixed,weekly
2615,user111@gmail.com,500g_1kg,collector,no
2616,user112@gmail.com,250g_500g,mixed,weekly
2617,user113@gmail.com,500g_1kg,community,daily
2618,user114@gmail.com,250g_500g,biomethanation,no
2619,user115@gmail.com,250g_500g,home_compost,daily
2620,user116@gmail.com,250g_500g,home_compost,weekly
2621,user117@gmail.com,more_1kg,home_compost,daily
2622,user118@gmail.com,500g_1kg,biomethanation,no
2623,user119@gmail.com,500g_1kg,home_compost,weekly
2624,user120@gmail.com,250g_500g,biomethanation,daily
2625,user121@gmail.com,250g_500g,home_compost,no
2626,user122@gmail.com,250g_500g,biomethanation,no
2627,user123@gmail.com,500g_1kg,collector,monthly
2628,user124@gmail.com,500g_1kg,worm_compost,weekly
2629,user125@gmail.com,250g_500g,home_compost,daily
2630,user126@gmail.com,less_250g,biomethanation,no
2631,user127@gmail.com,250g_500g,collector,daily
2632,user128@gmail.com,250g_500g,worm_compost,no
2633,user129@gmail.com,less_250g,worm_compost,weekly
2634,user130@gmail.com,more_1kg,community,weekly
2635,user131@gmail.com,more_1kg,biomethanation,weekly
2636,user132@gmail.com,500g_1kg,biomethanation,daily
2637,user133@gmail.com,500g_1kg,biomethanation,no
2638,user134@gmail.com,more_1kg,home_compost,monthly
2639,user135@gmail.com,500g_1kg,biomethanation,weekly
2640,user136@gmail.com,250g_500g,collector,weekly
2641,user137@gmail.com,500g_1kg,home_compost,no
2642,user138@gmail.com,250g_500g,home_compost,no
2643,user139@gmail.com,500g_1kg,community,no
2644,user140@gmail.com,250g_500g,mixed,no
2645,user141@gmail.com,more_1kg,collector,no
2646,user142@gmail.com,250g_500g,home_compost,no
2647,user143@gmail.com,500g_1kg,mixed,daily
2648,user144@gmail.com,500g_1kg,collector,daily
2649,user145@gmail.com,250g_500g,biomethanation,weekly
2650,user146@gmail.com,250g_500g,mixed,weekly
2651,user147@gmail.com,250g_500g,collector,no
2652,user148@gmail.com,250g_500g,community,monthly
2653,user149@gmail.com,500g_1kg,worm_compost,daily
2654,user150@gmail.com,less_250g,home_compost,monthly
2655,user151@gmail.com,250g_500g,community,monthly
2656,user152@gmail.com,more_1kg,collector,daily
2657,user153@gmail.com,250g_500g,home_compost,weekly
2658,user154@gmail.com,250g_500g,collector,weekly
2659,user155@gmail.com,250g_500g,home_compost,monthly
2660,user156@gmail.com,less_250g,collector,daily
2661,user157@gmail.com,500g_1kg,home_compost,monthly
2662,user158@gmail.com,250g_500g,community,monthly
2663,user159@gmail.com,250g_500g,biomethanation,daily
2664,user160@gmail.com,500g_1kg,collector,weekly
2665,user161@gmail.com,500g_1kg,biomethanation,weekly
2666,user162@gmail.com,500g_1kg,biomethanation,monthly
2667,user163@gmail.com,more_1kg,collector,no
2668,user164@gmail.com,250g_500g,biomethanation,daily
2669,user165@gmail.com,250g_500g,collector,weekly
2670,user166@gmail.com,250g_500g,biomethanation,daily
2671,user167@gmail.com,250g_500g,biomethanation,weekly
2672,user168@gmail.com,500g_1kg,biomethanation,monthly
2673,user169@gmail.com,250g_500g,community,daily
2674,user170@gmail.com,250g_500g,home_compost,daily
2675,user171@gmail.com,more_1kg,worm_compost,daily
2676,user172@gmail.com,less_250g,worm_compost,daily
2677,user173@gmail.com,250g_500g,worm_compost,monthly
2678,user174@gmail.com,250g_500g,biomethanation,daily
2679,user175@gmail.com,more_1kg,collector,daily
2680,user176@gmail.com,500g_1kg,mixed,daily
2681,user177@gmail.com,500g_1kg,biomethanation,daily
2682,user178@gmail.com,more_1kg,biomethanation,daily
2683,user179@gmail.com,500g_1kg,mixed,daily
2684,user180@gmail.com,250g_500g,mixed,daily
2685,user181@gmail.com,250g_500g,community,weekly
2686,user182@gmail.com,250g_500g,biomethanation,weekly
2687,user183@gmail.com,500g_1kg,community,daily
2688,user184@gmail.com,more_1kg,home_compost,daily
2689,user185@gmail.com,250g_500g,mixed,monthly
2690,user186@gmail.com,more_1kg,community,weekly
2691,user187@gmail.com,500g_1kg,mixed,monthly
2692,user188@gmail.com,500g_1kg,worm_compost,daily
2693,user189@gmail.com,500g_1kg,worm_compost,daily
2694,user190@gmail.com,250g_500g,biomethanation,weekly
2695,user191@gmail.com,250g_500g,community,no
2696,user192@gmail.com,500g_1kg,collector,no
2697,user193@gmail.com,250g_500g,mixed,weekly
2698,user194@gmail.com,500g_1kg,home_compost,daily
2699,user195@gmail.com,500g_1kg,home_compost,weekly
2700,user196@gmail.com,250g_500g,worm_compost,monthly
2701,user197@gmail.com,250g_500g,home_compost,weekly
2702,user198@gmail.com,more_1kg,biomethanation,monthly
2703,user199@gmail.com,500g_1kg,home_compost,weekly
2704,user200@gmail.com,500g_1kg,mixed,no
2705,user201@gmail.com,250g_500g,collector,weekly
2706,user202@gmail.com,500g_1kg,biomethanation,weekly
2707,user203@gmail.com,250g_500g,collector,weekly
2708,user204@gmail.com,more_1kg,worm_compost,monthly
2709,user205@gmail.com,500g_1kg,biomethanation,no
2710,user206@gmail.com,250g_500g,biomethanation,weekly
2711,user207@gmail.com,more_1kg,worm_compost,weekly
2712,user208@gmail.com,250g_500g,community,weekly
2713,user209@gmail.com,500g_1kg,community,no
2714,user210@gmail.com,250g_500g,worm_compost,weekly
2715,user211@gmail.com,250g_500g,worm_compost,monthly
2716,user212@gmail.com,more_1kg,mixed,daily
2717,user213@gmail.com,more_1kg,home_compost,weekly
2718,user214@gmail.com,more_1kg,mixed,weekly
2719,user215@gmail.com,less_250g,collector,monthly
2720,user216@gmail.com,500g_1kg,worm_compost,monthly
2721,user217@gmail.com,500g_1kg,worm_compost,weekly
2722,user218@gmail.com,250g_500g,biomethanation,daily
2723,user219@gmail.com,500g_1kg,mixed,no
2724,user220@gmail.com,more_1kg,worm_compost,weekly
2725,user221@gmail.com,250g_500g,mixed,weekly
2726,user222@gmail.com,250g_500g,worm_compost,daily
2727,user223@gmail.com,500g_1kg,community,no
2728,user224@gmail.com,more_1kg,home_compost,weekly
2729,user225@gmail.com,250g_500g,community,daily
2730,user226@gmail.com,more_1kg,home_compost,daily
2731,user227@gmail.com,500g_1kg,worm_compost,no
2732,user228@gmail.com,500g_1kg,collector,no
2733,user229@gmail.com,250g_500g,mixed,monthly
2734,user230@gmail.com,500g_1kg,community,daily
2735,user231@gmail.com,500g_1kg,worm_compost,monthly
2736,user232@gmail.com,more_1kg,worm_compost,weekly
2737,user233@gmail.com,500g_1kg,community,no
2738,user234@gmail.com,250g_500g,community,daily
2739,user235@gmail.com,500g_1kg,mixed,daily
2740,user236@gmail.com,less_250g,collector,weekly
2741,user237@gmail.com,500g_1kg,collector,daily
2742,user238@gmail.com,500g_1kg,home_compost,daily
2743,user239@gmail.com,less_250g,mixed,daily
2744,user240@gmail.com,less_250g,community,weekly
2745,user241@gmail.com,more_1kg,biomethanation,no
2746,user242@gmail.com,500g_1kg,community,no
2747,user243@gmail.com,500g_1kg,collector,daily
2748,user244@gmail.com,250g_500g,home_compost,no
2749,user245@gmail.com,more_1kg,home_compost,no
2750,user246@gmail.com,less_250g,community,weekly
2751,user247@gmail.com,250g_500g,mixed,no
2752,user248@gmail.com,more_1kg,mixed,weekly
2753,user249@gmail.com,250g_500g,collector,monthly
2754,user250@gmail.com,500g_1kg,home_compost,monthly
2755,user251@gmail.com,250g_500g,community,daily
2756,user252@gmail.com,500g_1kg,mixed,weekly
2757,user253@gmail.com,250g_500g,community,daily
2758,user254@gmail.com,more_1kg,home_compost,monthly
2759,user255@gmail.com,250g_500g,biomethanation,no
2760,user256@gmail.com,250g_500g,community,monthly
2761,user257@gmail.com,250g_500g,worm_compost,no
2762,user258@gmail.com,250g_500g,worm_compost,weekly
2763,user259@gmail.com,less_250g,home_compost,daily
2764,user260@gmail.com,more_1kg,mixed,monthly
2765,user261@gmail.com,less_250g,biomethanation,weekly
2766,user262@gmail.com,500g_1kg,worm_compost,no
2767,user263@gmail.com,500g_1kg,home_compost,no
2768,user264@gmail.com,more_1kg,mixed,no
2769,user265@gmail.com,500g_1kg,home_compost,no
2770,user266@gmail.com,500g_1kg,worm_compost,weekly
2771,user267@gmail.com,500g_1kg,biomethanation,weekly
2772,user268@gmail.com,more_1kg,biomethanation,monthly
2773,user269@gmail.com,500g_1kg,home_compost,monthly
2774,user270@gmail.com,500g_1kg,collector,no
2775,user271@gmail.com,500g_1kg,mixed,daily
2776,user272@gmail.com,500g_1kg,mixed,weekly
2777,user273@gmail.com,less_250g,home_compost,daily
2778,user274@gmail.com,250g_500g,worm_compost,monthly
2779,user275@gmail.com,500g_1kg,biomethanation,no
2780,user276@gmail.com,500g_1kg,collector,daily
2781,user277@gmail.com,more_1kg,home_compost,monthly
2782,user278@gmail.com,250g_500g,home_compost,daily
2783,user279@gmail.com,250g_500g,mixed,weekly
2784,user280@gmail.com,250g_500g,home_compost,daily
2785,user281@gmail.com,250g_500g,community,weekly
2786,user282@gmail.com,250g_500g,worm_compost,no
2787,user283@gmail.com,500g_1kg,collector,weekly
2788,user284@gmail.com,less_250g,biomethanation,monthly
2789,user285@gmail.com,250g_500g,home_compost,monthly
2790,user286@gmail.com,500g_1kg,community,monthly
2791,user287@gmail.com,500g_1kg,biomethanation,no
2792,user288@gmail.com,250g_500g,biomethanation,weekly
2793,user289@gmail.com,250g_500g,mixed,no
2794,user290@gmail.com,250g_500g,community,monthly
2795,user291@gmail.com,250g_500g,home_compost,weekly
2796,user292@gmail.com,500g_1kg,worm_compost,no
2797,user293@gmail.com,more_1kg,worm_compost,monthly
2798,user294@gmail.com,500g_1kg,collector,daily
2799,user295@gmail.com,250g_500g,home_compost,monthly
2800,user296@gmail.com,500g_1kg,community,weekly
2801,user297@gmail.com,more_1kg,collector,daily
2802,user298@gmail.com,500g_1kg,collector,weekly
2803,user299@gmail.com,250g_500g,home_compost,no
2804,user300@gmail.com,250g_500g,biomethanation,no
2805,user301@gmail.com,more_1kg,community,monthly
2806,user302@gmail.com,500g_1kg,biomethanation,no
2807,user303@gmail.com,less_250g,worm_compost,monthly
2808,user304@gmail.com,250g_500g,worm_compost,no
2809,user305@gmail.com,500g_1kg,mixed,no
2810,user306@gmail.com,250g_500g,worm_compost,monthly
2811,user307@gmail.com,more_1kg,home_compost,weekly
2812,user308@gmail.com,500g_1kg,home_compost,no
2813,user309@gmail.com,500g_1kg,mixed,weekly
2814,user310@gmail.com,500g_1kg,biomethanation,daily
2815,user311@gmail.com,more_1kg,home_compost,weekly
2816,user312@gmail.com,250g_500g,collector,no
2817,user313@gmail.com,500g_1kg,collector,weekly
2818,user314@gmail.com,500g_1kg,worm_compost,daily
2819,user315@gmail.com,more_1kg,home_compost,daily
2820,user316@gmail.com,500g_1kg,community,daily
2821,user317@gmail.com,250g_500g,mixed,no
2822,user318@gmail.com,500g_1kg,community,daily
2823,user319@gmail.com,less_250g,worm_compost,daily
2824,user320@gmail.com,500g_1kg,mixed,daily
2825,user321@gmail.com,250g_500g,biomethanation,no
2826,user322@gmail.com,less_250g,home_compost,weekly
2827,user323@gmail.com,500g_1kg,mixed,no
2828,user324@gmail.com,more_1kg,worm_compost,monthly
2829,user325@gmail.com,250g_500g,biomethanation,monthly
2830,user326@gmail.com,500g_1kg,biomethanation,weekly
2831,user327@gmail.com,250g_500g,community,no
2832,user328@gmail.com,500g_1kg,worm_compost,monthly
2833,user329@gmail.com,500g_1kg,collector,weekly
2834,user330@gmail.com,less_250g,home_compost,monthly
2835,user331@gmail.com,500g_1kg,worm_compost,monthly
2836,user332@gmail.com,less_250g,collector,monthly
2837,user333@gmail.com,more_1kg,mixed,monthly
2838,user334@gmail.com,more_1kg,mixed,daily
2839,user335@gmail.com,500g_1kg,mixed,weekly
2840,user336@gmail.com,250g_500g,biomethanation,no
2841,user337@gmail.com,500g_1kg,biomethanation,no
2842,user338@gmail.com,less_250g,collector,weekly
2843,user339@gmail.com,500g_1kg,collector,weekly
2844,user340@gmail.com,250g_500g,biomethanation,no
2845,user341@gmail.com,500g_1kg,mixed,daily
2846,user342@gmail.com,500g_1kg,collector,daily
2847,user343@gmail.com,500g_1kg,biomethanation,no
2848,user344@gmail.com,500g_1kg,worm_compost,no
2849,user345@gmail.com,500g_1kg,worm_compost,no
2850,user346@gmail.com,500g_1kg,community,weekly
2851,user347@gmail.com,250g_500g,home_compost,daily
2852,user348@gmail.com,less_250g,home_compost,daily
2853,user349@gmail.com,500g_1kg,worm_compost,no
2854,user350@gmail.com,250g_500g,mixed,weekly
2855,user351@gmail.com,500g_1kg,biomethanation,daily
2856,user352@gmail.com,250g_500g,community,monthly
2857,user353@gmail.com,more_1kg,mixed,weekly
2858,user354@gmail.com,250g_500g,community,no
2859,user355@gmail.com,250g_500g,biomethanation,no
2860,user356@gmail.com,250g_500g,worm_compost,daily
2861,user357@gmail.com,250g_500g,mixed,monthly
2862,user358@gmail.com,250g_500g,worm_compost,weekly
2863,user359@gmail.com,500g_1kg,biomethanation,monthly
2864,user360@gmail.com,500g_1kg,worm_compost,monthly
2865,user361@gmail.com,250g_500g,collector,daily
2866,user362@gmail.com,250g_500g,worm_compost,no
2867,user363@gmail.com,250g_500g,mixed,daily
2868,user364@gmail.com,more_1kg,home_compost,no
2869,user365@gmail.com,more_1kg,community,weekly
2870,user366@gmail.com,250g_500g,home_compost,daily
2871,user367@gmail.com,500g_1kg,home_compost,no
2872,user368@gmail.com,500g_1kg,mixed,weekly
2873,user369@gmail.com,500g_1kg,collector,weekly
2874,user370@gmail.com,500g_1kg,worm_compost,daily
2875,user371@gmail.com,250g_500g,mixed,monthly
2876,user372@gmail.com,250g_500g,community,weekly
2877,user373@gmail.com,500g_1kg,biomethanation,no
2878,user374@gmail.com,250g_500g,collector,monthly
2879,user375@gmail.com,500g_1kg,worm_compost,weekly
2880,user376@gmail.com,500g_1kg,mixed,no
2881,user377@gmail.com,more_1kg,worm_compost,monthly
2882,user378@gmail.com,less_250g,community,no
2883,user379@gmail.com,less_250g,collector,daily
2884,user380@gmail.com,250g_500g,mixed,no
2885,user381@gmail.com,more_1kg,collector,no
2886,user382@gmail.com,500g_1kg,mixed,monthly
2887,user383@gmail.com,250g_500g,mixed,no
2888,user384@gmail.com,250g_500g,biomethanation,daily
2889,user385@gmail.com,less_250g,mixed,no
2890,user386@gmail.com,250g_500g,worm_compost,daily
2891,user387@gmail.com,500g_1kg,biomethanation,monthly
2892,user388@gmail.com,500g_1kg,biomethanation,weekly
2893,user389@gmail.com,less_250g,collector,daily
2894,user390@gmail.com,250g_500g,worm_compost,weekly
2895,user391@gmail.com,500g_1kg,biomethanation,weekly
2896,user392@gmail.com,250g_500g,community,weekly
2897,user393@gmail.com,less_250g,biomethanation,monthly
2898,user394@gmail.com,500g_1kg,biomethanation,weekly
2899,user395@gmail.com,500g_1kg,mixed,daily
2900,user396@gmail.com,more_1kg,worm_compost,no
2901,user397@gmail.com,250g_500g,mixed,monthly
2902,user398@gmail.com,250g_500g,mixed,monthly
2903,user399@gmail.com,250g_500g,worm_compost,daily
2904,user400@gmail.com,less_250g,mixed,no
2905,user401@gmail.com,500g_1kg,biomethanation,no
2906,user402@gmail.com,less_250g,home_compost,weekly
2907,user403@gmail.com,250g_500g,collector,monthly
2908,user404@gmail.com,more_1kg,worm_compost,weekly
2909,user405@gmail.com,250g_500g,home_compost,weekly
2910,user406@gmail.com,500g_1kg,biomethanation,monthly
2911,user407@gmail.com,250g_500g,biomethanation,weekly
2912,user408@gmail.com,250g_500g,community,monthly
2913,user409@gmail.com,250g_500g,mixed,daily
2914,user410@gmail.com,500g_1kg,home_compost,daily
2915,user411@gmail.com,500g_1kg,biomethanation,monthly
2916,user412@gmail.com,more_1kg,collector,daily
2917,user413@gmail.com,250g_500g,community,monthly
2918,user414@gmail.com,500g_1kg,home_compost,no
2919,user415@gmail.com,more_1kg,home_compost,no
2920,user416@gmail.com,less_250g,collector,weekly
2921,user417@gmail.com,500g_1kg,worm_compost,daily
2922,user418@gmail.com,less_250g,biomethanation,daily
2923,user419@gmail.com,250g_500g,biomethanation,daily
2924,user420@gmail.com,250g_500g,community,daily
2925,user421@gmail.com,250g_500g,home_compost,weekly
2926,user422@gmail.com,250g_500g,mixed,no
2927,user423@gmail.com,250g_500g,biomethanation,monthly
2928,user424@gmail.com,500g_1kg,home_compost,monthly
2929,user425@gmail.com,500g_1kg,worm_compost,no
2930,user426@gmail.com,500g_1kg,worm_compost,no
2931,user427@gmail.com,250g_500g,community,daily
2932,user428@gmail.com,250g_500g,collector,no
2933,user429@gmail.com,more_1kg,worm_compost,no
2934,user430@gmail.com,less_250g,collector,monthly
2935,user431@gmail.com,500g_1kg,community,daily
2936,user432@gmail.com,250g_500g,biomethanation,monthly
2937,user433@gmail.com,500g_1kg,biomethanation,no
2938,user434@gmail.com,500g_1kg,mixed,no
2939,user435@gmail.com,less_250g,biomethanation,no
2940,user436@gmail.com,500g_1kg,worm_compost,no
2941,user437@gmail.com,500g_1kg,home_compost,weekly
2942,user438@gmail.com,500g_1kg,biomethanation,monthly
2943,user439@gmail.com,less_250g,collector,monthly
2944,user440@gmail.com,500g_1kg,home_compost,weekly
2945,user441@gmail.com,more_1kg,home_compost,daily
2946,user442@gmail.com,500g_1kg,biomethanation,monthly
2947,user443@gmail.com,less_250g,biomethanation,no
2948,user444@gmail.com,250g_500g,community,weekly
2949,user445@gmail.com,more_1kg,collector,no
2950,user446@gmail.com,250g_500g,worm_compost,monthly
2951,user447@gmail.com,500g_1kg,worm_compost,no
2952,user448@gmail.com,more_1kg,mixed,no
2953,user449@gmail.com,500g_1kg,biomethanation,no
2954,user450@gmail.com,500g_1kg,home_compost,daily
2955,user451@gmail.com,250g_500g,mixed,weekly
2956,user452@gmail.com,500g_1kg,mixed,no
2957,user453@gmail.com,250g_500g,community,daily
2958,user454@gmail.com,250g_500g,collector,no
2959,user455@gmail.com,less_250g,community,no
2960,user456@gmail.com,500g_1kg,mixed,daily
2961,user457@gmail.com,250g_500g,home_compost,monthly
2962,user458@gmail.com,250g_500g,community,weekly
2963,user459@gmail.com,500g_1kg,worm_compost,daily
2964,user460@gmail.com,250g_500g,community,daily
2965,user461@gmail.com,500g_1kg,biomethanation,daily
2966,user462@gmail.com,250g_500g,home_compost,no
2967,user463@gmail.com,500g_1kg,collector,no
2968,user464@gmail.com,500g_1kg,collector,daily
2969,user465@gmail.com,500g_1kg,biomethanation,weekly
2970,user466@gmail.com,500g_1kg,home_compost,no
2971,user467@gmail.com,less_250g,collector,daily
2972,user468@gmail.com,500g_1kg,mixed,no
2973,user469@gmail.com,250g_500g,collector,daily
2974,user470@gmail.com,250g_500g,worm_compost,weekly
2975,user471@gmail.com,250g_500g,biomethanation,monthly
2976,user472@gmail.com,250g_500g,home_compost,no
2977,user473@gmail.com,more_1kg,collector,no
2978,user474@gmail.com,250g_500g,mixed,no
2979,user475@gmail.com,more_1kg,home_compost,no
2980,user476@gmail.com,500g_1kg,biomethanation,daily
2981,user477@gmail.com,500g_1kg,mixed,daily
2982,user478@gmail.com,250g_500g,mixed,monthly
2983,user479@gmail.com,500g_1kg,home_compost,daily
2984,user480@gmail.com,more_1kg,biomethanation,weekly
2985,user481@gmail.com,250g_500g,home_compost,monthly
2986,user482@gmail.com,less_250g,mixed,weekly
2987,user483@gmail.com,more_1kg,worm_compost,daily
2988,user484@gmail.com,250g_500g,mixed,monthly
2989,user485@gmail.com,250g_500g,home_compost,weekly
2990,user486@gmail.com,500g_1kg,community,monthly
2991,user487@gmail.com,500g_1kg,mixed,weekly
2992,user488@gmail.com,250g_500g,worm_compost,weekly
2993,user489@gmail.com,250g_500g,home_compost,monthly
2994,user490@gmail.com,500g_1kg,community,daily
2995,user491@gmail.com,250g_500g,biomethanation,monthly
2996,user492@gmail.com,250g_500g,community,monthly
2997,user493@gmail.com,500g_1kg,mixed,monthly
2998,user494@gmail.com,less_250g,mixed,no
2999,user495@gmail.com,500g_1kg,collector,no
3000,user496@gmail.com,250g_500g,collector,weekly
3001,user497@gmail.com,more_1kg,biomethanation,no
3002,user498@gmail.com,500g_1kg,collector,daily
3003,user499@gmail.com,500g_1kg,worm_compost,daily
3004,user500@gmail.com,500g_1kg,community,monthly
3005,user1@gmail.com,500g_1kg,mixed,weekly
3006,user2@gmail.com,500g_1kg,collector,no
3007,user3@gmail.com,500g_1kg,home_compost,no
3008,user4@gmail.com,500g_1kg,collector,monthly
3009,user5@gmail.com,500g_1kg,biomethanation,daily
3010,user6@gmail.com,500g_1kg,biomethanation,weekly
3011,user7@gmail.com,250g_500g,collector,daily
3012,user8@gmail.com,less_250g,worm_compost,monthly
3013,user9@gmail.com,250g_500g,mixed,daily
3014,user10@gmail.com,250g_500g,worm_compost,monthly
3015,user11@gmail.com,250g_500g,collector,no
3016,user12@gmail.com,250g_500g,biomethanation,no
3017,user13@gmail.com,250g_500g,collector,monthly
3018,user14@gmail.com,250g_500g,home_compost,daily
3019,user15@gmail.com,more_1kg,community,weekly
3020,user16@gmail.com,500g_1kg,mixed,daily
3021,user17@gmail.com,more_1kg,collector,no
3022,user18@gmail.com,250g_500g,home_compost,daily
3023,user19@gmail.com,less_250g,home_compost,monthly
3024,user20@gmail.com,more_1kg,community,monthly
3025,user21@gmail.com,500g_1kg,collector,daily
3026,user22@gmail.com,250g_500g,community,daily
3027,user23@gmail.com,500g_1kg,collector,monthly
3028,user24@gmail.com,500g_1kg,mixed,no
3029,user25@gmail.com,250g_500g,home_compost,no
3030,user26@gmail.com,250g_500g,biomethanation,daily
3031,user27@gmail.com,250g_500g,collector,weekly
3032,user28@gmail.com,250g_500g,worm_compost,no
3033,user29@gmail.com,500g_1kg,community,monthly
3034,user30@gmail.com,less_250g,biomethanation,no
3035,user31@gmail.com,250g_500g,worm_compost,daily
3036,user32@gmail.com,500g_1kg,biomethanation,no
3037,user33@gmail.com,500g_1kg,worm_compost,monthly
3038,user34@gmail.com,250g_500g,community,monthly
3039,user35@gmail.com,250g_500g,home_compost,monthly
3040,user36@gmail.com,250g_500g,worm_compost,no
3041,user37@gmail.com,500g_1kg,home_compost,daily
3042,user38@gmail.com,more_1kg,collector,monthly
3043,user39@gmail.com,less_250g,biomethanation,daily
3044,user40@gmail.com,250g_500g,collector,monthly
3045,user41@gmail.com,500g_1kg,mixed,weekly
3046,user42@gmail.com,250g_500g,community,monthly
3047,user43@gmail.com,500g_1kg,worm_compost,weekly
3048,user44@gmail.com,250g_500g,collector,monthly
3049,user45@gmail.com,250g_500g,biomethanation,no
3050,user46@gmail.com,250g_500g,biomethanation,no
3051,user47@gmail.com,more_1kg,worm_compost,daily
3052,user48@gmail.com,500g_1kg,community,monthly
3053,user49@gmail.com,more_1kg,collector,monthly
3054,user50@gmail.com,500g_1kg,home_compost,no
3055,user51@gmail.com,500g_1kg,worm_compost,no
3056,user52@gmail.com,250g_500g,mixed,weekly
3057,user53@gmail.com,more_1kg,collector,weekly
3058,user54@gmail.com,500g_1kg,home_compost,monthly
3059,user55@gmail.com,500g_1kg,collector,weekly
3060,user56@gmail.com,500g_1kg,worm_compost,no
3061,user57@gmail.com,500g_1kg,collector,daily
3062,user58@gmail.com,less_250g,mixed,no
3063,user59@gmail.com,500g_1kg,mixed,no
3064,user60@gmail.com,500g_1kg,mixed,monthly
3065,user61@gmail.com,250g_500g,mixed,weekly
3066,user62@gmail.com,more_1kg,worm_compost,daily
3067,user63@gmail.com,250g_500g,community,no
3068,user64@gmail.com,250g_500g,biomethanation,weekly
3069,user65@gmail.com,250g_500g,collector,weekly
3070,user66@gmail.com,250g_500g,worm_compost,no
3071,user67@gmail.com,500g_1kg,worm_compost,daily
3072,user68@gmail.com,500g_1kg,home_compost,daily
3073,user69@gmail.com,250g_500g,worm_compost,daily
3074,user70@gmail.com,250g_500g,worm_compost,daily
3075,user71@gmail.com,more_1kg,collector,weekly
3076,user72@gmail.com,250g_500g,collector,daily
3077,user73@gmail.com,250g_500g,worm_compost,monthly
3078,user74@gmail.com,more_1kg,biomethanation,daily
3079,user75@gmail.com,250g_500g,biomethanation,daily
3080,user76@gmail.com,250g_500g,home_compost,no
3081,user77@gmail.com,500g_1kg,mixed,weekly
3082,user78@gmail.com,more_1kg,worm_compost,no
3083,user79@gmail.com,250g_500g,collector,monthly
3084,user80@gmail.com,250g_500g,worm_compost,monthly
3085,user81@gmail.com,250g_500g,biomethanation,monthly
3086,user82@gmail.com,500g_1kg,collector,monthly
3087,user83@gmail.com,250g_500g,home_compost,daily
3088,user84@gmail.com,500g_1kg,mixed,weekly
3089,user85@gmail.com,250g_500g,home_compost,daily
3090,user86@gmail.com,500g_1kg,community,monthly
3091,user87@gmail.com,250g_500g,collector,no
3092,user88@gmail.com,more_1kg,mixed,weekly
3093,user89@gmail.com,less_250g,community,daily
3094,user90@gmail.com,250g_500g,mixed,daily
3095,user91@gmail.com,more_1kg,mixed,weekly
3096,user92@gmail.com,less_250g,collector,daily
3097,user93@gmail.com,500g_1kg,community,daily
3098,user94@gmail.com,more_1kg,community,monthly
3099,user95@gmail.com,500g_1kg,biomethanation,daily
3100,user96@gmail.com,more_1kg,biomethanation,no
3101,user97@gmail.com,250g_500g,biomethanation,weekly
3102,user98@gmail.com,500g_1kg,collector,monthly
3103,user99@gmail.com,250g_500g,collector,no
3104,user100@gmail.com,250g_500g,collector,daily
3105,user101@gmail.com,250g_500g,biomethanation,daily
3106,user102@gmail.com,500g_1kg,home_compost,no
3107,user103@gmail.com,500g_1kg,home_compost,weekly
3108,user104@gmail.com,250g_500g,worm_compost,weekly
3109,user105@gmail.com,500g_1kg,community,daily
3110,user106@gmail.com,250g_500g,community,no
3111,user107@gmail.com,250g_500g,collector,no
3112,user108@gmail.com,250g_500g,community,weekly
3113,user109@gmail.com,500g_1kg,biomethanation,no
3114,user110@gmail.com,250g_500g,worm_compost,monthly
3115,user111@gmail.com,250g_500g,mixed,daily
3116,user112@gmail.com,250g_500g,mixed,daily
3117,user113@gmail.com,250g_500g,community,weekly
3118,user114@gmail.com,less_250g,collector,weekly
3119,user115@gmail.com,250g_500g,community,monthly
3120,user116@gmail.com,more_1kg,biomethanation,monthly
3121,user117@gmail.com,250g_500g,biomethanation,daily
3122,user118@gmail.com,500g_1kg,collector,no
3123,user119@gmail.com,250g_500g,collector,no
3124,user120@gmail.com,500g_1kg,biomethanation,daily
3125,user121@gmail.com,500g_1kg,collector,daily
3126,user122@gmail.com,250g_500g,home_compost,daily
3127,user123@gmail.com,250g_500g,collector,weekly
3128,user124@gmail.com,250g_500g,community,no
3129,user125@gmail.com,250g_500g,collector,no
3130,user126@gmail.com,250g_500g,collector,daily
3131,user127@gmail.com,more_1kg,worm_compost,no
3132,user128@gmail.com,more_1kg,home_compost,monthly
3133,user129@gmail.com,250g_500g,community,monthly
3134,user130@gmail.com,250g_500g,worm_compost,weekly
3135,user131@gmail.com,500g_1kg,mixed,monthly
3136,user132@gmail.com,500g_1kg,mixed,monthly
3137,user133@gmail.com,500g_1kg,community,monthly
3138,user134@gmail.com,less_250g,worm_compost,daily
3139,user135@gmail.com,500g_1kg,community,daily
3140,user136@gmail.com,more_1kg,mixed,daily
3141,user137@gmail.com,250g_500g,home_compost,no
3142,user138@gmail.com,500g_1kg,biomethanation,no
3143,user139@gmail.com,250g_500g,community,weekly
3144,user140@gmail.com,250g_500g,collector,monthly
3145,user141@gmail.com,500g_1kg,home_compost,no
3146,user142@gmail.com,500g_1kg,community,daily
3147,user143@gmail.com,less_250g,biomethanation,no
3148,user144@gmail.com,500g_1kg,biomethanation,monthly
3149,user145@gmail.com,500g_1kg,home_compost,no
3150,user146@gmail.com,less_250g,home_compost,no
3151,user147@gmail.com,250g_500g,community,daily
3152,user148@gmail.com,500g_1kg,biomethanation,no
3153,user149@gmail.com,250g_500g,worm_compost,monthly
3154,user150@gmail.com,500g_1kg,home_compost,daily
3155,user151@gmail.com,500g_1kg,mixed,monthly
3156,user152@gmail.com,500g_1kg,worm_compost,weekly
3157,user153@gmail.com,500g_1kg,community,no
3158,user154@gmail.com,500g_1kg,community,weekly
3159,user155@gmail.com,500g_1kg,community,daily
3160,user156@gmail.com,more_1kg,biomethanation,monthly
3161,user157@gmail.com,less_250g,mixed,monthly
3162,user158@gmail.com,500g_1kg,community,weekly
3163,user159@gmail.com,250g_500g,home_compost,weekly
3164,user160@gmail.com,500g_1kg,home_compost,monthly
3165,user161@gmail.com,more_1kg,collector,daily
3166,user162@gmail.com,less_250g,home_compost,monthly
3167,user163@gmail.com,more_1kg,worm_compost,weekly
3168,user164@gmail.com,250g_500g,home_compost,no
3169,user165@gmail.com,500g_1kg,mixed,no
3170,user166@gmail.com,500g_1kg,home_compost,weekly
3171,user167@gmail.com,250g_500g,community,weekly
3172,user168@gmail.com,250g_500g,worm_compost,no
3173,user169@gmail.com,500g_1kg,collector,no
3174,user170@gmail.com,250g_500g,community,no
3175,user171@gmail.com,500g_1kg,home_compost,weekly
3176,user172@gmail.com,500g_1kg,worm_compost,weekly
3177,user173@gmail.com,250g_500g,mixed,monthly
3178,user174@gmail.com,more_1kg,collector,monthly
3179,user175@gmail.com,500g_1kg,mixed,weekly
3180,user176@gmail.com,250g_500g,community,monthly
3181,user177@gmail.com,500g_1kg,mixed,daily
3182,user178@gmail.com,more_1kg,worm_compost,monthly
3183,user179@gmail.com,500g_1kg,mixed,weekly
3184,user180@gmail.com,250g_500g,biomethanation,daily
3185,user181@gmail.com,500g_1kg,collector,daily
3186,user182@gmail.com,250g_500g,home_compost,daily
3187,user183@gmail.com,500g_1kg,home_compost,no
3188,user184@gmail.com,250g_500g,worm_compost,no
3189,user185@gmail.com,500g_1kg,community,daily
3190,user186@gmail.com,250g_500g,mixed,no
3191,user187@gmail.com,500g_1kg,worm_compost,no
3192,user188@gmail.com,500g_1kg,biomethanation,daily
3193,user189@gmail.com,more_1kg,worm_compost,no
3194,user190@gmail.com,250g_500g,home_compost,monthly
3195,user191@gmail.com,less_250g,collector,daily
3196,user192@gmail.com,more_1kg,biomethanation,weekly
3197,user193@gmail.com,250g_500g,collector,monthly
3198,user194@gmail.com,250g_500g,mixed,monthly
3199,user195@gmail.com,250g_500g,collector,daily
3200,user196@gmail.com,more_1kg,home_compost,weekly
3201,user197@gmail.com,less_250g,collector,no
3202,user198@gmail.com,500g_1kg,mixed,weekly
3203,user199@gmail.com,250g_500g,home_compost,monthly
3204,user200@gmail.com,250g_500g,home_compost,monthly
3205,user201@gmail.com,500g_1kg,biomethanation,weekly
3206,user202@gmail.com,250g_500g,mixed,daily
3207,user203@gmail.com,less_250g,home_compost,monthly
3208,user204@gmail.com,250g_500g,home_compost,no
3209,user205@gmail.com,less_250g,biomethanation,daily
3210,user206@gmail.com,250g_500g,community,no
3211,user207@gmail.com,less_250g,biomethanation,weekly
3212,user208@gmail.com,500g_1kg,collector,monthly
3213,user209@gmail.com,less_250g,community,monthly
3214,user210@gmail.com,250g_500g,worm_compost,weekly
3215,user211@gmail.com,less_250g,home_compost,no
3216,user212@gmail.com,more_1kg,collector,no
3217,user213@gmail.com,250g_500g,biomethanation,weekly
3218,user214@gmail.com,250g_500g,community,weekly
3219,user215@gmail.com,250g_500g,collector,no
3220,user216@gmail.com,250g_500g,community,weekly
3221,user217@gmail.com,more_1kg,collector,daily
3222,user218@gmail.com,250g_500g,mixed,no
3223,user219@gmail.com,500g_1kg,community,monthly
3224,user220@gmail.com,250g_500g,home_compost,daily
3225,user221@gmail.com,500g_1kg,home_compost,no
3226,user222@gmail.com,500g_1kg,worm_compost,weekly
3227,user223@gmail.com,500g_1kg,community,weekly
3228,user224@gmail.com,less_250g,biomethanation,weekly
3229,user225@gmail.com,250g_500g,community,no
3230,user226@gmail.com,500g_1kg,mixed,monthly
3231,user227@gmail.com,less_250g,home_compost,no
3232,user228@gmail.com,500g_1kg,biomethanation,no
3233,user229@gmail.com,less_250g,collector,monthly
3234,user230@gmail.com,500g_1kg,community,daily
3235,user231@gmail.com,more_1kg,mixed,weekly
3236,user232@gmail.com,250g_500g,mixed,weekly
3237,user233@gmail.com,250g_500g,home_compost,monthly
3238,user234@gmail.com,250g_500g,worm_compost,monthly
3239,user235@gmail.com,250g_500g,community,no
3240,user236@gmail.com,more_1kg,mixed,monthly
3241,user237@gmail.com,500g_1kg,worm_compost,no
3242,user238@gmail.com,250g_500g,worm_compost,daily
3243,user239@gmail.com,250g_500g,mixed,daily
3244,user240@gmail.com,500g_1kg,collector,weekly
3245,user241@gmail.com,500g_1kg,collector,daily
3246,user242@gmail.com,500g_1kg,home_compost,monthly
3247,user243@gmail.com,250g_500g,community,monthly
3248,user244@gmail.com,500g_1kg,community,daily
3249,user245@gmail.com,more_1kg,biomethanation,daily
3250,user246@gmail.com,250g_500g,home_compost,monthly
3251,user247@gmail.com,250g_500g,mixed,no
3252,user248@gmail.com,250g_500g,mixed,weekly
3253,user249@gmail.com,500g_1kg,community,monthly
3254,user250@gmail.com,250g_500g,community,no
3255,user251@gmail.com,250g_500g,mixed,weekly
3256,user252@gmail.com,250g_500g,biomethanation,daily
3257,user253@gmail.com,less_250g,worm_compost,monthly
3258,user254@gmail.com,less_250g,home_compost,no
3259,user255@gmail.com,250g_500g,collector,weekly
3260,user256@gmail.com,500g_1kg,home_compost,no
3261,user257@gmail.com,250g_500g,community,no
3262,user258@gmail.com,500g_1kg,home_compost,daily
3263,user259@gmail.com,250g_500g,community,daily
3264,user260@gmail.com,500g_1kg,mixed,weekly
3265,user261@gmail.com,500g_1kg,home_compost,weekly
3266,user262@gmail.com,250g_500g,mixed,monthly
3267,user263@gmail.com,500g_1kg,home_compost,monthly
3268,user264@gmail.com,250g_500g,biomethanation,daily
3269,user265@gmail.com,250g_500g,biomethanation,monthly
3270,user266@gmail.com,more_1kg,collector,monthly
3271,user267@gmail.com,more_1kg,community,daily
3272,user268@gmail.com,500g_1kg,mixed,no
3273,user269@gmail.com,less_250g,collector,weekly
3274,user270@gmail.com,more_1kg,mixed,no
3275,user271@gmail.com,500g_1kg,community,weekly
3276,user272@gmail.com,250g_500g,home_compost,daily
3277,user273@gmail.com,less_250g,home_compost,monthly
3278,user274@gmail.com,less_250g,biomethanation,weekly
3279,user275@gmail.com,250g_500g,mixed,no
3280,user276@gmail.com,500g_1kg,collector,monthly
3281,user277@gmail.com,500g_1kg,home_compost,monthly
3282,user278@gmail.com,500g_1kg,collector,monthly
3283,user279@gmail.com,more_1kg,worm_compost,daily
3284,user280@gmail.com,less_250g,home_compost,monthly
3285,user281@gmail.com,more_1kg,worm_compost,monthly
3286,user282@gmail.com,less_250g,collector,monthly
3287,user283@gmail.com,less_250g,community,no
3288,user284@gmail.com,250g_500g,community,daily
3289,user285@gmail.com,500g_1kg,worm_compost,monthly
3290,user286@gmail.com,250g_500g,worm_compost,no
3291,user287@gmail.com,250g_500g,community,monthly
3292,user288@gmail.com,500g_1kg,worm_compost,daily
3293,user289@gmail.com,250g_500g,home_compost,weekly
3294,user290@gmail.com,500g_1kg,mixed,weekly
3295,user291@gmail.com,250g_500g,biomethanation,monthly
3296,user292@gmail.com,500g_1kg,worm_compost,daily
3297,user293@gmail.com,500g_1kg,community,no
3298,user294@gmail.com,250g_500g,community,no
3299,user295@gmail.com,250g_500g,home_compost,no
3300,user296@gmail.com,500g_1kg,collector,monthly
3301,user297@gmail.com,250g_500g,biomethanation,weekly
3302,user298@gmail.com,250g_500g,home_compost,monthly
3303,user299@gmail.com,250g_500g,mixed,daily
3304,user300@gmail.com,500g_1kg,mixed,no
3305,user301@gmail.com,more_1kg,collector,weekly
3306,user302@gmail.com,more_1kg,home_compost,weekly
3307,user303@gmail.com,250g_500g,biomethanation,no
3308,user304@gmail.com,250g_500g,mixed,no
3309,user305@gmail.com,250g_500g,worm_compost,weekly
3310,user306@gmail.com,500g_1kg,community,no
3311,user307@gmail.com,250g_500g,worm_compost,weekly
3312,user308@gmail.com,more_1kg,biomethanation,weekly
3313,user309@gmail.com,more_1kg,community,monthly
3314,user310@gmail.com,500g_1kg,community,no
3315,user311@gmail.com,500g_1kg,worm_compost,weekly
3316,user312@gmail.com,less_250g,collector,daily
3317,user313@gmail.com,less_250g,worm_compost,monthly
3318,user314@gmail.com,250g_500g,mixed,weekly
3319,user315@gmail.com,250g_500g,collector,no
3320,user316@gmail.com,500g_1kg,worm_compost,weekly
3321,user317@gmail.com,250g_500g,biomethanation,monthly
3322,user318@gmail.com,more_1kg,worm_compost,monthly
3323,user319@gmail.com,250g_500g,home_compost,daily
3324,user320@gmail.com,500g_1kg,collector,no
3325,user321@gmail.com,500g_1kg,mixed,monthly
3326,user322@gmail.com,500g_1kg,biomethanation,daily
3327,user323@gmail.com,more_1kg,biomethanation,weekly
3328,user324@gmail.com,less_250g,home_compost,monthly
3329,user325@gmail.com,250g_500g,collector,monthly
3330,user326@gmail.com,500g_1kg,collector,daily
3331,user327@gmail.com,250g_500g,worm_compost,no
3332,user328@gmail.com,500g_1kg,worm_compost,monthly
3333,user329@gmail.com,500g_1kg,collector,daily
3334,user330@gmail.com,less_250g,biomethanation,no
3335,user331@gmail.com,250g_500g,mixed,daily
3336,user332@gmail.com,250g_500g,community,weekly
3337,user333@gmail.com,500g_1kg,home_compost,no
3338,user334@gmail.com,more_1kg,worm_compost,weekly
3339,user335@gmail.com,less_250g,mixed,daily
3340,user336@gmail.com,500g_1kg,worm_compost,no
3341,user337@gmail.com,250g_500g,biomethanation,no
3342,user338@gmail.com,500g_1kg,biomethanation,weekly
3343,user339@gmail.com,500g_1kg,community,weekly
3344,user340@gmail.com,250g_500g,collector,weekly
3345,user341@gmail.com,500g_1kg,biomethanation,weekly
3346,user342@gmail.com,500g_1kg,collector,monthly
3347,user343@gmail.com,500g_1kg,worm_compost,monthly
3348,user344@gmail.com,250g_500g,biomethanation,monthly
3349,user345@gmail.com,250g_500g,community,weekly
3350,user346@gmail.com,more_1kg,home_compost,weekly
3351,user347@gmail.com,250g_500g,mixed,weekly
3352,user348@gmail.com,500g_1kg,collector,no
3353,user349@gmail.com,250g_500g,collector,monthly
3354,user350@gmail.com,more_1kg,mixed,no
3355,user351@gmail.com,250g_500g,biomethanation,no
3356,user352@gmail.com,250g_500g,home_compost,daily
3357,user353@gmail.com,less_250g,worm_compost,monthly
3358,user354@gmail.com,500g_1kg,community,no
3359,user355@gmail.com,500g_1kg,community,monthly
3360,user356@gmail.com,250g_500g,collector,weekly
3361,user357@gmail.com,250g_500g,collector,monthly
3362,user358@gmail.com,250g_500g,worm_compost,monthly
3363,user359@gmail.com,250g_500g,community,daily
3364,user360@gmail.com,500g_1kg,mixed,no
3365,user361@gmail.com,500g_1kg,community,weekly
3366,user362@gmail.com,less_250g,home_compost,daily
3367,user363@gmail.com,less_250g,home_compost,no
3368,user364@gmail.com,more_1kg,home_compost,no
3369,user365@gmail.com,250g_500g,community,monthly
3370,user366@gmail.com,250g_500g,biomethanation,monthly
3371,user367@gmail.com,500g_1kg,home_compost,weekly
3372,user368@gmail.com,500g_1kg,worm_compost,daily
3373,user369@gmail.com,250g_500g,biomethanation,monthly
3374,user370@gmail.com,500g_1kg,biomethanation,daily
3375,user371@gmail.com,250g_500g,collector,daily
3376,user372@gmail.com,500g_1kg,home_compost,no
3377,user373@gmail.com,250g_500g,biomethanation,monthly
3378,user374@gmail.com,500g_1kg,home_compost,weekly
3379,user375@gmail.com,500g_1kg,worm_compost,daily
3380,user376@gmail.com,250g_500g,home_compost,weekly
3381,user377@gmail.com,250g_500g,biomethanation,no
3382,user378@gmail.com,more_1kg,worm_compost,monthly
3383,user379@gmail.com,less_250g,collector,daily
3384,user380@gmail.com,500g_1kg,collector,monthly
3385,user381@gmail.com,less_250g,mixed,daily
3386,user382@gmail.com,250g_500g,home_compost,monthly
3387,user383@gmail.com,more_1kg,mixed,no
3388,user384@gmail.com,less_250g,community,daily
3389,user385@gmail.com,250g_500g,home_compost,monthly
3390,user386@gmail.com,250g_500g,worm_compost,weekly
3391,user387@gmail.com,more_1kg,mixed,weekly
3392,user388@gmail.com,500g_1kg,collector,no
3393,user389@gmail.com,500g_1kg,home_compost,daily
3394,user390@gmail.com,less_250g,home_compost,weekly
3395,user391@gmail.com,250g_500g,collector,daily
3396,user392@gmail.com,more_1kg,mixed,monthly
3397,user393@gmail.com,250g_500g,worm_compost,weekly
3398,user394@gmail.com,500g_1kg,home_compost,daily
3399,user395@gmail.com,more_1kg,biomethanation,weekly
3400,user396@gmail.com,500g_1kg,worm_compost,no
3401,user397@gmail.com,250g_500g,collector,monthly
3402,user398@gmail.com,250g_500g,mixed,monthly
3403,user399@gmail.com,500g_1kg,worm_compost,monthly
3404,user400@gmail.com,250g_500g,community,no
3405,user401@gmail.com,500g_1kg,worm_compost,monthly
3406,user402@gmail.com,250g_500g,home_compost,monthly
3407,user403@gmail.com,250g_500g,home_compost,monthly
3408,user404@gmail.com,more_1kg,worm_compost,weekly
3409,user405@gmail.com,less_250g,mixed,weekly
3410,user406@gmail.com,more_1kg,worm_compost,weekly
3411,user407@gmail.com,250g_500g,worm_compost,weekly
3412,user408@gmail.com,500g_1kg,mixed,monthly
3413,user409@gmail.com,less_250g,biomethanation,weekly
3414,user410@gmail.com,250g_500g,home_compost,daily
3415,user411@gmail.com,250g_500g,collector,monthly
3416,user412@gmail.com,less_250g,biomethanation,no
3417,user413@gmail.com,500g_1kg,biomethanation,monthly
3418,user414@gmail.com,500g_1kg,worm_compost,monthly
3419,user415@gmail.com,less_250g,community,no
3420,user416@gmail.com,more_1kg,home_compost,weekly
3421,user417@gmail.com,more_1kg,worm_compost,weekly
3422,user418@gmail.com,more_1kg,community,no
3423,user419@gmail.com,500g_1kg,worm_compost,weekly
3424,user420@gmail.com,500g_1kg,mixed,monthly
3425,user421@gmail.com,500g_1kg,community,weekly
3426,user422@gmail.com,more_1kg,home_compost,no
3427,user423@gmail.com,less_250g,biomethanation,weekly
3428,user424@gmail.com,250g_500g,biomethanation,monthly
3429,user425@gmail.com,500g_1kg,home_compost,daily
3430,user426@gmail.com,500g_1kg,mixed,weekly
3431,user427@gmail.com,250g_500g,collector,no
3432,user428@gmail.com,500g_1kg,collector,no
3433,user429@gmail.com,less_250g,mixed,monthly
3434,user430@gmail.com,500g_1kg,home_compost,no
3435,user431@gmail.com,500g_1kg,biomethanation,weekly
3436,user432@gmail.com,more_1kg,collector,no
3437,user433@gmail.com,500g_1kg,mixed,weekly
3438,user434@gmail.com,more_1kg,home_compost,weekly
3439,user435@gmail.com,500g_1kg,home_compost,daily
3440,user436@gmail.com,more_1kg,biomethanation,weekly
3441,user437@gmail.com,250g_500g,biomethanation,monthly
3442,user438@gmail.com,250g_500g,worm_compost,weekly
3443,user439@gmail.com,250g_500g,collector,daily
3444,user440@gmail.com,more_1kg,community,monthly
3445,user441@gmail.com,more_1kg,biomethanation,no
3446,user442@gmail.com,500g_1kg,home_compost,weekly
3447,user443@gmail.com,500g_1kg,mixed,weekly
3448,user444@gmail.com,250g_500g,biomethanation,monthly
3449,user445@gmail.com,500g_1kg,collector,daily
3450,user446@gmail.com,250g_500g,community,monthly
3451,user447@gmail.com,500g_1kg,worm_compost,monthly
3452,user448@gmail.com,250g_500g,mixed,daily
3453,user449@gmail.com,less_250g,mixed,no
3454,user450@gmail.com,500g_1kg,community,monthly
3455,user451@gmail.com,500g_1kg,mixed,weekly
3456,user452@gmail.com,250g_500g,biomethanation,monthly
3457,user453@gmail.com,500g_1kg,biomethanation,daily
3458,user454@gmail.com,more_1kg,worm_compost,monthly
3459,user455@gmail.com,250g_500g,collector,no
3460,user456@gmail.com,500g_1kg,biomethanation,monthly
3461,user457@gmail.com,500g_1kg,biomethanation,daily
3462,user458@gmail.com,500g_1kg,worm_compost,no
3463,user459@gmail.com,250g_500g,biomethanation,no
3464,user460@gmail.com,more_1kg,collector,weekly
3465,user461@gmail.com,250g_500g,collector,daily
3466,user462@gmail.com,less_250g,home_compost,no
3467,user463@gmail.com,500g_1kg,mixed,weekly
3468,user464@gmail.com,500g_1kg,collector,weekly
3469,user465@gmail.com,500g_1kg,community,weekly
3470,user466@gmail.com,250g_500g,mixed,daily
3471,user467@gmail.com,500g_1kg,mixed,weekly
3472,user468@gmail.com,250g_500g,worm_compost,monthly
3473,user469@gmail.com,more_1kg,collector,monthly
3474,user470@gmail.com,less_250g,mixed,no
3475,user471@gmail.com,250g_500g,biomethanation,daily
3476,user472@gmail.com,500g_1kg,home_compost,monthly
3477,user473@gmail.com,less_250g,community,monthly
3478,user474@gmail.com,250g_500g,community,weekly
3479,user475@gmail.com,500g_1kg,home_compost,daily
3480,user476@gmail.com,500g_1kg,mixed,daily
3481,user477@gmail.com,500g_1kg,biomethanation,monthly
3482,user478@gmail.com,more_1kg,biomethanation,no
3483,user479@gmail.com,500g_1kg,collector,weekly
3484,user480@gmail.com,more_1kg,collector,daily
3485,user481@gmail.com,500g_1kg,collector,weekly
3486,user482@gmail.com,500g_1kg,community,monthly
3487,user483@gmail.com,less_250g,community,no
3488,user484@gmail.com,250g_500g,home_compost,no
3489,user485@gmail.com,250g_500g,mixed,no
3490,user486@gmail.com,500g_1kg,worm_compost,weekly
3491,user487@gmail.com,250g_500g,worm_compost,monthly
3492,user488@gmail.com,500g_1kg,worm_compost,no
3493,user489@gmail.com,500g_1kg,home_compost,monthly
3494,user490@gmail.com,250g_500g,mixed,daily
3495,user491@gmail.com,250g_500g,collector,no
3496,user492@gmail.com,250g_500g,mixed,weekly
3497,user493@gmail.com,500g_1kg,collector,weekly
3498,user494@gmail.com,250g_500g,biomethanation,weekly
3499,user495@gmail.com,250g_500g,worm_compost,monthly
3500,user496@gmail.com,more_1kg,home_compost,weekly
3501,user497@gmail.com,500g_1kg,worm_compost,no
3502,user498@gmail.com,500g_1kg,home_compost,no
3503,user499@gmail.com,500g_1kg,collector,weekly
3504,user500@gmail.com,more_1kg,community,daily
3505,user1@gmail.com,250g_500g,collector,daily
3506,user2@gmail.com,500g_1kg,community,monthly
3507,user3@gmail.com,500g_1kg,worm_compost,weekly
3508,user4@gmail.com,500g_1kg,home_compost,monthly
3509,user5@gmail.com,500g_1kg,worm_compost,weekly
3510,user6@gmail.com,more_1kg,worm_compost,weekly
3511,user7@gmail.com,250g_500g,biomethanation,weekly
3512,user8@gmail.com,more_1kg,home_compost,weekly
3513,user9@gmail.com,250g_500g,mixed,monthly
3514,user10@gmail.com,500g_1kg,home_compost,no
3515,user11@gmail.com,250g_500g,home_compost,no
3516,user12@gmail.com,250g_500g,collector,daily
3517,user13@gmail.com,500g_1kg,worm_compost,daily
3518,user14@gmail.com,250g_500g,biomethanation,weekly
3519,user15@gmail.com,500g_1kg,mixed,daily
3520,user16@gmail.com,less_250g,collector,monthly
3521,user17@gmail.com,less_250g,worm_compost,daily
3522,user18@gmail.com,250g_500g,community,daily
3523,user19@gmail.com,more_1kg,worm_compost,monthly
3524,user20@gmail.com,250g_500g,worm_compost,no
3525,user21@gmail.com,250g_500g,mixed,no
3526,user22@gmail.com,250g_500g,collector,daily
3527,user23@gmail.com,500g_1kg,collector,weekly
3528,user24@gmail.com,500g_1kg,community,daily
3529,user25@gmail.com,less_250g,home_compost,daily
3530,user26@gmail.com,500g_1kg,biomethanation,daily
3531,user27@gmail.com,250g_500g,home_compost,no
3532,user28@gmail.com,250g_500g,biomethanation,no
3533,user29@gmail.com,500g_1kg,community,weekly
3534,user30@gmail.com,250g_500g,home_compost,weekly
3535,user31@gmail.com,500g_1kg,biomethanation,weekly
3536,user32@gmail.com,more_1kg,collector,weekly
3537,user33@gmail.com,250g_500g,mixed,daily
3538,user34@gmail.com,500g_1kg,mixed,daily
3539,user35@gmail.com,500g_1kg,community,monthly
3540,user36@gmail.com,more_1kg,community,no
3541,user37@gmail.com,250g_500g,collector,no
3542,user38@gmail.com,250g_500g,community,monthly
3543,user39@gmail.com,500g_1kg,mixed,monthly
3544,user40@gmail.com,250g_500g,community,weekly
3545,user41@gmail.com,more_1kg,collector,no
3546,user42@gmail.com,500g_1kg,worm_compost,weekly
3547,user43@gmail.com,250g_500g,worm_compost,no
3548,user44@gmail.com,less_250g,home_compost,no
3549,user45@gmail.com,less_250g,biomethanation,daily
3550,user46@gmail.com,more_1kg,collector,monthly
3551,user47@gmail.com,500g_1kg,mixed,weekly
3552,user48@gmail.com,250g_500g,worm_compost,monthly
3553,user49@gmail.com,250g_500g,worm_compost,weekly
3554,user50@gmail.com,250g_500g,biomethanation,monthly
3555,user51@gmail.com,more_1kg,community,weekly
3556,user52@gmail.com,more_1kg,collector,weekly
3557,user53@gmail.com,more_1kg,community,daily
3558,user54@gmail.com,less_250g,collector,weekly
3559,user55@gmail.com,500g_1kg,biomethanation,daily
3560,user56@gmail.com,250g_500g,mixed,daily
3561,user57@gmail.com,less_250g,home_compost,no
3562,user58@gmail.com,500g_1kg,community,no
3563,user59@gmail.com,250g_500g,community,weekly
3564,user60@gmail.com,500g_1kg,biomethanation,monthly
3565,user61@gmail.com,500g_1kg,home_compost,no
3566,user62@gmail.com,less_250g,home_compost,monthly
3567,user63@gmail.com,more_1kg,mixed,weekly
3568,user64@gmail.com,500g_1kg,mixed,weekly
3569,user65@gmail.com,more_1kg,community,weekly
3570,user66@gmail.com,500g_1kg,collector,monthly
3571,user67@gmail.com,500g_1kg,mixed,daily
3572,user68@gmail.com,more_1kg,worm_compost,no
3573,user69@gmail.com,250g_500g,community,no
3574,user70@gmail.com,250g_500g,collector,no
3575,user71@gmail.com,500g_1kg,home_compost,daily
3576,user72@gmail.com,500g_1kg,collector,daily
3577,user73@gmail.com,250g_500g,mixed,monthly
3578,user74@gmail.com,250g_500g,biomethanation,weekly
3579,user75@gmail.com,500g_1kg,community,daily
3580,user76@gmail.com,250g_500g,mixed,daily
3581,user77@gmail.com,500g_1kg,worm_compost,no
3582,user78@gmail.com,250g_500g,mixed,no
3583,user79@gmail.com,500g_1kg,community,weekly
3584,user80@gmail.com,250g_500g,mixed,daily
3585,user81@gmail.com,250g_500g,home_compost,no
3586,user82@gmail.com,more_1kg,collector,daily
3587,user83@gmail.com,250g_500g,biomethanation,no
3588,user84@gmail.com,more_1kg,worm_compost,monthly
3589,user85@gmail.com,250g_500g,collector,no
3590,user86@gmail.com,500g_1kg,community,monthly
3591,user87@gmail.com,less_250g,community,daily
3592,user88@gmail.com,250g_500g,worm_compost,weekly
3593,user89@gmail.com,250g_500g,home_compost,no
3594,user90@gmail.com,more_1kg,community,monthly
3595,user91@gmail.com,500g_1kg,collector,daily
3596,user92@gmail.com,500g_1kg,biomethanation,monthly
3597,user93@gmail.com,more_1kg,community,no
3598,user94@gmail.com,more_1kg,biomethanation,monthly
3599,user95@gmail.com,250g_500g,home_compost,weekly
3600,user96@gmail.com,500g_1kg,mixed,no
3601,user97@gmail.com,500g_1kg,biomethanation,weekly
3602,user98@gmail.com,500g_1kg,community,daily
3603,user99@gmail.com,500g_1kg,community,monthly
3604,user100@gmail.com,250g_500g,worm_compost,weekly
3605,user101@gmail.com,250g_500g,mixed,weekly
3606,user102@gmail.com,250g_500g,collector,no
3607,user103@gmail.com,less_250g,community,weekly
3608,user104@gmail.com,250g_500g,biomethanation,daily
3609,user105@gmail.com,250g_500g,collector,no
3610,user106@gmail.com,500g_1kg,mixed,daily
3611,user107@gmail.com,500g_1kg,home_compost,monthly
3612,user108@gmail.com,250g_500g,home_compost,no
3613,user109@gmail.com,500g_1kg,community,no
3614,user110@gmail.com,500g_1kg,biomethanation,weekly
3615,user111@gmail.com,250g_500g,worm_compost,no
3616,user112@gmail.com,500g_1kg,mixed,weekly
3617,user113@gmail.com,more_1kg,mixed,weekly
3618,user114@gmail.com,less_250g,worm_compost,monthly
3619,user115@gmail.com,more_1kg,collector,daily
3620,user116@gmail.com,250g_500g,home_compost,no
3621,user117@gmail.com,500g_1kg,collector,no
3622,user118@gmail.com,500g_1kg,home_compost,monthly
3623,user119@gmail.com,250g_500g,mixed,no
3624,user120@gmail.com,500g_1kg,worm_compost,no
3625,user121@gmail.com,250g_500g,community,daily
3626,user122@gmail.com,250g_500g,home_compost,no
3627,user123@gmail.com,more_1kg,collector,monthly
3628,user124@gmail.com,more_1kg,mixed,monthly
3629,user125@gmail.com,500g_1kg,collector,monthly
3630,user126@gmail.com,more_1kg,biomethanation,monthly
3631,user127@gmail.com,250g_500g,community,weekly
3632,user128@gmail.com,250g_500g,community,weekly
3633,user129@gmail.com,500g_1kg,community,no
3634,user130@gmail.com,500g_1kg,home_compost,no
3635,user131@gmail.com,more_1kg,mixed,daily
3636,user132@gmail.com,less_250g,collector,weekly
3637,user133@gmail.com,500g_1kg,collector,weekly
3638,user134@gmail.com,500g_1kg,collector,daily
3639,user135@gmail.com,250g_500g,biomethanation,daily
3640,user136@gmail.com,500g_1kg,biomethanation,weekly
3641,user137@gmail.com,500g_1kg,biomethanation,monthly
3642,user138@gmail.com,500g_1kg,collector,monthly
3643,user139@gmail.com,500g_1kg,collector,daily
3644,user140@gmail.com,500g_1kg,collector,monthly
3645,user141@gmail.com,500g_1kg,home_compost,weekly
3646,user142@gmail.com,less_250g,worm_compost,no
3647,user143@gmail.com,more_1kg,community,weekly
3648,user144@gmail.com,500g_1kg,collector,no
3649,user145@gmail.com,more_1kg,home_compost,no
3650,user146@gmail.com,500g_1kg,collector,monthly
3651,user147@gmail.com,250g_500g,collector,daily
3652,user148@gmail.com,250g_500g,biomethanation,monthly
3653,user149@gmail.com,250g_500g,mixed,weekly
3654,user150@gmail.com,250g_500g,collector,weekly
3655,user151@gmail.com,250g_500g,worm_compost,monthly
3656,user152@gmail.com,250g_500g,home_compost,monthly
3657,user153@gmail.com,less_250g,community,weekly
3658,user154@gmail.com,less_250g,community,weekly
3659,user155@gmail.com,250g_500g,biomethanation,daily
3660,user156@gmail.com,500g_1kg,biomethanation,no
3661,user157@gmail.com,500g_1kg,worm_compost,weekly
3662,user158@gmail.com,250g_500g,mixed,monthly
3663,user159@gmail.com,less_250g,mixed,monthly
3664,user160@gmail.com,500g_1kg,worm_compost,no
3665,user161@gmail.com,500g_1kg,worm_compost,no
3666,user162@gmail.com,more_1kg,home_compost,weekly
3667,user163@gmail.com,250g_500g,mixed,daily
3668,user164@gmail.com,250g_500g,community,weekly
3669,user165@gmail.com,500g_1kg,mixed,weekly
3670,user166@gmail.com,250g_500g,mixed,daily
3671,user167@gmail.com,500g_1kg,worm_compost,monthly
3672,user168@gmail.com,250g_500g,collector,daily
3673,user169@gmail.com,more_1kg,mixed,weekly
3674,user170@gmail.com,more_1kg,collector,monthly
3675,user171@gmail.com,250g_500g,collector,weekly
3676,user172@gmail.com,500g_1kg,community,daily
3677,user173@gmail.com,250g_500g,biomethanation,monthly
3678,user174@gmail.com,500g_1kg,worm_compost,no
3679,user175@gmail.com,less_250g,community,monthly
3680,user176@gmail.com,500g_1kg,collector,monthly
3681,user177@gmail.com,more_1kg,mixed,daily
3682,user178@gmail.com,250g_500g,biomethanation,weekly
3683,user179@gmail.com,250g_500g,home_compost,daily
3684,user180@gmail.com,more_1kg,community,no
3685,user181@gmail.com,more_1kg,worm_compost,weekly
3686,user182@gmail.com,less_250g,mixed,monthly
3687,user183@gmail.com,500g_1kg,community,daily
3688,user184@gmail.com,250g_500g,home_compost,daily
3689,user185@gmail.com,500g_1kg,biomethanation,monthly
3690,user186@gmail.com,500g_1kg,home_compost,monthly
3691,user187@gmail.com,500g_1kg,community,weekly
3692,user188@gmail.com,250g_500g,biomethanation,no
3693,user189@gmail.com,more_1kg,home_compost,monthly
3694,user190@gmail.com,500g_1kg,home_compost,no
3695,user191@gmail.com,250g_500g,home_compost,daily
3696,user192@gmail.com,250g_500g,biomethanation,weekly
3697,user193@gmail.com,500g_1kg,worm_compost,daily
3698,user194@gmail.com,500g_1kg,worm_compost,daily
3699,user195@gmail.com,250g_500g,worm_compost,no
3700,user196@gmail.com,500g_1kg,community,monthly
3701,user197@gmail.com,250g_500g,mixed,no
3702,user198@gmail.com,more_1kg,collector,no
3703,user199@gmail.com,250g_500g,worm_compost,weekly
3704,user200@gmail.com,more_1kg,biomethanation,no
3705,user201@gmail.com,500g_1kg,worm_compost,monthly
3706,user202@gmail.com,less_250g,mixed,no
3707,user203@gmail.com,250g_500g,biomethanation,no
3708,user204@gmail.com,more_1kg,home_compost,no
3709,user205@gmail.com,250g_500g,community,monthly
3710,user206@gmail.com,500g_1kg,biomethanation,no
3711,user207@gmail.com,500g_1kg,mixed,weekly
3712,user208@gmail.com,500g_1kg,collector,weekly
3713,user209@gmail.com,250g_500g,mixed,monthly
3714,user210@gmail.com,500g_1kg,collector,weekly
3715,user211@gmail.com,500g_1kg,community,weekly
3716,user212@gmail.com,250g_500g,community,daily
3717,user213@gmail.com,less_250g,worm_compost,no
3718,user214@gmail.com,500g_1kg,collector,weekly
3719,user215@gmail.com,500g_1kg,worm_compost,no
3720,user216@gmail.com,500g_1kg,worm_compost,weekly
3721,user217@gmail.com,250g_500g,home_compost,no
3722,user218@gmail.com,500g_1kg,community,weekly
3723,user219@gmail.com,more_1kg,worm_compost,weekly
3724,user220@gmail.com,500g_1kg,mixed,daily
3725,user221@gmail.com,500g_1kg,biomethanation,weekly
3726,user222@gmail.com,500g_1kg,community,no
3727,user223@gmail.com,250g_500g,mixed,weekly
3728,user224@gmail.com,500g_1kg,collector,monthly
3729,user225@gmail.com,more_1kg,biomethanation,weekly
3730,user226@gmail.com,500g_1kg,collector,daily
3731,user227@gmail.com,500g_1kg,mixed,daily
3732,user228@gmail.com,250g_500g,worm_compost,no
3733,user229@gmail.com,more_1kg,mixed,monthly
3734,user230@gmail.com,500g_1kg,mixed,monthly
3735,user231@gmail.com,500g_1kg,home_compost,weekly
3736,user232@gmail.com,250g_500g,biomethanation,weekly
3737,user233@gmail.com,more_1kg,community,weekly
3738,user234@gmail.com,500g_1kg,worm_compost,daily
3739,user235@gmail.com,more_1kg,mixed,monthly
3740,user236@gmail.com,less_250g,collector,weekly
3741,user237@gmail.com,less_250g,mixed,daily
3742,user238@gmail.com,500g_1kg,biomethanation,weekly
3743,user239@gmail.com,less_250g,community,weekly
3744,user240@gmail.com,less_250g,collector,weekly
3745,user241@gmail.com,250g_500g,mixed,monthly
3746,user242@gmail.com,250g_500g,biomethanation,weekly
3747,user243@gmail.com,500g_1kg,mixed,daily
3748,user244@gmail.com,more_1kg,community,daily
3749,user245@gmail.com,500g_1kg,biomethanation,weekly
3750,user246@gmail.com,500g_1kg,mixed,monthly
3751,user247@gmail.com,500g_1kg,mixed,daily
3752,user248@gmail.com,more_1kg,community,no
3753,user249@gmail.com,less_250g,home_compost,daily
3754,user250@gmail.com,500g_1kg,community,monthly
3755,user251@gmail.com,500g_1kg,community,monthly
3756,user252@gmail.com,250g_500g,collector,no
3757,user253@gmail.com,250g_500g,community,no
3758,user254@gmail.com,250g_500g,mixed,weekly
3759,user255@gmail.com,250g_500g,worm_compost,weekly
3760,user256@gmail.com,250g_500g,mixed,daily
3761,user257@gmail.com,500g_1kg,home_compost,daily
3762,user258@gmail.com,more_1kg,collector,no
3763,user259@gmail.com,250g_500g,community,daily
3764,user260@gmail.com,250g_500g,worm_compost,no
3765,user261@gmail.com,500g_1kg,home_compost,daily
3766,user262@gmail.com,more_1kg,collector,no
3767,user263@gmail.com,500g_1kg,mixed,monthly
3768,user264@gmail.com,less_250g,worm_compost,monthly
3769,user265@gmail.com,500g_1kg,worm_compost,weekly
3770,user266@gmail.com,250g_500g,home_compost,monthly
3771,user267@gmail.com,250g_500g,mixed,monthly
3772,user268@gmail.com,250g_500g,biomethanation,monthly
3773,user269@gmail.com,less_250g,community,monthly
3774,user270@gmail.com,250g_500g,worm_compost,no
3775,user271@gmail.com,less_250g,collector,no
3776,user272@gmail.com,less_250g,home_compost,weekly
3777,user273@gmail.com,500g_1kg,collector,weekly
3778,user274@gmail.com,500g_1kg,community,weekly
3779,user275@gmail.com,250g_500g,worm_compost,no
3780,user276@gmail.com,250g_500g,community,weekly
3781,user277@gmail.com,250g_500g,biomethanation,monthly
3782,user278@gmail.com,more_1kg,community,no
3783,user279@gmail.com,more_1kg,mixed,no
3784,user280@gmail.com,more_1kg,home_compost,monthly
3785,user281@gmail.com,250g_500g,worm_compost,daily
3786,user282@gmail.com,more_1kg,home_compost,monthly
3787,user283@gmail.com,more_1kg,worm_compost,monthly
3788,user284@gmail.com,250g_500g,community,weekly
3789,user285@gmail.com,less_250g,collector,monthly
3790,user286@gmail.com,250g_500g,mixed,weekly
3791,user287@gmail.com,500g_1kg,community,no
3792,user288@gmail.com,less_250g,collector,daily
3793,user289@gmail.com,250g_500g,home_compost,monthly
3794,user290@gmail.com,more_1kg,biomethanation,weekly
3795,user291@gmail.com,250g_500g,mixed,monthly
3796,user292@gmail.com,250g_500g,community,monthly
3797,user293@gmail.com,less_250g,worm_compost,weekly
3798,user294@gmail.com,less_250g,biomethanation,daily
3799,user295@gmail.com,more_1kg,mixed,no
3800,user296@gmail.com,less_250g,mixed,no
3801,user297@gmail.com,250g_500g,collector,monthly
3802,user298@gmail.com,250g_500g,mixed,monthly
3803,user299@gmail.com,500g_1kg,community,monthly
3804,user300@gmail.com,250g_500g,biomethanation,weekly
3805,user301@gmail.com,250g_500g,community,no
3806,user302@gmail.com,250g_500g,home_compost,monthly
3807,user303@gmail.com,500g_1kg,home_compost,weekly
3808,user304@gmail.com,250g_500g,biomethanation,daily
3809,user305@gmail.com,250g_500g,collector,monthly
3810,user306@gmail.com,250g_500g,home_compost,weekly
3811,user307@gmail.com,more_1kg,biomethanation,daily
3812,user308@gmail.com,250g_500g,biomethanation,monthly
3813,user309@gmail.com,500g_1kg,biomethanation,no
3814,user310@gmail.com,250g_500g,biomethanation,no
3815,user311@gmail.com,250g_500g,biomethanation,daily
3816,user312@gmail.com,500g_1kg,biomethanation,monthly
3817,user313@gmail.com,500g_1kg,mixed,weekly
3818,user314@gmail.com,more_1kg,mixed,monthly
3819,user315@gmail.com,500g_1kg,worm_compost,daily
3820,user316@gmail.com,250g_500g,biomethanation,daily
3821,user317@gmail.com,less_250g,worm_compost,daily
3822,user318@gmail.com,250g_500g,mixed,no
3823,user319@gmail.com,500g_1kg,home_compost,monthly
3824,user320@gmail.com,500g_1kg,mixed,monthly
3825,user321@gmail.com,less_250g,collector,weekly
3826,user322@gmail.com,250g_500g,community,weekly
3827,user323@gmail.com,250g_500g,community,weekly
3828,user324@gmail.com,500g_1kg,home_compost,no
3829,user325@gmail.com,500g_1kg,biomethanation,weekly
3830,user326@gmail.com,more_1kg,home_compost,weekly
3831,user327@gmail.com,500g_1kg,community,no
3832,user328@gmail.com,250g_500g,collector,monthly
3833,user329@gmail.com,250g_500g,collector,no
3834,user330@gmail.com,more_1kg,collector,no
3835,user331@gmail.com,250g_500g,collector,monthly
3836,user332@gmail.com,500g_1kg,collector,monthly
3837,user333@gmail.com,500g_1kg,worm_compost,no
3838,user334@gmail.com,500g_1kg,worm_compost,weekly
3839,user335@gmail.com,500g_1kg,collector,monthly
3840,user336@gmail.com,500g_1kg,collector,monthly
3841,user337@gmail.com,less_250g,mixed,daily
3842,user338@gmail.com,250g_500g,home_compost,weekly
3843,user339@gmail.com,500g_1kg,community,monthly
3844,user340@gmail.com,more_1kg,collector,monthly
3845,user341@gmail.com,250g_500g,mixed,monthly
3846,user342@gmail.com,250g_500g,worm_compost,weekly
3847,user343@gmail.com,250g_500g,mixed,monthly
3848,user344@gmail.com,less_250g,community,daily
3849,user345@gmail.com,more_1kg,collector,monthly
3850,user346@gmail.com,250g_500g,community,no
3851,user347@gmail.com,less_250g,worm_compost,weekly
3852,user348@gmail.com,500g_1kg,worm_compost,daily
3853,user349@gmail.com,250g_500g,mixed,no
3854,user350@gmail.com,250g_500g,home_compost,daily
3855,user351@gmail.com,500g_1kg,home_compost,weekly
3856,user352@gmail.com,500g_1kg,community,monthly
3857,user353@gmail.com,500g_1kg,community,daily
3858,user354@gmail.com,500g_1kg,worm_compost,daily
3859,user355@gmail.com,500g_1kg,home_compost,no
3860,user356@gmail.com,250g_500g,biomethanation,weekly
3861,user357@gmail.com,500g_1kg,collector,weekly
3862,user358@gmail.com,250g_500g,collector,no
3863,user359@gmail.com,less_250g,home_compost,daily
3864,user360@gmail.com,500g_1kg,biomethanation,daily
3865,user361@gmail.com,250g_500g,community,weekly
3866,user362@gmail.com,250g_500g,worm_compost,weekly
3867,user363@gmail.com,500g_1kg,collector,weekly
3868,user364@gmail.com,more_1kg,biomethanation,weekly
3869,user365@gmail.com,500g_1kg,collector,daily
3870,user366@gmail.com,500g_1kg,worm_compost,monthly
3871,user367@gmail.com,250g_500g,collector,no
3872,user368@gmail.com,250g_500g,home_compost,daily
3873,user369@gmail.com,500g_1kg,collector,weekly
3874,user370@gmail.com,500g_1kg,biomethanation,monthly
3875,user371@gmail.com,more_1kg,home_compost,weekly
3876,user372@gmail.com,250g_500g,worm_compost,no
3877,user373@gmail.com,500g_1kg,collector,weekly
3878,user374@gmail.com,250g_500g,home_compost,monthly
3879,user375@gmail.com,more_1kg,mixed,monthly
3880,user376@gmail.com,more_1kg,community,weekly
3881,user377@gmail.com,more_1kg,mixed,daily
3882,user378@gmail.com,250g_500g,biomethanation,daily
3883,user379@gmail.com,250g_500g,worm_compost,monthly
3884,user380@gmail.com,less_250g,biomethanation,daily
3885,user381@gmail.com,more_1kg,biomethanation,weekly
3886,user382@gmail.com,less_250g,worm_compost,weekly
3887,user383@gmail.com,250g_500g,mixed,weekly
3888,user384@gmail.com,500g_1kg,biomethanation,monthly
3889,user385@gmail.com,500g_1kg,mixed,daily
3890,user386@gmail.com,250g_500g,home_compost,monthly
3891,user387@gmail.com,500g_1kg,collector,no
3892,user388@gmail.com,250g_500g,collector,no
3893,user389@gmail.com,250g_500g,community,weekly
3894,user390@gmail.com,250g_500g,mixed,weekly
3895,user391@gmail.com,more_1kg,community,daily
3896,user392@gmail.com,250g_500g,mixed,daily
3897,user393@gmail.com,250g_500g,mixed,weekly
3898,user394@gmail.com,less_250g,home_compost,no
3899,user395@gmail.com,250g_500g,collector,no
3900,user396@gmail.com,500g_1kg,biomethanation,weekly
3901,user397@gmail.com,250g_500g,biomethanation,no
3902,user398@gmail.com,less_250g,collector,weekly
3903,user399@gmail.com,250g_500g,collector,weekly
3904,user400@gmail.com,500g_1kg,mixed,monthly
3905,user401@gmail.com,500g_1kg,worm_compost,monthly
3906,user402@gmail.com,500g_1kg,community,weekly
3907,user403@gmail.com,250g_500g,home_compost,daily
3908,user404@gmail.com,500g_1kg,community,no
3909,user405@gmail.com,250g_500g,community,daily
3910,user406@gmail.com,more_1kg,collector,weekly
3911,user407@gmail.com,250g_500g,home_compost,monthly
3912,user408@gmail.com,500g_1kg,biomethanation,weekly
3913,user409@gmail.com,less_250g,biomethanation,weekly
3914,user410@gmail.com,more_1kg,worm_compost,daily
3915,user411@gmail.com,500g_1kg,collector,weekly
3916,user412@gmail.com,250g_500g,home_compost,no
3917,user413@gmail.com,500g_1kg,biomethanation,daily
3918,user414@gmail.com,250g_500g,worm_compost,monthly
3919,user415@gmail.com,500g_1kg,community,weekly
3920,user416@gmail.com,250g_500g,collector,daily
3921,user417@gmail.com,500g_1kg,community,monthly
3922,user418@gmail.com,250g_500g,home_compost,weekly
3923,user419@gmail.com,250g_500g,collector,daily
3924,user420@gmail.com,more_1kg,home_compost,monthly
3925,user421@gmail.com,more_1kg,worm_compost,weekly
3926,user422@gmail.com,500g_1kg,community,no
3927,user423@gmail.com,more_1kg,biomethanation,daily
3928,user424@gmail.com,500g_1kg,community,no
3929,user425@gmail.com,500g_1kg,home_compost,no
3930,user426@gmail.com,less_250g,biomethanation,daily
3931,user427@gmail.com,more_1kg,community,no
3932,user428@gmail.com,250g_500g,worm_compost,no
3933,user429@gmail.com,250g_500g,collector,monthly
3934,user430@gmail.com,250g_500g,home_compost,no
3935,user431@gmail.com,500g_1kg,biomethanation,monthly
3936,user432@gmail.com,500g_1kg,mixed,monthly
3937,user433@gmail.com,250g_500g,home_compost,no
3938,user434@gmail.com,more_1kg,mixed,no
3939,user435@gmail.com,250g_500g,community,no
3940,user436@gmail.com,500g_1kg,mixed,weekly
3941,user437@gmail.com,250g_500g,collector,weekly
3942,user438@gmail.com,500g_1kg,biomethanation,no
3943,user439@gmail.com,250g_500g,home_compost,monthly
3944,user440@gmail.com,250g_500g,community,monthly
3945,user441@gmail.com,250g_500g,community,monthly
3946,user442@gmail.com,500g_1kg,mixed,weekly
3947,user443@gmail.com,500g_1kg,collector,daily
3948,user444@gmail.com,250g_500g,worm_compost,weekly
3949,user445@gmail.com,250g_500g,collector,weekly
3950,user446@gmail.com,more_1kg,community,no
3951,user447@gmail.com,500g_1kg,community,daily
3952,user448@gmail.com,more_1kg,worm_compost,no
3953,user449@gmail.com,250g_500g,biomethanation,weekly
3954,user450@gmail.com,500g_1kg,worm_compost,monthly
3955,user451@gmail.com,500g_1kg,mixed,no
3956,user452@gmail.com,more_1kg,mixed,daily
3957,user453@gmail.com,less_250g,community,daily
3958,user454@gmail.com,250g_500g,community,no
3959,user455@gmail.com,250g_500g,home_compost,no
3960,user456@gmail.com,500g_1kg,collector,weekly
3961,user457@gmail.com,250g_500g,home_compost,monthly
3962,user458@gmail.com,250g_500g,mixed,daily
3963,user459@gmail.com,250g_500g,mixed,no
3964,user460@gmail.com,250g_500g,biomethanation,daily
3965,user461@gmail.com,500g_1kg,biomethanation,daily
3966,user462@gmail.com,250g_500g,worm_compost,weekly
3967,user463@gmail.com,250g_500g,home_compost,daily
3968,user464@gmail.com,250g_500g,community,monthly
3969,user465@gmail.com,250g_500g,collector,weekly
3970,user466@gmail.com,250g_500g,worm_compost,no
3971,user467@gmail.com,250g_500g,worm_compost,no
3972,user468@gmail.com,250g_500g,collector,weekly
3973,user469@gmail.com,less_250g,biomethanation,no
3974,user470@gmail.com,less_250g,community,no
3975,user471@gmail.com,250g_500g,worm_compost,daily
3976,user472@gmail.com,more_1kg,collector,no
3977,user473@gmail.com,less_250g,community,weekly
3978,user474@gmail.com,250g_500g,community,weekly
3979,user475@gmail.com,250g_500g,mixed,daily
3980,user476@gmail.com,less_250g,community,weekly
3981,user477@gmail.com,250g_500g,community,daily
3982,user478@gmail.com,less_250g,worm_compost,weekly
3983,user479@gmail.com,500g_1kg,biomethanation,daily
3984,user480@gmail.com,250g_500g,worm_compost,weekly
3985,user481@gmail.com,500g_1kg,home_compost,daily
3986,user482@gmail.com,250g_500g,home_compost,daily
3987,user483@gmail.com,500g_1kg,community,weekly
3988,user484@gmail.com,500g_1kg,biomethanation,no
3989,user485@gmail.com,500g_1kg,community,weekly
3990,user486@gmail.com,500g_1kg,community,monthly
3991,user487@gmail.com,250g_500g,collector,no
3992,user488@gmail.com,500g_1kg,worm_compost,monthly
3993,user489@gmail.com,250g_500g,mixed,daily
3994,user490@gmail.com,250g_500g,mixed,no
3995,user491@gmail.com,500g_1kg,home_compost,daily
3996,user492@gmail.com,500g_1kg,biomethanation,daily
3997,user493@gmail.com,250g_500g,home_compost,no
3998,user494@gmail.com,more_1kg,home_compost,weekly
3999,user495@gmail.com,more_1kg,mixed,no
4000,user496@gmail.com,250g_500g,biomethanation,weekly
4001,user497@gmail.com,250g_500g,mixed,daily
4002,user498@gmail.com,less_250g,biomethanation,weekly
4003,user499@gmail.com,more_1kg,mixed,daily
4004,user500@gmail.com,250g_500g,home_compost,monthly
4005,user1@gmail.com,less_250g,home_compost,daily
