user_email,family_size,house_type,district,milk_packets,deliveries,oil_type,bottles,segregation,food_waste,compost,garden_waste,old_devices,batteries,disposal_method,family_size_encoded,batteries_encoded,fraud_probability,fraud_flag,bio_waste,plastic_waste,e_waste,fraud_penalty_weight,bio_waste_adjusted,plastic_waste_adjusted,e_waste_adjusted
0.0,0.3333333333333333,0.0,0.6923076923076923,0.3333333333333333,0.4444444444444445,1.0,0.0,0.0,0.0,0.6000000000000001,0.0,1.0,0.0,0.0,0.3333333333333333,0.0,0.61968199398367,0.0,0.06666666666666667,0.22222222222222224,0.7,0.38031800601633003,0.038513425301362106,0.12506476989024448,0.7619535694152616
0.5534351145038168,0.3333333333333333,0.0,0.3846153846153846,0.3333333333333333,0.9444444444444444,0.5,1.0,0.5,0.0,0.2,0.0,0.0,0.6666666666666666,0.0,0.3333333333333333,0.6666666666666666,0.3465119610371007,0.0,0.06666666666666667,0.7222222222222222,0.19999999999999998,0.6534880389628993,0.0661763639264836,0.6984078383343539,0.3740685696715011
0.6112322791712105,0.3333333333333333,0.5,0.4615384615384615,0.1666666666666666,0.9444444444444444,0.5,1.0,1.0,0.0,0.2,0.6666666666666666,0.0,0.3333333333333333,0.0,0.3333333333333333,0.3333333333333333,0.3240223463687151,0.0,0.3333333333333333,0.6555555555555556,0.09999999999999999,0.6759776536312849,0.3422690282431785,0.6557562767911819,0.19347101932045305
0.66793893129771,0.6666666666666666,1.0,0.6153846153846154,0.6666666666666666,0.8333333333333333,1.0,0.3333333333333333,0.0,0.0,0.4,0.3333333333333333,0.0,1.0,0.3333333333333333,0.6666666666666666,1.0,0.6298524566680991,0.0,0.26666666666666666,0.5666666666666667,0.3,0.3701475433319009,0.1499339977080523,0.3103867351264779,0.3178188899707888
0.7235550708833152,0.6666666666666666,0.5,0.6153846153846154,0.6666666666666666,0.2777777777777777,0.0,1.0,0.5,0.0,1.0,0.3333333333333333,0.0,0.6666666666666666,0.0,0.6666666666666666,0.6666666666666666,0.3052571264861767,0.0,0.26666666666666666,0.7222222222222223,0.19999999999999998,0.6947428735138232,0.2814163656672034,0.7424984690753215,0.39768359555168353
0.7758996728462377,0.6666666666666666,0.5,0.2307692307692307,0.6666666666666666,0.3888888888888889,0.5,0.6666666666666666,0.5,0.0,0.0,1.0,0.0,0.0,0.0,0.6666666666666666,0.0,0.2756052141527002,0.0,0.5333333333333333,0.6111111111111112,0.0,0.7243947858472999,0.5868546644037309,0.6550826699326394,0.0
0.8336968375136314,0.3333333333333333,0.0,0.7692307692307693,0.1666666666666666,0.1666666666666666,1.0,1.0,0.0,0.0,0.0,0.0,0.0,0.3333333333333333,0.3333333333333333,0.3333333333333333,0.3333333333333333,0.2160148975791433,0.0,0.06666666666666667,0.5,0.09999999999999999,0.7839851024208567,0.07939132831425795,0.5800673606858543,0.22438374417055298
0.8865866957470011,0.3333333333333333,0.0,0.3076923076923077,0.3333333333333333,0.7777777777777777,0.0,0.6666666666666666,1.0,0.0,0.0,1.0,0.0,0.6666666666666666,0.6666666666666666,0.3333333333333333,0.6666666666666666,0.195673972210285,0.0,0.4666666666666667,0.5555555555555556,0.19999999999999998,0.804326027789715,0.5701582604406922,0.661241697677705,0.4604110080459181
0.9443838604143948,0.3333333333333333,0.5,0.9230769230769232,0.5,0.0,0.5,1.0,1.0,0.0,0.6000000000000001,0.6666666666666666,0.0,1.0,0.3333333333333333,0.3333333333333333,1.0,0.7405815785704054,0.0,0.3333333333333333,0.6000000000000001,0.3,0.2594184214295946,0.13135181397507867,0.23033115078430447,0.22274381181776248
1.0,0.6666666666666666,0.0,0.1538461538461538,0.5,0.8888888888888888,1.0,0.0,1.0,0.0,0.4,0.3333333333333333,0.0833333333333333,0.3333333333333333,0.0,0.6666666666666666,0.3333333333333333,0.221028505944707,0.0,0.26666666666666666,0.37777777777777777,0.1583333333333333,0.778971494055293,0.31553447350479424,0.43547034716661165,0.35300227198961376
0.0534351145038168,0.0,0.5,0.1538461538461538,0.0,0.5555555555555556,0.0,1.0,0.0,0.0,0.0,0.6666666666666666,0.0,0.6666666666666666,0.0,0.0,0.6666666666666666,0.9427016186792724,0.0,0.26666666666666666,0.5111111111111112,0.19999999999999998,0.05729838132072762,0.023209597168429116,0.0433369447453954,0.032798647055808906
0.1646673936750272,0.6666666666666666,0.5,1.0,0.5,0.3888888888888889,1.0,0.0,0.5,0.0,0.0,0.6666666666666666,0.0,0.0,0.3333333333333333,0.6666666666666666,0.0,0.0664661223320441,0.0,0.4,0.2777777777777778,0.0,0.9335338776679559,0.5672135427999477,0.3837321588393236,0.0
0.2197382769901854,0.3333333333333333,0.0,0.4615384615384615,0.5,1.0,1.0,1.0,1.0,0.0,0.0,1.0,0.0,0.0,0.3333333333333333,0.3333333333333333,0.0,0.6000572983813207,0.0,0.4666666666666667,0.8,0.0,0.3999427016186793,0.283505229412362,0.47346554241839,0.0
0.2742639040348964,0.6666666666666666,0.5,0.7692307692307693,0.5,0.9444444444444444,0.5,1.0,1.0,0.0,0.0,1.0,0.0,0.6666666666666666,0.3333333333333333,0.6666666666666666,0.6666666666666666,0.3711502650050136,0.0,0.5333333333333333,0.788888888888889,0.19999999999999998,0.6288497349949864,0.5094506578470197,0.734113712374582,0.3599651514375032
0.3282442748091603,0.6666666666666666,0.5,0.8461538461538463,0.5,0.3333333333333333,1.0,0.6666666666666666,1.0,0.0,0.2,0.6666666666666666,0.0,0.0,0.3333333333333333,0.6666666666666666,0.0,0.0868070477009024,0.0,0.4,0.5333333333333333,0.0,0.9131929522990976,0.5548544323077593,0.7207122332658156,0.0
0.3838604143947655,0.6666666666666666,0.5,0.5384615384615385,0.6666666666666666,0.8888888888888888,0.0,0.0,1.0,0.0,1.0,0.6666666666666666,0.0,0.6666666666666666,0.6666666666666666,0.6666666666666666,0.6666666666666666,0.4586735424724252,0.0,0.4,0.4444444444444444,0.19999999999999998,0.5413264575275748,0.3289090038731015,0.3560224221583682,0.309865218059755
0.4383860414394765,0.3333333333333333,0.5,0.0,0.1666666666666666,0.0,1.0,0.3333333333333333,1.0,0.0,0.0,0.3333333333333333,0.0,0.3333333333333333,1.0,0.3333333333333333,0.3333333333333333,0.4450651769087523,0.0,0.2,0.19999999999999996,0.09999999999999999,0.5549348230912476,0.16858871143217719,0.16423759951010403,0.1588274483677548
0.4961832061068703,0.3333333333333333,1.0,0.6153846153846154,0.5,0.2222222222222222,0.5,0.3333333333333333,1.0,0.0,0.0,0.0,0.0,0.6666666666666666,0.3333333333333333,0.3333333333333333,0.6666666666666666,0.1810628849734995,0.0,0.06666666666666667,0.3777777777777778,0.19999999999999998,0.8189371150265005,0.08293079188244337,0.45781242639785197,0.46877466304514936
0.5528898582333697,0.3333333333333333,0.5,1.0,0.1666666666666666,0.8333333333333333,0.5,0.3333333333333333,1.0,0.0,0.6000000000000001,0.6666666666666666,0.0,0.0,1.0,0.3333333333333333,0.0,0.3790287924366137,0.0,0.3333333333333333,0.3666666666666666,0.0,0.6209712075633863,0.3144175116410636,0.3369329690517687,0.0
0.5599781897491821,0.6666666666666666,1.0,0.0769230769230769,0.6666666666666666,0.0555555555555555,0.5,0.0,0.0,0.0,1.0,0.6666666666666666,0.0,0.6666666666666666,1.0,0.6666666666666666,0.6666666666666666,0.5241369431313566,0.0,0.4,0.2777777777777778,0.19999999999999998,0.4758630568686434,0.289133556725706,0.19560506853832016,0.27239276379849325
0.5654307524536533,0.0,1.0,0.0,0.0,0.5555555555555556,1.0,0.0,0.0,0.0,0.2,0.3333333333333333,0.0,0.0,0.6666666666666666,0.0,0.0,0.9618965764217162,0.0,0.13333333333333333,0.11111111111111112,0.0,0.03810342357828378,0.007717191058502664,0.006265014838193016,0.0
0.5708833151581243,0.3333333333333333,0.0,0.1538461538461538,0.3333333333333333,0.5555555555555556,1.0,1.0,0.0,0.0,0.0,0.0,0.0,1.0,1.0,0.3333333333333333,1.0,0.2774674115456239,0.0,0.06666666666666667,0.6444444444444445,0.3,0.7225325884543761,0.07316825507347287,0.6890385793018983,0.6203864090606263
0.5763358778625954,0.3333333333333333,1.0,1.0,0.3333333333333333,0.3333333333333333,0.0,1.0,0.5,0.0,0.2,1.0,0.0833333333333333,0.0,0.0,0.3333333333333333,0.0,0.1826385904598195,0.0,0.4666666666666667,0.6,0.058333333333333307,0.8173614095401804,0.5793985813133731,0.7257148240614253,0.13646287090657505
0.5817884405670666,0.3333333333333333,0.5,0.1538461538461538,0.3333333333333333,0.7222222222222221,0.0,0.3333333333333333,0.5,0.0,0.0,1.0,0.0833333333333333,0.3333333333333333,0.0,0.3333333333333333,0.3333333333333333,0.1011316430310843,0.0,0.4666666666666667,0.4111111111111111,0.1583333333333333,0.8988683569689158,0.6371759722645315,0.5468345188185972,0.4073352807530023
0.5877862595419847,0.6666666666666666,0.0,0.6153846153846154,0.6666666666666666,0.6111111111111112,0.5,0.3333333333333333,0.0,0.0,0.6000000000000001,0.6666666666666666,0.0,0.6666666666666666,0.6666666666666666,0.6666666666666666,0.6666666666666666,0.2665807190946855,0.0,0.4,0.5222222222222223,0.19999999999999998,0.7334192809053145,0.44562426563383967,0.5667718686702153,0.4198226823143546
0.5932388222464559,0.3333333333333333,0.0,0.5384615384615385,0.3333333333333333,0.3333333333333333,1.0,0.6666666666666666,0.5,0.0,0.0,0.0,0.0,1.0,0.0,0.3333333333333333,1.0,0.3781693167168027,0.0,0.06666666666666667,0.4666666666666667,0.3,0.6218306832831972,0.06297053831759432,0.42941730651467325,0.53392097575975
0.598691384950927,0.6666666666666666,0.0,0.0769230769230769,0.6666666666666666,0.2222222222222222,1.0,0.6666666666666666,1.0,0.0,0.2,1.0,0.0,0.3333333333333333,0.0,0.6666666666666666,0.3333333333333333,0.282051282051282,0.0,0.5333333333333333,0.5777777777777777,0.09999999999999999,0.7179487179487181,0.5816325050408345,0.6138395590936926,0.2054835238046431
0.6046892039258451,0.0,1.0,0.3846153846153846,0.1666666666666666,0.7777777777777777,0.0,1.0,0.0,0.0,0.0,0.6666666666666666,0.0,0.0,0.6666666666666666,0.0,0.0,0.7503223033949291,0.0,0.26666666666666666,0.6222222222222222,0.0,0.2496776966050709,0.10113581966143,0.22989307079937818,0.0
0.6106870229007634,1.0,1.0,0.4615384615384615,0.5,0.3333333333333333,1.0,0.6666666666666666,0.0,0.0,0.0,0.0,0.0,0.3333333333333333,1.0,1.0,0.3333333333333333,0.4598195100988397,0.0,0.2,0.5333333333333333,0.09999999999999999,0.5401804899011603,0.16410635797902431,0.4263224833953554,0.15460462255931942
0.6221374045801527,0.3333333333333333,0.5,0.5384615384615385,0.3333333333333333,0.0,1.0,1.0,0.5,0.0,0.2,1.0,0.0,0.0,1.0,0.3333333333333333,0.0,0.4721386620827962,0.0,0.4666666666666667,0.5333333333333333,0.0,0.5278613379172038,0.3741822243497686,0.41659993405247536,0.0
0.6281352235550709,0.3333333333333333,0.0,0.1538461538461538,0.5,0.8888888888888888,0.5,0.3333333333333333,0.5,0.0,0.0,0.0,0.0,0.0,0.0,0.3333333333333333,0.0,0.4238647758200831,0.0,0.06666666666666667,0.5111111111111112,0.0,0.5761352241799169,0.05834312488213876,0.4357529794149513,0.0
0.6341330425299891,0.6666666666666666,0.5,0.3076923076923077,0.6666666666666666,0.9444444444444444,0.5,0.0,0.5,0.0,0.6000000000000001,0.0,0.0,0.6666666666666666,0.0,0.6666666666666666,0.6666666666666666,0.5247099269445639,0.0,0.13333333333333333,0.45555555555555555,0.19999999999999998,0.47529007305543614,0.09626180425605987,0.3204060483301144,0.2720647773279352
0.6401308615049074,0.6666666666666666,1.0,0.3076923076923077,0.5,0.3333333333333333,0.0,0.0,0.5,0.0,0.4,0.3333333333333333,0.0,1.0,0.3333333333333333,0.6666666666666666,1.0,0.3230196246956023,0.0,0.26666666666666666,0.26666666666666666,0.3,0.6769803753043977,0.27422139054499034,0.26714400113052894,0.5812740224465741
0.6455834242093784,0.3333333333333333,0.0,0.8461538461538463,0.3333333333333333,0.4999999999999999,1.0,0.3333333333333333,0.5,0.0,0.4,0.6666666666666666,0.0,0.3333333333333333,1.0,0.3333333333333333,0.3333333333333333,0.0376736857183784,0.0,0.3333333333333333,0.36666666666666664,0.09999999999999999,0.9623263142816216,0.4872564805547094,0.5221489471948749,0.2754266386511557
0.6510359869138496,0.0,0.0,0.8461538461538463,0.1666666666666666,0.2222222222222222,0.0,1.0,0.0,0.0,0.2,1.0,0.0833333333333333,0.6666666666666666,0.6666666666666666,0.0,0.6666666666666666,0.7637874230053001,0.0,0.4,0.5111111111111111,0.2583333333333333,0.23621257699469989,0.1435223464902737,0.1786565547128927,0.17464937904644764
0.6570338058887677,0.6666666666666666,0.5,0.2307692307692307,0.3333333333333333,0.8888888888888888,0.0,0.3333333333333333,0.5,0.0,0.0,0.3333333333333333,0.0,0.3333333333333333,0.3333333333333333,0.6666666666666666,0.3333333333333333,0.297951582867784,0.0,0.26666666666666666,0.4444444444444444,0.09999999999999999,0.702048417132216,0.28437558930617807,0.4617268830373545,0.20093271152564957
0.6619411123227917,0.6666666666666666,1.0,0.0,0.3333333333333333,1.0,0.5,0.3333333333333333,1.0,0.0,0.4,0.3333333333333333,0.0,0.6666666666666666,0.0,0.6666666666666666,0.6666666666666666,0.6090817934393354,0.0,0.26666666666666666,0.4666666666666667,0.19999999999999998,0.39091820656066456,0.15834747668160778,0.2699561920015073,0.22376876953825647
0.6673936750272629,1.0,1.0,0.6923076923076923,0.6666666666666666,0.3333333333333333,1.0,0.3333333333333333,0.0,0.0,0.6000000000000001,0.6666666666666666,0.0,1.0,0.0,1.0,1.0,0.7914338919925512,0.0,0.4666666666666667,0.4666666666666667,0.3,0.2085661080074488,0.14784513396289367,0.1440293937538273,0.1790806129247169
0.6739367502726281,0.3333333333333333,0.0,0.1538461538461538,0.1666666666666666,0.7777777777777777,0.5,0.6666666666666666,0.0,0.0,0.0,0.6666666666666666,0.0,0.0,0.0,0.3333333333333333,0.0,0.3215871651625842,0.0,0.3333333333333333,0.4888888888888889,0.0,0.6784128348374159,0.3435020380927513,0.49080032031654813,0.0
0.6788440567066522,0.3333333333333333,0.5,0.5384615384615385,0.3333333333333333,0.9444444444444444,0.0,0.3333333333333333,1.0,0.0,0.2,0.0,0.0,0.0,0.0,0.3333333333333333,0.0,0.4108293940696175,0.0,0.06666666666666667,0.45555555555555555,0.0,0.5891706059303825,0.05966317072109317,0.3971760327853408,0.0
0.6842966194111233,0.6666666666666666,0.5,0.6153846153846154,0.6666666666666666,0.4444444444444445,0.5,0.3333333333333333,0.0,0.0,0.0,0.0,0.0,0.0,0.6666666666666666,0.6666666666666666,0.0,0.3185790001432459,0.0,0.13333333333333333,0.48888888888888893,0.0,0.6814209998567541,0.1380100671627718,0.4929765886287626,0.0
0.6897491821155943,0.0,0.0,0.9230769230769232,0.1666666666666666,1.0,1.0,1.0,1.0,0.0,0.2,0.0,0.0,0.3333333333333333,0.3333333333333333,0.0,0.3333333333333333,0.8676407391491191,0.0,0.0,0.6666666666666667,0.09999999999999999,0.1323592608508809,0.0,0.13057609873286538,0.03788243734945932
0.6957470010905126,0.3333333333333333,1.0,0.9230769230769232,0.5,0.6111111111111112,0.5,0.0,0.0,0.0,0.0,0.0,0.0,0.0,1.0,0.3333333333333333,0.0,0.2064174187079215,0.0,0.06666666666666667,0.32222222222222224,0.0,0.7935825812920785,0.0803632301956859,0.3783974751519148,0.0
0.7011995637949837,0.3333333333333333,0.0,0.8461538461538463,0.5,0.7222222222222221,1.0,1.0,0.5,0.0,0.0,0.6666666666666666,0.0,0.3333333333333333,1.0,0.3333333333333333,0.3333333333333333,0.1696032087093539,0.0,0.3333333333333333,0.7444444444444445,0.09999999999999999,0.8303967912906461,0.42045635870432424,0.9147840218568939,0.23766719622815563
0.7066521264994547,0.3333333333333333,0.0,0.6153846153846154,0.1666666666666666,0.0555555555555555,0.0,1.0,1.0,0.0,0.0,0.6666666666666666,0.0,0.3333333333333333,0.0,0.3333333333333333,0.3333333333333333,0.3751611516974645,0.0,0.3333333333333333,0.47777777777777775,0.09999999999999999,0.6248388483025356,0.3163758214021498,0.44176833576711105,0.17883462307179832
0.712649945474373,0.3333333333333333,0.5,0.1538461538461538,0.5,0.8333333333333333,1.0,0.3333333333333333,0.0,0.0,0.4,1.0,0.0,0.3333333333333333,0.6666666666666666,0.3333333333333333,0.3333333333333333,0.2453803180060163,0.0,0.4666666666666667,0.5,0.09999999999999999,0.7546196819939837,0.5349231907393707,0.5583400065947524,0.21597909086250192
0.7181025081788441,0.3333333333333333,0.0,0.5384615384615385,0.3333333333333333,0.4444444444444445,0.0,1.0,0.5,0.0,0.0,1.0,0.0,0.6666666666666666,0.6666666666666666,0.3333333333333333,0.6666666666666666,0.1622976650909612,0.0,0.4666666666666667,0.6222222222222222,0.19999999999999998,0.8377023349090388,0.5938175435542596,0.7713222478684817,0.4795162199559268
0.7230098146128681,0.3333333333333333,1.0,0.7692307692307693,0.1666666666666666,0.0555555555555555,1.0,0.3333333333333333,1.0,0.0,0.0,0.0,0.0,0.0,1.0,0.3333333333333333,0.0,0.4568113450795015,0.0,0.06666666666666667,0.21111111111111105,0.0,0.5431886549204985,0.055006745289177074,0.1696924019030571,0.0
0.7339149400218102,0.6666666666666666,0.0,0.6923076923076923,0.5,0.0,0.0,0.0,1.0,0.0,0.4,0.0,0.0833333333333333,0.6666666666666666,0.0,0.6666666666666666,0.6666666666666666,0.3952155851597192,0.0,0.13333333333333333,0.2,0.2583333333333333,0.6047844148402808,0.12248864905638482,0.17899100287342787,0.4471617212456653
0.7399127589967285,0.6666666666666666,0.0,0.6153846153846154,0.3333333333333333,0.8888888888888888,1.0,0.6666666666666666,1.0,0.0,0.4,0.3333333333333333,0.0,0.3333333333333333,0.3333333333333333,0.6666666666666666,0.3333333333333333,0.297951582867784,0.0,0.26666666666666666,0.5777777777777778,0.09999999999999999,0.702048417132216,0.28437558930617807,0.600244947948561,0.20093271152564957
0.7459105779716467,0.6666666666666666,0.0,0.8461538461538463,0.3333333333333333,0.7777777777777777,0.0,1.0,0.0,0.0,0.2,0.3333333333333333,0.0,0.3333333333333333,0.0,0.6666666666666666,0.3333333333333333,0.2436613665663945,0.0,0.26666666666666666,0.6888888888888889,0.09999999999999999,0.7563386334336055,0.3063666826232647,0.7710207734702529,0.21647107056833906
0.7508178844056707,0.0,0.0,0.6153846153846154,0.0,0.8888888888888888,1.0,0.6666666666666666,0.5,0.0,0.6000000000000001,0.3333333333333333,0.0,0.3333333333333333,1.0,0.0,0.3333333333333333,0.9614668385618108,0.0,0.13333333333333333,0.4444444444444444,0.09999999999999999,0.03853316143818919,0.007804227047884263,0.02534269160111156,0.011028545072515706
0.7568157033805889,0.3333333333333333,0.5,0.9230769230769232,0.5,0.0,0.0,0.3333333333333333,0.5,0.0,0.2,0.0,0.0,0.3333333333333333,1.0,0.3333333333333333,0.3333333333333333,0.3781693167168027,0.0,0.06666666666666667,0.33333333333333337,0.09999999999999999,0.6218306832831972,0.06297053831759432,0.30672664751048095,0.1779736585865833
0.7617230098146129,0.6666666666666666,0.0,0.3846153846153846,0.6666666666666666,0.5555555555555556,1.0,0.3333333333333333,0.0,0.0,0.0,0.6666666666666666,0.0,0.0,1.0,0.6666666666666666,0.0,0.2621400945423291,0.0,0.4,0.5111111111111112,0.0,0.7378599054576709,0.4483223813046695,0.55807150595883,0.0
0.7649945474372956,1.0,1.0,0.6923076923076923,0.8333333333333333,0.2222222222222222,1.0,0.6666666666666666,0.5,0.0,0.8,0.3333333333333333,0.0,0.6666666666666666,0.3333333333333333,1.0,0.6666666666666666,0.9087523277467412,0.0,0.33333333333333337,0.6444444444444444,0.19999999999999998,0.0912476722532588,0.046201604363404244,0.08701775872627061,0.052231845436375726
0.7699018538713196,0.3333333333333333,0.0,0.9230769230769232,0.5,0.4444444444444445,1.0,0.0,0.0,0.0,0.6000000000000001,0.0,0.0,0.3333333333333333,0.3333333333333333,0.3333333333333333,0.3333333333333333,0.1292078498782409,0.0,0.06666666666666667,0.2888888888888889,0.09999999999999999,0.870792150121759,0.08818196324180047,0.3722596448254745,0.24922871931532825
0.7753544165757906,0.6666666666666666,1.0,0.0769230769230769,0.3333333333333333,0.3333333333333333,0.0,1.0,1.0,0.0,0.2,1.0,0.0,1.0,0.0,0.6666666666666666,1.0,0.4006589313851884,0.0,0.5333333333333333,0.6,0.3,0.5993410686148116,0.4855447727635377,0.5321399971736774,0.5146107723056424
0.781897491821156,1.0,1.0,0.0,0.6666666666666666,0.8888888888888888,0.0,0.0,1.0,0.0,0.6000000000000001,0.0,0.0,0.6666666666666666,0.6666666666666666,1.0,0.6666666666666666,0.8219452800458388,0.0,0.2,0.4444444444444444,0.19999999999999998,0.17805471995416122,0.05409286740067016,0.11710396156201415,0.10192179572592626
0.7878953107960742,0.6666666666666666,0.5,0.2307692307692307,0.5,0.2222222222222222,0.0,0.6666666666666666,0.5,0.0,0.4,0.0,0.0,0.0,0.0,0.6666666666666666,0.0,0.0658931385188368,0.0,0.13333333333333333,0.5111111111111111,0.0,0.9341068614811632,0.18918722891915807,0.7065005417118092,0.0
0.7938931297709924,0.3333333333333333,1.0,0.9230769230769232,0.3333333333333333,0.6111111111111112,0.0,0.3333333333333333,0.5,0.0,0.4,0.6666666666666666,0.0,0.3333333333333333,0.3333333333333333,0.3333333333333333,0.3333333333333333,0.0012892135797163,0.0,0.3333333333333333,0.3888888888888889,0.09999999999999999,0.9987107864202837,0.50567909830715,0.5747326769984455,0.28584020909137503
0.7998909487459106,1.0,1.0,1.0,0.6666666666666666,0.2222222222222222,0.0,1.0,0.0,0.0,0.2,0.0,0.0833333333333333,0.6666666666666666,0.0,1.0,0.6666666666666666,0.6639449935539321,0.0,0.2,0.7111111111111111,0.2583333333333333,0.3360550064460679,0.10209321554462769,0.3536294691224269,0.24847025060216263
0.8053435114503817,0.3333333333333333,0.0,0.4615384615384615,0.1666666666666666,0.7222222222222221,1.0,0.3333333333333333,1.0,0.0,0.0,1.0,0.0,0.0,0.0,0.3333333333333333,0.0,0.282910757771093,0.0,0.4666666666666667,0.3444444444444444,0.0,0.717089242228907,0.5083191899850588,0.3655047340901596,0.0
0.8107960741548528,0.3333333333333333,0.5,0.0769230769230769,0.5,0.4999999999999999,0.5,1.0,0.5,0.0,0.0,0.0,0.0,1.0,1.0,0.3333333333333333,1.0,0.3665663944993554,0.0,0.06666666666666667,0.7000000000000001,0.3,0.6334336055006446,0.06414552417424606,0.6561448961326488,0.543883564802952
0.8162486368593239,0.0,0.0,0.9230769230769232,0.0,0.7777777777777777,1.0,0.6666666666666666,0.0,0.0,0.6000000000000001,0.3333333333333333,0.0833333333333333,0.6666666666666666,0.0,0.0,0.6666666666666666,0.9035954734278756,0.0,0.13333333333333333,0.4222222222222222,0.2583333333333333,0.0964045265721244,0.01952507361794103,0.06023364265862737,0.07127897640888985
0.8217011995637951,1.0,0.0,0.7692307692307693,0.5,1.0,1.0,0.0,0.0,0.0,0.4,0.6666666666666666,0.0,0.0,0.3333333333333333,1.0,0.0,0.8381320727689443,0.0,0.4666666666666667,0.4,0.0,0.1618679272310557,0.11474244600142156,0.09581233218710253,0.0
0.8276990185387132,0.3333333333333333,0.0,0.6923076923076923,0.1666666666666666,0.4999999999999999,0.5,0.3333333333333333,0.0,0.0,0.0,0.3333333333333333,0.0,0.0,0.6666666666666666,0.3333333333333333,0.0,0.2233204411975361,0.0,0.2,0.29999999999999993,0.0,0.7766795588024639,0.2359545672135428,0.3447972113618163,0.0
0.8331515812431843,1.0,0.0,0.8461538461538463,0.8333333333333333,0.6111111111111112,1.0,0.0,0.0,0.0,0.4,0.6666666666666666,0.0833333333333333,0.0,0.0,1.0,0.0,0.9126199684858904,0.0,0.4666666666666667,0.45555555555555555,0.058333333333333307,0.08738003151410956,0.06194061244324516,0.058905271091431406,0.014588564888364988
0.8429661941112323,0.3333333333333333,1.0,0.6923076923076923,0.1666666666666666,0.2777777777777777,0.5,0.3333333333333333,1.0,0.0,0.2,0.3333333333333333,0.0833333333333333,0.0,0.0,0.3333333333333333,0.0,0.2856324308838275,0.0,0.2,0.2555555555555555,0.058333333333333307,0.7143675691161725,0.2170242395230428,0.27015167930660877,0.11926749688242022
0.8478735005452563,0.6666666666666666,1.0,0.2307692307692307,0.5,0.7777777777777777,0.5,0.3333333333333333,0.0,0.0,0.0,0.0,0.0,0.0,1.0,0.6666666666666666,0.0,0.213149978513107,0.0,0.13333333333333333,0.48888888888888893,0.0,0.786850021486893,0.15936289655772662,0.5692496113806585,0.0
0.8533260632497274,0.6666666666666666,0.0,0.6923076923076923,0.5,0.8888888888888888,1.0,0.6666666666666666,1.0,0.0,0.8,0.3333333333333333,0.0,0.0,0.6666666666666666,0.6666666666666666,0.0,0.3207276894427732,0.0,0.26666666666666666,0.6444444444444445,0.0,0.6792723105572268,0.2751497744317275,0.6477836921192709,0.0
0.8587786259541985,0.6666666666666666,0.0,0.3846153846153846,0.3333333333333333,0.0,1.0,0.3333333333333333,0.5,0.0,0.0,1.0,0.0,0.0,0.3333333333333333,0.6666666666666666,0.0,0.4828821085804326,0.0,0.5333333333333333,0.26666666666666666,0.0,0.5171178914195673,0.418933228890146,0.20406048330114462,0.0
0.8642311886586697,0.0,1.0,0.6923076923076923,0.1666666666666666,1.0,1.0,0.0,0.5,0.0,0.0,0.0,0.0833333333333333,0.6666666666666666,0.6666666666666666,0.0,0.6666666666666666,0.8904168457241083,0.0,0.0,0.26666666666666666,0.2583333333333333,0.10958315427589171,0.0,0.04324273399594894,0.08102290780505304
0.8702290076335878,0.3333333333333333,0.0,0.0,0.5,0.5555555555555556,0.0,0.0,1.0,0.0,0.6000000000000001,0.6666666666666666,0.0,0.3333333333333333,0.0,0.3333333333333333,0.3333333333333333,0.0342357828391347,0.0,0.3333333333333333,0.3111111111111111,0.09999999999999999,0.9657642171608654,0.48899720034234156,0.444618210937868,0.27641059806282997
0.8756815703380589,0.6666666666666666,1.0,0.4615384615384615,0.3333333333333333,0.1666666666666666,0.0,0.6666666666666666,1.0,0.0,0.0,0.3333333333333333,0.0,0.6666666666666666,0.3333333333333333,0.6666666666666666,0.6666666666666666,0.2280475576564962,0.0,0.26666666666666666,0.43333333333333335,0.19999999999999998,0.7719524423435038,0.31269129785166166,0.495009185548071,0.44187977245938603
0.880588876772083,1.0,0.0,1.0,0.6666666666666666,0.0555555555555555,1.0,0.6666666666666666,1.0,0.0,0.2,0.0,0.0,0.3333333333333333,0.0,1.0,0.3333333333333333,0.6795588024638304,0.0,0.2,0.5444444444444444,0.09999999999999999,0.3204411975361696,0.09734975412333,0.2581680719770126,0.09171321682980577
0.886041439476554,0.3333333333333333,1.0,0.0,0.1666666666666666,0.4999999999999999,0.5,0.6666666666666666,0.0,0.0,0.0,0.3333333333333333,0.0833333333333333,0.0,0.0,0.3333333333333333,0.0,0.2516831399512964,0.0,0.2,0.4333333333333333,0.058333333333333307,0.7483168600487036,0.22733800426476347,0.4798530312308633,0.1249355130767522
0.8925845147219194,0.6666666666666666,0.0,0.3846153846153846,0.5,0.6111111111111112,0.5,0.3333333333333333,0.5,0.0,0.2,0.0,0.0,0.0,1.0,0.6666666666666666,0.0,0.0643174330325168,0.0,0.13333333333333333,0.4555555555555556,0.0,0.9356825669674832,0.18950636088022396,0.6307692307692307,0.0
0.8980370774263905,0.6666666666666666,0.5,0.0769230769230769,0.6666666666666666,0.2777777777777777,1.0,0.3333333333333333,0.5,0.0,0.0,0.3333333333333333,0.0,0.0,1.0,0.6666666666666666,0.0,0.2715943274602492,0.0,0.26666666666666666,0.45555555555555555,0.0,0.7284056725397507,0.2950520040036555,0.4910382024589005,0.0
0.9034896401308616,0.3333333333333333,0.0,0.7692307692307693,0.3333333333333333,0.6666666666666665,0.5,1.0,0.0,0.0,0.0,1.0,0.0,1.0,1.0,0.3333333333333333,1.0,0.3172897865635296,0.0,0.4666666666666667,0.6666666666666666,0.3,0.6827102134364704,0.48394911295820814,0.6735126477931132,0.5861938195049454
0.9094874591057798,0.0,1.0,0.1538461538461538,0.1666666666666666,0.4444444444444445,0.5,1.0,1.0,0.0,0.0,0.6666666666666666,0.0,0.3333333333333333,0.6666666666666666,0.0,0.3333333333333333,0.6850021486892995,0.0,0.26666666666666666,0.5555555555555556,0.09999999999999999,0.31499785131070046,0.1275947604334392,0.25896179754109944,0.09015528109465484
0.920937840785169,0.3333333333333333,0.0,1.0,0.3333333333333333,0.7777777777777777,0.5,0.6666666666666666,1.0,0.0,0.2,0.6666666666666666,0.0,0.0,0.3333333333333333,0.3333333333333333,0.0,0.2460965477725254,0.0,0.3333333333333333,0.5555555555555556,0.0,0.7539034522274746,0.38172534342950803,0.6197889679212398,0.0
0.9269356597600872,0.3333333333333333,0.0,0.1538461538461538,0.3333333333333333,0.5555555555555556,1.0,1.0,0.5,0.0,0.0,0.6666666666666666,0.0,0.3333333333333333,1.0,0.3333333333333333,0.3333333333333333,0.0,0.0,0.3333333333333333,0.6444444444444445,0.09999999999999999,1.0,0.506331868227512,0.9536436007348438,0.28620919387075283
0.9323882224645584,0.3333333333333333,0.0,0.4615384615384615,0.1666666666666666,0.2777777777777777,1.0,0.3333333333333333,1.0,0.0,0.0,1.0,0.0,0.0,1.0,0.3333333333333333,0.0,0.2085661080074488,0.0,0.4666666666666667,0.2555555555555555,0.0,0.7914338919925512,0.5610194815556232,0.2992957746478872,0.0
0.9383860414394766,0.3333333333333333,0.0,0.4615384615384615,0.3333333333333333,0.6666666666666665,0.5,0.6666666666666666,1.0,0.0,0.0,0.6666666666666666,0.0833333333333333,0.0,0.0,0.3333333333333333,0.0,0.1966766938833978,0.0,0.3333333333333333,0.5333333333333333,0.058333333333333307,0.8033233061166022,0.40674819037672066,0.6340006594752461,0.1341191342523787
0.9438386041439476,0.3333333333333333,0.5,0.3076923076923077,0.1666666666666666,0.4999999999999999,1.0,0.0,0.0,0.0,0.2,0.6666666666666666,0.0,0.3333333333333333,1.0,0.3333333333333333,0.3333333333333333,0.1445351668815356,0.0,0.3333333333333333,0.16666666666666663,0.09999999999999999,0.8554648331184644,0.4331491071558089,0.2109849733854632,0.2448419002716138
0.9492911668484189,0.0,0.0,0.2307692307692307,0.1666666666666666,0.1111111111111111,0.5,0.6666666666666666,0.5,0.0,0.0,0.6666666666666666,0.0,0.0,0.3333333333333333,0.0,0.0,0.763071193238791,0.0,0.26666666666666666,0.3555555555555555,0.0,0.23692880676120898,0.0959716842914545,0.12465966366762443,0.0
0.955288985823337,0.3333333333333333,0.0,0.3076923076923077,0.3333333333333333,0.9444444444444444,0.5,1.0,1.0,0.0,0.0,0.6666666666666666,0.0,0.6666666666666666,0.0,0.3333333333333333,0.6666666666666666,0.3465119610371007,0.0,0.3333333333333333,0.7222222222222222,0.19999999999999998,0.6534880389628993,0.330881819632418,0.6984078383343539,0.3740685696715011
0.9612868047982552,0.6666666666666666,0.0,0.9230769230769232,0.3333333333333333,0.1111111111111111,1.0,0.3333333333333333,1.0,0.0,0.0,1.0,0.0,0.3333333333333333,1.0,0.6666666666666666,0.3333333333333333,0.2304827388626271,0.0,0.5333333333333333,0.28888888888888886,0.09999999999999999,0.7695172611373728,0.6234097799440068,0.32896509491733,0.2202429149797571
0.9672846237731736,0.6666666666666666,1.0,0.6153846153846154,0.3333333333333333,0.6666666666666665,0.0,0.6666666666666666,0.0,0.0,0.6000000000000001,0.3333333333333333,0.0,0.6666666666666666,0.6666666666666666,0.6666666666666666,0.6666666666666666,0.267010456954591,0.0,0.26666666666666666,0.5333333333333333,0.19999999999999998,0.732989543045409,0.2969087717771298,0.5784916859013612,0.419576692461436
0.9727371864776444,0.3333333333333333,1.0,0.9230769230769232,0.5,0.3888888888888889,1.0,0.0,0.0,0.0,0.6000000000000001,1.0,0.0,0.6666666666666666,0.6666666666666666,0.3333333333333333,0.6666666666666666,0.1529866781263429,0.0,0.4666666666666667,0.2777777777777778,0.19999999999999998,0.8470133218736571,0.6004177727490316,0.3481676009232653,0.48484600010249573
0.9781897491821157,0.6666666666666666,0.5,0.0,0.6666666666666666,0.1666666666666666,0.5,0.6666666666666666,0.0,0.0,0.6000000000000001,0.3333333333333333,0.0,0.0,0.6666666666666666,0.6666666666666666,0.0,0.3386334336055006,0.0,0.26666666666666666,0.5666666666666667,0.0,0.6613665663944994,0.2678967753165934,0.5545880634980451,0.0
0.9836423118865868,0.3333333333333333,0.0,0.0,0.3333333333333333,0.0555555555555555,0.5,0.6666666666666666,0.0,0.0,0.0,0.3333333333333333,0.0,0.3333333333333333,0.3333333333333333,0.3333333333333333,0.3333333333333333,0.2774674115456239,0.0,0.2,0.4111111111111111,0.09999999999999999,0.7225325884543761,0.21950476522041862,0.43955909369259016,0.20679546968687537
0.994547437295529,1.0,0.0,0.3846153846153846,0.6666666666666666,0.0,0.0,0.3333333333333333,0.0,0.0,0.0,0.6666666666666666,0.0,0.0,0.0,1.0,0.0,0.8361266294227188,0.0,0.4666666666666667,0.4,0.0,0.16387337057728124,0.11616403382798791,0.09699938763012864,0.0
0.9994547437295528,0.6666666666666666,1.0,0.7692307692307693,0.6666666666666666,0.2222222222222222,0.5,0.6666666666666666,0.5,0.0,0.2,0.0,0.0833333333333333,0.6666666666666666,0.0,0.6666666666666666,0.6666666666666666,0.2364990689013035,0.0,0.13333333333333333,0.5777777777777777,0.2583333333333333,0.7635009310986964,0.15463394113465917,0.6527862829148805,0.5645125471907617
0.0054525627044711,1.0,0.0,1.0,0.6666666666666666,0.2222222222222222,0.0,0.6666666666666666,0.0,0.0,0.2,0.0,0.0,0.3333333333333333,0.3333333333333333,1.0,0.3333333333333333,0.552356395931815,0.0,0.2,0.5777777777777777,0.09999999999999999,0.44764360406818504,0.1359937334087645,0.38273116962645426,0.12811971506175368
0.010359869138495,0.6666666666666666,1.0,0.0,0.6666666666666666,0.4999999999999999,0.0,0.6666666666666666,0.5,0.0,0.0,0.0,0.0,0.6666666666666666,0.6666666666666666,0.6666666666666666,0.6666666666666666,0.2890703337630712,0.0,0.13333333333333333,0.6333333333333333,0.19999999999999998,0.7109296662369289,0.1439865384336423,0.6662843280418296,0.40694921334494955
0.0158124318429661,0.6666666666666666,1.0,0.4615384615384615,0.6666666666666666,0.1666666666666666,1.0,0.6666666666666666,0.5,0.0,0.0,0.0,0.1666666666666666,0.0,0.6666666666666666,0.6666666666666666,0.0,0.5066609368285345,0.0,0.13333333333333333,0.5666666666666667,0.11666666666666661,0.4933390631714655,0.09991731581008748,0.4136888218945782,0.1647312048378004
0.0212649945474372,1.0,0.5,0.0769230769230769,0.8333333333333333,0.6666666666666665,1.0,0.6666666666666666,1.0,0.0,0.0,1.0,0.0,0.3333333333333333,0.0,1.0,0.3333333333333333,0.8402807620684716,0.0,0.6000000000000001,0.7333333333333333,0.09999999999999999,0.15971923793152842,0.14556769224074156,0.17332422629422012,0.045713114334033716
0.0267175572519084,0.3333333333333333,0.0,1.0,0.1666666666666666,0.1111111111111111,1.0,0.3333333333333333,1.0,0.0,0.0,0.0,0.0,0.6666666666666666,0.6666666666666666,0.3333333333333333,0.6666666666666666,0.4098266723965048,0.0,0.06666666666666667,0.22222222222222218,0.19999999999999998,0.5901733276034953,0.05976471270870505,0.1940741438598144,0.3378260646748322
0.0327153762268266,1.0,0.5,0.7692307692307693,0.8333333333333333,0.1666666666666666,0.5,0.0,0.0,0.0,0.2,0.6666666666666666,0.0,0.3333333333333333,0.3333333333333333,1.0,0.3333333333333333,0.8659217877094972,0.0,0.4666666666666667,0.36666666666666664,0.09999999999999999,0.13407821229050276,0.09504330040471733,0.07274954072259641,0.03837441705529646
0.0414394765539803,0.6666666666666666,0.5,0.0,0.5,0.4444444444444445,0.0,1.0,1.0,0.0,0.2,0.0,0.0,0.3333333333333333,0.0,0.6666666666666666,0.3333333333333333,0.0885259991405242,0.0,0.13333333333333333,0.688888888888889,0.09999999999999999,0.9114740008594758,0.18460333347839333,0.9291676480286403,0.26087223902014045
0.0528898582333696,0.3333333333333333,0.0,0.3846153846153846,0.5,0.2777777777777777,1.0,0.3333333333333333,0.0,0.0,0.2,0.3333333333333333,0.0833333333333333,0.3333333333333333,1.0,0.3333333333333333,0.3333333333333333,0.1210428305400372,0.0,0.2,0.3888888888888889,0.1583333333333333,0.8789571694599628,0.2670264154227774,0.5058175137783221,0.39831223628691986
0.0583424209378407,0.0,0.0,0.7692307692307693,0.1666666666666666,0.8888888888888888,0.5,0.0,1.0,0.0,0.4,1.0,0.0,0.3333333333333333,0.3333333333333333,0.0,0.3333333333333333,0.7276894427732417,0.0,0.4,0.2444444444444444,0.09999999999999999,0.27231055722675834,0.16545541581443926,0.09850204908380043,0.07793778506636602
0.0637949836423118,0.0,1.0,0.5384615384615385,0.1666666666666666,0.1666666666666666,0.0,1.0,0.5,0.0,0.0,1.0,0.0,0.0,1.0,0.0,0.0,0.7185217017619252,0.0,0.4,0.5,0.0,0.2814782982380748,0.17102571913486228,0.20826463799519526,0.0
0.0697928026172301,0.6666666666666666,1.0,0.0,0.6666666666666666,0.2222222222222222,0.0,1.0,0.5,0.0,0.4,0.0,0.0,0.0,0.0,0.6666666666666666,0.0,0.2787566251253402,0.0,0.13333333333333333,0.7111111111111111,0.0,0.7212433748746598,0.14607540217880094,0.7589617975410995,0.0
0.0757906215921483,0.6666666666666666,0.5,0.4615384615384615,0.5,0.9444444444444444,0.5,0.6666666666666666,0.0,0.0,0.4,1.0,0.0,0.3333333333333333,0.3333333333333333,0.6666666666666666,0.3333333333333333,0.2976650909611804,0.0,0.5333333333333333,0.6555555555555556,0.09999999999999999,0.7023349090388196,0.5689832745840404,0.6813250741909651,0.20101470814328906
0.0812431842966194,0.3333333333333333,0.5,0.5384615384615385,0.3333333333333333,0.5555555555555556,0.0,0.0,0.5,0.0,0.0,0.6666666666666666,0.0,0.3333333333333333,1.0,0.3333333333333333,0.3333333333333333,0.0,0.0,0.3333333333333333,0.24444444444444446,0.09999999999999999,1.0,0.506331868227512,0.36172688303735456,0.28620919387075283
0.0866957470010905,0.0,0.0,0.6923076923076923,0.1666666666666666,0.4444444444444445,0.0,0.3333333333333333,1.0,0.0,0.4,0.3333333333333333,0.0,1.0,0.3333333333333333,0.0,1.0,0.9424151267726688,0.0,0.13333333333333333,0.28888888888888886,0.3,0.05758487322733119,0.011662822577135617,0.024617268830373483,0.04944396043663187
0.0926935659760087,0.0,0.0,0.2307692307692307,0.1666666666666666,0.6111111111111112,0.0,0.0,1.0,0.0,0.6000000000000001,0.6666666666666666,0.0,0.0,1.0,0.0,0.0,0.6934536599341068,0.0,0.26666666666666666,0.18888888888888888,0.0,0.3065463400658932,0.12417134485109595,0.08568467662160253,0.0
0.0976008724100327,0.6666666666666666,0.0,0.0769230769230769,0.3333333333333333,0.5555555555555556,1.0,0.6666666666666666,0.0,0.0,0.0,0.0,0.0833333333333333,0.6666666666666666,0.6666666666666666,0.6666666666666666,0.6666666666666666,0.1665950436900157,0.0,0.13333333333333333,0.5111111111111112,0.2583333333333333,0.8334049563099843,0.16879179540740097,0.630335861321777,0.6161977485095407
0.1035986913849509,0.0,0.0,0.3846153846153846,0.1666666666666666,0.2777777777777777,1.0,0.0,0.5,0.0,0.2,0.6666666666666666,0.0,0.3333333333333333,0.0,0.0,0.3333333333333333,0.6572124337487466,0.0,0.26666666666666666,0.12222222222222218,0.09999999999999999,0.3427875662512534,0.13885141506012735,0.061997738942013256,0.0981089530056885
0.109051254089422,0.6666666666666666,0.0,0.4615384615384615,0.5,0.3888888888888889,1.0,0.0,0.5,0.0,0.2,0.6666666666666666,0.0,0.3333333333333333,0.3333333333333333,0.6666666666666666,0.3333333333333333,0.0415413264575275,0.0,0.4,0.2777777777777778,0.09999999999999999,0.9584586735424725,0.5823578049523479,0.39397757784163173,0.2743196843130221
0.1150490730643402,0.6666666666666666,1.0,0.2307692307692307,0.5,0.5555555555555556,0.5,0.3333333333333333,0.5,0.0,0.0,0.0,0.0,0.6666666666666666,0.3333333333333333,0.6666666666666666,0.6666666666666666,0.095831542758917,0.0,0.13333333333333333,0.4444444444444445,0.19999999999999998,0.904168457241083,0.18312372165890595,0.5946582505063828,0.5175626505406652
0.1199563794983642,0.6666666666666666,1.0,0.7692307692307693,0.5,0.4444444444444445,1.0,1.0,0.0,0.0,0.0,0.6666666666666666,0.0,0.6666666666666666,0.0,0.6666666666666666,0.6666666666666666,0.160865205557943,0.0,0.4,0.688888888888889,0.19999999999999998,0.839134794442057,0.5098568257974672,0.855424183899383,0.480336186132322
0.1259541984732824,0.6666666666666666,0.0,0.5384615384615385,0.5,0.7777777777777777,0.0,0.6666666666666666,1.0,0.0,0.0,0.6666666666666666,0.0833333333333333,0.0,0.6666666666666666,0.6666666666666666,0.0,0.2568399942701618,0.0,0.4,0.6222222222222222,0.058333333333333307,0.7431600057298382,0.45154271291178905,0.6842715153799049,0.12407454859153721
0.1319520174482006,0.3333333333333333,0.0,0.9230769230769232,0.1666666666666666,0.0,0.0,0.3333333333333333,0.0,0.0,0.0,1.0,0.0,0.3333333333333333,0.0,0.3333333333333333,0.3333333333333333,0.4450651769087523,0.0,0.4666666666666667,0.19999999999999996,0.09999999999999999,0.5549348230912476,0.39337366000841345,0.16423759951010403,0.1588274483677548
0.1374045801526717,1.0,0.0,0.4615384615384615,0.5,0.2222222222222222,1.0,0.0,0.0,0.0,0.4,0.0,0.0833333333333333,0.0,0.3333333333333333,1.0,0.0,0.6248388483025354,0.0,0.2,0.24444444444444446,0.058333333333333307,0.37516115169746456,0.11397362809521737,0.135705874040228,0.06263516629939013
0.1417666303162486,0.6666666666666666,0.0,0.3846153846153846,0.6666666666666666,0.2777777777777777,0.5,0.0,0.0,0.0,0.2,0.6666666666666666,0.0,0.0,0.3333333333333333,0.6666666666666666,0.0,0.2715943274602492,0.0,0.4,0.3222222222222222,0.0,0.7284056725397507,0.44257800600548325,0.3473197041782467,0.0
0.1472191930207197,0.6666666666666666,0.5,0.1538461538461538,0.5,0.9444444444444444,0.5,0.6666666666666666,0.0,0.0,0.2,0.0,0.0,0.0,0.3333333333333333,0.6666666666666666,0.0,0.3661366566394499,0.0,0.13333333333333333,0.6555555555555556,0.0,0.6338633433605501,0.1283780843378737,0.614901785293702,0.0
0.1532170119956379,1.0,1.0,0.9230769230769232,1.0,0.4444444444444445,1.0,0.6666666666666666,0.5,0.0,0.2,0.0,0.0,0.3333333333333333,0.0,1.0,0.3333333333333333,0.9462827675118178,0.0,0.2,0.7555555555555556,0.09999999999999999,0.053717232488182165,0.01631924800905173,0.06005935277215126,0.015374365807410431
0.1581243184296619,0.3333333333333333,0.0,0.3846153846153846,0.3333333333333333,0.2777777777777777,1.0,1.0,0.0,0.0,0.2,0.6666666666666666,0.0833333333333333,0.0,0.0,0.3333333333333333,0.0,0.1743303251683139,0.0,0.3333333333333333,0.5888888888888889,0.058333333333333307,0.8256696748316861,0.41806286899632994,0.719515756747845,0.13784998035497698
0.1641221374045801,0.6666666666666666,1.0,1.0,0.3333333333333333,0.3888888888888889,0.5,1.0,0.5,0.0,0.0,0.3333333333333333,0.0,0.6666666666666666,0.0,0.6666666666666666,0.6666666666666666,0.1799169173470849,0.0,0.26666666666666666,0.6111111111111112,0.19999999999999998,0.8200830826529151,0.33218735947314215,0.7416152432992605,0.46943063598626555
0.1695747001090512,0.3333333333333333,1.0,0.0,0.5,0.3888888888888889,0.5,0.6666666666666666,1.0,0.0,0.0,0.3333333333333333,0.0833333333333333,0.0,0.3333333333333333,0.3333333333333333,0.0,0.2134364704197106,0.0,0.2,0.5444444444444445,0.058333333333333307,0.7865635295802894,0.23895730884720834,0.6337062508832259,0.13132099967543
0.1750272628135223,0.3333333333333333,0.0,0.6153846153846154,0.3333333333333333,0.1111111111111111,0.5,0.0,0.0,0.0,0.0,0.0,0.0,0.3333333333333333,0.3333333333333333,0.3333333333333333,0.3333333333333333,0.1953874803036814,0.0,0.06666666666666667,0.15555555555555556,0.09999999999999999,0.8046125196963186,0.08148019205941656,0.18521362287437,0.2302875006405986
0.1810250817884405,0.3333333333333333,0.5,0.9230769230769232,0.1666666666666666,0.6111111111111112,1.0,0.3333333333333333,0.5,0.0,0.6000000000000001,0.0,0.0,1.0,0.0,0.3333333333333333,1.0,0.3509525855894571,0.0,0.06666666666666667,0.3222222222222222,0.3,0.6490474144105429,0.06572667798134528,0.3094799566630552,0.5572900117870139
0.1870229007633587,0.6666666666666666,0.5,0.2307692307692307,0.5,0.4444444444444445,0.5,0.0,0.0,0.0,0.0,0.6666666666666666,0.0,0.3333333333333333,1.0,0.6666666666666666,0.3333333333333333,0.0885259991405242,0.0,0.4,0.2888888888888889,0.09999999999999999,0.9114740008594758,0.55381000043518,0.38965094917330073,0.26087223902014045
0.1924754634678299,0.6666666666666666,0.0,0.2307692307692307,0.5,0.0555555555555555,0.0,0.3333333333333333,0.0,0.0,0.6000000000000001,0.3333333333333333,0.0,0.3333333333333333,1.0,0.6666666666666666,0.3333333333333333,0.2304827388626271,0.0,0.26666666666666666,0.34444444444444444,0.09999999999999999,0.7695172611373728,0.3117048899720034,0.39222761317066274,0.2202429149797571
0.1979280261723009,0.3333333333333333,0.0,0.8461538461538463,0.1666666666666666,0.2222222222222222,1.0,0.0,1.0,0.0,0.0,0.0,0.0,0.0,0.0,0.3333333333333333,0.0,0.222604211431027,0.0,0.06666666666666667,0.11111111111111108,0.0,0.7773957885689731,0.07872405239566561,0.12782043431155493,0.0
0.2028353326063249,0.3333333333333333,0.0,0.1538461538461538,0.5,0.4999999999999999,1.0,0.3333333333333333,1.0,0.0,0.2,1.0,0.0,1.0,0.6666666666666666,0.3333333333333333,1.0,0.3665663944993554,0.0,0.4666666666666667,0.43333333333333335,0.3,0.6334336055006446,0.44901866921972233,0.40618493570116354,0.543883564802952
0.2088331515812432,0.0,0.0,0.7692307692307693,0.1666666666666666,0.1111111111111111,1.0,0.6666666666666666,1.0,0.0,0.2,0.0,0.0,0.0,1.0,0.0,0.0,0.763071193238791,0.0,0.0,0.3555555555555555,0.0,0.23692880676120898,0.0,0.12465966366762443,0.0
0.2142857142857143,0.6666666666666666,0.5,0.2307692307692307,0.3333333333333333,0.0,1.0,0.3333333333333333,0.0,0.0,0.6000000000000001,0.6666666666666666,0.0,1.0,0.3333333333333333,0.6666666666666666,1.0,0.7317003294656925,0.0,0.4,0.26666666666666666,0.3,0.2682996705343075,0.16301840811175425,0.10587404022799003,0.23036949725823816
0.2191930207197382,0.3333333333333333,0.0,0.5384615384615385,0.1666666666666666,0.7222222222222221,0.5,1.0,1.0,0.0,0.4,1.0,0.0,0.3333333333333333,0.3333333333333333,0.3333333333333333,0.3333333333333333,0.1951009883970777,0.0,0.4666666666666667,0.6111111111111112,0.09999999999999999,0.8048990116029223,0.5705644283911399,0.7278840265674315,0.23036949725823813
0.2251908396946565,0.3333333333333333,0.5,0.7692307692307693,0.1666666666666666,1.0,0.0,1.0,1.0,0.0,0.0,0.0,0.0,0.0,0.0,0.3333333333333333,0.0,0.5940409683426443,0.0,0.06666666666666667,0.6666666666666667,0.0,0.4059590316573557,0.04110999898458012,0.4004898958971219,0.0
0.2311886586695747,0.0,1.0,1.0,0.0,0.3333333333333333,0.5,0.3333333333333333,1.0,0.0,0.4,0.6666666666666666,0.0833333333333333,0.0,0.0,0.0,0.0,0.9432746024924796,0.0,0.26666666666666666,0.2,0.058333333333333307,0.05672539750752037,0.022977501196744837,0.0167883555513684,0.009470609337364823
0.2371864776444929,0.0,1.0,1.0,0.1666666666666666,0.2777777777777777,0.0,1.0,1.0,0.0,0.0,0.0,0.0,0.0,1.0,0.0,0.0,0.6716802750322304,0.0,0.0,0.5222222222222223,0.0,0.3283197249677696,0.0,0.253718969334401,0.0
0.2410032715376227,0.6666666666666666,1.0,0.7692307692307693,0.5,0.2777777777777777,0.5,0.6666666666666666,0.0,0.0,1.0,0.6666666666666666,0.0833333333333333,0.0,0.3333333333333333,0.6666666666666666,0.0,0.1767655063744449,0.0,0.4,0.5222222222222223,0.058333333333333307,0.8232344936255551,0.5001958309761086,0.6361792830561968,0.13744341379251435
0.2513631406761178,0.3333333333333333,1.0,0.6153846153846154,0.3333333333333333,0.1666666666666666,1.0,1.0,0.5,0.0,0.0,0.3333333333333333,0.0,0.3333333333333333,0.3333333333333333,0.3333333333333333,0.3333333333333333,0.1100128921357971,0.0,0.2,0.5666666666666667,0.09999999999999999,0.8899871078642029,0.2703773010139693,0.746297517546752,0.2547224926971763
0.2568157033805889,0.3333333333333333,0.5,0.5384615384615385,0.1666666666666666,0.7777777777777777,1.0,0.6666666666666666,0.5,0.0,0.0,0.6666666666666666,0.1666666666666666,0.3333333333333333,0.3333333333333333,0.3333333333333333,0.3333333333333333,0.2877811201833548,0.0,0.3333333333333333,0.4888888888888889,0.21666666666666662,0.7122188798166452,0.36061911600446783,0.5152574308728626,0.44166111481234727
0.2628135223555071,0.3333333333333333,0.0,0.9230769230769232,0.3333333333333333,1.0,1.0,0.0,1.0,0.0,0.0,0.0,0.0,1.0,0.6666666666666666,0.3333333333333333,1.0,0.6291362269015901,0.0,0.06666666666666667,0.33333333333333337,0.3,0.3708637730984099,0.037556029418164404,0.18293372273776434,0.3184338646030851
0.2677208287895311,0.3333333333333333,1.0,0.7692307692307693,0.1666666666666666,0.4999999999999999,1.0,1.0,1.0,0.0,0.0,0.3333333333333333,0.0,1.0,0.3333333333333333,0.3333333333333333,1.0,0.3467984529437043,0.0,0.2,0.5666666666666667,0.3,0.6532015470562957,0.1984420557900692,0.5477412972820199,0.5608568646543332
0.2737186477644493,0.6666666666666666,0.5,0.7692307692307693,0.6666666666666666,0.0555555555555555,1.0,1.0,1.0,0.0,0.2,0.6666666666666666,0.0,1.0,0.0,0.6666666666666666,1.0,0.7746741154562383,0.0,0.4,0.6777777777777778,0.3,0.22532588454376168,0.13690761129727144,0.2259951010410288,0.19347101932045307
0.2797164667393675,0.6666666666666666,1.0,0.4615384615384615,0.6666666666666666,0.6666666666666665,0.0,0.3333333333333333,0.5,0.0,0.2,1.0,0.0,0.0,0.3333333333333333,0.6666666666666666,0.0,0.2912190230625984,0.0,0.5333333333333333,0.5333333333333333,0.0,0.7087809769374016,0.5742054339469371,0.5593857459136088,0.0
0.2846237731733915,0.3333333333333333,1.0,0.5384615384615385,0.3333333333333333,0.0555555555555555,1.0,1.0,0.0,0.0,0.4,0.3333333333333333,0.0,0.0,1.0,0.3333333333333333,0.0,0.3730124623979372,0.0,0.2,0.5444444444444444,0.0,0.6269875376020628,0.19047826276165195,0.5051415516510434,0.0
0.2949836423118866,0.6666666666666666,1.0,0.9230769230769232,0.3333333333333333,0.1666666666666666,1.0,1.0,0.0,0.0,0.2,0.0,0.0,0.3333333333333333,0.0,0.6666666666666666,0.3333333333333333,0.1684572410829394,0.0,0.13333333333333333,0.5666666666666667,0.09999999999999999,0.8315427589170605,0.16841463945341395,0.6972890856846765,0.23799518269871364
0.3004362050163577,1.0,0.0,0.7692307692307693,0.6666666666666666,0.3888888888888889,1.0,0.6666666666666666,1.0,0.0,0.2,1.0,0.0,0.0,0.6666666666666666,1.0,0.0,0.579286635152557,0.0,0.6000000000000001,0.6111111111111112,0.0,0.42071336484744304,0.3834370512206797,0.3804583352960572,0.0
0.3058887677208288,0.6666666666666666,1.0,0.5384615384615385,0.3333333333333333,0.5555555555555556,0.5,0.3333333333333333,0.0,0.0,0.0,0.0,0.0,0.3333333333333333,0.3333333333333333,0.6666666666666666,0.3333333333333333,0.0901017046268442,0.0,0.13333333333333333,0.37777777777777777,0.09999999999999999,0.9098982953731558,0.18428420151732744,0.5086626784116067,0.26042125762312307
0.3113413304252999,0.6666666666666666,0.0,1.0,0.3333333333333333,0.4999999999999999,0.5,0.6666666666666666,0.5,0.0,0.4,0.3333333333333333,0.0,1.0,0.6666666666666666,0.6666666666666666,1.0,0.3929236499068901,0.0,0.26666666666666666,0.5,0.3,0.6070763500931099,0.24590568199950677,0.44917330067360683,0.5212524983344438
0.316793893129771,0.3333333333333333,1.0,0.7692307692307693,0.1666666666666666,0.8888888888888888,0.5,0.0,1.0,0.0,0.2,0.6666666666666666,0.0833333333333333,0.6666666666666666,0.3333333333333333,0.3333333333333333,0.6666666666666666,0.3612662942271881,0.0,0.3333333333333333,0.2444444444444444,0.2583333333333333,0.638733705772812,0.32341123054382986,0.23104715248009794,0.4722629358205641
0.3222464558342421,0.6666666666666666,0.5,0.6153846153846154,0.5,0.2222222222222222,0.0,0.0,1.0,0.0,0.2,1.0,0.0,0.0,1.0,0.6666666666666666,0.0,0.0658931385188368,0.0,0.5333333333333333,0.24444444444444446,0.0,0.9341068614811632,0.7567489156766323,0.3378915634273871,0.0
0.3276990185387132,0.3333333333333333,1.0,0.6153846153846154,0.3333333333333333,0.3333333333333333,0.5,0.0,0.0,0.0,0.0,0.0,0.0,0.3333333333333333,1.0,0.3333333333333333,0.3333333333333333,0.0593038246669531,0.0,0.06666666666666667,0.2,0.09999999999999999,0.940696175333047,0.09526089037817138,0.2784068962268595,0.2692358940193717
0.3386041439476554,0.3333333333333333,0.0,0.3846153846153846,0.5,0.3333333333333333,1.0,0.6666666666666666,0.0,0.0,0.4,0.3333333333333333,0.0833333333333333,0.6666666666666666,0.3333333333333333,0.3333333333333333,0.6666666666666666,0.1495487752470992,0.0,0.2,0.5333333333333333,0.2583333333333333,0.8504512247529008,0.25836633447930724,0.671195063356729,0.6288013119458823
0.3440567066521265,0.6666666666666666,0.5,0.4615384615384615,0.6666666666666666,0.2777777777777777,0.5,0.0,1.0,0.3333333333333333,0.0,0.0,0.0,0.0,0.0,0.6666666666666666,0.0,0.2715943274602492,0.0,0.3333333333333333,0.3222222222222222,0.0,0.7284056725397507,0.3688150050045694,0.3473197041782467,0.0
0.3484187568157034,0.3333333333333333,0.0,0.4615384615384615,0.5,0.0555555555555555,0.5,1.0,0.5,0.0,0.4,0.0,0.0,0.0,0.6666666666666666,0.3333333333333333,0.0,0.4156997564818794,0.0,0.06666666666666667,0.6111111111111112,0.0,0.5843002435181206,0.059169966781264044,0.5283927646144425,0.0
0.3544165757906216,1.0,1.0,0.8461538461538463,0.5,0.8333333333333333,1.0,1.0,1.0,0.0,0.0,0.0,0.0,0.0,1.0,1.0,0.0,0.6292794728548918,0.0,0.2,0.7666666666666667,0.0,0.37072052714510817,0.11262457025980244,0.4205850487540629,0.0
0.3604143947655398,0.3333333333333333,1.0,0.5384615384615385,0.5,0.2777777777777777,1.0,1.0,0.5,0.0,0.0,0.3333333333333333,0.0,0.6666666666666666,0.6666666666666666,0.3333333333333333,0.6666666666666666,0.1686004870362412,0.0,0.2,0.6555555555555557,0.19999999999999998,0.8313995129637588,0.25257844118543016,0.8065288049366435,0.4759083687797878
0.366412213740458,0.3333333333333333,1.0,0.6153846153846154,0.3333333333333333,0.6111111111111112,0.5,0.3333333333333333,1.0,0.0,0.0,0.0,0.0,0.6666666666666666,0.6666666666666666,0.3333333333333333,0.6666666666666666,0.104569545910328,0.0,0.06666666666666667,0.3888888888888889,0.19999999999999998,0.895430454089672,0.09067699493740662,0.5152974704413773,0.5125608568646544
0.3718647764449291,0.3333333333333333,0.0,1.0,0.5,0.0,1.0,0.3333333333333333,0.0,0.0,0.0,1.0,0.0833333333333333,0.6666666666666666,0.3333333333333333,0.3333333333333333,0.6666666666666666,0.4336055006446068,0.0,0.4666666666666667,0.33333333333333337,0.2583333333333333,0.5663944993553932,0.4014970190173636,0.27938197748363086,0.41877722543945056
0.3778625954198473,0.3333333333333333,1.0,0.0,0.3333333333333333,0.9444444444444444,0.5,0.3333333333333333,1.0,0.0,0.0,0.0,0.0833333333333333,0.3333333333333333,0.0,0.3333333333333333,0.3333333333333333,0.2548345509239363,0.0,0.06666666666666667,0.45555555555555555,0.1583333333333333,0.7451654490760637,0.07546020279385528,0.5023364265862735,0.337682570593963
0.3833151581243184,1.0,1.0,1.0,0.8333333333333333,0.4444444444444445,0.0,0.0,0.5,0.0,0.2,0.0,0.0833333333333333,0.3333333333333333,0.0,1.0,0.3333333333333333,0.8928520269302392,0.0,0.2,0.4222222222222222,0.1583333333333333,0.10714797306976076,0.03255146002872187,0.0669461585566913,0.048555663745537145
0.3893129770992367,0.0,1.0,0.8461538461538463,0.1666666666666666,0.9444444444444444,1.0,0.3333333333333333,0.0,0.0,0.0,0.0,0.0,0.0,0.3333333333333333,0.0,0.0,0.8481592895000717,0.0,0.0,0.38888888888888884,0.0,0.1518407104999283,0.0,0.08738047011163969,0.0
0.3947655398037077,0.3333333333333333,1.0,0.6923076923076923,0.3333333333333333,0.5555555555555556,1.0,0.3333333333333333,0.0,0.0,0.0,0.6666666666666666,0.0,0.0,0.3333333333333333,0.3333333333333333,0.0,0.1332187365706919,0.0,0.3333333333333333,0.37777777777777777,0.0,0.8667812634293082,0.4388789764567649,0.4845588581657167,0.0
0.4051254089422028,0.6666666666666666,1.0,0.0,0.5,0.4999999999999999,0.5,0.6666666666666666,1.0,0.0,0.0,0.3333333333333333,0.1666666666666666,1.0,0.0,0.6666666666666666,1.0,0.241655923220169,0.0,0.26666666666666666,0.5666666666666667,0.41666666666666663,0.7583440767798311,0.30717901852415974,0.6359084271515381,0.9043543620492321
0.4100327153762268,1.0,1.0,0.7692307692307693,0.8333333333333333,0.7222222222222221,1.0,0.3333333333333333,0.0,0.0,0.0,0.0,0.0,0.0,0.3333333333333333,1.0,0.0,0.928520269302392,0.0,0.2,0.6111111111111112,0.0,0.07147973069760805,0.021715479350711595,0.06464035046398817,0.0
0.4143947655398037,0.6666666666666666,1.0,0.6153846153846154,0.5,0.3888888888888889,1.0,0.6666666666666666,0.0,0.0,0.2,0.6666666666666666,0.0833333333333333,0.0,0.3333333333333333,0.6666666666666666,0.0,0.1688869789428448,0.0,0.4,0.5444444444444445,0.058333333333333307,0.8311130210571552,0.5049828103920972,0.6695981911536107,0.13875877620048171
0.4198473282442748,0.6666666666666666,0.0,0.3076923076923077,0.6666666666666666,0.0555555555555555,0.0,0.0,0.0,0.0,0.2,0.3333333333333333,0.0,0.0,0.0,0.6666666666666666,0.0,0.5228477295516402,0.0,0.26666666666666666,0.2777777777777778,0.0,0.47715227044835984,0.1932779204200937,0.19613500400395684,0.0
0.425845147219193,0.3333333333333333,1.0,0.2307692307692307,0.5,0.0,1.0,1.0,0.0,0.0,0.4,1.0,0.0,0.0,0.0,0.3333333333333333,0.0,0.4831686004870362,0.0,0.4666666666666667,0.6000000000000001,0.0,0.5168313995129639,0.3663634913036541,0.45888171840407,0.0
0.4318429661941113,1.0,0.0,0.6923076923076923,0.5,0.7222222222222221,0.0,1.0,1.0,0.0,0.0,1.0,0.0833333333333333,0.0,0.0,1.0,0.0,0.6543475146827102,0.0,0.6000000000000001,0.7444444444444445,0.058333333333333307,0.34565248531728976,0.31502676356673487,0.38077865184417536,0.05770853618954882
0.4378407851690294,0.6666666666666666,0.0,0.5384615384615385,0.5,0.0,1.0,1.0,1.0,0.0,0.2,0.3333333333333333,0.0,0.6666666666666666,1.0,0.6666666666666666,0.6666666666666666,0.4333190087380031,0.0,0.26666666666666666,0.6000000000000001,0.19999999999999998,0.5666809912619969,0.22954291599576426,0.5031419284940413,0.3243786193819505
0.4443838604143947,0.3333333333333333,0.0,0.6153846153846154,0.5,0.6111111111111112,0.5,0.6666666666666666,0.5,0.0,0.0,0.0,0.0,0.3333333333333333,1.0,0.3333333333333333,0.3333333333333333,0.0530010027216731,0.0,0.06666666666666667,0.5888888888888889,0.09999999999999999,0.9469989972783269,0.09589915430030319,0.8252461255829291,0.2710398196074412
0.450381679389313,0.6666666666666666,0.0,0.4615384615384615,0.5,0.2777777777777777,0.5,0.3333333333333333,1.0,0.0,0.4,1.0,0.0,1.0,0.3333333333333333,0.6666666666666666,1.0,0.3243088382753187,0.0,0.5333333333333333,0.3888888888888889,0.3,0.6756911617246812,0.5473983492174014,0.3888430919967968,0.5801670681084405
0.4563794983642312,0.3333333333333333,0.0,0.3846153846153846,0.5,0.3333333333333333,0.5,1.0,1.0,0.0,0.0,1.0,0.0,0.0,0.0,0.3333333333333333,0.0,0.2177338490187652,0.0,0.4666666666666667,0.6666666666666667,0.0,0.7822661509812348,0.554520794348463,0.7717273540911018,0.0
0.4612868047982552,0.6666666666666666,0.0,1.0,0.5,0.1111111111111111,0.0,0.0,0.0,0.0,0.6000000000000001,0.3333333333333333,0.0833333333333333,0.0,1.0,0.6666666666666666,0.0,0.3012462397937258,0.0,0.26666666666666666,0.22222222222222224,0.058333333333333307,0.6987537602062742,0.28304103746899345,0.2297800179000424,0.11666068774663041
0.4672846237731734,0.3333333333333333,1.0,0.1538461538461538,0.1666666666666666,0.3888888888888889,1.0,0.0,0.0,0.0,0.0,0.6666666666666666,0.0,0.0,0.0,0.3333333333333333,0.0,0.214725683999427,0.0,0.3333333333333333,0.14444444444444443,0.0,0.7852743160005731,0.3976094114916518,0.16785058175137782,0.0
0.4732824427480916,0.6666666666666666,1.0,0.8461538461538463,0.5,0.5555555555555556,0.0,0.0,0.5,0.0,0.2,1.0,0.0,0.3333333333333333,1.0,0.6666666666666666,0.3333333333333333,0.0257842715943274,0.0,0.5333333333333333,0.3111111111111111,0.09999999999999999,0.9742157284056726,0.7892423517124332,0.448509114890009,0.2788294982831958
0.4792802617230098,0.3333333333333333,0.5,0.1538461538461538,0.3333333333333333,0.2222222222222222,1.0,0.6666666666666666,1.0,0.0,0.0,0.0,0.0,0.0,1.0,0.3333333333333333,0.0,0.141813493768801,0.0,0.06666666666666667,0.4444444444444445,0.0,0.858186506231199,0.08690543539753688,0.5644165999340525,0.0
0.4841875681570338,0.6666666666666666,0.0,1.0,0.6666666666666666,0.7222222222222221,0.0,0.3333333333333333,1.0,0.0,0.2,1.0,0.0,0.0,0.6666666666666666,0.6666666666666666,0.0,0.3601203266007735,0.0,0.5333333333333333,0.5444444444444445,0.0,0.6398796733992265,0.518386352756865,0.5155282867775214,0.0
0.4896401308615049,1.0,1.0,0.2307692307692307,0.6666666666666666,0.3888888888888889,0.0,1.0,0.5,0.0,0.0,0.6666666666666666,0.0,0.3333333333333333,0.3333333333333333,1.0,0.3333333333333333,0.5460535739865349,0.0,0.4666666666666667,0.7444444444444445,0.09999999999999999,0.45394642601346513,0.3217865587420398,0.5000777238682934,0.1299236406498232
0.4956379498364231,1.0,0.0,0.1538461538461538,0.6666666666666666,0.3333333333333333,1.0,0.3333333333333333,1.0,0.3333333333333333,0.2,0.0,0.0,1.0,1.0,1.0,1.0,0.7914338919925512,0.0,0.4,0.4666666666666667,0.3,0.2085661080074488,0.12672440053962314,0.1440293937538273,0.1790806129247169
0.5016357688113413,0.6666666666666666,1.0,0.3076923076923077,0.6666666666666666,0.8888888888888888,1.0,0.0,0.5,0.0,0.0,1.0,0.0,0.0,0.3333333333333333,0.6666666666666666,0.0,0.4777252542615671,0.0,0.5333333333333333,0.4444444444444444,0.0,0.5222747457384329,0.4231109563804633,0.34349239248198216,0.0
0.5070883315158125,0.6666666666666666,0.0,0.1538461538461538,0.5,0.5555555555555556,1.0,0.6666666666666666,0.5,0.0,0.4,0.6666666666666666,0.0833333333333333,0.0,0.3333333333333333,0.6666666666666666,0.0,0.1580002864919066,0.0,0.4,0.5777777777777778,0.058333333333333307,0.8419997135080934,0.5115975455850995,0.7199020208205756,0.1405763678914911
0.5130861504907307,0.3333333333333333,0.0,0.2307692307692307,0.3333333333333333,0.7222222222222221,0.0,0.0,1.0,0.0,0.0,1.0,0.0,0.3333333333333333,0.3333333333333333,0.3333333333333333,0.3333333333333333,0.0898152127202406,0.0,0.4666666666666667,0.2777777777777778,0.09999999999999999,0.9101847872797594,0.6451977892858697,0.3741344387394602,0.2605032542407626
0.5185387131952017,0.6666666666666666,1.0,0.6923076923076923,0.3333333333333333,0.9444444444444444,1.0,0.3333333333333333,0.0,0.0,0.2,0.3333333333333333,0.0,0.0,0.6666666666666666,0.6666666666666666,0.0,0.4615384615384615,0.0,0.26666666666666666,0.45555555555555555,0.0,0.5384615384615385,0.2181121893903129,0.362991662348674,0.0
0.52453653217012,0.6666666666666666,0.0,0.7692307692307693,0.3333333333333333,0.3888888888888889,0.5,0.3333333333333333,1.0,0.0,0.4,0.6666666666666666,0.0,0.0,0.3333333333333333,0.6666666666666666,0.0,0.1833548202263286,0.0,0.4,0.34444444444444444,0.0,0.8166451797736713,0.4961921754645546,0.4162489990107871,0.0
0.5305343511450382,0.6666666666666666,1.0,0.8461538461538463,0.3333333333333333,0.5555555555555556,1.0,0.6666666666666666,1.0,0.0,0.2,0.0,0.0,0.0,1.0,0.6666666666666666,0.0,0.1716086520555794,0.0,0.13333333333333333,0.5111111111111112,0.0,0.8283913479444206,0.1677763755312822,0.6265438786565547,0.0
0.5359869138495092,0.6666666666666666,0.0,0.0769230769230769,0.3333333333333333,0.3888888888888889,0.5,0.0,0.0,0.0,0.4,1.0,0.0,0.6666666666666666,1.0,0.6666666666666666,0.6666666666666666,0.1799169173470849,0.0,0.5333333333333333,0.2111111111111111,0.19999999999999998,0.8200830826529151,0.6643747189462843,0.25619435677610813,0.46943063598626555
0.5414394765539804,0.3333333333333333,0.5,0.5384615384615385,0.1666666666666666,0.1666666666666666,0.5,0.6666666666666666,1.0,0.0,0.0,1.0,0.0,0.0,0.3333333333333333,0.3333333333333333,0.0,0.2781836413121329,0.0,0.4666666666666667,0.36666666666666664,0.0,0.7218163586878671,0.5116700755762508,0.39165057233030287,0.0
0.5463467829880044,0.6666666666666666,0.0,0.0769230769230769,0.5,0.0555555555555555,0.5,0.3333333333333333,0.5,0.0,1.0,0.6666666666666666,0.0,0.3333333333333333,1.0,0.6666666666666666,0.3333333333333333,0.2304827388626271,0.0,0.4,0.34444444444444444,0.09999999999999999,0.7695172611373728,0.46755733495800517,0.39222761317066274,0.2202429149797571
0.5523446019629226,0.3333333333333333,1.0,0.6153846153846154,0.1666666666666666,0.9444444444444444,0.5,0.6666666666666666,0.5,0.0,0.4,1.0,0.0833333333333333,0.0,0.3333333333333333,0.3333333333333333,0.0,0.4843145681134508,0.0,0.4666666666666667,0.5222222222222221,0.058333333333333307,0.5156854318865491,0.365551155402759,0.398511470158745,0.08609644852149845
0.5545256270447111,0.0,1.0,0.6923076923076923,0.1666666666666666,0.6666666666666665,1.0,0.6666666666666666,0.0,0.0,0.2,0.6666666666666666,0.0,1.0,0.0,0.0,1.0,0.9504369001575704,0.0,0.26666666666666666,0.4666666666666666,0.3,0.04956309984242957,0.020076301550691258,0.03422676527391783,0.04255624455491221
0.5550708833151582,1.0,0.0,0.4615384615384615,0.8333333333333333,0.8888888888888888,0.0,0.0,0.5,0.0,0.2,1.0,0.0,0.3333333333333333,0.6666666666666666,1.0,0.3333333333333333,0.9384042400802178,0.0,0.6000000000000001,0.5111111111111111,0.09999999999999999,0.06159575991978217,0.05613821315113791,0.046587215601300025,0.01762927279249728
0.5556161395856053,0.3333333333333333,1.0,0.3076923076923077,0.1666666666666666,0.9444444444444444,0.5,0.0,0.5,0.0,0.6000000000000001,0.6666666666666666,0.0,0.6666666666666666,0.0,0.3333333333333333,0.6666666666666666,0.4586735424724252,0.0,0.3333333333333333,0.25555555555555554,0.19999999999999998,0.5413264575275748,0.2740908365609179,0.2047128927410617,0.309865218059755
0.5561613958560524,1.0,0.5,0.7692307692307693,0.5,0.0555555555555555,0.0,1.0,0.0,0.0,0.0,0.3333333333333333,0.0,0.3333333333333333,0.3333333333333333,1.0,0.3333333333333333,0.6007735281478298,0.0,0.33333333333333337,0.6111111111111112,0.09999999999999999,0.3992264718521702,0.2021410853387876,0.36102736822271425,0.11426228668067442
0.5567066521264995,0.0,0.5,0.6923076923076923,0.1666666666666666,0.6666666666666665,0.5,0.0,0.0,0.0,0.2,0.6666666666666666,0.0,0.0,0.3333333333333333,0.0,0.0,0.6862913622690159,0.0,0.26666666666666666,0.19999999999999996,0.0,0.3137086377309841,0.12707254449714955,0.0928446935795374,0.0
0.5572519083969466,0.3333333333333333,0.5,0.5384615384615385,0.1666666666666666,0.5555555555555556,0.5,0.3333333333333333,1.0,0.0,0.2,0.0,0.0,0.0,1.0,0.3333333333333333,0.0,0.2271880819366852,0.0,0.06666666666666667,0.31111111111111106,0.0,0.7728119180633148,0.07825986045229703,0.355786895284752,0.0
0.5577971646673937,0.6666666666666666,1.0,0.8461538461538463,0.5,0.4444444444444445,0.0,0.3333333333333333,1.0,0.0,0.0,0.3333333333333333,0.0833333333333333,1.0,0.6666666666666666,0.6666666666666666,1.0,0.2311989686291362,0.0,0.26666666666666666,0.4222222222222223,0.3583333333333333,0.7688010313708638,0.31141477000739803,0.4803476376654577,0.788469225644442
0.5583424209378408,0.3333333333333333,0.5,0.6153846153846154,0.3333333333333333,0.7777777777777777,0.0,0.6666666666666666,0.5,0.0,0.4,1.0,0.0833333333333333,0.0,0.0,0.3333333333333333,0.0,0.2627130783555365,0.0,0.4666666666666667,0.5555555555555556,0.058333333333333307,0.7372869216444635,0.5226366102383335,0.6061284092514956,0.12309400570559792
0.5588876772082879,0.3333333333333333,1.0,0.0769230769230769,0.3333333333333333,0.2777777777777777,0.0,0.6666666666666666,0.5,0.0,0.4,0.3333333333333333,0.0,0.6666666666666666,0.0,0.3333333333333333,0.6666666666666666,0.1347944420570118,0.0,0.2,0.45555555555555555,0.19999999999999998,0.8652055579429883,0.26284868793246013,0.5832587498233549,0.4952595705427152
0.559432933478735,0.3333333333333333,0.5,0.2307692307692307,0.1666666666666666,1.0,0.0,0.6666666666666666,0.0,0.0,0.0,0.0,0.0,0.0,0.3333333333333333,0.3333333333333333,0.0,0.5940409683426443,0.0,0.06666666666666667,0.5333333333333333,0.0,0.4059590316573557,0.04110999898458012,0.32039191671769746,0.0
0.5605234460196292,0.3333333333333333,0.5,0.8461538461538463,0.5,0.1666666666666666,0.0,1.0,0.0,0.0,0.0,0.0,0.0,0.3333333333333333,0.3333333333333333,0.3333333333333333,0.3333333333333333,0.1408107720956883,0.0,0.06666666666666667,0.6333333333333334,0.09999999999999999,0.8591892279043117,0.08700697738514876,0.8052334071317538,0.24590785630092757
0.5610687022900763,1.0,0.0,0.9230769230769232,0.8333333333333333,0.4444444444444445,0.0,0.3333333333333333,1.0,0.0,0.2,0.6666666666666666,0.0,0.3333333333333333,0.3333333333333333,1.0,0.3333333333333333,0.8434321730411116,0.0,0.4666666666666667,0.5555555555555556,0.09999999999999999,0.15656782695888838,0.11098539245978209,0.1287154364312968,0.04481115153999897
0.5616139585605234,1.0,0.5,0.9230769230769232,1.0,0.6666666666666665,0.5,1.0,0.5,0.0,0.4,0.0,0.0,0.3333333333333333,1.0,1.0,0.3333333333333333,0.9485747027646468,0.0,0.2,0.9333333333333333,0.09999999999999999,0.05142529723535316,0.015622960093998887,0.07102548400772536,0.014718392866294283
0.5621592148309705,0.6666666666666666,0.5,0.8461538461538463,0.3333333333333333,0.7222222222222221,0.0,1.0,0.0,0.0,0.0,1.0,0.0,0.0,0.3333333333333333,0.6666666666666666,0.0,0.2438046125196963,0.0,0.5333333333333333,0.6777777777777778,0.0,0.7561953874803037,0.6126173172606872,0.7584412831504075,0.0
0.5627044711014177,0.6666666666666666,0.5,0.6923076923076923,0.5,0.4444444444444445,1.0,0.6666666666666666,1.0,0.0,0.0,0.0,0.0,1.0,1.0,0.6666666666666666,1.0,0.3162870648904168,0.0,0.13333333333333333,0.5555555555555556,0.3,0.6837129351095832,0.1384742591061404,0.5620848838852512,0.5870547839901605
0.5632497273718649,0.3333333333333333,0.5,0.7692307692307693,0.3333333333333333,0.8888888888888888,0.0,1.0,1.0,0.0,0.0,0.6666666666666666,0.0,1.0,1.0,0.3333333333333333,1.0,0.3976507663658502,0.0,0.3333333333333333,0.7111111111111111,0.3,0.6023492336341498,0.3049886127913892,0.6338499222761317,0.5171936657612873
0.563794983642312,0.3333333333333333,1.0,0.6153846153846154,0.3333333333333333,0.4999999999999999,1.0,1.0,0.0,0.0,0.4,0.3333333333333333,0.0,0.3333333333333333,0.0,0.3333333333333333,0.3333333333333333,0.0376736857183784,0.0,0.2,0.6333333333333333,0.09999999999999999,0.9623263142816216,0.29235388833282566,0.9018936360638748,0.2754266386511557
0.5643402399127591,0.6666666666666666,0.5,0.0769230769230769,0.5,0.1666666666666666,0.0,0.3333333333333333,0.5,0.0,0.0,0.0,0.0,0.0,1.0,0.6666666666666666,0.0,0.1038533161438189,0.0,0.13333333333333333,0.3666666666666667,0.0,0.8961466838561811,0.18149904985711593,0.48624052004333695,0.0
0.5648854961832062,0.3333333333333333,0.0,0.0,0.3333333333333333,0.9444444444444444,0.5,1.0,0.0,0.0,0.0,0.3333333333333333,0.0,0.6666666666666666,0.6666666666666666,0.3333333333333333,0.6666666666666666,0.3465119610371007,0.0,0.2,0.7222222222222222,0.19999999999999998,0.6534880389628993,0.19852909177945077,0.6984078383343539,0.3740685696715011
0.5659760087241004,0.6666666666666666,0.5,0.0,0.3333333333333333,0.6111111111111112,0.0,0.3333333333333333,0.5,0.0,0.6000000000000001,0.0,0.0,0.0,0.0,0.6666666666666666,0.0,0.171895143962183,0.0,0.13333333333333333,0.3888888888888889,0.0,0.828104856037817,0.16771835153836112,0.4765532997314994,0.0
0.5665212649945475,0.3333333333333333,0.5,0.0769230769230769,0.1666666666666666,0.7777777777777777,0.5,0.3333333333333333,1.0,0.0,0.2,0.6666666666666666,0.0833333333333333,0.3333333333333333,1.0,0.3333333333333333,0.3333333333333333,0.2145824380461252,0.0,0.3333333333333333,0.3555555555555555,0.1583333333333333,0.7854175619538748,0.39768194148280306,0.41324603137217947,0.3559234014930217
0.5670665212649946,0.6666666666666666,1.0,0.4615384615384615,0.5,0.1111111111111111,0.5,1.0,0.5,0.0,0.4,0.6666666666666666,0.0833333333333333,0.3333333333333333,0.6666666666666666,0.6666666666666666,0.3333333333333333,0.2157284056725397,0.0,0.4,0.6222222222222223,0.1583333333333333,0.7842715943274603,0.4765220418643109,0.7221253945075135,0.3554040895813047
0.5676117775354417,1.0,0.0,0.4615384615384615,0.5,0.8333333333333333,0.5,0.0,1.0,0.0,0.4,0.0,0.0,0.0,0.3333333333333333,1.0,0.0,0.6292794728548918,0.0,0.2,0.3666666666666667,0.0,0.37072052714510817,0.11262457025980244,0.20114937114324744,0.0
0.5681570338058888,0.6666666666666666,0.0,0.2307692307692307,0.6666666666666666,0.2222222222222222,1.0,0.6666666666666666,0.5,0.0,0.0,0.3333333333333333,0.0,0.0,0.0,0.6666666666666666,0.0,0.2787566251253402,0.0,0.26666666666666666,0.5777777777777777,0.0,0.7212433748746598,0.2921508043576019,0.6166564605021432,0.0
0.5687022900763359,0.3333333333333333,0.0,0.6153846153846154,0.1666666666666666,0.1111111111111111,0.5,1.0,1.0,0.0,0.0,1.0,0.0,0.0,0.6666666666666666,0.3333333333333333,0.0,0.3667096404526572,0.0,0.4666666666666667,0.4888888888888889,0.0,0.6332903595473428,0.44891712723211047,0.4581562956333317,0.0
0.569247546346783,0.3333333333333333,0.0,0.3076923076923077,0.1666666666666666,0.3888888888888889,0.5,0.0,0.0,0.0,0.4,0.0,0.0,0.3333333333333333,0.6666666666666666,0.3333333333333333,0.3333333333333333,0.1461108723678556,0.0,0.06666666666666667,0.14444444444444443,0.09999999999999999,0.8538891276321444,0.08647025545062884,0.18251684017146355,0.24439091887459644
0.5697928026172301,0.0,0.5,0.3846153846153846,0.1666666666666666,0.9444444444444444,0.0,0.3333333333333333,0.0,0.0,0.2,0.3333333333333333,0.0,0.0,0.6666666666666666,0.0,0.0,0.8481592895000717,0.0,0.13333333333333333,0.38888888888888884,0.0,0.1518407104999283,0.0307527162481686,0.08738047011163969,0.0
0.5703380588876772,0.3333333333333333,0.5,0.4615384615384615,0.3333333333333333,0.1666666666666666,1.0,0.6666666666666666,0.0,0.0,0.0,0.0,0.0,0.0,1.0,0.3333333333333333,0.0,0.1882251826385904,0.0,0.06666666666666667,0.43333333333333335,0.0,0.8117748173614097,0.08220549197092998,0.5205450091855481,0.0
0.5714285714285715,0.3333333333333333,1.0,1.0,0.3333333333333333,0.0555555555555555,1.0,1.0,0.0,0.0,0.0,1.0,0.0,0.3333333333333333,1.0,0.3333333333333333,0.3333333333333333,0.2774674115456239,0.0,0.4666666666666667,0.5444444444444444,0.09999999999999999,0.7225325884543761,0.5121777855143101,0.5821187997550519,0.20679546968687537
0.5719738276990186,0.6666666666666666,0.0,0.3846153846153846,0.5,0.6666666666666665,1.0,0.6666666666666666,0.5,0.0,0.4,0.3333333333333333,0.0,0.3333333333333333,0.6666666666666666,0.6666666666666666,0.3333333333333333,0.1203266007735281,0.0,0.26666666666666666,0.6,0.09999999999999999,0.8796733992264719,0.35632534052830844,0.7810400866738895,0.2517706144621535
0.5725190839694657,0.3333333333333333,1.0,0.2307692307692307,0.3333333333333333,0.7222222222222221,1.0,0.6666666666666666,1.0,0.0,0.0,0.0,0.0833333333333333,0.0,1.0,0.3333333333333333,0.0,0.2257556224036671,0.0,0.06666666666666667,0.5444444444444445,0.058333333333333307,0.7742443775963329,0.07840492043459969,0.6237811484290358,0.12926425118297197
0.5730643402399128,0.3333333333333333,1.0,0.9230769230769232,0.1666666666666666,0.0555555555555555,0.5,1.0,1.0,0.0,0.0,0.3333333333333333,0.0,0.0,0.0,0.3333333333333333,0.0,0.4568113450795015,0.0,0.2,0.47777777777777775,0.0,0.5431886549204985,0.16502023586753123,0.38404069904376087,0.0
0.5736095965103599,0.3333333333333333,0.0,0.6153846153846154,0.5,0.1666666666666666,0.0,0.3333333333333333,0.0,0.0,0.0,0.3333333333333333,0.0833333333333333,0.6666666666666666,0.0,0.3333333333333333,0.6666666666666666,0.1899441340782122,0.0,0.2,0.3666666666666667,0.2583333333333333,0.8100558659217878,0.2460942599765003,0.4395284751990202,0.5989340439706863
0.574154852780807,0.6666666666666666,0.0,1.0,0.6666666666666666,0.3888888888888889,0.5,0.6666666666666666,0.0,0.0,0.0,0.3333333333333333,0.0,0.6666666666666666,0.0,0.6666666666666666,0.6666666666666666,0.282051282051282,0.0,0.26666666666666666,0.6111111111111112,0.19999999999999998,0.7179487179487181,0.29081625252041726,0.6492533798106366,0.4109670476092862
0.5747001090512541,0.6666666666666666,0.5,1.0,0.3333333333333333,0.0555555555555555,1.0,0.3333333333333333,0.0,0.0,1.0,1.0,0.0833333333333333,0.3333333333333333,0.0,0.6666666666666666,0.3333333333333333,0.3844721386620828,0.0,0.5333333333333333,0.2777777777777778,0.1583333333333333,0.6155278613379171,0.49865819516370014,0.25301474398228835,0.27893541058098015
0.5752453653217012,0.3333333333333333,0.0,0.3076923076923077,0.5,0.0,0.0,0.6666666666666666,0.5,0.0,0.0,0.0,0.0,0.6666666666666666,1.0,0.3333333333333333,0.6666666666666666,0.506374444921931,0.0,0.06666666666666667,0.4666666666666667,0.19999999999999998,0.49362555507806904,0.049987669901504266,0.3408827547223138,0.2825603443857941
0.5757906215921483,0.6666666666666666,1.0,0.3846153846153846,0.3333333333333333,0.3333333333333333,0.0,0.0,0.5,0.0,0.6000000000000001,1.0,0.0,0.6666666666666666,0.0,0.6666666666666666,0.6666666666666666,0.2094255837272597,0.0,0.5333333333333333,0.2,0.19999999999999998,0.7905744162727403,0.6404688338628022,0.23397710678788447,0.4525393327525239
0.5768811341330425,0.6666666666666666,0.0,0.9230769230769232,0.6666666666666666,0.0,0.0,1.0,0.5,0.0,0.2,0.0,0.0,0.3333333333333333,0.6666666666666666,0.6666666666666666,0.3333333333333333,0.5610943990832259,0.0,0.13333333333333333,0.6666666666666667,0.09999999999999999,0.4389056009167741,0.08889275715508362,0.4329926044561685,0.12561881822374826
0.5774263904034896,0.3333333333333333,0.0,0.3076923076923077,0.1666666666666666,0.2222222222222222,0.0,0.6666666666666666,0.0,0.0,0.0,0.6666666666666666,0.0,1.0,0.0,0.3333333333333333,1.0,0.4479300959747887,0.0,0.3333333333333333,0.37777777777777777,0.3,0.5520699040252113,0.2795305858972685,0.3086249941118281,0.4740224465740789
0.5779716466739367,0.6666666666666666,1.0,0.6923076923076923,0.6666666666666666,0.7777777777777777,1.0,1.0,0.0,0.0,0.0,1.0,0.0,0.0,0.0,0.6666666666666666,0.0,0.3768801031370863,0.0,0.5333333333333333,0.8222222222222223,0.0,0.6231198968629137,0.504808738413334,0.7581610061708043,0.0
0.5785169029443838,0.3333333333333333,0.5,0.8461538461538463,0.3333333333333333,0.1111111111111111,0.5,0.6666666666666666,1.0,0.0,0.2,0.3333333333333333,0.0,0.0,1.0,0.3333333333333333,0.0,0.2905027932960894,0.0,0.2,0.4222222222222222,0.0,0.7094972067039106,0.2155446277035554,0.44329454990814443,0.0
0.579062159214831,0.3333333333333333,0.0,0.0769230769230769,0.3333333333333333,0.7777777777777777,0.0,1.0,0.5,0.0,0.2,0.0,0.0,0.3333333333333333,0.3333333333333333,0.3333333333333333,0.3333333333333333,0.1350809339636155,0.0,0.06666666666666667,0.6888888888888889,0.09999999999999999,0.8649190660363845,0.08758721731435948,0.8817089829949596,0.24754778865371801
0.579607415485278,0.3333333333333333,1.0,0.3076923076923077,0.1666666666666666,0.1666666666666666,0.0,0.3333333333333333,0.0,0.0,0.0,1.0,0.0,0.3333333333333333,1.0,0.3333333333333333,0.3333333333333333,0.2160148975791433,0.0,0.4666666666666667,0.23333333333333328,0.09999999999999999,0.7839851024208567,0.5557392981998057,0.2706981016533986,0.22438374417055298
0.5801526717557253,0.3333333333333333,0.0,0.0,0.3333333333333333,0.0,0.5,0.6666666666666666,1.0,0.0,0.2,0.0,0.0833333333333333,0.0,0.3333333333333333,0.3333333333333333,0.0,0.5449076063601204,0.0,0.06666666666666667,0.4,0.058333333333333307,0.45509239363987963,0.04608555637756211,0.2693767958924113,0.07598011582022238
0.5806979280261724,0.6666666666666666,0.5,0.5384615384615385,0.5,0.3888888888888889,0.0,0.6666666666666666,1.0,0.0,0.0,1.0,0.0,0.0,1.0,0.6666666666666666,0.0,0.0664661223320441,0.0,0.5333333333333333,0.5444444444444445,0.0,0.9335338776679559,0.7562847237332637,0.7521150313250743,0.0
0.5812431842966195,0.3333333333333333,0.0,1.0,0.3333333333333333,0.1666666666666666,0.0,0.0,0.5,0.0,0.2,0.3333333333333333,0.0,0.6666666666666666,0.6666666666666666,0.3333333333333333,0.6666666666666666,0.2079931241942415,0.0,0.2,0.16666666666666666,0.19999999999999998,0.7920068758057585,0.2406109926454589,0.1953342126336615,0.4533592989289192
0.5823336968375137,0.6666666666666666,0.5,1.0,0.6666666666666666,0.1666666666666666,0.0,1.0,0.5,0.0,0.4,0.6666666666666666,0.0833333333333333,0.3333333333333333,1.0,0.6666666666666666,0.3333333333333333,0.3167168027503223,0.0,0.4,0.7000000000000001,0.1583333333333333,0.6832831972496777,0.41516166935027626,0.7077818079042818,0.3096397273612463
0.5828789531079608,1.0,1.0,0.9230769230769232,0.5,0.2777777777777777,0.5,0.0,0.0,0.0,0.0,0.0,0.0,0.3333333333333333,0.3333333333333333,1.0,0.3333333333333333,0.4772955164016617,0.0,0.2,0.25555555555555554,0.09999999999999999,0.5227044835983383,0.15879716262674615,0.19767063921993494,0.14960282888330856
0.5834242093784079,0.6666666666666666,0.5,0.0,0.5,0.0555555555555555,0.5,0.6666666666666666,0.0,0.0,0.0,0.0,0.0833333333333333,0.6666666666666666,0.6666666666666666,0.6666666666666666,0.6666666666666666,0.2999570262140095,0.0,0.13333333333333333,0.47777777777777775,0.2583333333333333,0.7000429737859906,0.14178162670264155,0.4949385274859861,0.51759339927228
0.583969465648855,0.3333333333333333,1.0,0.0,0.5,0.4444444444444445,0.0,0.6666666666666666,0.5,0.0,0.0,0.0,0.1666666666666666,0.0,1.0,0.3333333333333333,0.0,0.3148546053573987,0.0,0.06666666666666667,0.5555555555555556,0.11666666666666661,0.6851453946426014,0.06938218953537288,0.5632625182533327,0.22877739626573732
0.5845147219193021,0.6666666666666666,0.0,0.7692307692307693,0.3333333333333333,0.2777777777777777,1.0,0.6666666666666666,0.0,0.0,0.0,0.3333333333333333,0.0,1.0,0.3333333333333333,0.6666666666666666,1.0,0.396218306832832,0.0,0.26666666666666666,0.45555555555555555,0.3,0.603781693167168,0.2445711301623221,0.4070257666399736,0.5184236150258802
0.5850599781897492,0.6666666666666666,0.0,0.7692307692307693,0.5,0.1666666666666666,0.5,0.6666666666666666,1.0,0.0,0.0,0.6666666666666666,0.0,0.3333333333333333,0.6666666666666666,0.6666666666666666,0.3333333333333333,0.094255837272597,0.0,0.4,0.5,0.09999999999999999,0.905744162727403,0.5503285608599157,0.6701563898440812,0.25923230666735
0.5856052344601963,0.3333333333333333,0.0,0.4615384615384615,0.5,1.0,0.5,0.3333333333333333,0.5,0.0,0.4,0.3333333333333333,0.0,0.6666666666666666,0.0,0.3333333333333333,0.6666666666666666,0.5153989399799456,0.0,0.2,0.5333333333333334,0.19999999999999998,0.48460106002005443,0.14722137603899213,0.3824579584530595,0.2773945574745042
0.5861504907306434,0.6666666666666666,0.0,0.7692307692307693,0.5,0.2222222222222222,0.0,0.6666666666666666,1.0,0.0,0.0,0.0,0.0833333333333333,0.0,0.6666666666666666,0.6666666666666666,0.0,0.184644033806045,0.0,0.13333333333333333,0.5111111111111111,0.058333333333333307,0.815355966193955,0.16513628385337334,0.6166847237269771,0.136128051384547
0.5866957470010905,0.3333333333333333,0.0,0.0769230769230769,0.3333333333333333,0.7777777777777777,0.0,1.0,1.0,0.0,0.0,0.0,0.0,0.0,0.3333333333333333,0.3333333333333333,0.0,0.2460965477725254,0.0,0.06666666666666667,0.6888888888888889,0.0,0.7539034522274746,0.07634506868590162,0.7685383202223373,0.0
0.5872410032715376,0.3333333333333333,1.0,0.8461538461538463,0.5,0.9444444444444444,1.0,0.3333333333333333,0.0,0.0,0.0,0.3333333333333333,0.0,0.0,0.6666666666666666,0.3333333333333333,0.0,0.463543904884687,0.0,0.2,0.5222222222222223,0.0,0.536456095115313,0.1629748901170634,0.4145626265956946,0.0
0.5883315158124318,0.3333333333333333,0.5,0.5384615384615385,0.3333333333333333,0.6111111111111112,0.0,0.3333333333333333,0.5,0.0,0.2,0.0,0.0833333333333333,0.0,0.3333333333333333,0.3333333333333333,0.0,0.1620111731843575,0.0,0.06666666666666667,0.3888888888888889,0.058333333333333307,0.8379888268156425,0.08486008964706905,0.48224127372933245,0.139906728847435
0.588876772082879,0.3333333333333333,0.0,0.7692307692307693,0.1666666666666666,0.8333333333333333,1.0,1.0,1.0,0.0,0.0,0.3333333333333333,0.0,0.0,0.0,0.3333333333333333,0.0,0.3790287924366137,0.0,0.2,0.6333333333333333,0.0,0.6209712075633863,0.18865050698463814,0.581975128362146,0.0
0.5894220283533261,0.3333333333333333,1.0,0.7692307692307693,0.5,0.8888888888888888,0.0,0.6666666666666666,0.0,0.0,0.2,1.0,0.0833333333333333,0.0,0.6666666666666666,0.3333333333333333,0.0,0.436613665663945,0.0,0.4666666666666667,0.6444444444444445,0.058333333333333307,0.563386334336055,0.3993646372775142,0.53726977248104,0.09406037000973706
0.5899672846237732,1.0,1.0,0.6923076923076923,0.8333333333333333,0.2777777777777777,0.5,0.0,0.5,0.0,0.0,0.0,0.0833333333333333,0.6666666666666666,0.3333333333333333,1.0,0.6666666666666666,0.9189227904311704,0.0,0.2,0.38888888888888884,0.2583333333333333,0.08107720956882958,0.024631184994995402,0.046657873663384926,0.05994636054596074
0.5905125408942203,0.6666666666666666,0.5,0.0769230769230769,0.5,0.1111111111111111,1.0,0.0,1.0,0.0,0.0,0.3333333333333333,0.0,0.6666666666666666,0.6666666666666666,0.6666666666666666,0.6666666666666666,0.2316287064890417,0.0,0.26666666666666666,0.22222222222222224,0.19999999999999998,0.7683712935109583,0.31124069802863485,0.25267323001554476,0.439829857018398
0.5910577971646674,0.0,0.5,0.1538461538461538,0.0,0.9444444444444444,1.0,0.3333333333333333,1.0,0.0,0.6000000000000001,0.3333333333333333,0.0,0.3333333333333333,1.0,0.0,0.3333333333333333,0.9712075633863344,0.0,0.13333333333333333,0.3222222222222222,0.09999999999999999,0.028792436613665595,0.005831411288567808,0.013728861463092904,0.008240660072771978
0.5916030534351145,0.3333333333333333,1.0,0.9230769230769232,0.5,0.0555555555555555,0.0,0.3333333333333333,0.5,0.0,0.4,1.0,0.0,0.3333333333333333,0.6666666666666666,0.3333333333333333,0.3333333333333333,0.3141383755908895,0.0,0.4666666666666667,0.34444444444444444,0.09999999999999999,0.6858616244091105,0.48618303668566953,0.3495878279711715,0.19629990262901653
0.5921483097055616,0.6666666666666666,0.5,0.0,0.5,0.0555555555555555,1.0,0.3333333333333333,0.0,0.0,0.0,0.3333333333333333,0.0,0.6666666666666666,0.3333333333333333,0.6666666666666666,0.6666666666666666,0.3210141813493768,0.0,0.26666666666666666,0.34444444444444444,0.19999999999999998,0.6789858186506232,0.2750337264458854,0.3460831880917613,0.3886639676113361
0.5926935659760088,0.6666666666666666,0.0,0.9230769230769232,0.6666666666666666,0.9444444444444444,1.0,0.3333333333333333,0.0,0.0,0.2,1.0,0.0,0.3333333333333333,0.0,0.6666666666666666,0.3333333333333333,0.4940552929379745,0.0,0.5333333333333333,0.5888888888888889,0.09999999999999999,0.5059447070620255,0.4098814859944587,0.4408968863347308,0.1448060267513965
0.593784078516903,0.6666666666666666,0.0,0.3076923076923077,0.3333333333333333,0.8333333333333333,0.0,1.0,0.0,0.0,0.0,0.3333333333333333,0.0,0.3333333333333333,0.3333333333333333,0.6666666666666666,0.3333333333333333,0.3132788998710786,0.0,0.26666666666666666,0.7,0.09999999999999999,0.6867211001289214,0.2781670220636233,0.7113429742333599,0.19654589248193516
0.5943293347873501,0.0,1.0,0.1538461538461538,0.0,0.1666666666666666,0.5,0.3333333333333333,0.0,0.0,0.0,0.6666666666666666,0.0,0.0,0.6666666666666666,0.0,0.0,0.9545910328033234,0.0,0.26666666666666666,0.16666666666666666,0.0,0.04540896719667664,0.018393605755980074,0.01119930284045408,0.0
0.5948745910577972,0.0,1.0,0.4615384615384615,0.0,0.7777777777777777,1.0,0.6666666666666666,0.5,0.0,1.0,0.0,0.0833333333333333,0.6666666666666666,0.6666666666666666,0.0,0.6666666666666666,0.9035954734278756,0.0,0.0,0.4222222222222222,0.2583333333333333,0.0964045265721244,0.0,0.06023364265862737,0.07127897640888985
0.5954198473282443,1.0,0.5,0.1538461538461538,0.8333333333333333,0.2777777777777777,0.0,1.0,1.0,0.0,0.6000000000000001,0.0,0.1666666666666666,0.3333333333333333,0.0,1.0,0.3333333333333333,0.9273743016759776,0.0,0.2,0.788888888888889,0.21666666666666662,0.07262569832402244,0.022063623308237985,0.08478260869565228,0.04503664223850771
0.5959651035986914,0.0,0.5,0.7692307692307693,0.0,0.4444444444444445,1.0,0.3333333333333333,0.0,0.0,0.0,0.3333333333333333,0.0,0.3333333333333333,0.0,0.0,0.3333333333333333,0.8951439621830684,0.0,0.13333333333333333,0.22222222222222224,0.09999999999999999,0.10485603781693165,0.02123678140911266,0.034481134297423326,0.030010762056065177
0.5965103598691385,0.3333333333333333,0.5,0.9230769230769232,0.3333333333333333,0.6111111111111112,1.0,0.0,0.0,0.0,0.0,0.3333333333333333,0.0,0.0,0.0,0.3333333333333333,0.0,0.1362269015900301,0.0,0.2,0.25555555555555554,0.0,0.8637730984099699,0.262413507985552,0.3266522210184181,0.0
0.5970556161395857,0.0,0.0,0.9230769230769232,0.1666666666666666,0.3333333333333333,0.5,0.6666666666666666,1.0,0.0,0.0,0.3333333333333333,0.0,0.0,0.0,0.0,0.0,0.6736857183784558,0.0,0.13333333333333333,0.39999999999999997,0.0,0.3263142816215442,0.06608932793710198,0.19315087851523857,0.0
0.5976008724100328,0.6666666666666666,0.5,0.0769230769230769,0.3333333333333333,0.5555555555555556,0.0,0.6666666666666666,0.5,0.0,0.0,0.3333333333333333,0.0,1.0,0.3333333333333333,0.6666666666666666,1.0,0.3783125626701046,0.0,0.26666666666666666,0.5111111111111112,0.3,0.6216874373298954,0.2518241292774562,0.4702058504875406,0.5337979808332907
0.5981461286804799,0.3333333333333333,0.0,0.9230769230769232,0.5,0.0555555555555555,0.5,0.0,1.0,0.0,0.2,0.3333333333333333,0.0,0.3333333333333333,0.6666666666666666,0.3333333333333333,0.3333333333333333,0.3141383755908895,0.0,0.2,0.2111111111111111,0.09999999999999999,0.6858616244091105,0.20836415857957266,0.21426350746620187,0.19629990262901653
0.5992366412213741,1.0,0.0,0.1538461538461538,0.6666666666666666,0.1666666666666666,1.0,0.3333333333333333,0.5,0.0,0.2,0.0,0.0833333333333333,0.0,0.3333333333333333,1.0,0.0,0.694169889700616,0.0,0.2,0.43333333333333335,0.058333333333333307,0.305830110299384,0.0929109186648679,0.19611145131659521,0.051059977109277545
0.5997818974918212,0.6666666666666666,0.0,0.9230769230769232,0.6666666666666666,0.6111111111111112,0.5,0.6666666666666666,1.0,0.0,0.4,0.0,0.0,0.3333333333333333,0.6666666666666666,0.6666666666666666,0.3333333333333333,0.2625698324022346,0.0,0.13333333333333333,0.6555555555555556,0.09999999999999999,0.7374301675977655,0.14935375777884155,0.7153704837721985,0.2110592938041306
0.6003271537622683,1.0,0.0,0.6153846153846154,0.5,0.1666666666666666,0.0,0.6666666666666666,0.0,0.0,0.0,1.0,0.0,0.0,0.3333333333333333,1.0,0.0,0.5502077066322876,0.0,0.6000000000000001,0.5,0.0,0.4497922933677124,0.4099395099873799,0.3327994724198031,0.0
0.6008724100327154,0.3333333333333333,0.0,0.8461538461538463,0.1666666666666666,0.2777777777777777,0.5,0.3333333333333333,0.0,0.0,0.2,0.6666666666666666,0.0,0.0,1.0,0.3333333333333333,0.0,0.2085661080074488,0.0,0.3333333333333333,0.2555555555555555,0.0,0.7914338919925512,0.4007282011111594,0.2992957746478872,0.0
0.6014176663031625,1.0,0.0,0.0,0.5,0.5555555555555556,1.0,0.3333333333333333,1.0,0.0,0.0,1.0,0.0,0.0,0.6666666666666666,1.0,0.0,0.4982094255837273,0.0,0.6000000000000001,0.4444444444444445,0.0,0.5017905744162727,0.45733060620566607,0.330020255311131,0.0
0.6019629225736096,0.3333333333333333,1.0,0.7692307692307693,0.5,0.7777777777777777,1.0,0.3333333333333333,0.0,0.0,0.0,0.3333333333333333,0.0,0.6666666666666666,0.6666666666666666,0.3333333333333333,0.6666666666666666,0.2516831399512964,0.0,0.2,0.48888888888888893,0.19999999999999998,0.7483168600487036,0.22733800426476347,0.5413726506194356,0.4283503305488648
0.6025081788440567,0.6666666666666666,1.0,0.9230769230769232,0.6666666666666666,0.5555555555555556,0.5,1.0,1.0,0.0,0.0,1.0,0.0,0.6666666666666666,0.3333333333333333,0.6666666666666666,0.6666666666666666,0.2627130783555365,0.0,0.5333333333333333,0.7777777777777779,0.19999999999999998,0.7372869216444635,0.597298983129524,0.8485797729520939,0.42203659099062163
0.6030534351145038,0.6666666666666666,0.0,0.9230769230769232,0.3333333333333333,0.0555555555555555,0.5,0.0,0.5,0.0,0.0,0.6666666666666666,0.0,1.0,0.3333333333333333,0.6666666666666666,1.0,0.6474717089242229,0.0,0.4,0.14444444444444443,0.3,0.3525282910757771,0.21419556986814045,0.07535211267605632,0.3026905140162968
0.6035986913849509,0.6666666666666666,0.0,0.6923076923076923,0.5,0.6111111111111112,1.0,0.6666666666666666,0.5,0.0,0.0,1.0,0.0,0.0,0.0,0.6666666666666666,0.0,0.0643174330325168,0.0,0.5333333333333333,0.5888888888888889,0.0,0.9356825669674832,0.7580254435208958,0.8153846153846153,0.0
0.604143947655398,0.0,0.0,0.6923076923076923,0.1666666666666666,0.8888888888888888,1.0,1.0,0.0,0.0,0.0,1.0,0.0,0.3333333333333333,0.6666666666666666,0.0,0.3333333333333333,0.7276894427732417,0.0,0.4,0.6444444444444445,0.09999999999999999,0.27231055722675834,0.16545541581443926,0.2596872203118376,0.07793778506636602
0.6052344601962922,0.6666666666666666,0.5,0.6153846153846154,0.6666666666666666,0.6111111111111112,0.0,0.3333333333333333,1.0,0.0,0.0,0.6666666666666666,0.0,0.0,0.0,0.6666666666666666,0.0,0.2694456381607219,0.0,0.4,0.5222222222222223,0.0,0.730554361839278,0.4438835458462074,0.5645579160582223,0.0
0.6057797164667394,0.3333333333333333,1.0,0.3076923076923077,0.1666666666666666,0.6666666666666665,1.0,1.0,1.0,0.0,0.0,0.3333333333333333,0.0,0.0,0.0,0.3333333333333333,0.0,0.2347801174616817,0.0,0.2,0.6,0.0,0.7652198825383183,0.2324731276382784,0.6794196617834094,0.0
0.6063249727371866,0.3333333333333333,0.0,0.8461538461538463,0.3333333333333333,0.8888888888888888,0.0,0.3333333333333333,0.0,0.0,0.0,0.6666666666666666,0.0,0.3333333333333333,0.6666666666666666,0.3333333333333333,0.3333333333333333,0.1920928233777395,0.0,0.3333333333333333,0.4444444444444444,0.09999999999999999,0.8079071766222605,0.40906915009356365,0.5313486268783268,0.23123046174345313
0.6068702290076337,0.6666666666666666,1.0,0.7692307692307693,0.6666666666666666,0.4999999999999999,1.0,0.3333333333333333,1.0,0.3333333333333333,0.2,0.3333333333333333,0.0833333333333333,0.0,1.0,0.6666666666666666,0.0,0.3250250680418278,0.0,0.4666666666666667,0.5,0.058333333333333307,0.6749749319581722,0.4784658456271668,0.49941118281595925,0.11269068484258353
0.6074154852780808,0.3333333333333333,0.0,0.6153846153846154,0.5,0.0555555555555555,0.0,0.0,0.0,0.0,0.0,0.0,0.0,0.0,1.0,0.3333333333333333,0.0,0.4156997564818794,0.0,0.06666666666666667,0.2111111111111111,0.0,0.5843002435181206,0.059169966781264044,0.18253568232135284,0.0
0.6079607415485279,1.0,0.5,0.8461538461538463,0.6666666666666666,0.9444444444444444,0.5,0.6666666666666666,1.0,0.0,0.0,0.6666666666666666,0.0,0.0,0.3333333333333333,1.0,0.0,0.800315141097264,0.0,0.4666666666666667,0.7222222222222222,0.0,0.19968485890273602,0.14154953073095727,0.21341090018371095,0.0
0.608505997818975,0.6666666666666666,1.0,0.2307692307692307,0.5,0.6666666666666665,1.0,0.6666666666666666,1.0,0.0,0.0,0.6666666666666666,0.0,0.3333333333333333,0.6666666666666666,0.6666666666666666,0.3333333333333333,0.1203266007735281,0.0,0.4,0.6,0.09999999999999999,0.8796733992264719,0.5344880107924628,0.7810400866738895,0.2517706144621535
0.6090512540894221,0.3333333333333333,0.0,1.0,0.5,0.1111111111111111,1.0,0.0,0.5,0.0,0.0,1.0,0.0833333333333333,0.0,0.6666666666666666,0.3333333333333333,0.0,0.3965047987394356,0.0,0.4666666666666667,0.22222222222222224,0.058333333333333307,0.6034952012605643,0.4277963938088399,0.19845494370907718,0.10075676045029805
0.6095965103598692,0.6666666666666666,1.0,0.3846153846153846,0.5,0.0,0.0,0.3333333333333333,1.0,0.0,0.0,0.3333333333333333,0.0,0.0,1.0,0.6666666666666666,0.0,0.3389199255121043,0.0,0.26666666666666666,0.33333333333333337,0.0,0.6610800744878957,0.26778072733075126,0.3260869565217392,0.0
0.6101417666303163,0.3333333333333333,0.0,0.0769230769230769,0.5,0.6111111111111112,0.5,0.0,0.0,0.0,0.0,0.3333333333333333,0.0,0.3333333333333333,1.0,0.3333333333333333,0.3333333333333333,0.0530010027216731,0.0,0.2,0.32222222222222224,0.09999999999999999,0.9469989972783269,0.28769746290090953,0.45154976682839515,0.2710398196074412
0.6117775354416576,0.3333333333333333,1.0,0.6923076923076923,0.3333333333333333,0.1666666666666666,0.5,1.0,1.0,0.0,0.0,0.6666666666666666,0.0,0.0,1.0,0.3333333333333333,0.0,0.1882251826385904,0.0,0.3333333333333333,0.5666666666666667,0.0,0.8117748173614097,0.4110274598546499,0.6807127043195629,0.0
0.6123227917121047,1.0,1.0,0.6923076923076923,0.8333333333333333,0.6666666666666665,0.5,0.3333333333333333,0.0,0.0,0.4,0.6666666666666666,0.0,0.3333333333333333,1.0,1.0,0.3333333333333333,0.8402807620684716,0.0,0.4666666666666667,0.6,0.09999999999999999,0.15971923793152842,0.11321931618724342,0.14181073060436192,0.045713114334033716
0.6128680479825518,0.6666666666666666,1.0,0.0,0.6666666666666666,0.8333333333333333,0.5,0.6666666666666666,0.5,0.0,0.2,0.0,0.0,0.0,1.0,0.6666666666666666,0.0,0.4308838275318722,0.0,0.13333333333333333,0.7,0.0,0.5691161724681277,0.11526466193771123,0.5895214093928116,0.0
0.6134133042529989,0.3333333333333333,1.0,0.3846153846153846,0.3333333333333333,0.4444444444444445,0.5,0.6666666666666666,1.0,0.0,0.0,0.0,0.0,0.6666666666666666,0.0,0.3333333333333333,0.6666666666666666,0.1622976650909612,0.0,0.06666666666666667,0.48888888888888893,0.19999999999999998,0.8377023349090388,0.08483107765060852,0.6060389090395214,0.4795162199559268
0.613958560523446,0.3333333333333333,1.0,0.0,0.1666666666666666,0.1666666666666666,0.0,0.3333333333333333,1.0,0.0,0.0,0.0,0.0,1.0,0.3333333333333333,0.3333333333333333,1.0,0.4913336198252399,0.0,0.06666666666666667,0.23333333333333328,0.3,0.5086663801747602,0.05151079971568244,0.17563474492439587,0.43675498385691597
0.6145038167938932,0.3333333333333333,1.0,0.0769230769230769,0.1666666666666666,0.7777777777777777,1.0,0.3333333333333333,0.5,0.0,0.0,0.3333333333333333,0.0,0.0,1.0,0.3333333333333333,0.0,0.3215871651625842,0.0,0.2,0.3555555555555555,0.0,0.6784128348374159,0.20610122285565083,0.35694568750294403,0.0
0.6150490730643403,1.0,1.0,0.3076923076923077,0.8333333333333333,0.2222222222222222,0.5,1.0,1.0,0.0,0.4,1.0,0.0833333333333333,0.0,0.0,1.0,0.0,0.933533877667956,0.0,0.6000000000000001,0.7777777777777778,0.058333333333333307,0.06646612233204396,0.060577048609599934,0.07649912855056744,0.011096875587215331
0.6155943293347874,0.0,0.5,0.5384615384615385,0.1666666666666666,1.0,1.0,0.0,1.0,0.0,0.8,0.0,0.0,0.0,0.3333333333333333,0.0,0.0,0.9353960750608796,0.0,0.0,0.26666666666666666,0.0,0.06460392493912037,0.0,0.025493428800226065,0.0
0.6161395856052345,0.6666666666666666,1.0,0.6153846153846154,0.3333333333333333,0.6111111111111112,1.0,1.0,1.0,0.0,0.0,0.3333333333333333,0.0,0.0,0.3333333333333333,0.6666666666666666,0.0,0.171895143962183,0.0,0.26666666666666666,0.6555555555555556,0.0,0.828104856037817,0.33543670307672224,0.8033327052616703,0.0
0.6166848418756816,0.3333333333333333,0.5,0.0769230769230769,0.5,0.9444444444444444,1.0,1.0,0.0,0.0,0.4,0.3333333333333333,0.0,0.0,0.6666666666666666,0.3333333333333333,0.0,0.463543904884687,0.0,0.2,0.788888888888889,0.0,0.536456095115313,0.1629748901170634,0.6262541806020067,0.0
0.6172300981461287,0.3333333333333333,1.0,0.6153846153846154,0.1666666666666666,0.2777777777777777,0.5,0.0,1.0,0.0,0.0,0.6666666666666666,0.0,0.0,0.3333333333333333,0.3333333333333333,0.0,0.2085661080074488,0.0,0.3333333333333333,0.12222222222222218,0.0,0.7914338919925512,0.4007282011111594,0.14314145744029386,0.0
0.6177753544165758,0.3333333333333333,0.0,0.9230769230769232,0.3333333333333333,0.4999999999999999,1.0,0.0,0.5,0.0,0.0,0.0,0.0,0.0,0.6666666666666666,0.3333333333333333,0.0,0.1463973642744592,0.0,0.06666666666666667,0.2333333333333333,0.0,0.8536026357255408,0.0864412434541683,0.29473597437467614,0.0
0.6183206106870229,0.3333333333333333,0.5,0.1538461538461538,0.3333333333333333,0.0,0.5,0.6666666666666666,0.0,0.0,0.2,0.6666666666666666,0.0,0.0,0.3333333333333333,0.3333333333333333,0.0,0.4721386620827962,0.0,0.3333333333333333,0.4,0.0,0.5278613379172038,0.2672730173926918,0.31244995053935654,0.0
0.61886586695747,0.3333333333333333,1.0,0.6153846153846154,0.5,0.5555555555555556,1.0,0.6666666666666666,0.0,0.0,0.2,0.3333333333333333,0.0,0.3333333333333333,1.0,0.3333333333333333,0.3333333333333333,0.0342357828391347,0.0,0.2,0.5777777777777778,0.09999999999999999,0.9657642171608654,0.293398320205405,0.8257195345988979,0.27641059806282997
0.6194111232279171,0.3333333333333333,1.0,0.3076923076923077,0.1666666666666666,0.9444444444444444,0.0,0.0,0.0,0.0,0.0,0.0,0.0,0.3333333333333333,0.3333333333333333,0.3333333333333333,0.3333333333333333,0.3240223463687151,0.0,0.06666666666666667,0.25555555555555554,0.09999999999999999,0.6759776536312849,0.06845380564863571,0.25563380281690135,0.19347101932045305
0.6199563794983642,0.3333333333333333,1.0,0.3076923076923077,0.1666666666666666,0.1666666666666666,1.0,0.6666666666666666,0.0,0.0,0.2,0.6666666666666666,0.0,0.0,1.0,0.3333333333333333,0.0,0.2781836413121329,0.0,0.3333333333333333,0.36666666666666664,0.0,0.7218163586878671,0.3654786254116077,0.39165057233030287,0.0
0.6205016357688113,0.3333333333333333,0.0,1.0,0.1666666666666666,0.4444444444444445,0.5,0.0,1.0,0.0,0.0,0.0,0.0833333333333333,1.0,0.3333333333333333,0.3333333333333333,1.0,0.4254404813064031,0.0,0.06666666666666667,0.15555555555555556,0.3583333333333333,0.5745595186935969,0.05818355890160581,0.13225776061048566,0.5892584430892225
0.6210468920392584,0.3333333333333333,0.0,0.7692307692307693,0.5,0.8888888888888888,0.0,0.6666666666666666,0.0,0.0,0.0,0.6666666666666666,0.0,1.0,0.0,0.3333333333333333,1.0,0.4742873513823234,0.0,0.3333333333333333,0.6444444444444445,0.3,0.5257126486176766,0.2661850675254218,0.5013425031796129,0.4513913801055707
0.6215921483097055,0.6666666666666666,1.0,0.7692307692307693,0.5,0.1111111111111111,0.0,0.3333333333333333,0.5,0.0,0.6000000000000001,0.0,0.0,0.0,1.0,0.6666666666666666,0.0,0.1829250823664231,0.0,0.13333333333333333,0.35555555555555557,0.0,0.8170749176335769,0.1654844278108998,0.42990249187432283,0.0
0.6226826608505998,0.0,0.5,0.5384615384615385,0.0,0.1111111111111111,1.0,0.3333333333333333,0.5,0.0,0.6000000000000001,1.0,0.0,0.0,1.0,0.0,0.0,0.9798023205844436,0.0,0.4,0.15555555555555556,0.0,0.02019767941555639,0.012272074502806837,0.0046493004851853315,0.0
0.623227917121047,0.3333333333333333,0.5,0.3846153846153846,0.3333333333333333,0.7777777777777777,1.0,0.3333333333333333,0.5,0.0,0.0,0.6666666666666666,0.0,0.6666666666666666,1.0,0.3333333333333333,0.6666666666666666,0.195673972210285,0.0,0.3333333333333333,0.4222222222222222,0.19999999999999998,0.804326027789715,0.4072559003147801,0.5025436902350559,0.4604110080459181
0.6237731733914941,0.0,1.0,0.6923076923076923,0.0,0.2777777777777777,0.5,0.6666666666666666,0.0,0.0,0.4,1.0,0.0,0.3333333333333333,0.6666666666666666,0.0,0.3333333333333333,0.8931385188368429,0.0,0.4,0.3222222222222222,0.09999999999999999,0.10686148116315708,0.06492884807868049,0.05095388383814589,0.030584738379541825
0.6243184296619412,0.6666666666666666,0.5,0.1538461538461538,0.5,0.3888888888888889,0.0,0.6666666666666666,0.5,0.0,0.4,1.0,0.0833333333333333,0.0,0.3333333333333333,0.6666666666666666,0.0,0.1688869789428448,0.0,0.5333333333333333,0.5444444444444445,0.058333333333333307,0.8311130210571552,0.6733104138561296,0.6695981911536107,0.13875877620048171
0.6248636859323883,0.3333333333333333,1.0,0.2307692307692307,0.3333333333333333,0.6111111111111112,0.5,1.0,0.0,0.0,0.0,0.3333333333333333,0.0,0.3333333333333333,0.0,0.3333333333333333,0.3333333333333333,0.0012892135797163,0.0,0.2,0.6555555555555556,0.09999999999999999,0.9987107864202837,0.30340745898429,0.9688350840830938,0.28584020909137503
0.6254089422028354,0.6666666666666666,1.0,0.3076923076923077,0.3333333333333333,0.8333333333333333,0.0,0.6666666666666666,0.0,0.0,0.0,0.3333333333333333,0.0,1.0,0.0,0.6666666666666666,1.0,0.5353101274888984,0.0,0.26666666666666666,0.5666666666666667,0.3,0.4646898725111016,0.1882298330359604,0.38966508078571765,0.3989955414339159
0.6259541984732825,0.3333333333333333,0.5,0.3076923076923077,0.1666666666666666,0.0,1.0,0.6666666666666666,0.5,0.0,0.2,0.3333333333333333,0.0,0.6666666666666666,0.0,0.3333333333333333,0.6666666666666666,0.579286635152557,0.0,0.2,0.3333333333333333,0.19999999999999998,0.42071336484744304,0.12781235040689326,0.20752272834330393,0.24082406600727718
0.6264994547437296,0.0,0.0,0.1538461538461538,0.1666666666666666,0.0,0.0,0.0,0.5,0.0,0.4,0.0,0.0,0.0,0.3333333333333333,0.0,0.0,0.9371150265005014,0.0,0.0,0.06666666666666664,0.0,0.06288497349949862,0.0,0.006203777851052799,0.0
0.6270447110141767,0.3333333333333333,0.0,0.5384615384615385,0.5,0.1666666666666666,0.5,0.6666666666666666,0.5,0.0,0.0,0.0,0.0833333333333333,0.0,0.3333333333333333,0.3333333333333333,0.0,0.296375877381464,0.0,0.06666666666666667,0.5,0.058333333333333307,0.703624122618536,0.07125346330707746,0.5206086014414244,0.11747382087155567
0.6275899672846238,0.3333333333333333,1.0,0.6153846153846154,0.1666666666666666,0.5555555555555556,0.0,1.0,1.0,0.0,0.2,0.6666666666666666,0.0833333333333333,0.0,0.6666666666666666,0.3333333333333333,0.0,0.2913622690159003,0.0,0.3333333333333333,0.5777777777777778,0.058333333333333307,0.7086377309840997,0.3588058662256843,0.6058787507654623,0.11831086967662578
0.628680479825518,1.0,0.0,0.6153846153846154,1.0,0.3888888888888889,0.5,0.3333333333333333,0.0,0.0,0.2,0.0,0.0,0.0,1.0,1.0,0.0,0.9787995989113308,0.0,0.2,0.6111111111111112,0.0,0.021200401088669163,0.006440663214239063,0.019171887512365086,0.0
0.6292257360959651,0.6666666666666666,1.0,0.2307692307692307,0.3333333333333333,0.8333333333333333,1.0,0.0,0.0,0.0,0.2,0.3333333333333333,0.0833333333333333,0.0,0.0,0.6666666666666666,0.0,0.38504512247529,0.0,0.26666666666666666,0.3,0.058333333333333307,0.61495487752471,0.2490970016101658,0.27300155447736585,0.10267001486188691
0.6297709923664122,0.0,0.5,0.1538461538461538,0.1666666666666666,0.8888888888888888,1.0,0.3333333333333333,0.0,0.0,0.4,0.0,0.0833333333333333,0.6666666666666666,0.6666666666666666,0.0,0.6666666666666666,0.736140954018049,0.0,0.0,0.37777777777777777,0.2583333333333333,0.263859045981951,0.0,0.14750577040840357,0.19509045251883356
0.6303162486368593,0.6666666666666666,0.5,0.6153846153846154,0.6666666666666666,0.3888888888888889,1.0,0.3333333333333333,0.0,0.0,0.4,0.0,0.0,0.3333333333333333,0.0,0.6666666666666666,0.3333333333333333,0.2942271880819366,0.0,0.13333333333333333,0.4777777777777778,0.09999999999999999,0.7057728119180634,0.14294210656106301,0.49898958971218627,0.2019986675549634
0.6308615049073064,0.3333333333333333,0.5,0.1538461538461538,0.5,0.4444444444444445,1.0,0.0,0.5,0.0,0.0,0.0,0.0,0.0,0.6666666666666666,0.3333333333333333,0.0,0.2396504798739435,0.0,0.06666666666666667,0.2888888888888889,0.0,0.7603495201260565,0.07699783860626369,0.3250459277403552,0.0
0.6314067611777536,0.3333333333333333,0.5,0.3076923076923077,0.5,1.0,0.0,0.0,1.0,0.0,0.0,0.3333333333333333,0.0,1.0,0.0,0.3333333333333333,1.0,0.7084944850307979,0.0,0.2,0.4,0.3,0.2915055149692021,0.08855911919578745,0.17254698761128642,0.250294675344642
0.6319520174482007,1.0,0.5,0.3076923076923077,0.6666666666666666,0.0555555555555555,0.0,1.0,1.0,0.0,0.0,0.6666666666666666,0.0,0.0,0.6666666666666666,1.0,0.0,0.7382896433175763,0.0,0.4666666666666667,0.6777777777777778,0.0,0.2617103566824237,0.1855172113669002,0.2624876348391351,0.0
0.6324972737186478,0.0,1.0,0.9230769230769232,0.1666666666666666,0.1111111111111111,0.0,0.3333333333333333,1.0,0.0,0.0,0.0,0.0,0.0,1.0,0.0,0.0,0.763071193238791,0.0,0.0,0.22222222222222218,0.0,0.23692880676120898,0.0,0.07791228979226526,0.0
0.6330425299890949,0.3333333333333333,0.5,0.4615384615384615,0.1666666666666666,0.3888888888888889,0.5,0.3333333333333333,0.5,0.0,0.0,0.3333333333333333,0.0,0.0,0.3333333333333333,0.3333333333333333,0.0,0.214725683999427,0.0,0.2,0.27777777777777773,0.0,0.7852743160005731,0.23856564689499113,0.32278958029111116,0.0
0.633587786259542,0.6666666666666666,0.0,0.6153846153846154,0.3333333333333333,0.2777777777777777,1.0,1.0,1.0,0.0,0.6000000000000001,0.0,0.0833333333333333,0.0,0.0,0.6666666666666666,0.0,0.2877811201833548,0.0,0.13333333333333333,0.5888888888888889,0.058333333333333307,0.7122188798166452,0.14424764640178714,0.6206509962786754,0.11890876168024732
0.6346782988004362,1.0,0.0,0.2307692307692307,1.0,0.5555555555555556,0.0,1.0,0.5,0.0,0.0,0.6666666666666666,0.0,0.3333333333333333,0.3333333333333333,1.0,0.3333333333333333,0.938260994126916,0.0,0.4666666666666667,0.9111111111111112,0.09999999999999999,0.06173900587308401,0.04376459666071915,0.08323990767346544,0.01767027110131705
0.6352235550708834,0.3333333333333333,1.0,1.0,0.1666666666666666,0.1111111111111111,1.0,0.6666666666666666,1.0,0.0,0.0,0.0,0.0,0.3333333333333333,0.6666666666666666,0.3333333333333333,0.3333333333333333,0.3023922074201404,0.0,0.06666666666666667,0.3555555555555555,0.09999999999999999,0.6976077925798596,0.07064421138140621,0.36704507984361007,0.19966176395223698
0.6357688113413305,0.3333333333333333,0.0,0.5384615384615385,0.5,0.7222222222222221,1.0,0.0,1.0,0.0,0.0,0.6666666666666666,0.0,0.3333333333333333,0.6666666666666666,0.3333333333333333,0.3333333333333333,0.1696032087093539,0.0,0.3333333333333333,0.34444444444444444,0.09999999999999999,0.8303967912906461,0.42045635870432424,0.4232582787696076,0.23766719622815563
0.6363140676117776,0.6666666666666666,0.0,0.6923076923076923,0.3333333333333333,0.9444444444444444,0.5,0.3333333333333333,1.0,0.0,0.2,0.6666666666666666,0.0,0.0,1.0,0.6666666666666666,0.0,0.4615384615384615,0.0,0.4,0.45555555555555555,0.0,0.5384615384615385,0.3271682840854694,0.362991662348674,0.0
0.6368593238822247,0.6666666666666666,0.0,0.8461538461538463,0.6666666666666666,0.7222222222222221,1.0,0.3333333333333333,0.5,0.0,0.0,0.0,0.0,0.0,0.3333333333333333,0.6666666666666666,0.0,0.3601203266007735,0.0,0.13333333333333333,0.5444444444444445,0.0,0.6398796733992265,0.12959658818921624,0.5155282867775214,0.0
0.6374045801526718,0.3333333333333333,0.0,0.7692307692307693,0.1666666666666666,0.8888888888888888,0.0,0.6666666666666666,0.0,0.0,0.4,1.0,0.0,0.0,1.0,0.3333333333333333,0.0,0.4456381607219596,0.0,0.4666666666666667,0.5111111111111111,0.0,0.5543618392780404,0.39296749205796594,0.4192849404117009,0.0
0.6379498364231189,0.6666666666666666,1.0,0.8461538461538463,0.5,1.0,0.0,0.6666666666666666,1.0,0.0,0.4,0.0,0.0,0.3333333333333333,0.0,0.6666666666666666,0.3333333333333333,0.4495058014611087,0.0,0.13333333333333333,0.6666666666666667,0.09999999999999999,0.5504941985388914,0.11149310239784152,0.5430778651844176,0.15755650079434227
0.638495092693566,0.3333333333333333,1.0,0.9230769230769232,0.5,0.1666666666666666,0.0,0.6666666666666666,1.0,0.0,0.6000000000000001,0.0,0.0,1.0,0.6666666666666666,0.3333333333333333,1.0,0.436613665663945,0.0,0.06666666666666667,0.5,0.3,0.563386334336055,0.05705209103964489,0.41684723726977246,0.4837390457643623
0.6390403489640131,0.3333333333333333,0.5,0.9230769230769232,0.1666666666666666,1.0,0.0,0.3333333333333333,0.0,0.0,0.0,0.6666666666666666,0.0,0.0,0.0,0.3333333333333333,0.0,0.5940409683426443,0.0,0.3333333333333333,0.39999999999999997,0.0,0.4059590316573557,0.2055499949229006,0.24029393753827308,0.0
0.6395856052344602,0.3333333333333333,1.0,0.6923076923076923,0.5,0.4444444444444445,0.0,0.0,0.0,0.0,0.2,0.3333333333333333,0.0833333333333333,0.6666666666666666,0.0,0.3333333333333333,0.6666666666666666,0.1353674258702191,0.0,0.2,0.2888888888888889,0.2583333333333333,0.8646325741297809,0.2626746159536969,0.3696264543784446,0.6392866294265362
0.6406761177753545,0.3333333333333333,0.0,0.4615384615384615,0.3333333333333333,0.5555555555555556,0.5,0.6666666666666666,1.0,0.0,0.0,0.3333333333333333,0.0,0.0,1.0,0.3333333333333333,0.0,0.1332187365706919,0.0,0.2,0.5111111111111112,0.0,0.8667812634293082,0.2633273858740589,0.6555796316359698,0.0
0.6412213740458016,1.0,1.0,0.0,0.6666666666666666,0.2222222222222222,0.0,0.6666666666666666,0.0,0.0,0.0,0.3333333333333333,0.0,0.0,0.0,1.0,0.0,0.5767082079931242,0.0,0.33333333333333337,0.5777777777777777,0.0,0.42329179200687583,0.21432612385221295,0.36191059399877523,0.0
0.6417666303162487,0.3333333333333333,0.0,1.0,0.5,0.2222222222222222,0.0,1.0,0.5,0.0,0.4,0.3333333333333333,0.0,0.3333333333333333,1.0,0.3333333333333333,0.3333333333333333,0.0837988826815642,0.0,0.2,0.6444444444444445,0.09999999999999999,0.9162011173184358,0.27834109404238655,0.8737293325168402,0.26222518321119254
0.6423118865866958,0.3333333333333333,1.0,0.6923076923076923,0.1666666666666666,0.7777777777777777,0.0,0.0,0.5,0.0,0.2,0.0,0.0,0.3333333333333333,0.6666666666666666,0.3333333333333333,0.3333333333333333,0.2284772955164016,0.0,0.06666666666666667,0.2222222222222222,0.09999999999999999,0.7715227044835984,0.07812930646822461,0.2537095482594564,0.22081689130323376
0.6428571428571429,0.0,0.5,1.0,0.0,0.1666666666666666,1.0,1.0,0.0,0.0,0.0,0.6666666666666666,0.0,0.0,0.0,0.0,0.0,0.9545910328033234,0.0,0.26666666666666666,0.43333333333333335,0.0,0.04540896719667664,0.018393605755980074,0.029118187385180617,0.0
0.64340239912759,0.3333333333333333,0.0,1.0,0.3333333333333333,0.9444444444444444,0.5,0.6666666666666666,0.0,0.0,0.0,1.0,0.0,0.6666666666666666,0.3333333333333333,0.3333333333333333,0.6666666666666666,0.3465119610371007,0.0,0.4666666666666667,0.5888888888888889,0.19999999999999998,0.6534880389628993,0.46323454748538523,0.5694710066418578,0.3740685696715011
0.6439476553980371,0.6666666666666666,0.0,0.8461538461538463,0.3333333333333333,0.9444444444444444,0.5,0.3333333333333333,1.0,0.0,0.2,0.3333333333333333,0.0,0.0,0.3333333333333333,0.6666666666666666,0.0,0.4615384615384615,0.0,0.26666666666666666,0.45555555555555555,0.0,0.5384615384615385,0.2181121893903129,0.362991662348674,0.0
0.6444929116684842,0.6666666666666666,0.5,0.0,0.6666666666666666,0.8888888888888888,0.0,0.3333333333333333,0.0,0.0,0.0,0.3333333333333333,0.0833333333333333,0.3333333333333333,1.0,0.6666666666666666,0.3333333333333333,0.3389199255121043,0.0,0.26666666666666666,0.5777777777777778,0.1583333333333333,0.6610800744878957,0.26778072733075126,0.5652173913043479,0.2995780590717299
0.6450381679389313,0.6666666666666666,0.0,1.0,0.6666666666666666,0.0,0.5,0.3333333333333333,0.0,0.0,0.2,1.0,0.0,1.0,1.0,0.6666666666666666,1.0,0.8654920498495918,0.0,0.5333333333333333,0.4,0.3,0.13450795015040817,0.10896905870577477,0.07961750435724711,0.1154922359452672
0.6461286804798255,0.3333333333333333,0.5,0.0769230769230769,0.5,0.4444444444444445,0.0,0.6666666666666666,0.5,0.0,0.4,0.3333333333333333,0.0,0.0,0.0,0.3333333333333333,0.0,0.2396504798739435,0.0,0.2,0.5555555555555556,0.0,0.7603495201260565,0.2309935158187911,0.6250883225776062,0.0
0.6466739367502726,0.3333333333333333,0.0,0.0,0.5,1.0,1.0,1.0,0.5,0.0,0.2,0.0,0.0,0.0,0.3333333333333333,0.3333333333333333,0.0,0.6000572983813207,0.0,0.06666666666666667,0.8,0.0,0.3999427016186793,0.040500747058908854,0.47346554241839,0.0
0.6472191930207197,0.3333333333333333,0.0,1.0,0.5,0.9444444444444444,1.0,0.3333333333333333,0.5,0.0,0.2,0.3333333333333333,0.0,0.0,0.0,0.3333333333333333,0.0,0.463543904884687,0.0,0.2,0.5222222222222223,0.0,0.536456095115313,0.1629748901170634,0.4145626265956946,0.0
0.6477644492911668,1.0,0.0,0.1538461538461538,0.6666666666666666,0.3333333333333333,1.0,0.0,1.0,0.0,0.0,0.3333333333333333,0.0,1.0,0.3333333333333333,1.0,1.0,0.7914338919925512,0.0,0.33333333333333337,0.3333333333333333,0.3,0.2085661080074488,0.10560366711635262,0.10287813839559093,0.1790806129247169
0.6483097055616139,0.6666666666666666,0.0,0.1538461538461538,0.3333333333333333,0.1111111111111111,0.0,0.3333333333333333,1.0,0.0,0.2,0.6666666666666666,0.0,0.3333333333333333,0.0,0.6666666666666666,0.3333333333333333,0.2304827388626271,0.0,0.4,0.28888888888888886,0.09999999999999999,0.7695172611373728,0.46755733495800517,0.32896509491733,0.2202429149797571
0.6488549618320612,0.6666666666666666,1.0,0.3076923076923077,0.5,0.3333333333333333,0.5,1.0,0.5,0.0,0.0,0.3333333333333333,0.0,0.6666666666666666,0.6666666666666666,0.6666666666666666,0.6666666666666666,0.1204698467268299,0.0,0.26666666666666666,0.6666666666666667,0.19999999999999998,0.8795301532731701,0.35626731653538735,0.8676810024023742,0.5034592323066673
0.6494002181025083,0.3333333333333333,1.0,0.0769230769230769,0.5,0.7222222222222221,0.5,1.0,0.5,0.0,0.2,0.6666666666666666,0.0,0.3333333333333333,0.0,0.3333333333333333,0.3333333333333333,0.1696032087093539,0.0,0.3333333333333333,0.7444444444444445,0.09999999999999999,0.8303967912906461,0.42045635870432424,0.9147840218568939,0.23766719622815563
0.6499454743729554,1.0,0.5,0.8461538461538463,0.5,0.9444444444444444,1.0,1.0,1.0,0.0,0.6000000000000001,0.0,0.0,0.3333333333333333,0.0,1.0,0.3333333333333333,0.6706775533591176,0.0,0.2,0.788888888888889,0.09999999999999999,0.3293224466408824,0.10004786979415989,0.3844481605351171,0.09425511197663096
0.6504907306434025,0.6666666666666666,0.5,0.7692307692307693,0.6666666666666666,0.5555555555555556,0.0,0.0,1.0,0.0,0.0,0.3333333333333333,0.0,0.6666666666666666,0.3333333333333333,0.6666666666666666,0.6666666666666666,0.2627130783555365,0.0,0.26666666666666666,0.37777777777777777,0.19999999999999998,0.7372869216444635,0.298649491564762,0.41216731829101694,0.42203659099062163
0.6515812431842967,0.6666666666666666,1.0,0.3846153846153846,0.3333333333333333,0.3333333333333333,0.5,0.0,1.0,0.0,0.6000000000000001,0.3333333333333333,0.0,0.3333333333333333,0.0,0.6666666666666666,0.3333333333333333,0.114883254548059,0.0,0.26666666666666666,0.2,0.09999999999999999,0.885116745451941,0.35853025225930923,0.2619576993734985,0.2533285501973043
0.6521264994547438,0.3333333333333333,0.5,0.3076923076923077,0.5,0.6666666666666665,0.5,0.0,0.5,0.0,0.0,0.3333333333333333,0.0,0.6666666666666666,1.0,0.3333333333333333,0.6666666666666666,0.2105715513536742,0.0,0.2,0.3333333333333333,0.19999999999999998,0.7894284486463258,0.23982766874102443,0.389396580149795,0.4518833598114078
0.6526717557251909,0.3333333333333333,0.0,0.1538461538461538,0.3333333333333333,0.1111111111111111,0.5,0.6666666666666666,1.0,0.0,0.0,0.6666666666666666,0.0,0.3333333333333333,1.0,0.3333333333333333,0.3333333333333333,0.1953874803036814,0.0,0.3333333333333333,0.4222222222222222,0.09999999999999999,0.8046125196963186,0.40740096029708284,0.5027226906590042,0.2302875006405986
0.653217011995638,0.6666666666666666,0.0,0.6923076923076923,0.5,0.1111111111111111,0.5,0.6666666666666666,0.0,0.0,0.0,0.3333333333333333,0.0,0.0,1.0,0.6666666666666666,0.0,0.1829250823664231,0.0,0.26666666666666666,0.4888888888888889,0.0,0.8170749176335769,0.3309688556217996,0.5911159263271939,0.0
0.6537622682660851,0.6666666666666666,0.5,0.0769230769230769,0.5,0.8333333333333333,0.5,0.0,0.5,0.0,0.2,0.3333333333333333,0.0,0.6666666666666666,0.3333333333333333,0.6666666666666666,0.6666666666666666,0.3154275891706059,0.0,0.26666666666666666,0.3666666666666667,0.19999999999999998,0.684572410829394,0.2772966621698072,0.3714423665740261,0.39186183569927735
0.6543075245365322,1.0,0.5,0.0,0.6666666666666666,0.3888888888888889,0.0,0.0,1.0,0.0,0.0,0.0,0.0,0.0,0.3333333333333333,1.0,0.0,0.579286635152557,0.0,0.2,0.34444444444444444,0.0,0.42071336484744304,0.12781235040689326,0.21444015262141405,0.0
0.6548527808069793,0.3333333333333333,1.0,0.0,0.1666666666666666,0.2222222222222222,1.0,1.0,1.0,0.0,0.4,1.0,0.1666666666666666,0.3333333333333333,0.0,0.3333333333333333,0.3333333333333333,0.2854891849305257,0.0,0.4666666666666667,0.5111111111111111,0.21666666666666662,0.7145108150694743,0.506491434208045,0.5404117009750812,0.44308238951809903
0.6553980370774264,0.6666666666666666,0.5,0.6923076923076923,0.6666666666666666,0.4999999999999999,0.5,0.6666666666666666,0.0,0.0,0.0,0.6666666666666666,0.0,0.0,0.3333333333333333,0.6666666666666666,0.0,0.2720240653201546,0.0,0.4,0.6333333333333333,0.0,0.7279759346798453,0.4423168980373384,0.6822601158792218,0.0
0.6559432933478735,0.3333333333333333,0.5,0.5384615384615385,0.1666666666666666,1.0,0.5,0.0,0.5,0.0,0.0,0.0,0.0833333333333333,0.3333333333333333,1.0,0.3333333333333333,0.3333333333333333,0.4613952155851597,0.0,0.06666666666666667,0.26666666666666666,0.1583333333333333,0.5386047844148403,0.054542553345808494,0.2125394507513307,0.24407659850697822
0.6564885496183206,0.3333333333333333,1.0,0.0769230769230769,0.5,0.1111111111111111,0.5,1.0,0.0,0.0,1.0,0.3333333333333333,0.1666666666666666,0.0,0.3333333333333333,0.3333333333333333,0.0,0.4917633576851454,0.0,0.2,0.6222222222222223,0.11666666666666661,0.5082366423148545,0.1544018451629749,0.46796363465071367,0.16970566630793138
0.6575790621592149,0.3333333333333333,1.0,0.6153846153846154,0.1666666666666666,0.0555555555555555,1.0,0.0,0.5,0.0,0.0,0.3333333333333333,0.0833333333333333,0.6666666666666666,0.3333333333333333,0.3333333333333333,0.6666666666666666,0.4555221314997851,0.0,0.2,0.07777777777777774,0.2583333333333333,0.544477868500215,0.1654118978197485,0.0626666352630835,0.4025726438784401
0.658124318429662,0.3333333333333333,0.5,0.6153846153846154,0.1666666666666666,0.5555555555555556,0.5,1.0,1.0,0.0,0.6000000000000001,1.0,0.0,0.0,0.3333333333333333,0.3333333333333333,0.0,0.2271880819366852,0.0,0.4666666666666667,0.5777777777777778,0.0,0.7728119180633148,0.5478190231660792,0.6607470912431109,0.0
0.6586695747001091,0.6666666666666666,0.0,0.1538461538461538,0.6666666666666666,0.5555555555555556,0.0,1.0,0.5,0.0,0.0,0.0,0.0,0.6666666666666666,0.0,0.6666666666666666,0.6666666666666666,0.2627130783555365,0.0,0.13333333333333333,0.7777777777777779,0.19999999999999998,0.7372869216444635,0.149324745782381,0.8485797729520939,0.42203659099062163
0.6592148309705562,0.6666666666666666,1.0,0.1538461538461538,0.6666666666666666,0.2222222222222222,0.5,0.6666666666666666,1.0,0.0,0.2,0.3333333333333333,0.0,0.3333333333333333,1.0,0.6666666666666666,0.3333333333333333,0.282051282051282,0.0,0.26666666666666666,0.5777777777777777,0.09999999999999999,0.7179487179487181,0.29081625252041726,0.6138395590936926,0.2054835238046431
0.6597600872410033,0.6666666666666666,0.5,0.8461538461538463,0.3333333333333333,0.6111111111111112,0.0,0.6666666666666666,1.0,0.0,0.6000000000000001,0.3333333333333333,0.0,0.3333333333333333,0.6666666666666666,0.6666666666666666,0.3333333333333333,0.0817934393353387,0.0,0.26666666666666666,0.5222222222222223,0.09999999999999999,0.9182065606646613,0.3719337946240771,0.7095718121437656,0.2627991595346692
0.6603053435114504,0.0,0.0,0.4615384615384615,0.1666666666666666,0.3333333333333333,0.0,0.0,0.5,0.0,0.4,0.0,0.0,0.3333333333333333,1.0,0.0,0.3333333333333333,0.645752757484601,0.0,0.0,0.1333333333333333,0.09999999999999999,0.35424724251539896,0.0,0.06989495501436713,0.10138881771126941
0.6608505997818975,0.3333333333333333,1.0,0.9230769230769232,0.1666666666666666,0.4999999999999999,0.5,0.6666666666666666,0.0,0.0,0.0,0.6666666666666666,0.0833333333333333,0.0,0.0,0.3333333333333333,0.0,0.2516831399512964,0.0,0.3333333333333333,0.4333333333333333,0.058333333333333307,0.7483168600487036,0.37889667377460573,0.4798530312308633,0.1249355130767522
0.6613958560523446,0.6666666666666666,0.0,0.9230769230769232,0.3333333333333333,0.6111111111111112,0.5,1.0,0.5,0.0,0.4,1.0,0.0,0.0,0.0,0.6666666666666666,0.0,0.171895143962183,0.0,0.5333333333333333,0.6555555555555556,0.0,0.828104856037817,0.6708734061534445,0.8033327052616703,0.0
0.6624863685932388,0.0,0.5,0.3076923076923077,0.1666666666666666,0.3888888888888889,0.0,0.3333333333333333,0.0,0.0,0.2,0.0,0.0,0.0,0.0,0.0,0.0,0.6779830969775104,0.0,0.0,0.27777777777777773,0.0,0.32201690302248964,0.0,0.13236610297234913,0.0
0.6630316248636859,0.6666666666666666,1.0,0.8461538461538463,0.3333333333333333,0.5555555555555556,0.0,0.6666666666666666,0.0,0.0,0.2,0.0,0.0,0.0,0.0,0.6666666666666666,0.0,0.1716086520555794,0.0,0.13333333333333333,0.5111111111111112,0.0,0.8283913479444206,0.1677763755312822,0.6265438786565547,0.0
0.663576881134133,0.6666666666666666,1.0,0.3846153846153846,0.6666666666666666,0.9444444444444444,1.0,0.6666666666666666,1.0,0.0,0.4,0.6666666666666666,0.0,0.0,0.0,0.6666666666666666,0.0,0.5390345222747458,0.0,0.4,0.7222222222222222,0.0,0.4609654777252542,0.2800818138300187,0.49265156154317197,0.0
0.6641221374045801,0.3333333333333333,0.0,0.3846153846153846,0.3333333333333333,0.2222222222222222,1.0,0.0,0.5,0.0,0.2,0.3333333333333333,0.0,0.3333333333333333,0.6666666666666666,0.3333333333333333,0.3333333333333333,0.0415413264575275,0.0,0.2,0.17777777777777778,0.09999999999999999,0.9584586735424725,0.29117890247617395,0.2521456498186443,0.2743196843130221
0.6646673936750273,0.6666666666666666,1.0,0.4615384615384615,0.5,0.0,1.0,0.3333333333333333,1.0,0.0,0.2,0.6666666666666666,0.0833333333333333,0.0,0.0,0.6666666666666666,0.0,0.4347514682710213,0.0,0.4,0.33333333333333337,0.058333333333333307,0.5652485317289787,0.34344401409983033,0.2788167129869518,0.09437127385162025
0.6652126499454744,1.0,0.5,0.5384615384615385,0.6666666666666666,0.1666666666666666,0.0,0.3333333333333333,1.0,0.0,0.8,0.6666666666666666,0.0,0.0,0.3333333333333333,1.0,0.0,0.6248388483025354,0.0,0.4666666666666667,0.43333333333333335,0.0,0.37516115169746456,0.2659384655555072,0.2405695039804042,0.0
0.6657579062159216,0.3333333333333333,0.0,1.0,0.5,0.1111111111111111,1.0,0.3333333333333333,0.5,0.0,0.0,0.0,0.0,0.6666666666666666,1.0,0.3333333333333333,0.6666666666666666,0.3373442200257843,0.0,0.06666666666666667,0.35555555555555557,0.19999999999999998,0.6626557799742157,0.06710474781322076,0.348655141551651,0.3793163532004304
0.6663031624863687,0.6666666666666666,0.5,0.5384615384615385,0.5,0.5555555555555556,1.0,0.0,0.0,0.0,0.8,0.3333333333333333,0.0,0.0,1.0,0.6666666666666666,0.0,0.0593038246669531,0.0,0.26666666666666666,0.3111111111111111,0.0,0.940696175333047,0.38104356151268554,0.43307739413067037,0.0
0.6668484187568158,0.3333333333333333,0.0,0.5384615384615385,0.5,0.4999999999999999,0.0,0.0,0.0,0.0,0.2,0.0,0.0,0.3333333333333333,0.0,0.3333333333333333,0.3333333333333333,0.0969775103853316,0.0,0.06666666666666667,0.3,0.09999999999999999,0.9030224896146684,0.09144581284361082,0.4008855810447971,0.2584533387997745
0.6684841875681571,0.6666666666666666,0.0,0.1538461538461538,0.6666666666666666,0.2222222222222222,0.0,0.0,0.5,0.0,0.0,0.3333333333333333,0.0,0.0,0.3333333333333333,0.6666666666666666,0.0,0.2787566251253402,0.0,0.26666666666666666,0.3111111111111111,0.0,0.7212433748746598,0.2921508043576019,0.332045786424231,0.0
0.6690294438386042,0.6666666666666666,0.0,0.0,0.6666666666666666,0.4444444444444445,0.5,0.3333333333333333,0.0,0.0,0.8,1.0,0.0,0.0,0.0,0.6666666666666666,0.0,0.3185790001432459,0.0,0.5333333333333333,0.48888888888888893,0.0,0.6814209998567541,0.5520402686510872,0.4929765886287626,0.0
0.6695747001090513,0.6666666666666666,1.0,0.7692307692307693,0.6666666666666666,0.7222222222222221,0.0,0.6666666666666666,0.5,0.0,0.6000000000000001,0.3333333333333333,0.0,0.0,0.0,0.6666666666666666,0.0,0.3601203266007735,0.0,0.26666666666666666,0.6777777777777778,0.0,0.6398796733992265,0.2591931763784325,0.6417801121107919,0.0
0.6701199563794984,0.6666666666666666,1.0,0.5384615384615385,0.3333333333333333,0.4444444444444445,0.0,1.0,0.0,0.0,0.2,0.3333333333333333,0.0,0.0,0.6666666666666666,0.6666666666666666,0.0,0.2375017905744162,0.0,0.26666666666666666,0.6222222222222222,0.0,0.7624982094255838,0.3088617143188709,0.7020773470252956,0.0
0.6706652126499455,0.0,0.5,0.1538461538461538,0.1666666666666666,0.1111111111111111,0.0,1.0,0.0,0.0,0.4,0.3333333333333333,0.0,0.3333333333333333,1.0,0.0,0.3333333333333333,0.7756768371293511,0.0,0.13333333333333333,0.4888888888888889,0.09999999999999999,0.2243231628706489,0.04543278645720005,0.16228743699656129,0.06420335161174602
0.6712104689203926,0.3333333333333333,1.0,0.4615384615384615,0.5,0.3333333333333333,1.0,0.3333333333333333,0.5,0.0,0.0,1.0,0.0,0.0,0.0,0.3333333333333333,0.0,0.2177338490187652,0.0,0.4666666666666667,0.4,0.0,0.7822661509812348,0.554520794348463,0.46303641245466104,0.0
0.6717557251908397,0.3333333333333333,0.5,0.1538461538461538,0.1666666666666666,0.2222222222222222,0.0,1.0,0.5,0.0,0.0,0.0,0.0,1.0,0.6666666666666666,0.3333333333333333,1.0,0.4479300959747887,0.0,0.06666666666666667,0.5111111111111111,0.3,0.5520699040252113,0.0559061171794537,0.41755146262188503,0.4740224465740789
0.6723009814612868,0.6666666666666666,1.0,0.1538461538461538,0.3333333333333333,0.2777777777777777,0.5,0.3333333333333333,1.0,0.0,0.0,1.0,0.0,0.3333333333333333,0.0,0.6666666666666666,0.3333333333333333,0.1261996848589027,0.0,0.5333333333333333,0.3222222222222222,0.09999999999999999,0.8738003151410974,0.7078927136370889,0.4166470394271986,0.25008968380054325
0.6728462377317339,0.3333333333333333,1.0,0.5384615384615385,0.3333333333333333,0.1666666666666666,0.0,1.0,0.0,0.0,0.4,0.3333333333333333,0.0,0.0,0.0,0.3333333333333333,0.0,0.1882251826385904,0.0,0.2,0.5666666666666667,0.0,0.8117748173614097,0.24661647591278998,0.6807127043195629,0.0
0.673391494002181,0.0,1.0,0.8461538461538463,0.0,0.2777777777777777,0.0,1.0,0.0,0.0,0.0,0.0,0.0,0.0,0.0,0.0,0.0,0.9170605930382466,0.0,0.0,0.45555555555555555,0.0,0.08293940696175339,0.0,0.05591172452776866,0.0
0.6744820065430753,1.0,0.0,0.6923076923076923,0.8333333333333333,0.5555555555555556,0.5,0.6666666666666666,0.5,0.0,0.4,0.3333333333333333,0.0,0.3333333333333333,0.3333333333333333,1.0,0.3333333333333333,0.831256267010457,0.0,0.33333333333333337,0.7111111111111111,0.09999999999999999,0.16874373298954304,0.0854403295762798,0.1775684205567855,0.04829600778967868
0.6750272628135224,1.0,0.5,0.6153846153846154,0.5,0.2777777777777777,1.0,0.3333333333333333,1.0,0.0,0.2,0.3333333333333333,0.0,0.0,0.6666666666666666,1.0,0.0,0.4870362412261854,0.0,0.33333333333333337,0.3888888888888889,0.0,0.5129637587738146,0.2597298983129524,0.295197607046964,0.0
0.6755725190839695,0.3333333333333333,1.0,0.3076923076923077,0.1666666666666666,0.5555555555555556,1.0,0.0,1.0,0.0,0.4,1.0,0.0,0.0,1.0,0.3333333333333333,0.0,0.2271880819366852,0.0,0.4666666666666667,0.17777777777777776,0.0,0.7728119180633148,0.5478190231660792,0.20330679730557258,0.0
0.6761177753544166,0.0,0.0,0.2307692307692307,0.0,0.3333333333333333,0.0,0.6666666666666666,1.0,0.0,0.4,0.3333333333333333,0.0,0.3333333333333333,0.6666666666666666,0.0,0.3333333333333333,0.9005873084085374,0.0,0.13333333333333333,0.3333333333333333,0.09999999999999999,0.0994126915914626,0.020134325543612296,0.049036695086909436,0.02845282632091428
0.6766630316248637,0.6666666666666666,1.0,0.0769230769230769,0.3333333333333333,1.0,0.0,0.0,0.5,0.0,0.4,0.0,0.0,0.0,0.6666666666666666,0.6666666666666666,0.0,0.649763644177052,0.0,0.13333333333333333,0.33333333333333337,0.0,0.350236355822948,0.07093433134601157,0.1727589617975411,0.0
0.6772082878953108,0.6666666666666666,1.0,0.4615384615384615,0.3333333333333333,0.5555555555555556,0.5,0.3333333333333333,0.5,0.3333333333333333,0.2,0.6666666666666666,0.0,0.0,0.3333333333333333,0.6666666666666666,0.0,0.1716086520555794,0.0,0.6,0.37777777777777777,0.0,0.8283913479444206,0.7549936898907698,0.46309764944180126,0.0
0.677753544165758,0.6666666666666666,0.5,0.7692307692307693,0.5,0.3333333333333333,0.0,0.0,0.5,0.0,0.2,0.0,0.0,0.3333333333333333,0.6666666666666666,0.6666666666666666,0.3333333333333333,0.0678985818650623,0.0,0.13333333333333333,0.26666666666666666,0.09999999999999999,0.9321014181349377,0.18878106096871056,0.36781760798907154,0.26677599549018605
0.678298800436205,0.3333333333333333,0.5,0.5384615384615385,0.3333333333333333,0.0,0.5,0.3333333333333333,0.5,0.0,0.0,0.0,0.0,0.0,0.0,0.3333333333333333,0.0,0.4721386620827962,0.0,0.06666666666666667,0.26666666666666666,0.0,0.5278613379172038,0.05345460347853837,0.20829996702623768,0.0
0.6793893129770993,0.6666666666666666,0.5,0.6923076923076923,0.5,0.6111111111111112,0.5,0.0,1.0,0.0,0.4,0.0,0.0,0.0,1.0,0.6666666666666666,0.0,0.0643174330325168,0.0,0.13333333333333333,0.32222222222222224,0.0,0.9356825669674832,0.18950636088022396,0.4461538461538462,0.0
0.6799345692475464,0.3333333333333333,0.5,1.0,0.1666666666666666,0.9444444444444444,0.5,0.3333333333333333,0.5,0.0,0.6000000000000001,0.3333333333333333,0.0,0.0,0.0,0.3333333333333333,0.0,0.4578140667526142,0.0,0.2,0.38888888888888884,0.0,0.5421859332473857,0.16471560990469558,0.31201422582316635,0.0
0.6804798255179935,0.6666666666666666,0.5,0.0,0.6666666666666666,0.2222222222222222,0.0,1.0,1.0,0.0,0.0,0.3333333333333333,0.0,0.6666666666666666,0.6666666666666666,0.6666666666666666,0.6666666666666666,0.290789285202693,0.0,0.26666666666666666,0.7111111111111111,0.19999999999999998,0.709210714797307,0.28727678895223174,0.7462998728154883,0.4059652539332753
0.6810250817884406,0.3333333333333333,1.0,0.3846153846153846,0.3333333333333333,0.7777777777777777,0.0,0.0,0.0,0.0,0.0,0.3333333333333333,0.0833333333333333,1.0,0.0,0.3333333333333333,1.0,0.2833404956309984,0.0,0.2,0.28888888888888886,0.3583333333333333,0.7166595043690016,0.21772052743809564,0.3063686466625842,0.7349937648405337
0.6815703380588877,0.6666666666666666,0.0,0.0769230769230769,0.6666666666666666,0.9444444444444444,0.0,1.0,0.5,0.0,0.0,1.0,0.0,0.0,0.3333333333333333,0.6666666666666666,0.0,0.5390345222747458,0.0,0.5333333333333333,0.8555555555555556,0.0,0.4609654777252542,0.3734424184400249,0.5836026190588345,0.0
0.6821155943293348,0.3333333333333333,0.5,0.6153846153846154,0.1666666666666666,0.3888888888888889,0.5,0.0,1.0,0.0,0.2,1.0,0.0,0.0,1.0,0.3333333333333333,0.0,0.214725683999427,0.0,0.4666666666666667,0.14444444444444443,0.0,0.7852743160005731,0.5566531760883126,0.16785058175137782,0.0
0.6826608505997819,0.6666666666666666,1.0,1.0,0.5,0.4444444444444445,0.5,0.0,0.0,0.0,0.0,0.3333333333333333,0.0,0.6666666666666666,0.6666666666666666,0.6666666666666666,0.6666666666666666,0.160865205557943,0.0,0.26666666666666666,0.2888888888888889,0.19999999999999998,0.839134794442057,0.3399045505316448,0.35872627066748314,0.480336186132322
0.6832061068702291,0.6666666666666666,0.5,0.5384615384615385,0.3333333333333333,0.9444444444444444,1.0,0.6666666666666666,0.0,0.0,0.2,0.6666666666666666,0.0833333333333333,0.0,0.3333333333333333,0.6666666666666666,0.0,0.4679845294370434,0.0,0.4,0.5888888888888889,0.058333333333333307,0.5320154705629566,0.32325166456329696,0.4636158085637571,0.08882283605801257
0.6837513631406762,0.3333333333333333,0.0,0.3846153846153846,0.3333333333333333,0.4999999999999999,0.0,0.0,0.5,0.0,0.0,1.0,0.0,0.0,0.0,0.3333333333333333,0.0,0.1463973642744592,0.0,0.4666666666666667,0.2333333333333333,0.0,0.8536026357255408,0.6050887041791781,0.29473597437467614,0.0
0.6848418756815704,0.3333333333333333,1.0,0.8461538461538463,0.3333333333333333,0.7222222222222221,0.5,0.3333333333333333,0.5,0.0,0.0,0.0,0.0,0.3333333333333333,0.0,0.3333333333333333,0.3333333333333333,0.0898152127202406,0.0,0.06666666666666667,0.4111111111111111,0.09999999999999999,0.9101847872797594,0.09217111275512424,0.553718969334401,0.2605032542407626
0.6853871319520175,0.3333333333333333,0.5,0.7692307692307693,0.3333333333333333,0.4444444444444445,0.5,0.0,0.0,0.0,0.0,0.3333333333333333,0.0833333333333333,0.0,1.0,0.3333333333333333,0.0,0.1809196390201977,0.0,0.2,0.22222222222222224,0.058333333333333307,0.8190803609798023,0.248835893642021,0.26934853266757736,0.13674985906831338
0.6859323882224646,0.3333333333333333,1.0,0.0769230769230769,0.5,0.6666666666666665,1.0,0.0,0.5,0.0,0.0,0.3333333333333333,0.0833333333333333,0.0,0.3333333333333333,0.3333333333333333,0.0,0.2648617676550637,0.0,0.2,0.3333333333333333,0.058333333333333307,0.7351382323449362,0.22333434875320943,0.36261717461962406,0.12273527050342502
0.6864776444929117,0.3333333333333333,1.0,0.4615384615384615,0.1666666666666666,0.6666666666666665,1.0,0.3333333333333333,0.0,0.0,0.6000000000000001,0.6666666666666666,0.0,0.6666666666666666,1.0,0.3333333333333333,0.6666666666666666,0.2790431170319438,0.0,0.3333333333333333,0.33333333333333326,0.19999999999999998,0.7209568829680562,0.36504344546469963,0.3556220264732205,0.4126889765797161
0.6870229007633588,0.6666666666666666,1.0,0.7692307692307693,0.3333333333333333,0.7777777777777777,1.0,1.0,0.5,0.0,0.0,0.0,0.0,0.0,0.0,0.6666666666666666,0.0,0.2786133791720384,0.0,0.13333333333333333,0.6888888888888889,0.0,0.7213866208279616,0.14610441417526146,0.7353902680295821,0.0
0.6875681570338059,0.0,0.0,0.0769230769230769,0.0,0.3333333333333333,1.0,0.6666666666666666,1.0,0.0,0.2,0.0,0.0,0.6666666666666666,0.3333333333333333,0.0,0.6666666666666666,0.9305257126486176,0.0,0.0,0.3333333333333333,0.19999999999999998,0.06947428735138239,0.0,0.03426916011116871,0.03976835955516839
0.688113413304253,1.0,0.0,0.2307692307692307,0.6666666666666666,0.7777777777777777,0.5,0.3333333333333333,0.0,0.0,0.0,1.0,0.0,0.0,0.0,1.0,0.0,0.6562097120756339,0.0,0.6000000000000001,0.5555555555555556,0.0,0.34379028792436606,0.31332956177379345,0.2826322483395355,0.0
0.6886586695747001,0.6666666666666666,1.0,0.9230769230769232,0.6666666666666666,0.3333333333333333,0.0,1.0,1.0,0.0,0.0,0.3333333333333333,0.0,0.3333333333333333,0.0,0.6666666666666666,0.3333333333333333,0.308981521272024,0.0,0.26666666666666666,0.7333333333333334,0.09999999999999999,0.6910184787279761,0.27990774185125555,0.7498798812944559,0.197775841746528
0.6892039258451472,0.3333333333333333,0.0,0.8461538461538463,0.1666666666666666,0.7222222222222221,1.0,1.0,1.0,0.0,0.2,0.0,0.0,0.3333333333333333,0.6666666666666666,0.3333333333333333,0.3333333333333333,0.1951009883970777,0.0,0.06666666666666667,0.6111111111111112,0.09999999999999999,0.8048990116029223,0.08150920405587711,0.7278840265674315,0.23036949725823813
0.6902944383860414,0.3333333333333333,0.5,0.6923076923076923,0.5,0.0,0.5,1.0,1.0,0.0,0.0,0.3333333333333333,0.0,0.3333333333333333,1.0,0.3333333333333333,0.3333333333333333,0.3781693167168027,0.0,0.2,0.6000000000000001,0.09999999999999999,0.6218306832831972,0.18891161495278297,0.5521079655188658,0.1779736585865833
0.6908396946564885,0.6666666666666666,1.0,0.3076923076923077,0.5,1.0,1.0,0.0,1.0,0.0,0.4,0.3333333333333333,0.0,0.0,0.3333333333333333,0.6666666666666666,0.0,0.5325884543761639,0.0,0.26666666666666666,0.4,0.0,0.46741154562383613,0.18933228890146073,0.2766687078995714,0.0
0.6913849509269356,0.6666666666666666,0.5,0.7692307692307693,0.3333333333333333,0.6111111111111112,1.0,0.0,0.5,0.0,0.0,0.6666666666666666,0.0,0.3333333333333333,0.0,0.6666666666666666,0.3333333333333333,0.0817934393353387,0.0,0.4,0.25555555555555554,0.09999999999999999,0.9182065606646613,0.5579006919361157,0.34723726977248104,0.2627991595346692
0.6919302071973829,0.3333333333333333,0.5,0.0,0.5,0.4999999999999999,1.0,1.0,0.0,0.0,0.2,0.3333333333333333,0.0,0.0,0.6666666666666666,0.3333333333333333,0.0,0.1963902019767941,0.0,0.2,0.7000000000000001,0.0,0.8036097980232059,0.2441359502154141,0.8324226294220172,0.0
0.69247546346783,0.3333333333333333,0.0,0.8461538461538463,0.3333333333333333,0.1111111111111111,0.5,0.0,1.0,0.0,0.0,0.3333333333333333,0.0,0.0,0.6666666666666666,0.3333333333333333,0.0,0.2905027932960894,0.0,0.2,0.15555555555555556,0.0,0.7094972067039106,0.2155446277035554,0.1633190447030006,0.0
0.6930207197382771,0.6666666666666666,0.0,0.6923076923076923,0.5,0.6111111111111112,0.0,1.0,1.0,0.0,0.2,1.0,0.0,0.0,0.6666666666666666,0.6666666666666666,0.0,0.0643174330325168,0.0,0.5333333333333333,0.7222222222222223,0.0,0.9356825669674832,0.7580254435208958,1.0,0.0
0.6935659760087242,0.3333333333333333,1.0,0.1538461538461538,0.3333333333333333,0.4999999999999999,0.5,1.0,0.5,0.0,0.0,0.0,0.0833333333333333,0.6666666666666666,0.0,0.3333333333333333,0.6666666666666666,0.0613092680131786,0.0,0.06666666666666667,0.6333333333333333,0.2583333333333333,0.9386907319868214,0.09505780640294761,0.8797423336002637,0.6940432873810621
0.6941112322791713,1.0,0.0,0.5384615384615385,1.0,0.1666666666666666,0.0,1.0,1.0,0.3333333333333333,0.4,0.0,0.0,0.3333333333333333,1.0,1.0,0.3333333333333333,0.9795158286778398,0.0,0.4,0.8333333333333334,0.09999999999999999,0.020484171322160183,0.01244614648157015,0.025260257195346032,0.005862758161225858
0.6946564885496184,0.3333333333333333,1.0,0.0769230769230769,0.3333333333333333,0.8333333333333333,0.5,1.0,0.5,0.0,0.8,0.0,0.0,0.6666666666666666,0.3333333333333333,0.3333333333333333,0.6666666666666666,0.2481019911187509,0.0,0.06666666666666667,0.7,0.19999999999999998,0.7518980088812491,0.07614198471067786,0.7788567525554665,0.43040024598985294
0.6952017448200655,0.6666666666666666,0.0,0.7692307692307693,0.3333333333333333,0.3888888888888889,1.0,0.0,0.5,0.0,0.0,1.0,0.0,0.3333333333333333,0.0,0.6666666666666666,0.3333333333333333,0.0902449505801461,0.0,0.5333333333333333,0.2111111111111111,0.09999999999999999,0.9097550494198539,0.7370207580834675,0.2842079231240284,0.26038025931430325
0.6962922573609597,0.3333333333333333,0.5,0.4615384615384615,0.5,1.0,0.0,0.3333333333333333,1.0,0.0,0.2,0.0,0.0,0.0,0.3333333333333333,0.3333333333333333,0.0,0.6000572983813207,0.0,0.06666666666666667,0.5333333333333334,0.0,0.3999427016186793,0.040500747058908854,0.31564369494559336,0.0
0.6968375136314068,0.3333333333333333,1.0,0.2307692307692307,0.3333333333333333,0.1111111111111111,0.0,1.0,1.0,0.0,0.8,1.0,0.0,0.0,0.3333333333333333,0.3333333333333333,0.0,0.2905027932960894,0.0,0.4666666666666667,0.5555555555555556,0.0,0.7094972067039106,0.5029374646416293,0.5832823025107164,0.0
0.6973827699018539,0.3333333333333333,1.0,0.5384615384615385,0.5,0.4999999999999999,0.0,0.0,1.0,0.0,0.0,0.3333333333333333,0.0,0.0,1.0,0.3333333333333333,0.0,0.1963902019767941,0.0,0.2,0.3,0.0,0.8036097980232059,0.2441359502154141,0.3567525554665787,0.0
0.697928026172301,1.0,0.0,0.4615384615384615,0.8333333333333333,0.3888888888888889,0.0,0.0,1.0,0.0,0.2,1.0,0.0,0.6666666666666666,0.6666666666666666,1.0,0.6666666666666666,0.8813923506660937,0.0,0.6000000000000001,0.4111111111111111,0.19999999999999998,0.11860764933390633,0.10809869881195876,0.07215601300108342,0.06789319940552453
0.6984732824427481,0.3333333333333333,0.0,1.0,0.1666666666666666,0.8333333333333333,0.5,0.6666666666666666,0.5,0.0,0.2,0.0,0.0,0.3333333333333333,0.0,0.3333333333333333,0.3333333333333333,0.2714510815069474,0.0,0.06666666666666667,0.5,0.09999999999999999,0.7285489184930526,0.07377750699914415,0.5390503556455791,0.2085173986573054
0.6990185387131952,0.3333333333333333,0.0,0.3076923076923077,0.3333333333333333,0.4999999999999999,0.0,0.6666666666666666,0.5,0.0,0.6000000000000001,1.0,0.0,0.3333333333333333,0.3333333333333333,0.3333333333333333,0.3333333333333333,0.0376736857183784,0.0,0.4666666666666667,0.5,0.09999999999999999,0.9623263142816216,0.6821590727765932,0.7120212916293749,0.2754266386511557
0.6995637949836423,0.6666666666666666,1.0,1.0,0.3333333333333333,0.0,1.0,0.6666666666666666,1.0,0.0,0.0,1.0,0.0,0.3333333333333333,0.6666666666666666,0.6666666666666666,0.3333333333333333,0.3933533877667956,0.0,0.5333333333333333,0.4,0.09999999999999999,0.6066466122332044,0.49146322004148707,0.35908427151537986,0.17362783785168862
0.7001090512540895,0.6666666666666666,1.0,0.8461538461538463,0.3333333333333333,0.5555555555555556,1.0,0.0,0.5,0.0,0.4,1.0,0.0,0.3333333333333333,0.6666666666666666,0.6666666666666666,0.3333333333333333,0.0901017046268442,0.0,0.5333333333333333,0.24444444444444446,0.09999999999999999,0.9098982953731558,0.7371368060693098,0.32913467426633386,0.26042125762312307
0.7006543075245366,0.6666666666666666,1.0,0.2307692307692307,0.5,0.2222222222222222,0.0,0.6666666666666666,1.0,0.0,0.0,0.0,0.0,0.3333333333333333,0.6666666666666666,0.6666666666666666,0.3333333333333333,0.0509955593754476,0.0,0.13333333333333333,0.5111111111111111,0.09999999999999999,0.9490044406245524,0.19220447655105385,0.717768147345612,0.27161379593091783
0.7017448200654308,0.3333333333333333,0.0,0.1538461538461538,0.3333333333333333,0.1666666666666666,1.0,0.0,0.5,0.0,0.0,0.0,0.0833333333333333,0.6666666666666666,0.0,0.3333333333333333,0.6666666666666666,0.1597192379315284,0.0,0.06666666666666667,0.16666666666666666,0.2583333333333333,0.8402807620684716,0.08509218561875335,0.2072400960949644,0.621281538803191
0.7022900763358779,0.3333333333333333,0.5,0.0769230769230769,0.1666666666666666,0.8888888888888888,0.5,0.6666666666666666,0.5,0.0,0.2,0.0,0.0,0.3333333333333333,0.0,0.3333333333333333,0.3333333333333333,0.2952299097550494,0.0,0.06666666666666667,0.5111111111111111,0.09999999999999999,0.7047700902449505,0.0713695112929196,0.5330444203683639,0.20171167939322504
0.702835332606325,1.0,0.0,0.7692307692307693,0.5,0.2222222222222222,1.0,0.0,1.0,0.0,0.6000000000000001,0.6666666666666666,0.0,0.0,0.0,1.0,0.0,0.4997851310700473,0.0,0.4666666666666667,0.24444444444444446,0.0,0.5002148689299527,0.35458462074067626,0.18094116538697064,0.0
0.7033805888767721,0.0,1.0,0.6153846153846154,0.1666666666666666,1.0,0.5,0.3333333333333333,1.0,0.0,0.2,0.0,0.0833333333333333,0.0,0.6666666666666666,0.0,0.0,0.9014467841283484,0.0,0.0,0.39999999999999997,0.058333333333333307,0.09855321587165156,0.0,0.058335296057280085,0.016453987939664138
0.7039258451472192,0.3333333333333333,0.5,0.4615384615384615,0.5,0.0,0.5,0.0,0.5,0.0,0.2,1.0,0.0,0.3333333333333333,0.6666666666666666,0.3333333333333333,0.3333333333333333,0.3781693167168027,0.0,0.4666666666666667,0.2,0.09999999999999999,0.6218306832831972,0.44079376822316024,0.18403598850628855,0.1779736585865833
0.7044711014176663,0.3333333333333333,1.0,0.0769230769230769,0.1666666666666666,0.5555555555555556,0.0,1.0,0.5,0.0,0.0,0.6666666666666666,0.0,0.0,0.0,0.3333333333333333,0.0,0.2271880819366852,0.0,0.3333333333333333,0.5777777777777778,0.0,0.7728119180633148,0.3912993022614851,0.6607470912431109,0.0
0.7050163576881134,0.3333333333333333,1.0,0.2307692307692307,0.5,0.7777777777777777,0.0,0.0,1.0,0.0,0.4,0.3333333333333333,0.0,0.0,0.6666666666666666,0.3333333333333333,0.0,0.3370577281191806,0.0,0.2,0.35555555555555557,0.0,0.6629422718808193,0.2014012794290439,0.3488058787507654,0.0
0.7055616139585605,0.3333333333333333,1.0,0.9230769230769232,0.3333333333333333,0.8888888888888888,0.5,0.6666666666666666,0.0,0.0,0.0,1.0,0.0,0.6666666666666666,0.3333333333333333,0.3333333333333333,0.6666666666666666,0.2594184214295946,0.0,0.4666666666666667,0.5777777777777778,0.19999999999999998,0.7405815785704054,0.5249720759534067,0.6331904470300062,0.4239225131963307
0.7061068702290076,0.3333333333333333,0.5,0.0769230769230769,0.5,0.0,0.0,1.0,1.0,0.0,0.2,0.0,0.0,0.6666666666666666,1.0,0.3333333333333333,0.6666666666666666,0.506374444921931,0.0,0.06666666666666667,0.6000000000000001,0.19999999999999998,0.49362555507806904,0.049987669901504266,0.4382778275001178,0.2825603443857941
0.7071973827699018,0.6666666666666666,0.0,0.0769230769230769,0.6666666666666666,0.1666666666666666,0.5,0.6666666666666666,0.0,0.0,0.0,1.0,0.0,0.0,1.0,0.6666666666666666,0.0,0.3386334336055006,0.0,0.5333333333333333,0.5666666666666667,0.0,0.6613665663944994,0.5357935506331868,0.5545880634980451,0.0
0.707742639040349,0.3333333333333333,1.0,1.0,0.1666666666666666,1.0,0.0,0.3333333333333333,1.0,0.0,0.0,0.0,0.0,0.0,1.0,0.3333333333333333,0.0,0.5940409683426443,0.0,0.06666666666666667,0.39999999999999997,0.0,0.4059590316573557,0.04110999898458012,0.24029393753827308,0.0
0.7082878953107961,0.6666666666666666,0.0,0.1538461538461538,0.6666666666666666,0.0,0.5,0.3333333333333333,0.0,0.0,0.4,0.6666666666666666,0.0,0.0,0.0,0.6666666666666666,0.0,0.5857327030511388,0.0,0.4,0.4,0.0,0.4142672969488612,0.2517080812916141,0.24521173865938103,0.0
0.7088331515812433,0.3333333333333333,0.0,0.4615384615384615,0.3333333333333333,0.2777777777777777,1.0,0.3333333333333333,1.0,0.0,0.0,0.6666666666666666,0.0,0.3333333333333333,0.3333333333333333,0.3333333333333333,0.3333333333333333,0.0561524136943131,0.0,0.3333333333333333,0.3222222222222222,0.09999999999999999,0.9438475863056869,0.47790011169618635,0.4500471053747232,0.27013785681340646
0.7093784078516904,0.6666666666666666,0.0,0.7692307692307693,0.5,0.0,0.5,0.3333333333333333,0.0,0.0,0.4,0.0,0.0,0.3333333333333333,0.0,0.6666666666666666,0.3333333333333333,0.3182925082366423,0.0,0.13333333333333333,0.33333333333333337,0.09999999999999999,0.6817074917633577,0.13806809115569285,0.3362617174619624,0.19511095167324347
0.7099236641221375,0.6666666666666666,0.5,0.7692307692307693,0.3333333333333333,0.0,0.0,1.0,0.0,0.0,0.4,0.3333333333333333,0.0,0.6666666666666666,1.0,0.6666666666666666,0.6666666666666666,0.4886119467125053,0.0,0.26666666666666666,0.5333333333333333,0.19999999999999998,0.5113880532874947,0.20714565472823016,0.4035988506288568,0.2927279249730949
0.7104689203925846,0.3333333333333333,0.0,0.7692307692307693,0.3333333333333333,1.0,1.0,0.6666666666666666,0.5,0.0,0.2,0.0,0.0,0.0,0.3333333333333333,0.3333333333333333,0.0,0.5516401661653058,0.0,0.06666666666666667,0.6000000000000001,0.0,0.44835983383469424,0.045403774460739524,0.39808752178623585,0.0
0.7110141766630317,0.3333333333333333,0.0,0.5384615384615385,0.1666666666666666,0.6666666666666665,1.0,0.6666666666666666,1.0,0.0,0.0,0.3333333333333333,0.0,0.3333333333333333,1.0,0.3333333333333333,0.3333333333333333,0.1522704483598338,0.0,0.2,0.4666666666666666,0.09999999999999999,0.8477295516401662,0.2575394925801819,0.5854161759856799,0.24262799159534668
0.7115594329334788,0.3333333333333333,1.0,0.6923076923076923,0.3333333333333333,0.8333333333333333,0.0,1.0,0.5,0.0,0.4,0.0,0.0,1.0,0.0,0.3333333333333333,1.0,0.3638447213866208,0.0,0.06666666666666667,0.7,0.3,0.6361552786133793,0.06442113814062116,0.6589641528098357,0.5462204684056784
0.7121046892039259,0.3333333333333333,0.0,0.3076923076923077,0.5,0.1666666666666666,0.0,0.6666666666666666,0.0,0.0,0.0,0.3333333333333333,0.0,0.6666666666666666,0.6666666666666666,0.3333333333333333,0.6666666666666666,0.2289070333763071,0.0,0.2,0.5,0.19999999999999998,0.7710929666236929,0.2342573654206014,0.5705285223043949,0.4413877927535489
0.7131952017448201,0.6666666666666666,1.0,0.5384615384615385,0.3333333333333333,0.2777777777777777,0.5,1.0,0.0,0.0,0.0,0.3333333333333333,0.0,0.3333333333333333,1.0,0.6666666666666666,0.3333333333333333,0.1261996848589027,0.0,0.26666666666666666,0.5888888888888889,0.09999999999999999,0.8738003151410974,0.35394635681854447,0.761458382401432,0.25008968380054325
0.7137404580152672,0.3333333333333333,1.0,0.0,0.3333333333333333,0.3888888888888889,1.0,0.3333333333333333,1.0,0.0,0.4,0.6666666666666666,0.0,0.6666666666666666,0.3333333333333333,0.3333333333333333,0.6666666666666666,0.1024208566108007,0.0,0.3333333333333333,0.34444444444444444,0.19999999999999998,0.8975791433891993,0.4544729245543032,0.45750153092467843,0.5137908061292472
0.7142857142857143,1.0,1.0,0.5384615384615385,0.5,0.3888888888888889,0.5,1.0,0.5,0.0,0.8,1.0,0.0,0.0,0.0,1.0,0.0,0.4891849305257126,0.0,0.6000000000000001,0.6777777777777778,0.0,0.5108150694742875,0.46555550720222827,0.5123321871025485,0.0
0.7148309705561614,0.0,0.5,0.8461538461538463,0.0,0.8888888888888888,0.0,1.0,0.5,0.0,0.4,0.6666666666666666,0.0,0.6666666666666666,0.3333333333333333,0.0,0.6666666666666666,0.9931241942415128,0.0,0.26666666666666666,0.5777777777777778,0.19999999999999998,0.00687580575848723,0.0027851516602114598,0.005878750765462261,0.003935837646697021
0.7153762268266085,0.0,0.0,1.0,0.1666666666666666,0.1111111111111111,0.0,0.3333333333333333,0.5,0.0,0.6000000000000001,1.0,0.0833333333333333,0.3333333333333333,1.0,0.0,0.3333333333333333,0.817791147400086,0.0,0.4,0.22222222222222218,0.1583333333333333,0.18220885259991404,0.11070977849340702,0.05991803664798152,0.08257059396299901
0.7159214830970556,0.3333333333333333,1.0,0.0,0.5,0.7222222222222221,0.5,0.0,1.0,0.0,0.0,0.3333333333333333,0.0,0.3333333333333333,0.3333333333333333,0.3333333333333333,0.3333333333333333,0.1696032087093539,0.0,0.2,0.34444444444444444,0.09999999999999999,0.8303967912906461,0.25227381522259457,0.4232582787696076,0.23766719622815563
0.7164667393675027,0.3333333333333333,1.0,0.3076923076923077,0.5,0.4999999999999999,0.0,1.0,0.0,0.0,0.2,0.6666666666666666,0.0,0.3333333333333333,0.6666666666666666,0.3333333333333333,0.3333333333333333,0.0969775103853316,0.0,0.3333333333333333,0.7000000000000001,0.09999999999999999,0.9030224896146684,0.45722906421805415,0.9353996891045269,0.2584533387997745
0.7170119956379498,0.3333333333333333,1.0,1.0,0.1666666666666666,0.0,1.0,1.0,0.0,0.0,0.0,0.6666666666666666,0.0,0.0,1.0,0.3333333333333333,0.0,0.5669674831686005,0.0,0.3333333333333333,0.4666666666666667,0.0,0.43303251683139954,0.21925816325050407,0.29903905035564554,0.0
0.717557251908397,0.6666666666666666,0.0,0.3846153846153846,0.6666666666666666,0.7222222222222221,0.0,0.0,0.5,0.0,0.2,0.0,0.0,0.0,0.3333333333333333,0.6666666666666666,0.0,0.3601203266007735,0.0,0.13333333333333333,0.4111111111111111,0.0,0.6398796733992265,0.12959658818921624,0.3892764614442507,0.0
0.7186477644492912,0.3333333333333333,0.0,0.3846153846153846,0.5,0.4999999999999999,1.0,0.3333333333333333,0.0,0.0,0.0,0.3333333333333333,0.0,0.0,1.0,0.3333333333333333,0.0,0.1963902019767941,0.0,0.2,0.43333333333333335,0.0,0.8036097980232059,0.2441359502154141,0.5153092467850582,0.0
0.7191930207197383,0.6666666666666666,0.5,0.1538461538461538,0.3333333333333333,0.0,0.0,0.3333333333333333,0.0,0.0,0.4,0.3333333333333333,0.0,0.6666666666666666,0.3333333333333333,0.6666666666666666,0.6666666666666666,0.4886119467125053,0.0,0.26666666666666666,0.26666666666666666,0.19999999999999998,0.5113880532874947,0.20714565472823016,0.2017994253144284,0.2927279249730949
0.7197382769901854,0.3333333333333333,0.0,0.5384615384615385,0.1666666666666666,0.7222222222222221,0.0,0.3333333333333333,0.0,0.0,0.0,0.6666666666666666,0.0,0.3333333333333333,0.0,0.3333333333333333,0.3333333333333333,0.1951009883970777,0.0,0.3333333333333333,0.3444444444444444,0.09999999999999999,0.8048990116029223,0.4075460202793855,0.41026190588346123,0.23036949725823813
0.7202835332606325,0.6666666666666666,1.0,0.0769230769230769,0.5,0.1666666666666666,0.5,0.6666666666666666,0.5,0.0,0.0,1.0,0.0,0.3333333333333333,0.3333333333333333,0.6666666666666666,0.3333333333333333,0.094255837272597,0.0,0.5333333333333333,0.5,0.09999999999999999,0.905744162727403,0.7337714144798875,0.6701563898440812,0.25923230666735
0.7208287895310797,0.3333333333333333,0.5,0.1538461538461538,0.5,0.6666666666666665,0.5,0.6666666666666666,0.5,0.0,0.0,1.0,0.0,0.6666666666666666,0.0,0.3333333333333333,0.6666666666666666,0.2105715513536742,0.0,0.4666666666666667,0.6,0.19999999999999998,0.7894284486463258,0.559597893729057,0.7009138442696311,0.4518833598114078
0.7213740458015268,0.6666666666666666,0.5,1.0,0.5,0.6666666666666665,0.5,0.6666666666666666,1.0,0.0,0.0,0.6666666666666666,0.0833333333333333,0.0,1.0,0.6666666666666666,0.0,0.1939550207706632,0.0,0.4,0.6,0.058333333333333307,0.8060449792293368,0.48975151225031555,0.7156672476329549,0.13457353217513107
0.7219193020719739,0.3333333333333333,0.0,0.6923076923076923,0.5,0.1111111111111111,0.0,0.3333333333333333,0.0,0.0,0.2,0.3333333333333333,0.0,0.0,1.0,0.3333333333333333,0.0,0.3278899871078642,0.0,0.2,0.35555555555555557,0.0,0.6721100128921358,0.20418643108925538,0.3536294691224269,0.0
0.722464558342421,0.3333333333333333,0.0,0.8461538461538463,0.3333333333333333,0.3888888888888889,1.0,0.3333333333333333,1.0,0.0,0.4,0.3333333333333333,0.0833333333333333,0.0,0.0,0.3333333333333333,0.0,0.1641598624838848,0.0,0.2,0.34444444444444444,0.058333333333333307,0.8358401375161152,0.2539274990208451,0.42603278534080735,0.13954799364526208
0.7241003271537623,0.3333333333333333,1.0,0.8461538461538463,0.3333333333333333,0.8888888888888888,0.5,0.0,1.0,0.0,0.6000000000000001,0.3333333333333333,0.0,1.0,1.0,0.3333333333333333,1.0,0.3976507663658502,0.0,0.2,0.3111111111111111,0.3,0.6023492336341498,0.18299316767483353,0.2773093409958076,0.5171936657612873
0.7246455834242094,0.0,0.0,0.5384615384615385,0.1666666666666666,0.3333333333333333,1.0,0.0,1.0,0.6666666666666666,0.6000000000000001,0.6666666666666666,0.0833333333333333,0.0,1.0,0.0,0.0,0.6663801747600631,0.0,0.6666666666666666,0.1333333333333333,0.058333333333333307,0.33361982523993694,0.3378446987829467,0.0658250506382778,0.055699619057380516
0.7251908396946565,0.0,1.0,0.1538461538461538,0.0,0.3333333333333333,0.5,0.0,1.0,0.6666666666666666,0.2,0.3333333333333333,0.0,0.6666666666666666,0.3333333333333333,0.0,0.6666666666666666,0.9305257126486176,0.0,0.5333333333333333,0.06666666666666667,0.19999999999999998,0.06947428735138239,0.05628327313344073,0.006853832022233743,0.03976835955516839
0.7257360959651036,0.3333333333333333,0.5,1.0,0.5,0.4999999999999999,1.0,0.3333333333333333,0.0,0.0,0.6000000000000001,0.3333333333333333,0.3333333333333333,0.3333333333333333,0.0,0.3333333333333333,0.3333333333333333,0.3500931098696462,0.0,0.2,0.43333333333333335,0.3333333333333333,0.6499068901303537,0.19744114191218068,0.41674831598285356,0.6200310903841882
0.7262813522355508,0.6666666666666666,0.5,0.6153846153846154,0.6666666666666666,0.2222222222222222,0.5,0.0,1.0,0.3333333333333333,0.6000000000000001,0.3333333333333333,0.0,0.6666666666666666,1.0,0.6666666666666666,0.6666666666666666,0.290789285202693,0.0,0.4666666666666667,0.3111111111111111,0.19999999999999998,0.709210714797307,0.5027343806664055,0.3265061943567761,0.4059652539332753
0.7268266085059979,0.3333333333333333,0.5,0.7692307692307693,0.3333333333333333,0.9444444444444444,0.5,1.0,0.5,0.0,0.2,1.0,0.0,0.0,0.3333333333333333,0.3333333333333333,0.0,0.4108293940696175,0.0,0.4666666666666667,0.7222222222222222,0.0,0.5891706059303825,0.41764219504765215,0.6296693202694428,0.0
0.727371864776445,0.3333333333333333,0.0,1.0,0.3333333333333333,0.7777777777777777,0.0,0.6666666666666666,1.0,0.0,0.0,0.3333333333333333,0.0833333333333333,0.0,0.0,0.3333333333333333,0.0,0.2627130783555365,0.0,0.2,0.5555555555555556,0.058333333333333307,0.7372869216444635,0.22398711867357152,0.6061284092514956,0.12309400570559792
0.7279171210468921,0.3333333333333333,1.0,0.5384615384615385,0.1666666666666666,0.7222222222222221,0.5,0.0,1.0,0.0,1.0,0.3333333333333333,0.0,0.3333333333333333,0.6666666666666666,0.3333333333333333,0.3333333333333333,0.1951009883970777,0.0,0.2,0.21111111111111108,0.09999999999999999,0.8048990116029223,0.24452761216763136,0.25145084554147623,0.23036949725823813
0.7284623773173392,0.3333333333333333,1.0,0.9230769230769232,0.3333333333333333,0.5555555555555556,0.0,0.3333333333333333,1.0,0.0,0.0,0.0,0.0,0.6666666666666666,0.3333333333333333,0.3333333333333333,0.6666666666666666,0.1091534164159862,0.0,0.06666666666666667,0.37777777777777777,0.19999999999999998,0.8908465835840138,0.09021280299403804,0.4980121531866786,0.5099369651001897
0.7290076335877863,0.3333333333333333,0.0,0.6153846153846154,0.3333333333333333,0.8333333333333333,0.5,0.6666666666666666,0.5,0.0,0.6000000000000001,1.0,0.25,0.6666666666666666,0.6666666666666666,0.3333333333333333,0.6666666666666666,0.3162870648904168,0.0,0.4666666666666667,0.5666666666666667,0.375,0.6837129351095832,0.4846599068714914,0.5733265815629562,0.7338184799877006
0.7295528898582334,0.6666666666666666,0.5,0.6923076923076923,0.5,0.8888888888888888,0.0,0.3333333333333333,0.0,0.3333333333333333,0.2,0.3333333333333333,0.0,0.6666666666666666,1.0,0.6666666666666666,0.6666666666666666,0.3147113594040968,0.0,0.4666666666666667,0.5111111111111112,0.19999999999999998,0.6852886405959032,0.4857768687352221,0.5183098591549297,0.392271818787475
0.7300981461286805,0.3333333333333333,0.5,0.6923076923076923,0.5,0.3333333333333333,0.0,0.3333333333333333,0.0,0.0,0.4,0.3333333333333333,0.1666666666666666,0.0,0.6666666666666666,0.3333333333333333,0.0,0.3225898868356969,0.0,0.2,0.4,0.11666666666666661,0.6774101131643031,0.20579659689281518,0.4009703707192991,0.22619450281009235
0.7306434023991276,0.6666666666666666,0.0,0.6153846153846154,0.3333333333333333,0.7777777777777777,0.5,0.6666666666666666,0.0,0.3333333333333333,0.0,1.0,0.0833333333333333,1.0,0.6666666666666666,0.6666666666666666,1.0,0.4076779830969775,0.0,0.7333333333333333,0.5555555555555556,0.3583333333333333,0.5923220169030226,0.6598053295037498,0.48695181120165815,0.6074753583081365
0.7311886586695747,1.0,1.0,0.7692307692307693,0.6666666666666666,0.7222222222222221,0.5,1.0,0.5,1.0,0.2,0.6666666666666666,0.3333333333333333,1.0,1.0,1.0,1.0,0.9656209712075632,0.0,1.0666666666666667,0.8111111111111111,0.5333333333333333,0.03437902879243682,0.05570303320423027,0.04126430825757243,0.05247783528929463
0.7317339149400218,0.0,0.5,0.1538461538461538,0.1666666666666666,0.5555555555555556,0.5,1.0,1.0,0.6666666666666666,0.4,0.3333333333333333,0.1666666666666666,0.0,1.0,0.0,0.0,0.7484601060020054,0.0,0.5333333333333333,0.5777777777777778,0.11666666666666661,0.2515398939979946,0.20378026313880793,0.21506429883649728,0.08399186866875073
0.7322791712104689,0.6666666666666666,1.0,0.3076923076923077,0.6666666666666666,0.6666666666666665,0.0,1.0,0.0,0.3333333333333333,0.4,1.0,0.25,0.3333333333333333,0.6666666666666666,0.6666666666666666,0.3333333333333333,0.3957885689729265,0.0,0.7333333333333333,0.8,0.27499999999999997,0.6042114310270734,0.6730493058879845,0.7152856940976965,0.47555988315481984
0.732824427480916,0.3333333333333333,0.5,0.8461538461538463,0.1666666666666666,0.7777777777777777,1.0,0.6666666666666666,0.5,0.0,0.0,0.6666666666666666,0.0,0.6666666666666666,0.6666666666666666,0.3333333333333333,0.6666666666666666,0.2988110585875949,0.0,0.3333333333333333,0.4888888888888889,0.19999999999999998,0.7011889414124051,0.35503430668581454,0.5072777803947429,0.401373443345462
0.7333696837513631,0.3333333333333333,1.0,0.3076923076923077,0.5,0.1666666666666666,1.0,1.0,0.5,0.0,0.8,0.6666666666666666,0.3333333333333333,0.6666666666666666,1.0,0.3333333333333333,0.6666666666666666,0.4187079215012176,0.0,0.3333333333333333,0.6333333333333334,0.4333333333333333,0.5812920784987824,0.29432670409214207,0.5447877902868717,0.7209415944925605
0.7344601962922575,0.3333333333333333,0.5,0.3846153846153846,0.5,0.8333333333333333,1.0,1.0,0.5,0.0,0.6000000000000001,0.6666666666666666,0.25,0.3333333333333333,0.3333333333333333,0.3333333333333333,0.3333333333333333,0.2664374731413838,0.0,0.3333333333333333,0.7666666666666667,0.27499999999999997,0.7335625268586162,0.3714260846860176,0.8322318526543878,0.5773689335314918
0.7350054525627046,0.3333333333333333,1.0,0.6923076923076923,0.5,0.3888888888888889,1.0,0.0,1.0,0.0,0.0,0.6666666666666666,0.0833333333333333,1.0,1.0,0.3333333333333333,1.0,0.3710070190517118,0.0,0.3333333333333333,0.2777777777777778,0.3583333333333333,0.6289929809482881,0.31847919114553863,0.2585496255122709,0.6450844735987973
0.7355507088331517,0.6666666666666666,0.5,0.0,0.3333333333333333,0.9444444444444444,0.5,0.3333333333333333,1.0,0.3333333333333333,0.8,0.0,0.25,0.6666666666666666,0.0,0.6666666666666666,0.6666666666666666,0.4464976364417705,0.0,0.3333333333333333,0.45555555555555555,0.375,0.5535023635582295,0.2802558858087819,0.3731310942578548,0.5940654947983396
0.7360959651035988,1.0,0.5,0.8461538461538463,0.8333333333333333,0.3888888888888889,0.0,1.0,0.5,1.0,0.0,0.3333333333333333,0.0,0.3333333333333333,1.0,1.0,0.3333333333333333,0.8156424581005587,0.0,0.9333333333333333,0.8111111111111111,0.09999999999999999,0.1843575418994413,0.26136907611297266,0.22127985303123082,0.05276482345103263
0.7366412213740459,0.6666666666666666,0.0,0.7692307692307693,0.3333333333333333,0.0555555555555555,0.5,0.3333333333333333,0.5,0.3333333333333333,0.6000000000000001,0.6666666666666666,0.25,0.3333333333333333,0.6666666666666666,0.6666666666666666,0.3333333333333333,0.4926228334049563,0.0,0.6,0.2777777777777778,0.27499999999999997,0.5073771665950437,0.4624222115844902,0.2085590465872156,0.39934402705888383
0.737186477644493,0.6666666666666666,0.0,0.3076923076923077,0.5,0.8888888888888888,0.5,1.0,0.0,0.3333333333333333,0.2,0.3333333333333333,0.1666666666666666,1.0,0.0,0.6666666666666666,1.0,0.3049706345795731,0.0,0.4666666666666667,0.7777777777777779,0.41666666666666663,0.6950293654204269,0.4926817238928297,0.7999434735503322,0.828849143306172
0.7377317339149401,0.3333333333333333,0.0,1.0,0.5,0.0555555555555555,0.0,0.6666666666666666,0.5,0.0,0.2,0.6666666666666666,0.0,0.0,0.0,0.3333333333333333,0.0,0.4156997564818794,0.0,0.3333333333333333,0.47777777777777775,0.0,0.5843002435181206,0.29584983390632025,0.4131070705167459,0.0
0.7382769901853872,0.0,0.5,0.1538461538461538,0.1666666666666666,0.6666666666666665,0.5,1.0,0.0,0.6666666666666666,0.0,0.0,0.1666666666666666,0.6666666666666666,0.6666666666666666,0.0,0.6666666666666666,0.7183784558086234,0.0,0.39999999999999997,0.6,0.3166666666666666,0.28162154419137664,0.17111275512424387,0.2500447501059871,0.25524180460889323
0.7388222464558343,0.3333333333333333,0.5,0.6923076923076923,0.1666666666666666,0.8888888888888888,0.5,0.3333333333333333,0.0,0.0,1.0,1.0,0.0,0.6666666666666666,0.0,0.3333333333333333,0.6666666666666666,0.3940696175333047,0.0,0.4666666666666667,0.37777777777777777,0.19999999999999998,0.6059303824666953,0.42952260759824185,0.3387347496349333,0.34684569261517956
0.7393675027262814,0.6666666666666666,1.0,0.7692307692307693,0.3333333333333333,0.6111111111111112,0.5,0.0,1.0,0.3333333333333333,0.8,0.6666666666666666,0.1666666666666666,0.6666666666666666,0.6666666666666666,0.6666666666666666,0.6666666666666666,0.2300530010027216,0.0,0.6,0.25555555555555554,0.3166666666666666,0.7699469989972784,0.7017276643892248,0.29117009750812567,0.6978253813696851
0.7404580152671756,0.3333333333333333,0.0,0.0,0.5,0.2777777777777777,0.5,0.6666666666666666,0.0,0.0,0.0,1.0,0.0,0.0,1.0,0.3333333333333333,0.0,0.1832115742730267,0.0,0.4666666666666667,0.5222222222222223,0.0,0.8167884257269733,0.5789924133629256,0.6311978896792125,0.0
0.7410032715376227,0.6666666666666666,0.0,0.1538461538461538,0.5,0.1111111111111111,1.0,1.0,0.0,0.3333333333333333,0.6000000000000001,1.0,0.0833333333333333,0.3333333333333333,0.3333333333333333,0.6666666666666666,0.3333333333333333,0.2157284056725397,0.0,0.7333333333333333,0.6222222222222223,0.1583333333333333,0.7842715943274603,0.8736237434179032,0.7221253945075135,0.3554040895813047
0.7415485278080698,1.0,0.5,0.5384615384615385,0.5,0.2777777777777777,0.0,0.3333333333333333,0.0,1.0,0.4,1.0,0.1666666666666666,0.3333333333333333,0.0,1.0,0.3333333333333333,0.6762641455378886,0.0,1.2,0.3888888888888889,0.21666666666666662,0.3237358544621114,0.5901040080073109,0.18630175703047713,0.20075505218743053
0.7420937840785169,0.6666666666666666,1.0,0.5384615384615385,0.3333333333333333,0.6666666666666665,1.0,1.0,1.0,0.3333333333333333,0.4,0.0,0.3333333333333333,0.0,0.0,0.6666666666666666,0.0,0.5196963185790001,0.0,0.3333333333333333,0.6666666666666666,0.2333333333333333,0.4803036814209999,0.24319306033044663,0.4738329643412313,0.3207571021028716
0.742639040348964,0.6666666666666666,0.0,0.6153846153846154,0.5,0.7222222222222221,0.5,0.6666666666666666,0.0,0.3333333333333333,1.0,1.0,0.0,0.3333333333333333,0.6666666666666666,0.6666666666666666,0.3333333333333333,0.1674545194098266,0.0,0.7333333333333333,0.6111111111111112,0.09999999999999999,0.8325454805901734,0.9273974788575076,0.7528852042017995,0.23828217086045203
0.7431842966194112,0.3333333333333333,0.0,0.6923076923076923,0.5,0.3333333333333333,0.5,1.0,0.0,0.0,1.0,0.3333333333333333,0.3333333333333333,0.6666666666666666,0.3333333333333333,0.3333333333333333,0.6666666666666666,0.3578283913479444,0.0,0.2,0.6666666666666667,0.4333333333333333,0.6421716086520556,0.19509117019887723,0.6335201846530689,0.7964468132356206
0.7437295528898583,0.3333333333333333,0.5,0.3846153846153846,0.5,0.1666666666666666,1.0,0.6666666666666666,1.0,0.0,1.0,0.0,0.3333333333333333,0.6666666666666666,0.3333333333333333,0.3333333333333333,0.6666666666666666,0.4187079215012176,0.0,0.06666666666666667,0.5,0.4333333333333333,0.5812920784987824,0.05886534081842842,0.4300956239106882,0.7209415944925605
0.7442748091603054,0.3333333333333333,0.5,0.0769230769230769,0.3333333333333333,0.0555555555555555,1.0,0.3333333333333333,0.5,0.0,0.6000000000000001,0.3333333333333333,0.0,0.6666666666666666,0.6666666666666666,0.3333333333333333,0.6666666666666666,0.3841856467554791,0.0,0.2,0.2777777777777778,0.19999999999999998,0.6158143532445208,0.18708385917576917,0.25313250741909654,0.3525034592323067
0.7448200654307525,1.0,0.0,0.0,0.6666666666666666,1.0,1.0,0.0,1.0,1.0,0.8,1.0,0.1666666666666666,0.0,0.6666666666666666,1.0,0.0,0.9914052428018908,0.0,1.2,0.4666666666666667,0.11666666666666661,0.008594757198109204,0.015666478088689765,0.005935277215130281,0.002869881617383299
0.7453653217011996,0.6666666666666666,1.0,0.0769230769230769,0.5,0.9444444444444444,0.5,0.0,1.0,0.3333333333333333,1.0,0.6666666666666666,0.25,0.3333333333333333,0.0,0.6666666666666666,0.3333333333333333,0.3449362555507806,0.0,0.6,0.3888888888888889,0.27499999999999997,0.6550637444492193,0.5970233691631489,0.37697253756653637,0.5155844821401117
0.7464558342420938,0.3333333333333333,0.5,0.7692307692307693,0.1666666666666666,0.7222222222222221,0.5,1.0,0.0,0.0,0.8,0.3333333333333333,0.3333333333333333,0.0,0.6666666666666666,0.3333333333333333,0.0,0.5771379458530297,0.0,0.2,0.6111111111111112,0.2333333333333333,0.4228620541469703,0.12846512032725532,0.38240143200339155,0.282396351150515
0.7470010905125409,0.3333333333333333,0.0,0.1538461538461538,0.5,0.2222222222222222,1.0,0.3333333333333333,0.0,0.0,0.6000000000000001,0.0,0.3333333333333333,0.3333333333333333,0.3333333333333333,0.3333333333333333,0.3333333333333333,0.4394785847299813,0.0,0.06666666666666667,0.3777777777777778,0.3333333333333333,0.5605214152700186,0.05676197107503953,0.31334966319657076,0.534754608039085
0.747546346782988,0.0,1.0,0.3846153846153846,0.1666666666666666,0.6111111111111112,0.5,0.6666666666666666,0.5,0.6666666666666666,0.6000000000000001,0.3333333333333333,0.3333333333333333,0.3333333333333333,1.0,0.0,0.3333333333333333,0.784558086234064,0.0,0.5333333333333333,0.45555555555555555,0.3333333333333333,0.21544191376593602,0.17453617070658708,0.14523529134674257,0.20553818821640266
0.7480916030534351,0.6666666666666666,0.0,0.1538461538461538,0.3333333333333333,0.6666666666666665,0.0,0.0,0.0,0.3333333333333333,0.0,0.0,0.3333333333333333,0.6666666666666666,1.0,0.6666666666666666,0.6666666666666666,0.4457814066752614,0.0,0.3333333333333333,0.2666666666666666,0.4333333333333333,0.5542185933247386,0.2806185357645386,0.21870083376513252,0.687363979569176
0.7486368593238822,0.3333333333333333,1.0,0.4615384615384615,0.5,0.2777777777777777,0.5,0.6666666666666666,1.0,0.0,0.0,0.6666666666666666,0.0,0.6666666666666666,0.0,0.3333333333333333,0.6666666666666666,0.1686004870362412,0.0,0.3333333333333333,0.5222222222222223,0.19999999999999998,0.8313995129637588,0.42096406864238356,0.6424890480003769,0.4759083687797878
0.7491821155943293,1.0,0.0,0.8461538461538463,0.5,0.0,0.0,0.6666666666666666,1.0,1.0,0.2,0.6666666666666666,0.1666666666666666,0.6666666666666666,0.6666666666666666,1.0,0.6666666666666666,0.8408537458816789,0.0,1.0666666666666667,0.4666666666666667,0.3166666666666666,0.15914625411832106,0.25785862454124764,0.10990154976682832,0.1442388834793897
0.7497273718647764,0.3333333333333333,0.5,0.0769230769230769,0.5,0.7222222222222221,0.0,1.0,0.0,0.0,0.8,0.0,0.3333333333333333,0.3333333333333333,0.6666666666666666,0.3333333333333333,0.3333333333333333,0.3967912906460392,0.0,0.06666666666666667,0.7444444444444445,0.3333333333333333,0.6032087093539609,0.06108475854765947,0.6645084554147629,0.575479594800048
0.7502726281352236,0.6666666666666666,1.0,0.3846153846153846,0.5,0.3888888888888889,0.5,0.3333333333333333,0.0,0.3333333333333333,0.6000000000000001,0.6666666666666666,0.3333333333333333,0.3333333333333333,0.6666666666666666,0.6666666666666666,0.3333333333333333,0.4059590316573557,0.0,0.6,0.41111111111111115,0.3333333333333333,0.5940409683426443,0.5414073719483006,0.3613900796080833,0.5667332889184988
0.7513631406761178,0.0,1.0,0.2307692307692307,0.1666666666666666,0.6111111111111112,1.0,1.0,0.0,0.6666666666666666,0.6000000000000001,0.3333333333333333,0.3333333333333333,0.6666666666666666,0.3333333333333333,0.0,0.6666666666666666,0.8133505228477296,0.0,0.5333333333333333,0.5888888888888889,0.4333333333333333,0.18664947715227043,0.15121052555231584,0.16265250365066652,0.23149011769931155
0.751908396946565,0.3333333333333333,1.0,0.1538461538461538,0.1666666666666666,0.4999999999999999,0.0,0.0,0.0,0.0,0.0,0.0,0.25,1.0,0.6666666666666666,0.3333333333333333,1.0,0.4655493482309125,0.0,0.06666666666666667,0.16666666666666663,0.475,0.5344506517690875,0.05412187939713071,0.13181261481935083,0.7265822784810126
0.7524536532170121,1.0,1.0,0.9230769230769232,0.5,0.7777777777777777,0.0,0.6666666666666666,0.5,1.0,0.8,0.6666666666666666,0.3333333333333333,0.6666666666666666,0.3333333333333333,1.0,0.6666666666666666,0.8909898295373156,0.0,1.0666666666666667,0.6222222222222222,0.4333333333333333,0.10901017046268435,0.17662503445174565,0.10037213246031365,0.13519875638463238
0.7529989094874592,0.3333333333333333,1.0,0.2307692307692307,0.3333333333333333,0.9444444444444444,0.0,1.0,0.0,0.0,1.0,0.6666666666666666,0.1666666666666666,0.6666666666666666,0.0,0.3333333333333333,0.6666666666666666,0.3466552069904025,0.0,0.3333333333333333,0.7222222222222222,0.3166666666666666,0.6533447930095975,0.33080928964126666,0.6982547458665034,0.5921454073352806
0.7535441657579063,0.6666666666666666,1.0,0.1538461538461538,0.3333333333333333,0.8888888888888888,1.0,1.0,1.0,0.3333333333333333,0.8,1.0,0.25,0.6666666666666666,0.3333333333333333,0.6666666666666666,0.6666666666666666,0.4053860478441484,0.0,0.7333333333333333,0.7111111111111111,0.375,0.5946139521558516,0.6623583851922769,0.625710113523953,0.6381899246656075
0.7540894220283534,0.3333333333333333,0.5,0.3846153846153846,0.1666666666666666,0.9444444444444444,0.5,1.0,0.5,0.0,0.4,0.0,0.0,0.3333333333333333,0.3333333333333333,0.3333333333333333,0.3333333333333333,0.3240223463687151,0.0,0.06666666666666667,0.6555555555555556,0.09999999999999999,0.6759776536312849,0.06845380564863571,0.6557562767911819,0.19347101932045305
0.7546346782988005,0.6666666666666666,1.0,0.9230769230769232,0.6666666666666666,0.6111111111111112,0.5,1.0,0.5,0.3333333333333333,0.8,0.3333333333333333,0.1666666666666666,1.0,0.6666666666666666,0.6666666666666666,1.0,0.4403380604497923,0.0,0.4666666666666667,0.788888888888889,0.41666666666666663,0.5596619395502077,0.3967245455996054,0.6533444816053512,0.6674183023283623
0.7551799345692476,1.0,0.0,0.0769230769230769,1.0,0.6666666666666665,1.0,1.0,0.5,1.0,1.0,0.0,0.1666666666666666,0.0,0.3333333333333333,1.0,0.0,0.9974215728405672,0.0,0.8,0.9333333333333333,0.11666666666666661,0.0025784271594327945,0.0031332956177379935,0.0035611663290782145,0.0008609644852150009
0.7557251908396947,0.6666666666666666,1.0,0.5384615384615385,0.5,0.9444444444444444,0.0,1.0,1.0,0.3333333333333333,1.0,1.0,0.0833333333333333,0.0,0.6666666666666666,0.6666666666666666,0.0,0.3891992551210428,0.0,0.7333333333333333,0.788888888888889,0.058333333333333307,0.6108007448789572,0.6803893409925004,0.7130434782608697,0.10197646013768595
0.7562704471101418,0.3333333333333333,0.5,0.3846153846153846,0.3333333333333333,0.1111111111111111,0.0,0.6666666666666666,0.5,0.0,0.0,1.0,0.1666666666666666,0.6666666666666666,0.3333333333333333,0.3333333333333333,0.6666666666666666,0.2922217447357112,0.0,0.4666666666666667,0.4222222222222222,0.3166666666666666,0.7077782552642888,0.5017189607902868,0.4422205473644543,0.6414800389483933
0.757360959651036,0.6666666666666666,0.5,0.3846153846153846,0.6666666666666666,0.1666666666666666,1.0,0.0,0.5,0.3333333333333333,0.6000000000000001,0.6666666666666666,0.25,0.3333333333333333,0.6666666666666666,0.6666666666666666,0.3333333333333333,0.4771522704483599,0.0,0.6,0.3,0.27499999999999997,0.52284772955164,0.47652204186431074,0.2321117339488435,0.4115205247783528
0.7579062159214831,0.0,1.0,0.2307692307692307,0.1666666666666666,0.8888888888888888,0.0,1.0,0.0,0.6666666666666666,0.0,0.3333333333333333,0.25,0.3333333333333333,0.3333333333333333,0.0,0.3333333333333333,0.8348374158430024,0.0,0.5333333333333333,0.6444444444444445,0.27499999999999997,0.16516258415699758,0.13380332767599404,0.15750624146215084,0.12999538769025779
0.7584514721919302,0.3333333333333333,0.5,0.1538461538461538,0.1666666666666666,0.1666666666666666,0.5,0.6666666666666666,1.0,0.0,0.8,0.3333333333333333,0.3333333333333333,0.6666666666666666,1.0,0.3333333333333333,0.6666666666666666,0.5560807907176623,0.0,0.2,0.36666666666666664,0.4333333333333333,0.44391920928233775,0.13486226554680358,0.2408662678411606,0.5505662891405729
0.7589967284623773,0.3333333333333333,0.5,0.3846153846153846,0.5,0.2777777777777777,1.0,0.3333333333333333,0.5,0.0,0.4,0.3333333333333333,0.3333333333333333,1.0,0.3333333333333333,0.3333333333333333,1.0,0.5838705056582151,0.0,0.2,0.3888888888888889,0.5333333333333333,0.4161294943417849,0.12641977457678752,0.23947194874935235,0.6352004646475001
0.7595419847328244,0.6666666666666666,0.5,0.8461538461538463,0.3333333333333333,0.1666666666666666,1.0,1.0,0.5,0.3333333333333333,0.0,0.6666666666666666,0.0,0.6666666666666666,1.0,0.6666666666666666,0.6666666666666666,0.2280475576564962,0.0,0.6,0.5666666666666667,0.19999999999999998,0.7719524423435038,0.7035554201662387,0.6473197041782467,0.44187977245938603
0.7600872410032715,0.6666666666666666,1.0,0.5384615384615385,0.5,0.6111111111111112,1.0,0.6666666666666666,1.0,0.3333333333333333,0.6000000000000001,0.0,0.1666666666666666,0.3333333333333333,0.0,0.6666666666666666,0.3333333333333333,0.1415270018621974,0.0,0.3333333333333333,0.5888888888888889,0.21666666666666662,0.8584729981378025,0.434672236969987,0.7481016533986526,0.5323562069731289
0.7606324972737187,0.3333333333333333,1.0,0.2307692307692307,0.5,0.2222222222222222,1.0,0.3333333333333333,0.5,0.0,0.4,0.6666666666666666,0.0833333333333333,0.0,0.0,0.3333333333333333,0.0,0.243231628706489,0.0,0.3333333333333333,0.3777777777777778,0.058333333333333307,0.7567683712935109,0.38317594325253485,0.42305808092703373,0.12634653820529898
0.7611777535441658,0.3333333333333333,1.0,0.0,0.1666666666666666,0.6666666666666665,0.0,0.6666666666666666,0.0,0.0,0.4,1.0,0.0833333333333333,1.0,0.0,0.3333333333333333,1.0,0.4073914911903739,0.0,0.4666666666666667,0.4666666666666666,0.3583333333333333,0.5926085088096261,0.4200792027503373,0.4092373639832304,0.6077691795213447
0.76226826608506,0.6666666666666666,1.0,0.4615384615384615,0.6666666666666666,0.5555555555555556,0.5,0.3333333333333333,0.5,0.3333333333333333,1.0,1.0,0.0833333333333333,0.6666666666666666,1.0,0.6666666666666666,0.6666666666666666,0.1803466552069904,0.0,0.7333333333333333,0.5111111111111112,0.2583333333333333,0.8196533447930097,0.913036540609542,0.619934994582882,0.6060301679222398
0.7628135223555071,0.3333333333333333,1.0,1.0,0.5,0.9444444444444444,1.0,0.3333333333333333,0.0,0.0,0.6000000000000001,0.3333333333333333,0.0,0.3333333333333333,1.0,0.3333333333333333,0.3333333333333333,0.2940839421286348,0.0,0.2,0.5222222222222223,0.09999999999999999,0.7059160578713652,0.21445667783628533,0.5455179235950822,0.20203966586378316
0.7633587786259542,1.0,0.0,0.0,0.8333333333333333,0.7222222222222221,0.0,0.6666666666666666,1.0,1.0,0.2,1.0,0.0833333333333333,0.0,0.3333333333333333,1.0,0.0,0.948431456811345,0.0,1.2,0.7444444444444445,0.058333333333333307,0.051568543188655,0.09399886853213818,0.05680908191624673,0.008609644852149859
0.7639040348964014,0.3333333333333333,0.5,0.6923076923076923,0.3333333333333333,0.4444444444444445,0.5,0.6666666666666666,0.0,0.0,0.8,1.0,0.0833333333333333,0.6666666666666666,0.6666666666666666,0.3333333333333333,0.6666666666666666,0.1176049276607936,0.0,0.4666666666666667,0.48888888888888893,0.2583333333333333,0.8823950723392064,0.6254986436891655,0.6383720382495643,0.6524197543517997
0.7644492911668485,0.3333333333333333,0.0,1.0,0.5,0.6111111111111112,1.0,0.0,1.0,0.0,1.0,1.0,0.25,0.3333333333333333,0.0,0.3333333333333333,0.3333333333333333,0.2014038103423578,0.0,0.4666666666666667,0.32222222222222224,0.27499999999999997,0.7985961896576422,0.5660965809362171,0.3807880729191201,0.6285553220929637
0.7655398037077427,0.6666666666666666,1.0,0.5384615384615385,0.5,0.8888888888888888,0.5,1.0,0.5,0.3333333333333333,0.2,0.3333333333333333,0.0833333333333333,0.3333333333333333,0.6666666666666666,0.6666666666666666,0.3333333333333333,0.221028505944707,0.0,0.4666666666666667,0.7777777777777779,0.1583333333333333,0.778971494055293,0.5521853286333899,0.8965565971077301,0.35300227198961376
0.7660850599781898,0.6666666666666666,0.5,0.3846153846153846,0.5,0.2777777777777777,0.5,0.0,0.5,0.3333333333333333,0.0,0.3333333333333333,0.0833333333333333,0.3333333333333333,0.6666666666666666,0.6666666666666666,0.3333333333333333,0.1176049276607936,0.0,0.4666666666666667,0.25555555555555554,0.1583333333333333,0.8823950723392064,0.6254986436891655,0.3336944745395449,0.3998701720220707
0.7666303162486369,0.3333333333333333,0.0,0.9230769230769232,0.1666666666666666,0.6666666666666665,1.0,0.0,0.5,0.0,0.0,0.0,0.25,0.3333333333333333,0.0,0.3333333333333333,0.3333333333333333,0.3164303108437186,0.0,0.06666666666666667,0.19999999999999996,0.27499999999999997,0.6835696891562815,0.06922262355483993,0.20230816336143953,0.5380208066417261
0.767175572519084,0.3333333333333333,0.0,0.0769230769230769,0.3333333333333333,0.5555555555555556,0.5,1.0,0.5,0.0,0.4,0.0,0.0,1.0,1.0,0.3333333333333333,1.0,0.2774674115456239,0.0,0.06666666666666667,0.6444444444444445,0.3,0.7225325884543761,0.07316825507347287,0.6890385793018983,0.6203864090606263
0.7677208287895311,0.6666666666666666,1.0,0.9230769230769232,0.5,0.9444444444444444,0.5,1.0,1.0,0.3333333333333333,0.2,1.0,0.0833333333333333,0.0,0.6666666666666666,0.6666666666666666,0.0,0.3891992551210428,0.0,0.7333333333333333,0.788888888888889,0.058333333333333307,0.6108007448789572,0.6803893409925004,0.7130434782608697,0.10197646013768595
0.7682660850599782,0.6666666666666666,0.0,0.3846153846153846,0.6666666666666666,0.2222222222222222,0.5,1.0,1.0,0.3333333333333333,0.4,0.0,0.0833333333333333,1.0,1.0,0.6666666666666666,1.0,0.5042257556224037,0.0,0.3333333333333333,0.7111111111111111,0.3583333333333333,0.4957742443775963,0.25102629937479143,0.521701446135004,0.5084576094569432
0.7688113413304254,0.3333333333333333,0.5,0.0,0.3333333333333333,0.6111111111111112,0.5,1.0,0.0,0.0,0.6000000000000001,0.6666666666666666,0.0833333333333333,0.3333333333333333,1.0,0.3333333333333333,0.3333333333333333,0.0236355822948001,0.0,0.3333333333333333,0.6555555555555556,0.1583333333333333,0.9763644177051999,0.49436441968754075,0.9471571906354516,0.4424537487828627
0.7693565976008725,0.3333333333333333,0.5,0.0,0.3333333333333333,0.7222222222222221,1.0,0.6666666666666666,0.0,0.0,0.4,0.6666666666666666,0.3333333333333333,1.0,1.0,0.3333333333333333,1.0,0.5522131499785131,0.0,0.3333333333333333,0.5444444444444445,0.5333333333333333,0.4477868500214869,0.2267287523390922,0.3607659333930001,0.6835238046430585
0.7704471101417667,0.6666666666666666,0.0,0.1538461538461538,0.6666666666666666,0.3888888888888889,1.0,0.6666666666666666,0.0,0.3333333333333333,1.0,0.3333333333333333,0.0,0.6666666666666666,0.3333333333333333,0.6666666666666666,0.6666666666666666,0.282051282051282,0.0,0.4666666666666667,0.6111111111111112,0.19999999999999998,0.7179487179487181,0.5089284419107301,0.6492533798106366,0.4109670476092862
0.7709923664122138,0.3333333333333333,1.0,0.7692307692307693,0.5,0.8333333333333333,1.0,0.0,1.0,0.0,0.6000000000000001,0.6666666666666666,0.0,0.6666666666666666,0.3333333333333333,0.3333333333333333,0.6666666666666666,0.2975218450078785,0.0,0.3333333333333333,0.3666666666666667,0.19999999999999998,0.7024781549921215,0.3556870766061766,0.3811578501106977,0.40211141290421776
0.7715376226826609,0.3333333333333333,1.0,1.0,0.5,0.8888888888888888,1.0,0.6666666666666666,1.0,0.0,1.0,0.0,0.1666666666666666,0.6666666666666666,0.0,0.3333333333333333,0.6666666666666666,0.2397937258272453,0.0,0.06666666666666667,0.6444444444444445,0.3166666666666666,0.7602062741727547,0.07698333260803342,0.7249658486033257,0.6889970788704965
0.772082878953108,0.0,0.5,1.0,0.0,0.2222222222222222,0.0,0.6666666666666666,1.0,0.6666666666666666,0.4,0.0,0.0,0.0,0.6666666666666666,0.0,0.0,0.924079644750036,0.0,0.39999999999999997,0.3111111111111111,0.0,0.07592035524996399,0.0461290743722528,0.0349521880446558,0.0
0.7726281352235551,0.6666666666666666,0.5,0.6923076923076923,0.3333333333333333,1.0,0.0,0.3333333333333333,0.0,0.3333333333333333,0.2,0.0,0.0,0.3333333333333333,0.3333333333333333,0.6666666666666666,0.3333333333333333,0.5116745451940983,0.0,0.3333333333333333,0.4666666666666667,0.09999999999999999,0.4883254548059017,0.24725473983492172,0.3372226671063168,0.13976323476656588
0.7731733914940022,0.6666666666666666,0.5,1.0,0.6666666666666666,0.4999999999999999,0.5,0.6666666666666666,0.0,0.3333333333333333,0.8,0.0,0.25,0.0,0.0,0.6666666666666666,0.0,0.4851740438332617,0.0,0.3333333333333333,0.6333333333333333,0.175,0.5148259561667383,0.26067278819791984,0.48249564275283807,0.257858863321888
0.7737186477644493,0.3333333333333333,0.0,0.8461538461538463,0.1666666666666666,0.2222222222222222,0.0,0.6666666666666666,1.0,0.0,1.0,1.0,0.0833333333333333,0.3333333333333333,0.3333333333333333,0.3333333333333333,0.3333333333333333,0.2105715513536742,0.0,0.4666666666666667,0.37777777777777777,0.1583333333333333,0.7894284486463258,0.559597893729057,0.4413161241697678,0.35774099318403113
0.7742639040348964,0.6666666666666666,0.5,0.6153846153846154,0.6666666666666666,0.9444444444444444,0.5,1.0,0.5,0.3333333333333333,0.2,0.6666666666666666,0.1666666666666666,0.0,0.6666666666666666,0.6666666666666666,0.0,0.5976221171751898,0.0,0.6,0.8555555555555556,0.11666666666666661,0.40237788282481024,0.3667261412594108,0.5094281407508597,0.13435829105382732
0.7748091603053435,1.0,0.0,0.1538461538461538,0.5,0.1666666666666666,0.0,0.3333333333333333,0.0,1.0,0.2,0.0,0.25,0.3333333333333333,0.6666666666666666,1.0,0.3333333333333333,0.6935969058874087,0.0,0.8,0.3666666666666667,0.27499999999999997,0.30640309411259126,0.3723399625745245,0.16625135427952326,0.24116230205504016
0.7764449291166848,0.3333333333333333,0.5,0.0,0.5,0.5555555555555556,1.0,0.3333333333333333,0.5,0.0,0.4,0.0,0.1666666666666666,0.3333333333333333,1.0,0.3333333333333333,0.3333333333333333,0.1084371866494771,0.0,0.06666666666666667,0.4444444444444445,0.21666666666666662,0.8915628133505229,0.09028533298518937,0.5863677045550898,0.5528758605374194
0.7769901853871319,0.3333333333333333,1.0,0.6153846153846154,0.5,0.8888888888888888,0.5,0.0,1.0,0.0,0.0,0.0,0.0833333333333333,1.0,0.3333333333333333,0.3333333333333333,1.0,0.3783125626701046,0.0,0.06666666666666667,0.37777777777777777,0.3583333333333333,0.6216874373298954,0.06295603231936404,0.34754345470818215,0.6375920326619859
0.7775354416575792,0.6666666666666666,0.5,0.1538461538461538,0.3333333333333333,0.5555555555555556,1.0,1.0,0.0,0.3333333333333333,0.6000000000000001,0.0,0.1666666666666666,0.0,0.3333333333333333,0.6666666666666666,0.0,0.3425010743446497,0.0,0.3333333333333333,0.6444444444444445,0.11666666666666661,0.6574989256553503,0.3329126593846556,0.6270196429412596,0.21954594372982109
0.7780806979280263,0.3333333333333333,0.5,0.3076923076923077,0.3333333333333333,0.5555555555555556,0.5,0.6666666666666666,0.0,0.0,0.2,0.6666666666666666,0.0,1.0,0.3333333333333333,0.3333333333333333,1.0,0.2774674115456239,0.0,0.3333333333333333,0.5111111111111112,0.3,0.7225325884543761,0.3658412753673643,0.5464788732394366,0.6203864090606263
0.7786259541984734,0.6666666666666666,0.0,0.8461538461538463,0.6666666666666666,0.5555555555555556,0.5,1.0,1.0,0.3333333333333333,0.0,1.0,0.1666666666666666,1.0,0.0,0.6666666666666666,1.0,0.4115456238361266,0.0,0.7333333333333333,0.7777777777777779,0.41666666666666663,0.5884543761638734,0.65549704802936,0.6772810777709738,0.7017543859649124
0.7791712104689205,1.0,1.0,1.0,0.8333333333333333,0.8333333333333333,1.0,0.3333333333333333,0.0,1.0,0.2,0.0,0.1666666666666666,0.0,1.0,1.0,0.0,0.9250823664231486,0.0,0.8,0.6333333333333333,0.11666666666666661,0.07491763357685144,0.0910396448931633,0.0702129162937491,0.02501580143152427
0.7797164667393676,0.6666666666666666,0.0,1.0,0.5,0.4444444444444445,0.0,0.0,0.5,0.3333333333333333,0.6000000000000001,0.3333333333333333,0.0,0.6666666666666666,0.6666666666666666,0.6666666666666666,0.6666666666666666,0.160865205557943,0.0,0.4666666666666667,0.2888888888888889,0.19999999999999998,0.839134794442057,0.5948329634303784,0.35872627066748314,0.480336186132322
0.7802617230098147,0.6666666666666666,0.0,0.3076923076923077,0.6666666666666666,0.1666666666666666,0.0,0.0,0.5,0.3333333333333333,0.8,0.0,0.0833333333333333,0.6666666666666666,0.3333333333333333,0.6666666666666666,0.6666666666666666,0.2718808193668529,0.0,0.3333333333333333,0.3,0.2583333333333333,0.7281191806331471,0.36866994502226663,0.32323943661971827,0.5383522096380191
0.7808069792802618,0.6666666666666666,0.5,0.1538461538461538,0.6666666666666666,0.2777777777777777,0.5,1.0,0.0,0.3333333333333333,0.2,0.3333333333333333,0.0,0.6666666666666666,0.0,0.6666666666666666,0.6666666666666666,0.3052571264861767,0.0,0.4666666666666667,0.7222222222222223,0.19999999999999998,0.6947428735138232,0.4924786399176059,0.7424984690753215,0.39768359555168353
0.7813522355507089,0.6666666666666666,0.5,0.9230769230769232,0.3333333333333333,0.7222222222222221,0.0,0.3333333333333333,0.0,0.3333333333333333,0.8,0.3333333333333333,0.1666666666666666,0.3333333333333333,0.0,0.6666666666666666,0.3333333333333333,0.2509669101847873,0.0,0.4666666666666667,0.4111111111111111,0.21666666666666662,0.7490330898152127,0.5309630532225075,0.45568090819162455,0.46449033977348425
0.7824427480916031,0.6666666666666666,0.0,0.1538461538461538,0.5,0.7222222222222221,1.0,1.0,0.5,0.3333333333333333,0.0,1.0,0.3333333333333333,0.0,1.0,0.6666666666666666,0.0,0.453230196246956,0.0,0.7333333333333333,0.7444444444444445,0.2333333333333333,0.546769803753044,0.6090633476942715,0.6023340713175372,0.36514460445173297
0.7829880043620502,0.3333333333333333,0.5,0.7692307692307693,0.5,0.0,0.0,0.3333333333333333,1.0,0.0,0.4,0.3333333333333333,0.25,0.6666666666666666,1.0,0.3333333333333333,0.6666666666666666,0.4860335195530726,0.0,0.2,0.33333333333333337,0.375,0.5139664804469274,0.15614256495060708,0.2535211267605634,0.5516322451698867
0.7835332606324973,0.3333333333333333,0.5,0.4615384615384615,0.5,0.1111111111111111,1.0,1.0,0.5,0.0,0.0,1.0,0.25,0.3333333333333333,0.0,0.3333333333333333,0.3333333333333333,0.3648474430597335,0.0,0.4666666666666667,0.6222222222222223,0.27499999999999997,0.6351525569402665,0.45023717307106487,0.5848226482641671,0.49991287859375805
0.7840785169029444,0.3333333333333333,0.5,0.2307692307692307,0.3333333333333333,0.1666666666666666,1.0,0.0,0.5,0.0,0.2,1.0,0.3333333333333333,1.0,0.3333333333333333,0.3333333333333333,1.0,0.6391634436327174,0.0,0.4666666666666667,0.16666666666666666,0.5333333333333333,0.3608365563672826,0.2557842667943195,0.08899382919591124,0.5507986128905517
0.7846237731733915,0.3333333333333333,0.0,0.3076923076923077,0.1666666666666666,0.6666666666666665,1.0,0.6666666666666666,0.5,0.0,0.2,1.0,0.0833333333333333,0.3333333333333333,1.0,0.3333333333333333,0.3333333333333333,0.1488325454805902,0.0,0.4666666666666667,0.4666666666666666,0.1583333333333333,0.8511674545194098,0.6033624903897761,0.587790286871732,0.3857189224277831
0.7851690294438386,0.3333333333333333,0.5,0.6153846153846154,0.3333333333333333,0.0555555555555555,0.0,0.6666666666666666,1.0,0.0,0.8,1.0,0.3333333333333333,0.6666666666666666,0.0,0.3333333333333333,0.6666666666666666,0.5328749462827675,0.0,0.4666666666666667,0.4111111111111111,0.4333333333333333,0.46712505371723245,0.3311284216023325,0.28417965989919447,0.5793471019320452
0.7857142857142857,0.6666666666666666,0.0,0.6923076923076923,0.3333333333333333,0.6111111111111112,0.5,1.0,0.0,0.3333333333333333,0.6000000000000001,0.3333333333333333,0.3333333333333333,1.0,0.6666666666666666,0.6666666666666666,1.0,0.5708351239077496,0.0,0.4666666666666667,0.6555555555555556,0.5333333333333333,0.4291648760922504,0.304219794885185,0.41632672287908046,0.655098310528024
0.7862595419847329,0.3333333333333333,1.0,0.0,0.5,0.8888888888888888,0.0,0.6666666666666666,0.0,0.0,1.0,1.0,0.0,0.3333333333333333,0.3333333333333333,0.3333333333333333,0.3333333333333333,0.2478154992121472,0.0,0.4666666666666667,0.6444444444444445,0.09999999999999999,0.7521845007878528,0.5331969769499688,0.7173159357482689,0.215282119612566
0.78680479825518,0.3333333333333333,1.0,0.3846153846153846,0.1666666666666666,0.6666666666666665,0.0,1.0,0.5,0.0,0.6000000000000001,1.0,0.0833333333333333,0.3333333333333333,0.6666666666666666,0.3333333333333333,0.3333333333333333,0.1488325454805902,0.0,0.4666666666666667,0.6,0.1583333333333333,0.8511674545194098,0.6033624903897761,0.7557303688350839,0.3857189224277831
0.7873500545256271,0.6666666666666666,0.0,0.3076923076923077,0.5,0.0,0.0,0.3333333333333333,1.0,0.3333333333333333,0.6000000000000001,1.0,0.0,0.0,0.6666666666666666,0.6666666666666666,0.0,0.3389199255121043,0.0,0.7333333333333333,0.33333333333333337,0.0,0.6610800744878957,0.7363970001595659,0.3260869565217392,0.0
0.7884405670665213,0.6666666666666666,0.0,0.9230769230769232,0.6666666666666666,0.8333333333333333,0.0,1.0,0.0,0.3333333333333333,0.0,0.3333333333333333,0.0,0.0,0.6666666666666666,0.6666666666666666,0.0,0.4308838275318722,0.0,0.4666666666666667,0.8333333333333334,0.0,0.5691161724681277,0.4034263167819893,0.7018112016581091,0.0
0.7889858233369684,0.3333333333333333,0.5,0.9230769230769232,0.5,1.0,0.0,1.0,1.0,0.0,0.0,1.0,0.25,0.3333333333333333,0.6666666666666666,0.3333333333333333,0.3333333333333333,0.4934823091247672,0.0,0.4666666666666667,0.8,0.27499999999999997,0.5065176908752328,0.3590524681955989,0.5996325780771585,0.39866755496335776
0.7895310796074155,0.6666666666666666,1.0,0.0,0.5,0.3888888888888889,0.5,0.3333333333333333,1.0,0.3333333333333333,0.8,0.3333333333333333,0.0833333333333333,0.6666666666666666,0.3333333333333333,0.6666666666666666,0.6666666666666666,0.0772095688296805,0.0,0.4666666666666667,0.41111111111111115,0.2583333333333333,0.9227904311703194,0.6541334841957148,0.5613877243393471,0.6822870223269957
0.7900763358778626,0.6666666666666666,0.5,0.5384615384615385,0.3333333333333333,0.3888888888888889,0.0,0.6666666666666666,1.0,0.3333333333333333,0.2,0.0,0.25,0.0,0.3333333333333333,0.6666666666666666,0.0,0.4052428018908465,0.0,0.3333333333333333,0.4777777777777778,0.175,0.5947571981091535,0.30114452326036817,0.420500259079561,0.29789371188438485
0.7906215921483097,0.6666666666666666,1.0,0.3846153846153846,0.6666666666666666,0.1111111111111111,0.0,0.0,0.0,0.3333333333333333,0.4,0.6666666666666666,0.0,1.0,0.6666666666666666,0.6666666666666666,1.0,0.7115026500501361,0.0,0.6,0.28888888888888886,0.3,0.28849734994986387,0.2629357239218416,0.12333129210042862,0.24771178188899706
0.7911668484187568,0.6666666666666666,0.5,0.4615384615384615,0.5,0.7222222222222221,0.0,0.3333333333333333,0.5,0.3333333333333333,0.8,0.6666666666666666,0.0,0.0,0.0,0.6666666666666666,0.0,0.1637301246239793,0.0,0.6,0.4777777777777778,0.0,0.8362698753760207,0.7621741590147525,0.5912525319138914,0.0
0.7917121046892039,0.6666666666666666,1.0,0.9230769230769232,0.3333333333333333,0.5555555555555556,0.0,0.0,1.0,0.3333333333333333,0.4,0.6666666666666666,0.0,0.3333333333333333,0.3333333333333333,0.6666666666666666,0.3333333333333333,0.0901017046268442,0.0,0.6,0.24444444444444446,0.09999999999999999,0.9098982953731558,0.8292789068279734,0.32913467426633386,0.26042125762312307
0.792257360959651,1.0,1.0,0.9230769230769232,1.0,0.4999999999999999,0.0,0.0,1.0,1.0,0.6000000000000001,1.0,0.0,0.0,0.0,1.0,0.0,0.9561667382896432,0.0,1.2,0.5,0.0,0.04383326171035684,0.07989903825231762,0.032432050496961816,0.0
0.7928026172300982,0.6666666666666666,1.0,0.3846153846153846,0.6666666666666666,0.7777777777777777,1.0,0.3333333333333333,0.5,0.3333333333333333,0.8,0.3333333333333333,0.1666666666666666,0.0,0.6666666666666666,0.6666666666666666,0.0,0.4251539893997995,0.0,0.4666666666666667,0.5555555555555556,0.11666666666666661,0.5748460106002005,0.40748799628646437,0.47258467191106496,0.19194724884265182
0.7933478735005453,0.3333333333333333,0.5,0.3846153846153846,0.3333333333333333,0.8333333333333333,1.0,0.6666666666666666,1.0,0.0,0.6000000000000001,0.0,0.3333333333333333,0.3333333333333333,0.3333333333333333,0.3333333333333333,0.3333333333333333,0.534020913909182,0.0,0.06666666666666667,0.5666666666666667,0.3333333333333333,0.46597908609081795,0.0471880122430625,0.39074614913561634,0.44455832863561046
0.7944383860414395,0.6666666666666666,0.0,0.9230769230769232,0.3333333333333333,0.2222222222222222,0.0,0.3333333333333333,0.5,0.3333333333333333,0.2,0.6666666666666666,0.25,0.6666666666666666,0.3333333333333333,0.6666666666666666,0.6666666666666666,0.2674401948144965,0.0,0.6,0.3111111111111111,0.375,0.7325598051855036,0.6676530745463249,0.33725564086862314,0.7862450673909703
0.7949836423118867,0.3333333333333333,0.5,0.9230769230769232,0.1666666666666666,0.5555555555555556,0.0,1.0,1.0,0.0,0.4,0.0,0.0,1.0,1.0,0.3333333333333333,1.0,0.336771236212577,0.0,0.06666666666666667,0.5777777777777778,0.3,0.663228763787423,0.06716277180614184,0.5670545009185548,0.5694665095064829
0.7955288985823338,0.3333333333333333,0.0,0.1538461538461538,0.1666666666666666,1.0,1.0,0.3333333333333333,1.0,0.0,0.6000000000000001,0.6666666666666666,0.3333333333333333,0.0,0.0,0.3333333333333333,0.0,0.9210714797306976,0.0,0.3333333333333333,0.39999999999999997,0.2333333333333333,0.07892852026930242,0.039964025124388944,0.04671911065052523,0.05271015903927298
0.7960741548527809,0.6666666666666666,0.5,0.2307692307692307,0.3333333333333333,0.4444444444444445,0.5,1.0,0.5,0.3333333333333333,0.6000000000000001,0.0,0.0833333333333333,0.0,0.0,0.6666666666666666,0.0,0.24724251539894,0.0,0.3333333333333333,0.6222222222222222,0.058333333333333307,0.7527574846010601,0.38114510350029734,0.6931084836779877,0.1256768991612429
0.796619411123228,0.3333333333333333,0.5,0.0769230769230769,0.5,1.0,0.0,0.0,1.0,0.0,0.2,0.0,0.1666666666666666,1.0,0.6666666666666666,0.3333333333333333,1.0,0.5439048846870076,0.0,0.06666666666666667,0.4,0.41666666666666663,0.4560951153129924,0.046187098365174,0.26997032361392437,0.5439108970088318
0.7971646673936751,0.6666666666666666,1.0,0.6153846153846154,0.5,0.1111111111111111,0.5,0.0,0.5,0.3333333333333333,0.8,0.6666666666666666,0.25,0.0,0.3333333333333333,0.6666666666666666,0.0,0.4308838275318722,0.0,0.6,0.22222222222222224,0.175,0.5691161724681277,0.5186909787197005,0.18714965377549578,0.2850509916465946
0.7977099236641222,0.3333333333333333,0.5,0.0,0.3333333333333333,0.8333333333333333,1.0,0.3333333333333333,0.5,0.0,0.0,0.6666666666666666,0.1666666666666666,0.3333333333333333,0.3333333333333333,0.3333333333333333,0.3333333333333333,0.1908036097980232,0.0,0.3333333333333333,0.43333333333333335,0.21666666666666662,0.8091963902019768,0.40972192001392566,0.5188916105327618,0.5017988007994669
0.7982551799345693,0.0,0.0,0.2307692307692307,0.0,0.7222222222222221,1.0,1.0,0.0,0.6666666666666666,0.4,0.3333333333333333,0.1666666666666666,0.6666666666666666,0.6666666666666666,0.0,0.6666666666666666,0.902592751754763,0.0,0.5333333333333333,0.5444444444444445,0.3166666666666666,0.09740724824523705,0.07891263037265907,0.07847755428894436,0.08828302499188571
0.7988004362050164,0.0,1.0,0.4615384615384615,0.0,0.7777777777777777,0.5,0.0,1.0,0.6666666666666666,0.2,0.3333333333333333,0.25,0.6666666666666666,0.0,0.0,0.6666666666666666,0.9000143245953302,0.0,0.5333333333333333,0.15555555555555556,0.375,0.09998567540466985,0.08100149411781774,0.02301568608978285,0.10731307333572494
0.7993456924754635,0.6666666666666666,0.5,0.6923076923076923,0.3333333333333333,0.8888888888888888,1.0,0.6666666666666666,1.0,0.3333333333333333,0.8,0.0,0.0833333333333333,0.3333333333333333,1.0,0.6666666666666666,0.3333333333333333,0.2946569259418422,0.0,0.3333333333333333,0.5777777777777778,0.1583333333333333,0.7053430740581579,0.35713767642920347,0.6030618493570117,0.3196364816617981
0.8004362050163577,0.3333333333333333,0.5,0.3846153846153846,0.3333333333333333,0.6666666666666665,1.0,1.0,1.0,0.0,0.2,0.0,0.25,0.0,0.3333333333333333,0.3333333333333333,0.0,0.3066895860191949,0.0,0.06666666666666667,0.6666666666666666,0.175,0.6933104139808051,0.07020903143449816,0.6839700409816759,0.34725567570337723
0.8009814612868048,0.6666666666666666,0.5,0.5384615384615385,0.5,0.4999999999999999,0.0,0.3333333333333333,1.0,0.3333333333333333,0.2,0.6666666666666666,0.0833333333333333,0.6666666666666666,0.0,0.6666666666666666,0.6666666666666666,0.070477009024495,0.0,0.6,0.43333333333333335,0.2583333333333333,0.929522990975505,0.8471648026458939,0.5960502143294549,0.6872649003228617
0.8015267175572519,0.3333333333333333,1.0,0.7692307692307693,0.3333333333333333,0.8333333333333333,1.0,0.3333333333333333,1.0,0.0,1.0,0.0,0.25,0.3333333333333333,0.6666666666666666,0.3333333333333333,0.3333333333333333,0.2852026930239221,0.0,0.06666666666666667,0.43333333333333335,0.27499999999999997,0.7147973069760779,0.0723849311690384,0.4583588487446417,0.5625992927791729
0.802071973827699,0.3333333333333333,0.0,0.9230769230769232,0.3333333333333333,0.7222222222222221,1.0,0.3333333333333333,0.5,0.0,0.0,0.0,0.25,1.0,0.3333333333333333,0.3333333333333333,1.0,0.3750179057441627,0.0,0.06666666666666667,0.4111111111111111,0.475,0.6249820942558373,0.06328967027866023,0.3802133873474963,0.8496592015579358
0.8026172300981461,0.0,0.0,0.0769230769230769,0.1666666666666666,0.7777777777777777,1.0,1.0,1.0,0.6666666666666666,0.8,0.3333333333333333,0.25,0.6666666666666666,0.3333333333333333,0.0,0.6666666666666666,0.75275748460106,0.0,0.5333333333333333,0.6222222222222222,0.375,0.24724251539894004,0.20029882356354353,0.22765085496255127,0.2653615538359044
0.8031624863685933,0.3333333333333333,1.0,0.3846153846153846,0.3333333333333333,0.8333333333333333,1.0,0.3333333333333333,1.0,0.0,0.6000000000000001,1.0,0.25,1.0,0.6666666666666666,0.3333333333333333,1.0,0.3919209282337774,0.0,0.4666666666666667,0.43333333333333335,0.475,0.6080790717662226,0.43104573741241997,0.3899265156154316,0.8266796494644596
0.8037077426390404,0.3333333333333333,0.0,0.9230769230769232,0.3333333333333333,0.0555555555555555,0.5,0.0,0.5,0.0,0.0,0.3333333333333333,0.0,0.0,0.0,0.3333333333333333,0.0,0.3730124623979372,0.0,0.2,0.14444444444444443,0.0,0.6269875376020628,0.19047826276165195,0.13401714635639925,0.0
0.8042529989094875,0.3333333333333333,0.5,1.0,0.5,0.5555555555555556,0.5,0.0,1.0,0.0,0.4,0.3333333333333333,0.25,0.6666666666666666,0.0,0.3333333333333333,0.6666666666666666,0.1952442343503796,0.0,0.2,0.3111111111111111,0.375,0.8047557656496204,0.2444840941729405,0.3704931932733525,0.8637318710603188
0.8047982551799346,0.6666666666666666,1.0,0.0,0.5,0.1666666666666666,0.5,1.0,0.5,0.3333333333333333,1.0,1.0,0.0,0.0,0.6666666666666666,0.6666666666666666,0.0,0.1038533161438189,0.0,0.7333333333333333,0.6333333333333334,0.0,0.8961466838561811,0.9982447742141375,0.8398699891657639,0.0
0.8058887677208288,1.0,0.5,0.1538461538461538,0.6666666666666666,0.7222222222222221,0.5,0.3333333333333333,0.5,1.0,0.4,0.6666666666666666,0.25,1.0,0.6666666666666666,1.0,1.0,0.8518836842859189,0.0,1.0666666666666667,0.5444444444444445,0.475,0.14811631571408113,0.23998723472155745,0.11933204578642428,0.20136319376825712
0.806434023991276,0.6666666666666666,1.0,0.1538461538461538,0.6666666666666666,0.3333333333333333,0.0,0.0,0.0,0.3333333333333333,0.6000000000000001,0.0,0.3333333333333333,0.0,1.0,0.6666666666666666,0.0,0.6559232201690303,0.0,0.3333333333333333,0.3333333333333333,0.2333333333333333,0.34407677983096974,0.17421703874552125,0.16972066512789105,0.22978185483182148
0.806979280261723,0.6666666666666666,0.0,0.9230769230769232,0.5,0.9444444444444444,1.0,1.0,0.0,0.3333333333333333,0.8,1.0,0.0833333333333333,1.0,0.6666666666666666,0.6666666666666666,1.0,0.4447786850021487,0.0,0.7333333333333333,0.788888888888889,0.3583333333333333,0.5552213149978513,0.6184777405457156,0.6481605351170568,0.569425511197663
0.8075245365321702,0.3333333333333333,0.0,0.6923076923076923,0.5,0.6111111111111112,0.5,1.0,0.0,0.0,1.0,0.6666666666666666,0.1666666666666666,0.6666666666666666,0.3333333333333333,0.3333333333333333,0.6666666666666666,0.1486892995272883,0.0,0.3333333333333333,0.7222222222222223,0.3166666666666666,0.8513107004727117,0.4310457374124201,0.9098285364360075,0.7715676728334956
0.8080697928026173,0.0,1.0,0.1538461538461538,0.0,0.5555555555555556,1.0,0.0,0.5,0.6666666666666666,0.4,1.0,0.1666666666666666,0.6666666666666666,0.3333333333333333,0.0,0.6666666666666666,0.8994413407821229,0.0,0.8,0.11111111111111112,0.3166666666666666,0.1005586592178771,0.12219852909177946,0.01653398652786283,0.0911392405063291
0.8086150490730644,0.6666666666666666,0.5,0.7692307692307693,0.5,0.3333333333333333,0.5,0.6666666666666666,0.0,0.3333333333333333,0.4,1.0,0.3333333333333333,0.0,1.0,0.6666666666666666,0.0,0.5066609368285345,0.0,0.7333333333333333,0.5333333333333333,0.2333333333333333,0.4933390631714655,0.5495452369554811,0.3893541853125442,0.3294624096756009
0.8091603053435115,0.3333333333333333,1.0,0.1538461538461538,0.3333333333333333,0.7777777777777777,1.0,0.6666666666666666,0.5,0.0,1.0,1.0,0.3333333333333333,1.0,0.0,0.3333333333333333,1.0,0.5874516544907606,0.0,0.4666666666666667,0.5555555555555556,0.5333333333333333,0.41254834550923936,0.2924409243222072,0.33915869800744264,0.6297340234715318
0.8097055616139586,0.3333333333333333,0.0,0.3076923076923077,0.1666666666666666,0.1666666666666666,0.5,0.0,0.5,0.0,0.4,0.0,0.25,1.0,0.0,0.3333333333333333,1.0,0.5742730267869933,0.0,0.06666666666666667,0.09999999999999995,0.475,0.4257269732130067,0.04311182674035713,0.06299872815488243,0.5787731256085685
0.8102508178844057,0.0,0.0,0.1538461538461538,0.1666666666666666,0.7777777777777777,1.0,1.0,0.0,0.6666666666666666,0.4,0.3333333333333333,0.0833333333333333,0.6666666666666666,0.6666666666666666,0.0,0.6666666666666666,0.6652342071336484,0.0,0.5333333333333333,0.6222222222222222,0.2583333333333333,0.33476579286635155,0.2712041429130945,0.30823873003909746,0.24751703992210325
0.8113413304252999,0.3333333333333333,1.0,0.6923076923076923,0.5,0.7222222222222221,0.0,0.6666666666666666,0.0,0.0,0.8,0.3333333333333333,0.1666666666666666,1.0,0.0,0.3333333333333333,1.0,0.3041111588597622,0.0,0.2,0.6111111111111112,0.41666666666666663,0.6958888411402377,0.21141041820792897,0.6293042536153375,0.829874101026666
0.8118865866957471,0.0,0.5,0.3846153846153846,0.1666666666666666,0.7222222222222221,0.5,0.6666666666666666,1.0,0.6666666666666666,0.6000000000000001,0.3333333333333333,0.25,1.0,0.0,0.0,1.0,0.9438475863056868,0.0,0.5333333333333333,0.47777777777777775,0.475,0.05615241369431323,0.0454908104501212,0.03970040981676015,0.07633885102239546
0.8124318429661942,0.3333333333333333,0.0,0.1538461538461538,0.5,0.1666666666666666,1.0,0.6666666666666666,0.5,0.0,0.0,0.0,0.1666666666666666,1.0,0.3333333333333333,0.3333333333333333,1.0,0.4048130640309411,0.0,0.06666666666666667,0.5,0.41666666666666663,0.5951869359690589,0.06027242264676444,0.44037637194403884,0.7097832214421156
0.8129770992366413,0.3333333333333333,0.5,0.9230769230769232,0.3333333333333333,0.9444444444444444,0.0,0.3333333333333333,1.0,0.0,0.8,0.0,0.1666666666666666,1.0,1.0,0.3333333333333333,1.0,0.4678412834837415,0.0,0.06666666666666667,0.45555555555555555,0.41666666666666663,0.5321587165162585,0.05388978342544642,0.3587427575486363,0.6346196552725534
0.8135223555070884,0.3333333333333333,0.5,0.4615384615384615,0.3333333333333333,0.9444444444444444,0.5,0.3333333333333333,0.5,0.0,0.0,0.0,0.0833333333333333,0.6666666666666666,0.3333333333333333,0.3333333333333333,0.6666666666666666,0.320870935396075,0.0,0.06666666666666667,0.45555555555555555,0.2583333333333333,0.679129064603925,0.0687729376097016,0.4578194922040605,0.5021302037957601
0.8140676117775355,0.3333333333333333,1.0,0.0769230769230769,0.3333333333333333,0.0,1.0,0.0,0.0,0.0,0.2,0.0,0.1666666666666666,0.6666666666666666,0.0,0.3333333333333333,0.6666666666666666,0.4843145681134508,0.0,0.06666666666666667,0.13333333333333333,0.3166666666666666,0.5156854318865491,0.052221593628965564,0.10174760940223278,0.46738072054527735
0.8146128680479826,0.3333333333333333,0.5,0.2307692307692307,0.3333333333333333,0.6666666666666665,1.0,0.3333333333333333,0.0,0.0,1.0,0.0,0.25,0.0,0.3333333333333333,0.3333333333333333,0.0,0.3066895860191949,0.0,0.06666666666666667,0.39999999999999997,0.175,0.6933104139808051,0.07020903143449816,0.4103820245890055,0.34725567570337723
0.8151581243184297,0.3333333333333333,1.0,0.1538461538461538,0.3333333333333333,0.5555555555555556,0.0,0.3333333333333333,0.0,0.0,0.8,1.0,0.0833333333333333,0.6666666666666666,1.0,0.3333333333333333,0.6666666666666666,0.0714797306976078,0.0,0.4666666666666667,0.37777777777777777,0.2583333333333333,0.9285202693023922,0.6581951637001899,0.5190729662254462,0.6865235142383709
0.8157033805888768,0.3333333333333333,1.0,0.0,0.3333333333333333,0.7777777777777777,0.0,1.0,1.0,0.0,0.2,0.6666666666666666,0.0833333333333333,0.0,0.3333333333333333,0.3333333333333333,0.0,0.2627130783555365,0.0,0.3333333333333333,0.6888888888888889,0.058333333333333307,0.7372869216444635,0.3733118644559525,0.7515992274718545,0.12309400570559792
0.816793893129771,0.3333333333333333,0.5,0.0,0.1666666666666666,0.4999999999999999,0.0,1.0,1.0,0.0,0.6000000000000001,0.6666666666666666,0.3333333333333333,0.6666666666666666,1.0,0.3333333333333333,0.6666666666666666,0.4704197106431744,0.0,0.3333333333333333,0.5666666666666667,0.4333333333333333,0.5295802893568256,0.2681433772865079,0.4440788543972866,0.656806573395514
0.8173391494002181,0.3333333333333333,1.0,0.0769230769230769,0.5,0.2222222222222222,0.0,0.3333333333333333,1.0,0.0,0.6000000000000001,1.0,0.0833333333333333,0.6666666666666666,0.0,0.3333333333333333,0.6666666666666666,0.1350809339636155,0.0,0.4666666666666667,0.3777777777777778,0.2583333333333333,0.8649190660363845,0.6131105212005165,0.4835178293843328,0.6394984540221049
0.8178844056706652,0.6666666666666666,0.5,0.3846153846153846,0.5,0.2777777777777777,1.0,1.0,0.5,0.3333333333333333,0.8,0.3333333333333333,0.1666666666666666,0.3333333333333333,1.0,0.6666666666666666,0.3333333333333333,0.2160148975791433,0.0,0.4666666666666667,0.6555555555555557,0.21666666666666662,0.7839851024208567,0.5557392981998057,0.7605327617881202,0.48616477903619815
0.8184296619411123,0.3333333333333333,0.0,0.3076923076923077,0.1666666666666666,0.7777777777777777,1.0,0.6666666666666666,0.0,0.0,0.2,0.3333333333333333,0.0,0.6666666666666666,0.6666666666666666,0.3333333333333333,0.6666666666666666,0.2988110585875949,0.0,0.2,0.4888888888888889,0.19999999999999998,0.7011889414124051,0.21302058401148874,0.5072777803947429,0.401373443345462
0.8189749182115594,0.6666666666666666,0.5,0.0769230769230769,0.6666666666666666,0.8888888888888888,1.0,0.6666666666666666,0.5,0.3333333333333333,0.4,0.3333333333333333,0.25,0.0,0.0,0.6666666666666666,0.0,0.5739865348803896,0.0,0.4666666666666667,0.7111111111111111,0.175,0.42601346511961036,0.30198587115772374,0.44829243016628195,0.21337569825244707
0.8195201744820065,0.6666666666666666,1.0,0.6153846153846154,0.5,0.6111111111111112,0.5,0.3333333333333333,0.0,0.3333333333333333,0.0,0.0,0.1666666666666666,1.0,0.3333333333333333,0.6666666666666666,1.0,0.2439478584729981,0.0,0.3333333333333333,0.4555555555555556,0.41666666666666663,0.7560521415270018,0.3828132932967781,0.5096754439681568,0.901621141461248
0.8200654307524536,0.3333333333333333,0.5,0.9230769230769232,0.5,0.4444444444444445,0.0,1.0,1.0,0.0,1.0,0.3333333333333333,0.1666666666666666,0.6666666666666666,0.6666666666666666,0.3333333333333333,0.6666666666666666,0.1740438332617103,0.0,0.2,0.688888888888889,0.3166666666666666,0.8259561667382898,0.2509247573871796,0.8419897310283104,0.7485881207400195
0.8206106870229009,0.3333333333333333,0.0,0.0769230769230769,0.1666666666666666,0.1111111111111111,1.0,1.0,0.5,0.0,0.8,0.0,0.0,0.0,0.0,0.3333333333333333,0.0,0.3667096404526572,0.0,0.06666666666666667,0.4888888888888889,0.0,0.6332903595473428,0.06413101817601578,0.4581562956333317,0.0
0.821155943293348,0.3333333333333333,0.5,0.6153846153846154,0.1666666666666666,0.2777777777777777,1.0,1.0,0.0,0.0,0.6000000000000001,1.0,0.0,0.6666666666666666,0.0,0.3333333333333333,0.6666666666666666,0.2703051138805329,0.0,0.4666666666666667,0.5222222222222223,0.19999999999999998,0.7296948861194671,0.517254884894904,0.5638937302746243,0.41769077025572693
0.8222464558342422,0.6666666666666666,0.0,0.3846153846153846,0.3333333333333333,0.7222222222222221,1.0,1.0,1.0,0.3333333333333333,0.0,0.3333333333333333,0.25,0.0,0.6666666666666666,0.6666666666666666,0.0,0.3622690159003008,0.0,0.4666666666666667,0.6777777777777778,0.175,0.6377309840996992,0.4520649288480787,0.6396250412172029,0.3194178240147594
0.8227917121046893,0.3333333333333333,0.5,0.8461538461538463,0.3333333333333333,0.0,0.5,0.0,1.0,0.0,0.2,0.0,0.3333333333333333,1.0,0.3333333333333333,0.3333333333333333,1.0,0.88110585875949,0.0,0.06666666666666667,0.13333333333333333,0.5333333333333333,0.11889414124051001,0.012039978531122623,0.023458476612181457,0.18148584704214293
0.8233369683751364,1.0,1.0,0.3846153846153846,0.5,0.7222222222222221,1.0,0.3333333333333333,0.0,1.0,1.0,0.0,0.25,0.3333333333333333,1.0,1.0,0.3333333333333333,0.7173757341355107,0.0,0.8,0.4777777777777778,0.27499999999999997,0.2826242658644893,0.3434440140998302,0.1998186443073154,0.2224465740788192
0.8238822246455835,0.3333333333333333,0.0,0.6923076923076923,0.5,0.7222222222222221,1.0,0.3333333333333333,0.5,0.0,1.0,0.3333333333333333,0.1666666666666666,0.0,1.0,0.3333333333333333,0.0,0.3678556080790717,0.0,0.2,0.4777777777777778,0.11666666666666661,0.6321443919209283,0.19204491057052095,0.44693344010551606,0.21107979295854043
0.8244274809160306,0.3333333333333333,1.0,0.6923076923076923,0.5,1.0,0.5,0.3333333333333333,1.0,0.0,0.2,0.0,0.3333333333333333,0.0,0.6666666666666666,0.3333333333333333,0.0,0.8397077782552642,0.0,0.06666666666666667,0.5333333333333334,0.2333333333333333,0.16029222174473579,0.01623221201967014,0.12650619435677618,0.10704658432839649
0.8249727371864777,0.6666666666666666,0.5,0.6923076923076923,0.3333333333333333,0.8888888888888888,1.0,1.0,1.0,0.3333333333333333,0.2,1.0,0.25,1.0,0.6666666666666666,0.6666666666666666,1.0,0.5039392637158,0.0,0.7333333333333333,0.7111111111111111,0.475,0.4960607362842,0.5525769905856072,0.5220029205332328,0.6743914313534567
0.8255179934569248,0.6666666666666666,0.0,0.5384615384615385,0.6666666666666666,0.0,0.5,0.3333333333333333,0.5,0.3333333333333333,1.0,0.6666666666666666,0.1666666666666666,0.6666666666666666,1.0,0.6666666666666666,0.6666666666666666,0.551496920212004,0.0,0.6,0.4,0.3166666666666666,0.448503079787996,0.408764524130728,0.2654764708653257,0.40649139889646213
0.8260632497273719,0.3333333333333333,0.5,1.0,0.3333333333333333,0.4999999999999999,1.0,0.6666666666666666,1.0,0.0,0.0,0.6666666666666666,0.3333333333333333,1.0,0.3333333333333333,0.3333333333333333,1.0,0.4919066036384473,0.0,0.3333333333333333,0.5,0.5333333333333333,0.5080933963615527,0.25726387861380673,0.3759362193226246,0.7755786740463622
0.826608505997819,0.3333333333333333,0.5,0.5384615384615385,0.1666666666666666,0.8333333333333333,0.5,1.0,0.5,0.0,0.0,0.0,0.0833333333333333,0.0,0.0,0.3333333333333333,0.0,0.4010886692450938,0.0,0.06666666666666667,0.6333333333333333,0.058333333333333307,0.5989113307549062,0.06064957860075141,0.561300579396109,0.09999145868566253
0.8271537622682661,0.3333333333333333,1.0,0.9230769230769232,0.5,0.2777777777777777,1.0,0.3333333333333333,0.5,0.0,1.0,0.6666666666666666,0.25,0.3333333333333333,0.3333333333333333,0.3333333333333333,0.3333333333333333,0.2591319295229909,0.0,0.3333333333333333,0.3888888888888889,0.27499999999999997,0.7408680704770091,0.37512511423473605,0.42635074662018935,0.5831189463434633
0.8282442748091603,0.6666666666666666,0.0,0.3076923076923077,0.3333333333333333,0.3888888888888889,1.0,0.6666666666666666,0.5,0.3333333333333333,0.0,0.6666666666666666,0.0,0.3333333333333333,0.3333333333333333,0.6666666666666666,0.3333333333333333,0.0902449505801461,0.0,0.6,0.4777777777777778,0.09999999999999999,0.9097550494198539,0.8291483528439009,0.6432074049649065,0.26038025931430325
0.8287895310796074,0.3333333333333333,0.5,0.9230769230769232,0.1666666666666666,0.3333333333333333,0.5,0.3333333333333333,0.0,0.0,0.8,0.6666666666666666,0.1666666666666666,0.6666666666666666,1.0,0.3333333333333333,0.6666666666666666,0.3245953301819224,0.0,0.3333333333333333,0.2666666666666666,0.3166666666666666,0.6754046698180776,0.34197890827857313,0.26652221018418193,0.6121389159363841
0.8293347873500546,1.0,0.5,1.0,0.5,0.3888888888888889,0.0,0.6666666666666666,0.5,1.0,0.8,0.0,0.0833333333333333,0.6666666666666666,0.3333333333333333,1.0,0.6666666666666666,0.5744162727402952,0.0,0.8,0.5444444444444445,0.2583333333333333,0.42558372725970484,0.5171678489055224,0.34287766734184366,0.314665436717402
0.8298800436205017,0.6666666666666666,1.0,1.0,0.5,0.1666666666666666,1.0,0.3333333333333333,0.5,0.3333333333333333,1.0,0.3333333333333333,0.25,0.0,0.6666666666666666,0.6666666666666666,0.0,0.3871938117748174,0.0,0.4666666666666667,0.3666666666666667,0.175,0.6128061882251826,0.434396623003612,0.33250270855904657,0.3069338389791421
0.8304252998909488,0.6666666666666666,0.5,0.9230769230769232,0.5,0.9444444444444444,0.0,1.0,0.0,0.3333333333333333,0.4,0.6666666666666666,0.25,0.3333333333333333,1.0,0.6666666666666666,0.3333333333333333,0.3449362555507806,0.0,0.6,0.788888888888889,0.27499999999999997,0.6550637444492193,0.5970233691631489,0.7647157190635453,0.5155844821401117
0.8309705561613959,0.6666666666666666,0.5,1.0,0.5,1.0,0.5,1.0,0.0,0.3333333333333333,0.8,0.3333333333333333,0.3333333333333333,0.6666666666666666,0.3333333333333333,0.6666666666666666,0.6666666666666666,0.6063601203266008,0.0,0.4666666666666667,0.8,0.4333333333333333,0.3936398796733992,0.2790373819574394,0.46600405106222614,0.4882078614257161
0.831515812431843,0.3333333333333333,0.5,0.3846153846153846,0.1666666666666666,0.0,1.0,1.0,0.5,0.0,0.4,1.0,0.3333333333333333,1.0,0.0,0.3333333333333333,1.0,0.9939836699613236,0.0,0.4666666666666667,0.4666666666666667,0.5333333333333333,0.00601633003867641,0.0042647634796988566,0.004154694050591173,0.00918362117562651
0.8320610687022901,0.3333333333333333,0.5,0.3076923076923077,0.3333333333333333,0.4444444444444445,0.5,1.0,0.5,0.0,0.2,0.0,0.3333333333333333,0.0,0.3333333333333333,0.3333333333333333,0.0,0.4483598338346942,0.0,0.06666666666666667,0.6222222222222222,0.2333333333333333,0.5516401661653059,0.0558625991847629,0.5079278345659239,0.3683971369514341
0.8326063249727372,0.3333333333333333,0.5,0.3076923076923077,0.5,0.2777777777777777,1.0,1.0,0.0,0.0,0.8,0.6666666666666666,0.1666666666666666,0.6666666666666666,0.3333333333333333,0.3333333333333333,0.6666666666666666,0.1648760922503939,0.0,0.3333333333333333,0.6555555555555557,0.3166666666666666,0.8351239077496061,0.42284984841231843,0.8101417871779171,0.7568971113274909
0.8342420937840785,0.3333333333333333,0.0,0.7692307692307693,0.1666666666666666,0.1111111111111111,0.5,0.0,0.0,0.0,0.4,0.3333333333333333,0.0833333333333333,1.0,0.3333333333333333,0.3333333333333333,1.0,0.6225469130497063,0.0,0.2,0.08888888888888886,0.3583333333333333,0.37745308695029367,0.11466991601027027,0.04964906495831173,0.3871094484019201
0.8347873500545256,0.3333333333333333,1.0,0.6923076923076923,0.5,0.7777777777777777,0.5,0.0,1.0,0.0,0.2,0.6666666666666666,0.0,0.6666666666666666,0.6666666666666666,0.3333333333333333,0.6666666666666666,0.2516831399512964,0.0,0.3333333333333333,0.35555555555555557,0.19999999999999998,0.7483168600487036,0.37889667377460573,0.3937255640868623,0.4283503305488648
0.8353326063249727,0.3333333333333333,1.0,0.6923076923076923,0.1666666666666666,0.4444444444444445,0.5,0.3333333333333333,1.0,0.0,0.2,0.6666666666666666,0.25,0.3333333333333333,0.0,0.3333333333333333,0.3333333333333333,0.3277467411545623,0.0,0.3333333333333333,0.28888888888888886,0.27499999999999997,0.6722532588454377,0.34038324847324375,0.28738518064911206,0.529113924050633
0.8358778625954199,0.6666666666666666,0.0,0.0,0.6666666666666666,0.8888888888888888,0.0,0.6666666666666666,1.0,0.3333333333333333,0.0,0.3333333333333333,0.25,0.6666666666666666,0.0,0.6666666666666666,0.6666666666666666,0.4338919925512104,0.0,0.4666666666666667,0.7111111111111111,0.375,0.5661080074487896,0.40129393504214,0.5957134109001837,0.6075949367088609
0.836423118865867,1.0,1.0,0.3846153846153846,0.6666666666666666,0.7777777777777777,1.0,0.6666666666666666,1.0,1.0,0.4,1.0,0.25,0.6666666666666666,0.3333333333333333,1.0,0.6666666666666666,0.740008594757198,0.0,1.2,0.6888888888888889,0.375,0.25999140524280195,0.47391096218286266,0.2650383908803995,0.27904473940449964
0.8369683751363141,0.6666666666666666,0.0,0.0769230769230769,0.6666666666666666,0.6111111111111112,0.0,1.0,0.0,0.3333333333333333,0.6000000000000001,0.3333333333333333,0.3333333333333333,0.0,1.0,0.6666666666666666,0.0,0.6128061882251826,0.0,0.4666666666666667,0.788888888888889,0.2333333333333333,0.3871938117748174,0.2744679925149049,0.4520066889632107,0.2585763337262338
0.8375136314067613,0.6666666666666666,1.0,0.3846153846153846,0.5,0.4999999999999999,0.0,0.0,0.5,0.3333333333333333,1.0,1.0,0.25,1.0,0.3333333333333333,0.6666666666666666,1.0,0.2660077352814783,0.0,0.7333333333333333,0.3,0.475,0.7339922647185217,0.8176160842508375,0.3258467191106505,0.9978578383641676
0.8380588876772084,0.3333333333333333,0.5,0.5384615384615385,0.5,0.2222222222222222,0.0,0.3333333333333333,0.5,0.0,0.2,0.3333333333333333,0.0833333333333333,1.0,0.0,0.3333333333333333,1.0,0.3649906890130354,0.0,0.2,0.3777777777777778,0.3583333333333333,0.6350093109869646,0.19291527046433699,0.3549908144519289,0.6512547190761714
0.8386041439476555,0.3333333333333333,0.0,0.8461538461538463,0.3333333333333333,0.3333333333333333,0.0,0.0,0.0,0.0,0.6000000000000001,0.6666666666666666,0.0,1.0,0.0,0.3333333333333333,1.0,0.3781693167168027,0.0,0.3333333333333333,0.2,0.3,0.6218306832831972,0.3148526915879716,0.18403598850628855,0.53392097575975
0.8391494002181026,1.0,1.0,0.0769230769230769,0.6666666666666666,0.8888888888888888,0.0,0.6666666666666666,0.5,1.0,0.2,0.0,0.3333333333333333,0.6666666666666666,0.0,1.0,0.6666666666666666,0.8836842859189228,0.0,0.8,0.7111111111111111,0.4333333333333333,0.11631571408107721,0.1413464467557335,0.1223986056809082,0.1442593826337997
0.8396946564885497,0.3333333333333333,1.0,0.8461538461538463,0.3333333333333333,0.7777777777777777,0.0,0.3333333333333333,1.0,0.0,0.4,0.0,0.0833333333333333,0.0,1.0,0.3333333333333333,0.0,0.2627130783555365,0.0,0.06666666666666667,0.4222222222222222,0.058333333333333307,0.7372869216444635,0.0746623728911905,0.4606575910311366,0.12309400570559792
0.8402399127589968,0.3333333333333333,0.0,0.3846153846153846,0.1666666666666666,0.1666666666666666,0.0,0.0,0.5,0.0,1.0,0.0,0.25,1.0,1.0,0.3333333333333333,1.0,0.5742730267869933,0.0,0.06666666666666667,0.09999999999999995,0.475,0.4257269732130067,0.04311182674035713,0.06299872815488243,0.5787731256085685
0.8407851690294439,0.3333333333333333,0.0,0.3846153846153846,0.1666666666666666,0.6111111111111112,0.5,1.0,1.0,0.0,1.0,0.6666666666666666,0.0,1.0,1.0,0.3333333333333333,1.0,0.3509525855894571,0.0,0.3333333333333333,0.5888888888888889,0.3,0.6490474144105429,0.3286333899067264,0.5656013001083423,0.5572900117870139
0.841330425299891,0.3333333333333333,0.5,0.3846153846153846,0.5,0.4444444444444445,0.0,0.6666666666666666,0.5,0.0,0.6000000000000001,0.3333333333333333,0.0833333333333333,1.0,1.0,0.3333333333333333,1.0,0.3221601489757914,0.0,0.2,0.5555555555555556,0.3583333333333333,0.6778398510242085,0.20592715087688757,0.5572565829761175,0.6951809904508105
0.8418756815703381,0.3333333333333333,0.0,0.3076923076923077,0.1666666666666666,0.5555555555555556,1.0,1.0,1.0,0.0,1.0,0.6666666666666666,0.1666666666666666,0.0,1.0,0.3333333333333333,0.0,0.3584013751611516,0.0,0.3333333333333333,0.5777777777777778,0.11666666666666661,0.6415986248388483,0.3248618303668567,0.5485609308022046,0.214236662737662
0.8424209378407852,1.0,0.0,1.0,0.6666666666666666,0.5555555555555556,0.0,0.3333333333333333,0.0,1.0,1.0,1.0,0.0,0.6666666666666666,0.6666666666666666,1.0,0.6666666666666666,0.684572410829394,0.0,1.2,0.5111111111111112,0.19999999999999998,0.315427589170606,0.574959745854911,0.238569880823402,0.1805565520422283
0.8435114503816794,0.6666666666666666,1.0,0.5384615384615385,0.6666666666666666,0.5555555555555556,1.0,0.0,0.0,0.3333333333333333,0.0,0.3333333333333333,0.0833333333333333,0.0,0.3333333333333333,0.6666666666666666,0.0,0.3286062168743733,0.0,0.4666666666666667,0.37777777777777777,0.058333333333333307,0.6713937831256267,0.4759272959368699,0.37533091525743084,0.11209279283896201
0.8440567066521265,0.3333333333333333,1.0,0.0769230769230769,0.1666666666666666,0.0555555555555555,1.0,0.3333333333333333,1.0,0.0,0.4,0.6666666666666666,0.3333333333333333,1.0,0.3333333333333333,0.3333333333333333,1.0,0.916774101131643,0.0,0.3333333333333333,0.21111111111111105,0.5333333333333333,0.08322589886835696,0.04213992485892916,0.025999811578501095,0.12704009292949997
0.8446019629225736,0.6666666666666666,1.0,0.3846153846153846,0.6666666666666666,0.7222222222222221,0.0,1.0,1.0,0.3333333333333333,0.4,0.6666666666666666,0.25,1.0,0.6666666666666666,0.6666666666666666,1.0,0.5274316000572984,0.0,0.6,0.8111111111111111,0.475,0.4725683999427016,0.43069759345489356,0.5672123039238777,0.6424537487828627
0.8451472191930207,0.3333333333333333,0.5,1.0,0.5,0.7777777777777777,1.0,0.6666666666666666,0.5,0.0,0.4,0.0,0.25,0.6666666666666666,0.0,0.3333333333333333,0.6666666666666666,0.2737430167597765,0.0,0.06666666666666667,0.6222222222222222,0.375,0.7262569832402235,0.07354541102745984,0.668707899571341,0.7794803464357095
0.8456924754634678,0.6666666666666666,0.5,0.6923076923076923,0.3333333333333333,0.2222222222222222,0.0,0.0,0.5,0.3333333333333333,0.6000000000000001,0.6666666666666666,0.25,0.6666666666666666,0.3333333333333333,0.6666666666666666,0.6666666666666666,0.2674401948144965,0.0,0.6,0.17777777777777778,0.375,0.7325598051855036,0.6676530745463249,0.19271750906778465,0.7862450673909703
0.846237731733915,0.0,0.0,0.7692307692307693,0.1666666666666666,0.1111111111111111,0.5,0.3333333333333333,1.0,0.6666666666666666,0.8,0.0,0.0833333333333333,0.0,1.0,0.0,0.0,0.7885689729265148,0.0,0.39999999999999997,0.22222222222222218,0.058333333333333307,0.21143102707348516,0.1284651203272553,0.06952753309152572,0.035299543893814365
0.8467829880043621,0.6666666666666666,0.0,0.9230769230769232,0.5,0.4444444444444445,0.0,0.3333333333333333,0.0,0.3333333333333333,0.6000000000000001,0.3333333333333333,0.25,0.6666666666666666,0.3333333333333333,0.6666666666666666,0.6666666666666666,0.1819223606933104,0.0,0.4666666666666667,0.4222222222222223,0.375,0.8180776393066896,0.5799062912514324,0.5111357105845777,0.8780300312612106
0.8473282442748092,0.6666666666666666,0.0,0.4615384615384615,0.3333333333333333,0.7777777777777777,0.5,0.3333333333333333,0.5,0.3333333333333333,0.8,1.0,0.0833333333333333,1.0,0.3333333333333333,0.6666666666666666,1.0,0.4076779830969775,0.0,0.7333333333333333,0.4222222222222222,0.3583333333333333,0.5923220169030226,0.6598053295037498,0.3700833765132602,0.6074753583081365
0.8484187568157034,1.0,0.5,0.0,0.5,0.8888888888888888,1.0,0.3333333333333333,0.5,1.0,0.0,0.0,0.25,0.3333333333333333,0.3333333333333333,1.0,0.3333333333333333,0.7632144391920929,0.0,0.8,0.5111111111111112,0.27499999999999997,0.23678556080790714,0.2877409808956003,0.17908992416034666,0.18636806231742936
0.8489640130861505,0.6666666666666666,1.0,0.0769230769230769,0.6666666666666666,0.2777777777777777,0.0,0.6666666666666666,0.0,0.3333333333333333,0.8,0.6666666666666666,0.0,0.0,0.3333333333333333,0.6666666666666666,0.0,0.2715943274602492,0.0,0.6,0.5888888888888889,0.0,0.7284056725397507,0.6638670090082249,0.6347567007395544,0.0
0.8495092693565977,0.3333333333333333,0.5,0.7692307692307693,0.3333333333333333,0.1111111111111111,0.0,0.0,0.5,0.0,1.0,0.6666666666666666,0.25,0.3333333333333333,0.0,0.3333333333333333,0.3333333333333333,0.3543904884687007,0.0,0.3333333333333333,0.15555555555555556,0.27499999999999997,0.6456095115312993,0.32689267011909423,0.1486127467144001,0.5081432890893252
0.8500545256270448,0.6666666666666666,1.0,0.7692307692307693,0.3333333333333333,1.0,0.5,0.0,1.0,0.3333333333333333,0.0,0.6666666666666666,0.0833333333333333,0.0,0.6666666666666666,0.6666666666666666,0.0,0.6231198968629136,0.0,0.6,0.33333333333333337,0.058333333333333307,0.3768801031370864,0.3434875320945211,0.18590136134532953,0.06292215446112846
0.8505997818974919,0.3333333333333333,0.5,0.1538461538461538,0.1666666666666666,1.0,0.0,0.3333333333333333,0.5,0.0,0.0,0.6666666666666666,0.0,0.3333333333333333,0.6666666666666666,0.3333333333333333,0.3333333333333333,0.4752900730554362,0.0,0.3333333333333333,0.39999999999999997,0.09999999999999999,0.5247099269445639,0.2656773575873624,0.3105845777003156,0.15017680520678522
0.851145038167939,0.3333333333333333,0.5,0.4615384615384615,0.3333333333333333,0.1666666666666666,1.0,0.3333333333333333,1.0,0.0,0.0,0.3333333333333333,0.3333333333333333,0.0,0.3333333333333333,0.3333333333333333,0.0,0.5973356252685862,0.0,0.2,0.3,0.2333333333333333,0.4026643747314138,0.12232908307585186,0.17875783126854772,0.2689079075488136
0.8516902944383861,0.6666666666666666,0.5,0.0769230769230769,0.5,0.0555555555555555,0.5,0.3333333333333333,0.5,0.3333333333333333,0.4,1.0,0.0,0.0,0.3333333333333333,0.6666666666666666,0.0,0.2617103566824237,0.0,0.7333333333333333,0.34444444444444444,0.0,0.7382896433175763,0.8224030636668261,0.3763107070516745,0.0
0.8522355507088332,0.6666666666666666,0.5,0.6923076923076923,0.6666666666666666,0.4444444444444445,0.5,0.6666666666666666,0.5,0.3333333333333333,0.8,0.6666666666666666,0.0,0.0,0.3333333333333333,0.6666666666666666,0.0,0.3185790001432459,0.0,0.6,0.6222222222222222,0.0,0.6814209998567541,0.6210453022324731,0.6274247491638796,0.0
0.8527808069792803,0.6666666666666666,0.5,1.0,0.3333333333333333,0.9444444444444444,0.0,0.0,1.0,0.3333333333333333,0.0,1.0,0.3333333333333333,0.3333333333333333,0.0,0.6666666666666666,0.3333333333333333,0.688583297521845,0.0,0.7333333333333333,0.3222222222222222,0.3333333333333333,0.311416702478155,0.3468964416786341,0.14849027274011964,0.2971010779138694
0.8538713195201745,1.0,1.0,0.5384615384615385,0.5,0.4444444444444445,0.0,1.0,0.5,1.0,0.2,0.3333333333333333,0.0,0.3333333333333333,0.0,1.0,0.3333333333333333,0.5078069044549491,0.0,0.9333333333333333,0.688888888888889,0.09999999999999999,0.49219309554505086,0.6977965388688222,0.5017476094022328,0.14087018910469945
0.8544165757906216,0.6666666666666666,0.5,0.0769230769230769,0.3333333333333333,0.2222222222222222,0.5,0.6666666666666666,0.5,0.3333333333333333,0.8,0.3333333333333333,0.1666666666666666,0.0,0.0,0.6666666666666666,0.0,0.4076779830969775,0.0,0.4666666666666667,0.4444444444444445,0.11666666666666661,0.5923220169030226,0.41987611877511355,0.38956144896132655,0.19778267479799788
0.8549618320610688,0.3333333333333333,0.0,0.3076923076923077,0.1666666666666666,0.3888888888888889,1.0,0.6666666666666666,0.5,0.0,0.6000000000000001,1.0,0.25,1.0,0.6666666666666666,0.3333333333333333,1.0,0.5133934966337201,0.0,0.4666666666666667,0.4111111111111111,0.475,0.48660650336627986,0.34493813191754785,0.29603137217956565,0.6615384615384615
0.8555070883315159,0.3333333333333333,0.0,0.0769230769230769,0.5,0.7222222222222221,1.0,0.3333333333333333,0.5,0.0,0.4,1.0,0.1666666666666666,1.0,0.3333333333333333,0.3333333333333333,1.0,0.3041111588597622,0.0,0.4666666666666667,0.4777777777777778,0.41666666666666663,0.6958888411402377,0.4932909758185009,0.4920015073719911,0.829874101026666
0.856052344601963,0.3333333333333333,0.0,0.9230769230769232,0.1666666666666666,0.4444444444444445,0.0,0.0,1.0,0.0,0.0,0.6666666666666666,0.3333333333333333,0.0,0.0,0.3333333333333333,0.0,0.5590889557370005,0.0,0.3333333333333333,0.15555555555555556,0.2333333333333333,0.44091104426299954,0.2232473127638278,0.10149324037872719,0.2944498539435248
0.8565976008724101,0.6666666666666666,0.0,0.9230769230769232,0.3333333333333333,0.6111111111111112,0.0,0.0,0.5,0.3333333333333333,0.0,1.0,0.0833333333333333,0.3333333333333333,1.0,0.6666666666666666,0.3333333333333333,0.1151697464546626,0.0,0.7333333333333333,0.25555555555555554,0.1583333333333333,0.8848302535453374,0.9856390617520344,0.3346153846153846,0.40097370983446934
0.8571428571428572,0.6666666666666666,1.0,0.3076923076923077,0.3333333333333333,0.1111111111111111,1.0,0.6666666666666666,0.0,0.3333333333333333,1.0,0.6666666666666666,0.25,0.0,1.0,0.6666666666666666,0.0,0.5238504512247529,0.0,0.6,0.4222222222222222,0.175,0.47614954877524707,0.43396144305670387,0.2974987046021951,0.2384871624045508
0.8576881134133043,1.0,1.0,0.4615384615384615,0.6666666666666666,0.5555555555555556,0.0,0.3333333333333333,0.5,1.0,0.6000000000000001,0.6666666666666666,0.0833333333333333,0.0,0.3333333333333333,1.0,0.0,0.6635152556940267,0.0,1.0666666666666667,0.5111111111111112,0.058333333333333307,0.3364847443059733,0.5451934374864005,0.25449620801733475,0.05617793266027773
0.8582333696837514,0.6666666666666666,0.0,0.0,0.6666666666666666,0.6666666666666665,0.0,0.0,1.0,0.3333333333333333,0.6000000000000001,0.3333333333333333,0.25,0.6666666666666666,0.3333333333333333,0.6666666666666666,0.6666666666666666,0.353387766795588,0.0,0.4666666666666667,0.39999999999999997,0.375,0.646612233204412,0.45836053208001504,0.382740590701399,0.6939988725465075
0.8593238822246456,0.6666666666666666,0.5,0.0,0.5,0.8333333333333333,1.0,0.3333333333333333,0.5,0.3333333333333333,0.4,0.0,0.3333333333333333,0.0,0.6666666666666666,0.6666666666666666,0.0,0.5308695029365421,0.0,0.3333333333333333,0.5,0.2333333333333333,0.4691304970634579,0.237535721020642,0.347107729991992,0.313295409897675
0.8598691384950927,0.0,0.5,0.6153846153846154,0.0,0.7777777777777777,1.0,0.6666666666666666,0.0,0.6666666666666666,0.6000000000000001,0.6666666666666666,0.25,0.6666666666666666,0.3333333333333333,0.0,0.6666666666666666,0.9000143245953302,0.0,0.6666666666666666,0.4222222222222222,0.375,0.09998567540466985,0.10125186764727216,0.06247114795798202,0.10731307333572494
0.8604143947655398,1.0,1.0,0.3076923076923077,0.6666666666666666,0.0,0.5,0.3333333333333333,0.0,1.0,0.0,0.3333333333333333,0.25,0.6666666666666666,0.6666666666666666,1.0,0.6666666666666666,0.9252256123764504,0.0,0.9333333333333333,0.4,0.375,0.0747743876235496,0.10600983506680006,0.04426021008997124,0.08025418951468248
0.8609596510359869,0.6666666666666666,1.0,0.0769230769230769,0.6666666666666666,0.1111111111111111,1.0,0.3333333333333333,0.0,0.3333333333333333,0.0,0.6666666666666666,0.1666666666666666,0.6666666666666666,0.0,0.6666666666666666,0.6666666666666666,0.3659934106861481,0.0,0.6,0.4222222222222222,0.3166666666666666,0.6340065893138519,0.5778319335045041,0.39612793819774833,0.5746186303148328
0.861504907306434,1.0,0.0,0.4615384615384615,0.8333333333333333,0.9444444444444444,0.5,0.6666666666666666,0.0,1.0,0.6000000000000001,0.3333333333333333,0.0,0.3333333333333333,0.3333333333333333,1.0,0.3333333333333333,0.980948288210858,0.0,0.9333333333333333,0.7888888888888889,0.09999999999999999,0.019051711789142,0.027010168704759478,0.022240802675585335,0.00545277507302825
0.8620501635768811,0.3333333333333333,0.0,0.3076923076923077,0.3333333333333333,0.3333333333333333,0.5,0.6666666666666666,0.0,0.0,0.4,0.0,0.3333333333333333,1.0,0.3333333333333333,0.3333333333333333,1.0,0.5590889557370005,0.0,0.06666666666666667,0.4666666666666667,0.5333333333333333,0.44091104426299954,0.044649462552765556,0.3044797211361816,0.6730282375851996
0.8625954198473282,0.3333333333333333,0.0,0.0,0.5,0.8888888888888888,0.0,1.0,0.0,0.0,1.0,0.0,0.0833333333333333,0.3333333333333333,0.3333333333333333,0.3333333333333333,0.3333333333333333,0.1948144964904741,0.0,0.06666666666666667,0.7777777777777779,0.1583333333333333,0.8051855035095259,0.08153821605233764,0.9267275896179756,0.36488153197013956
0.8631406761177753,0.3333333333333333,1.0,0.8461538461538463,0.1666666666666666,0.4999999999999999,0.0,0.3333333333333333,0.5,0.0,0.2,0.0,0.0833333333333333,0.3333333333333333,0.0,0.3333333333333333,0.3333333333333333,0.1605787136513393,0.0,0.06666666666666667,0.29999999999999993,0.1583333333333333,0.8394212863486608,0.08500514962937175,0.3726506194356775,0.38039597533268416
0.8636859323882226,1.0,1.0,0.1538461538461538,0.5,0.4444444444444445,1.0,1.0,0.0,1.0,0.6000000000000001,0.0,0.25,0.6666666666666666,0.6666666666666666,1.0,0.6666666666666666,0.6501933820369574,0.0,0.8,0.688888888888889,0.375,0.3498066179630426,0.4250837721397799,0.35659710772999204,0.3754420130169631
0.8647764449291168,0.3333333333333333,0.5,0.6153846153846154,0.1666666666666666,0.4444444444444445,1.0,0.6666666666666666,0.5,0.0,0.4,0.0,0.25,0.3333333333333333,0.6666666666666666,0.3333333333333333,0.3333333333333333,0.3277467411545623,0.0,0.06666666666666667,0.4222222222222222,0.27499999999999997,0.6722532588454377,0.06807664969464874,0.42002449479485615,0.529113924050633
0.8653217011995639,0.6666666666666666,1.0,0.6153846153846154,0.5,0.4444444444444445,1.0,0.0,1.0,0.3333333333333333,0.8,0.0,0.1666666666666666,1.0,0.3333333333333333,0.6666666666666666,1.0,0.2362125769946998,0.0,0.3333333333333333,0.2888888888888889,0.41666666666666663,0.7637874230053002,0.38672991281895064,0.3265156154317208,0.9108457609456944
0.865866957470011,0.3333333333333333,0.5,0.4615384615384615,0.1666666666666666,0.9444444444444444,1.0,0.0,0.5,0.0,0.4,0.0,0.3333333333333333,0.6666666666666666,0.6666666666666666,0.3333333333333333,0.6666666666666666,0.721100128921358,0.0,0.06666666666666667,0.25555555555555554,0.4333333333333333,0.278899871078642,0.02824317855433221,0.10547128927410614,0.3459027315123251
0.8664122137404581,0.3333333333333333,0.5,0.0769230769230769,0.1666666666666666,0.2222222222222222,0.5,0.3333333333333333,1.0,0.0,0.6000000000000001,0.3333333333333333,0.0,1.0,0.0,0.3333333333333333,1.0,0.4479300959747887,0.0,0.2,0.2444444444444444,0.3,0.5520699040252113,0.16771835153836112,0.19969852560177112,0.4740224465740789
0.8669574700109052,0.6666666666666666,0.0,0.4615384615384615,0.3333333333333333,0.4444444444444445,0.5,0.0,0.0,0.3333333333333333,0.4,0.6666666666666666,0.0833333333333333,0.3333333333333333,0.0,0.6666666666666666,0.3333333333333333,0.1680275032230339,0.0,0.6,0.22222222222222224,0.1583333333333333,0.8319724967769662,0.7582575394925802,0.27358801639267044,0.37702044790652384
0.8675027262813523,0.6666666666666666,1.0,0.0,0.5,0.1666666666666666,0.5,0.3333333333333333,0.5,0.3333333333333333,0.8,0.6666666666666666,0.3333333333333333,0.0,0.0,0.6666666666666666,0.0,0.5600916774101132,0.0,0.6,0.3666666666666667,0.2333333333333333,0.43990832258988677,0.4009312850863831,0.23868999952894623,0.2937802148994687
0.8680479825517994,0.3333333333333333,0.0,0.0,0.5,0.2777777777777777,0.0,1.0,0.0,0.0,0.0,0.6666666666666666,0.0,0.0,0.0,0.3333333333333333,0.0,0.1832115742730267,0.0,0.3333333333333333,0.6555555555555557,0.0,0.8167884257269733,0.4135660095449469,0.7923547976824157,0.0
0.8685932388222465,0.6666666666666666,0.5,0.3846153846153846,0.5,0.8888888888888888,0.5,1.0,1.0,0.3333333333333333,0.6000000000000001,0.0,0.3333333333333333,0.3333333333333333,1.0,0.6666666666666666,0.3333333333333333,0.4818793869073199,0.0,0.3333333333333333,0.7777777777777779,0.3333333333333333,0.5181206130926801,0.26234097799440065,0.5963304913090584,0.49430294333692065
0.8691384950926936,0.6666666666666666,1.0,0.0,0.3333333333333333,0.3888888888888889,0.5,1.0,0.5,0.3333333333333333,1.0,0.3333333333333333,0.0,1.0,0.3333333333333333,0.6666666666666666,1.0,0.3631284916201117,0.0,0.4666666666666667,0.6111111111111112,0.3,0.6368715083798884,0.4514556769224075,0.5759338640538887,0.5468354430379748
0.8696837513631407,0.3333333333333333,1.0,0.3076923076923077,0.3333333333333333,0.6111111111111112,0.5,0.0,0.0,0.0,0.6000000000000001,0.0,0.25,0.0,0.6666666666666666,0.3333333333333333,0.0,0.3172897865635296,0.0,0.06666666666666667,0.25555555555555554,0.175,0.6827102134364704,0.06913558756545832,0.25817984832069335,0.3419463947112181
0.8707742639040349,0.0,0.5,0.0769230769230769,0.1666666666666666,0.5555555555555556,1.0,0.3333333333333333,0.5,0.6666666666666666,0.4,0.3333333333333333,0.0833333333333333,1.0,0.3333333333333333,0.0,1.0,0.9104712791863632,0.0,0.5333333333333333,0.31111111111111106,0.3583333333333333,0.08952872081363683,0.07252999115134093,0.04121720288284884,0.09181912912758997
0.871319520174482,0.3333333333333333,0.5,0.7692307692307693,0.3333333333333333,0.6666666666666665,1.0,0.3333333333333333,0.5,0.0,0.8,0.6666666666666666,0.3333333333333333,0.0,1.0,0.3333333333333333,0.0,0.4833118464403381,0.0,0.3333333333333333,0.39999999999999997,0.2333333333333333,0.5166881535596619,0.2616156780828872,0.30583635592821135,0.34505543313005005
0.8718647764449291,0.6666666666666666,0.5,0.3846153846153846,0.6666666666666666,0.3888888888888889,1.0,0.0,0.5,0.3333333333333333,0.2,1.0,0.1666666666666666,1.0,0.6666666666666666,0.6666666666666666,1.0,0.4429164876092251,0.0,0.7333333333333333,0.34444444444444444,0.41666666666666663,0.5570835123907749,0.6205520982926438,0.2839488435630505,0.6643434291668802
0.8724100327153763,1.0,0.5,0.0,0.5,0.9444444444444444,0.5,0.3333333333333333,1.0,1.0,1.0,0.0,0.25,1.0,1.0,1.0,1.0,0.9329608938547486,0.0,0.8,0.5222222222222223,0.475,0.06703910614525144,0.08146568606118634,0.0518064911206369,0.09113924050632917
0.8729552889858234,0.6666666666666666,1.0,0.0769230769230769,0.5,0.4444444444444445,1.0,0.3333333333333333,0.0,0.3333333333333333,0.4,0.6666666666666666,0.1666666666666666,0.3333333333333333,0.6666666666666666,0.6666666666666666,0.3333333333333333,0.1824953445065177,0.0,0.6,0.4222222222222223,0.21666666666666662,0.8175046554934823,0.7450715871012663,0.5107777097366809,0.506950921607817
0.8735005452562705,0.6666666666666666,1.0,1.0,0.3333333333333333,0.7777777777777777,0.0,0.6666666666666666,0.0,0.3333333333333333,0.2,0.6666666666666666,0.3333333333333333,0.3333333333333333,1.0,0.6666666666666666,0.3333333333333333,0.5424724251539894,0.0,0.6,0.5555555555555556,0.3333333333333333,0.4575275748460106,0.4169894251272901,0.3761364171651986,0.4364953279010574
0.8740458015267176,0.3333333333333333,0.0,0.6923076923076923,0.5,0.1666666666666666,0.0,0.0,0.0,0.0,0.0,0.0,0.3333333333333333,0.3333333333333333,1.0,0.3333333333333333,0.3333333333333333,0.4711359404096834,0.0,0.06666666666666667,0.23333333333333334,0.3333333333333333,0.5288640595903167,0.05355614546615026,0.18260869565217394,0.5045525205418612
0.8745910577971647,0.6666666666666666,0.0,0.0769230769230769,0.6666666666666666,0.7222222222222221,0.0,0.6666666666666666,0.0,0.3333333333333333,1.0,0.0,0.0,1.0,1.0,0.6666666666666666,1.0,0.5960464116888697,0.0,0.3333333333333333,0.6777777777777778,0.3,0.40395358831113026,0.20453457504678182,0.40515332799472425,0.34684569261517967
0.8751363140676118,0.6666666666666666,0.5,0.7692307692307693,0.3333333333333333,0.9444444444444444,1.0,0.0,0.5,0.3333333333333333,0.8,1.0,0.1666666666666666,0.0,0.3333333333333333,0.6666666666666666,0.0,0.5247099269445639,0.0,0.7333333333333333,0.3222222222222222,0.11666666666666661,0.47529007305543614,0.5294399234083292,0.22662866833105652,0.15870445344129547
0.876226826608506,0.3333333333333333,0.0,0.9230769230769232,0.3333333333333333,0.1111111111111111,1.0,0.3333333333333333,0.0,0.0,1.0,0.6666666666666666,0.1666666666666666,0.0,1.0,0.3333333333333333,0.0,0.4632574129780834,0.0,0.3333333333333333,0.28888888888888886,0.11666666666666661,0.5367425870219166,0.27176987684407494,0.22945499081445186,0.17922410700558594
0.8767720828789531,0.3333333333333333,0.5,0.9230769230769232,0.3333333333333333,0.8333333333333333,0.5,0.3333333333333333,0.5,0.0,0.2,0.6666666666666666,0.0833333333333333,1.0,0.6666666666666666,0.3333333333333333,1.0,0.2882108580432603,0.0,0.3333333333333333,0.43333333333333335,0.3583333333333333,0.7117891419567397,0.3604015260310138,0.45642988364972437,0.7299988042159926
0.8773173391494002,0.3333333333333333,1.0,0.0,0.5,0.8888888888888888,0.5,0.0,1.0,0.0,0.2,0.3333333333333333,0.0833333333333333,0.3333333333333333,0.0,0.3333333333333333,0.3333333333333333,0.1948144964904741,0.0,0.2,0.37777777777777777,0.1583333333333333,0.8051855035095259,0.24461464815701295,0.4501248292430166,0.36488153197013956
0.8778625954198473,0.3333333333333333,0.0,0.2307692307692307,0.1666666666666666,0.8333333333333333,0.0,0.0,1.0,0.0,0.6000000000000001,0.6666666666666666,0.0833333333333333,0.3333333333333333,0.6666666666666666,0.3333333333333333,0.3333333333333333,0.2476722532588454,0.0,0.3333333333333333,0.23333333333333328,0.1583333333333333,0.7523277467411547,0.38092751352684334,0.25976729944886706,0.34092827004219406
0.8784078516902945,0.3333333333333333,0.5,0.2307692307692307,0.5,0.8333333333333333,0.5,0.0,0.0,0.0,1.0,1.0,0.25,1.0,1.0,0.3333333333333333,1.0,0.3923506660936828,0.0,0.4666666666666667,0.3666666666666667,0.475,0.6076493339063171,0.4307411114495844,0.3297046493004852,0.8260954235637781
0.8789531079607416,0.6666666666666666,0.0,1.0,0.5,0.8888888888888888,0.0,0.3333333333333333,0.0,0.3333333333333333,0.4,0.6666666666666666,0.3333333333333333,0.3333333333333333,0.3333333333333333,0.6666666666666666,0.3333333333333333,0.4818793869073199,0.0,0.6,0.5111111111111112,0.3333333333333333,0.5181206130926801,0.4722137603899212,0.3918743228602384,0.49430294333692065
0.8794983642311887,0.3333333333333333,1.0,0.8461538461538463,0.3333333333333333,0.1111111111111111,0.0,0.6666666666666666,0.0,0.0,1.0,0.3333333333333333,0.25,0.3333333333333333,1.0,0.3333333333333333,0.3333333333333333,0.3543904884687007,0.0,0.2,0.4222222222222222,0.27499999999999997,0.6456095115312993,0.19613560207145656,0.4033774553676575,0.5081432890893252
0.8800436205016358,1.0,0.5,0.3846153846153846,0.5,0.4444444444444445,0.5,0.6666666666666666,1.0,1.0,0.2,0.0,0.3333333333333333,0.0,0.6666666666666666,1.0,0.0,0.8465835840137517,0.0,0.8,0.5555555555555556,0.2333333333333333,0.15341641598624833,0.18643108925540702,0.12612464082151767,0.10245477374058316
0.8811341330425301,0.6666666666666666,0.5,0.8461538461538463,0.3333333333333333,0.8333333333333333,0.0,0.6666666666666666,0.5,0.3333333333333333,0.8,0.0,0.1666666666666666,0.3333333333333333,1.0,0.6666666666666666,0.3333333333333333,0.287637874230053,0.0,0.3333333333333333,0.5666666666666667,0.21666666666666662,0.7123621257699471,0.3606916459956192,0.5973503226718169,0.4417499444814568
0.8816793893129772,0.6666666666666666,1.0,0.4615384615384615,0.6666666666666666,0.2222222222222222,0.5,0.3333333333333333,0.0,0.3333333333333333,0.0,1.0,0.3333333333333333,0.0,0.0,0.6666666666666666,0.0,0.6967483168600487,0.0,0.7333333333333333,0.4444444444444445,0.2333333333333333,0.3032516831399513,0.33780118078825594,0.19944415657826559,0.20251797946668035
0.8822246455834243,1.0,0.5,0.4615384615384615,0.8333333333333333,0.7777777777777777,0.0,1.0,1.0,1.0,0.0,0.0,0.0,0.6666666666666666,0.6666666666666666,1.0,0.6666666666666666,0.9795158286778398,0.0,0.8,0.888888888888889,0.19999999999999998,0.020484171322160183,0.0248922929631403,0.02694427434170243,0.011725516322451716
0.8827699018538714,0.3333333333333333,0.5,0.3076923076923077,0.3333333333333333,0.9444444444444444,1.0,1.0,1.0,0.0,0.8,0.3333333333333333,0.25,0.6666666666666666,1.0,0.3333333333333333,0.6666666666666666,0.4095401804899011,0.0,0.2,0.7222222222222222,0.375,0.590459819510099,0.17938117411549678,0.6310471524800981,0.6337313585814587
0.8833151581243185,0.3333333333333333,0.0,0.0769230769230769,0.5,0.1666666666666666,0.0,1.0,1.0,0.0,0.2,0.6666666666666666,0.1666666666666666,0.3333333333333333,0.0,0.3333333333333333,0.3333333333333333,0.2181635868786706,0.0,0.3333333333333333,0.6333333333333334,0.21666666666666662,0.7818364131213293,0.3958686917040196,0.7327382354326629,0.4848323339995558
0.8838604143947656,0.3333333333333333,0.0,0.0769230769230769,0.1666666666666666,0.0,1.0,0.0,0.5,0.0,0.6000000000000001,0.3333333333333333,0.0833333333333333,0.0,1.0,0.3333333333333333,0.0,0.6494771522704484,0.0,0.2,0.06666666666666664,0.058333333333333307,0.35052284772955156,0.10648853300839893,0.03458005558434214,0.05852166931447408
0.8844056706652127,0.3333333333333333,0.5,0.6153846153846154,0.1666666666666666,0.6111111111111112,0.5,0.3333333333333333,1.0,0.0,0.6000000000000001,1.0,0.3333333333333333,0.3333333333333333,1.0,0.3333333333333333,0.3333333333333333,0.4510815069474287,0.0,0.4666666666666667,0.3222222222222222,0.3333333333333333,0.5489184930525712,0.38910889652871455,0.26173630411229915,0.5236850646577496
0.8849509269356598,0.6666666666666666,0.0,0.2307692307692307,0.5,0.0,0.0,0.3333333333333333,0.0,0.3333333333333333,0.8,1.0,0.25,1.0,0.6666666666666666,0.6666666666666666,1.0,0.6309984242945137,0.0,0.7333333333333333,0.33333333333333337,0.475,0.3690015757054863,0.41104196585288005,0.1820151679306609,0.5016553067185978
0.8854961832061069,0.6666666666666666,0.0,0.8461538461538463,0.3333333333333333,0.8888888888888888,0.5,0.3333333333333333,0.5,0.3333333333333333,0.4,0.3333333333333333,0.25,0.0,0.6666666666666666,0.6666666666666666,0.0,0.4851740438332617,0.0,0.4666666666666667,0.4444444444444444,0.175,0.5148259561667383,0.36494190347708777,0.33859343351076354,0.257858863321888
0.8871319520174482,0.3333333333333333,0.5,0.0,0.5,0.1666666666666666,0.0,1.0,0.0,0.0,0.2,1.0,0.0,0.6666666666666666,1.0,0.3333333333333333,0.6666666666666666,0.2289070333763071,0.0,0.4666666666666667,0.6333333333333334,0.19999999999999998,0.7710929666236929,0.5466005193147366,0.722669461585567,0.4413877927535489
0.8876772082878953,0.6666666666666666,0.0,0.2307692307692307,0.6666666666666666,0.8888888888888888,1.0,1.0,0.0,0.3333333333333333,0.0,0.6666666666666666,0.0833333333333333,0.6666666666666666,0.6666666666666666,0.6666666666666666,0.6666666666666666,0.3419280905314425,0.0,0.6,0.8444444444444446,0.2583333333333333,0.6580719094685574,0.5997650028286695,0.8223279476188233,0.4865610960214557
0.8882224645583424,0.6666666666666666,0.5,0.2307692307692307,0.6666666666666666,0.1666666666666666,0.0,0.3333333333333333,0.0,0.3333333333333333,0.8,0.3333333333333333,0.0,0.6666666666666666,0.3333333333333333,0.6666666666666666,0.6666666666666666,0.3413551067182352,0.0,0.4666666666666667,0.43333333333333335,0.19999999999999998,0.6586448932817648,0.4668900590394128,0.42235150030618496,0.37702044790652384
0.8887677208287895,0.6666666666666666,1.0,0.0,0.5,0.0555555555555555,0.5,0.0,1.0,0.3333333333333333,1.0,0.6666666666666666,0.0833333333333333,0.3333333333333333,0.3333333333333333,0.6666666666666666,0.3333333333333333,0.2946569259418422,0.0,0.6,0.2111111111111111,0.1583333333333333,0.7053430740581579,0.6428478175725663,0.22034952188044654,0.3196364816617981
0.8893129770992367,0.6666666666666666,0.0,0.6923076923076923,0.6666666666666666,0.9444444444444444,0.0,1.0,0.5,0.3333333333333333,1.0,1.0,0.0,0.0,1.0,0.6666666666666666,0.0,0.5390345222747458,0.0,0.7333333333333333,0.8555555555555556,0.0,0.4609654777252542,0.5134833253550342,0.5836026190588345,0.0
0.8898582333696838,0.3333333333333333,0.5,0.5384615384615385,0.1666666666666666,0.7222222222222221,1.0,1.0,0.5,0.0,0.2,0.0,0.0,0.0,0.6666666666666666,0.3333333333333333,0.0,0.282910757771093,0.0,0.06666666666666667,0.6111111111111112,0.0,0.717089242228907,0.07261702714072268,0.6484761411277027,0.0
0.8904034896401309,0.6666666666666666,0.0,0.8461538461538463,0.3333333333333333,0.2777777777777777,0.5,0.6666666666666666,1.0,0.3333333333333333,0.8,0.3333333333333333,0.3333333333333333,0.6666666666666666,0.6666666666666666,0.6666666666666666,0.6666666666666666,0.4311703194384759,0.0,0.4666666666666667,0.45555555555555555,0.4333333333333333,0.568829680561524,0.4032232328067655,0.3834636582034009,0.7054852320675105
0.890948745910578,0.6666666666666666,0.0,0.6923076923076923,0.5,0.4999999999999999,0.0,0.0,0.0,0.3333333333333333,0.6000000000000001,0.6666666666666666,0.0,0.0,0.6666666666666666,0.6666666666666666,0.0,0.0767798309697751,0.0,0.6,0.3,0.0,0.9232201690302249,0.8414204273467077,0.4098520891233689,0.0
0.8914940021810251,1.0,1.0,0.0769230769230769,0.6666666666666666,0.9444444444444444,0.0,0.6666666666666666,0.5,1.0,1.0,0.6666666666666666,0.0833333333333333,0.3333333333333333,0.3333333333333333,1.0,0.3333333333333333,0.7960177624982094,0.0,1.0666666666666667,0.7222222222222222,0.1583333333333333,0.20398223750179056,0.330504663678431,0.2180036742192284,0.09243752028562154
0.8920392584514723,0.6666666666666666,1.0,1.0,0.3333333333333333,0.9444444444444444,1.0,1.0,0.0,0.3333333333333333,0.8,0.6666666666666666,0.0,1.0,0.0,0.6666666666666666,1.0,0.6444635439048847,0.0,0.6,0.7222222222222222,0.3,0.3555364560951153,0.3240349884677314,0.37997550520514384,0.30527340747194176
0.8931297709923665,0.3333333333333333,0.5,0.0769230769230769,0.1666666666666666,0.2777777777777777,1.0,0.6666666666666666,0.5,0.0,0.2,0.0,0.0,0.6666666666666666,0.6666666666666666,0.3333333333333333,0.6666666666666666,0.2703051138805329,0.0,0.06666666666666667,0.38888888888888884,0.19999999999999998,0.7296948861194671,0.07389355498498629,0.4199208629704649,0.41769077025572693
0.8936750272628136,1.0,0.5,1.0,0.5,0.1666666666666666,0.5,0.3333333333333333,0.5,1.0,0.2,0.6666666666666666,0.0833333333333333,0.0,0.0,1.0,0.0,0.6586448932817648,0.0,1.0666666666666667,0.3666666666666667,0.058333333333333307,0.3413551067182352,0.5530847005236665,0.18521597814310614,0.05699106578520301
0.8942202835332607,1.0,0.5,0.2307692307692307,0.6666666666666666,0.4444444444444445,0.5,0.6666666666666666,0.0,1.0,1.0,0.6666666666666666,0.3333333333333333,1.0,0.0,1.0,1.0,0.9067468844005157,0.0,1.0666666666666667,0.6222222222222222,0.5333333333333333,0.09325311559948435,0.1510944775664738,0.08586367704555092,0.1423461282222109
0.8947655398037078,0.0,0.0,0.3846153846153846,0.1666666666666666,0.2222222222222222,1.0,0.0,0.5,0.6666666666666666,0.4,0.6666666666666666,0.1666666666666666,0.0,0.3333333333333333,0.0,0.0,0.805901733276035,0.0,0.6666666666666666,0.11111111111111108,0.11666666666666661,0.19409826672396502,0.19655627602013426,0.03191389137500587,0.06481149319257244
0.8953107960741549,0.6666666666666666,1.0,0.5384615384615385,0.3333333333333333,0.8333333333333333,0.0,0.0,1.0,0.3333333333333333,0.2,0.6666666666666666,0.25,1.0,0.3333333333333333,0.6666666666666666,1.0,0.4844578140667526,0.0,0.6,0.3,0.475,0.5155421859332474,0.4698637886766177,0.22886852889914736,0.7008763388510225
0.895856052344602,1.0,0.5,0.5384615384615385,0.5,0.1111111111111111,1.0,0.0,1.0,1.0,1.0,0.6666666666666666,0.0,1.0,0.0,1.0,1.0,0.8256696748316861,0.0,1.0666666666666667,0.22222222222222224,0.3,0.17433032516831393,0.28246079753978254,0.057327241038202435,0.14968482550094803
0.8964013086150491,0.3333333333333333,1.0,0.5384615384615385,0.3333333333333333,0.8333333333333333,0.0,0.6666666666666666,0.0,0.0,0.6000000000000001,1.0,0.3333333333333333,1.0,0.6666666666666666,0.3333333333333333,1.0,0.592751754762928,0.0,0.4666666666666667,0.5666666666666667,0.5333333333333333,0.40724824523707204,0.28868387078056773,0.34149747986245227,0.6216436905310989
0.8969465648854962,0.3333333333333333,0.0,0.6153846153846154,0.5,0.7222222222222221,1.0,0.3333333333333333,0.0,0.0,0.4,1.0,0.0,0.3333333333333333,0.0,0.3333333333333333,0.3333333333333333,0.1696032087093539,0.0,0.4666666666666667,0.4777777777777778,0.09999999999999999,0.8303967912906461,0.588638902186054,0.5871001931320364,0.23766719622815563
0.8974918211559433,0.3333333333333333,0.5,0.3076923076923077,0.5,0.4444444444444445,1.0,0.0,0.0,0.0,1.0,0.0,0.3333333333333333,0.6666666666666666,0.0,0.3333333333333333,0.6666666666666666,0.3277467411545623,0.0,0.06666666666666667,0.2888888888888889,0.4333333333333333,0.6722532588454377,0.06807664969464874,0.2873851806491121,0.8337552742616036
0.8985823336968376,0.3333333333333333,1.0,0.1538461538461538,0.5,0.3333333333333333,0.5,1.0,1.0,0.0,0.4,0.3333333333333333,0.1666666666666666,0.6666666666666666,0.3333333333333333,0.3333333333333333,0.6666666666666666,0.184644033806045,0.0,0.2,0.6666666666666667,0.3166666666666666,0.815355966193955,0.24770442578006005,0.8043713787743182,0.7389808503732553
0.8991275899672847,0.3333333333333333,0.0,0.7692307692307693,0.3333333333333333,0.6111111111111112,1.0,0.3333333333333333,0.0,0.0,1.0,0.6666666666666666,0.3333333333333333,0.6666666666666666,0.0,0.3333333333333333,0.6666666666666666,0.3525282910757771,0.0,0.3333333333333333,0.3888888888888889,0.4333333333333333,0.6474717089242229,0.32783556000406167,0.3726035140609544,0.8030202087497225
0.8996728462377318,0.3333333333333333,0.0,0.0769230769230769,0.5,0.7222222222222221,1.0,0.3333333333333333,1.0,0.0,0.8,1.0,0.25,0.6666666666666666,0.6666666666666666,0.3333333333333333,0.6666666666666666,0.2661509812347801,0.0,0.4666666666666667,0.4777777777777778,0.375,0.7338490187652199,0.5201996025356485,0.5188397946205663,0.7876287603136372
0.9002181025081789,0.6666666666666666,0.5,0.3076923076923077,0.6666666666666666,0.8888888888888888,1.0,0.3333333333333333,1.0,0.3333333333333333,0.0,1.0,0.3333333333333333,0.0,0.0,0.6666666666666666,0.0,0.6797020484171322,0.0,0.7333333333333333,0.5777777777777778,0.2333333333333333,0.3202979515828678,0.356789532471677,0.2738518064911206,0.21390184321563402
0.900763358778626,0.0,1.0,0.3076923076923077,0.1666666666666666,0.7777777777777777,0.5,1.0,0.5,0.6666666666666666,0.6000000000000001,0.3333333333333333,0.25,1.0,0.0,0.0,1.0,0.9704913336198252,0.0,0.5333333333333333,0.6222222222222222,0.475,0.029508666380174797,0.02390588508348205,0.02717038014037405,0.04011684518013637
0.9013086150490732,0.3333333333333333,1.0,0.9230769230769232,0.5,0.9444444444444444,0.5,0.3333333333333333,0.5,0.0,0.4,1.0,0.25,1.0,1.0,0.3333333333333333,1.0,0.5281478298238075,0.0,0.4666666666666667,0.5222222222222223,0.475,0.4718521701761925,0.33447930719352453,0.3646379951952518,0.6414800389483934
0.9018538713195202,0.3333333333333333,0.0,0.3076923076923077,0.1666666666666666,0.6111111111111112,0.0,0.6666666666666666,0.5,0.0,0.8,0.6666666666666666,0.0,1.0,0.6666666666666666,0.3333333333333333,1.0,0.3509525855894571,0.0,0.3333333333333333,0.45555555555555555,0.3,0.6490474144105429,0.3286333899067264,0.4375406283856988,0.5572900117870139
0.9023991275899672,0.6666666666666666,0.5,0.9230769230769232,0.5,0.4444444444444445,1.0,0.6666666666666666,1.0,0.3333333333333333,0.6000000000000001,0.0,0.3333333333333333,0.0,1.0,0.6666666666666666,0.0,0.4467841283483741,0.0,0.3333333333333333,0.5555555555555556,0.2333333333333333,0.5532158716516259,0.2801108258264792,0.4548023929530359,0.36944942687780796
0.9029443838604144,0.3333333333333333,0.5,0.6923076923076923,0.5,0.2222222222222222,0.5,0.6666666666666666,0.0,0.0,0.6000000000000001,0.6666666666666666,0.1666666666666666,1.0,1.0,0.3333333333333333,1.0,0.3785990545767082,0.0,0.3333333333333333,0.5111111111111111,0.41666666666666663,0.6214009454232918,0.3146351016145176,0.4699891657638136,0.7410444319171835
0.9040348964013086,0.6666666666666666,0.5,0.9230769230769232,0.6666666666666666,1.0,1.0,0.6666666666666666,0.0,0.3333333333333333,0.0,1.0,0.25,0.6666666666666666,1.0,0.6666666666666666,0.6666666666666666,0.5964761495487753,0.0,0.7333333333333333,0.7333333333333334,0.375,0.40352385045122474,0.44949736716132116,0.43789627396485936,0.4330958847947522
0.9045801526717556,0.0,0.5,0.0769230769230769,0.1666666666666666,0.5555555555555556,1.0,0.6666666666666666,1.0,0.6666666666666666,0.8,0.0,0.0833333333333333,0.6666666666666666,0.6666666666666666,0.0,0.6666666666666666,0.6848589027359977,0.0,0.39999999999999997,0.4444444444444444,0.2583333333333333,0.3151410972640023,0.19147917663954045,0.20726364878232606,0.23300705512564274
0.9051254089422028,0.3333333333333333,1.0,0.3846153846153846,0.1666666666666666,0.3888888888888889,0.5,1.0,1.0,0.0,0.8,0.0,0.25,1.0,1.0,0.3333333333333333,1.0,0.5133934966337201,0.0,0.06666666666666667,0.5444444444444445,0.475,0.48660650336627986,0.04927687598822112,0.3920415469405059,0.6615384615384615
0.90567066521265,0.3333333333333333,1.0,0.6153846153846154,0.3333333333333333,0.2777777777777777,1.0,0.0,1.0,0.0,1.0,0.3333333333333333,0.0,0.0,1.0,0.3333333333333333,0.0,0.13149978513107,0.0,0.2,0.18888888888888888,0.0,0.86850021486893,0.2638496018103486,0.24275990390503557,0.0
0.906215921483097,0.6666666666666666,0.5,1.0,0.3333333333333333,0.6111111111111112,0.5,0.0,0.0,0.3333333333333333,0.0,0.6666666666666666,0.25,0.6666666666666666,1.0,0.6666666666666666,0.6666666666666666,0.2778971494055293,0.0,0.6,0.25555555555555554,0.375,0.7221028505944707,0.6581226337090386,0.27307692307692305,0.7750217803515604
0.9067611777535444,0.6666666666666666,0.5,0.8461538461538463,0.6666666666666666,0.7777777777777777,1.0,0.3333333333333333,1.0,0.3333333333333333,0.8,0.6666666666666666,0.3333333333333333,1.0,0.0,0.6666666666666666,1.0,0.6650909611803466,0.0,0.6,0.5555555555555556,0.5333333333333333,0.3349090388196534,0.3052352147613038,0.2753309152574309,0.5112215787765423
0.9073064340239914,0.3333333333333333,1.0,0.6153846153846154,0.1666666666666666,0.6666666666666665,0.0,0.3333333333333333,0.0,0.0,0.4,0.6666666666666666,0.25,1.0,0.6666666666666666,0.3333333333333333,1.0,0.5073771665950437,0.0,0.3333333333333333,0.33333333333333326,0.475,0.4926228334049563,0.24943063956946193,0.24299307550991558,0.6697176241480038
0.9078516902944384,0.3333333333333333,1.0,0.8461538461538463,0.3333333333333333,0.1111111111111111,0.0,1.0,1.0,0.0,0.2,0.0,0.3333333333333333,0.6666666666666666,0.6666666666666666,0.3333333333333333,0.6666666666666666,0.4251539893997995,0.0,0.06666666666666667,0.5555555555555556,0.4333333333333333,0.5748460106002005,0.058212570898066335,0.47258467191106496,0.7129469242727069
0.9083969465648856,1.0,0.0,0.7692307692307693,0.6666666666666666,0.2777777777777777,1.0,0.6666666666666666,1.0,1.0,0.6000000000000001,1.0,0.0,0.6666666666666666,0.6666666666666666,1.0,0.6666666666666666,0.6415986248388483,0.0,1.2,0.5888888888888889,0.19999999999999998,0.35840137516115167,0.6532921362983592,0.31232276602760367,0.20515553733408495
0.9089422028353328,0.3333333333333333,1.0,0.3076923076923077,0.3333333333333333,0.2222222222222222,0.0,1.0,1.0,0.0,1.0,1.0,0.1666666666666666,0.6666666666666666,0.6666666666666666,0.3333333333333333,0.6666666666666666,0.1926658071909468,0.0,0.4666666666666667,0.5777777777777777,0.3166666666666666,0.8073341928090532,0.5722906421805417,0.690263319044703,0.7317104836092176
0.9100327153762268,0.6666666666666666,1.0,1.0,0.3333333333333333,0.3888888888888889,1.0,1.0,0.0,0.3333333333333333,0.8,0.0,0.25,0.0,1.0,0.6666666666666666,0.0,0.4052428018908465,0.0,0.3333333333333333,0.6111111111111112,0.175,0.5947571981091535,0.30114452326036817,0.5378491685901362,0.29789371188438485
0.910577971646674,1.0,0.5,0.3076923076923077,0.8333333333333333,0.8888888888888888,0.0,0.3333333333333333,1.0,1.0,1.0,0.0,0.1666666666666666,0.0,0.0,1.0,0.0,0.9720670391061452,0.0,0.8,0.6444444444444445,0.11666666666666661,0.027932960893854775,0.03394403585882766,0.02663808940600125,0.009327115256495674
0.9111232279171212,0.6666666666666666,1.0,0.3076923076923077,0.5,0.7222222222222221,0.0,0.6666666666666666,1.0,0.3333333333333333,0.6000000000000001,0.0,0.3333333333333333,0.0,0.3333333333333333,0.6666666666666666,0.0,0.453230196246956,0.0,0.3333333333333333,0.6111111111111112,0.2333333333333333,0.546769803753044,0.27684697622466886,0.49445334212633657,0.36514460445173297
0.9116684841875682,0.3333333333333333,0.0,0.5384615384615385,0.1666666666666666,0.8333333333333333,0.0,0.3333333333333333,0.5,0.0,0.8,1.0,0.3333333333333333,0.3333333333333333,1.0,0.3333333333333333,0.3333333333333333,0.6130926801317862,0.0,0.4666666666666667,0.3666666666666666,0.3333333333333333,0.3869073198682138,0.27426490853968116,0.20993216826039848,0.3691214404072499
0.9122137404580152,0.6666666666666666,1.0,0.6153846153846154,0.3333333333333333,0.6666666666666665,0.0,1.0,0.5,0.3333333333333333,1.0,0.3333333333333333,0.0833333333333333,1.0,1.0,0.6666666666666666,1.0,0.3728692164446354,0.0,0.4666666666666667,0.6666666666666666,0.3583333333333333,0.6271307835553646,0.4445508217647997,0.6186819916152432,0.6431746357129434
0.9127589967284624,0.6666666666666666,1.0,0.5384615384615385,0.6666666666666666,0.4999999999999999,0.0,0.3333333333333333,0.0,0.3333333333333333,0.8,0.0,0.1666666666666666,0.6666666666666666,0.3333333333333333,0.6666666666666666,0.6666666666666666,0.2173041111588597,0.0,0.3333333333333333,0.5,0.3166666666666666,0.7826958888411403,0.3963038716509276,0.5791134768477083,0.7093800714053878
0.9133042529989096,0.3333333333333333,1.0,0.0,0.5,0.4444444444444445,0.5,0.3333333333333333,1.0,0.0,1.0,0.6666666666666666,0.0,0.0,0.3333333333333333,0.3333333333333333,0.0,0.2396504798739435,0.0,0.3333333333333333,0.4222222222222223,0.0,0.7603495201260565,0.38498919303131846,0.4750671251589807,0.0
0.9138495092693566,0.3333333333333333,0.5,0.6153846153846154,0.5,0.7222222222222221,1.0,0.0,0.5,0.0,1.0,0.3333333333333333,0.1666666666666666,0.3333333333333333,0.0,0.3333333333333333,0.3333333333333333,0.1582867783985102,0.0,0.2,0.34444444444444444,0.21666666666666662,0.8417132216014898,0.2557117368031681,0.42902633190447026,0.5219631356873194
0.9143947655398036,0.6666666666666666,0.5,0.1538461538461538,0.5,0.6666666666666665,0.5,1.0,1.0,0.3333333333333333,1.0,0.3333333333333333,0.3333333333333333,0.3333333333333333,1.0,0.6666666666666666,0.3333333333333333,0.4151267726686721,0.0,0.4666666666666667,0.7333333333333334,0.3333333333333333,0.584873227331328,0.4145959354192959,0.6346931084836781,0.5579869830369498
0.9149400218102508,0.3333333333333333,1.0,0.8461538461538463,0.3333333333333333,0.6666666666666665,0.0,1.0,0.5,0.0,0.4,0.0,0.25,1.0,0.3333333333333333,0.3333333333333333,1.0,0.3751611516974645,0.0,0.06666666666666667,0.6666666666666666,0.475,0.6248388483025356,0.06327516428042995,0.616420933628527,0.8494644595910421
0.915485278080698,0.3333333333333333,1.0,0.0769230769230769,0.3333333333333333,0.2222222222222222,1.0,1.0,0.0,0.0,0.0,0.6666666666666666,0.1666666666666666,0.0,0.3333333333333333,0.3333333333333333,0.0,0.2790431170319438,0.0,0.3333333333333333,0.5777777777777777,0.11666666666666661,0.7209568829680562,0.36504344546469963,0.6164115125535823,0.24073523633816762
0.9160305343511452,0.3333333333333333,1.0,0.6153846153846154,0.3333333333333333,0.9444444444444444,0.5,0.6666666666666666,0.5,0.0,0.8,0.6666666666666666,0.1666666666666666,0.6666666666666666,1.0,0.3333333333333333,0.6666666666666666,0.3466552069904025,0.0,0.3333333333333333,0.5888888888888889,0.3166666666666666,0.6533447930095975,0.33080928964126666,0.5693461773988411,0.5921454073352806
0.9165757906215922,0.6666666666666666,0.5,0.0769230769230769,0.5,1.0,1.0,1.0,1.0,0.3333333333333333,0.8,0.3333333333333333,0.0,1.0,0.3333333333333333,0.6666666666666666,1.0,0.6829967053430741,0.0,0.4666666666666667,0.8,0.3,0.3170032946569259,0.2247124185850849,0.3752790993452352,0.2721877722543945
0.9171210468920392,0.6666666666666666,0.0,0.4615384615384615,0.5,0.6666666666666665,1.0,0.0,0.5,0.3333333333333333,0.0,0.3333333333333333,0.0,0.6666666666666666,0.3333333333333333,0.6666666666666666,0.6666666666666666,0.1879386907319868,0.0,0.4666666666666667,0.3333333333333333,0.19999999999999998,0.8120613092680132,0.5756415277717336,0.40056055395920676,0.46483882539845234
0.9176663031624864,0.3333333333333333,0.5,0.0769230769230769,0.5,0.0555555555555555,0.0,1.0,0.5,0.0,0.6000000000000001,0.0,0.0833333333333333,0.6666666666666666,0.0,0.3333333333333333,0.6666666666666666,0.3449362555507806,0.0,0.06666666666666667,0.6111111111111112,0.2583333333333333,0.6550637444492193,0.06633592990701655,0.5923854161759857,0.48433693776798376
0.9182115594329336,0.3333333333333333,0.0,0.6923076923076923,0.3333333333333333,0.1111111111111111,1.0,0.3333333333333333,0.5,0.0,0.8,1.0,0.0833333333333333,0.6666666666666666,0.0,0.3333333333333333,0.6666666666666666,0.2450938260994127,0.0,0.4666666666666667,0.28888888888888886,0.2583333333333333,0.7549061739005873,0.5351262747145945,0.32271892222902626,0.5581578093236987
0.9187568157033806,0.6666666666666666,1.0,0.0769230769230769,0.3333333333333333,0.8888888888888888,1.0,1.0,1.0,0.3333333333333333,0.6000000000000001,0.0,0.3333333333333333,0.6666666666666666,0.6666666666666666,0.6666666666666666,0.6666666666666666,0.5639593181492623,0.0,0.3333333333333333,0.7111111111111111,0.4333333333333333,0.43604068185073774,0.22078129306468225,0.4588440341042913,0.5407950255385299
0.9193020719738276,0.6666666666666666,0.0,0.3076923076923077,0.6666666666666666,0.4444444444444445,0.0,1.0,0.5,0.3333333333333333,0.6000000000000001,1.0,0.0833333333333333,1.0,0.6666666666666666,0.6666666666666666,1.0,0.4154132645752758,0.0,0.7333333333333333,0.7555555555555556,0.3583333333333333,0.5845867354247243,0.6511887665549705,0.6536059164350653,0.5995421855515126
0.9198473282442748,0.6666666666666666,1.0,0.5384615384615385,0.5,0.3888888888888889,0.0,1.0,0.5,0.3333333333333333,1.0,0.3333333333333333,0.0,0.3333333333333333,1.0,0.6666666666666666,0.3333333333333333,0.0415413264575275,0.0,0.4666666666666667,0.6777777777777778,0.09999999999999999,0.9584586735424725,0.6794174391110724,0.9613052899335814,0.2743196843130221
0.920392584514722,0.3333333333333333,0.0,0.9230769230769232,0.1666666666666666,0.1666666666666666,0.0,1.0,1.0,0.0,0.0,0.0,0.0,1.0,0.0,0.3333333333333333,1.0,0.4913336198252399,0.0,0.06666666666666667,0.5,0.3,0.5086663801747602,0.05151079971568244,0.3763601676951341,0.43675498385691597
0.9214830970556162,0.6666666666666666,0.0,0.2307692307692307,0.5,0.7222222222222221,0.0,1.0,1.0,0.3333333333333333,0.6000000000000001,1.0,0.0833333333333333,0.0,0.0,0.6666666666666666,0.0,0.2501074344649763,0.0,0.7333333333333333,0.7444444444444445,0.058333333333333307,0.7498925655350237,0.8353279080899951,0.82609873286542,0.12519858555834568
0.9220283533260633,0.6666666666666666,1.0,0.6923076923076923,0.5,0.6666666666666665,1.0,0.0,0.5,0.3333333333333333,0.8,0.0,0.0,0.0,0.0,0.6666666666666666,0.0,0.1091534164159862,0.0,0.3333333333333333,0.3333333333333333,0.0,0.8908465835840138,0.4510640149701901,0.4394224881058928,0.0
0.9225736095965104,0.6666666666666666,0.0,0.4615384615384615,0.3333333333333333,0.8888888888888888,0.0,0.0,1.0,0.3333333333333333,0.6000000000000001,0.3333333333333333,0.0833333333333333,0.0,0.0,0.6666666666666666,0.0,0.3943561094399083,0.0,0.4666666666666667,0.3111111111111111,0.058333333333333307,0.6056438905600917,0.4293195236230181,0.2788261340618965,0.10111549565247098
0.9231188658669576,0.6666666666666666,0.5,0.5384615384615385,0.5,0.0,1.0,0.0,1.0,0.3333333333333333,0.6000000000000001,0.3333333333333333,0.25,1.0,0.3333333333333333,0.6666666666666666,1.0,0.6309984242945137,0.0,0.4666666666666667,0.2,0.475,0.3690015757054863,0.26157216008819645,0.10920910075839653,0.5016553067185978
0.9236641221374048,0.6666666666666666,1.0,0.3076923076923077,0.3333333333333333,0.7777777777777777,1.0,1.0,0.5,0.3333333333333333,0.2,0.3333333333333333,0.0,0.6666666666666666,0.6666666666666666,0.6666666666666666,0.6666666666666666,0.3447930095974789,0.0,0.4666666666666667,0.6888888888888889,0.19999999999999998,0.6552069904025211,0.46445305133672765,0.6679259503509349,0.37505252908317527
0.9242093784078518,0.6666666666666666,1.0,0.3846153846153846,0.6666666666666666,0.0555555555555555,0.0,1.0,0.0,0.3333333333333333,0.8,1.0,0.25,0.0,0.6666666666666666,0.6666666666666666,0.0,0.6749749319581722,0.0,0.7333333333333333,0.6777777777777778,0.175,0.32502506804182785,0.3620552098292644,0.32599039050355644,0.16279403474606674
0.9247546346782988,1.0,0.0,0.6153846153846154,0.8333333333333333,0.4999999999999999,0.0,0.0,0.5,1.0,0.0,0.0,0.0833333333333333,0.0,1.0,1.0,0.0,0.9058874086807048,0.0,0.8,0.4333333333333333,0.058333333333333307,0.09411259131929517,0.11436529004743454,0.06034905082669928,0.015712601855173456
0.925299890948746,1.0,0.0,0.1538461538461538,0.5,0.4444444444444445,0.0,0.3333333333333333,0.5,1.0,1.0,1.0,0.25,0.0,0.3333333333333333,1.0,0.0,0.7407248245237072,0.0,1.2,0.4222222222222223,0.175,0.25927517547629275,0.4726054223421383,0.1619953836732771,0.12986214318659353
0.9258451472191932,0.3333333333333333,0.0,0.8461538461538463,0.3333333333333333,0.2777777777777777,0.0,1.0,0.0,0.0,0.4,0.0,0.3333333333333333,0.3333333333333333,0.3333333333333333,0.3333333333333333,0.3333333333333333,0.4509382609941269,0.0,0.06666666666666667,0.5888888888888889,0.3333333333333333,0.5490617390058731,0.05560149121661806,0.4784704884827359,0.5238217256871487
0.9263904034896402,0.6666666666666666,0.5,0.2307692307692307,0.3333333333333333,0.0555555555555555,1.0,1.0,1.0,0.3333333333333333,0.4,0.3333333333333333,0.3333333333333333,0.0,0.0,0.6666666666666666,0.0,0.794012319151984,0.0,0.4666666666666667,0.5444444444444444,0.2333333333333333,0.205987680848016,0.14601737818587981,0.16595694568750288,0.13756299219323867
0.9274809160305344,0.6666666666666666,0.0,0.4615384615384615,0.3333333333333333,0.6111111111111112,0.0,1.0,1.0,0.3333333333333333,0.4,1.0,0.0,0.0,0.6666666666666666,0.6666666666666666,0.0,0.171895143962183,0.0,0.7333333333333333,0.6555555555555556,0.0,0.828104856037817,0.9224509334609862,0.8033327052616703,0.0
0.9280261723009816,0.3333333333333333,0.0,0.4615384615384615,0.3333333333333333,0.0555555555555555,1.0,0.6666666666666666,1.0,0.0,0.2,1.0,0.3333333333333333,0.6666666666666666,0.6666666666666666,0.3333333333333333,0.6666666666666666,0.5328749462827675,0.0,0.4666666666666667,0.4111111111111111,0.4333333333333333,0.46712505371723245,0.3311284216023325,0.28417965989919447,0.5793471019320452
0.9285714285714286,0.3333333333333333,1.0,0.3076923076923077,0.5,0.8888888888888888,0.0,0.0,0.5,0.0,0.2,0.3333333333333333,0.0833333333333333,0.3333333333333333,0.3333333333333333,0.3333333333333333,0.3333333333333333,0.1948144964904741,0.0,0.2,0.37777777777777777,0.1583333333333333,0.8051855035095259,0.24461464815701295,0.4501248292430166,0.36488153197013956
0.9291166848418756,1.0,0.0,0.3846153846153846,1.0,0.4999999999999999,0.0,0.6666666666666666,0.0,1.0,0.6000000000000001,0.6666666666666666,0.0833333333333333,0.6666666666666666,0.6666666666666666,1.0,0.6666666666666666,0.9906890130353816,0.0,1.0666666666666667,0.7666666666666667,0.2583333333333333,0.009310986964618406,0.015086238159479197,0.01056338028169032,0.006884299355985015
0.9296619411123228,0.6666666666666666,1.0,0.0769230769230769,0.3333333333333333,0.7222222222222221,1.0,0.6666666666666666,0.5,0.3333333333333333,0.6000000000000001,0.6666666666666666,0.1666666666666666,0.3333333333333333,0.0,0.6666666666666666,0.3333333333333333,0.2509669101847873,0.0,0.6,0.5444444444444445,0.21666666666666662,0.7490330898152127,0.6826667827146524,0.6034693108483677,0.46449033977348425
0.93020719738277,0.6666666666666666,0.0,0.6923076923076923,0.6666666666666666,0.4999999999999999,1.0,1.0,0.5,0.3333333333333333,0.2,0.3333333333333333,0.0,0.3333333333333333,0.6666666666666666,0.6666666666666666,0.3333333333333333,0.3054003724394786,0.0,0.4666666666666667,0.7666666666666667,0.09999999999999999,0.6945996275605214,0.492377097929994,0.7880281690140846,0.19880079946702198
0.930752453653217,0.3333333333333333,0.5,1.0,0.5,0.6111111111111112,0.0,0.3333333333333333,0.0,0.0,0.6000000000000001,0.3333333333333333,0.1666666666666666,0.6666666666666666,0.0,0.3333333333333333,0.6666666666666666,0.1486892995272883,0.0,0.2,0.4555555555555556,0.3166666666666666,0.8513107004727117,0.25862744244745206,0.5738918460596355,0.7715676728334956
0.931297709923664,1.0,0.5,0.9230769230769232,0.5,0.6111111111111112,1.0,0.0,1.0,1.0,0.0,1.0,0.0833333333333333,0.0,0.0,1.0,0.0,0.6108007448789572,0.0,1.2,0.32222222222222224,0.058333333333333307,0.3891992551210428,0.7094303494494972,0.18557868952847517,0.06497890295358648
0.9318429661941112,0.6666666666666666,0.5,0.0769230769230769,0.5,0.2222222222222222,0.0,1.0,1.0,0.3333333333333333,0.6000000000000001,0.6666666666666666,0.0,0.3333333333333333,1.0,0.6666666666666666,0.3333333333333333,0.0509955593754476,0.0,0.6,0.6444444444444445,0.09999999999999999,0.9490044406245524,0.8649201444797423,0.9050120118705544,0.27161379593091783
0.9329334787350057,0.3333333333333333,0.5,0.3076923076923077,0.5,0.0,0.0,0.3333333333333333,1.0,0.0,0.2,0.3333333333333333,0.25,0.3333333333333333,0.6666666666666666,0.3333333333333333,0.3333333333333333,0.5185503509525856,0.0,0.2,0.33333333333333337,0.27499999999999997,0.4814496490474144,0.14626398015579442,0.23748174666729474,0.3789371188438477
0.9334787350054526,0.3333333333333333,0.5,0.3846153846153846,0.3333333333333333,0.2222222222222222,0.0,1.0,1.0,0.0,1.0,0.3333333333333333,0.0833333333333333,0.0,0.0,0.3333333333333333,0.0,0.1899441340782122,0.0,0.2,0.5777777777777777,0.058333333333333307,0.8100558659217878,0.2460942599765003,0.6925903245560318,0.13524317121918716
0.9340239912758996,0.3333333333333333,0.5,0.9230769230769232,0.3333333333333333,0.8888888888888888,0.5,0.3333333333333333,1.0,0.0,0.2,0.6666666666666666,0.0833333333333333,1.0,1.0,0.3333333333333333,1.0,0.3353387766795588,0.0,0.3333333333333333,0.4444444444444444,0.3583333333333333,0.6646612233204412,0.3365391589422226,0.43713787743181487,0.6816652146432293
0.9345692475463468,0.3333333333333333,0.5,0.1538461538461538,0.3333333333333333,0.1111111111111111,0.5,0.3333333333333333,0.0,0.0,0.6000000000000001,0.0,0.3333333333333333,0.6666666666666666,0.3333333333333333,0.3333333333333333,0.6666666666666666,0.4251539893997995,0.0,0.06666666666666667,0.28888888888888886,0.4333333333333333,0.5748460106002005,0.058212570898066335,0.24574402939375373,0.7129469242727069
0.935114503816794,0.6666666666666666,0.5,0.9230769230769232,0.5,0.2777777777777777,1.0,0.0,0.5,0.3333333333333333,0.6000000000000001,0.0,0.0,0.0,0.3333333333333333,0.6666666666666666,0.0,0.0621687437329895,0.0,0.3333333333333333,0.25555555555555554,0.0,0.9378312562670105,0.47485385206783,0.35465872156012995,0.0
0.935659760087241,0.3333333333333333,1.0,0.5384615384615385,0.5,0.7777777777777777,0.0,0.3333333333333333,1.0,0.0,0.6000000000000001,1.0,0.0,0.0,1.0,0.3333333333333333,0.0,0.3370577281191806,0.0,0.4666666666666667,0.48888888888888893,0.0,0.6629422718808193,0.4699363186677691,0.4796080832823025,0.0
0.9362050163576882,0.0,0.5,0.0,0.1666666666666666,0.6111111111111112,0.5,0.3333333333333333,0.5,0.6666666666666666,0.4,0.6666666666666666,0.0833333333333333,0.0,1.0,0.0,0.0,0.6562097120756339,0.0,0.6666666666666666,0.3222222222222222,0.058333333333333307,0.34379028792436606,0.34814395752643706,0.16392670403693055,0.05739763234766563
0.9367502726281351,0.3333333333333333,0.5,0.5384615384615385,0.5,0.9444444444444444,0.5,0.6666666666666666,0.5,0.0,0.2,0.0,0.0,1.0,0.3333333333333333,0.3333333333333333,1.0,0.5933247385761352,0.0,0.06666666666666667,0.6555555555555556,0.3,0.4066752614238648,0.041182528975731464,0.39450986857600456,0.34918259621790604
0.9372955288985824,0.3333333333333333,0.5,0.9230769230769232,0.5,0.8333333333333333,0.5,1.0,1.0,0.0,1.0,0.3333333333333333,0.0833333333333333,0.0,0.3333333333333333,0.3333333333333333,0.0,0.3861910901017046,0.0,0.2,0.7666666666666667,0.058333333333333307,0.6138089098982954,0.18647460725009793,0.6963705308775732,0.10247868942072802
0.9378407851690296,0.3333333333333333,0.0,0.3076923076923077,0.1666666666666666,0.9444444444444444,0.5,0.0,0.0,0.0,0.8,0.3333333333333333,0.1666666666666666,0.0,0.3333333333333333,0.3333333333333333,0.0,0.5738432889270878,0.0,0.2,0.25555555555555554,0.11666666666666661,0.4261567110729122,0.12946603420514383,0.1611592632719393,0.14229829686192105
0.9389312977099236,0.6666666666666666,0.0,0.4615384615384615,0.6666666666666666,0.1111111111111111,0.5,0.6666666666666666,1.0,0.3333333333333333,0.0,0.3333333333333333,0.0,0.3333333333333333,0.3333333333333333,0.6666666666666666,0.3333333333333333,0.3950723392064174,0.0,0.4666666666666667,0.5555555555555556,0.09999999999999999,0.6049276607935826,0.4288118136849587,0.4973149936407744,0.1731358581458515
0.9394765539803708,0.6666666666666666,0.5,0.1538461538461538,0.3333333333333333,0.0555555555555555,0.5,1.0,1.0,0.3333333333333333,0.6000000000000001,1.0,0.3333333333333333,1.0,1.0,0.6666666666666666,1.0,0.8369861051425297,0.0,0.7333333333333333,0.5444444444444444,0.5333333333333333,0.1630138948574703,0.18158608584649755,0.13133449526590985,0.24883240233007062
0.940021810250818,0.3333333333333333,1.0,0.0769230769230769,0.3333333333333333,0.6666666666666665,1.0,1.0,0.5,0.0,0.2,0.3333333333333333,0.1666666666666666,1.0,0.0,0.3333333333333333,1.0,0.3343360550064461,0.0,0.2,0.6666666666666666,0.41666666666666663,0.665663944993554,0.20222812132816922,0.6566960290169108,0.7938297545226259
0.940567066521265,0.3333333333333333,0.0,0.9230769230769232,0.1666666666666666,0.4444444444444445,1.0,1.0,0.5,0.0,0.0,0.0,0.0833333333333333,0.6666666666666666,0.0,0.3333333333333333,0.6666666666666666,0.25669674831686,0.0,0.06666666666666667,0.5555555555555556,0.2583333333333333,0.7433032516831399,0.07527162481686177,0.6110744735974374,0.5495789132031637
0.9411123227917122,0.6666666666666666,0.5,0.0769230769230769,0.6666666666666666,0.4444444444444445,0.5,1.0,1.0,0.3333333333333333,0.0,0.3333333333333333,0.3333333333333333,0.6666666666666666,1.0,0.6666666666666666,0.6666666666666666,0.4612519696318579,0.0,0.4666666666666667,0.7555555555555556,0.4333333333333333,0.5387480303681421,0.3818994154082713,0.6023552687361629,0.6681767710415278
0.9416575790621592,0.0,1.0,0.6923076923076923,0.0,0.6111111111111112,0.5,0.6666666666666666,0.5,0.6666666666666666,0.4,0.6666666666666666,0.0833333333333333,0.0,0.6666666666666666,0.0,0.0,0.9719237931528434,0.0,0.6666666666666666,0.3888888888888889,0.058333333333333307,0.028076206847156615,0.02843175653132575,0.016157143530076808,0.004687473308392701
0.9422028353326064,0.3333333333333333,1.0,0.6153846153846154,0.3333333333333333,0.1666666666666666,1.0,0.3333333333333333,1.0,0.0,0.8,1.0,0.1666666666666666,0.6666666666666666,0.6666666666666666,0.3333333333333333,0.6666666666666666,0.2324881822088526,0.0,0.4666666666666667,0.3,0.3166666666666666,0.7675118177911474,0.5440619696244396,0.340727306985727,0.6956183057448879
0.9427480916030536,0.3333333333333333,0.5,0.4615384615384615,0.5,0.6111111111111112,0.5,0.0,0.5,0.0,0.0,1.0,0.1666666666666666,0.0,0.6666666666666666,0.3333333333333333,0.0,0.3373442200257843,0.0,0.4666666666666667,0.32222222222222224,0.11666666666666661,0.6626557799742157,0.4697332346925453,0.3159687220311837,0.221267872700251
0.9432933478735006,0.3333333333333333,1.0,0.9230769230769232,0.1666666666666666,1.0,1.0,0.3333333333333333,1.0,0.0,0.6000000000000001,0.3333333333333333,0.0833333333333333,1.0,1.0,0.3333333333333333,1.0,0.671966766938834,0.0,0.2,0.39999999999999997,0.3583333333333333,0.32803323306116605,0.09965620784194265,0.19416835460926088,0.33642528912349035
0.944929116684842,0.3333333333333333,0.0,1.0,0.1666666666666666,0.0555555555555555,1.0,0.3333333333333333,0.5,0.0,0.6000000000000001,0.6666666666666666,0.3333333333333333,0.6666666666666666,0.0,0.3333333333333333,0.6666666666666666,0.6797020484171322,0.0,0.3333333333333333,0.21111111111111105,0.4333333333333333,0.3202979515828678,0.16217706021439865,0.10006123698714019,0.39724628025760605
0.945474372955289,0.6666666666666666,1.0,0.0769230769230769,0.6666666666666666,0.4999999999999999,1.0,0.6666666666666666,0.0,0.3333333333333333,0.4,0.6666666666666666,0.25,1.0,0.6666666666666666,0.6666666666666666,1.0,0.4694169889700616,0.0,0.6,0.6333333333333333,0.475,0.5305830110299383,0.4835719570042211,0.4972631777285787,0.7213242453748782
0.946019629225736,0.0,0.5,0.0769230769230769,0.1666666666666666,0.3333333333333333,0.5,0.6666666666666666,0.0,0.6666666666666666,1.0,0.0,0.3333333333333333,0.3333333333333333,0.6666666666666666,0.0,0.3333333333333333,0.8475863056868643,0.0,0.39999999999999997,0.39999999999999997,0.3333333333333333,0.15241369431313567,0.09260629270203229,0.09021621366997974,0.14540733528075303
0.9465648854961832,0.0,0.5,0.0,0.1666666666666666,0.7777777777777777,1.0,1.0,0.5,0.6666666666666666,0.4,0.6666666666666666,0.25,0.3333333333333333,0.3333333333333333,0.0,0.3333333333333333,0.761495487752471,0.0,0.6666666666666666,0.6222222222222222,0.27499999999999997,0.238504512247529,0.24152487053396576,0.2196052569598191,0.18772100650848153
0.9471101417666304,1.0,0.0,0.1538461538461538,0.6666666666666666,0.4444444444444445,0.0,0.0,1.0,1.0,0.0,0.0,0.0833333333333333,0.3333333333333333,1.0,1.0,0.3333333333333333,0.6340065893138519,0.0,0.8,0.35555555555555557,0.1583333333333333,0.3659934106861481,0.44475390574002344,0.19256677186867022,0.16585524180460887
0.9476553980370774,0.3333333333333333,1.0,1.0,0.1666666666666666,0.7777777777777777,0.5,0.0,0.0,0.0,0.6000000000000001,0.3333333333333333,0.3333333333333333,1.0,0.3333333333333333,0.3333333333333333,1.0,0.7127918636298525,0.0,0.2,0.2222222222222222,0.5333333333333333,0.2872081363701475,0.08725357935506331,0.09444627632012811,0.43840858231264623
0.9482006543075244,0.3333333333333333,1.0,0.3846153846153846,0.5,1.0,1.0,0.0,0.5,0.0,0.4,1.0,0.1666666666666666,0.3333333333333333,0.3333333333333333,0.3333333333333333,0.3333333333333333,0.3807477438762355,0.0,0.4666666666666667,0.4,0.21666666666666662,0.6192522561237646,0.43896601244614647,0.36654576287154367,0.3840106595602931
0.9487459105779716,0.6666666666666666,1.0,0.0,0.3333333333333333,0.7777777777777777,0.0,0.3333333333333333,0.0,0.3333333333333333,0.0,0.0,0.1666666666666666,0.0,0.0,0.6666666666666666,0.0,0.3585446211144535,0.0,0.3333333333333333,0.4222222222222222,0.11666666666666661,0.6414553788855465,0.3247893003757053,0.40078194922040605,0.21418883137737227
0.949836423118866,0.3333333333333333,1.0,0.1538461538461538,0.3333333333333333,0.3888888888888889,0.0,0.0,0.0,0.0,0.4,0.6666666666666666,0.0,0.3333333333333333,0.0,0.3333333333333333,0.3333333333333333,0.0436900157570548,0.0,0.3333333333333333,0.2111111111111111,0.09999999999999999,0.9563099842429452,0.484210220926353,0.2987517075698337,0.2737047096807257
0.9503816793893132,0.3333333333333333,1.0,0.3076923076923077,0.5,0.2222222222222222,1.0,0.6666666666666666,0.5,0.0,1.0,1.0,0.1666666666666666,0.0,1.0,0.3333333333333333,0.0,0.3361982523993697,0.0,0.4666666666666667,0.5111111111111111,0.11666666666666661,0.6638017476006304,0.4705455705934405,0.5020585048754063,0.22165052358256884
0.9509269356597602,0.3333333333333333,1.0,0.3846153846153846,0.5,0.5555555555555556,0.0,0.6666666666666666,0.5,0.0,0.6000000000000001,0.3333333333333333,0.1666666666666666,0.6666666666666666,1.0,0.3333333333333333,0.6666666666666666,0.1246239793725827,0.0,0.2,0.5777777777777778,0.3166666666666666,0.8753760206274173,0.2659384655555072,0.7484384568279241,0.7933787731256084
0.9514721919302072,0.6666666666666666,0.0,0.1538461538461538,0.3333333333333333,0.3888888888888889,1.0,0.0,1.0,0.3333333333333333,0.0,0.3333333333333333,0.3333333333333333,0.3333333333333333,0.3333333333333333,0.6666666666666666,0.3333333333333333,0.501504082509669,0.0,0.4666666666666667,0.2111111111111111,0.3333333333333333,0.49849591749033095,0.3533661168893338,0.1557303688350841,0.4755803823092298
0.9520174482006544,1.0,0.0,0.4615384615384615,0.6666666666666666,1.0,0.0,0.6666666666666666,0.5,1.0,0.4,1.0,0.1666666666666666,1.0,1.0,1.0,1.0,0.9971350809339636,0.0,1.2,0.7333333333333334,0.41666666666666663,0.0028649190660363644,0.005222159362896521,0.003108954731734869,0.0034165257349800747
0.9525627044711016,0.0,0.0,0.6923076923076923,0.0,0.2777777777777777,0.0,0.3333333333333333,0.5,0.6666666666666666,0.4,0.3333333333333333,0.0,0.6666666666666666,0.3333333333333333,0.0,0.6666666666666666,0.9371150265005014,0.0,0.5333333333333333,0.18888888888888888,0.19999999999999998,0.06288497349949862,0.05094506578470195,0.01757737057798294,0.03599651514375031
0.9531079607415486,1.0,1.0,1.0,0.6666666666666666,0.1666666666666666,0.5,1.0,0.0,1.0,0.2,0.0,0.0833333333333333,0.3333333333333333,0.6666666666666666,1.0,0.3333333333333333,0.6699613235926085,0.0,0.8,0.7000000000000001,0.1583333333333333,0.3300386764073915,0.4010618390704556,0.3418719675915022,0.1495618305744888
0.9536532170119956,0.6666666666666666,0.5,0.2307692307692307,0.5,0.0555555555555555,0.0,0.6666666666666666,0.0,0.3333333333333333,1.0,0.3333333333333333,0.3333333333333333,1.0,0.0,0.6666666666666666,1.0,0.7500358114883254,0.0,0.4666666666666667,0.47777777777777775,0.5333333333333333,0.24996418851167457,0.17719076838272627,0.1767275896179754,0.38155759408257744
0.9541984732824428,0.6666666666666666,1.0,0.0,0.5,0.6111111111111112,0.0,0.0,0.0,0.3333333333333333,0.8,0.0,0.0,0.0,1.0,0.6666666666666666,0.0,0.0643174330325168,0.0,0.3333333333333333,0.32222222222222224,0.0,0.9356825669674832,0.47376590220055986,0.4461538461538462,0.0
0.95474372955289,0.3333333333333333,0.5,0.9230769230769232,0.5,0.5555555555555556,0.0,0.0,0.5,0.0,0.2,0.6666666666666666,0.1666666666666666,1.0,1.0,0.3333333333333333,1.0,0.2491047127918636,0.0,0.3333333333333333,0.3111111111111111,0.41666666666666663,0.7508952872081364,0.3802022136153299,0.34569692401903057,0.8954713951382839
0.955834242093784,0.6666666666666666,1.0,0.3076923076923077,0.5,0.4999999999999999,1.0,0.3333333333333333,1.0,0.3333333333333333,0.8,0.0,0.25,0.6666666666666666,1.0,0.6666666666666666,0.6666666666666666,0.1824953445065177,0.0,0.3333333333333333,0.43333333333333335,0.375,0.8175046554934823,0.4139286595007035,0.524219228413962,0.8774150566289142
0.9563794983642312,0.6666666666666666,0.5,0.9230769230769232,0.6666666666666666,0.4444444444444445,1.0,1.0,0.0,0.3333333333333333,0.4,0.0,0.0833333333333333,0.6666666666666666,0.3333333333333333,0.6666666666666666,0.6666666666666666,0.2223177195244234,0.0,0.3333333333333333,0.7555555555555556,0.2583333333333333,0.7776822804755766,0.3937653219606307,0.869499269866692,0.5749978646714157
0.9569247546346784,1.0,0.5,0.5384615384615385,0.8333333333333333,0.3888888888888889,0.5,1.0,1.0,1.0,0.8,0.6666666666666666,0.0,0.0,0.0,1.0,0.0,0.8924222890703337,0.0,1.0666666666666667,0.8111111111111111,0.0,0.10757771092966628,0.17430407473490295,0.12912289792265302,0.0
0.9574700109051254,0.3333333333333333,0.5,0.3076923076923077,0.5,1.0,1.0,0.0,0.0,0.0,0.0,0.3333333333333333,0.0833333333333333,0.6666666666666666,0.3333333333333333,0.3333333333333333,0.6666666666666666,0.4625411832115743,0.0,0.2,0.4,0.2583333333333333,0.5374588167884258,0.16327951607989905,0.31813085873098124,0.39738294128700524
0.9580152671755726,0.6666666666666666,0.5,0.3076923076923077,0.6666666666666666,0.6666666666666665,0.5,0.3333333333333333,1.0,0.3333333333333333,0.8,0.0,0.3333333333333333,0.3333333333333333,0.0,0.6666666666666666,0.3333333333333333,0.5709783698610514,0.0,0.3333333333333333,0.5333333333333333,0.3333333333333333,0.42902163013894856,0.21722732349826648,0.33859343351076354,0.4092997830506158
0.9585605234460196,0.6666666666666666,0.5,0.5384615384615385,0.3333333333333333,0.0,1.0,0.0,0.5,0.3333333333333333,0.4,0.3333333333333333,0.3333333333333333,0.6666666666666666,1.0,0.6666666666666666,0.6666666666666666,0.6769803753043976,0.0,0.4666666666666667,0.13333333333333333,0.4333333333333333,0.3230196246956024,0.22897718206478385,0.06373357200056527,0.4006218076837665
0.9591057797164668,0.6666666666666666,1.0,0.8461538461538463,0.5,1.0,0.5,0.6666666666666666,1.0,0.3333333333333333,0.2,0.6666666666666666,0.0,0.6666666666666666,1.0,0.6666666666666666,0.6666666666666666,0.4969202120040109,0.0,0.6,0.6666666666666667,0.19999999999999998,0.5030797879959892,0.4585055920623178,0.4963022280842245,0.2879721211500026
0.959651035986914,0.3333333333333333,1.0,1.0,0.1666666666666666,0.0555555555555555,1.0,0.0,0.5,0.0,0.2,1.0,0.0,1.0,0.6666666666666666,0.3333333333333333,1.0,0.6872940839421285,0.0,0.4666666666666667,0.07777777777777774,0.3,0.31270591605787146,0.22166615895672867,0.035990861557303674,0.2684979244606161
0.960196292257361,0.6666666666666666,0.5,0.7692307692307693,0.6666666666666666,0.8888888888888888,0.0,0.3333333333333333,0.0,0.3333333333333333,0.2,0.0,0.25,1.0,0.3333333333333333,0.6666666666666666,1.0,0.5679702048417132,0.0,0.3333333333333333,0.5777777777777778,0.475,0.43202979515828677,0.21875045331244466,0.36938150642988365,0.5873417721518988
0.960741548527808,0.3333333333333333,1.0,0.6923076923076923,0.3333333333333333,0.3888888888888889,1.0,0.3333333333333333,0.5,0.0,0.4,0.0,0.0833333333333333,0.3333333333333333,0.0,0.3333333333333333,0.3333333333333333,0.1038533161438189,0.0,0.06666666666666667,0.34444444444444444,0.1583333333333333,0.8961466838561811,0.09074952492855796,0.45677139761646807,0.40610191496267445
0.9618320610687024,1.0,0.5,0.5384615384615385,0.6666666666666666,0.1111111111111111,1.0,0.3333333333333333,0.0,1.0,0.4,0.3333333333333333,0.25,0.6666666666666666,0.3333333333333333,1.0,0.6666666666666666,0.7775390345222748,0.0,0.9333333333333333,0.4222222222222222,0.375,0.2224609654777252,0.31538941352249145,0.13899382919591122,0.23876390098908418
0.9623773173391494,0.3333333333333333,1.0,0.6153846153846154,0.1666666666666666,0.6666666666666665,1.0,0.6666666666666666,0.5,0.0,0.8,1.0,0.25,0.6666666666666666,0.3333333333333333,0.3333333333333333,0.6666666666666666,0.3555364560951153,0.0,0.4666666666666667,0.4666666666666666,0.375,0.6444635439048847,0.4568374022658369,0.4450468698478495,0.691692717675396
0.9629225736095964,0.6666666666666666,0.0,0.4615384615384615,0.3333333333333333,0.7777777777777777,0.0,0.0,0.0,0.3333333333333333,0.2,0.0,0.1666666666666666,0.3333333333333333,0.0,0.6666666666666666,0.3333333333333333,0.2375017905744162,0.0,0.3333333333333333,0.28888888888888886,0.21666666666666662,0.7624982094255838,0.3860771428985885,0.32596448254745863,0.47284032866977566
0.9634678298800436,0.6666666666666666,1.0,0.4615384615384615,0.5,0.0555555555555555,0.5,0.0,0.0,0.3333333333333333,1.0,0.0,0.3333333333333333,0.6666666666666666,0.3333333333333333,0.6666666666666666,0.6666666666666666,0.5384615384615385,0.0,0.3333333333333333,0.2111111111111111,0.4333333333333333,0.46153846153846145,0.23369163148962088,0.14418484149041402,0.5724183877415056
0.9640130861504908,0.3333333333333333,0.0,0.4615384615384615,0.5,0.5555555555555556,0.5,0.0,0.5,0.0,0.8,0.0,0.0,0.6666666666666666,1.0,0.3333333333333333,0.6666666666666666,0.1372296232631428,0.0,0.06666666666666667,0.3111111111111111,0.19999999999999998,0.8627703767368572,0.08736962734090546,0.3972019407414386,0.4938656280428432
0.964558342420938,0.6666666666666666,0.5,0.3846153846153846,0.5,0.1111111111111111,0.0,1.0,0.5,0.3333333333333333,0.8,0.6666666666666666,0.25,1.0,0.6666666666666666,0.6666666666666666,1.0,0.4268729408394213,0.0,0.6,0.6222222222222223,0.475,0.5731270591605787,0.5223464902737281,0.5277120919496915,0.7791626095423564
0.965103598691385,0.3333333333333333,0.0,0.3076923076923077,0.5,0.4444444444444445,0.5,0.0,0.0,0.0,0.4,0.0,0.3333333333333333,0.3333333333333333,1.0,0.3333333333333333,0.3333333333333333,0.3407821229050279,0.0,0.06666666666666667,0.2888888888888889,0.3333333333333333,0.6592178770949721,0.06675660385569433,0.28181261481935094,0.6289140572951367
0.965648854961832,0.6666666666666666,1.0,0.3846153846153846,0.5,1.0,0.5,0.6666666666666666,0.5,0.3333333333333333,0.4,0.0,0.0,0.3333333333333333,1.0,0.6666666666666666,0.3333333333333333,0.4495058014611087,0.0,0.3333333333333333,0.6666666666666667,0.09999999999999999,0.5504941985388914,0.2787327559946038,0.5430778651844176,0.15755650079434227
0.9661941112322792,0.6666666666666666,1.0,0.0769230769230769,0.3333333333333333,0.1111111111111111,1.0,0.6666666666666666,0.5,0.3333333333333333,0.2,0.0,0.0,0.6666666666666666,0.6666666666666666,0.6666666666666666,0.6666666666666666,0.3092680131786277,0.0,0.3333333333333333,0.4222222222222222,0.19999999999999998,0.6907319868213724,0.3497396173317667,0.43157002213952617,0.3953876902577769
0.9667393675027264,0.6666666666666666,1.0,0.4615384615384615,0.3333333333333333,0.9444444444444444,0.5,0.0,1.0,0.3333333333333333,0.4,0.3333333333333333,0.0,0.0,1.0,0.6666666666666666,0.0,0.4615384615384615,0.0,0.4666666666666667,0.3222222222222222,0.0,0.5384615384615385,0.3816963314330476,0.25675020019784256,0.0
0.9678298800436206,0.3333333333333333,0.5,0.3846153846153846,0.5,0.6666666666666665,0.5,1.0,0.5,0.0,1.0,0.0,0.0,0.6666666666666666,0.0,0.3333333333333333,0.6666666666666666,0.2105715513536742,0.0,0.06666666666666667,0.7333333333333334,0.19999999999999998,0.7894284486463258,0.07994255624700813,0.8566724763295492,0.4518833598114078
0.9683751363140676,0.6666666666666666,0.5,0.6153846153846154,0.5,0.6666666666666665,1.0,0.0,1.0,0.3333333333333333,1.0,1.0,0.1666666666666666,1.0,0.6666666666666666,0.6666666666666666,1.0,0.292364990689013,0.0,0.7333333333333333,0.3333333333333333,0.41666666666666663,0.707635009310987,0.7882559438327749,0.34905082669932636,0.8438818565400844
0.9689203925845148,0.6666666666666666,0.5,0.1538461538461538,0.6666666666666666,0.0555555555555555,1.0,0.6666666666666666,1.0,0.3333333333333333,0.0,0.0,0.3333333333333333,0.3333333333333333,0.6666666666666666,0.6666666666666666,0.3333333333333333,0.74487895716946,0.0,0.3333333333333333,0.5444444444444444,0.3333333333333333,0.25512104283054005,0.12917591424053845,0.20554194733619105,0.24339329335998222
0.969465648854962,0.6666666666666666,1.0,0.7692307692307693,0.3333333333333333,0.0555555555555555,0.5,0.0,0.0,0.3333333333333333,0.2,1.0,0.1666666666666666,0.0,0.3333333333333333,0.6666666666666666,0.0,0.5881678842572697,0.0,0.7333333333333333,0.14444444444444443,0.11666666666666661,0.41183211574273026,0.4587521940322323,0.0880281690140845,0.13751516083294893
0.970010905125409,1.0,0.0,0.4615384615384615,0.6666666666666666,0.0555555555555555,0.5,1.0,0.0,1.0,0.8,1.0,0.25,0.0,0.0,1.0,0.0,0.9056009167741012,0.0,1.2,0.6777777777777778,0.175,0.09439908322589885,0.17207015100744152,0.09467944792500822,0.04728129964638958
0.970556161395856,0.3333333333333333,0.5,0.6923076923076923,0.5,0.7777777777777777,0.5,0.3333333333333333,0.0,0.0,0.8,0.0,0.25,0.3333333333333333,0.3333333333333333,0.3333333333333333,0.3333333333333333,0.2442343503796017,0.0,0.06666666666666667,0.48888888888888893,0.27499999999999997,0.7557656496203983,0.07653364666289511,0.5467615054877762,0.5948444626659151
0.9711014176663032,0.6666666666666666,0.5,0.8461538461538463,0.6666666666666666,0.0,1.0,0.0,0.0,0.3333333333333333,0.6000000000000001,1.0,0.3333333333333333,0.3333333333333333,1.0,0.6666666666666666,0.3333333333333333,0.8348374158430024,0.0,0.7333333333333333,0.26666666666666666,0.3333333333333333,0.16516258415699758,0.18397957555449176,0.0651749964670969,0.15757016689728218
0.9716466739367504,0.6666666666666666,1.0,0.2307692307692307,0.6666666666666666,0.2222222222222222,0.0,0.6666666666666666,1.0,0.3333333333333333,0.8,0.0,0.0,1.0,0.0,0.6666666666666666,1.0,0.5506374444921931,0.0,0.3333333333333333,0.5777777777777777,0.3,0.4493625555078069,0.22752658224175695,0.3842008573178199,0.3858350843027725
0.9721919302071974,0.3333333333333333,1.0,0.0769230769230769,0.1666666666666666,0.2222222222222222,0.0,0.6666666666666666,0.5,0.0,0.6000000000000001,0.0,0.25,0.0,1.0,0.3333333333333333,0.0,0.4933390631714653,0.0,0.06666666666666667,0.37777777777777777,0.175,0.5066609368285346,0.051307715740458684,0.2832399076734655,0.25376928201711685
0.9732824427480916,0.6666666666666666,0.0,0.6153846153846154,0.6666666666666666,0.0,0.5,0.0,0.0,0.3333333333333333,0.2,1.0,0.25,1.0,0.3333333333333333,0.6666666666666666,1.0,0.7494628276751182,0.0,0.7333333333333333,0.26666666666666666,0.475,0.2505371723248818,0.2790808999521302,0.09886476046916952,0.34060370009737095
0.9738276990185388,0.6666666666666666,0.5,0.7692307692307693,0.5,0.3333333333333333,0.0,0.0,0.0,0.3333333333333333,0.2,0.0,0.0,1.0,0.3333333333333333,0.6666666666666666,1.0,0.3230196246956023,0.0,0.3333333333333333,0.26666666666666666,0.3,0.6769803753043977,0.34277673818123794,0.26714400113052894,0.5812740224465741
0.9743729552889858,1.0,0.0,0.7692307692307693,0.5,0.0555555555555555,0.0,0.0,0.0,1.0,0.8,0.0,0.1666666666666666,0.6666666666666666,0.0,1.0,0.6666666666666666,0.7524709926944564,0.0,0.8,0.2111111111111111,0.3166666666666666,0.2475290073055436,0.3007963793028417,0.07732818314569691,0.22434274586173317
0.9749182115594328,1.0,0.0,0.5384615384615385,0.5,0.8333333333333333,0.5,1.0,0.0,1.0,0.6000000000000001,0.0,0.3333333333333333,0.6666666666666666,0.0,1.0,0.6666666666666666,0.8740868070477009,0.0,0.8,0.7666666666666667,0.4333333333333333,0.12591319295229908,0.15300926933286912,0.14284940411700972,0.15616255829447032
0.97546346782988,0.3333333333333333,0.0,0.0,0.3333333333333333,0.4444444444444445,0.5,0.6666666666666666,1.0,0.0,0.2,0.3333333333333333,0.3333333333333333,0.3333333333333333,0.6666666666666666,0.3333333333333333,0.3333333333333333,0.37243947858473,0.0,0.2,0.48888888888888893,0.3333333333333333,0.62756052141527,0.19065233474041515,0.45401102265768517,0.5987119697979125
0.9760087241003272,0.3333333333333333,0.5,0.9230769230769232,0.1666666666666666,0.6111111111111112,0.5,0.3333333333333333,0.5,0.0,1.0,1.0,0.25,0.3333333333333333,1.0,0.3333333333333333,0.3333333333333333,0.3086950293654204,0.0,0.4666666666666667,0.3222222222222222,0.27499999999999997,0.6913049706345795,0.4900416322149208,0.3296292807009279,0.5441090555014605
0.9765539803707745,0.3333333333333333,1.0,0.0769230769230769,0.1666666666666666,0.5555555555555556,0.0,0.6666666666666666,0.5,0.0,0.2,1.0,0.25,0.3333333333333333,0.6666666666666666,0.3333333333333333,0.3333333333333333,0.320870935396075,0.0,0.4666666666666667,0.4444444444444444,0.27499999999999997,0.679129064603925,0.4814105632679113,0.44665316312591263,0.5345257008148414
0.9770992366412214,1.0,0.5,0.0,0.5,0.0555555555555555,0.0,0.0,0.0,1.0,0.2,0.6666666666666666,0.0,0.3333333333333333,0.3333333333333333,1.0,0.3333333333333333,0.6007735281478298,0.0,1.0666666666666667,0.2111111111111111,0.09999999999999999,0.3992264718521702,0.6468514730841203,0.12471854538602854,0.11426228668067442
0.9776444929116686,0.6666666666666666,0.0,0.1538461538461538,0.5,0.4999999999999999,0.5,1.0,1.0,0.3333333333333333,0.6000000000000001,0.6666666666666666,0.1666666666666666,0.3333333333333333,0.0,0.6666666666666666,0.3333333333333333,0.1781979659074631,0.0,0.6,0.7000000000000001,0.21666666666666662,0.8218020340925369,0.7489882066234388,0.8512671345800555,0.5096158116811014
0.9787350054525628,0.3333333333333333,1.0,0.3076923076923077,0.5,0.8888888888888888,1.0,1.0,1.0,0.0,0.0,0.0,0.1666666666666666,0.3333333333333333,0.6666666666666666,0.3333333333333333,0.3333333333333333,0.1855035095258559,0.0,0.06666666666666667,0.7777777777777779,0.21666666666666662,0.8144964904741441,0.08248110593730507,0.9374440623675161,0.5050854985565177
0.97928026172301,0.6666666666666666,0.5,0.8461538461538463,0.6666666666666666,0.1666666666666666,0.0,0.6666666666666666,1.0,0.3333333333333333,0.2,1.0,0.0833333333333333,0.0,1.0,0.6666666666666666,0.0,0.4016616530583011,0.0,0.7333333333333333,0.5666666666666667,0.058333333333333307,0.598338346941699,0.6665071006861337,0.501735833058552,0.09989579596508308
0.979825517993457,0.6666666666666666,0.5,0.4615384615384615,0.5,0.8888888888888888,1.0,0.3333333333333333,0.0,0.3333333333333333,0.4,0.6666666666666666,0.1666666666666666,1.0,0.3333333333333333,0.6666666666666666,1.0,0.3049706345795731,0.0,0.6,0.5111111111111112,0.41666666666666663,0.6950293654204269,0.6334479307193525,0.5256771397616469,0.828849143306172
0.980370774263904,0.6666666666666666,0.5,0.2307692307692307,0.3333333333333333,0.0555555555555555,0.0,0.6666666666666666,0.5,0.3333333333333333,0.0,0.0,0.25,0.0,0.0,0.6666666666666666,0.0,0.6083655636728262,0.0,0.3333333333333333,0.4111111111111111,0.175,0.39163443632717376,0.1982969958077665,0.2382542748127561,0.1961564085481474
0.9809160305343512,0.0,1.0,0.0769230769230769,0.1666666666666666,0.5555555555555556,0.0,0.0,1.0,0.6666666666666666,0.2,0.6666666666666666,0.3333333333333333,0.3333333333333333,0.0,0.0,0.3333333333333333,0.7973069760779258,0.0,0.6666666666666666,0.17777777777777776,0.3333333333333333,0.20269302392207422,0.20525987495829526,0.0533232841867257,0.19337535659987362
0.9814612868047984,0.6666666666666666,0.5,0.1538461538461538,0.5,0.6666666666666665,0.0,1.0,0.0,0.3333333333333333,0.0,0.6666666666666666,0.0,0.0,0.3333333333333333,0.6666666666666666,0.0,0.1091534164159862,0.0,0.6,0.7333333333333334,0.0,0.8908465835840138,0.8119152269463423,0.9667294738329644,0.0
0.9820065430752454,0.3333333333333333,1.0,0.5384615384615385,0.5,0.6666666666666665,0.5,0.0,1.0,0.0,1.0,0.0,0.3333333333333333,1.0,0.3333333333333333,0.3333333333333333,1.0,0.5595186935969059,0.0,0.06666666666666667,0.3333333333333333,0.5333333333333333,0.44048130640309413,0.04460594455807476,0.21727354091101792,0.6723722646440835
0.9825517993456924,0.3333333333333333,0.5,0.6923076923076923,0.1666666666666666,0.6666666666666665,0.0,0.6666666666666666,0.0,0.0,1.0,0.0,0.25,1.0,0.3333333333333333,0.3333333333333333,1.0,0.5073771665950437,0.0,0.06666666666666667,0.4666666666666666,0.475,0.4926228334049563,0.04988612791389239,0.34019030571388187,0.6697176241480038
0.9830970556161396,0.3333333333333333,0.0,0.7692307692307693,0.1666666666666666,0.3888888888888889,0.0,0.6666666666666666,0.5,0.0,0.8,1.0,0.3333333333333333,0.6666666666666666,0.3333333333333333,0.3333333333333333,0.6666666666666666,0.4569545910328033,0.0,0.4666666666666667,0.4111111111111111,0.4333333333333333,0.5430454089671968,0.3849456750366277,0.33036647981534695,0.673506551188097
0.984187568157034,1.0,1.0,0.1538461538461538,0.5,0.5555555555555556,1.0,0.3333333333333333,0.5,1.0,0.0,0.3333333333333333,0.0,0.0,0.3333333333333333,1.0,0.0,0.4982094255837273,0.0,0.9333333333333333,0.4444444444444445,0.0,0.5017905744162727,0.7114031652088139,0.330020255311131,0.0
0.984732824427481,0.3333333333333333,0.0,0.2307692307692307,0.5,0.7777777777777777,0.5,0.3333333333333333,0.5,0.0,0.4,0.0,0.3333333333333333,0.0,0.6666666666666666,0.3333333333333333,0.0,0.5639593181492623,0.0,0.06666666666666667,0.48888888888888893,0.2333333333333333,0.43604068185073774,0.04415625861293645,0.31545527344670027,0.29119732144382376
0.985278080697928,0.6666666666666666,1.0,0.9230769230769232,0.5,0.9444444444444444,1.0,1.0,0.0,0.3333333333333333,1.0,0.0,0.0833333333333333,0.0,0.0,0.6666666666666666,0.0,0.3891992551210428,0.0,0.3333333333333333,0.788888888888889,0.058333333333333307,0.6108007448789572,0.30926788226931834,0.7130434782608697,0.10197646013768595
0.9858233369683752,0.6666666666666666,0.0,0.4615384615384615,0.3333333333333333,0.1111111111111111,1.0,0.0,0.0,0.3333333333333333,0.2,1.0,0.25,0.6666666666666666,0.0,0.6666666666666666,0.6666666666666666,0.3180060163300386,0.0,0.7333333333333333,0.15555555555555556,0.375,0.6819939836699613,0.7596936333173766,0.156988082340195,0.7319735560908113
0.9863685932388224,0.6666666666666666,0.5,0.3846153846153846,0.3333333333333333,0.0555555555555555,0.0,0.6666666666666666,0.5,0.3333333333333333,1.0,0.6666666666666666,0.25,0.0,0.3333333333333333,0.6666666666666666,0.0,0.6083655636728262,0.0,0.6,0.4111111111111111,0.175,0.39163443632717376,0.3569345924539797,0.2382542748127561,0.1961564085481474
0.9869138495092694,0.3333333333333333,0.5,0.0769230769230769,0.3333333333333333,0.8333333333333333,0.0,0.0,0.0,0.0,0.4,1.0,0.1666666666666666,1.0,0.3333333333333333,0.3333333333333333,1.0,0.2962326314281621,0.0,0.4666666666666667,0.3,0.41666666666666663,0.703767368571838,0.49887578513715425,0.3124287531207311,0.8392695467978614
0.9874591057797164,0.3333333333333333,0.0,0.0,0.3333333333333333,0.0,0.0,0.6666666666666666,0.0,0.0,0.4,0.3333333333333333,0.3333333333333333,0.0,1.0,0.3333333333333333,0.0,0.8632001145967626,0.0,0.2,0.4,0.2333333333333333,0.1367998854032374,0.041559684929718455,0.08097413914927695,0.09135789815336785
0.9880043620501636,0.3333333333333333,1.0,0.9230769230769232,0.1666666666666666,0.9444444444444444,1.0,1.0,0.5,0.0,1.0,1.0,0.25,0.3333333333333333,0.6666666666666666,0.3333333333333333,0.3333333333333333,0.4959174903308981,0.0,0.4666666666666667,0.6555555555555556,0.27499999999999997,0.504082509669102,0.35732625440619703,0.48900325027085595,0.39675088402603403
0.9885496183206108,0.3333333333333333,0.0,0.3076923076923077,0.1666666666666666,0.3333333333333333,1.0,0.3333333333333333,1.0,0.0,0.0,0.3333333333333333,0.1666666666666666,0.0,1.0,0.3333333333333333,0.0,0.3336198252399369,0.0,0.2,0.2666666666666666,0.11666666666666661,0.6663801747600631,0.20244571130162323,0.2629610438551038,0.22251148806778379
0.9890948745910578,0.3333333333333333,1.0,0.8461538461538463,0.5,0.6666666666666665,0.0,0.6666666666666666,1.0,0.0,0.8,0.0,0.1666666666666666,0.6666666666666666,0.3333333333333333,0.3333333333333333,0.6666666666666666,0.2001145967626414,0.0,0.06666666666666667,0.6,0.3166666666666666,0.7998854032373586,0.08100149411781771,0.7101983136275848,0.724959428756897
0.9896401308615048,0.3333333333333333,0.5,1.0,0.1666666666666666,0.3888888888888889,0.0,0.0,0.5,0.0,0.4,0.3333333333333333,0.0,1.0,0.0,0.3333333333333333,1.0,0.3883397794012319,0.0,0.2,0.14444444444444443,0.3,0.6116602205987681,0.18582183732973584,0.1307409675443968,0.5251883359811409
0.990185387131952,0.3333333333333333,0.5,0.9230769230769232,0.1666666666666666,0.3333333333333333,0.0,0.0,0.5,0.0,0.8,0.6666666666666666,0.0,0.3333333333333333,0.0,0.3333333333333333,0.3333333333333333,0.1512677266867211,0.0,0.3333333333333333,0.1333333333333333,0.09999999999999999,0.8487322733132789,0.4297401975716959,0.16745960714117478,0.24291497975708504
0.9907306434023992,0.0,0.5,0.1538461538461538,0.1666666666666666,0.4444444444444445,0.0,0.0,1.0,0.6666666666666666,0.4,0.3333333333333333,0.0833333333333333,0.6666666666666666,0.3333333333333333,0.0,0.6666666666666666,0.732130067325598,0.0,0.5333333333333333,0.15555555555555556,0.2583333333333333,0.26786993267440196,0.2170097335248125,0.061660935512742,0.1980559968567963
0.9912758996728462,0.6666666666666666,0.5,0.6923076923076923,0.3333333333333333,0.6111111111111112,1.0,1.0,1.0,0.3333333333333333,0.0,0.3333333333333333,0.0,1.0,0.3333333333333333,0.6666666666666666,1.0,0.3611230482738863,0.0,0.4666666666666667,0.6555555555555556,0.3,0.6388769517261137,0.45287726474897366,0.6197654152338781,0.5485573720084046
0.9918211559432932,1.0,0.5,1.0,1.0,0.4444444444444445,1.0,1.0,1.0,1.0,0.6000000000000001,1.0,0.1666666666666666,0.6666666666666666,1.0,1.0,0.6666666666666666,0.9893997994556653,0.0,1.2,0.888888888888889,0.3166666666666666,0.010600200544334748,0.019321989642717488,0.013943190918083917,0.00960727036676415
0.9923664122137406,0.3333333333333333,1.0,0.4615384615384615,0.1666666666666666,0.1111111111111111,1.0,0.3333333333333333,0.5,0.0,1.0,0.3333333333333333,0.3333333333333333,1.0,0.3333333333333333,0.3333333333333333,1.0,0.796447500358115,0.0,0.2,0.22222222222222218,0.5333333333333333,0.20355249964188504,0.06183907045563338,0.06693673748174662,0.31071251644203
0.9929116684841875,0.3333333333333333,0.5,0.1538461538461538,0.5,0.2222222222222222,0.5,0.3333333333333333,0.0,0.0,0.8,0.3333333333333333,0.0833333333333333,0.3333333333333333,0.6666666666666666,0.3333333333333333,0.3333333333333333,0.1190373871938117,0.0,0.2,0.3777777777777778,0.1583333333333333,0.8809626128061883,0.26763566734844857,0.4924866927316407,0.3992210321324245
0.9934569247546348,0.6666666666666666,0.0,0.2307692307692307,0.3333333333333333,0.0,1.0,0.6666666666666666,0.0,0.3333333333333333,0.4,0.6666666666666666,0.0833333333333333,1.0,0.0,0.6666666666666666,1.0,0.7284056725397507,0.0,0.6,0.4,0.3583333333333333,0.27159432746024925,0.24753035380129682,0.16076122285552782,0.2785425101214575
0.994002181025082,0.6666666666666666,0.5,0.0769230769230769,0.5,0.0555555555555555,0.0,0.6666666666666666,0.0,0.3333333333333333,0.4,0.0,0.25,0.0,1.0,0.6666666666666666,0.0,0.5188368428591892,0.0,0.3333333333333333,0.47777777777777775,0.175,0.4811631571408108,0.2436282402773547,0.34018795044514577,0.2409983088197612
0.995092693565976,0.3333333333333333,1.0,0.2307692307692307,0.3333333333333333,0.6666666666666665,0.5,1.0,1.0,0.0,0.8,1.0,0.1666666666666666,0.6666666666666666,0.0,0.3333333333333333,0.6666666666666666,0.2088525999140524,0.0,0.4666666666666667,0.6666666666666666,0.3166666666666666,0.7911474000859476,0.5608163975803995,0.7804889537896273,0.7170399221032132
0.9956379498364232,0.6666666666666666,0.5,0.3076923076923077,0.5,0.0,0.5,0.3333333333333333,1.0,0.3333333333333333,0.8,0.0,0.0,0.0,0.3333333333333333,0.6666666666666666,0.0,0.3389199255121043,0.0,0.3333333333333333,0.33333333333333337,0.0,0.6610800744878957,0.33472590916343903,0.3260869565217392,0.0
0.9961832061068704,0.3333333333333333,0.5,0.3846153846153846,0.1666666666666666,0.6666666666666665,1.0,1.0,0.0,0.0,0.6000000000000001,0.0,0.3333333333333333,1.0,0.6666666666666666,0.3333333333333333,1.0,0.6645179773671394,0.0,0.06666666666666667,0.6,0.5333333333333333,0.33548202263286064,0.03397304785528816,0.29786612652503647,0.5120962093646971
0.9967284623773174,0.3333333333333333,0.5,1.0,0.1666666666666666,0.1111111111111111,0.0,0.0,0.5,0.0,0.8,1.0,0.25,0.6666666666666666,0.6666666666666666,0.3333333333333333,0.6666666666666666,0.4268729408394213,0.0,0.4666666666666667,0.08888888888888886,0.375,0.5731270591605787,0.40626949243512195,0.07538744170709875,0.615128375954492
0.9972737186477644,0.0,1.0,0.7692307692307693,0.0,0.9444444444444444,0.5,0.3333333333333333,0.0,0.6666666666666666,0.6000000000000001,0.3333333333333333,0.0,0.3333333333333333,0.0,0.0,0.3333333333333333,0.9712075633863344,0.0,0.5333333333333333,0.3222222222222222,0.09999999999999999,0.028792436613665595,0.023325645154271234,0.013728861463092904,0.008240660072771978
0.9978189749182116,0.3333333333333333,0.0,0.3846153846153846,0.1666666666666666,0.4999999999999999,1.0,1.0,0.0,0.0,0.2,0.6666666666666666,0.0,1.0,1.0,0.3333333333333333,1.0,0.3467984529437043,0.0,0.3333333333333333,0.5666666666666667,0.3,0.6532015470562957,0.33073675965011534,0.5477412972820199,0.5608568646543332
0.9983642311886588,0.3333333333333333,0.5,0.4615384615384615,0.3333333333333333,0.6666666666666665,1.0,0.3333333333333333,1.0,0.0,0.4,0.0,0.25,0.6666666666666666,1.0,0.3333333333333333,0.6666666666666666,0.2402234636871508,0.0,0.06666666666666667,0.39999999999999997,0.375,0.7597765363128492,0.07693981461334262,0.44972443355786895,0.8154563624250502
0.9989094874591058,0.3333333333333333,0.5,0.0769230769230769,0.1666666666666666,0.6666666666666665,0.0,0.6666666666666666,0.5,0.0,0.2,0.3333333333333333,0.3333333333333333,0.0,0.0,0.3333333333333333,0.0,0.5834407677983097,0.0,0.2,0.4666666666666666,0.2333333333333333,0.41655923220169033,0.1265503285608599,0.2876631023599792,0.2781871914450196
0.0005452562704471,0.3333333333333333,0.5,0.6153846153846154,0.5,0.0,1.0,0.0,0.5,0.0,0.6000000000000001,0.3333333333333333,0.1666666666666666,0.6666666666666666,0.0,0.3333333333333333,0.6666666666666666,0.4750035811488325,0.0,0.2,0.2,0.3166666666666666,0.5249964188511675,0.15949345054179906,0.15537707852465968,0.4758195391106784
0.0010905125408942,0.6666666666666666,0.0,0.1538461538461538,0.3333333333333333,0.2777777777777777,0.5,1.0,0.0,0.3333333333333333,1.0,0.0,0.1666666666666666,1.0,0.3333333333333333,0.6666666666666666,1.0,0.4661223320441197,0.0,0.3333333333333333,0.5888888888888889,0.41666666666666663,0.5338776679558803,0.2703192770210482,0.4652385887229733,0.6366695707135415
0.0016357688113413,0.6666666666666666,0.5,0.7692307692307693,0.6666666666666666,0.7777777777777777,0.0,0.0,0.0,0.3333333333333333,1.0,1.0,0.25,1.0,0.3333333333333333,0.6666666666666666,1.0,0.5510671823520985,0.0,0.7333333333333333,0.4222222222222222,0.475,0.4489328176479015,0.5000797829902665,0.2804936643270997,0.6103213242453749
0.0021810250817884,0.0,0.0,0.3076923076923077,0.0,0.1111111111111111,0.5,0.3333333333333333,0.0,0.6666666666666666,0.6000000000000001,0.0,0.0,0.0,0.6666666666666666,0.0,0.0,0.9798023205844436,0.0,0.39999999999999997,0.15555555555555556,0.0,0.02019767941555639,0.012272074502806837,0.0046493004851853315,0.0
0.0027262813522355,0.3333333333333333,0.5,0.5384615384615385,0.3333333333333333,0.6111111111111112,1.0,0.3333333333333333,1.0,0.0,0.0,1.0,0.1666666666666666,0.0,0.0,0.3333333333333333,0.0,0.2546913049706346,0.0,0.4666666666666667,0.3888888888888889,0.11666666666666661,0.7453086950293655,0.5283229615445988,0.42890621319892597,0.2488665675874203
0.0032715376226826,0.3333333333333333,1.0,0.9230769230769232,0.3333333333333333,0.1111111111111111,0.0,0.6666666666666666,0.5,0.0,0.4,0.0,0.3333333333333333,1.0,0.0,0.3333333333333333,1.0,0.6675261423864776,0.0,0.06666666666666667,0.4222222222222222,0.5333333333333333,0.33247385761352244,0.03366842189245253,0.2077299919920863,0.5075043987768839
0.0038167938931297,0.3333333333333333,1.0,0.4615384615384615,0.5,0.6666666666666665,1.0,1.0,0.0,0.0,0.2,0.3333333333333333,0.0,0.0,0.3333333333333333,0.3333333333333333,0.0,0.228190803609798,0.0,0.2,0.7333333333333334,0.0,0.7718091963902021,0.23447495539405547,0.8375524047293798,0.0
0.0043620501635768,0.3333333333333333,1.0,0.0,0.5,0.9444444444444444,0.5,0.3333333333333333,0.0,0.0,0.4,0.0,0.25,0.3333333333333333,0.0,0.3333333333333333,0.3333333333333333,0.3854748603351955,0.0,0.06666666666666667,0.5222222222222223,0.27499999999999997,0.6145251396648045,0.06223073240785064,0.47489283527250464,0.4836775483011325
0.0049073064340239,0.3333333333333333,0.5,0.2307692307692307,0.5,0.1111111111111111,0.5,0.3333333333333333,1.0,0.0,1.0,0.3333333333333333,0.25,0.0,0.0,0.3333333333333333,0.0,0.5244234350379602,0.0,0.2,0.35555555555555557,0.175,0.4755765649620398,0.14447974237347141,0.25022375052993545,0.23820017424281248
0.0059978189749182,0.3333333333333333,0.0,0.5384615384615385,0.1666666666666666,1.0,0.5,0.6666666666666666,0.5,0.0,1.0,0.6666666666666666,0.1666666666666666,0.0,0.6666666666666666,0.3333333333333333,0.0,0.6887265434751468,0.0,0.3333333333333333,0.5333333333333333,0.11666666666666661,0.31127345652485316,0.15760767077186416,0.24566395025672427,0.10393754590956453
0.0065430752453653,0.6666666666666666,0.0,0.8461538461538463,0.3333333333333333,0.9444444444444444,0.0,1.0,0.5,0.3333333333333333,0.4,0.6666666666666666,0.25,0.0,0.6666666666666666,0.6666666666666666,0.0,0.5691161724681277,0.0,0.6,0.7222222222222222,0.175,0.43088382753187227,0.3927063840898211,0.4605021432945499,0.2158150976272229
0.0070883315158124,0.3333333333333333,1.0,0.2307692307692307,0.3333333333333333,0.4999999999999999,1.0,1.0,0.5,0.0,1.0,0.6666666666666666,0.25,0.0,0.3333333333333333,0.3333333333333333,0.0,0.3122761781979659,0.0,0.3333333333333333,0.6333333333333333,0.175,0.6877238218020341,0.34821648751758844,0.6445357765321023,0.3444575411264285
0.0076335877862595,0.6666666666666666,0.0,0.1538461538461538,0.6666666666666666,0.4999999999999999,0.0,0.6666666666666666,1.0,0.3333333333333333,0.6000000000000001,1.0,0.3333333333333333,1.0,0.3333333333333333,0.6666666666666666,1.0,0.5843002435181206,0.0,0.7333333333333333,0.6333333333333333,0.5333333333333333,0.4156997564818794,0.46306047550662194,0.38959442272363276,0.6345444917063838
0.0081788440567066,0.3333333333333333,0.5,0.0769230769230769,0.1666666666666666,0.2777777777777777,1.0,0.6666666666666666,1.0,0.0,0.8,1.0,0.0,0.3333333333333333,0.0,0.3333333333333333,0.3333333333333333,0.1462541183211574,0.0,0.4666666666666667,0.38888888888888884,0.09999999999999999,0.8537458816788426,0.60519024616679,0.4913090583635592,0.24434992056577665
0.0087241003271537,1.0,0.0,0.9230769230769232,0.5,0.0,0.0,0.0,0.5,1.0,0.4,0.3333333333333333,0.25,0.3333333333333333,1.0,1.0,0.3333333333333333,0.8149262283340496,0.0,0.9333333333333333,0.2,0.27499999999999997,0.1850737716659504,0.26238449598909147,0.054774129728201976,0.14566699123661145
0.0092693565976008,0.0,0.0,0.1538461538461538,0.1666666666666666,0.3333333333333333,0.5,1.0,0.0,0.6666666666666666,0.2,0.6666666666666666,0.3333333333333333,0.0,0.3333333333333333,0.0,0.0,0.927087809769374,0.0,0.6666666666666666,0.5333333333333333,0.2333333333333333,0.072912190230626,0.07383553099206523,0.057543925761929446,0.04869232477493639
0.0098146128680479,0.6666666666666666,0.5,0.7692307692307693,0.6666666666666666,0.1111111111111111,1.0,0.0,0.5,0.3333333333333333,1.0,0.0,0.1666666666666666,1.0,0.3333333333333333,0.6666666666666666,1.0,0.6277037673685718,0.0,0.3333333333333333,0.28888888888888886,0.41666666666666663,0.3722962326314282,0.18850544700233546,0.15915492957746477,0.4439775192606639
0.0109051254089422,0.0,0.0,0.8461538461538463,0.1666666666666666,0.7222222222222221,0.5,0.0,1.0,0.6666666666666666,0.8,0.6666666666666666,0.1666666666666666,0.3333333333333333,0.0,0.0,0.3333333333333333,0.6593611230482739,0.0,0.6666666666666666,0.21111111111111108,0.21666666666666662,0.3406388769517261,0.3449526379157781,0.10641575203730744,0.21123695314234953
0.0114503816793893,0.0,0.0,0.9230769230769232,0.0,0.6666666666666665,1.0,0.0,1.0,0.6666666666666666,1.0,0.6666666666666666,0.0,0.0,0.6666666666666666,0.0,0.0,0.9979945566537746,0.0,0.6666666666666666,0.1333333333333333,0.0,0.002005443346225433,0.002030839752237513,0.0003956851476753425,0.0
0.0119956379498364,0.6666666666666666,0.5,0.4615384615384615,0.3333333333333333,0.1666666666666666,0.0,0.0,0.5,0.3333333333333333,0.0,0.0,0.1666666666666666,0.0,0.3333333333333333,0.6666666666666666,0.0,0.4409110442629996,0.0,0.3333333333333333,0.16666666666666666,0.11666666666666661,0.5590889557370005,0.2830845554636842,0.13788920815865088,0.18668579921078252
0.0125408942202835,0.0,1.0,0.7692307692307693,0.1666666666666666,0.8888888888888888,0.0,0.3333333333333333,1.0,0.6666666666666666,0.6000000000000001,1.0,0.0,0.0,0.3333333333333333,0.0,0.0,0.8302535453373442,0.0,0.8,0.37777777777777777,0.0,0.1697464546626558,0.20627529483441406,0.09489377737999906,0.0
0.0130861504907306,0.3333333333333333,1.0,0.3846153846153846,0.5,0.8888888888888888,1.0,0.6666666666666666,1.0,0.0,0.0,0.3333333333333333,0.0,0.6666666666666666,0.0,0.3333333333333333,0.6666666666666666,0.3149978513107004,0.0,0.2,0.6444444444444445,0.19999999999999998,0.6850021486892997,0.20810305061142786,0.6532479155871687,0.39210782555219603
0.0136314067611777,0.3333333333333333,0.0,0.8461538461538463,0.5,0.1111111111111111,0.0,0.0,1.0,0.0,0.6000000000000001,0.6666666666666666,0.3333333333333333,1.0,0.0,0.3333333333333333,1.0,0.6745451940982667,0.0,0.3333333333333333,0.22222222222222224,0.5333333333333333,0.32545480590173326,0.1647881398958469,0.10702341137123746,0.49679017407198617
0.0141766630316248,0.3333333333333333,0.5,0.7692307692307693,0.1666666666666666,0.6111111111111112,1.0,0.3333333333333333,0.0,0.0,0.6000000000000001,0.0,0.3333333333333333,0.0,0.3333333333333333,0.3333333333333333,0.0,0.5802893568256696,0.0,0.06666666666666667,0.3222222222222222,0.2333333333333333,0.4197106431743304,0.042502574814685876,0.20012718451175276,0.28029177129776733
0.0147219193020719,0.3333333333333333,0.0,0.0,0.1666666666666666,0.4999999999999999,1.0,0.0,0.0,0.0,0.8,0.6666666666666666,0.0,0.0,0.0,0.3333333333333333,0.0,0.2233204411975361,0.0,0.3333333333333333,0.16666666666666663,0.0,0.7766795588024639,0.39325761202257126,0.1915540063121202,0.0
0.015267175572519,0.3333333333333333,1.0,0.0,0.3333333333333333,0.1111111111111111,0.0,0.3333333333333333,1.0,0.0,0.2,1.0,0.25,0.6666666666666666,1.0,0.3333333333333333,0.6666666666666666,0.2925082366423149,0.0,0.4666666666666667,0.28888888888888886,0.375,0.7074917633576852,0.5015158768150629,0.30244947948560924,0.7593399272280019
0.0163576881134133,0.3333333333333333,0.0,0.4615384615384615,0.5,0.8333333333333333,1.0,0.6666666666666666,0.5,0.0,0.4,0.3333333333333333,0.0833333333333333,0.0,0.3333333333333333,0.3333333333333333,0.0,0.3861910901017046,0.0,0.2,0.6333333333333333,0.058333333333333307,0.6138089098982954,0.18647460725009793,0.5752626124640821,0.10247868942072802
0.0169029443838604,0.3333333333333333,0.0,0.3846153846153846,0.3333333333333333,1.0,1.0,0.6666666666666666,1.0,0.0,0.2,0.3333333333333333,0.1666666666666666,0.3333333333333333,0.3333333333333333,0.3333333333333333,0.3333333333333333,0.4029508666380175,0.0,0.2,0.6000000000000001,0.21666666666666662,0.5970491333619825,0.18138300187127376,0.5301050449856329,0.3702420608483233
0.0174482006543075,0.0,0.5,1.0,0.1666666666666666,0.7222222222222221,0.5,0.3333333333333333,0.0,0.6666666666666666,0.6000000000000001,1.0,0.3333333333333333,0.0,1.0,0.0,0.0,0.8786706775533591,0.0,0.8,0.3444444444444444,0.2333333333333333,0.12132932244664085,0.14743896601244613,0.06184229120542651,0.08102632433078799
0.0179934569247546,1.0,1.0,0.3846153846153846,0.5,0.2777777777777777,0.0,0.0,0.0,1.0,0.0,0.3333333333333333,0.0,0.0,0.6666666666666666,1.0,0.0,0.4870362412261854,0.0,0.9333333333333333,0.25555555555555554,0.0,0.5129637587738146,0.7272437152762667,0.19398699891657634,0.0
0.0185387131952017,0.0,1.0,0.1538461538461538,0.1666666666666666,0.2777777777777777,0.0,1.0,0.5,0.6666666666666666,0.6000000000000001,0.6666666666666666,0.25,0.6666666666666666,0.0,0.0,0.6666666666666666,0.7712362125769947,0.0,0.6666666666666666,0.5222222222222223,0.375,0.2287637874230053,0.23166079173738338,0.1767841160676433,0.2455286219443448
0.0190839694656488,0.0,0.0,0.3846153846153846,0.1666666666666666,0.3333333333333333,1.0,1.0,0.0,0.6666666666666666,0.2,0.6666666666666666,0.0833333333333333,0.0,0.6666666666666666,0.0,0.0,0.6663801747600631,0.0,0.6666666666666666,0.5333333333333333,0.058333333333333307,0.33361982523993694,0.3378446987829467,0.26330020255311126,0.055699619057380516
0.0196292257360959,0.3333333333333333,0.5,0.0769230769230769,0.3333333333333333,0.2777777777777777,1.0,0.6666666666666666,0.5,0.0,0.6000000000000001,0.6666666666666666,0.3333333333333333,0.3333333333333333,0.0,0.3333333333333333,0.3333333333333333,0.4509382609941269,0.0,0.3333333333333333,0.45555555555555555,0.3333333333333333,0.5490617390058731,0.2780074560830903,0.3701375476941918,0.5238217256871487
0.020174482006543,0.6666666666666666,0.0,0.0,0.3333333333333333,0.5555555555555556,0.5,0.3333333333333333,0.0,0.3333333333333333,0.2,0.6666666666666666,0.0,0.3333333333333333,0.0,0.6666666666666666,0.3333333333333333,0.0901017046268442,0.0,0.6,0.37777777777777777,0.09999999999999999,0.9098982953731558,0.8292789068279734,0.5086626784116067,0.26042125762312307
0.0207197382769901,0.3333333333333333,1.0,0.9230769230769232,0.3333333333333333,0.6111111111111112,0.5,0.6666666666666666,1.0,0.0,0.6000000000000001,0.0,0.0833333333333333,0.0,1.0,0.3333333333333333,0.0,0.1620111731843575,0.0,0.06666666666666667,0.5222222222222223,0.058333333333333307,0.8379888268156425,0.08486008964706905,0.6475811390079608,0.139906728847435
0.0218102508178844,0.3333333333333333,0.5,0.8461538461538463,0.3333333333333333,0.2222222222222222,1.0,0.3333333333333333,0.0,0.0,0.2,0.0,0.0833333333333333,0.3333333333333333,0.6666666666666666,0.3333333333333333,0.3333333333333333,0.086377309840997,0.0,0.06666666666666667,0.3111111111111111,0.1583333333333333,0.913622690159003,0.09251925671265068,0.4206133119788968,0.41402142161635824
0.0223555070883315,0.0,0.0,0.6153846153846154,0.1666666666666666,0.2777777777777777,0.5,0.0,0.0,0.6666666666666666,0.8,0.3333333333333333,0.0,1.0,0.0,0.0,1.0,0.9550207706632288,0.0,0.5333333333333333,0.12222222222222218,0.3,0.04497922933677123,0.03643906755443375,0.008135098214706293,0.038620406908215034
0.0229007633587786,0.3333333333333333,1.0,0.3076923076923077,0.1666666666666666,0.8333333333333333,1.0,0.0,0.0,0.0,0.4,0.6666666666666666,0.1666666666666666,1.0,0.6666666666666666,0.3333333333333333,1.0,0.4295946139521558,0.0,0.3333333333333333,0.23333333333333328,0.41666666666666663,0.5704053860478442,0.2888144247646402,0.1969522822554053,0.6802302738345377
0.0234460196292257,0.3333333333333333,0.0,0.3846153846153846,0.5,0.4444444444444445,0.5,0.0,1.0,0.0,0.6000000000000001,0.0,0.3333333333333333,0.0,0.6666666666666666,0.3333333333333333,0.0,0.4900444062455236,0.0,0.06666666666666667,0.2888888888888889,0.2333333333333333,0.5099555937544764,0.051641353699754845,0.2180036742192284,0.3405592852628162
0.0239912758996728,0.6666666666666666,0.5,0.3076923076923077,0.5,0.1666666666666666,1.0,1.0,1.0,0.3333333333333333,1.0,0.0,0.25,0.3333333333333333,0.0,0.6666666666666666,0.3333333333333333,0.2909325311559948,0.0,0.3333333333333333,0.6333333333333334,0.27499999999999997,0.7090674688440052,0.35902345619913834,0.664539073908333,0.5580894788089992
0.0245365321701199,0.6666666666666666,1.0,0.4615384615384615,0.3333333333333333,0.3333333333333333,0.0,0.0,1.0,0.3333333333333333,0.4,0.6666666666666666,0.1666666666666666,0.6666666666666666,1.0,0.6666666666666666,0.6666666666666666,0.2576994699899728,0.0,0.6,0.2,0.3166666666666666,0.7423005300100272,0.676530745463249,0.21969004663432093,0.672768581629341
0.025081788440567,1.0,1.0,0.6153846153846154,0.6666666666666666,0.8333333333333333,0.0,0.3333333333333333,0.0,1.0,0.4,1.0,0.3333333333333333,1.0,0.0,1.0,1.0,0.932674401948145,0.0,1.2,0.5666666666666667,0.5333333333333333,0.067325598051855,0.12272074502806905,0.05645579160582219,0.10276909410820134
0.0256270447110141,0.6666666666666666,0.0,0.4615384615384615,0.3333333333333333,0.4999999999999999,0.0,1.0,0.5,0.3333333333333333,1.0,0.6666666666666666,0.25,0.3333333333333333,0.0,0.6666666666666666,0.3333333333333333,0.3064030941125913,0.0,0.6,0.6333333333333333,0.27499999999999997,0.6935969058874087,0.6321423908786283,0.6500400395685147,0.5459129810895301
0.0261723009814612,0.3333333333333333,0.0,0.6923076923076923,0.3333333333333333,0.6666666666666665,0.0,1.0,0.0,0.0,1.0,0.3333333333333333,0.0,1.0,0.3333333333333333,0.3333333333333333,1.0,0.3172897865635296,0.0,0.2,0.6666666666666666,0.3,0.6827102134364704,0.20740676269637495,0.6735126477931132,0.5861938195049454
0.0272628135223555,0.6666666666666666,0.5,0.3846153846153846,0.3333333333333333,0.6666666666666665,0.5,0.0,0.0,0.3333333333333333,0.6000000000000001,1.0,0.25,0.6666666666666666,0.0,0.6666666666666666,0.6666666666666666,0.3118464403380604,0.0,0.7333333333333333,0.2666666666666666,0.375,0.6881535596619396,0.7665549704802936,0.27155306420462566,0.7385845333879978
0.0278080697928026,0.3333333333333333,1.0,0.4615384615384615,0.5,0.3333333333333333,0.5,1.0,0.0,0.0,0.4,0.3333333333333333,0.25,0.3333333333333333,1.0,0.3333333333333333,0.3333333333333333,0.2834837415843002,0.0,0.2,0.6666666666666667,0.27499999999999997,0.7165162584156999,0.21767700944340487,0.7068632530971785,0.5639522369702251
0.0283533260632497,0.6666666666666666,0.5,0.4615384615384615,0.3333333333333333,0.1111111111111111,0.5,0.3333333333333333,0.5,0.3333333333333333,0.2,0.6666666666666666,0.0,0.3333333333333333,0.6666666666666666,0.6666666666666666,0.3333333333333333,0.2304827388626271,0.0,0.6,0.28888888888888886,0.09999999999999999,0.7695172611373728,0.7013360024370076,0.32896509491733,0.2202429149797571
0.0288985823336968,0.3333333333333333,0.0,0.0,0.3333333333333333,0.3888888888888889,0.5,1.0,1.0,0.0,0.4,0.0,0.3333333333333333,0.0,1.0,0.3333333333333333,0.0,0.4573843288927088,0.0,0.06666666666666667,0.6111111111111112,0.2333333333333333,0.5426156711072911,0.05494872129625599,0.49069668849215686,0.3623703855549291
0.0294438386041439,0.6666666666666666,0.0,0.9230769230769232,0.6666666666666666,0.0,0.0,0.3333333333333333,1.0,0.3333333333333333,0.4,0.3333333333333333,0.0833333333333333,1.0,0.0,0.6666666666666666,1.0,0.7973069760779258,0.0,0.4666666666666667,0.4,0.3583333333333333,0.20269302392207422,0.1436819124708067,0.11997738942013284,0.20787850834486413
0.029989094874591,0.6666666666666666,0.0,0.5384615384615385,0.3333333333333333,0.7222222222222221,0.5,0.0,1.0,0.3333333333333333,0.0,1.0,0.1666666666666666,0.0,0.3333333333333333,0.6666666666666666,0.0,0.3705772811918063,0.0,0.7333333333333333,0.2777777777777778,0.11666666666666661,0.6294227188081938,0.701132918461784,0.2587262706674832,0.21017099711303572
0.0305343511450381,0.6666666666666666,0.5,0.4615384615384615,0.3333333333333333,0.9444444444444444,0.5,0.6666666666666666,1.0,0.3333333333333333,1.0,0.6666666666666666,0.0833333333333333,0.0,0.3333333333333333,0.6666666666666666,0.0,0.4679845294370434,0.0,0.6,0.5888888888888889,0.058333333333333307,0.5320154705629566,0.48487749684494535,0.4636158085637571,0.08882283605801257
0.0310796074154852,0.0,0.0,0.6153846153846154,0.1666666666666666,0.2777777777777777,0.5,1.0,1.0,0.6666666666666666,1.0,1.0,0.25,0.0,0.0,0.0,0.0,0.8070477009024496,0.0,0.8,0.5222222222222223,0.175,0.1929522990975504,0.23447495539405536,0.14910970841773039,0.096643263465382
0.0316248636859323,0.6666666666666666,1.0,0.8461538461538463,0.3333333333333333,0.4444444444444445,0.0,0.0,0.0,0.3333333333333333,0.4,0.3333333333333333,0.3333333333333333,1.0,0.0,0.6666666666666666,1.0,0.5732703051138806,0.0,0.4666666666666667,0.22222222222222224,0.5333333333333333,0.42672969488611945,0.30249358109578306,0.1403269113005794,0.6513811305283658
0.0321701199563795,1.0,0.0,0.5384615384615385,0.8333333333333333,0.7777777777777777,0.0,0.6666666666666666,0.0,1.0,0.0,0.3333333333333333,0.1666666666666666,0.0,0.0,1.0,0.0,0.9093253115599484,0.0,0.9333333333333333,0.7555555555555555,0.11666666666666661,0.09067468844005155,0.1285521563166369,0.10138018747939137,0.03027725106339362
0.0332606324972737,1.0,0.5,0.1538461538461538,0.5,1.0,0.5,0.0,0.5,1.0,0.6000000000000001,1.0,0.25,0.6666666666666666,1.0,1.0,0.6666666666666666,0.924079644750036,0.0,1.2,0.4,0.375,0.07592035524996399,0.1383872231167584,0.04493852748598603,0.08148413877927514
0.0338058887677208,0.3333333333333333,0.5,0.9230769230769232,0.5,0.8333333333333333,1.0,0.0,1.0,0.0,0.6000000000000001,1.0,0.0,0.0,1.0,0.3333333333333333,0.0,0.3973642744592465,0.0,0.4666666666666667,0.3666666666666667,0.0,0.6026357255407535,0.4271871418831687,0.3269843139102172,0.0
0.0343511450381679,0.6666666666666666,1.0,0.7692307692307693,0.6666666666666666,0.7777777777777777,0.5,0.0,0.5,0.3333333333333333,0.6000000000000001,0.3333333333333333,0.1666666666666666,0.0,1.0,0.6666666666666666,0.0,0.4251539893997995,0.0,0.4666666666666667,0.4222222222222222,0.11666666666666661,0.5748460106002005,0.40748799628646437,0.35916435065240937,0.19194724884265182
0.034896401308615,0.6666666666666666,0.5,0.6923076923076923,0.3333333333333333,0.8333333333333333,0.5,0.0,0.5,0.3333333333333333,1.0,0.6666666666666666,0.1666666666666666,0.6666666666666666,0.3333333333333333,0.6666666666666666,0.6666666666666666,0.370004297378599,0.0,0.6,0.3,0.3166666666666666,0.6299957026214009,0.5741764219504765,0.27967874134438736,0.5709834469328139
0.0354416575790621,0.0,1.0,0.6153846153846154,0.1666666666666666,0.2222222222222222,1.0,0.3333333333333333,1.0,0.6666666666666666,1.0,0.0,0.0833333333333333,0.6666666666666666,0.0,0.0,0.6666666666666666,0.7637874230053001,0.0,0.39999999999999997,0.2444444444444444,0.2583333333333333,0.23621257699469989,0.14352234649027368,0.0854444392105139,0.17464937904644764
0.0359869138495092,0.6666666666666666,0.0,0.6923076923076923,0.3333333333333333,0.6111111111111112,1.0,0.0,0.0,0.3333333333333333,0.8,0.0,0.0,0.3333333333333333,1.0,0.6666666666666666,0.3333333333333333,0.0817934393353387,0.0,0.3333333333333333,0.25555555555555554,0.09999999999999999,0.9182065606646613,0.46491724328009637,0.34723726977248104,0.2627991595346692
0.0365321701199563,0.3333333333333333,0.0,1.0,0.1666666666666666,0.7777777777777777,0.0,0.6666666666666666,0.0,0.0,0.2,0.6666666666666666,0.3333333333333333,1.0,1.0,0.3333333333333333,1.0,0.7127918636298525,0.0,0.3333333333333333,0.4888888888888889,0.5333333333333333,0.2872081363701475,0.14542263225843885,0.20778180790428183,0.43840858231264623
0.0370774263904034,0.6666666666666666,1.0,0.1538461538461538,0.5,0.0,0.5,0.6666666666666666,1.0,0.3333333333333333,0.4,0.3333333333333333,0.0833333333333333,0.3333333333333333,1.0,0.6666666666666666,0.3333333333333333,0.3682853459389772,0.0,0.4666666666666667,0.4666666666666667,0.1583333333333333,0.6317146540610228,0.4478001653683798,0.43624287531207306,0.2862706913339824
0.0376226826608506,0.0,0.5,0.0,0.0,0.9444444444444444,0.5,0.3333333333333333,0.0,0.6666666666666666,0.0,0.6666666666666666,0.0833333333333333,0.6666666666666666,0.3333333333333333,0.0,0.6666666666666666,1.0,0.0,0.6666666666666666,0.3222222222222222,0.2583333333333333,0.0,0.0,0.0,0.0
0.0381679389312977,0.3333333333333333,1.0,0.8461538461538463,0.5,0.0555555555555555,0.5,0.6666666666666666,1.0,0.0,0.0,0.0,0.0,1.0,0.0,0.3333333333333333,1.0,0.6470419710643175,0.0,0.06666666666666667,0.47777777777777775,0.3,0.3529580289356825,0.03574277963938087,0.2495454331339205,0.3030594987956746
0.0387131952017448,0.6666666666666666,0.5,0.3846153846153846,0.3333333333333333,0.8333333333333333,0.0,0.3333333333333333,1.0,0.3333333333333333,0.6000000000000001,0.6666666666666666,0.0833333333333333,1.0,0.3333333333333333,0.6666666666666666,1.0,0.4330325168313995,0.0,0.6,0.43333333333333335,0.3583333333333333,0.5669674831686005,0.5167326689586144,0.3635639926515615,0.5814721809392028
0.0392584514721919,0.3333333333333333,0.0,0.7692307692307693,0.1666666666666666,0.4444444444444445,0.5,0.6666666666666666,0.0,0.0,0.4,0.3333333333333333,0.0,1.0,0.0,0.3333333333333333,1.0,0.4012319151983957,0.0,0.2,0.4222222222222222,0.3,0.5987680848016044,0.18190521780756344,0.3741108860520986,0.5141187925998053
0.039803707742639,0.3333333333333333,0.5,0.7692307692307693,0.5,0.8888888888888888,0.0,0.6666666666666666,1.0,0.0,0.4,1.0,0.25,0.3333333333333333,0.0,0.3333333333333333,0.3333333333333333,0.2900730554361839,0.0,0.4666666666666667,0.6444444444444445,0.27499999999999997,0.7099269445638161,0.5032420906044649,0.6770172876725234,0.5587659509045252
0.0403489640130861,0.6666666666666666,0.5,0.6923076923076923,0.5,0.9444444444444444,0.0,1.0,1.0,0.3333333333333333,0.0,1.0,0.25,0.3333333333333333,1.0,0.6666666666666666,0.3333333333333333,0.3449362555507806,0.0,0.7333333333333333,0.788888888888889,0.27499999999999997,0.6550637444492193,0.729695228977182,0.7647157190635453,0.5155844821401117
0.0408942202835332,0.3333333333333333,0.5,0.5384615384615385,0.1666666666666666,0.9444444444444444,1.0,0.0,1.0,0.0,1.0,0.6666666666666666,0.0833333333333333,0.0,0.3333333333333333,0.3333333333333333,0.0,0.4843145681134508,0.0,0.3333333333333333,0.25555555555555554,0.058333333333333307,0.5156854318865491,0.2611079681448278,0.19501625135427944,0.08609644852149845
0.0419847328244274,1.0,0.0,0.8461538461538463,0.5,0.1666666666666666,0.0,0.6666666666666666,0.5,1.0,1.0,0.6666666666666666,0.25,0.6666666666666666,0.3333333333333333,1.0,0.6666666666666666,0.7021916630855178,0.0,1.0666666666666667,0.5,0.375,0.29780833691448216,0.4825275251316419,0.2203471666117104,0.31963306513606315
0.0425299890948745,0.3333333333333333,0.0,0.2307692307692307,0.3333333333333333,0.1666666666666666,1.0,1.0,1.0,0.0,0.4,0.0,0.0,0.3333333333333333,0.6666666666666666,0.3333333333333333,0.3333333333333333,0.1100128921357971,0.0,0.06666666666666667,0.5666666666666667,0.09999999999999999,0.8899871078642029,0.09012576700465642,0.746297517546752,0.2547224926971763
0.0430752453653217,0.3333333333333333,0.0,0.5384615384615385,0.3333333333333333,0.0555555555555555,0.0,0.3333333333333333,0.0,0.0,0.6000000000000001,1.0,0.0833333333333333,0.3333333333333333,0.6666666666666666,0.3333333333333333,0.3333333333333333,0.3213006732559805,0.0,0.4666666666666667,0.2777777777777778,0.1583333333333333,0.6786993267440196,0.4811059373050757,0.27898158179848326,0.30756247971437845
0.0436205016357688,0.6666666666666666,1.0,0.0769230769230769,0.5,0.7222222222222221,1.0,0.6666666666666666,0.5,0.3333333333333333,0.0,0.6666666666666666,0.0833333333333333,0.3333333333333333,1.0,0.6666666666666666,0.3333333333333333,0.1484028076206847,0.0,0.6,0.6111111111111112,0.1583333333333333,0.8515971923793153,0.7761434353105009,0.7701139950068303,0.385913664394677
0.0441657579062159,1.0,1.0,0.0,0.8333333333333333,0.3888888888888889,0.0,0.6666666666666666,1.0,1.0,0.0,0.3333333333333333,0.0,0.6666666666666666,0.0,1.0,0.6666666666666666,0.8813923506660937,0.0,0.9333333333333333,0.6777777777777778,0.19999999999999998,0.11860764933390633,0.16815353148526915,0.11895991332611053,0.06789319940552453
0.044711014176663,0.6666666666666666,0.0,0.0,0.3333333333333333,0.4444444444444445,0.5,0.0,0.0,0.3333333333333333,1.0,1.0,0.0833333333333333,1.0,0.0,0.6666666666666666,1.0,0.3213006732559805,0.0,0.7333333333333333,0.22222222222222224,0.3583333333333333,0.6786993267440196,0.7560236157651189,0.2231852654387866,0.6960624540904354
0.0452562704471101,0.3333333333333333,0.5,0.0769230769230769,0.5,0.2777777777777777,0.0,0.6666666666666666,0.5,0.0,0.2,0.6666666666666666,0.3333333333333333,0.6666666666666666,0.3333333333333333,0.3333333333333333,0.6666666666666666,0.3761638733705773,0.0,0.3333333333333333,0.5222222222222223,0.4333333333333333,0.6238361266294228,0.3158681114640904,0.48208818126148195,0.7737064179435933
0.0458015267175572,0.3333333333333333,1.0,0.7692307692307693,0.3333333333333333,0.2777777777777777,0.0,1.0,0.0,0.0,0.6000000000000001,0.6666666666666666,0.1666666666666666,0.0,1.0,0.3333333333333333,0.0,0.2523993697178054,0.0,0.3333333333333333,0.5888888888888889,0.11666666666666661,0.7476006302821946,0.3785340238188491,0.6514838193037826,0.2496318693520558
0.0463467829880043,0.3333333333333333,0.0,0.6153846153846154,0.1666666666666666,0.6111111111111112,0.5,1.0,0.0,0.0,0.4,0.0,0.1666666666666666,0.6666666666666666,0.6666666666666666,0.3333333333333333,0.6666666666666666,0.280475576564962,0.0,0.06666666666666667,0.5888888888888889,0.3166666666666666,0.719524423435038,0.07286362911063725,0.6270172876725234,0.6521259331385912
0.0468920392584514,0.3333333333333333,1.0,0.6153846153846154,0.1666666666666666,0.8333333333333333,0.5,0.0,0.0,0.0,0.6000000000000001,1.0,0.3333333333333333,0.3333333333333333,1.0,0.3333333333333333,0.3333333333333333,0.6130926801317862,0.0,0.4666666666666667,0.23333333333333328,0.3333333333333333,0.3869073198682138,0.27426490853968116,0.13359319798388994,0.3691214404072499
0.0474372955288985,0.6666666666666666,0.5,0.3076923076923077,0.3333333333333333,0.5555555555555556,0.5,0.6666666666666666,0.0,0.3333333333333333,1.0,1.0,0.0,1.0,0.6666666666666666,0.6666666666666666,1.0,0.3783125626701046,0.0,0.7333333333333333,0.5111111111111112,0.3,0.6216874373298954,0.6925163555130045,0.4702058504875406,0.5337979808332907
0.0479825517993456,0.3333333333333333,0.0,0.3846153846153846,0.3333333333333333,0.3333333333333333,0.5,0.3333333333333333,1.0,0.0,0.2,0.3333333333333333,0.0,0.0,0.3333333333333333,0.3333333333333333,0.0,0.1514109726400229,0.0,0.2,0.3333333333333333,0.0,0.8485890273599771,0.25780060054832676,0.41857835979085206,0.0
0.0485278080697928,0.6666666666666666,0.0,0.9230769230769232,0.5,0.0555555555555555,0.0,0.6666666666666666,1.0,0.3333333333333333,1.0,1.0,0.25,0.3333333333333333,0.3333333333333333,0.6666666666666666,0.3333333333333333,0.3973642744592465,0.0,0.7333333333333333,0.47777777777777775,0.27499999999999997,0.6026357255407535,0.6712940801021221,0.426070469640586,0.47431968431302207
0.0490730643402399,0.6666666666666666,0.0,0.0769230769230769,0.5,0.9444444444444444,0.0,0.0,0.5,0.3333333333333333,0.6000000000000001,0.6666666666666666,0.1666666666666666,0.6666666666666666,0.6666666666666666,0.6666666666666666,0.6666666666666666,0.3104139808050423,0.0,0.6,0.3888888888888889,0.3166666666666666,0.6895860191949577,0.6284868793246006,0.39683922935606947,0.6249918857513792
0.049618320610687,0.0,1.0,0.3846153846153846,0.1666666666666666,0.5555555555555556,0.5,0.3333333333333333,0.0,0.6666666666666666,0.4,0.0,0.3333333333333333,0.3333333333333333,1.0,0.0,0.3333333333333333,0.7973069760779258,0.0,0.39999999999999997,0.31111111111111106,0.3333333333333333,0.20269302392207422,0.12315592497497715,0.09331574732676998,0.19337535659987362
0.0501635768811341,0.6666666666666666,1.0,1.0,0.6666666666666666,0.0555555555555555,0.0,0.0,1.0,0.3333333333333333,0.0,1.0,0.25,1.0,1.0,0.6666666666666666,1.0,0.6680991261996849,0.0,0.7333333333333333,0.2777777777777778,0.475,0.3319008738003151,0.3697143768948459,0.13642894154222993,0.4512171372930866
0.0507088331515812,0.3333333333333333,0.5,0.9230769230769232,0.5,0.1666666666666666,0.0,1.0,1.0,0.0,0.6000000000000001,0.0,0.25,1.0,1.0,0.3333333333333333,1.0,0.4271594327460249,0.0,0.06666666666666667,0.6333333333333334,0.475,0.5728405672539751,0.0580094869228426,0.5368670215271563,0.7787731256085687
0.0512540894220283,0.0,1.0,1.0,0.1666666666666666,0.1666666666666666,0.5,1.0,0.5,0.6666666666666666,0.0,1.0,0.3333333333333333,0.3333333333333333,0.0,0.0,0.3333333333333333,0.9098982953731558,0.0,0.8,0.5,0.3333333333333333,0.09010170462684419,0.10949127464206437,0.06666588157708787,0.08595978749209919
0.0517993456924754,0.3333333333333333,0.5,0.2307692307692307,0.3333333333333333,0.8888888888888888,0.5,1.0,1.0,0.0,0.8,0.3333333333333333,0.0833333333333333,1.0,0.3333333333333333,0.3333333333333333,1.0,0.3353387766795588,0.0,0.2,0.7111111111111111,0.3583333333333333,0.6646612233204412,0.20192349536533355,0.6994206038909039,0.6816652146432293
0.0523446019629225,0.0,0.5,0.0769230769230769,0.0,0.8888888888888888,1.0,1.0,0.0,0.6666666666666666,0.8,0.0,0.1666666666666666,0.3333333333333333,0.0,0.0,0.3333333333333333,0.9816645179773672,0.0,0.39999999999999997,0.5777777777777778,0.21666666666666662,0.0183354820226328,0.01114060664084595,0.015676668707899518,0.011370197646013727
0.0539803707742639,1.0,0.0,0.2307692307692307,0.5,0.0,0.5,1.0,1.0,1.0,0.4,0.3333333333333333,0.0,0.0,0.3333333333333333,1.0,0.0,0.7368571837845581,0.0,0.9333333333333333,0.6000000000000001,0.0,0.2631428162154419,0.37306526248603794,0.23363794808987703,0.0
0.054525627044711,0.3333333333333333,1.0,0.3846153846153846,0.5,0.1111111111111111,0.0,0.0,0.5,0.0,0.2,0.0,0.0833333333333333,0.3333333333333333,0.3333333333333333,0.3333333333333333,0.3333333333333333,0.2579859618965764,0.0,0.06666666666666667,0.22222222222222224,0.1583333333333333,0.7420140381034236,0.07514107083278936,0.24400584106646567,0.33625446283674126
0.0550708833151581,0.6666666666666666,0.0,0.7692307692307693,0.5,0.1666666666666666,1.0,0.3333333333333333,0.5,0.3333333333333333,0.0,1.0,0.1666666666666666,1.0,0.6666666666666666,0.6666666666666666,1.0,0.3624122618536026,0.0,0.7333333333333333,0.3666666666666667,0.41666666666666663,0.6375877381463975,0.7102281793521622,0.34594893777380004,0.760347802319821
0.0556161395856052,1.0,0.5,0.5384615384615385,0.5,0.0555555555555555,0.0,0.3333333333333333,0.0,1.0,0.2,0.6666666666666666,0.25,0.0,0.3333333333333333,1.0,0.0,0.8273886262713078,0.0,1.0666666666666667,0.34444444444444444,0.175,0.17261137372869217,0.2796756458795712,0.08798106363936126,0.0864551837236714
0.0561613958560523,0.6666666666666666,0.0,0.4615384615384615,0.5,0.0,0.0,0.3333333333333333,0.0,0.3333333333333333,0.0,1.0,0.3333333333333333,0.3333333333333333,0.3333333333333333,0.6666666666666666,0.3333333333333333,0.6665234207133649,0.0,0.7333333333333333,0.33333333333333337,0.3333333333333333,0.3334765792866351,0.3714696026807084,0.16449196853360967,0.31814687644134676
0.0567066521264994,0.6666666666666666,0.0,0.6153846153846154,0.5,0.8888888888888888,0.0,0.6666666666666666,0.0,0.3333333333333333,0.0,1.0,0.3333333333333333,0.6666666666666666,0.6666666666666666,0.6666666666666666,0.6666666666666666,0.4593897722389342,0.0,0.7333333333333333,0.6444444444444445,0.4333333333333333,0.5406102277610658,0.6022020105313547,0.5155494841961469,0.6704863424383745
0.0572519083969465,0.0,0.5,0.3846153846153846,0.0,0.3333333333333333,1.0,0.0,1.0,0.6666666666666666,0.2,1.0,0.25,0.6666666666666666,1.0,0.0,0.6666666666666666,0.9488611946712504,0.0,0.8,0.06666666666666667,0.375,0.05113880532874959,0.062143696418469195,0.005044985632860721,0.05488648593245543
0.0577971646673936,0.6666666666666666,0.5,0.4615384615384615,0.5,0.1666666666666666,0.0,0.0,0.0,0.3333333333333333,0.4,1.0,0.25,1.0,1.0,0.6666666666666666,1.0,0.3675691161724681,0.0,0.7333333333333333,0.23333333333333334,0.475,0.6324308838275319,0.7044838040529758,0.21836874087333363,0.8597857838364168
0.0588876772082879,1.0,1.0,0.3846153846153846,0.5,0.7777777777777777,0.0,0.6666666666666666,0.5,1.0,0.6000000000000001,0.6666666666666666,0.3333333333333333,1.0,0.3333333333333333,1.0,1.0,0.9911187508952872,0.0,1.0666666666666667,0.6222222222222222,0.5333333333333333,0.008881249104712774,0.01438995024442604,0.00817749305195721,0.013556774116401006
0.059432933478735,0.6666666666666666,0.5,0.6153846153846154,0.6666666666666666,0.5555555555555556,0.5,1.0,1.0,0.3333333333333333,0.8,0.3333333333333333,0.1666666666666666,0.6666666666666666,0.0,0.6666666666666666,0.6666666666666666,0.2165878813923506,0.0,0.4666666666666667,0.7777777777777779,0.3166666666666666,0.7834121186076494,0.5553331302493582,0.9016675302652034,0.710029211295034
0.0599781897491821,0.3333333333333333,0.5,0.8461538461538463,0.5,0.7222222222222221,1.0,1.0,1.0,0.0,1.0,0.0,0.1666666666666666,0.3333333333333333,0.3333333333333333,0.3333333333333333,0.3333333333333333,0.1582867783985102,0.0,0.06666666666666667,0.7444444444444445,0.21666666666666662,0.8417132216014898,0.08523724560105603,0.9272504592774036,0.5219631356873194
0.0605234460196292,0.6666666666666666,0.5,0.7692307692307693,0.3333333333333333,0.3333333333333333,0.0,0.0,0.5,0.3333333333333333,0.8,0.6666666666666666,0.3333333333333333,0.6666666666666666,0.0,0.6666666666666666,0.6666666666666666,0.4078212290502793,0.0,0.6,0.2,0.4333333333333333,0.5921787709497207,0.5397101701553593,0.175260257195346,0.734443704197202
0.0610687022900763,0.6666666666666666,0.5,0.6153846153846154,0.5,0.7222222222222221,0.5,0.0,1.0,0.3333333333333333,0.2,1.0,0.3333333333333333,1.0,0.3333333333333333,0.6666666666666666,1.0,0.5500644606789858,0.0,0.7333333333333333,0.34444444444444444,0.5333333333333333,0.44993553932101416,0.5011967448539971,0.22933487210890757,0.6868036693486393
0.0616139585605234,0.3333333333333333,0.5,0.7692307692307693,0.3333333333333333,0.9444444444444444,0.0,0.3333333333333333,0.0,0.0,0.0,1.0,0.25,0.3333333333333333,0.0,0.3333333333333333,0.3333333333333333,0.408823950723392,0.0,0.4666666666666667,0.45555555555555555,0.27499999999999997,0.591176049276608,0.4190637828742185,0.3985279570398983,0.4653000563726747
0.0621592148309705,0.6666666666666666,0.0,1.0,0.5,0.4999999999999999,0.0,0.0,0.5,0.3333333333333333,0.4,0.0,0.3333333333333333,1.0,0.3333333333333333,0.6666666666666666,1.0,0.4781549921214726,0.0,0.3333333333333333,0.3,0.5333333333333333,0.5218450078785274,0.2642267577643355,0.23166658815770877,0.7965698081620799
0.0627044711014176,0.6666666666666666,1.0,0.4615384615384615,0.5,0.0555555555555555,0.0,1.0,0.0,0.3333333333333333,0.8,1.0,0.0,1.0,1.0,0.6666666666666666,1.0,0.575275748460106,0.0,0.7333333333333333,0.6111111111111112,0.3,0.424724251539894,0.4731131322801978,0.384085449149748,0.3646799569517758
0.0632497273718647,0.3333333333333333,0.5,0.7692307692307693,0.5,0.6111111111111112,0.5,0.6666666666666666,0.0,0.0,0.0,0.0,0.0,1.0,0.3333333333333333,0.3333333333333333,1.0,0.326457527574846,0.0,0.06666666666666667,0.5888888888888889,0.3,0.673542472425154,0.06820720367872114,0.5869471006641858,0.5783221442115513
0.064340239912759,0.6666666666666666,0.0,0.9230769230769232,0.5,0.0555555555555555,1.0,1.0,1.0,0.3333333333333333,1.0,0.0,0.3333333333333333,1.0,0.3333333333333333,0.6666666666666666,1.0,0.7500358114883254,0.0,0.3333333333333333,0.6111111111111112,0.5333333333333333,0.24996418851167457,0.12656483455909018,0.22604691695322437,0.38155759408257744
0.0648854961832061,0.6666666666666666,0.5,0.3076923076923077,0.5,0.2777777777777777,0.5,1.0,0.0,0.3333333333333333,0.2,0.3333333333333333,0.0,0.3333333333333333,1.0,0.6666666666666666,0.3333333333333333,0.0594470706202549,0.0,0.4666666666666667,0.6555555555555557,0.09999999999999999,0.9405529293797451,0.6667246906595877,0.9124169767770505,0.26919489571055194
0.0654307524536532,0.6666666666666666,0.0,0.5384615384615385,0.6666666666666666,0.2222222222222222,0.5,0.6666666666666666,1.0,0.3333333333333333,0.2,0.0,0.25,0.0,0.6666666666666666,0.6666666666666666,0.0,0.5370290789285203,0.0,0.3333333333333333,0.5777777777777777,0.175,0.46297092107147975,0.23441693140113434,0.3958358848744641,0.2318864346845693
0.0659760087241003,0.3333333333333333,0.5,1.0,0.1666666666666666,0.7222222222222221,0.0,0.6666666666666666,1.0,0.0,0.2,1.0,0.1666666666666666,0.6666666666666666,0.0,0.3333333333333333,0.6666666666666666,0.3340495630998424,0.0,0.4666666666666667,0.47777777777777775,0.3166666666666666,0.6659504369001576,0.4720687004076186,0.470834707240096,0.6035702693930541
0.0665212649945474,0.3333333333333333,0.0,0.0,0.3333333333333333,0.1111111111111111,1.0,0.0,0.0,0.0,0.0,0.0,0.25,0.3333333333333333,0.0,0.3333333333333333,0.3333333333333333,0.3543904884687007,0.0,0.06666666666666667,0.15555555555555556,0.27499999999999997,0.6456095115312993,0.06537853402381885,0.1486127467144001,0.5081432890893252
0.0670665212649945,0.6666666666666666,0.5,0.6153846153846154,0.5,0.8888888888888888,0.5,1.0,0.5,0.3333333333333333,0.6000000000000001,0.6666666666666666,0.0833333333333333,0.0,0.3333333333333333,0.6666666666666666,0.0,0.3304684142672969,0.0,0.6,0.7777777777777779,0.058333333333333307,0.6695315857327031,0.6102093215544627,0.7705968250977437,0.11178188899707885
0.0676117775354416,0.3333333333333333,1.0,0.1538461538461538,0.3333333333333333,0.4444444444444445,1.0,1.0,1.0,0.0,0.8,0.6666666666666666,0.1666666666666666,1.0,0.6666666666666666,0.3333333333333333,1.0,0.3472281908036098,0.0,0.3333333333333333,0.6222222222222222,0.41666666666666663,0.6527718091963902,0.3305191696766613,0.6010457393188563,0.7784553887152155
0.0681570338058887,0.6666666666666666,1.0,0.2307692307692307,0.5,0.8888888888888888,0.5,0.3333333333333333,0.5,0.3333333333333333,0.4,0.3333333333333333,0.1666666666666666,0.3333333333333333,0.6666666666666666,0.6666666666666666,0.3333333333333333,0.2251826385904598,0.0,0.4666666666666667,0.5111111111111112,0.21666666666666662,0.7748173614095402,0.5492406109926454,0.58602383531961,0.4804796802131911
0.0687022900763358,1.0,0.0,0.1538461538461538,1.0,0.2777777777777777,1.0,1.0,0.5,1.0,1.0,1.0,0.0,0.0,0.0,1.0,0.0,0.9838132072768946,0.0,1.2,0.8555555555555556,0.0,0.016186792723105414,0.029505200400365264,0.02049319327335229,0.0
0.0692475463467829,0.3333333333333333,0.0,0.8461538461538463,0.1666666666666666,1.0,0.0,0.3333333333333333,0.0,0.0,0.2,0.6666666666666666,0.0,0.0,0.0,0.3333333333333333,0.0,0.5940409683426443,0.0,0.3333333333333333,0.39999999999999997,0.0,0.4059590316573557,0.2055499949229006,0.24029393753827308,0.0
0.0703380588876772,0.3333333333333333,0.5,0.6153846153846154,0.5,0.8888888888888888,0.5,0.3333333333333333,0.5,0.0,0.4,1.0,0.1666666666666666,0.6666666666666666,0.3333333333333333,0.3333333333333333,0.6666666666666666,0.2397937258272453,0.0,0.4666666666666667,0.5111111111111112,0.3166666666666666,0.7602062741727547,0.538883328256234,0.5749729144095342,0.6889970788704965
0.0708833151581243,0.0,0.0,1.0,0.1666666666666666,0.7222222222222221,0.5,0.3333333333333333,0.5,0.6666666666666666,1.0,0.0,0.25,1.0,0.0,0.0,1.0,0.9438475863056868,0.0,0.39999999999999997,0.3444444444444444,0.475,0.05615241369431323,0.034118107837590894,0.02862122568185034,0.07633885102239546
0.0714285714285714,0.6666666666666666,1.0,1.0,0.6666666666666666,0.6111111111111112,0.5,0.3333333333333333,1.0,0.3333333333333333,0.6000000000000001,0.3333333333333333,0.25,0.6666666666666666,0.0,0.6666666666666666,0.6666666666666666,0.3316143818937115,0.0,0.4666666666666667,0.5222222222222223,0.375,0.6683856181062885,0.47379491419702047,0.5165151443779735,0.7173679085737713
0.0719738276990185,0.6666666666666666,0.0,0.0,0.6666666666666666,1.0,0.0,0.6666666666666666,0.0,0.3333333333333333,0.0,1.0,0.3333333333333333,0.0,1.0,0.6666666666666666,0.0,0.889843861910901,0.0,0.7333333333333333,0.7333333333333334,0.2333333333333333,0.11015613808909896,0.1227062390298388,0.11953930943520655,0.07356463212559147
0.0725190839694656,0.6666666666666666,1.0,0.9230769230769232,0.5,0.2222222222222222,0.0,0.3333333333333333,0.5,0.3333333333333333,0.6000000000000001,0.3333333333333333,0.0833333333333333,1.0,0.6666666666666666,0.6666666666666666,1.0,0.3235926085088096,0.0,0.4666666666666667,0.3777777777777778,0.3583333333333333,0.6764073914911903,0.4794812655032855,0.37813368505346456,0.693711884384769
0.0730643402399127,0.3333333333333333,0.0,0.6923076923076923,0.1666666666666666,0.1111111111111111,0.0,1.0,0.5,0.0,0.2,1.0,0.3333333333333333,0.3333333333333333,1.0,0.3333333333333333,0.3333333333333333,0.5991978226615098,0.0,0.4666666666666667,0.4888888888888889,0.3333333333333333,0.4008021773384902,0.2841144813380333,0.2899618446464742,0.3823775602589727
0.0736095965103598,0.3333333333333333,1.0,0.6153846153846154,0.1666666666666666,0.1111111111111111,0.5,1.0,1.0,0.0,0.6000000000000001,1.0,0.1666666666666666,1.0,1.0,0.3333333333333333,1.0,0.645036527718092,0.0,0.4666666666666667,0.4888888888888889,0.41666666666666663,0.35496347228190805,0.25162104530223245,0.25679966084130196,0.42330753856403425
0.0741548527808069,1.0,0.0,0.7692307692307693,0.5,0.0555555555555555,0.5,1.0,0.0,1.0,0.2,0.0,0.0833333333333333,1.0,0.3333333333333333,1.0,1.0,0.8798166451797736,0.0,0.8,0.6111111111111112,0.3583333333333333,0.12018335482022635,0.14604639018234042,0.10868387583023226,0.12325799894087702
0.0747001090512541,0.3333333333333333,0.0,0.0,0.5,0.6666666666666665,0.5,0.6666666666666666,0.0,0.0,0.6000000000000001,0.6666666666666666,0.3333333333333333,0.6666666666666666,0.3333333333333333,0.3333333333333333,0.6666666666666666,0.392207420140381,0.0,0.3333333333333333,0.6,0.4333333333333333,0.607792579859619,0.30774475245514016,0.5396438833670921,0.7538085720630691
0.0752453653217012,0.6666666666666666,0.0,0.4615384615384615,0.6666666666666666,0.8888888888888888,1.0,0.0,0.0,0.3333333333333333,0.2,0.6666666666666666,0.0833333333333333,0.3333333333333333,0.0,0.6666666666666666,0.3333333333333333,0.3389199255121043,0.0,0.6,0.4444444444444444,0.1583333333333333,0.6610800744878957,0.6025066364941903,0.4347826086956521,0.2995780590717299
0.0763358778625954,1.0,1.0,0.3076923076923077,1.0,0.4444444444444445,1.0,0.6666666666666666,0.5,1.0,0.2,0.3333333333333333,0.0,0.3333333333333333,0.0,1.0,0.3333333333333333,0.9462827675118178,0.0,0.9333333333333333,0.7555555555555556,0.09999999999999999,0.053717232488182165,0.07615649070890806,0.06005935277215126,0.015374365807410431
0.0768811341330425,0.6666666666666666,0.0,0.5384615384615385,0.5,0.2222222222222222,0.0,0.0,0.0,0.3333333333333333,0.0,1.0,0.0833333333333333,0.0,0.0,0.6666666666666666,0.0,0.184644033806045,0.0,0.7333333333333333,0.24444444444444446,0.058333333333333307,0.815355966193955,0.9082495611935534,0.29493617221725,0.136128051384547
0.0774263904034896,0.6666666666666666,0.5,0.0769230769230769,0.3333333333333333,0.0,1.0,1.0,1.0,0.3333333333333333,0.6000000000000001,1.0,0.1666666666666666,0.6666666666666666,0.6666666666666666,0.6666666666666666,0.6666666666666666,0.5161151697464547,0.0,0.7333333333333333,0.5333333333333333,0.3166666666666666,0.48388483025354534,0.5390138822403063,0.38189269395638037,0.4385589094449854
0.0779716466739367,0.3333333333333333,0.5,0.8461538461538463,0.1666666666666666,0.0555555555555555,0.0,0.6666666666666666,1.0,0.0,0.0,0.3333333333333333,0.0833333333333333,1.0,0.6666666666666666,0.3333333333333333,1.0,0.7165162584156998,0.0,0.2,0.34444444444444444,0.3583333333333333,0.28348374158430023,0.0861221114931024,0.14449338169485135,0.2907360904696014
0.0785169029443838,0.6666666666666666,1.0,0.6153846153846154,0.5,0.2777777777777777,0.5,0.0,1.0,0.3333333333333333,0.6000000000000001,0.3333333333333333,0.25,0.3333333333333333,1.0,0.6666666666666666,0.3333333333333333,0.2708780976937401,0.0,0.4666666666666667,0.25555555555555554,0.27499999999999997,0.7291219023062598,0.5168487169444566,0.2757313109425785,0.5738738277046072
0.0790621592148309,0.3333333333333333,1.0,0.7692307692307693,0.1666666666666666,0.8888888888888888,1.0,0.0,0.0,0.0,0.8,0.6666666666666666,0.25,0.6666666666666666,0.6666666666666666,0.3333333333333333,0.6666666666666666,0.4609654777252542,0.0,0.3333333333333333,0.2444444444444444,0.375,0.5390345222747458,0.2729303567024965,0.19498327759197323,0.5785373853328551
0.079607415485278,0.6666666666666666,0.5,0.3076923076923077,0.6666666666666666,0.5555555555555556,0.5,0.3333333333333333,0.0,0.3333333333333333,0.0,1.0,0.25,0.6666666666666666,0.0,0.6666666666666666,0.6666666666666666,0.3069760779257986,0.0,0.7333333333333333,0.5111111111111112,0.375,0.6930239220742014,0.7719802138184139,0.524160346695558,0.7438118177625174
0.0801526717557252,0.6666666666666666,0.5,0.7692307692307693,0.3333333333333333,0.1111111111111111,1.0,0.0,1.0,0.3333333333333333,0.4,1.0,0.25,0.3333333333333333,0.0,0.6666666666666666,0.3333333333333333,0.4102564102564102,0.0,0.7333333333333333,0.15555555555555556,0.27499999999999997,0.5897435897435899,0.6569331418541567,0.13575297941495126,0.46417260288013124
0.0806979280261723,0.6666666666666666,0.5,1.0,0.6666666666666666,0.7777777777777777,0.5,0.3333333333333333,0.0,0.3333333333333333,0.6000000000000001,0.6666666666666666,0.1666666666666666,1.0,0.0,0.6666666666666666,1.0,0.487322733132789,0.0,0.6,0.5555555555555556,0.41666666666666663,0.512677266867211,0.46725270899516946,0.4214753403363324,0.6113872802746887
0.0817884405670665,0.3333333333333333,0.5,0.7692307692307693,0.5,0.6111111111111112,1.0,0.6666666666666666,0.0,0.0,0.2,0.0,0.3333333333333333,0.6666666666666666,0.6666666666666666,0.3333333333333333,0.6666666666666666,0.3351955307262569,0.0,0.06666666666666667,0.5888888888888889,0.4333333333333333,0.6648044692737431,0.0673223377866748,0.5793325168401716,0.8245169886742174
0.0823336968375136,0.3333333333333333,1.0,0.8461538461538463,0.3333333333333333,0.4444444444444445,1.0,0.3333333333333333,1.0,0.0,1.0,0.6666666666666666,0.3333333333333333,0.0,0.6666666666666666,0.3333333333333333,0.0,0.4483598338346942,0.0,0.3333333333333333,0.35555555555555557,0.2333333333333333,0.5516401661653059,0.2793129959238145,0.2902444768948137,0.3683971369514341
0.0828789531079607,1.0,1.0,0.2307692307692307,0.6666666666666666,0.3333333333333333,0.0,0.3333333333333333,0.0,1.0,0.8,0.3333333333333333,0.0833333333333333,0.6666666666666666,1.0,1.0,0.6666666666666666,0.6676693883397794,0.0,0.9333333333333333,0.4666666666666667,0.2583333333333333,0.3323306116602206,0.47115482251911167,0.22949738565170286,0.24571653085976866
0.0834242093784078,0.3333333333333333,1.0,0.3076923076923077,0.3333333333333333,0.4999999999999999,0.0,1.0,0.5,0.0,0.2,0.6666666666666666,0.3333333333333333,0.0,0.6666666666666666,0.3333333333333333,0.0,0.4242945136799885,0.0,0.3333333333333333,0.6333333333333333,0.2333333333333333,0.5757054863200115,0.2914980344372398,0.5395520278863818,0.3844684740087805
0.0839694656488549,0.0,0.0,0.0,0.1666666666666666,0.1111111111111111,0.5,1.0,0.0,0.6666666666666666,0.4,1.0,0.25,0.3333333333333333,1.0,0.0,0.3333333333333333,0.9123334765792868,0.0,0.8,0.4888888888888889,0.27499999999999997,0.08766652342071324,0.10653205100308963,0.06342267652739168,0.06900015374365798
0.084514721919302,1.0,1.0,0.2307692307692307,0.6666666666666666,0.8888888888888888,0.0,0.0,1.0,1.0,0.6000000000000001,0.3333333333333333,0.0833333333333333,0.0,0.6666666666666666,1.0,0.0,0.7418707921501217,0.0,0.9333333333333333,0.4444444444444444,0.058333333333333307,0.25812920784987825,0.3659573233532066,0.16976777050261432,0.04309605562103895
0.0850599781897491,0.6666666666666666,1.0,0.9230769230769232,0.3333333333333333,0.4999999999999999,0.0,0.3333333333333333,0.0,0.3333333333333333,0.8,0.3333333333333333,0.1666666666666666,1.0,1.0,0.6666666666666666,1.0,0.3811774817361409,0.0,0.4666666666666667,0.36666666666666664,0.41666666666666663,0.6188225182638591,0.4386613864833109,0.3357671110273682,0.7379695587557015
0.0856052344601963,0.6666666666666666,1.0,1.0,0.3333333333333333,0.0,1.0,0.6666666666666666,0.5,0.3333333333333333,0.4,0.3333333333333333,0.0,0.0,0.0,0.6666666666666666,0.0,0.4828821085804326,0.0,0.4666666666666667,0.4,0.0,0.5171178914195673,0.36656657527887776,0.3060907249517169,0.0
0.0861504907306434,0.6666666666666666,1.0,0.3076923076923077,0.6666666666666666,0.0,0.5,1.0,1.0,0.3333333333333333,0.4,0.3333333333333333,0.25,0.6666666666666666,0.6666666666666666,0.6666666666666666,0.6666666666666666,0.5672539750752041,0.0,0.4666666666666667,0.6666666666666667,0.375,0.43274602492479586,0.30675834457548196,0.4269160111168684,0.46445959104186957
0.0872410032715376,1.0,0.5,0.2307692307692307,0.6666666666666666,0.8888888888888888,0.0,0.0,0.5,1.0,0.0,1.0,0.25,0.3333333333333333,1.0,1.0,0.3333333333333333,0.8080504225755621,0.0,1.2,0.4444444444444444,0.27499999999999997,0.19194957742443786,0.3498846773140695,0.12624240425832592,0.15107876800082004
0.0877862595419847,1.0,1.0,0.3846153846153846,0.6666666666666666,0.5555555555555556,0.0,0.6666666666666666,1.0,1.0,1.0,0.3333333333333333,0.1666666666666666,0.6666666666666666,0.0,1.0,0.6666666666666666,0.6891562813350522,0.0,0.9333333333333333,0.6444444444444445,0.3166666666666666,0.31084371866494775,0.44069222623554843,0.2964341231334496,0.28172671210645894
0.0883315158124318,0.0,0.0,0.3076923076923077,0.0,0.7777777777777777,1.0,0.3333333333333333,1.0,0.6666666666666666,0.4,1.0,0.25,0.3333333333333333,0.3333333333333333,0.0,0.3333333333333333,0.9891133075490616,0.0,0.8,0.28888888888888886,0.27499999999999997,0.010886692450938429,0.013229470386004819,0.004654011022657756,0.008568646543330219
0.0888767720828789,0.3333333333333333,0.0,0.3846153846153846,0.5,0.3333333333333333,0.0,0.3333333333333333,0.0,0.0,0.6000000000000001,0.6666666666666666,0.0833333333333333,0.6666666666666666,1.0,0.3333333333333333,0.6666666666666666,0.1495487752470992,0.0,0.3333333333333333,0.4,0.2583333333333333,0.8504512247529008,0.43061055746551197,0.5033962975175468,0.6288013119458823
0.089422028353326,0.6666666666666666,1.0,0.9230769230769232,0.5,0.3888888888888889,0.0,0.6666666666666666,0.5,0.3333333333333333,0.0,0.0,0.3333333333333333,0.0,1.0,0.6666666666666666,0.0,0.4655493482309125,0.0,0.3333333333333333,0.5444444444444445,0.2333333333333333,0.5344506517690875,0.2706093969856535,0.43058787507654617,0.3569176104819009
0.0899672846237731,0.3333333333333333,0.0,0.4615384615384615,0.1666666666666666,0.4444444444444445,1.0,1.0,0.0,0.0,0.8,0.3333333333333333,0.1666666666666666,0.0,1.0,0.3333333333333333,0.0,0.3316143818937115,0.0,0.2,0.5555555555555556,0.11666666666666661,0.6683856181062885,0.20305496322729447,0.5494841961467803,0.22318112711183988
0.0905125408942202,0.3333333333333333,0.0,0.1538461538461538,0.5,0.7222222222222221,0.0,0.3333333333333333,0.5,0.0,0.6000000000000001,1.0,0.3333333333333333,0.0,0.0,0.3333333333333333,0.0,0.5191233347657929,0.0,0.4666666666666667,0.4777777777777778,0.2333333333333333,0.48087666523420713,0.3408764524130728,0.33998539733383576,0.3211397529851894
0.0910577971646674,0.6666666666666666,0.0,0.0769230769230769,0.6666666666666666,0.2777777777777777,1.0,0.0,0.5,0.3333333333333333,0.8,0.6666666666666666,0.1666666666666666,0.3333333333333333,0.3333333333333333,0.6666666666666666,0.3333333333333333,0.3635582294800172,0.0,0.6,0.3222222222222222,0.21666666666666662,0.6364417705199827,0.5800513512337351,0.3034693108483677,0.3946702198534309
0.0916030534351145,0.3333333333333333,0.0,0.3846153846153846,0.1666666666666666,0.7777777777777777,0.5,1.0,1.0,0.0,0.4,0.3333333333333333,0.0833333333333333,1.0,0.0,0.3333333333333333,1.0,0.4234350379601776,0.0,0.2,0.6222222222222222,0.3583333333333333,0.5765649620398223,0.17515992863048868,0.5308775731310942,0.5913151915816806
0.0921483097055616,0.3333333333333333,0.0,0.0769230769230769,0.1666666666666666,0.4444444444444445,1.0,1.0,0.5,0.0,0.8,0.6666666666666666,0.0,0.3333333333333333,0.6666666666666666,0.3333333333333333,0.3333333333333333,0.1938117748173614,0.0,0.3333333333333333,0.5555555555555556,0.09999999999999999,0.8061882251826387,0.4081987901997476,0.6627726223562108,0.23073848203761596
0.0932388222464558,1.0,0.0,0.0,0.5,0.5555555555555556,0.5,0.0,1.0,1.0,0.0,0.3333333333333333,0.0833333333333333,1.0,0.3333333333333333,1.0,1.0,0.736140954018049,0.0,0.9333333333333333,0.3111111111111111,0.3583333333333333,0.263859045981951,0.3740806823621567,0.12147534033633235,0.27060933736483367
0.0937840785169029,0.6666666666666666,0.5,0.1538461538461538,0.5,0.7222222222222221,0.0,0.0,0.5,0.3333333333333333,0.2,0.6666666666666666,0.25,0.3333333333333333,1.0,0.6666666666666666,0.3333333333333333,0.24724251539894,0.0,0.6,0.34444444444444444,0.27499999999999997,0.7527574846010601,0.6860611863005353,0.3836850534646003,0.5924768103315738
0.09432933478735,0.3333333333333333,1.0,0.4615384615384615,0.5,0.8888888888888888,0.5,1.0,1.0,0.0,1.0,0.0,0.3333333333333333,0.3333333333333333,0.0,0.3333333333333333,0.3333333333333333,0.4909038819653345,0.0,0.06666666666666667,0.7777777777777779,0.3333333333333333,0.5090961180346655,0.051554317710373235,0.5859437561825804,0.48569329848477083
0.0948745910577971,0.3333333333333333,0.5,0.2307692307692307,0.1666666666666666,0.4444444444444445,0.0,0.0,0.5,0.0,0.8,0.3333333333333333,0.3333333333333333,0.3333333333333333,1.0,0.3333333333333333,0.3333333333333333,0.4638303967912907,0.0,0.2,0.15555555555555556,0.3333333333333333,0.5361696032087093,0.16288785412768178,0.12342079231240283,0.5115222330412204
0.0954198473282442,0.3333333333333333,1.0,0.0,0.3333333333333333,0.7222222222222221,0.5,0.3333333333333333,1.0,0.0,0.8,0.3333333333333333,0.25,0.0,0.6666666666666666,0.3333333333333333,0.0,0.3276034952012606,0.0,0.2,0.4111111111111111,0.175,0.6723965047987395,0.204273467078637,0.4090583635592821,0.3367806077999283
0.0959651035986913,0.6666666666666666,0.0,0.5384615384615385,0.6666666666666666,0.1666666666666666,1.0,0.6666666666666666,0.5,0.3333333333333333,0.2,0.6666666666666666,0.3333333333333333,0.3333333333333333,0.0,0.6666666666666666,0.3333333333333333,0.6663801747600631,0.0,0.6,0.5666666666666667,0.3333333333333333,0.33361982523993694,0.304060228904652,0.2797564652126807,0.318283537470746
0.0965103598691385,0.3333333333333333,1.0,0.7692307692307693,0.3333333333333333,0.7222222222222221,0.0,1.0,0.0,0.0,0.0,0.0,0.1666666666666666,0.3333333333333333,0.3333333333333333,0.3333333333333333,0.3333333333333333,0.1741870792150121,0.0,0.06666666666666667,0.6777777777777778,0.21666666666666662,0.8258129207849879,0.08362707979749627,0.8282655801026897,0.512103042416167
0.0970556161395856,0.6666666666666666,0.0,0.0769230769230769,0.5,0.8333333333333333,0.5,0.0,0.5,0.3333333333333333,0.8,1.0,0.0833333333333333,0.3333333333333333,0.0,0.6666666666666666,0.3333333333333333,0.2142959461395215,0.0,0.7333333333333333,0.3666666666666667,0.1583333333333333,0.7857040538604785,0.8752194032232327,0.4263154175891469,0.3560532294709509
0.0981461286804798,0.3333333333333333,0.5,0.3846153846153846,0.1666666666666666,0.3888888888888889,1.0,0.6666666666666666,0.5,0.0,1.0,0.3333333333333333,0.25,0.0,1.0,0.3333333333333333,0.0,0.3943561094399083,0.0,0.2,0.4111111111111111,0.175,0.6056438905600917,0.18399408155272207,0.36844882001036316,0.30334648695741306
0.0986913849509269,0.6666666666666666,0.0,0.4615384615384615,0.6666666666666666,0.2777777777777777,0.5,1.0,0.0,0.3333333333333333,0.2,0.3333333333333333,0.0,0.0,0.6666666666666666,0.6666666666666666,0.0,0.2715943274602492,0.0,0.4666666666666667,0.7222222222222223,0.0,0.7284056725397507,0.5163410070063972,0.7784751990202082,0.0
0.099236641221374,0.6666666666666666,1.0,0.4615384615384615,0.6666666666666666,0.7777777777777777,1.0,0.3333333333333333,0.0,0.3333333333333333,0.4,0.0,0.0833333333333333,1.0,0.6666666666666666,0.6666666666666666,1.0,0.4973499498639163,0.0,0.3333333333333333,0.5555555555555556,0.3583333333333333,0.5026500501360838,0.25450773895005585,0.41323189975976266,0.5155093185739422
0.0997818974918211,0.3333333333333333,0.5,0.9230769230769232,0.1666666666666666,0.3888888888888889,0.0,0.6666666666666666,1.0,0.0,0.8,1.0,0.25,0.6666666666666666,0.3333333333333333,0.3333333333333333,0.6666666666666666,0.3012462397937258,0.0,0.4666666666666667,0.4111111111111111,0.375,0.6987537602062742,0.4953218155707385,0.4250930331150784,0.7499615640854815
0.1003271537622682,0.6666666666666666,0.0,0.7692307692307693,0.6666666666666666,0.0,1.0,0.3333333333333333,0.5,0.3333333333333333,0.4,0.0,0.3333333333333333,0.0,0.3333333333333333,0.6666666666666666,0.0,0.9157713794585304,0.0,0.3333333333333333,0.4,0.2333333333333333,0.08422862054146962,0.04264763479698851,0.04985632860709402,0.05624967970071229
0.1008724100327153,0.3333333333333333,0.5,0.0,0.3333333333333333,0.4999999999999999,1.0,0.0,0.5,0.0,0.6000000000000001,0.0,0.25,1.0,0.6666666666666666,0.3333333333333333,1.0,0.3115599484314568,0.0,0.06666666666666667,0.2333333333333333,0.475,0.6884400515685432,0.06971582749466904,0.23770785246596632,0.9359298928919182
0.1014176663031624,0.6666666666666666,0.5,0.6923076923076923,0.3333333333333333,0.5555555555555556,0.5,1.0,0.0,0.3333333333333333,0.8,0.0,0.0,0.6666666666666666,0.0,0.6666666666666666,0.6666666666666666,0.2117175189800888,0.0,0.3333333333333333,0.6444444444444445,0.19999999999999998,0.7882824810199112,0.3991325413058299,0.7517405435960242,0.4512273868702916
0.1019629225736096,0.3333333333333333,0.0,0.8461538461538463,0.3333333333333333,0.4444444444444445,0.0,0.0,0.5,0.0,0.0,0.3333333333333333,0.25,1.0,0.0,0.3333333333333333,1.0,0.3592608508809626,0.0,0.2,0.22222222222222224,0.475,0.6407391491190374,0.1946559902519692,0.21070234113712374,0.871080817916261
0.1025081788440567,0.6666666666666666,0.5,0.3846153846153846,0.5,0.4444444444444445,0.0,0.3333333333333333,0.5,0.3333333333333333,0.6000000000000001,0.6666666666666666,0.0833333333333333,1.0,0.6666666666666666,0.6666666666666666,1.0,0.2311989686291362,0.0,0.6,0.4222222222222223,0.3583333333333333,0.7688010313708638,0.7006832325166455,0.4803476376654577,0.788469225644442
0.1030534351145038,0.3333333333333333,1.0,0.2307692307692307,0.3333333333333333,0.7777777777777777,1.0,0.6666666666666666,1.0,0.0,0.4,0.3333333333333333,0.0,1.0,0.0,0.3333333333333333,1.0,0.3559661939550207,0.0,0.2,0.5555555555555556,0.3,0.6440338060449793,0.19565690412985773,0.5294644118893966,0.5529851893609389
0.104143947655398,0.6666666666666666,1.0,0.5384615384615385,0.3333333333333333,0.6666666666666665,0.0,0.3333333333333333,0.5,0.3333333333333333,1.0,0.0,0.0833333333333333,0.3333333333333333,0.3333333333333333,0.6666666666666666,0.3333333333333333,0.1716086520555794,0.0,0.3333333333333333,0.39999999999999997,0.1583333333333333,0.8283913479444206,0.41944093882820543,0.49033868764426014,0.37539759818240825
0.1046892039258451,0.3333333333333333,0.0,0.2307692307692307,0.3333333333333333,0.5555555555555556,0.0,0.3333333333333333,1.0,0.0,0.0,0.3333333333333333,0.0833333333333333,0.6666666666666666,0.6666666666666666,0.3333333333333333,0.6666666666666666,0.0714797306976078,0.0,0.2,0.37777777777777777,0.2583333333333333,0.9285202693023922,0.28208364158579574,0.5190729662254462,0.6865235142383709
0.1052344601962922,0.3333333333333333,0.0,0.1538461538461538,0.3333333333333333,0.8333333333333333,0.0,1.0,1.0,0.0,0.8,1.0,0.1666666666666666,0.0,0.3333333333333333,0.3333333333333333,0.0,0.3889127632144392,0.0,0.4666666666666667,0.7,0.11666666666666661,0.6110872367855609,0.43317811915226945,0.6329973149936408,0.20404858299595136
0.1057797164667393,0.6666666666666666,0.5,0.6923076923076923,0.3333333333333333,0.4444444444444445,0.5,0.3333333333333333,0.5,0.3333333333333333,0.8,0.6666666666666666,0.3333333333333333,0.3333333333333333,1.0,0.6666666666666666,0.3333333333333333,0.4831686004870362,0.0,0.6,0.35555555555555557,0.3333333333333333,0.5168313995129639,0.47103877453326953,0.27192990720241184,0.49307299407232796
0.1063249727371864,0.6666666666666666,0.5,0.7692307692307693,0.3333333333333333,0.0,0.5,1.0,0.0,0.3333333333333333,1.0,0.0,0.0,0.6666666666666666,0.3333333333333333,0.6666666666666666,0.6666666666666666,0.4886119467125053,0.0,0.3333333333333333,0.5333333333333333,0.19999999999999998,0.5113880532874947,0.25893206841028765,0.4035988506288568,0.2927279249730949
0.1068702290076336,0.6666666666666666,0.0,0.7692307692307693,0.5,0.3888888888888889,1.0,0.6666666666666666,0.0,0.3333333333333333,0.6000000000000001,1.0,0.25,1.0,0.3333333333333333,0.6666666666666666,1.0,0.3086950293654204,0.0,0.7333333333333333,0.5444444444444445,0.475,0.6913049706345795,0.7700654220520183,0.556959819115361,0.9398247322297955
0.1074154852780807,1.0,1.0,0.0769230769230769,0.5,0.6111111111111112,1.0,1.0,0.5,1.0,0.6000000000000001,1.0,0.1666666666666666,0.0,0.6666666666666666,1.0,0.0,0.696461824953445,0.0,1.2,0.7222222222222223,0.11666666666666661,0.303538175046555,0.5532877844988904,0.32440293937538284,0.10135465245391959
0.1079607415485278,1.0,0.5,1.0,0.5,0.3888888888888889,0.0,1.0,1.0,1.0,0.2,0.3333333333333333,0.0,0.6666666666666666,0.6666666666666666,1.0,0.6666666666666666,0.5025068041827818,0.0,0.9333333333333333,0.6777777777777778,0.19999999999999998,0.4974931958172182,0.7053106459521012,0.49897074756229687,0.2847742530620612
0.1085059978189749,1.0,0.0,0.9230769230769232,0.6666666666666666,0.6111111111111112,1.0,0.6666666666666666,0.0,1.0,0.2,0.6666666666666666,0.25,0.0,0.0,1.0,0.0,0.724251539893998,0.0,1.0666666666666667,0.6555555555555556,0.175,0.27574846010600196,0.446784745492261,0.2674996467096895,0.13811305283657047
0.1095965103598691,0.3333333333333333,0.5,0.4615384615384615,0.5,0.1111111111111111,0.0,0.0,0.5,0.0,0.0,0.6666666666666666,0.0833333333333333,0.3333333333333333,0.3333333333333333,0.3333333333333333,0.3333333333333333,0.2579859618965764,0.0,0.3333333333333333,0.22222222222222224,0.1583333333333333,0.7420140381034236,0.3757053541639468,0.24400584106646567,0.33625446283674126
0.1101417666303162,0.3333333333333333,0.5,0.2307692307692307,0.5,0.2222222222222222,0.5,0.0,1.0,0.0,1.0,1.0,0.1666666666666666,0.0,0.6666666666666666,0.3333333333333333,0.0,0.3361982523993697,0.0,0.4666666666666667,0.24444444444444446,0.11666666666666661,0.6638017476006304,0.4705455705934405,0.2401149371143248,0.22165052358256884
0.1106870229007633,0.6666666666666666,1.0,0.9230769230769232,0.3333333333333333,0.3888888888888889,0.5,1.0,0.5,0.3333333333333333,0.4,0.3333333333333333,0.1666666666666666,0.3333333333333333,0.0,0.6666666666666666,0.3333333333333333,0.2544048130640309,0.0,0.4666666666666667,0.6111111111111112,0.21666666666666662,0.7455951869359692,0.5285260455198225,0.6742545574450046,0.46235842771485675
0.1112322791712104,0.3333333333333333,0.0,0.0769230769230769,0.5,0.6111111111111112,0.0,1.0,0.5,0.0,0.0,0.6666666666666666,0.0833333333333333,0.0,0.3333333333333333,0.3333333333333333,0.0,0.2396504798739435,0.0,0.3333333333333333,0.7222222222222223,0.058333333333333307,0.7603495201260565,0.38498919303131846,0.8126148193508881,0.12694443020892052
0.1117775354416575,0.6666666666666666,1.0,0.8461538461538463,0.6666666666666666,0.3333333333333333,0.5,0.6666666666666666,0.0,0.3333333333333333,0.4,0.0,0.0833333333333333,0.0,0.0,0.6666666666666666,0.0,0.3615527861337917,0.0,0.3333333333333333,0.6,0.058333333333333307,0.6384472138662083,0.3232661705615272,0.5668613688821894,0.10659218640564407
0.1123227917121047,0.6666666666666666,0.0,0.3846153846153846,0.6666666666666666,0.2777777777777777,1.0,0.0,0.5,0.3333333333333333,0.2,0.0,0.1666666666666666,0.0,0.0,0.6666666666666666,0.0,0.466695315857327,0.0,0.3333333333333333,0.3222222222222222,0.11666666666666661,0.533304684142673,0.2700291570564428,0.2542912996372885,0.17807615435863264
0.1128680479825518,0.3333333333333333,1.0,1.0,0.5,0.7222222222222221,0.5,1.0,0.0,0.0,0.2,0.6666666666666666,0.3333333333333333,0.0,0.3333333333333333,0.3333333333333333,0.0,0.5191233347657929,0.0,0.3333333333333333,0.7444444444444445,0.2333333333333333,0.48087666523420713,0.24348318029505198,0.529744688869,0.3211397529851894
0.1134133042529989,0.3333333333333333,1.0,0.6923076923076923,0.1666666666666666,0.2222222222222222,0.0,0.0,0.0,0.0,0.4,0.0,0.3333333333333333,0.6666666666666666,0.3333333333333333,0.3333333333333333,0.6666666666666666,0.5290073055436184,0.0,0.06666666666666667,0.11111111111111108,0.4333333333333333,0.4709926944563816,0.04769572218112189,0.07744123604503271,0.5841439040639573
0.113958560523446,0.6666666666666666,0.0,0.9230769230769232,0.5,0.2222222222222222,0.0,0.6666666666666666,1.0,0.3333333333333333,0.8,0.3333333333333333,0.25,0.0,0.0,0.6666666666666666,0.0,0.3690015757054863,0.0,0.4666666666666667,0.5111111111111111,0.175,0.6309984242945137,0.44729245543032037,0.4772481040086673,0.31604571311433405
0.1145038167938931,0.6666666666666666,0.5,1.0,0.6666666666666666,0.0,0.0,1.0,0.0,0.3333333333333333,0.2,0.0,0.1666666666666666,0.6666666666666666,0.6666666666666666,0.6666666666666666,0.6666666666666666,0.551496920212004,0.0,0.3333333333333333,0.6666666666666667,0.3166666666666666,0.448503079787996,0.2270914022948489,0.4424607847755429,0.40649139889646213
0.1155943293347873,0.6666666666666666,0.0,0.8461538461538463,0.3333333333333333,0.2777777777777777,0.5,0.6666666666666666,1.0,0.3333333333333333,0.0,0.3333333333333333,0.0,0.3333333333333333,0.3333333333333333,0.6666666666666666,0.3333333333333333,0.1261996848589027,0.0,0.4666666666666667,0.45555555555555555,0.09999999999999999,0.8738003151410974,0.6194061244324528,0.5890527109143153,0.25008968380054325
0.1161395856052344,0.0,1.0,0.9230769230769232,0.1666666666666666,0.0,1.0,1.0,1.0,0.6666666666666666,1.0,0.6666666666666666,0.1666666666666666,0.3333333333333333,0.0,0.0,0.3333333333333333,0.9893997994556653,0.0,0.6666666666666666,0.4666666666666667,0.21666666666666662,0.010600200544334748,0.010734438690398605,0.007320175231994057,0.006573395514101786
0.1166848418756815,1.0,0.0,0.1538461538461538,0.6666666666666666,0.0555555555555555,0.0,0.0,0.0,1.0,0.8,0.6666666666666666,0.0,0.6666666666666666,1.0,1.0,0.6666666666666666,0.7815499212147258,0.0,1.0666666666666667,0.2777777777777778,0.19999999999999998,0.21845007878527423,0.3539463568185443,0.08979462056620656,0.12504484190027157
0.1172300981461286,0.3333333333333333,0.5,0.5384615384615385,0.5,0.3333333333333333,0.0,0.3333333333333333,0.5,0.0,0.6000000000000001,1.0,0.0,1.0,0.0,0.3333333333333333,1.0,0.4032373585446211,0.0,0.4666666666666667,0.4,0.3,0.5967626414553788,0.42302392039108166,0.35323378397475147,0.5123968636293753
0.1177753544165758,0.6666666666666666,1.0,0.9230769230769232,0.5,0.7222222222222221,1.0,1.0,0.0,0.3333333333333333,0.0,0.3333333333333333,0.0833333333333333,0.6666666666666666,0.0,0.6666666666666666,0.6666666666666666,0.155278613379172,0.0,0.4666666666666667,0.7444444444444445,0.2583333333333333,0.844721386620828,0.5987931009472417,0.9305643223891846,0.6245648200345069
0.1183206106870229,0.6666666666666666,0.5,0.2307692307692307,0.5,0.6111111111111112,0.0,0.3333333333333333,0.0,0.3333333333333333,0.2,1.0,0.3333333333333333,0.3333333333333333,0.3333333333333333,0.6666666666666666,0.3333333333333333,0.3634149835267153,0.0,0.7333333333333333,0.4555555555555556,0.3333333333333333,0.6365850164732847,0.7091112174884314,0.42913938480380615,0.6073216146500624
0.11886586695747,0.3333333333333333,1.0,0.3846153846153846,0.1666666666666666,0.4999999999999999,1.0,0.6666666666666666,1.0,0.0,0.6000000000000001,0.0,0.0,0.0,1.0,0.3333333333333333,0.0,0.2233204411975361,0.0,0.06666666666666667,0.4333333333333333,0.0,0.7766795588024639,0.07865152240451427,0.4980404164115125,0.0
0.1194111232279171,0.3333333333333333,0.5,0.3076923076923077,0.5,0.7777777777777777,0.0,1.0,0.5,0.0,0.2,1.0,0.25,1.0,1.0,0.3333333333333333,1.0,0.3927804039535883,0.0,0.4666666666666667,0.7555555555555556,0.475,0.6072195960464117,0.4304364854867488,0.6789109237363985,0.8255111976630964
0.1205016357688113,0.3333333333333333,0.5,0.6923076923076923,0.3333333333333333,0.0555555555555555,1.0,0.3333333333333333,1.0,0.0,0.4,0.6666666666666666,0.0833333333333333,0.3333333333333333,0.6666666666666666,0.3333333333333333,0.3333333333333333,0.3213006732559805,0.0,0.3333333333333333,0.2777777777777778,0.1583333333333333,0.6786993267440196,0.34364709807505406,0.27898158179848326,0.30756247971437845
0.1210468920392584,0.6666666666666666,1.0,0.4615384615384615,0.5,0.0555555555555555,0.0,0.0,0.0,0.3333333333333333,0.8,0.3333333333333333,0.0833333333333333,0.3333333333333333,0.0,0.6666666666666666,0.3333333333333333,0.2946569259418422,0.0,0.4666666666666667,0.2111111111111111,0.1583333333333333,0.7053430740581579,0.49999274700088486,0.22034952188044654,0.3196364816617981
0.1215921483097055,0.3333333333333333,0.0,0.3846153846153846,0.3333333333333333,0.0555555555555555,1.0,0.3333333333333333,0.0,0.0,1.0,0.3333333333333333,0.0,0.0,1.0,0.3333333333333333,0.0,0.3730124623979372,0.0,0.2,0.2777777777777778,0.0,0.6269875376020628,0.19047826276165195,0.257725281454614,0.0
0.1221374045801526,0.3333333333333333,0.5,0.4615384615384615,0.5,0.0555555555555555,0.5,0.0,1.0,0.0,0.6000000000000001,0.3333333333333333,0.25,0.6666666666666666,0.0,0.3333333333333333,0.6666666666666666,0.4030941125913193,0.0,0.2,0.2111111111111111,0.375,0.5969058874086808,0.18133948387658297,0.1864736916482171,0.6406498231947934
0.1226826608505997,0.3333333333333333,0.0,0.2307692307692307,0.3333333333333333,1.0,0.5,0.0,0.5,0.0,0.4,0.3333333333333333,0.0,0.6666666666666666,0.6666666666666666,0.3333333333333333,0.6666666666666666,0.4585302965191233,0.0,0.2,0.33333333333333337,0.19999999999999998,0.5414697034808766,0.16449801993124155,0.2670874746808611,0.30994721467739456
0.1232279171210469,0.0,0.0,0.7692307692307693,0.0,0.3888888888888889,0.0,0.3333333333333333,1.0,0.6666666666666666,0.0,0.3333333333333333,0.25,0.6666666666666666,0.0,0.0,0.6666666666666666,0.955593754476436,0.0,0.5333333333333333,0.2111111111111111,0.375,0.04440624552356398,0.035974875611065195,0.013872532855998876,0.047660534002972404
0.123773173391494,0.3333333333333333,1.0,0.6153846153846154,0.1666666666666666,0.3888888888888889,0.5,0.3333333333333333,0.0,0.0,0.0,0.3333333333333333,0.0,1.0,0.6666666666666666,0.3333333333333333,1.0,0.3883397794012319,0.0,0.2,0.27777777777777773,0.3,0.6116602205987681,0.18582183732973584,0.2514249375853785,0.5251883359811409
0.1243184296619411,1.0,1.0,0.5384615384615385,0.6666666666666666,0.4999999999999999,0.0,0.0,0.0,1.0,0.8,0.0,0.0833333333333333,1.0,0.0,1.0,1.0,0.7580575848732274,0.0,0.8,0.36666666666666664,0.3583333333333333,0.24194241512677261,0.29400757213107614,0.13127561354750572,0.24813201455439957
0.1248636859323882,0.3333333333333333,0.0,0.8461538461538463,0.5,0.2222222222222222,0.0,1.0,1.0,0.0,1.0,0.3333333333333333,0.25,0.6666666666666666,0.0,0.3333333333333333,0.6666666666666666,0.2380747743876235,0.0,0.2,0.6444444444444445,0.375,0.7619252256123765,0.23147221376038993,0.726605115643695,0.8177625172961617
0.1254089422028353,1.0,1.0,0.0,0.5,0.7222222222222221,1.0,0.3333333333333333,0.5,1.0,0.8,0.0,0.1666666666666666,0.0,0.6666666666666666,1.0,0.0,0.7218163586878671,0.0,0.8,0.4777777777777778,0.11666666666666661,0.2781836413121329,0.3380477827581705,0.19667907108201046,0.09288850168263889
0.1264994547437295,0.6666666666666666,0.0,0.9230769230769232,0.3333333333333333,1.0,1.0,1.0,0.5,0.3333333333333333,1.0,0.0,0.0,0.3333333333333333,0.0,0.6666666666666666,0.3333333333333333,0.5116745451940983,0.0,0.3333333333333333,0.7333333333333334,0.09999999999999999,0.4883254548059017,0.24725473983492172,0.5299213340242122,0.13976323476656588
0.1270447110141766,0.0,0.5,0.6153846153846154,0.0,0.2222222222222222,0.5,0.0,0.5,0.6666666666666666,0.0,0.3333333333333333,0.0,0.0,0.0,0.0,0.0,0.924079644750036,0.0,0.5333333333333333,0.044444444444444446,0.0,0.07592035524996399,0.061505432496337074,0.004993169720665115,0.0
0.1275899672846237,0.6666666666666666,1.0,0.1538461538461538,0.6666666666666666,0.0,0.5,0.0,0.5,0.3333333333333333,0.4,0.6666666666666666,0.1666666666666666,1.0,0.3333333333333333,0.6666666666666666,1.0,0.7954447786850022,0.0,0.6,0.26666666666666666,0.41666666666666663,0.20455522131499781,0.18643108925540705,0.08071977012577133,0.24393993747757897
0.1281352235550709,0.3333333333333333,1.0,0.4615384615384615,0.5,1.0,0.0,1.0,0.5,0.0,0.6000000000000001,0.0,0.0833333333333333,0.6666666666666666,0.3333333333333333,0.3333333333333333,0.6666666666666666,0.4625411832115743,0.0,0.06666666666666667,0.8,0.2583333333333333,0.5374588167884258,0.054426505359966355,0.6362617174619625,0.39738294128700524
0.128680479825518,0.3333333333333333,0.5,0.2307692307692307,0.5,0.2777777777777777,0.0,0.6666666666666666,1.0,0.0,0.0,0.6666666666666666,0.3333333333333333,0.0,0.6666666666666666,0.3333333333333333,0.0,0.5708351239077496,0.0,0.3333333333333333,0.5222222222222223,0.2333333333333333,0.4291648760922504,0.21729985348941785,0.33165010127655564,0.28660551085601055
0.1292257360959651,0.0,1.0,0.6153846153846154,0.1666666666666666,0.4999999999999999,1.0,0.3333333333333333,0.5,0.6666666666666666,0.6000000000000001,0.3333333333333333,0.3333333333333333,0.3333333333333333,0.6666666666666666,0.0,0.3333333333333333,0.8038962899298094,0.0,0.5333333333333333,0.29999999999999993,0.3333333333333333,0.19610371007019056,0.15886969261789752,0.08705779829478542,0.18708894924751024
0.1297709923664122,1.0,1.0,0.2307692307692307,0.6666666666666666,0.7777777777777777,0.5,1.0,0.5,1.0,0.2,1.0,0.3333333333333333,1.0,0.6666666666666666,1.0,1.0,0.9391204698467268,0.0,1.2,0.8222222222222223,0.5333333333333333,0.06087953015327319,0.11097088646155187,0.07407320175231996,0.0929294999914587
0.1303162486368593,0.6666666666666666,0.0,0.4615384615384615,0.3333333333333333,0.2222222222222222,0.5,1.0,0.5,0.3333333333333333,0.2,1.0,0.3333333333333333,1.0,1.0,0.6666666666666666,1.0,0.6500501360836557,0.0,0.7333333333333333,0.5777777777777777,0.5333333333333333,0.3499498639163443,0.3898196904419976,0.29920391916717687,0.5341806317156084
0.1308615049073064,0.6666666666666666,0.5,0.1538461538461538,0.3333333333333333,0.5555555555555556,1.0,0.3333333333333333,1.0,0.3333333333333333,1.0,0.3333333333333333,0.0833333333333333,1.0,0.3333333333333333,0.6666666666666666,1.0,0.3079787995989113,0.0,0.4666666666666667,0.37777777777777777,0.3583333333333333,0.6920212004010887,0.4905493421529803,0.3868623109896839,0.7097251405046209
0.1314067611777535,0.3333333333333333,0.5,0.9230769230769232,0.5,0.7222222222222221,0.0,0.0,0.0,0.0,0.4,0.3333333333333333,0.3333333333333333,1.0,0.0,0.3333333333333333,1.0,0.5456238361266295,0.0,0.2,0.34444444444444444,0.5333333333333333,0.45437616387337054,0.13803907915923233,0.23159828536436006,0.6935820564068399
0.1324972737186477,0.6666666666666666,1.0,0.7692307692307693,0.5,0.3888888888888889,0.0,1.0,1.0,0.3333333333333333,0.4,0.3333333333333333,0.3333333333333333,1.0,0.3333333333333333,0.6666666666666666,1.0,0.5002148689299527,0.0,0.4666666666666667,0.6777777777777778,0.5333333333333333,0.4997851310700473,0.35427999477784067,0.5012694898487917,0.7628965305181162
0.1330425299890948,0.6666666666666666,0.5,0.7692307692307693,0.6666666666666666,0.6666666666666665,1.0,0.0,0.5,0.3333333333333333,1.0,1.0,0.0833333333333333,0.3333333333333333,0.0,0.6666666666666666,0.3333333333333333,0.2367855608079072,0.0,0.7333333333333333,0.39999999999999997,0.1583333333333333,0.7632144391920928,0.8501675442795594,0.45175938574591346,0.3458617332035053
0.1335877862595419,0.6666666666666666,1.0,0.6923076923076923,0.5,0.3333333333333333,0.5,0.0,0.0,0.3333333333333333,0.6000000000000001,0.3333333333333333,0.25,0.6666666666666666,0.3333333333333333,0.6666666666666666,0.6666666666666666,0.2018335482022633,0.0,0.4666666666666667,0.26666666666666666,0.375,0.7981664517977367,0.5657919549733814,0.3149653775495784,0.85665966278891
0.1341330425299891,0.6666666666666666,0.5,0.3846153846153846,0.5,0.6111111111111112,0.5,0.0,1.0,0.3333333333333333,0.6000000000000001,0.0,0.0,0.3333333333333333,0.6666666666666666,0.6666666666666666,0.3333333333333333,0.0335195530726257,0.0,0.3333333333333333,0.32222222222222224,0.09999999999999999,0.9664804469273743,0.4893598502980982,0.4608389467238212,0.2766155896069287
0.1346782988004362,1.0,1.0,0.6923076923076923,0.5,0.6111111111111112,1.0,0.6666666666666666,0.5,1.0,0.8,1.0,0.1666666666666666,0.0,1.0,1.0,0.0,0.696461824953445,0.0,1.2,0.5888888888888889,0.11666666666666661,0.303538175046555,0.5532877844988904,0.2645131659522352,0.10135465245391959
0.1352235550708833,0.3333333333333333,0.5,0.9230769230769232,0.1666666666666666,0.3888888888888889,0.5,0.0,1.0,0.0,1.0,0.0,0.25,0.6666666666666666,0.0,0.3333333333333333,0.6666666666666666,0.3012462397937258,0.0,0.06666666666666667,0.14444444444444443,0.375,0.6987537602062742,0.07076025936724836,0.14935701163502754,0.7499615640854815
0.1357688113413304,0.3333333333333333,0.5,0.5384615384615385,0.3333333333333333,0.8333333333333333,0.0,0.3333333333333333,1.0,0.0,0.8,0.3333333333333333,0.25,1.0,0.3333333333333333,0.3333333333333333,1.0,0.3919209282337774,0.0,0.2,0.43333333333333335,0.475,0.6080790717662226,0.18473388746246572,0.3899265156154316,0.8266796494644596
0.1363140676117775,0.6666666666666666,0.0,0.7692307692307693,0.3333333333333333,0.0,0.5,0.6666666666666666,0.5,0.3333333333333333,0.6000000000000001,0.3333333333333333,0.3333333333333333,0.6666666666666666,1.0,0.6666666666666666,0.6666666666666666,0.6769803753043976,0.0,0.4666666666666667,0.4,0.4333333333333333,0.3230196246956024,0.22897718206478385,0.1912007160016958,0.4006218076837665
0.1368593238822246,0.3333333333333333,0.0,0.0,0.5,0.1666666666666666,0.5,0.6666666666666666,0.0,0.0,0.8,0.0,0.3333333333333333,0.3333333333333333,0.6666666666666666,0.3333333333333333,0.3333333333333333,0.4711359404096834,0.0,0.06666666666666667,0.5,0.3333333333333333,0.5288640595903167,0.05355614546615026,0.39130434782608703,0.5045525205418612
0.1379498364231188,0.6666666666666666,0.0,0.2307692307692307,0.3333333333333333,0.3333333333333333,1.0,0.0,0.0,0.3333333333333333,0.6000000000000001,0.3333333333333333,0.3333333333333333,0.0,0.0,0.6666666666666666,0.0,0.5811488325454806,0.0,0.4666666666666667,0.2,0.2333333333333333,0.41885116745451945,0.2969087717771299,0.1239625041217203,0.27971779497429067
0.1384950926935659,0.6666666666666666,0.5,0.0769230769230769,0.3333333333333333,0.7777777777777777,0.5,0.3333333333333333,1.0,0.3333333333333333,0.0,0.6666666666666666,0.1666666666666666,1.0,0.6666666666666666,0.6666666666666666,1.0,0.4013751611516974,0.0,0.6,0.4222222222222222,0.41666666666666663,0.5986248388483026,0.5455850994386179,0.37402138584012434,0.7138830523240918
0.1390403489640131,1.0,1.0,0.3076923076923077,0.6666666666666666,0.6111111111111112,0.5,1.0,0.5,1.0,0.6000000000000001,0.3333333333333333,0.1666666666666666,1.0,0.0,1.0,1.0,0.7958745165449076,0.0,0.9333333333333333,0.788888888888889,0.41666666666666663,0.2041254834550924,0.28939466469385094,0.2382943143812709,0.24342745861733206
0.1395856052344602,0.6666666666666666,1.0,1.0,0.6666666666666666,0.4999999999999999,1.0,0.3333333333333333,1.0,0.3333333333333333,0.4,1.0,0.0,0.3333333333333333,1.0,0.6666666666666666,0.3333333333333333,0.3054003724394786,0.0,0.7333333333333333,0.5,0.09999999999999999,0.6945996275605214,0.7737354396042763,0.513931414574403,0.19880079946702198
0.1401308615049073,0.3333333333333333,1.0,0.7692307692307693,0.5,0.6111111111111112,0.5,0.6666666666666666,1.0,0.0,0.6000000000000001,0.0,0.25,0.0,1.0,0.3333333333333333,0.0,0.4003724394785847,0.0,0.06666666666666667,0.5888888888888889,0.175,0.5996275605214153,0.060722108591902746,0.5225352112676057,0.30033311125916057
0.1406761177753544,0.6666666666666666,1.0,0.0,0.6666666666666666,0.1111111111111111,0.5,1.0,0.5,0.3333333333333333,0.4,0.3333333333333333,0.3333333333333333,0.6666666666666666,0.0,0.6666666666666666,0.6666666666666666,0.5847299813780261,0.0,0.4666666666666667,0.688888888888889,0.4333333333333333,0.4152700186219739,0.2943702220868329,0.42333129210042864,0.5150344214967798
0.1412213740458015,0.3333333333333333,1.0,1.0,0.3333333333333333,0.0,1.0,0.0,0.0,0.0,0.0,0.0,0.0,0.0,0.3333333333333333,0.3333333333333333,0.0,0.4721386620827962,0.0,0.06666666666666667,0.13333333333333333,0.0,0.5278613379172038,0.05345460347853837,0.10414998351311884,0.0
0.1423118865866957,0.3333333333333333,0.0,0.5384615384615385,0.3333333333333333,0.0,0.0,0.6666666666666666,0.5,0.0,0.2,1.0,0.25,0.6666666666666666,0.0,0.3333333333333333,0.6666666666666666,0.5012175906030655,0.0,0.4666666666666667,0.4,0.375,0.4987824093969345,0.35356920086455745,0.2952376466154788,0.5353354174140318
0.1428571428571428,0.6666666666666666,1.0,1.0,0.3333333333333333,0.9444444444444444,0.0,1.0,1.0,0.3333333333333333,0.0,0.0,0.0,0.3333333333333333,0.0,0.6666666666666666,0.3333333333333333,0.3500931098696462,0.0,0.3333333333333333,0.7222222222222222,0.09999999999999999,0.6499068901303537,0.3290685698536344,0.6945805266380893,0.18600932711525647
0.1434023991275899,0.6666666666666666,0.5,0.0769230769230769,0.6666666666666666,0.3888888888888889,1.0,0.3333333333333333,0.5,0.3333333333333333,0.2,1.0,0.1666666666666666,0.6666666666666666,0.6666666666666666,0.6666666666666666,0.6666666666666666,0.225039392637158,0.0,0.7333333333333333,0.4777777777777778,0.3166666666666666,0.774960607362842,0.8632519546832613,0.5479061660935513,0.7023693605972086
0.143947655398037,0.6666666666666666,1.0,0.1538461538461538,0.5,0.2777777777777777,0.5,0.6666666666666666,1.0,0.3333333333333333,0.2,1.0,0.1666666666666666,0.0,0.3333333333333333,0.6666666666666666,0.0,0.3068328319724968,0.0,0.7333333333333333,0.5222222222222223,0.11666666666666661,0.6931671680275032,0.7721397797989468,0.5356658344717132,0.23145595244196168
0.1444929116684842,0.6666666666666666,0.0,0.7692307692307693,0.6666666666666666,0.4999999999999999,0.0,1.0,0.5,0.3333333333333333,0.6000000000000001,1.0,0.25,0.0,0.0,0.6666666666666666,0.0,0.4851740438332617,0.0,0.7333333333333333,0.7666666666666667,0.175,0.5148259561667383,0.5734801340354235,0.5840736728060673,0.257858863321888
0.1450381679389313,0.6666666666666666,0.5,0.1538461538461538,0.3333333333333333,0.9444444444444444,1.0,0.3333333333333333,0.5,0.3333333333333333,0.2,0.0,0.1666666666666666,1.0,0.0,0.6666666666666666,1.0,0.5519266580719094,0.0,0.3333333333333333,0.45555555555555555,0.41666666666666663,0.44807334192809056,0.22687381232139486,0.3020585048754063,0.5343446249508875
0.1455834242093784,0.3333333333333333,1.0,0.3076923076923077,0.3333333333333333,0.4444444444444445,1.0,0.3333333333333333,0.0,0.0,0.4,1.0,0.0,1.0,0.3333333333333333,0.3333333333333333,1.0,0.3336198252399369,0.0,0.4666666666666667,0.35555555555555557,0.3,0.6663801747600631,0.4723733263704542,0.3506147251401385,0.5721723978885871
0.1461286804798255,0.3333333333333333,0.0,0.8461538461538463,0.3333333333333333,0.1666666666666666,1.0,1.0,0.0,0.0,0.2,1.0,0.25,1.0,0.3333333333333333,0.3333333333333333,1.0,0.4638303967912907,0.0,0.4666666666666667,0.5666666666666667,0.475,0.5361696032087093,0.38007165963125744,0.44960431485232455,0.7289191820837391
0.1466739367502726,0.3333333333333333,0.5,0.8461538461538463,0.1666666666666666,0.0,1.0,1.0,0.5,0.0,0.4,0.0,0.0,1.0,0.0,0.3333333333333333,1.0,0.7842715943274603,0.0,0.06666666666666667,0.4666666666666667,0.3,0.2157284056725397,0.021846033334783927,0.14897545809976914,0.18523035924768103
0.1477644492911668,0.6666666666666666,1.0,0.2307692307692307,0.5,0.7222222222222221,0.0,0.0,0.5,0.3333333333333333,0.2,0.6666666666666666,0.0,0.6666666666666666,0.3333333333333333,0.6666666666666666,0.6666666666666666,0.2145824380461252,0.0,0.6,0.34444444444444444,0.19999999999999998,0.7854175619538748,0.7158274946690456,0.4003320928917989,0.44958745451750115
0.1483097055616139,0.3333333333333333,0.5,0.1538461538461538,0.3333333333333333,0.8888888888888888,1.0,0.6666666666666666,1.0,0.0,0.8,0.6666666666666666,0.25,0.6666666666666666,0.0,0.3333333333333333,0.6666666666666666,0.3422145824380461,0.0,0.3333333333333333,0.5777777777777778,0.375,0.657785417561954,0.3330577193669582,0.5624004898958972,0.7059908778762878
0.148854961832061,0.6666666666666666,0.5,0.8461538461538463,0.3333333333333333,0.7222222222222221,0.0,1.0,0.5,0.3333333333333333,0.0,1.0,0.0,0.0,0.3333333333333333,0.6666666666666666,0.0,0.2438046125196963,0.0,0.7333333333333333,0.6777777777777778,0.0,0.7561953874803037,0.8423488112334448,0.7584412831504075,0.0
0.1494002181025082,0.3333333333333333,0.0,0.9230769230769232,0.1666666666666666,0.9444444444444444,0.5,1.0,1.0,0.0,0.2,0.6666666666666666,0.0833333333333333,0.0,1.0,0.3333333333333333,0.0,0.4843145681134508,0.0,0.3333333333333333,0.6555555555555556,0.058333333333333307,0.5156854318865491,0.2611079681448278,0.5002590795609778,0.08609644852149845
0.1499454743729553,1.0,0.0,0.0769230769230769,0.5,0.0555555555555555,0.5,0.3333333333333333,0.0,1.0,0.6000000000000001,0.6666666666666666,0.3333333333333333,0.6666666666666666,0.6666666666666666,1.0,0.6666666666666666,0.9193525282910758,0.0,1.0666666666666667,0.34444444444444444,0.4333333333333333,0.08064747170892417,0.130670032058256,0.04110650525224925,0.1000222074172773
0.1504907306434024,1.0,0.0,0.0,0.8333333333333333,0.7222222222222221,1.0,0.6666666666666666,1.0,1.0,0.0,0.6666666666666666,0.1666666666666666,0.6666666666666666,1.0,1.0,0.6666666666666666,0.9441340782122905,0.0,1.0666666666666667,0.7444444444444445,0.3166666666666666,0.05586592178770955,0.09051742895687374,0.06154317207593392,0.050632911392405104
0.1510359869138495,0.0,0.0,0.8461538461538463,0.1666666666666666,0.0,0.5,1.0,0.0,0.6666666666666666,1.0,0.3333333333333333,0.25,0.6666666666666666,1.0,0.0,0.6666666666666666,0.9979945566537746,0.0,0.5333333333333333,0.4666666666666667,0.375,0.002005443346225433,0.0016246718017900107,0.001384898016863699,0.0021524112130374235
0.1515812431842966,0.3333333333333333,0.0,0.5384615384615385,0.3333333333333333,1.0,1.0,0.0,1.0,0.0,0.2,0.3333333333333333,0.25,0.6666666666666666,1.0,0.3333333333333333,0.6666666666666666,0.507950150408251,0.0,0.2,0.33333333333333337,0.375,0.492049849591749,0.14948431176291396,0.24271044326157615,0.5281094654845487
0.1521264994547437,1.0,0.0,0.4615384615384615,0.8333333333333333,0.3888888888888889,0.5,0.0,1.0,1.0,0.2,1.0,0.1666666666666666,0.3333333333333333,1.0,1.0,0.3333333333333333,0.8917060593038246,0.0,1.2,0.4111111111111111,0.21666666666666662,0.10829394069617537,0.19739762391748994,0.06588157708794576,0.06715522984676883
0.1526717557251908,0.6666666666666666,1.0,0.5384615384615385,0.5,0.3888888888888889,1.0,0.6666666666666666,0.0,0.3333333333333333,0.2,0.6666666666666666,0.1666666666666666,1.0,1.0,0.6666666666666666,1.0,0.2750322303394929,0.0,0.6,0.5444444444444445,0.41666666666666663,0.724967769660507,0.6607337133904868,0.5840807386122757,0.8645518372367139
0.153762268266085,0.0,0.5,0.5384615384615385,0.1666666666666666,0.4999999999999999,1.0,0.3333333333333333,1.0,0.6666666666666666,0.4,0.6666666666666666,0.3333333333333333,0.0,0.0,0.0,0.0,0.8957169459962756,0.0,0.6666666666666666,0.29999999999999993,0.2333333333333333,0.1042830540037244,0.1056036671163526,0.04629516227801591,0.06964246058183433
0.1543075245365321,0.3333333333333333,1.0,0.2307692307692307,0.5,1.0,1.0,0.3333333333333333,1.0,0.0,0.8,0.0,0.25,0.0,0.6666666666666666,0.3333333333333333,0.0,0.724251539893998,0.0,0.06666666666666667,0.5333333333333334,0.175,0.27574846010600196,0.027924046593266312,0.21762683122144236,0.13811305283657047
0.1548527808069792,0.6666666666666666,0.0,0.4615384615384615,0.5,0.6111111111111112,0.5,0.6666666666666666,0.0,0.3333333333333333,0.8,0.0,0.25,0.3333333333333333,0.6666666666666666,0.6666666666666666,0.3333333333333333,0.2127202406532015,0.0,0.3333333333333333,0.5888888888888889,0.27499999999999997,0.7872797593467985,0.3986248313677705,0.6860615196193885,0.6196484395018705
0.1553980370774264,0.6666666666666666,0.0,0.7692307692307693,0.3333333333333333,0.7777777777777777,0.5,1.0,1.0,0.3333333333333333,0.0,1.0,0.1666666666666666,1.0,0.0,0.6666666666666666,1.0,0.4013751611516974,0.0,0.7333333333333333,0.6888888888888889,0.41666666666666663,0.5986248388483026,0.6668262326471996,0.6102454190023082,0.7138830523240918
0.1559432933478735,0.6666666666666666,1.0,0.3846153846153846,0.5,0.2222222222222222,0.0,0.0,1.0,0.3333333333333333,1.0,0.6666666666666666,0.3333333333333333,0.0,1.0,0.6666666666666666,0.0,0.5479157713794586,0.0,0.6,0.24444444444444446,0.2333333333333333,0.45208422862054143,0.4120283737325383,0.16353101888925525,0.30191154614872134
0.1564885496183206,0.3333333333333333,0.5,0.6923076923076923,0.3333333333333333,0.8333333333333333,1.0,0.3333333333333333,0.5,0.0,0.6000000000000001,0.3333333333333333,0.25,1.0,0.0,0.3333333333333333,1.0,0.3919209282337774,0.0,0.2,0.43333333333333335,0.475,0.6080790717662226,0.18473388746246572,0.3899265156154316,0.8266796494644596
0.1570338058887677,0.6666666666666666,0.0,0.0769230769230769,0.5,0.4444444444444445,1.0,0.3333333333333333,0.0,0.3333333333333333,1.0,0.0,0.25,1.0,0.0,0.6666666666666666,1.0,0.2644320297951583,0.0,0.3333333333333333,0.4222222222222223,0.475,0.7355679702048417,0.37244150456213637,0.4595835884874464,1.0
0.1575790621592148,0.3333333333333333,0.0,0.9230769230769232,0.5,0.6111111111111112,1.0,1.0,0.5,0.0,0.4,1.0,0.3333333333333333,1.0,0.0,0.3333333333333333,1.0,0.5132502506804183,0.0,0.4666666666666667,0.7222222222222223,0.5333333333333333,0.4867497493195817,0.34503967390515977,0.5202082057562768,0.742998684637592
0.158669574700109,0.3333333333333333,1.0,0.1538461538461538,0.5,0.0555555555555555,1.0,0.6666666666666666,0.0,0.0,1.0,1.0,0.25,0.6666666666666666,0.6666666666666666,0.3333333333333333,0.6666666666666666,0.4030941125913193,0.0,0.4666666666666667,0.47777777777777775,0.375,0.5969058874086808,0.42312546237869364,0.422019407414386,0.6406498231947934
0.1592148309705561,0.3333333333333333,0.5,0.9230769230769232,0.1666666666666666,0.2777777777777777,0.5,0.3333333333333333,0.0,0.0,0.2,0.0,0.0833333333333333,0.0,0.3333333333333333,0.3333333333333333,0.0,0.2856324308838275,0.0,0.06666666666666667,0.2555555555555555,0.058333333333333307,0.7143675691161725,0.07234141317434759,0.27015167930660877,0.11926749688242022
0.1597600872410032,0.3333333333333333,0.0,0.4615384615384615,0.1666666666666666,0.1666666666666666,0.0,0.6666666666666666,0.0,0.0,0.4,0.3333333333333333,0.25,0.0,0.6666666666666666,0.3333333333333333,0.0,0.5454805901733276,0.0,0.2,0.36666666666666664,0.175,0.4545194098266724,0.13808259715392315,0.24661783409487018,0.2276533592989289
0.1603053435114504,1.0,0.0,1.0,0.6666666666666666,0.7222222222222221,1.0,0.6666666666666666,0.5,1.0,0.0,0.0,0.25,1.0,0.6666666666666666,1.0,1.0,0.8518836842859189,0.0,0.8,0.6777777777777778,0.475,0.14811631571408113,0.17999042604116808,0.14855622026473225,0.20136319376825712
0.1608505997818975,0.3333333333333333,0.5,0.2307692307692307,0.1666666666666666,0.5555555555555556,0.5,0.3333333333333333,0.0,0.0,0.4,0.3333333333333333,0.0,0.6666666666666666,0.6666666666666666,0.3333333333333333,0.6666666666666666,0.2373585446211144,0.0,0.2,0.31111111111111106,0.19999999999999998,0.7626414553788856,0.23168980373384399,0.3511046210372603,0.43654999231281716
0.1613958560523446,0.6666666666666666,0.0,0.3076923076923077,0.5,0.2777777777777777,0.0,0.3333333333333333,1.0,0.3333333333333333,0.0,0.0,0.3333333333333333,0.0,0.0,0.6666666666666666,0.0,0.5267153702907893,0.0,0.3333333333333333,0.3888888888888889,0.2333333333333333,0.4732846297092107,0.2396390907640309,0.2723632766498657,0.31606962879447886
0.1619411123227917,0.3333333333333333,0.0,0.9230769230769232,0.5,0.6111111111111112,0.5,0.3333333333333333,0.0,0.0,0.2,0.0,0.0,0.0,0.3333333333333333,0.3333333333333333,0.0,0.2064174187079215,0.0,0.06666666666666667,0.4555555555555556,0.0,0.7935825812920785,0.0803632301956859,0.5349757407320176,0.0
0.1624863685932388,0.3333333333333333,0.0,0.7692307692307693,0.3333333333333333,0.2222222222222222,1.0,1.0,0.0,0.0,1.0,0.0,0.3333333333333333,1.0,0.3333333333333333,0.3333333333333333,1.0,0.5940409683426443,0.0,0.06666666666666667,0.5777777777777777,0.5333333333333333,0.4059590316573557,0.04110999898458012,0.3470912431108389,0.6196757717077505
0.1630316248636859,0.3333333333333333,0.0,0.6923076923076923,0.1666666666666666,0.2222222222222222,1.0,0.6666666666666666,0.0,0.0,1.0,1.0,0.3333333333333333,0.6666666666666666,0.0,0.3333333333333333,0.6666666666666666,0.5290073055436184,0.0,0.4666666666666667,0.37777777777777777,0.4333333333333333,0.4709926944563816,0.33387005526785324,0.26330020255311126,0.5841439040639573
0.163576881134133,0.3333333333333333,0.5,0.3846153846153846,0.3333333333333333,0.0,1.0,1.0,0.0,0.0,0.6000000000000001,0.6666666666666666,0.3333333333333333,0.6666666666666666,0.3333333333333333,0.3333333333333333,0.6666666666666666,0.6397364274459246,0.0,0.3333333333333333,0.5333333333333333,0.4333333333333333,0.3602635725540754,0.18241292774562282,0.2843280418295727,0.44681323562069736
0.1652126499454743,0.6666666666666666,0.5,0.3846153846153846,0.6666666666666666,0.8333333333333333,0.5,0.3333333333333333,0.5,0.3333333333333333,0.0,0.3333333333333333,0.0833333333333333,0.0,0.0,0.6666666666666666,0.0,0.4086807047700903,0.0,0.4666666666666667,0.5666666666666667,0.058333333333333307,0.5913192952299098,0.4191653248618304,0.49585001648688115,0.09872392763798489
0.1657579062159214,0.6666666666666666,0.5,0.3846153846153846,0.6666666666666666,0.8888888888888888,1.0,0.3333333333333333,0.0,0.3333333333333333,0.2,0.3333333333333333,0.3333333333333333,0.0,0.3333333333333333,0.6666666666666666,0.0,0.6797020484171322,0.0,0.4666666666666667,0.5777777777777778,0.2333333333333333,0.3202979515828678,0.22704788430015813,0.2738518064911206,0.21390184321563402
0.1663031624863686,0.3333333333333333,0.0,0.6923076923076923,0.3333333333333333,0.3888888888888889,1.0,0.3333333333333333,1.0,0.0,0.8,0.6666666666666666,0.0,0.6666666666666666,0.0,0.3333333333333333,0.6666666666666666,0.1024208566108007,0.0,0.3333333333333333,0.34444444444444444,0.19999999999999998,0.8975791433891993,0.4544729245543032,0.45750153092467843,0.5137908061292472
0.1668484187568157,0.3333333333333333,0.0,0.5384615384615385,0.5,0.6111111111111112,0.0,1.0,1.0,0.0,0.6000000000000001,0.3333333333333333,0.0833333333333333,0.6666666666666666,0.6666666666666666,0.3333333333333333,0.6666666666666666,0.0999856754046698,0.0,0.2,0.7222222222222223,0.2583333333333333,0.9000143245953303,0.2734235606423256,0.9618799755052053,0.6654469669792789
0.1673936750272628,0.3333333333333333,1.0,0.1538461538461538,0.1666666666666666,0.4444444444444445,1.0,1.0,0.5,0.0,0.8,0.3333333333333333,0.3333333333333333,0.0,0.6666666666666666,0.3333333333333333,0.0,0.5590889557370005,0.0,0.2,0.5555555555555556,0.2333333333333333,0.44091104426299954,0.1339483876582967,0.36247585849545433,0.2944498539435248
0.1679389312977099,0.3333333333333333,0.0,0.6923076923076923,0.5,0.1111111111111111,1.0,0.0,0.0,0.0,0.4,1.0,0.25,0.3333333333333333,0.6666666666666666,0.3333333333333333,0.3333333333333333,0.3648474430597335,0.0,0.4666666666666667,0.22222222222222224,0.27499999999999997,0.6351525569402665,0.45023717307106487,0.2088652315229168,0.49991287859375805
0.168484187568157,0.0,0.0,0.6153846153846154,0.1666666666666666,0.2222222222222222,0.0,0.0,1.0,0.6666666666666666,0.2,1.0,0.25,0.3333333333333333,1.0,0.0,0.3333333333333333,0.8305400372439479,0.0,0.8,0.11111111111111108,0.27499999999999997,0.16945996275605213,0.20592715087688757,0.027862829148805866,0.13337774816788805
0.1690294438386041,0.6666666666666666,0.5,1.0,0.3333333333333333,0.2777777777777777,1.0,1.0,1.0,0.3333333333333333,1.0,0.3333333333333333,0.25,0.6666666666666666,1.0,0.6666666666666666,0.6666666666666666,0.2667239650479874,0.0,0.4666666666666667,0.5888888888888889,0.375,0.7332760349520127,0.519793434585201,0.6390008950021198,0.7870137856813407
0.1701199563794983,1.0,1.0,0.7692307692307693,0.6666666666666666,0.3888888888888889,0.5,0.6666666666666666,1.0,1.0,0.2,0.3333333333333333,0.0,0.0,1.0,1.0,0.0,0.579286635152557,0.0,0.9333333333333333,0.6111111111111112,0.0,0.42071336484744304,0.5964576352321684,0.3804583352960572,0.0
0.1706652126499454,0.6666666666666666,1.0,0.6153846153846154,0.5,0.4999999999999999,1.0,0.3333333333333333,0.0,0.3333333333333333,0.2,0.3333333333333333,0.0833333333333333,1.0,0.0,0.6666666666666666,1.0,0.2280475576564962,0.0,0.4666666666666667,0.43333333333333335,0.3583333333333333,0.7719524423435038,0.5472097712404079,0.495009185548071,0.7917012589897333
0.1712104689203926,0.6666666666666666,0.5,0.2307692307692307,0.6666666666666666,0.2222222222222222,0.0,1.0,1.0,0.3333333333333333,0.4,0.3333333333333333,0.1666666666666666,0.6666666666666666,0.3333333333333333,0.6666666666666666,0.6666666666666666,0.2675834407677983,0.0,0.4666666666666667,0.7111111111111111,0.3166666666666666,0.7324165592322017,0.5191841826595297,0.7707192990720242,0.6638104511522233
0.1717557251908397,0.6666666666666666,0.5,0.7692307692307693,0.6666666666666666,0.5555555555555556,0.5,0.6666666666666666,1.0,0.3333333333333333,0.8,0.3333333333333333,0.0,0.3333333333333333,0.3333333333333333,0.6666666666666666,0.3333333333333333,0.2609941269159146,0.0,0.4666666666666667,0.6444444444444445,0.09999999999999999,0.7390058730840854,0.523855114089676,0.7047482217721042,0.21151027520114798
0.1723009814612868,0.3333333333333333,0.0,0.5384615384615385,0.1666666666666666,0.7222222222222221,0.5,0.3333333333333333,1.0,0.0,0.2,0.0,0.0833333333333333,0.3333333333333333,0.3333333333333333,0.3333333333333333,0.3333333333333333,0.189371150265005,0.0,0.06666666666666667,0.3444444444444444,0.1583333333333333,0.8106288497349949,0.08208944398508781,0.41318243911630304,0.3673482635507951
0.1728462377317339,0.3333333333333333,1.0,1.0,0.5,0.0555555555555555,0.0,0.3333333333333333,0.5,0.0,0.0,1.0,0.0833333333333333,0.6666666666666666,0.3333333333333333,0.3333333333333333,0.6666666666666666,0.3449362555507806,0.0,0.4666666666666667,0.34444444444444444,0.2583333333333333,0.6550637444492193,0.4643515093491159,0.3338899618446465,0.48433693776798376
0.173391494002181,0.6666666666666666,0.5,0.3076923076923077,0.6666666666666666,0.8333333333333333,1.0,1.0,0.5,0.3333333333333333,1.0,0.6666666666666666,0.1666666666666666,0.6666666666666666,0.6666666666666666,0.6666666666666666,0.6666666666666666,0.3380604497922934,0.0,0.6,0.8333333333333334,0.3166666666666666,0.6619395502077066,0.6032899603986247,0.8162772622356209,0.5999350860110353
0.1739367502726281,0.3333333333333333,1.0,0.1538461538461538,0.5,0.3888888888888889,0.5,0.6666666666666666,0.0,0.0,1.0,0.3333333333333333,0.0833333333333333,1.0,0.0,0.3333333333333333,1.0,0.3710070190517118,0.0,0.2,0.5444444444444445,0.3583333333333333,0.6289929809482881,0.19108751468732318,0.506757266004051,0.6450844735987973
0.1744820065430752,0.6666666666666666,1.0,0.7692307692307693,0.3333333333333333,0.1111111111111111,0.5,0.0,0.0,0.3333333333333333,1.0,0.6666666666666666,0.25,0.3333333333333333,0.3333333333333333,0.6666666666666666,0.3333333333333333,0.4102564102564102,0.0,0.6,0.15555555555555556,0.27499999999999997,0.5897435897435899,0.5374907524261283,0.13575297941495126,0.46417260288013124
0.1755725190839694,0.6666666666666666,1.0,0.8461538461538463,0.6666666666666666,0.0555555555555555,1.0,1.0,0.0,0.3333333333333333,1.0,0.0,0.25,1.0,0.3333333333333333,0.6666666666666666,1.0,0.6680991261996849,0.0,0.3333333333333333,0.6777777777777778,0.475,0.3319008738003151,0.16805198949765723,0.3328866173630411,0.4512171372930866
0.1761177753544165,0.6666666666666666,1.0,0.7692307692307693,0.6666666666666666,0.1111111111111111,0.0,0.0,0.5,0.3333333333333333,0.0,1.0,0.0,0.6666666666666666,0.0,0.6666666666666666,0.6666666666666666,0.4363271737573413,0.0,0.7333333333333333,0.28888888888888886,0.19999999999999998,0.5636728262426587,0.6278921333971597,0.24096754439681564,0.32265669041152056
0.1766630316248637,0.3333333333333333,1.0,0.6923076923076923,0.1666666666666666,0.3333333333333333,0.0,0.3333333333333333,1.0,0.0,1.0,0.6666666666666666,0.3333333333333333,0.3333333333333333,0.6666666666666666,0.3333333333333333,0.3333333333333333,0.5108150694742873,0.0,0.3333333333333333,0.2666666666666666,0.3333333333333333,0.48918493052571266,0.24768991978182978,0.19303782561590271,0.4666974153982815
0.1772082878953108,0.6666666666666666,0.0,1.0,0.6666666666666666,0.9444444444444444,1.0,0.6666666666666666,1.0,0.3333333333333333,0.0,0.0,0.1666666666666666,0.3333333333333333,0.3333333333333333,0.6666666666666666,0.3333333333333333,0.4351812061309268,0.0,0.3333333333333333,0.7222222222222222,0.21666666666666662,0.5648187938690732,0.28598575510973784,0.6036436007348438,0.3502553852986897
0.1777535441657579,0.6666666666666666,1.0,0.0,0.3333333333333333,0.2777777777777777,0.0,1.0,0.0,0.3333333333333333,0.4,0.6666666666666666,0.0,1.0,1.0,0.6666666666666666,1.0,0.396218306832832,0.0,0.6,0.5888888888888889,0.3,0.603781693167168,0.5502850428652247,0.5261552593150878,0.5184236150258802
0.178298800436205,0.3333333333333333,1.0,0.1538461538461538,0.5,0.8888888888888888,0.0,0.6666666666666666,1.0,0.0,1.0,1.0,0.0833333333333333,0.6666666666666666,0.0,0.3333333333333333,0.6666666666666666,0.2707348517404383,0.0,0.4666666666666667,0.6444444444444445,0.2583333333333333,0.7292651482595617,0.5169502589320684,0.6954590418766782,0.5391995080202941
0.1788440567066521,0.6666666666666666,0.5,1.0,0.3333333333333333,0.0,1.0,0.6666666666666666,0.5,0.3333333333333333,0.6000000000000001,0.0,0.25,0.6666666666666666,0.3333333333333333,0.6666666666666666,0.6666666666666666,0.5272883541039965,0.0,0.3333333333333333,0.4,0.375,0.47271164589600345,0.23934897079942555,0.27980592585614017,0.5073540716445447
0.1793893129770992,0.3333333333333333,0.0,0.6153846153846154,0.1666666666666666,0.4444444444444445,1.0,1.0,0.0,0.0,0.4,0.0,0.0833333333333333,0.0,0.3333333333333333,0.3333333333333333,0.0,0.2859189227904312,0.0,0.06666666666666667,0.5555555555555556,0.058333333333333307,0.7140810772095688,0.07231240117788705,0.587050732488577,0.1192196655221305
0.1799345692475463,0.6666666666666666,0.5,0.9230769230769232,0.5,1.0,0.5,0.0,0.5,0.3333333333333333,0.4,0.0,0.0833333333333333,1.0,1.0,0.6666666666666666,1.0,0.5632430883827532,0.0,0.3333333333333333,0.4,0.3583333333333333,0.43675691161724683,0.22114394302043894,0.25852371755617315,0.4479304395360358
0.1804798255179934,0.3333333333333333,0.0,0.5384615384615385,0.3333333333333333,0.4444444444444445,0.0,0.3333333333333333,1.0,0.0,0.2,1.0,0.0833333333333333,0.0,0.6666666666666666,0.3333333333333333,0.0,0.1809196390201977,0.0,0.4666666666666667,0.35555555555555557,0.058333333333333307,0.8190803609798023,0.5806170851647156,0.43095765226812377,0.13674985906831338
0.1815703380588877,0.6666666666666666,1.0,0.3076923076923077,0.3333333333333333,0.7222222222222221,0.0,0.6666666666666666,1.0,0.3333333333333333,1.0,0.3333333333333333,0.25,0.0,0.0,0.6666666666666666,0.0,0.3622690159003008,0.0,0.4666666666666667,0.5444444444444445,0.175,0.6377309840996992,0.4520649288480787,0.5137971642564417,0.3194178240147594
0.1821155943293348,1.0,1.0,0.8461538461538463,0.5,0.3888888888888889,0.5,0.6666666666666666,1.0,1.0,0.4,0.6666666666666666,0.0,1.0,0.0,1.0,1.0,0.6272740295086664,0.0,1.0666666666666667,0.5444444444444445,0.3,0.3727259704913336,0.6039137183225263,0.3002920533232842,0.3200327986470558
0.1826608505997819,0.3333333333333333,1.0,0.6923076923076923,0.5,0.4999999999999999,0.0,1.0,1.0,0.0,0.6000000000000001,1.0,0.25,1.0,1.0,0.3333333333333333,1.0,0.3245953301819224,0.0,0.4666666666666667,0.7000000000000001,0.475,0.6754046698180776,0.4787704715900024,0.6996208017334777,0.9182083739045763
0.183206106870229,0.3333333333333333,0.0,0.6923076923076923,0.1666666666666666,0.3333333333333333,1.0,0.3333333333333333,1.0,0.0,0.6000000000000001,0.6666666666666666,0.1666666666666666,0.3333333333333333,1.0,0.3333333333333333,0.3333333333333333,0.2786133791720384,0.0,0.3333333333333333,0.2666666666666666,0.21666666666666662,0.7213866208279616,0.36526103543815364,0.2846672005275801,0.4473462136353541
0.1837513631406761,0.6666666666666666,1.0,0.0769230769230769,0.3333333333333333,0.4999999999999999,0.0,0.6666666666666666,1.0,0.3333333333333333,0.2,0.3333333333333333,0.0,0.0,0.3333333333333333,0.6666666666666666,0.0,0.2074201403810342,0.0,0.4666666666666667,0.5,0.0,0.7925798596189658,0.5618318174565183,0.5864265862734938,0.0
0.1842966194111232,1.0,0.0,0.0769230769230769,0.6666666666666666,0.4444444444444445,0.5,0.6666666666666666,0.0,1.0,0.8,0.6666666666666666,0.0833333333333333,0.6666666666666666,1.0,1.0,0.6666666666666666,0.6504798739435611,0.0,1.0666666666666667,0.6222222222222222,0.2583333333333333,0.3495201260564389,0.5663141709096711,0.32182392010928446,0.25842600659389464
0.1848418756815703,0.3333333333333333,0.5,0.7692307692307693,0.5,0.5555555555555556,1.0,1.0,0.0,0.0,1.0,0.0,0.3333333333333333,0.0,0.0,0.3333333333333333,0.0,0.4954877524709927,0.0,0.06666666666666667,0.7111111111111112,0.2333333333333333,0.5045122475290074,0.051090125767004654,0.5308964152809836,0.33692410188079747
0.1853871319520174,0.3333333333333333,1.0,0.5384615384615385,0.1666666666666666,0.6666666666666665,0.0,0.6666666666666666,1.0,0.0,0.6000000000000001,0.0,0.1666666666666666,0.3333333333333333,0.0,0.3333333333333333,0.3333333333333333,0.2501074344649763,0.0,0.06666666666666667,0.4666666666666666,0.21666666666666662,0.7498925655350237,0.0759389007354541,0.5178529370201139,0.4650233177881412
0.1859323882224645,0.3333333333333333,1.0,0.0769230769230769,0.3333333333333333,0.9444444444444444,0.5,0.0,0.0,0.0,0.2,0.3333333333333333,0.0833333333333333,0.6666666666666666,0.3333333333333333,0.3333333333333333,0.6666666666666666,0.320870935396075,0.0,0.2,0.3222222222222222,0.2583333333333333,0.679129064603925,0.20631881282910483,0.32382354326628665,0.5021302037957601
0.1864776444929116,0.3333333333333333,0.5,0.5384615384615385,0.5,0.8333333333333333,1.0,1.0,1.0,0.0,0.2,1.0,0.3333333333333333,0.0,0.6666666666666666,0.3333333333333333,0.0,0.6219739292364991,0.0,0.4666666666666667,0.7666666666666667,0.2333333333333333,0.3780260707635009,0.26796930530774477,0.4288732394366197,0.2524539196091494
0.1875681570338059,0.0,0.5,0.7692307692307693,0.1666666666666666,0.4444444444444445,0.5,0.6666666666666666,0.0,0.6666666666666666,0.8,0.6666666666666666,0.3333333333333333,0.6666666666666666,0.0,0.0,0.6666666666666666,0.8222317719524423,0.0,0.6666666666666666,0.4222222222222222,0.4333333333333333,0.17776822804755765,0.18001943803762854,0.11106976305996513,0.2204752387297357
0.188113413304253,0.3333333333333333,0.0,0.1538461538461538,0.5,0.1111111111111111,1.0,1.0,0.0,0.0,0.4,0.3333333333333333,0.0,0.0,0.0,0.3333333333333333,0.0,0.3278899871078642,0.0,0.2,0.6222222222222223,0.0,0.6721100128921358,0.20418643108925538,0.6188515709642471,0.0
0.1886586695747001,0.6666666666666666,0.0,0.4615384615384615,0.3333333333333333,0.0555555555555555,0.5,0.3333333333333333,1.0,0.3333333333333333,1.0,0.6666666666666666,0.3333333333333333,0.3333333333333333,0.0,0.6666666666666666,0.3333333333333333,0.7013321873657069,0.0,0.6,0.2777777777777778,0.3333333333333333,0.2986678126342931,0.27220505679098306,0.12276838287248575,0.28493824629734027
0.1892039258451472,0.3333333333333333,0.0,0.4615384615384615,0.3333333333333333,0.8333333333333333,0.0,0.6666666666666666,0.0,0.0,0.8,0.3333333333333333,0.0833333333333333,1.0,1.0,0.3333333333333333,1.0,0.2882108580432603,0.0,0.2,0.5666666666666667,0.3583333333333333,0.7117891419567397,0.21624091561860828,0.5968698478496396,0.7299988042159926
0.1897491821155943,0.3333333333333333,0.5,0.5384615384615385,0.5,0.2777777777777777,0.0,0.0,0.5,0.0,0.8,1.0,0.3333333333333333,0.6666666666666666,0.6666666666666666,0.3333333333333333,0.6666666666666666,0.3761638733705773,0.0,0.4666666666666667,0.25555555555555554,0.4333333333333333,0.6238361266294228,0.44221535604972656,0.2359154929577465,0.7737064179435933
0.1902944383860414,0.6666666666666666,0.5,0.8461538461538463,0.6666666666666666,0.4444444444444445,1.0,0.6666666666666666,0.0,0.3333333333333333,0.4,0.3333333333333333,0.3333333333333333,1.0,1.0,0.6666666666666666,1.0,0.5834407677983097,0.0,0.4666666666666667,0.6222222222222222,0.5333333333333333,0.41655923220169033,0.29528409997533983,0.3835508031466391,0.6358564375886162
0.1908396946564885,1.0,0.0,0.1538461538461538,0.8333333333333333,0.4999999999999999,0.5,0.3333333333333333,1.0,1.0,0.2,0.3333333333333333,0.1666666666666666,0.6666666666666666,0.3333333333333333,1.0,0.6666666666666666,0.8680704770090245,0.0,0.9333333333333333,0.5666666666666667,0.3166666666666666,0.1319295229909755,0.18704034118107835,0.11062932780630268,0.11957156767283346
0.1913849509269356,0.0,0.5,0.8461538461538463,0.0,0.4444444444444445,0.0,1.0,0.0,0.6666666666666666,0.8,0.6666666666666666,0.25,0.3333333333333333,1.0,0.0,0.3333333333333333,0.9829537315570837,0.0,0.6666666666666666,0.48888888888888893,0.27499999999999997,0.017046268442916346,0.017262137894019033,0.012332187102548298,0.013416696561266737
0.1919302071973827,0.6666666666666666,0.0,0.5384615384615385,0.5,0.3888888888888889,1.0,0.6666666666666666,0.0,0.3333333333333333,0.2,0.0,0.3333333333333333,0.3333333333333333,1.0,0.6666666666666666,0.3333333333333333,0.4059590316573557,0.0,0.3333333333333333,0.5444444444444445,0.3333333333333333,0.5940409683426443,0.3007818733046114,0.4785976729944887,0.5667332889184988
0.193020719738277,0.3333333333333333,1.0,0.7692307692307693,0.3333333333333333,0.3888888888888889,0.5,0.6666666666666666,0.0,0.0,0.6000000000000001,0.0,0.0,0.0,1.0,0.3333333333333333,0.0,0.1378026070763501,0.0,0.06666666666666667,0.4777777777777778,0.0,0.8621973929236499,0.08731160334798439,0.6095835884874464,0.0
0.1935659760087241,1.0,0.0,0.6923076923076923,0.5,0.1111111111111111,0.0,0.6666666666666666,1.0,1.0,0.4,0.6666666666666666,0.25,1.0,1.0,1.0,1.0,0.8579000143245954,0.0,1.0666666666666667,0.4888888888888889,0.475,0.1420999856754046,0.230239203910817,0.10280276979603366,0.19318403115871463
0.1941112322791712,0.6666666666666666,0.5,0.7692307692307693,0.6666666666666666,0.7777777777777777,1.0,0.3333333333333333,0.0,0.3333333333333333,0.8,0.6666666666666666,0.0833333333333333,0.3333333333333333,0.0,0.6666666666666666,0.3333333333333333,0.3018192236069331,0.0,0.6,0.5555555555555556,0.1583333333333333,0.698180776393067,0.6363201183689456,0.5739789910028735,0.31639078221356703
0.1946564885496183,0.6666666666666666,0.0,0.1538461538461538,0.6666666666666666,0.4444444444444445,0.0,1.0,0.0,0.3333333333333333,0.0,0.6666666666666666,0.25,0.6666666666666666,0.6666666666666666,0.6666666666666666,0.6666666666666666,0.3114167024781549,0.0,0.6,0.7555555555555556,0.375,0.6885832975218451,0.6275730014360938,0.7698808234019504,0.7390457643622202
0.1952017448200654,0.3333333333333333,0.5,0.5384615384615385,0.5,0.2222222222222222,1.0,0.3333333333333333,1.0,0.0,0.8,0.6666666666666666,0.0833333333333333,0.6666666666666666,0.3333333333333333,0.3333333333333333,0.6666666666666666,0.1350809339636155,0.0,0.3333333333333333,0.3777777777777778,0.2583333333333333,0.8649190660363845,0.43793608657179733,0.4835178293843328,0.6394984540221049
0.1957470010905125,0.6666666666666666,0.0,0.6923076923076923,0.6666666666666666,0.2222222222222222,1.0,0.3333333333333333,0.5,0.3333333333333333,0.0,1.0,0.25,1.0,1.0,0.6666666666666666,1.0,0.5479157713794586,0.0,0.7333333333333333,0.4444444444444445,0.475,0.45208422862054143,0.5035902345619913,0.29732912525319133,0.6146056475170399
0.1962922573609596,0.3333333333333333,0.0,0.6923076923076923,0.1666666666666666,0.8333333333333333,0.0,1.0,0.0,0.0,1.0,0.6666666666666666,0.25,0.6666666666666666,0.6666666666666666,0.3333333333333333,0.6666666666666666,0.4354676980375304,0.0,0.3333333333333333,0.6333333333333333,0.375,0.5645323019624696,0.2858406951274352,0.529080503085402,0.6059037564700458
0.1968375136314067,0.6666666666666666,1.0,0.5384615384615385,0.6666666666666666,0.4444444444444445,1.0,0.0,0.5,0.3333333333333333,0.2,0.0,0.0833333333333333,0.3333333333333333,1.0,0.6666666666666666,0.3333333333333333,0.2458100558659217,0.0,0.3333333333333333,0.35555555555555557,0.1583333333333333,0.7541899441340782,0.3818704034118108,0.39681567666870793,0.34177215189873417
0.1973827699018538,0.3333333333333333,1.0,0.8461538461538463,0.1666666666666666,1.0,1.0,0.0,1.0,0.0,0.8,0.0,0.25,0.3333333333333333,1.0,0.3333333333333333,0.3333333333333333,0.634722819080361,0.0,0.06666666666666667,0.26666666666666666,0.27499999999999997,0.365277180919639,0.036990295487183945,0.14414244665316311,0.2875006405985753
0.1984732824427481,0.6666666666666666,0.5,0.3076923076923077,0.5,0.4444444444444445,1.0,0.6666666666666666,0.5,0.3333333333333333,0.6000000000000001,0.3333333333333333,0.0833333333333333,1.0,0.6666666666666666,0.6666666666666666,1.0,0.2311989686291362,0.0,0.4666666666666667,0.5555555555555556,0.3583333333333333,0.7688010313708638,0.5449758475129465,0.6320363653492863,0.788469225644442
0.1990185387131952,0.6666666666666666,1.0,0.4615384615384615,0.3333333333333333,0.0,0.5,1.0,1.0,0.3333333333333333,1.0,0.3333333333333333,0.0,0.0,0.6666666666666666,0.6666666666666666,0.0,0.4828821085804326,0.0,0.4666666666666667,0.5333333333333333,0.0,0.5171178914195673,0.36656657527887776,0.40812096660228925,0.0
0.1995637949836423,0.6666666666666666,0.5,0.1538461538461538,0.3333333333333333,0.7777777777777777,0.5,1.0,0.0,0.3333333333333333,0.4,0.3333333333333333,0.0833333333333333,0.3333333333333333,0.6666666666666666,0.6666666666666666,0.3333333333333333,0.2386477582008308,0.0,0.4666666666666667,0.6888888888888889,0.1583333333333333,0.7613522417991692,0.5396956641571289,0.7761317066277261,0.3450178513469652
0.2001090512540894,0.3333333333333333,1.0,1.0,0.3333333333333333,1.0,1.0,0.3333333333333333,1.0,0.0,0.6000000000000001,0.0,0.25,1.0,1.0,0.3333333333333333,1.0,0.6148116315714082,0.0,0.06666666666666667,0.4666666666666667,0.475,0.38518836842859183,0.03900662924119123,0.2659993405247538,0.5236611489776046
0.2006543075245365,0.6666666666666666,0.0,0.6923076923076923,0.3333333333333333,1.0,0.0,0.6666666666666666,1.0,0.3333333333333333,1.0,0.3333333333333333,0.1666666666666666,1.0,0.6666666666666666,0.6666666666666666,1.0,0.6448932817647902,0.0,0.4666666666666667,0.6000000000000001,0.41666666666666663,0.3551067182352098,0.2517225872898443,0.31529040463516883,0.4234783648507831
0.2011995637949836,0.3333333333333333,0.0,0.6153846153846154,0.5,0.7222222222222221,0.0,0.0,1.0,0.0,0.4,0.0,0.3333333333333333,0.6666666666666666,0.0,0.3333333333333333,0.6666666666666666,0.3944993553932101,0.0,0.06666666666666667,0.34444444444444444,0.4333333333333333,0.6055006446067899,0.061316854519343746,0.3086273493805643,0.7509660226515656
0.2017448200654307,0.3333333333333333,0.5,0.8461538461538463,0.5,0.0,0.5,0.0,1.0,0.0,0.8,0.0,0.3333333333333333,0.0,1.0,0.3333333333333333,0.0,0.8596189657642171,0.0,0.06666666666666667,0.2,0.2333333333333333,0.14038103423578285,0.01421587826566285,0.04154694050591173,0.09374946616785391
0.2022900763358778,0.3333333333333333,0.0,0.3076923076923077,0.1666666666666666,0.3333333333333333,0.5,0.0,0.5,0.0,1.0,0.0,0.25,0.6666666666666666,0.3333333333333333,0.3333333333333333,0.6666666666666666,0.3257412978083369,0.0,0.06666666666666667,0.1333333333333333,0.375,0.6742587021916631,0.06827973366987249,0.13303499929341933,0.7236713985548097
0.2033805888767721,0.6666666666666666,0.0,0.7692307692307693,0.6666666666666666,0.2777777777777777,0.0,1.0,1.0,0.3333333333333333,0.8,0.6666666666666666,0.3333333333333333,0.0,0.6666666666666666,0.6666666666666666,0.0,0.6832831972496778,0.0,0.6,0.7222222222222223,0.2333333333333333,0.3167168027503222,0.2886548587841071,0.3384874464176362,0.2115102752011479
0.2039258451472192,0.3333333333333333,0.0,0.2307692307692307,0.3333333333333333,0.3333333333333333,0.0,1.0,0.0,0.0,1.0,0.0,0.0833333333333333,0.6666666666666666,1.0,0.3333333333333333,0.6666666666666666,0.1173184357541899,0.0,0.06666666666666667,0.6,0.2583333333333333,0.8826815642458101,0.08938596109491274,0.7837109614206981,0.6526315789473685
0.2044711014176663,0.6666666666666666,0.0,0.1538461538461538,0.5,0.2222222222222222,0.0,0.0,0.0,0.3333333333333333,0.6000000000000001,0.6666666666666666,0.3333333333333333,0.3333333333333333,0.3333333333333333,0.6666666666666666,0.3333333333333333,0.4708494485030797,0.0,0.6,0.24444444444444446,0.3333333333333333,0.5291505514969204,0.4822664171634972,0.19140797965047818,0.5048258426006595
0.2050163576881134,0.6666666666666666,1.0,0.2307692307692307,0.3333333333333333,0.7222222222222221,0.0,0.0,1.0,0.3333333333333333,0.4,0.0,0.3333333333333333,0.6666666666666666,0.0,0.6666666666666666,0.6666666666666666,0.4623979372582725,0.0,0.3333333333333333,0.2777777777777778,0.4333333333333333,0.5376020627417275,0.27220505679098306,0.22098308917047435,0.666755496335776
0.2055616139585605,0.6666666666666666,0.5,0.0,0.5,0.1666666666666666,0.0,0.6666666666666666,0.0,0.3333333333333333,0.4,0.0,0.25,0.6666666666666666,0.3333333333333333,0.6666666666666666,0.6666666666666666,0.2151554218593324,0.0,0.3333333333333333,0.5,0.375,0.7848445781406677,0.3973918215181978,0.5807032832446183,0.8423615025880186
0.2061068702290076,0.6666666666666666,0.5,0.5384615384615385,0.3333333333333333,0.0555555555555555,0.5,0.3333333333333333,0.0,0.3333333333333333,0.8,0.6666666666666666,0.3333333333333333,0.6666666666666666,0.3333333333333333,0.6666666666666666,0.6666666666666666,0.5735567970204841,0.0,0.6,0.2777777777777778,0.4333333333333333,0.4264432029795159,0.3886592105835763,0.17529087568891613,0.5288918498778592
0.2066521264994547,0.3333333333333333,1.0,0.6923076923076923,0.3333333333333333,0.6666666666666665,0.0,0.6666666666666666,0.5,0.0,0.4,1.0,0.0,0.3333333333333333,0.6666666666666666,0.3333333333333333,0.3333333333333333,0.0456954591032803,0.0,0.4666666666666667,0.5333333333333333,0.09999999999999999,0.9543045408967197,0.676472721470328,0.7531584153751942,0.273130733357249
0.2071973827699018,1.0,0.5,0.3846153846153846,0.5,0.1666666666666666,0.5,0.3333333333333333,0.5,1.0,0.2,1.0,0.0833333333333333,1.0,1.0,1.0,1.0,0.7792579859618965,0.0,1.2,0.3666666666666667,0.3583333333333333,0.22074201403810345,0.40236737891117974,0.1197724810400867,0.2263892447769863
0.2077426390403489,0.6666666666666666,0.5,0.0769230769230769,0.6666666666666666,0.7777777777777777,1.0,0.0,1.0,0.3333333333333333,0.6000000000000001,0.0,0.0,0.3333333333333333,0.6666666666666666,0.6666666666666666,0.3333333333333333,0.4165592322016903,0.0,0.3333333333333333,0.4222222222222222,0.09999999999999999,0.5834407677983098,0.2954146539594122,0.36453436337086065,0.16698611182288733
0.208287895310796,0.3333333333333333,1.0,0.3076923076923077,0.5,0.1666666666666666,1.0,0.3333333333333333,0.0,0.0,0.6000000000000001,1.0,0.3333333333333333,1.0,0.0,0.3333333333333333,1.0,0.6352958028935682,0.0,0.4666666666666667,0.3666666666666667,0.5333333333333333,0.36470419710643176,0.25852590045984014,0.19788496867492583,0.5567023693605972
0.2093784078516903,0.6666666666666666,1.0,0.5384615384615385,0.5,0.2777777777777777,0.0,0.0,0.5,0.3333333333333333,1.0,0.0,0.0,0.0,1.0,0.6666666666666666,0.0,0.0621687437329895,0.0,0.3333333333333333,0.25555555555555554,0.0,0.9378312562670105,0.47485385206783,0.35465872156012995,0.0
0.2099236641221374,0.6666666666666666,0.5,0.8461538461538463,0.5,0.8333333333333333,0.0,0.0,0.0,0.3333333333333333,1.0,1.0,0.1666666666666666,0.0,0.6666666666666666,0.6666666666666666,0.0,0.3579716373012462,0.0,0.7333333333333333,0.3666666666666667,0.11666666666666661,0.6420283626987537,0.7151747247486835,0.3483583776908945,0.21438015681853118
0.2104689203925845,0.3333333333333333,0.0,0.4615384615384615,0.1666666666666666,0.1666666666666666,0.5,1.0,0.5,0.0,1.0,0.3333333333333333,0.25,0.3333333333333333,0.3333333333333333,0.3333333333333333,0.3333333333333333,0.4023778828248102,0.0,0.2,0.5,0.27499999999999997,0.5976221171751899,0.18155707385003703,0.4421781525272034,0.47037359708912013
0.2110141766630316,0.0,0.5,0.3076923076923077,0.1666666666666666,0.3333333333333333,1.0,0.0,0.5,0.6666666666666666,0.8,0.6666666666666666,0.25,1.0,0.6666666666666666,0.0,1.0,0.9583154275891708,0.0,0.6666666666666666,0.1333333333333333,0.475,0.041684572410829235,0.04221245485008034,0.008224598426680451,0.05666991236611468
0.2115594329334787,0.6666666666666666,0.0,0.0,0.3333333333333333,0.6111111111111112,0.0,0.3333333333333333,0.0,0.3333333333333333,0.0,0.3333333333333333,0.0,0.3333333333333333,1.0,0.6666666666666666,0.3333333333333333,0.0817934393353387,0.0,0.4666666666666667,0.3888888888888889,0.09999999999999999,0.9182065606646613,0.6508841405921348,0.5284045409581234,0.2627991595346692
0.2121046892039258,0.6666666666666666,0.0,0.4615384615384615,0.5,0.4444444444444445,1.0,1.0,1.0,0.3333333333333333,0.0,1.0,0.1666666666666666,0.3333333333333333,0.3333333333333333,0.6666666666666666,0.3333333333333333,0.1824953445065177,0.0,0.7333333333333333,0.688888888888889,0.21666666666666662,0.8175046554934823,0.9106430509015477,0.8333741579914269,0.506950921607817
0.2126499454743729,1.0,0.5,0.0,0.5,0.0,1.0,1.0,1.0,1.0,0.0,1.0,0.25,1.0,1.0,1.0,1.0,0.9630425440481308,0.0,1.2,0.6000000000000001,0.475,0.03695745595186917,0.06736585578136524,0.03281360403221991,0.050243427458617075
0.21319520174482,0.3333333333333333,0.5,0.9230769230769232,0.5,0.0,0.0,0.0,1.0,0.0,0.2,1.0,0.0833333333333333,0.3333333333333333,0.6666666666666666,0.3333333333333333,0.3333333333333333,0.3930668958601919,0.0,0.4666666666666667,0.2,0.1583333333333333,0.606933104139808,0.43023340151152495,0.1796269254321918,0.2750405712431028
0.2137404580152672,0.6666666666666666,0.0,0.4615384615384615,0.3333333333333333,0.8333333333333333,1.0,1.0,0.0,0.3333333333333333,0.4,0.6666666666666666,0.3333333333333333,0.6666666666666666,1.0,0.6666666666666666,0.6666666666666666,0.553072625698324,0.0,0.6,0.7,0.4333333333333333,0.44692737430167595,0.40732843030593147,0.4629516227801591,0.5542971352431711
0.2148309705561614,0.6666666666666666,0.0,0.0,0.3333333333333333,0.6666666666666665,0.0,0.6666666666666666,1.0,0.3333333333333333,0.2,0.3333333333333333,0.0833333333333333,0.0,0.6666666666666666,0.6666666666666666,0.0,0.2730267869932674,0.0,0.4666666666666667,0.5333333333333333,0.058333333333333307,0.7269732130067326,0.5153255871302783,0.5737434641292571,0.12137207673516795
0.2153762268266085,0.3333333333333333,1.0,0.6153846153846154,0.1666666666666666,1.0,1.0,0.3333333333333333,0.5,0.0,0.6000000000000001,1.0,0.1666666666666666,0.0,0.0,0.3333333333333333,0.0,0.6887265434751468,0.0,0.4666666666666667,0.39999999999999997,0.11666666666666661,0.31127345652485316,0.2206507390806098,0.18424796269254318,0.10393754590956453
0.2159214830970556,0.6666666666666666,1.0,0.3846153846153846,0.5,0.9444444444444444,0.0,1.0,1.0,0.3333333333333333,0.8,0.0,0.1666666666666666,1.0,1.0,0.6666666666666666,1.0,0.402521128778112,0.0,0.3333333333333333,0.788888888888889,0.41666666666666663,0.5974788712218879,0.30252259309224355,0.6974916387959865,0.7125164420300996
0.2164667393675027,0.6666666666666666,1.0,1.0,0.6666666666666666,1.0,0.0,0.3333333333333333,0.0,0.3333333333333333,0.4,0.3333333333333333,0.3333333333333333,1.0,0.0,0.6666666666666666,1.0,0.8392780403953589,0.0,0.4666666666666667,0.6000000000000001,0.5333333333333333,0.16072195960464108,0.11393011010052649,0.14270102218663142,0.24533387997745085
0.2170119956379498,0.6666666666666666,0.0,0.0,0.6666666666666666,0.0,0.0,1.0,1.0,0.3333333333333333,0.6000000000000001,0.6666666666666666,0.25,0.3333333333333333,0.6666666666666666,0.6666666666666666,0.3333333333333333,0.6666666666666666,0.0,0.6,0.6666666666666667,0.27499999999999997,0.33333333333333337,0.30379912093650724,0.3288426209430496,0.2623584277148568
0.2175572519083969,0.3333333333333333,0.0,0.0769230769230769,0.1666666666666666,0.4999999999999999,1.0,1.0,1.0,0.0,1.0,0.6666666666666666,0.0833333333333333,0.3333333333333333,1.0,0.3333333333333333,0.3333333333333333,0.1605787136513393,0.0,0.3333333333333333,0.5666666666666667,0.1583333333333333,0.8394212863486608,0.42502574814685873,0.7038956144896132,0.38039597533268416
0.218102508178844,0.3333333333333333,0.0,0.9230769230769232,0.3333333333333333,0.4999999999999999,0.5,0.6666666666666666,0.5,0.0,0.2,1.0,0.3333333333333333,0.6666666666666666,1.0,0.3333333333333333,0.6666666666666666,0.3121329322446641,0.0,0.4666666666666667,0.5,0.4333333333333333,0.6878670677553359,0.4876046245122358,0.5089500211974186,0.8531201421274706
0.2186477644492911,0.3333333333333333,0.0,0.0,0.1666666666666666,0.7222222222222221,0.0,0.3333333333333333,0.5,0.0,0.2,1.0,0.0833333333333333,0.3333333333333333,1.0,0.3333333333333333,0.3333333333333333,0.189371150265005,0.0,0.4666666666666667,0.3444444444444444,0.1583333333333333,0.8106288497349949,0.5746261078956149,0.41318243911630304,0.3673482635507951
0.2202835332606325,0.6666666666666666,0.0,0.3846153846153846,0.3333333333333333,0.1666666666666666,1.0,0.3333333333333333,0.0,0.3333333333333333,1.0,0.3333333333333333,0.0833333333333333,0.6666666666666666,0.0,0.6666666666666666,0.6666666666666666,0.2161581435324452,0.0,0.4666666666666667,0.3,0.2583333333333333,0.7838418564675548,0.5556377562121937,0.34797682415563613,0.579552093476144
0.2208287895310796,1.0,0.0,1.0,0.8333333333333333,0.5555555555555556,0.5,1.0,0.0,1.0,0.6000000000000001,0.6666666666666666,0.0833333333333333,0.3333333333333333,1.0,1.0,0.3333333333333333,0.8838275318722246,0.0,1.0666666666666667,0.8444444444444446,0.1583333333333333,0.11617246812777537,0.18822983303596033,0.1451693438221301,0.05264524505030833
0.2213740458015267,0.6666666666666666,0.5,0.1538461538461538,0.5,0.1111111111111111,0.0,0.6666666666666666,1.0,0.3333333333333333,0.4,1.0,0.1666666666666666,0.6666666666666666,0.6666666666666666,0.6666666666666666,0.6666666666666666,0.2481019911187509,0.0,0.7333333333333333,0.4888888888888889,0.3166666666666666,0.7518980088812491,0.8375618318174565,0.5439634462292147,0.6814670561506003
0.2219193020719738,0.3333333333333333,1.0,0.3846153846153846,0.5,0.3888888888888889,0.0,0.6666666666666666,0.0,0.0,0.2,0.0,0.3333333333333333,0.6666666666666666,0.3333333333333333,0.3333333333333333,0.6666666666666666,0.3505228477295516,0.0,0.06666666666666667,0.5444444444444445,0.4333333333333333,0.6494771522704483,0.06577019597603609,0.5232606340383438,0.805507439484788
0.2224645583424209,0.6666666666666666,0.5,0.6923076923076923,0.3333333333333333,0.5555555555555556,0.5,1.0,0.5,0.3333333333333333,0.0,0.0,0.0833333333333333,0.0,0.3333333333333333,0.6666666666666666,0.0,0.2228907033376307,0.0,0.3333333333333333,0.6444444444444445,0.058333333333333307,0.7771092966623693,0.3934752019960253,0.7410853078336237,0.12974256478586918
0.223009814612868,0.3333333333333333,1.0,0.4615384615384615,0.5,0.5555555555555556,0.0,0.0,1.0,0.0,1.0,0.0,0.0,0.3333333333333333,1.0,0.3333333333333333,0.3333333333333333,0.0342357828391347,0.0,0.06666666666666667,0.3111111111111111,0.09999999999999999,0.9657642171608654,0.09779944006846832,0.444618210937868,0.27641059806282997
0.2235550708833151,0.3333333333333333,1.0,0.3846153846153846,0.1666666666666666,0.3333333333333333,0.0,0.6666666666666666,0.5,0.0,0.8,1.0,0.0,0.0,0.0,0.3333333333333333,0.0,0.2216014897579143,0.0,0.4666666666666667,0.39999999999999997,0.0,0.7783985102420857,0.5517791606829424,0.4607470912431108,0.0
0.2241003271537622,0.6666666666666666,1.0,0.4615384615384615,0.3333333333333333,0.5555555555555556,1.0,0.6666666666666666,0.0,0.3333333333333333,0.4,0.0,0.0833333333333333,1.0,0.3333333333333333,0.6666666666666666,1.0,0.3079787995989113,0.0,0.3333333333333333,0.5111111111111112,0.3583333333333333,0.6920212004010887,0.35039238725212873,0.5234019501625136,0.7097251405046209
0.2246455834242094,0.6666666666666666,1.0,0.0,0.3333333333333333,0.1666666666666666,1.0,0.0,0.5,0.3333333333333333,0.6000000000000001,0.3333333333333333,0.0,0.6666666666666666,0.6666666666666666,0.6666666666666666,0.6666666666666666,0.2280475576564962,0.0,0.4666666666666667,0.16666666666666666,0.19999999999999998,0.7719524423435038,0.5472097712404079,0.19038814828771958,0.44187977245938603
0.2257360959651036,0.0,1.0,0.1538461538461538,0.1666666666666666,0.4444444444444445,0.0,0.0,1.0,0.6666666666666666,0.6000000000000001,0.6666666666666666,0.0,0.6666666666666666,0.0,0.0,0.6666666666666666,0.8014611087236786,0.0,0.6666666666666666,0.15555555555555556,0.19999999999999998,0.1985388912763214,0.2010531354715174,0.04570163455650288,0.113647312048378
0.2262813522355507,0.6666666666666666,0.0,0.7692307692307693,0.5,0.6111111111111112,1.0,0.3333333333333333,0.5,0.3333333333333333,0.0,1.0,0.0,1.0,0.3333333333333333,0.6666666666666666,1.0,0.286778398510242,0.0,0.7333333333333333,0.4555555555555556,0.3,0.713221601489758,0.79447901707356,0.48080220453153716,0.6123917388407729
0.2268266085059978,0.6666666666666666,0.0,0.0,0.6666666666666666,0.9444444444444444,0.0,0.3333333333333333,0.0,0.3333333333333333,0.2,1.0,0.0833333333333333,0.0,1.0,0.6666666666666666,0.0,0.5290073055436184,0.0,0.7333333333333333,0.5888888888888889,0.058333333333333307,0.4709926944563816,0.5246529439923407,0.4104385510386735,0.07863475631630192
0.2273718647764449,0.3333333333333333,0.5,0.6923076923076923,0.5,0.8888888888888888,0.5,1.0,1.0,0.0,0.4,0.6666666666666666,0.1666666666666666,0.6666666666666666,1.0,0.3333333333333333,0.6666666666666666,0.2397937258272453,0.0,0.3333333333333333,0.7777777777777779,0.3166666666666666,0.7602062741727547,0.38491666304016703,0.8749587827971174,0.6889970788704965
0.227917121046892,0.3333333333333333,0.0,1.0,0.1666666666666666,0.3888888888888889,0.0,0.0,0.5,0.0,0.2,0.6666666666666666,0.0833333333333333,0.0,0.6666666666666666,0.3333333333333333,0.0,0.2694456381607219,0.0,0.3333333333333333,0.14444444444444443,0.058333333333333307,0.730554361839278,0.36990295487183944,0.15615431720759335,0.12196996873878947
0.2284623773173391,0.6666666666666666,0.0,0.3846153846153846,0.5,0.6111111111111112,1.0,0.6666666666666666,0.5,0.3333333333333333,0.8,0.0,0.25,0.0,0.6666666666666666,0.6666666666666666,0.0,0.3182925082366423,0.0,0.3333333333333333,0.5888888888888889,0.175,0.6817074917633577,0.34517022788923213,0.5940623675161335,0.34144416542817607
0.2290076335877862,0.6666666666666666,0.5,0.2307692307692307,0.3333333333333333,0.4444444444444445,0.5,0.0,1.0,0.3333333333333333,0.4,0.0,0.25,0.6666666666666666,0.6666666666666666,0.6666666666666666,0.6666666666666666,0.244807334192809,0.0,0.3333333333333333,0.22222222222222224,0.375,0.755192665807191,0.3823781133498702,0.24833953554100527,0.8105365653666788
0.2295528898582333,0.3333333333333333,0.0,0.5384615384615385,0.5,0.0,0.5,0.0,0.0,0.0,0.4,0.3333333333333333,0.0,0.0,0.3333333333333333,0.3333333333333333,0.0,0.4831686004870362,0.0,0.2,0.2,0.0,0.5168313995129639,0.1570129248444232,0.15296057280135666,0.0
0.2300981461286805,0.6666666666666666,1.0,0.0769230769230769,0.3333333333333333,0.1666666666666666,0.0,0.6666666666666666,0.0,0.3333333333333333,0.8,0.0,0.1666666666666666,0.3333333333333333,0.0,0.6666666666666666,0.3333333333333333,0.3376307119323879,0.0,0.3333333333333333,0.43333333333333335,0.21666666666666662,0.6623692880676121,0.33537867908380115,0.42473974280465404,0.41074838996224733
0.2306434023991276,0.3333333333333333,0.5,0.0769230769230769,0.5,0.4444444444444445,0.0,1.0,1.0,0.0,1.0,0.6666666666666666,0.0,0.6666666666666666,0.6666666666666666,0.3333333333333333,0.6666666666666666,0.2157284056725397,0.0,0.3333333333333333,0.688888888888889,0.19999999999999998,0.7842715943274603,0.39710170155359237,0.7994959724904613,0.448931481576385
0.2317339149400218,0.0,0.0,0.4615384615384615,0.1666666666666666,0.5555555555555556,0.5,0.3333333333333333,0.0,0.6666666666666666,0.4,1.0,0.1666666666666666,1.0,0.0,0.0,1.0,0.901876521988254,0.0,0.8,0.31111111111111106,0.41666666666666663,0.09812347801174603,0.11923930545280459,0.04517405435960236,0.11701600642306823
0.2322791712104689,0.6666666666666666,1.0,0.9230769230769232,0.5,0.2222222222222222,0.0,0.0,0.0,0.3333333333333333,1.0,0.3333333333333333,0.0,0.0,0.6666666666666666,0.6666666666666666,0.0,0.0658931385188368,0.0,0.4666666666666667,0.24444444444444446,0.0,0.9341068614811632,0.6621553012170532,0.3378915634273871,0.0
0.232824427480916,0.3333333333333333,0.5,0.0,0.1666666666666666,0.3333333333333333,0.0,1.0,0.5,0.0,0.2,0.3333333333333333,0.0833333333333333,0.0,0.3333333333333333,0.3333333333333333,0.0,0.2975218450078785,0.0,0.2,0.5333333333333333,0.058333333333333307,0.7024781549921215,0.21341224596370598,0.5544114183428329,0.11728249543039679
0.2333696837513631,0.3333333333333333,0.0,0.0,0.5,0.8333333333333333,0.0,0.6666666666666666,0.5,0.0,0.0,0.0,0.0833333333333333,0.3333333333333333,0.0,0.3333333333333333,0.3333333333333333,0.1814926228334049,0.0,0.06666666666666667,0.6333333333333333,0.1583333333333333,0.8185073771665952,0.08288727388775259,0.7671063168307504,0.37091853294384936
0.2339149400218102,0.6666666666666666,0.5,0.7692307692307693,0.3333333333333333,0.1111111111111111,0.0,0.0,0.5,0.3333333333333333,1.0,0.6666666666666666,0.3333333333333333,0.3333333333333333,0.6666666666666666,0.6666666666666666,0.3333333333333333,0.6262713078355536,0.0,0.6,0.15555555555555556,0.3333333333333333,0.3737286921644464,0.34061534444492797,0.08602854585708229,0.35654862570252316
0.2344601962922573,0.3333333333333333,0.5,0.9230769230769232,0.1666666666666666,0.8333333333333333,0.0,1.0,1.0,0.0,0.6000000000000001,0.6666666666666666,0.0,0.0,0.3333333333333333,0.3333333333333333,0.0,0.3790287924366137,0.0,0.3333333333333333,0.6333333333333333,0.0,0.6209712075633863,0.3144175116410636,0.581975128362146,0.0
0.2350054525627044,0.6666666666666666,0.5,0.3846153846153846,0.5,0.2777777777777777,0.0,1.0,0.5,0.3333333333333333,0.0,0.0,0.25,1.0,0.6666666666666666,0.6666666666666666,1.0,0.3402091390918206,0.0,0.3333333333333333,0.6555555555555557,0.475,0.6597908609081794,0.334073139243077,0.6400537001271845,0.8969814995131452
0.2355507088331516,0.6666666666666666,0.5,0.9230769230769232,0.3333333333333333,0.2777777777777777,0.5,1.0,0.5,0.3333333333333333,0.6000000000000001,1.0,0.0,0.0,1.0,0.6666666666666666,0.0,0.2054146970348087,0.0,0.7333333333333333,0.5888888888888889,0.0,0.7945853029651913,0.8851124940162757,0.6924278110132366,0.0
0.2360959651035987,0.3333333333333333,0.0,0.5384615384615385,0.3333333333333333,0.7222222222222221,0.0,0.3333333333333333,0.5,0.0,0.8,0.6666666666666666,0.0,0.3333333333333333,0.0,0.3333333333333333,0.3333333333333333,0.0898152127202406,0.0,0.3333333333333333,0.4111111111111111,0.09999999999999999,0.9101847872797594,0.4608555637756212,0.553718969334401,0.2605032542407626
0.2366412213740458,0.6666666666666666,1.0,0.4615384615384615,0.6666666666666666,0.3333333333333333,0.0,1.0,0.5,0.3333333333333333,0.2,0.3333333333333333,0.0,0.6666666666666666,1.0,0.6666666666666666,0.6666666666666666,0.3056868643460822,0.0,0.4666666666666667,0.7333333333333334,0.19999999999999998,0.6943131356539178,0.4921740139547703,0.753455179235951,0.397437605698765
0.23773173391494,0.3333333333333333,1.0,0.5384615384615385,0.5,0.4444444444444445,1.0,0.6666666666666666,1.0,0.0,0.4,0.6666666666666666,0.1666666666666666,0.0,1.0,0.3333333333333333,0.0,0.3148546053573987,0.0,0.3333333333333333,0.5555555555555556,0.11666666666666661,0.6851453946426014,0.34691094767686437,0.5632625182533327,0.22877739626573732
0.2382769901853871,0.3333333333333333,0.0,0.6923076923076923,0.5,0.4999999999999999,0.5,0.6666666666666666,0.0,0.0,0.8,0.3333333333333333,0.25,0.0,0.3333333333333333,0.3333333333333333,0.0,0.3851883684285919,0.0,0.2,0.5666666666666667,0.175,0.6148116315714081,0.18677923321293352,0.5155494841961467,0.3079382975452263
0.2388222464558342,0.3333333333333333,0.5,0.6153846153846154,0.3333333333333333,0.5555555555555556,1.0,0.0,1.0,0.0,0.0,0.3333333333333333,0.0833333333333333,1.0,0.0,0.3333333333333333,1.0,0.2353531012748889,0.0,0.2,0.24444444444444446,0.3583333333333333,0.7646468987251112,0.23229905565951525,0.2765933393000142,0.7842088180529221
0.2393675027262813,0.3333333333333333,0.5,0.6923076923076923,0.5,0.4999999999999999,0.5,0.6666666666666666,0.0,0.0,0.8,0.0,0.1666666666666666,1.0,1.0,0.3333333333333333,1.0,0.2960893854748603,0.0,0.06666666666666667,0.5666666666666667,0.41666666666666663,0.7039106145251397,0.07128247530353801,0.590263319044703,0.8394403730846103
0.2399127589967284,1.0,1.0,0.4615384615384615,0.6666666666666666,0.6666666666666665,0.5,1.0,0.5,1.0,0.8,0.3333333333333333,0.25,1.0,0.3333333333333333,1.0,1.0,0.8286778398510243,0.0,0.9333333333333333,0.8,0.475,0.17132216014897572,0.2428884343676109,0.2028169014084506,0.23291139240506323
0.2404580152671755,1.0,1.0,0.3846153846153846,0.5,0.2777777777777777,0.0,1.0,1.0,1.0,0.0,1.0,0.0,0.0,0.3333333333333333,1.0,0.0,0.4870362412261854,0.0,1.2,0.6555555555555557,0.0,0.5129637587738146,0.9350276339266286,0.4976188233077394,0.0
0.2415485278080698,0.3333333333333333,1.0,0.9230769230769232,0.1666666666666666,0.4999999999999999,0.5,0.0,1.0,0.0,1.0,1.0,0.0833333333333333,1.0,1.0,0.3333333333333333,1.0,0.3697178054719954,0.0,0.4666666666666667,0.16666666666666663,0.3583333333333333,0.6302821945280046,0.44678474549226105,0.15544773658674452,0.6464066690582346
0.2420937840785169,0.3333333333333333,0.0,0.6153846153846154,0.5,0.4999999999999999,1.0,0.3333333333333333,1.0,0.0,0.2,0.0,0.0,1.0,1.0,0.3333333333333333,1.0,0.3665663944993554,0.0,0.06666666666666667,0.43333333333333335,0.3,0.6334336055006446,0.06414552417424606,0.40618493570116354,0.543883564802952
0.242639040348964,0.3333333333333333,0.5,0.1538461538461538,0.1666666666666666,0.1111111111111111,1.0,0.6666666666666666,0.0,0.0,0.2,0.6666666666666666,0.0,0.6666666666666666,0.6666666666666666,0.3333333333333333,0.6666666666666666,0.4098266723965048,0.0,0.3333333333333333,0.3555555555555555,0.19999999999999998,0.5901733276034953,0.29882356354352524,0.310518630175703,0.3378260646748322
0.2431842966194111,1.0,0.5,0.3846153846153846,0.8333333333333333,0.8888888888888888,0.5,1.0,0.0,1.0,0.2,0.0,0.0,0.0,1.0,1.0,0.0,0.9813780260707636,0.0,0.8,0.9111111111111112,0.0,0.01862197392923637,0.022629357239218256,0.025107164727495232,0.0
0.2437295528898582,0.6666666666666666,1.0,0.5384615384615385,0.3333333333333333,0.4444444444444445,1.0,0.3333333333333333,1.0,0.3333333333333333,0.6000000000000001,1.0,0.0833333333333333,0.6666666666666666,1.0,0.6666666666666666,0.6666666666666666,0.1869359690588741,0.0,0.7333333333333333,0.35555555555555557,0.2583333333333333,0.8130640309411259,0.9056965055050262,0.42779217108672096,0.6011582022241582
0.2442748091603053,0.3333333333333333,1.0,0.9230769230769232,0.5,0.1666666666666666,1.0,0.0,0.0,0.0,0.0,1.0,0.0,1.0,0.6666666666666666,0.3333333333333333,1.0,0.436613665663945,0.0,0.4666666666666667,0.23333333333333334,0.3,0.563386334336055,0.3993646372775142,0.1945287107258938,0.4837390457643623
0.2448200654307524,0.6666666666666666,0.0,0.3846153846153846,0.6666666666666666,0.5555555555555556,0.0,0.0,0.0,0.3333333333333333,0.6000000000000001,1.0,0.25,1.0,0.0,0.6666666666666666,1.0,0.4658358401375161,0.0,0.7333333333333333,0.37777777777777777,0.475,0.5341641598624839,0.5950215414073718,0.29861510198313623,0.726192794547225
0.2453653217011995,0.6666666666666666,0.0,1.0,0.6666666666666666,0.4999999999999999,0.5,0.6666666666666666,0.5,0.3333333333333333,0.4,0.0,0.1666666666666666,0.0,1.0,0.6666666666666666,0.0,0.4171322160148976,0.0,0.3333333333333333,0.6333333333333333,0.11666666666666661,0.5828677839851024,0.2951245339948068,0.5462645437844457,0.19462580501887625
0.2459105779716467,0.6666666666666666,0.5,0.6153846153846154,0.5,0.1111111111111111,0.5,0.6666666666666666,1.0,0.3333333333333333,0.0,0.6666666666666666,0.0,0.6666666666666666,0.6666666666666666,0.6666666666666666,0.6666666666666666,0.2316287064890417,0.0,0.6,0.4888888888888889,0.19999999999999998,0.7683712935109583,0.7002915705644284,0.5558811060341985,0.439829857018398
0.2464558342420938,0.6666666666666666,1.0,0.3076923076923077,0.3333333333333333,0.4999999999999999,0.5,0.3333333333333333,0.0,0.3333333333333333,0.0,0.3333333333333333,0.3333333333333333,1.0,0.6666666666666666,0.6666666666666666,1.0,0.5691161724681277,0.0,0.4666666666666667,0.36666666666666664,0.5333333333333333,0.43088382753187227,0.30543829873652756,0.23379339582646377,0.6577222022924889
0.2470010905125409,0.3333333333333333,0.5,0.3076923076923077,0.1666666666666666,0.0,1.0,0.0,0.5,0.0,0.8,0.6666666666666666,0.0,0.3333333333333333,0.0,0.3333333333333333,0.3333333333333333,0.4450651769087523,0.0,0.3333333333333333,0.06666666666666664,0.09999999999999999,0.5549348230912476,0.2809811857202953,0.054745866503368004,0.1588274483677548
0.247546346782988,0.3333333333333333,0.5,0.5384615384615385,0.1666666666666666,0.4999999999999999,0.5,1.0,0.0,0.0,0.6000000000000001,1.0,0.25,0.0,0.6666666666666666,0.3333333333333333,0.0,0.4250107434464976,0.0,0.4666666666666667,0.5666666666666667,0.175,0.5749892565535024,0.40758953827407635,0.4821564840548307,0.28799262030441247
0.2480916030534351,0.6666666666666666,0.0,0.7692307692307693,0.3333333333333333,0.6111111111111112,0.0,0.6666666666666666,1.0,0.3333333333333333,0.8,0.6666666666666666,0.1666666666666666,0.6666666666666666,0.6666666666666666,0.6666666666666666,0.6666666666666666,0.2300530010027216,0.0,0.6,0.5222222222222223,0.3166666666666666,0.7699469989972784,0.7017276643892248,0.5949997644731264,0.6978253813696851
0.2486368593238822,0.6666666666666666,0.5,0.4615384615384615,0.3333333333333333,0.7777777777777777,0.5,0.3333333333333333,1.0,0.3333333333333333,0.6000000000000001,1.0,0.25,0.3333333333333333,0.0,0.6666666666666666,0.3333333333333333,0.3101274888984386,0.0,0.7333333333333333,0.4222222222222222,0.27499999999999997,0.6898725111015613,0.7684697622466888,0.4310330208676809,0.5429816020089171
0.2491821155943293,0.0,1.0,0.0769230769230769,0.1666666666666666,0.8333333333333333,1.0,0.6666666666666666,1.0,0.6666666666666666,0.8,0.0,0.0833333333333333,0.3333333333333333,0.3333333333333333,0.0,0.3333333333333333,0.6397364274459246,0.0,0.39999999999999997,0.5,0.1583333333333333,0.3602635725540754,0.21889551329474738,0.26655753921522446,0.16325868224602402
0.2497273718647764,0.6666666666666666,1.0,0.6923076923076923,0.5,0.6666666666666665,1.0,0.3333333333333333,1.0,0.3333333333333333,0.4,0.0,0.0833333333333333,0.3333333333333333,1.0,0.6666666666666666,0.3333333333333333,0.1035668242372153,0.0,0.3333333333333333,0.4666666666666667,0.1583333333333333,0.8964331757627847,0.4538926846250924,0.6190494135380846,0.40623174294060366
0.2502726281352235,1.0,0.5,0.3846153846153846,0.5,0.1666666666666666,1.0,0.3333333333333333,0.5,1.0,0.4,0.3333333333333333,0.3333333333333333,0.3333333333333333,0.3333333333333333,1.0,0.3333333333333333,0.9134794442057012,0.0,0.9333333333333333,0.3666666666666667,0.3333333333333333,0.08652055579429885,0.12266272103514808,0.04694521644919687,0.08254326175711922
0.2508178844056706,0.3333333333333333,0.0,0.5384615384615385,0.5,0.7222222222222221,0.0,1.0,0.0,0.0,0.8,0.0,0.25,0.3333333333333333,0.6666666666666666,0.3333333333333333,0.3333333333333333,0.2396504798739435,0.0,0.06666666666666667,0.7444444444444445,0.27499999999999997,0.7603495201260565,0.07699783860626369,0.8376183522539923,0.5984523138420541
0.2519083969465649,0.3333333333333333,0.5,0.0769230769230769,0.1666666666666666,0.2222222222222222,0.0,0.6666666666666666,0.0,0.0,0.0,1.0,0.1666666666666666,0.0,1.0,0.3333333333333333,0.0,0.3661366566394499,0.0,0.4666666666666667,0.37777777777777777,0.11666666666666661,0.6338633433605501,0.4493232951825579,0.3543501813556927,0.21165376928201704
0.252453653217012,0.3333333333333333,0.5,0.7692307692307693,0.5,0.0,1.0,0.0,0.0,0.0,0.2,0.0,0.0833333333333333,0.0,1.0,0.3333333333333333,0.0,0.5368858329752184,0.0,0.06666666666666667,0.2,0.058333333333333307,0.4631141670247816,0.04689789227845714,0.13706250883225776,0.07731939390833459
0.2529989094874591,0.3333333333333333,1.0,1.0,0.5,0.2222222222222222,1.0,0.6666666666666666,0.5,0.0,0.4,0.3333333333333333,0.0,0.3333333333333333,0.3333333333333333,0.3333333333333333,0.3333333333333333,0.0837988826815642,0.0,0.2,0.5111111111111111,0.09999999999999999,0.9162011173184358,0.27834109404238655,0.6929577464788732,0.26222518321119254
0.2535441657579062,0.6666666666666666,0.5,0.2307692307692307,0.5,0.4999999999999999,0.0,0.3333333333333333,1.0,0.3333333333333333,0.0,0.6666666666666666,0.25,0.6666666666666666,0.3333333333333333,0.6666666666666666,0.6666666666666666,0.1824953445065177,0.0,0.6,0.43333333333333335,0.375,0.8175046554934823,0.7450715871012663,0.524219228413962,0.8774150566289142
0.2540894220283533,0.3333333333333333,0.0,0.0,0.5,1.0,0.0,1.0,0.5,0.0,1.0,0.0,0.3333333333333333,0.3333333333333333,0.6666666666666666,0.3333333333333333,0.3333333333333333,0.6477582008308265,0.0,0.06666666666666667,0.8,0.3333333333333333,0.35224179916917353,0.03567024964822955,0.4169956192001508,0.33604947129264257
0.2546346782988004,0.6666666666666666,1.0,0.0769230769230769,0.6666666666666666,0.5555555555555556,1.0,0.6666666666666666,0.0,0.3333333333333333,1.0,0.3333333333333333,0.3333333333333333,0.6666666666666666,0.3333333333333333,0.6666666666666666,0.6666666666666666,0.477009024495058,0.0,0.4666666666666667,0.6444444444444445,0.4333333333333333,0.522990975504942,0.3707297967709648,0.49874699703236136,0.6486342438374417
0.2551799345692475,0.6666666666666666,0.0,0.6153846153846154,0.5,0.0,0.0,0.0,1.0,0.3333333333333333,1.0,0.6666666666666666,0.3333333333333333,0.0,1.0,0.6666666666666666,0.0,0.7824093969345366,0.0,0.6,0.2,0.2333333333333333,0.2175906030654634,0.19831150180599677,0.06439775778416316,0.14531167256017355
0.2557251908396947,0.6666666666666666,0.5,0.7692307692307693,0.6666666666666666,1.0,0.5,0.3333333333333333,0.0,0.3333333333333333,0.4,1.0,0.1666666666666666,0.0,0.6666666666666666,0.6666666666666666,0.0,0.7286921644463543,0.0,0.7333333333333333,0.6000000000000001,0.11666666666666661,0.2713078355536457,0.30221796712940807,0.24088746525978622,0.0905925963887323
0.2562704471101418,0.3333333333333333,0.0,0.6153846153846154,0.3333333333333333,0.8888888888888888,0.0,0.0,1.0,0.0,0.4,0.3333333333333333,0.0,0.3333333333333333,1.0,0.3333333333333333,0.3333333333333333,0.1920928233777395,0.0,0.2,0.3111111111111111,0.09999999999999999,0.8079071766222605,0.24544149005613827,0.3719440388148288,0.23123046174345313
0.257360959651036,0.3333333333333333,0.5,0.6153846153846154,0.1666666666666666,0.2222222222222222,1.0,1.0,1.0,0.0,0.6000000000000001,1.0,0.25,0.3333333333333333,1.0,0.3333333333333333,0.3333333333333333,0.3717232488182209,0.0,0.4666666666666667,0.5111111111111111,0.27499999999999997,0.6282767511817791,0.44536315766569473,0.47518959913326103,0.4945011018295494
0.2579062159214831,0.6666666666666666,0.0,0.6923076923076923,0.6666666666666666,0.1111111111111111,0.0,0.0,0.5,0.3333333333333333,0.6000000000000001,0.6666666666666666,0.25,0.6666666666666666,0.6666666666666666,0.6666666666666666,0.6666666666666666,0.3765936112304827,0.0,0.6,0.28888888888888886,0.375,0.6234063887695174,0.5681709386831455,0.2665033680342927,0.6690923999385027
0.2584514721919302,0.3333333333333333,0.0,0.3076923076923077,0.1666666666666666,1.0,0.5,0.6666666666666666,1.0,0.0,0.0,0.0,0.3333333333333333,0.0,0.0,0.3333333333333333,0.0,0.9210714797306976,0.0,0.06666666666666667,0.5333333333333333,0.2333333333333333,0.07892852026930242,0.00799280502487779,0.06229214753403365,0.05271015903927298
0.2589967284623773,0.6666666666666666,1.0,0.5384615384615385,0.3333333333333333,0.8888888888888888,1.0,0.6666666666666666,0.0,0.3333333333333333,0.2,0.6666666666666666,0.1666666666666666,0.3333333333333333,0.6666666666666666,0.6666666666666666,0.3333333333333333,0.3016759776536312,0.0,0.6,0.5777777777777778,0.21666666666666662,0.6983240223463688,0.636450672353018,0.5970606246172689,0.4330446369087275
0.2595419847328244,0.3333333333333333,0.0,0.0,0.5,0.3333333333333333,0.5,1.0,0.0,0.0,1.0,0.6666666666666666,0.25,1.0,0.0,0.3333333333333333,1.0,0.3902019767941555,0.0,0.3333333333333333,0.6666666666666667,0.475,0.6097980232058444,0.30876017233125896,0.6015827405907014,0.8290165530671859
0.2600872410032716,0.3333333333333333,0.5,0.4615384615384615,0.1666666666666666,0.5555555555555556,0.5,0.6666666666666666,0.0,0.0,0.4,0.3333333333333333,0.1666666666666666,0.0,0.6666666666666666,0.3333333333333333,0.0,0.3584013751611516,0.0,0.2,0.4444444444444444,0.11666666666666661,0.6415986248388483,0.19491709822011402,0.42196994677092653,0.214236662737662
0.2606324972737187,0.3333333333333333,1.0,0.1538461538461538,0.5,0.1111111111111111,0.5,0.3333333333333333,0.0,0.0,0.4,0.3333333333333333,0.3333333333333333,0.3333333333333333,1.0,0.3333333333333333,0.3333333333333333,0.5162584156997565,0.0,0.2,0.35555555555555557,0.3333333333333333,0.4837415843002435,0.14696026807084728,0.2545197607046964,0.4615042962811117
0.2611777535441658,1.0,0.0,0.1538461538461538,0.5,0.8888888888888888,0.5,0.0,1.0,1.0,0.4,1.0,0.25,0.6666666666666666,0.0,1.0,0.6666666666666666,0.7901446784128348,0.0,1.2,0.37777777777777777,0.375,0.20985532158716524,0.38252317333217295,0.11731593574826892,0.22523445907856313
0.2617230098146129,1.0,1.0,0.7692307692307693,0.5,0.6111111111111112,0.0,0.0,0.0,1.0,0.2,0.0,0.25,0.3333333333333333,0.6666666666666666,1.0,0.3333333333333333,0.6549204984959175,0.0,0.8,0.32222222222222224,0.27499999999999997,0.3450795015040825,0.41933939684059357,0.1645414291770691,0.27160354635371287
0.26226826608506,0.6666666666666666,0.0,0.6153846153846154,0.6666666666666666,0.2222222222222222,1.0,0.6666666666666666,1.0,0.3333333333333333,0.6000000000000001,0.0,0.3333333333333333,1.0,0.6666666666666666,0.6666666666666666,1.0,0.6857183784558086,0.0,0.3333333333333333,0.5777777777777777,0.5333333333333333,0.31428162154419137,0.15913080058604231,0.268707899571341,0.4797348776029655
0.2633587786259542,0.3333333333333333,0.0,1.0,0.1666666666666666,0.3333333333333333,0.0,0.6666666666666666,1.0,0.0,0.4,0.6666666666666666,0.3333333333333333,0.6666666666666666,1.0,0.3333333333333333,0.6666666666666666,0.4913336198252399,0.0,0.3333333333333333,0.39999999999999997,0.4333333333333333,0.5086663801747602,0.2575539985784122,0.30108813415610725,0.6308683100155453
0.2639040348964013,0.3333333333333333,0.0,0.7692307692307693,0.3333333333333333,1.0,0.0,0.0,0.5,0.0,0.8,0.0,0.3333333333333333,1.0,0.6666666666666666,0.3333333333333333,1.0,0.7928663515255694,0.0,0.06666666666666667,0.33333333333333337,0.5333333333333333,0.2071336484744306,0.02097567344096784,0.10217155777474211,0.3161789576179983
0.2644492911668484,0.6666666666666666,1.0,0.9230769230769232,0.5,0.6111111111111112,1.0,0.6666666666666666,0.5,0.3333333333333333,0.8,1.0,0.25,0.0,0.0,0.6666666666666666,0.0,0.3182925082366423,0.0,0.7333333333333333,0.5888888888888889,0.175,0.6817074917633577,0.7593745013563107,0.5940623675161335,0.34144416542817607
0.2649945474372955,0.3333333333333333,0.5,0.2307692307692307,0.5,0.9444444444444444,0.0,0.0,1.0,0.0,1.0,0.3333333333333333,0.25,0.6666666666666666,0.6666666666666666,0.3333333333333333,0.6666666666666666,0.4182781836413121,0.0,0.2,0.3888888888888889,0.375,0.5817218163586879,0.17672657643935769,0.33476612181449905,0.6243529954389383
0.2655398037077426,1.0,0.0,0.6923076923076923,0.6666666666666666,0.7777777777777777,0.0,0.6666666666666666,0.5,1.0,0.2,1.0,0.0,0.6666666666666666,0.0,1.0,0.6666666666666666,0.7761065749892565,0.0,1.2,0.6888888888888889,0.19999999999999998,0.2238934250107435,0.40811175421036605,0.22823967214659197,0.1281607133705735
0.2660850599781897,1.0,0.5,0.7692307692307693,0.5,0.7777777777777777,1.0,0.3333333333333333,0.0,1.0,0.4,0.0,0.0,1.0,1.0,1.0,1.0,0.869216444635439,0.0,0.8,0.48888888888888893,0.3,0.130783555364561,0.15892771661081861,0.09461585566913187,0.11229436785732592
0.2666303162486368,0.3333333333333333,0.5,0.3846153846153846,0.5,0.6111111111111112,0.0,0.6666666666666666,0.5,0.0,0.8,0.6666666666666666,0.25,1.0,1.0,0.3333333333333333,1.0,0.338346941698897,0.0,0.3333333333333333,0.5888888888888889,0.475,0.661653058301103,0.3350160291280444,0.5765862734938055,0.8995131450827654
0.2671755725190839,0.6666666666666666,1.0,0.6923076923076923,0.3333333333333333,0.6666666666666665,0.0,0.0,1.0,0.3333333333333333,0.8,1.0,0.0833333333333333,1.0,1.0,0.6666666666666666,1.0,0.3728692164446354,0.0,0.7333333333333333,0.2666666666666666,0.3583333333333333,0.6271307835553646,0.6985798627732567,0.24747279664609725,0.6431746357129434
0.2682660850599782,0.3333333333333333,0.0,0.8461538461538463,0.5,0.2777777777777777,1.0,0.0,1.0,0.0,0.8,0.3333333333333333,0.0833333333333333,1.0,0.0,0.3333333333333333,1.0,0.3785990545767082,0.0,0.2,0.25555555555555554,0.3583333333333333,0.6214009454232918,0.18878106096871058,0.2349945828819068,0.6372982114487777
0.2688113413304253,0.6666666666666666,0.5,0.3846153846153846,0.6666666666666666,0.5555555555555556,0.5,0.6666666666666666,1.0,0.3333333333333333,0.8,0.3333333333333333,0.1666666666666666,0.0,0.6666666666666666,0.6666666666666666,0.0,0.4241512677266867,0.0,0.4666666666666667,0.6444444444444445,0.11666666666666661,0.5758487322733132,0.40819879019974753,0.5491544585237175,0.19228206836467987
0.2693565976008724,0.3333333333333333,1.0,0.8461538461538463,0.1666666666666666,0.8888888888888888,1.0,1.0,1.0,0.0,0.6000000000000001,0.0,0.1666666666666666,1.0,0.0,0.3333333333333333,1.0,0.4813064030941126,0.0,0.06666666666666667,0.6444444444444445,0.41666666666666663,0.5186935969058875,0.05252621959180121,0.4946488294314381,0.6185619843181469
0.2699018538713195,0.3333333333333333,1.0,0.0769230769230769,0.1666666666666666,0.1666666666666666,1.0,0.0,0.5,0.0,0.0,1.0,0.0,1.0,0.0,0.3333333333333333,1.0,0.4913336198252399,0.0,0.4666666666666667,0.09999999999999995,0.3,0.5086663801747602,0.3605755980097771,0.07527203353902677,0.43675498385691597
0.2704471101417666,0.6666666666666666,0.0,0.1538461538461538,0.6666666666666666,0.5555555555555556,1.0,0.0,0.5,0.3333333333333333,1.0,1.0,0.25,0.0,1.0,0.6666666666666666,0.0,0.4742873513823234,0.0,0.7333333333333333,0.37777777777777777,0.175,0.5257126486176766,0.585607148555928,0.2938904328983937,0.2633116383949163
0.2709923664122137,1.0,0.5,0.9230769230769232,0.5,0.2777777777777777,0.0,0.6666666666666666,0.5,1.0,0.4,0.6666666666666666,0.1666666666666666,0.0,1.0,1.0,0.0,0.7152270448359834,0.0,1.0666666666666667,0.5222222222222223,0.11666666666666661,0.2847729551640166,0.4614067917083713,0.22006688963210697,0.09508874425596606
0.2715376226826608,0.3333333333333333,0.0,0.6923076923076923,0.5,0.9444444444444444,0.5,0.0,0.5,0.0,0.8,0.6666666666666666,0.25,1.0,0.3333333333333333,0.3333333333333333,1.0,0.5281478298238075,0.0,0.3333333333333333,0.3888888888888889,0.475,0.4718521701761925,0.2389137908525175,0.2715389325922088,0.6414800389483934
0.2720828789531079,0.6666666666666666,0.5,0.0,0.5,0.3888888888888889,0.0,0.0,0.5,0.3333333333333333,0.4,0.3333333333333333,0.3333333333333333,1.0,0.6666666666666666,0.6666666666666666,1.0,0.5002148689299527,0.0,0.4666666666666667,0.2777777777777778,0.5333333333333333,0.4997851310700473,0.35427999477784067,0.2054383155117999,0.7628965305181162
0.272628135223555,0.6666666666666666,1.0,0.7692307692307693,0.6666666666666666,0.2222222222222222,0.0,0.6666666666666666,0.0,0.3333333333333333,0.6000000000000001,1.0,0.0833333333333333,0.0,0.0,0.6666666666666666,0.0,0.3591176049276608,0.0,0.7333333333333333,0.5777777777777777,0.058333333333333307,0.6408823950723392,0.7138981969044199,0.5479485609308021,0.1069987529681067
0.2731733914940022,1.0,0.0,0.6923076923076923,0.6666666666666666,0.2222222222222222,0.0,0.0,1.0,1.0,0.4,0.3333333333333333,0.3333333333333333,1.0,0.3333333333333333,1.0,1.0,0.9752184500787852,0.0,0.9333333333333333,0.3111111111111111,0.5333333333333333,0.02478154992121484,0.03513352771370978,0.011408921757972637,0.03782777293769983
0.2748091603053435,0.6666666666666666,0.0,0.2307692307692307,0.6666666666666666,0.9444444444444444,1.0,0.6666666666666666,0.5,0.3333333333333333,0.0,0.0,0.0833333333333333,1.0,0.3333333333333333,0.6666666666666666,1.0,0.5808623406388769,0.0,0.3333333333333333,0.7222222222222222,0.3583333333333333,0.4191376593611231,0.21222275410882402,0.44794856093080226,0.4298604349237261
0.2753544165757906,0.6666666666666666,0.5,0.0769230769230769,0.5,0.3333333333333333,0.5,0.6666666666666666,0.5,0.3333333333333333,0.4,1.0,0.3333333333333333,0.0,0.0,0.6666666666666666,0.0,0.5066609368285345,0.0,0.7333333333333333,0.5333333333333333,0.2333333333333333,0.4933390631714655,0.5495452369554811,0.3893541853125442,0.3294624096756009
0.2758996728462377,0.3333333333333333,0.5,0.6153846153846154,0.5,0.1666666666666666,0.5,0.0,1.0,0.0,0.2,0.6666666666666666,0.0833333333333333,1.0,1.0,0.3333333333333333,1.0,0.3966480446927374,0.0,0.3333333333333333,0.23333333333333334,0.3583333333333333,0.6033519553072626,0.3054963227294486,0.20832823025107167,0.6187874750166555
0.2764449291166848,0.6666666666666666,0.5,1.0,0.5,0.6111111111111112,0.0,0.6666666666666666,1.0,0.3333333333333333,1.0,0.3333333333333333,0.0833333333333333,0.6666666666666666,0.3333333333333333,0.6666666666666666,0.6666666666666666,0.0779257985961896,0.0,0.4666666666666667,0.5888888888888889,0.2583333333333333,0.9220742014038104,0.6536257742576556,0.8035258372980356,0.6817574608380738
0.2769901853871319,1.0,0.5,0.1538461538461538,0.5,0.8888888888888888,1.0,0.3333333333333333,1.0,1.0,0.0,0.6666666666666666,0.0,1.0,1.0,1.0,1.0,0.8662082796161008,0.0,1.0666666666666667,0.5111111111111112,0.3,0.1337917203838992,0.21677763755312826,0.10119176598049841,0.11487726131297087
0.2775354416575791,0.6666666666666666,0.5,0.6923076923076923,0.5,1.0,0.0,0.6666666666666666,1.0,0.3333333333333333,1.0,1.0,0.1666666666666666,1.0,0.3333333333333333,0.6666666666666666,1.0,0.5175476292794728,0.0,0.7333333333333333,0.6666666666666667,0.41666666666666663,0.48245237072052716,0.5374182224349768,0.4759527062037779,0.5753429337706486
0.2780806979280262,0.6666666666666666,1.0,0.6923076923076923,0.3333333333333333,0.0555555555555555,0.0,1.0,1.0,0.3333333333333333,1.0,1.0,0.0,1.0,0.6666666666666666,0.6666666666666666,1.0,0.6474717089242229,0.0,0.7333333333333333,0.5444444444444444,0.3,0.3525282910757771,0.3926918780915908,0.2840195016251354,0.3026905140162968
0.2786259541984733,1.0,1.0,0.4615384615384615,0.6666666666666666,0.2777777777777777,0.5,1.0,1.0,1.0,1.0,0.0,0.0,0.0,0.6666666666666666,1.0,0.0,0.5656782695888841,0.0,0.8,0.7222222222222223,0.0,0.4343217304111159,0.5277862396100788,0.46417636252296385,0.0
0.2791712104689204,0.0,0.5,0.9230769230769232,0.1666666666666666,0.3333333333333333,1.0,0.3333333333333333,1.0,0.6666666666666666,0.0,0.6666666666666666,0.3333333333333333,0.6666666666666666,0.3333333333333333,0.0,0.6666666666666666,0.8299670534307405,0.0,0.6666666666666666,0.2666666666666666,0.4333333333333333,0.1700329465692595,0.17218619899328377,0.06709689575580575,0.21088163446591168
0.2802617230098146,1.0,0.5,0.7692307692307693,0.6666666666666666,0.7777777777777777,0.0,0.6666666666666666,0.0,1.0,0.0,1.0,0.0,0.6666666666666666,0.3333333333333333,1.0,0.6666666666666666,0.7761065749892565,0.0,1.2,0.6888888888888889,0.19999999999999998,0.2238934250107435,0.40811175421036605,0.22823967214659197,0.1281607133705735
0.2808069792802617,0.3333333333333333,1.0,1.0,0.5,0.8333333333333333,0.5,1.0,0.0,0.0,0.4,0.0,0.0,1.0,0.3333333333333333,0.3333333333333333,1.0,0.4538031800601633,0.0,0.06666666666666667,0.7666666666666667,0.3,0.5461968199398367,0.0553113712520127,0.6196641386782231,0.46897965458924823
0.2813522355507089,0.6666666666666666,1.0,0.3846153846153846,0.5,1.0,0.0,0.3333333333333333,0.5,0.3333333333333333,0.4,1.0,0.0833333333333333,0.6666666666666666,0.6666666666666666,0.6666666666666666,0.6666666666666666,0.4254404813064031,0.0,0.7333333333333333,0.5333333333333334,0.2583333333333333,0.5745595186935969,0.6400191479176639,0.45345517923595086,0.4248142264131604
0.281897491821156,0.6666666666666666,0.5,0.3846153846153846,0.3333333333333333,0.8333333333333333,0.5,0.0,0.0,0.3333333333333333,0.2,0.6666666666666666,0.1666666666666666,0.3333333333333333,1.0,0.6666666666666666,0.3333333333333333,0.287637874230053,0.0,0.6,0.3,0.21666666666666662,0.7123621257699471,0.6492449627921145,0.3162442884733148,0.4417499444814568
0.2824427480916031,1.0,1.0,0.3076923076923077,0.5,0.3888888888888889,0.5,0.6666666666666666,1.0,1.0,0.2,0.3333333333333333,0.25,0.3333333333333333,0.6666666666666666,1.0,0.3333333333333333,0.6341498352671537,0.0,0.9333333333333333,0.5444444444444445,0.27499999999999997,0.36585016473284626,0.5186764727214702,0.29475246125582927,0.28795162199559265
0.2829880043620502,0.6666666666666666,0.0,1.0,0.6666666666666666,0.7222222222222221,0.5,0.0,0.5,0.3333333333333333,0.8,0.0,0.25,1.0,0.6666666666666666,0.6666666666666666,1.0,0.5274316000572984,0.0,0.3333333333333333,0.4111111111111111,0.475,0.4725683999427016,0.23927644080827418,0.2874911677422393,0.6424537487828627
0.2835332606324973,0.6666666666666666,0.5,0.2307692307692307,0.3333333333333333,0.2222222222222222,0.5,0.6666666666666666,0.0,0.3333333333333333,0.2,1.0,0.0,0.0,0.0,0.6666666666666666,0.0,0.2184500787852743,0.0,0.7333333333333333,0.4444444444444445,0.0,0.7815499212147257,0.8705919897877771,0.5140138489801687,0.0
0.2840785169029444,0.6666666666666666,1.0,0.6153846153846154,0.5,0.4999999999999999,0.0,0.3333333333333333,0.5,0.3333333333333333,1.0,0.3333333333333333,0.3333333333333333,0.0,0.3333333333333333,0.6666666666666666,0.0,0.4499355393210142,0.0,0.4666666666666667,0.43333333333333335,0.2333333333333333,0.5500644606789857,0.3899212324296096,0.3527250459277403,0.3673448470250601
0.2851690294438386,0.3333333333333333,0.0,0.6923076923076923,0.5,0.0,1.0,1.0,0.0,0.0,0.2,0.0,0.25,0.3333333333333333,1.0,0.3333333333333333,0.3333333333333333,0.5185503509525856,0.0,0.06666666666666667,0.6000000000000001,0.27499999999999997,0.4814496490474144,0.04875466005193147,0.4274671440011305,0.3789371188438477
0.2857142857142857,0.6666666666666666,1.0,0.8461538461538463,0.3333333333333333,0.3888888888888889,1.0,0.0,0.5,0.3333333333333333,0.4,0.0,0.1666666666666666,1.0,1.0,0.6666666666666666,1.0,0.4333190087380031,0.0,0.3333333333333333,0.2111111111111111,0.41666666666666663,0.5666809912619969,0.28692864499470533,0.1770314192849404,0.6757887903790636
0.2862595419847328,0.3333333333333333,1.0,0.7692307692307693,0.1666666666666666,0.6111111111111112,0.0,1.0,0.0,0.0,0.2,0.0,0.3333333333333333,1.0,0.6666666666666666,0.3333333333333333,1.0,0.6496203982237502,0.0,0.06666666666666667,0.5888888888888889,0.5333333333333333,0.3503796017762498,0.03548167167123605,0.3053323284186725,0.5348366046567247
0.2868047982551799,0.6666666666666666,0.5,1.0,0.3333333333333333,0.0555555555555555,1.0,1.0,0.0,0.3333333333333333,0.2,0.3333333333333333,0.0,0.0,0.3333333333333333,0.6666666666666666,0.0,0.4126915914625411,0.0,0.4666666666666667,0.5444444444444444,0.0,0.5873084085374589,0.41632214920869787,0.47317348909510576,0.0
0.287350054525627,0.3333333333333333,0.5,0.9230769230769232,0.1666666666666666,0.7777777777777777,1.0,0.3333333333333333,0.5,0.0,1.0,1.0,0.3333333333333333,0.3333333333333333,0.6666666666666666,0.3333333333333333,0.3333333333333333,0.5522131499785131,0.0,0.4666666666666667,0.3555555555555555,0.3333333333333333,0.4477868500214869,0.3174202532747291,0.23560224221583678,0.42720237790191157
0.2878953107960741,0.6666666666666666,0.5,0.4615384615384615,0.5,0.5555555555555556,1.0,1.0,0.5,0.3333333333333333,0.6000000000000001,0.3333333333333333,0.0833333333333333,0.0,0.0,0.6666666666666666,0.0,0.1580002864919066,0.0,0.4666666666666667,0.7111111111111112,0.058333333333333307,0.8419997135080934,0.596863803182616,0.8860332563945548,0.1405763678914911
0.2884405670665212,0.3333333333333333,0.0,0.7692307692307693,0.3333333333333333,0.0555555555555555,1.0,0.6666666666666666,0.5,0.0,1.0,0.0,0.0833333333333333,0.0,0.6666666666666666,0.3333333333333333,0.0,0.4837415843002435,0.0,0.06666666666666667,0.4111111111111111,0.058333333333333307,0.5162584156997565,0.052279617621886654,0.3140703754298365,0.0861921112420779
0.2889858233369684,1.0,0.5,1.0,0.6666666666666666,0.9444444444444444,0.5,0.0,0.5,1.0,0.6000000000000001,0.0,0.1666666666666666,0.0,0.3333333333333333,1.0,0.0,0.8885546483311847,0.0,0.8,0.45555555555555555,0.11666666666666661,0.1114453516688153,0.135427999477784,0.07512836214612084,0.03721279830540321
0.2895310796074155,1.0,1.0,0.9230769230769232,0.6666666666666666,0.4444444444444445,0.5,1.0,1.0,1.0,0.8,1.0,0.25,0.0,0.3333333333333333,1.0,0.0,0.7874230053001002,0.0,1.2,0.7555555555555556,0.175,0.21257699469989977,0.3874842247269247,0.23767487870366014,0.10647260800491981
0.2900763358778626,0.3333333333333333,1.0,0.7692307692307693,0.5,1.0,1.0,0.3333333333333333,0.0,0.0,0.8,0.0,0.3333333333333333,0.3333333333333333,0.6666666666666666,0.3333333333333333,0.3333333333333333,0.6477582008308265,0.0,0.06666666666666667,0.5333333333333334,0.3333333333333333,0.35224179916917353,0.03567024964822955,0.2779970794667672,0.33604947129264257
0.2906215921483097,0.6666666666666666,0.5,0.7692307692307693,0.3333333333333333,0.8333333333333333,0.0,0.0,0.0,0.3333333333333333,1.0,0.3333333333333333,0.1666666666666666,0.3333333333333333,0.3333333333333333,0.6666666666666666,0.3333333333333333,0.287637874230053,0.0,0.4666666666666667,0.3,0.21666666666666662,0.7123621257699471,0.5049683043938669,0.3162442884733148,0.4417499444814568
0.2911668484187568,0.3333333333333333,0.0,0.4615384615384615,0.1666666666666666,0.0,0.5,1.0,0.5,0.0,0.8,0.6666666666666666,0.1666666666666666,0.3333333333333333,0.3333333333333333,0.3333333333333333,0.3333333333333333,0.5598051855035096,0.0,0.3333333333333333,0.4666666666666667,0.21666666666666662,0.44019481449649045,0.2228846628080711,0.3039851147015874,0.27297357317343984
0.2917121046892039,0.6666666666666666,0.0,0.4615384615384615,0.6666666666666666,0.8888888888888888,0.0,0.0,1.0,0.3333333333333333,0.2,0.3333333333333333,0.0833333333333333,1.0,1.0,0.6666666666666666,1.0,0.4993553932101418,0.0,0.4666666666666667,0.4444444444444444,0.3583333333333333,0.5006446067898582,0.3548892467035119,0.32926656931555887,0.5134525700814841
0.292257360959651,0.3333333333333333,1.0,0.0,0.5,0.8333333333333333,0.0,0.3333333333333333,0.5,0.0,0.6000000000000001,0.6666666666666666,0.3333333333333333,1.0,0.3333333333333333,0.3333333333333333,1.0,0.5815785704053861,0.0,0.3333333333333333,0.5,0.5333333333333333,0.4184214295946139,0.21186010415306725,0.3095882990249187,0.6386989870001195
0.2928026172300981,0.3333333333333333,1.0,0.6153846153846154,0.1666666666666666,1.0,1.0,0.0,1.0,0.0,1.0,0.6666666666666666,0.3333333333333333,0.3333333333333333,0.6666666666666666,0.3333333333333333,0.3333333333333333,0.7891419567397222,0.0,0.3333333333333333,0.26666666666666666,0.3333333333333333,0.2108580432602778,0.106764146974774,0.08320693391115921,0.20116503527562812
0.2933478735005452,1.0,0.0,0.4615384615384615,0.6666666666666666,0.6666666666666665,0.0,0.0,0.5,1.0,0.4,0.0,0.1666666666666666,0.6666666666666666,0.3333333333333333,1.0,0.6666666666666666,0.6818507377166595,0.0,0.8,0.39999999999999997,0.3166666666666666,0.3181492622833405,0.3866138648331085,0.1883178670686325,0.28834793898085037
0.2938931297709923,0.3333333333333333,1.0,0.4615384615384615,0.1666666666666666,1.0,0.0,0.6666666666666666,0.5,0.0,0.8,0.6666666666666666,0.0833333333333333,0.6666666666666666,0.6666666666666666,0.3333333333333333,0.6666666666666666,0.5318722246096548,0.0,0.3333333333333333,0.5333333333333333,0.2583333333333333,0.4681277753903452,0.23702801108258262,0.3694568750294408,0.3461213891593638
0.2944383860414395,0.3333333333333333,1.0,0.5384615384615385,0.3333333333333333,1.0,1.0,0.6666666666666666,0.0,0.0,0.8,1.0,0.25,1.0,1.0,0.3333333333333333,1.0,0.6148116315714082,0.0,0.4666666666666667,0.6000000000000001,0.475,0.38518836842859183,0.2730464046883386,0.341999152103255,0.5236611489776046
0.2955288985823337,0.6666666666666666,0.0,0.5384615384615385,0.3333333333333333,0.3888888888888889,0.0,1.0,0.0,0.3333333333333333,1.0,0.3333333333333333,0.1666666666666666,0.6666666666666666,0.6666666666666666,0.6666666666666666,0.6666666666666666,0.2142959461395215,0.0,0.4666666666666667,0.6111111111111112,0.3166666666666666,0.7857040538604785,0.5569578020511481,0.7105256959819115,0.7121064589419018
0.2960741548527808,0.3333333333333333,0.5,1.0,0.3333333333333333,1.0,0.5,0.3333333333333333,0.5,0.0,0.8,1.0,0.0833333333333333,0.3333333333333333,0.6666666666666666,0.3333333333333333,0.3333333333333333,0.3707205271451081,0.0,0.4666666666666667,0.4666666666666667,0.1583333333333333,0.6292794728548918,0.44607395157897783,0.4345612134344528,0.28516715352158384
0.2966194111232279,0.3333333333333333,0.5,0.6153846153846154,0.5,0.0555555555555555,0.0,0.3333333333333333,1.0,0.0,1.0,0.3333333333333333,0.25,1.0,0.0,0.3333333333333333,1.0,0.5966193955020771,0.0,0.2,0.34444444444444444,0.475,0.4033806044979229,0.12254667304930589,0.2056055395920674,0.5483933787731256
0.297164667393675,0.3333333333333333,1.0,0.9230769230769232,0.1666666666666666,0.7777777777777777,1.0,0.3333333333333333,1.0,0.0,0.2,0.3333333333333333,0.0,0.6666666666666666,1.0,0.3333333333333333,0.6666666666666666,0.2988110585875949,0.0,0.2,0.3555555555555555,0.19999999999999998,0.7011889414124051,0.21302058401148874,0.36892929483254033,0.401373443345462
0.2977099236641221,0.0,1.0,0.4615384615384615,0.1666666666666666,0.2222222222222222,0.0,0.3333333333333333,1.0,0.6666666666666666,0.8,0.6666666666666666,0.3333333333333333,0.6666666666666666,0.0,0.0,0.6666666666666666,0.8848302535453374,0.0,0.6666666666666666,0.2444444444444444,0.4333333333333333,0.1151697464546626,0.11662822577135638,0.04165999340524751,0.1428381079280479
0.2982551799345692,1.0,1.0,0.6153846153846154,0.8333333333333333,0.8888888888888888,0.0,0.3333333333333333,0.5,1.0,0.4,1.0,0.1666666666666666,0.0,0.3333333333333333,1.0,0.0,0.9720670391061452,0.0,1.2,0.6444444444444445,0.11666666666666661,0.027932960893854775,0.050916053788241475,0.02663808940600125,0.009327115256495674
0.2988004362050164,0.3333333333333333,0.0,0.3076923076923077,0.5,0.7222222222222221,0.0,1.0,0.0,0.0,0.8,1.0,0.0,0.3333333333333333,0.6666666666666666,0.3333333333333333,0.3333333333333333,0.1696032087093539,0.0,0.4666666666666667,0.7444444444444445,0.09999999999999999,0.8303967912906461,0.588638902186054,0.9147840218568939,0.23766719622815563
0.2993456924754635,1.0,0.0,0.9230769230769232,0.6666666666666666,0.9444444444444444,0.5,1.0,0.5,1.0,0.6000000000000001,0.0,0.0,0.0,0.6666666666666666,1.0,0.0,0.800315141097264,0.0,0.8,0.8555555555555556,0.0,0.19968485890273602,0.24265633839592674,0.25280983560224224,0.0
0.2998909487459106,0.6666666666666666,0.5,0.9230769230769232,0.5,0.8888888888888888,0.0,1.0,1.0,0.3333333333333333,1.0,1.0,0.1666666666666666,0.3333333333333333,0.0,0.6666666666666666,0.3333333333333333,0.2251826385904598,0.0,0.7333333333333333,0.7777777777777779,0.21666666666666662,0.7748173614095402,0.8630923887027284,0.8917754015733195,0.4804796802131911
0.3009814612868048,0.3333333333333333,0.0,0.0,0.3333333333333333,0.6111111111111112,0.5,0.6666666666666666,0.5,0.0,0.2,1.0,0.0833333333333333,0.0,0.6666666666666666,0.3333333333333333,0.0,0.1620111731843575,0.0,0.4666666666666667,0.5222222222222223,0.058333333333333307,0.8379888268156425,0.5940206275294835,0.6475811390079608,0.139906728847435
0.3015267175572519,0.6666666666666666,1.0,1.0,0.3333333333333333,0.2222222222222222,0.0,0.3333333333333333,0.5,0.3333333333333333,1.0,1.0,0.1666666666666666,0.6666666666666666,0.3333333333333333,0.6666666666666666,0.6666666666666666,0.2523993697178054,0.0,0.7333333333333333,0.3111111111111111,0.3166666666666666,0.7476006302821946,0.832774852401468,0.34418013095294175,0.6775722168127231
0.302071973827699,0.6666666666666666,1.0,0.6153846153846154,0.3333333333333333,0.7777777777777777,1.0,0.6666666666666666,0.5,0.3333333333333333,1.0,1.0,0.1666666666666666,0.0,0.3333333333333333,0.6666666666666666,0.0,0.3585446211144535,0.0,0.7333333333333333,0.5555555555555556,0.11666666666666661,0.6414553788855465,0.7145364608265518,0.52734467002685,0.21418883137737227
0.3026172300981461,0.3333333333333333,1.0,0.8461538461538463,0.3333333333333333,0.1111111111111111,1.0,0.3333333333333333,0.0,0.0,0.2,0.3333333333333333,0.0833333333333333,0.3333333333333333,1.0,0.3333333333333333,0.3333333333333333,0.241655923220169,0.0,0.2,0.28888888888888886,0.1583333333333333,0.7583440767798311,0.23038426389311983,0.3241886099203919,0.3436546575787082
0.3031624863685933,0.3333333333333333,1.0,0.7692307692307693,0.1666666666666666,0.1111111111111111,0.0,0.0,0.0,0.0,0.4,0.3333333333333333,0.25,0.6666666666666666,1.0,0.3333333333333333,0.6666666666666666,0.4268729408394213,0.0,0.2,0.08888888888888886,0.375,0.5731270591605787,0.17411549675790938,0.07538744170709875,0.615128375954492
0.3037077426390404,1.0,0.5,0.3076923076923077,0.6666666666666666,0.5555555555555556,0.0,0.3333333333333333,1.0,1.0,0.4,1.0,0.1666666666666666,0.0,0.6666666666666666,1.0,0.0,0.7347084944850308,0.0,1.2,0.5111111111111112,0.11666666666666661,0.26529150551496916,0.4835719570042211,0.20065005417118092,0.08858367925656396
0.3042529989094875,1.0,0.0,0.4615384615384615,0.6666666666666666,0.4999999999999999,1.0,0.3333333333333333,0.5,1.0,0.0,0.3333333333333333,0.25,0.6666666666666666,0.6666666666666666,1.0,0.6666666666666666,0.691734708494485,0.0,0.9333333333333333,0.5,0.375,0.30826529150551496,0.43703671468152083,0.22808422441000514,0.33085635217547277
0.3047982551799346,0.6666666666666666,1.0,0.2307692307692307,0.5,0.9444444444444444,0.0,0.0,1.0,0.3333333333333333,0.6000000000000001,0.3333333333333333,0.1666666666666666,0.3333333333333333,0.3333333333333333,0.6666666666666666,0.3333333333333333,0.2896433175762785,0.0,0.4666666666666667,0.3888888888888889,0.21666666666666662,0.7103566824237215,0.5035467165673005,0.4087922181920957,0.44050632911392396
0.3053435114503817,0.3333333333333333,0.5,1.0,0.1666666666666666,0.9444444444444444,0.0,0.6666666666666666,0.5,0.0,0.6000000000000001,0.6666666666666666,0.1666666666666666,1.0,0.0,0.3333333333333333,1.0,0.579286635152557,0.0,0.3333333333333333,0.5222222222222221,0.41666666666666663,0.42071336484744304,0.21302058401148874,0.32511894107117617,0.5017168041818274
0.3064340239912759,0.3333333333333333,1.0,0.3076923076923077,0.3333333333333333,0.8888888888888888,0.5,0.0,0.5,0.0,1.0,0.6666666666666666,0.1666666666666666,0.0,0.3333333333333333,0.3333333333333333,0.0,0.454805901733276,0.0,0.3333333333333333,0.3111111111111111,0.11666666666666661,0.545194098266724,0.27604914632200417,0.2509962786753969,0.18204615726267953
0.306979280261723,0.0,1.0,0.8461538461538463,0.1666666666666666,0.9444444444444444,0.0,0.3333333333333333,1.0,0.6666666666666666,0.4,1.0,0.25,0.6666666666666666,1.0,0.0,0.6666666666666666,0.8697894284486463,0.0,0.8,0.38888888888888884,0.375,0.13021057155135374,0.15823142869576576,0.07493287484101939,0.13975298518936102
0.3075245365321701,0.6666666666666666,1.0,0.7692307692307693,0.6666666666666666,0.1666666666666666,0.0,1.0,0.5,0.3333333333333333,0.8,1.0,0.0833333333333333,0.0,0.3333333333333333,0.6666666666666666,0.0,0.4016616530583011,0.0,0.7333333333333333,0.7000000000000001,0.058333333333333307,0.598338346941699,0.6665071006861337,0.6197913231899761,0.09989579596508308
0.3080697928026172,0.6666666666666666,0.5,0.3076923076923077,0.6666666666666666,0.2777777777777777,1.0,1.0,1.0,0.3333333333333333,0.4,0.6666666666666666,0.0833333333333333,0.3333333333333333,0.6666666666666666,0.6666666666666666,0.3333333333333333,0.2767511817791147,0.0,0.6,0.7222222222222223,0.1583333333333333,0.7232488182208854,0.6591670655816181,0.7729638701775875,0.32775073028237584
0.3086150490730643,1.0,0.0,0.3076923076923077,0.6666666666666666,0.3888888888888889,0.0,0.6666666666666666,0.5,1.0,0.4,0.0,0.1666666666666666,0.3333333333333333,0.6666666666666666,1.0,0.3333333333333333,0.6510528577567685,0.0,0.8,0.6111111111111112,0.21666666666666662,0.34894714224323153,0.4240393402672004,0.3155589052710913,0.21638907395069945
0.3091603053435114,0.3333333333333333,0.0,0.8461538461538463,0.3333333333333333,0.4999999999999999,0.5,0.3333333333333333,0.5,0.0,0.0,0.6666666666666666,0.1666666666666666,1.0,0.6666666666666666,0.3333333333333333,1.0,0.3056868643460822,0.0,0.3333333333333333,0.36666666666666664,0.41666666666666663,0.6943131356539178,0.3515528671105502,0.37672758961797537,0.827995011872427
0.3097055616139585,0.3333333333333333,1.0,0.1538461538461538,0.5,0.1111111111111111,1.0,0.3333333333333333,1.0,0.0,1.0,0.6666666666666666,0.0833333333333333,0.0,1.0,0.3333333333333333,0.0,0.3965047987394356,0.0,0.3333333333333333,0.35555555555555557,0.058333333333333307,0.6034952012605643,0.3055688527205999,0.3175279099345235,0.10075676045029805
0.3102508178844056,0.3333333333333333,0.5,0.4615384615384615,0.1666666666666666,0.1111111111111111,0.0,0.0,0.0,0.0,0.8,0.0,0.25,0.3333333333333333,0.0,0.3333333333333333,0.3333333333333333,0.4623979372582725,0.0,0.06666666666666667,0.08888888888888886,0.27499999999999997,0.5376020627417275,0.0544410113581966,0.07071458853455176,0.4231332957515502
0.3107960741548528,0.3333333333333333,1.0,0.0,0.5,0.1666666666666666,0.5,0.3333333333333333,0.0,0.0,0.2,0.3333333333333333,0.0833333333333333,0.6666666666666666,0.6666666666666666,0.3333333333333333,0.6666666666666666,0.1899441340782122,0.0,0.2,0.3666666666666667,0.2583333333333333,0.8100558659217878,0.2460942599765003,0.4395284751990202,0.5989340439706863
0.311886586695747,0.6666666666666666,0.0,0.0,0.3333333333333333,0.0,0.0,0.6666666666666666,0.0,0.3333333333333333,0.6000000000000001,0.3333333333333333,0.0833333333333333,0.3333333333333333,0.0,0.6666666666666666,0.3333333333333333,0.4560951153129924,0.0,0.4666666666666667,0.4,0.1583333333333333,0.5439048846870076,0.38555492696229887,0.3219463940835649,0.24647841609866925
0.3124318429661941,0.6666666666666666,0.0,0.0,0.6666666666666666,1.0,0.5,1.0,0.5,0.3333333333333333,0.0,0.3333333333333333,0.3333333333333333,1.0,0.0,0.6666666666666666,1.0,0.8392780403953589,0.0,0.4666666666666667,0.8666666666666667,0.5333333333333333,0.16072195960464108,0.11393011010052649,0.20612369871402317,0.24533387997745085
0.3129770992366412,0.3333333333333333,0.0,0.8461538461538463,0.3333333333333333,0.2777777777777777,1.0,1.0,0.5,0.0,0.4,0.3333333333333333,0.1666666666666666,0.6666666666666666,0.6666666666666666,0.3333333333333333,0.6666666666666666,0.1928090531442486,0.0,0.2,0.5888888888888889,0.3166666666666666,0.8071909468557514,0.24522390008268422,0.7034127843987,0.7315806556312885
0.3135223555070883,1.0,0.0,0.5384615384615385,0.6666666666666666,0.7777777777777777,1.0,0.3333333333333333,0.5,1.0,0.4,0.0,0.0833333333333333,0.0,0.0,1.0,0.0,0.6755479157713794,0.0,0.8,0.5555555555555556,0.058333333333333307,0.3244520842286206,0.3942730318986902,0.2667341843704367,0.05416901552810945
0.3140676117775354,0.3333333333333333,0.0,0.7692307692307693,0.1666666666666666,0.9444444444444444,0.5,1.0,1.0,0.0,0.8,0.6666666666666666,0.3333333333333333,0.6666666666666666,0.0,0.3333333333333333,0.6666666666666666,0.721100128921358,0.0,0.3333333333333333,0.6555555555555556,0.4333333333333333,0.278899871078642,0.14121589277166105,0.27055678552922885,0.3459027315123251
0.3146128680479825,1.0,0.5,0.5384615384615385,0.5,0.3888888888888889,0.5,0.3333333333333333,0.5,1.0,0.4,0.6666666666666666,0.0833333333333333,1.0,0.0,1.0,1.0,0.7094972067039106,0.0,1.0666666666666667,0.41111111111111115,0.3583333333333333,0.2905027932960894,0.47069063057574306,0.1767299448867116,0.29793471019320455
0.3151581243184296,0.3333333333333333,0.5,0.0,0.1666666666666666,0.2777777777777777,1.0,0.0,0.0,0.0,0.6000000000000001,0.6666666666666666,0.0,1.0,0.3333333333333333,0.3333333333333333,1.0,0.4208566108007449,0.0,0.3333333333333333,0.12222222222222218,0.3,0.5791433891992551,0.29323875422487194,0.10474586650336798,0.4972684876748834
0.3157033805888768,0.3333333333333333,0.5,0.5384615384615385,0.1666666666666666,0.3888888888888889,1.0,0.6666666666666666,1.0,0.0,0.6000000000000001,1.0,0.0,0.0,0.6666666666666666,0.3333333333333333,0.0,0.214725683999427,0.0,0.4666666666666667,0.4111111111111111,0.0,0.7852743160005731,0.5566531760883126,0.4777285788308446,0.0
0.3162486368593239,0.3333333333333333,1.0,0.6923076923076923,0.5,0.8888888888888888,0.5,1.0,1.0,0.0,0.8,0.0,0.3333333333333333,0.3333333333333333,0.3333333333333333,0.3333333333333333,0.3333333333333333,0.4909038819653345,0.0,0.06666666666666667,0.7777777777777779,0.3333333333333333,0.5090961180346655,0.051554317710373235,0.5859437561825804,0.48569329848477083
0.3173391494002181,0.3333333333333333,0.5,0.6153846153846154,0.3333333333333333,0.4999999999999999,1.0,0.3333333333333333,0.0,0.0,1.0,0.6666666666666666,0.0833333333333333,1.0,0.3333333333333333,0.3333333333333333,1.0,0.2515398939979945,0.0,0.3333333333333333,0.36666666666666664,0.3583333333333333,0.7484601060020055,0.37896920376575716,0.4061072118328701,0.7676079195066536
0.3178844056706652,0.6666666666666666,1.0,0.8461538461538463,0.6666666666666666,0.2777777777777777,0.0,0.3333333333333333,1.0,0.3333333333333333,0.2,0.0,0.0,0.0,0.6666666666666666,0.6666666666666666,0.0,0.2715943274602492,0.0,0.3333333333333333,0.45555555555555555,0.0,0.7284056725397507,0.3688150050045694,0.4910382024589005,0.0
0.3184296619411123,1.0,0.5,0.0769230769230769,0.5,0.6666666666666665,0.5,1.0,1.0,1.0,0.4,1.0,0.0,0.0,1.0,1.0,0.0,0.5005013608365564,0.0,1.2,0.7333333333333334,0.0,0.4994986391634436,0.9104834849210148,0.5420462574779782,0.0
0.3189749182115594,0.6666666666666666,0.5,0.0,0.6666666666666666,0.1111111111111111,0.0,0.0,0.5,0.3333333333333333,0.2,0.3333333333333333,0.3333333333333333,0.6666666666666666,0.6666666666666666,0.6666666666666666,0.6666666666666666,0.5847299813780261,0.0,0.4666666666666667,0.28888888888888886,0.4333333333333333,0.4152700186219739,0.2943702220868329,0.17752602571953455,0.5150344214967798
0.3195201744820065,0.6666666666666666,1.0,0.3076923076923077,0.3333333333333333,0.0,0.0,1.0,1.0,0.3333333333333333,0.8,0.0,0.0,0.0,0.3333333333333333,0.6666666666666666,0.0,0.4828821085804326,0.0,0.3333333333333333,0.5333333333333333,0.0,0.5171178914195673,0.2618332680563412,0.40812096660228925,0.0
0.3200654307524537,0.3333333333333333,1.0,0.2307692307692307,0.1666666666666666,0.3888888888888889,1.0,1.0,0.0,0.0,0.2,0.6666666666666666,0.1666666666666666,0.6666666666666666,0.3333333333333333,0.3333333333333333,0.6666666666666666,0.2870648904168457,0.0,0.3333333333333333,0.5444444444444445,0.3166666666666666,0.7129351095831543,0.3609817659602245,0.5743864524942296,0.6461538461538461
0.3206106870229008,0.6666666666666666,1.0,0.6153846153846154,0.6666666666666666,1.0,1.0,0.3333333333333333,0.0,0.3333333333333333,0.8,0.6666666666666666,0.0833333333333333,0.6666666666666666,0.6666666666666666,0.6666666666666666,0.6666666666666666,0.5206990402521129,0.0,0.6,0.6000000000000001,0.2583333333333333,0.4793009597478871,0.436833630706297,0.4255593763248387,0.3543825483865457
0.3211559432933479,0.3333333333333333,1.0,0.6153846153846154,0.3333333333333333,0.4999999999999999,1.0,0.6666666666666666,1.0,0.0,0.2,0.0,0.0,0.3333333333333333,0.3333333333333333,0.3333333333333333,0.3333333333333333,0.0376736857183784,0.0,0.06666666666666667,0.5,0.09999999999999999,0.9623263142816216,0.09745129611094189,0.7120212916293749,0.2754266386511557
0.321701199563795,0.3333333333333333,0.5,0.4615384615384615,0.5,0.7222222222222221,0.0,0.3333333333333333,0.0,0.0,0.6000000000000001,1.0,0.3333333333333333,0.3333333333333333,0.0,0.3333333333333333,0.3333333333333333,0.3967912906460392,0.0,0.4666666666666667,0.4777777777777778,0.3333333333333333,0.6032087093539609,0.42759330983361626,0.42647557586320606,0.575479594800048
0.3227917121046892,0.3333333333333333,0.5,0.8461538461538463,0.1666666666666666,0.0555555555555555,0.5,0.6666666666666666,1.0,0.0,0.4,1.0,0.1666666666666666,1.0,0.6666666666666666,0.3333333333333333,1.0,0.7371436756911618,0.0,0.4666666666666667,0.34444444444444444,0.41666666666666663,0.2628563243088382,0.18632954726779516,0.13397946205662062,0.313466236184424
0.3233369683751363,0.3333333333333333,0.5,0.3076923076923077,0.5,0.7777777777777777,0.5,0.6666666666666666,1.0,0.0,0.8,0.3333333333333333,0.3333333333333333,0.0,1.0,0.3333333333333333,0.0,0.5639593181492623,0.0,0.2,0.6222222222222222,0.2333333333333333,0.43604068185073774,0.13246877583880937,0.4014885298412549,0.29119732144382376
0.3238822246455834,0.6666666666666666,0.5,0.6923076923076923,0.5,0.6111111111111112,1.0,1.0,0.0,0.3333333333333333,1.0,0.0,0.25,0.3333333333333333,0.3333333333333333,0.6666666666666666,0.3333333333333333,0.2127202406532015,0.0,0.3333333333333333,0.7222222222222223,0.27499999999999997,0.7872797593467985,0.3986248313677705,0.8413962033067973,0.6196484395018705
0.3244274809160306,0.3333333333333333,1.0,0.0,0.1666666666666666,0.4444444444444445,1.0,0.0,1.0,0.0,0.2,1.0,0.25,0.0,1.0,0.3333333333333333,0.0,0.4178484457814067,0.0,0.4666666666666667,0.15555555555555556,0.175,0.5821515542185933,0.41266663765467015,0.13400537001271845,0.2915799723261415
0.3249727371864777,0.3333333333333333,0.0,0.6923076923076923,0.5,0.5555555555555556,0.5,1.0,0.5,0.0,1.0,0.0,0.1666666666666666,0.0,0.3333333333333333,0.3333333333333333,0.0,0.3298954304540897,0.0,0.06666666666666667,0.7111111111111112,0.11666666666666661,0.6701045695459102,0.0678590597211947,0.7051486174572519,0.2237551034353165
0.3255179934569248,0.6666666666666666,1.0,0.3076923076923077,0.6666666666666666,0.7222222222222221,0.0,1.0,1.0,0.3333333333333333,0.8,0.0,0.0,0.6666666666666666,0.6666666666666666,0.6666666666666666,0.6666666666666666,0.3569689156281335,0.0,0.3333333333333333,0.8111111111111111,0.19999999999999998,0.6430310843718665,0.32558713027837005,0.7718144990343399,0.3680828165838159
0.3260632497273719,0.3333333333333333,1.0,0.3846153846153846,0.1666666666666666,0.1111111111111111,0.0,0.0,1.0,0.0,0.8,0.3333333333333333,0.25,0.0,0.3333333333333333,0.3333333333333333,0.0,0.5991978226615098,0.0,0.2,0.08888888888888886,0.175,0.4008021773384902,0.12176334914487141,0.05272033539026802,0.20074821913596066
0.326608505997819,0.3333333333333333,0.0,0.0,0.1666666666666666,1.0,0.5,0.3333333333333333,0.5,0.0,0.0,0.6666666666666666,0.0,0.0,1.0,0.3333333333333333,0.0,0.5940409683426443,0.0,0.3333333333333333,0.39999999999999997,0.0,0.4059590316573557,0.2055499949229006,0.24029393753827308,0.0
0.3271537622682661,0.3333333333333333,1.0,0.5384615384615385,0.1666666666666666,0.0,0.0,0.0,0.0,0.0,0.8,0.6666666666666666,0.1666666666666666,0.6666666666666666,0.6666666666666666,0.3333333333333333,0.6666666666666666,0.5834407677983097,0.0,0.3333333333333333,0.06666666666666664,0.3166666666666666,0.41655923220169033,0.21091721426809984,0.041094728908568454,0.37753975981824084
0.3287895310796074,0.6666666666666666,0.0,0.1538461538461538,0.6666666666666666,0.2222222222222222,0.5,1.0,1.0,0.3333333333333333,1.0,0.0,0.3333333333333333,1.0,0.3333333333333333,0.6666666666666666,1.0,0.6857183784558086,0.0,0.3333333333333333,0.7111111111111111,0.5333333333333333,0.31428162154419137,0.15913080058604231,0.33071741485703515,0.4797348776029655
0.3293347873500545,0.6666666666666666,0.5,0.6153846153846154,0.5,0.4444444444444445,0.0,1.0,0.5,0.3333333333333333,0.4,0.3333333333333333,0.3333333333333333,0.0,0.6666666666666666,0.6666666666666666,0.0,0.4467841283483741,0.0,0.4666666666666667,0.688888888888889,0.2333333333333333,0.5532158716516259,0.392155156157071,0.5639549672617646,0.36944942687780796
0.3298800436205016,0.3333333333333333,0.0,0.9230769230769232,0.1666666666666666,0.7222222222222221,1.0,0.0,0.0,0.0,1.0,0.3333333333333333,0.25,0.0,1.0,0.3333333333333333,0.0,0.4323162870648904,0.0,0.2,0.21111111111111108,0.175,0.5676837129351096,0.17246181295965882,0.17734467002685,0.28433352124224875
0.3304252998909487,0.3333333333333333,1.0,0.8461538461538463,0.3333333333333333,0.2222222222222222,0.0,0.6666666666666666,0.0,0.0,0.8,0.6666666666666666,0.0833333333333333,0.6666666666666666,0.0,0.3333333333333333,0.6666666666666666,0.1127345652485317,0.0,0.3333333333333333,0.4444444444444445,0.2583333333333333,0.8872654347514684,0.4492507651914066,0.5835413820716944,0.6560207724764687
0.3309705561613958,0.6666666666666666,1.0,0.4615384615384615,0.5,0.4999999999999999,0.5,0.0,0.5,0.3333333333333333,0.8,0.3333333333333333,0.3333333333333333,0.6666666666666666,0.6666666666666666,0.6666666666666666,0.6666666666666666,0.3319008738003152,0.0,0.4666666666666667,0.3,0.4333333333333333,0.6680991261996848,0.47359183022179663,0.29659428140750854,0.8286031534532534
0.3315158124318429,0.6666666666666666,1.0,0.2307692307692307,0.3333333333333333,0.3333333333333333,0.5,0.6666666666666666,1.0,0.3333333333333333,0.0,0.0,0.0,0.0,0.6666666666666666,0.6666666666666666,0.0,0.1933820369574559,0.0,0.3333333333333333,0.4666666666666667,0.0,0.8066179630425441,0.4084163801732016,0.5570257666399736,0.0
0.3320610687022901,0.3333333333333333,0.5,0.4615384615384615,0.3333333333333333,0.6111111111111112,0.0,0.3333333333333333,1.0,0.0,0.4,1.0,0.25,1.0,0.3333333333333333,0.3333333333333333,1.0,0.3181492622833405,0.0,0.4666666666666667,0.3888888888888889,0.475,0.6818507377166595,0.4833398610325369,0.39238777144472187,0.9269717624148004
0.3326063249727372,0.6666666666666666,1.0,0.7692307692307693,0.3333333333333333,0.3888888888888889,0.5,0.0,1.0,0.3333333333333333,0.2,0.3333333333333333,0.0,1.0,1.0,0.6666666666666666,1.0,0.3631284916201117,0.0,0.4666666666666667,0.2111111111111111,0.3,0.6368715083798884,0.4514556769224075,0.19895897121861605,0.5468354430379748
0.3331515812431843,0.6666666666666666,0.0,0.7692307692307693,0.6666666666666666,0.8888888888888888,0.0,0.0,0.5,0.3333333333333333,0.8,0.6666666666666666,0.25,0.0,0.0,0.6666666666666666,0.0,0.5739865348803896,0.0,0.6,0.4444444444444444,0.175,0.42601346511961036,0.388267548631359,0.2801827688539262,0.21337569825244707
0.3336968375136314,0.3333333333333333,0.5,0.6153846153846154,0.5,0.6666666666666665,0.5,1.0,0.5,0.0,0.0,0.0,0.3333333333333333,0.3333333333333333,0.6666666666666666,0.3333333333333333,0.3333333333333333,0.3836126629422719,0.0,0.06666666666666667,0.7333333333333334,0.3333333333333333,0.6163873370577281,0.06241931038484413,0.6688916105327618,0.5880524095047746
0.3342420937840785,0.6666666666666666,0.0,0.6153846153846154,0.3333333333333333,0.3333333333333333,0.5,0.6666666666666666,0.5,0.3333333333333333,0.2,1.0,0.0833333333333333,0.3333333333333333,0.6666666666666666,0.6666666666666666,0.3333333333333333,0.173470849448503,0.0,0.7333333333333333,0.4666666666666667,0.1583333333333333,0.826529150551497,0.9206957076751238,0.570775825521692,0.3745537163258682
0.3347873500545256,0.6666666666666666,0.0,0.1538461538461538,0.6666666666666666,0.3888888888888889,0.0,0.3333333333333333,1.0,0.3333333333333333,0.6000000000000001,0.0,0.0,0.3333333333333333,0.0,0.6666666666666666,0.3333333333333333,0.2942271880819366,0.0,0.3333333333333333,0.4777777777777778,0.09999999999999999,0.7057728119180634,0.3573552664026575,0.49898958971218627,0.2019986675549634
0.3353326063249727,0.3333333333333333,0.0,0.7692307692307693,0.3333333333333333,0.8333333333333333,1.0,1.0,0.0,0.0,0.6000000000000001,1.0,0.0833333333333333,1.0,0.6666666666666666,0.3333333333333333,1.0,0.2882108580432603,0.0,0.4666666666666667,0.7,0.3583333333333333,0.7117891419567397,0.5045621364434193,0.7373098120495547,0.7299988042159926
0.3358778625954198,0.3333333333333333,0.5,0.5384615384615385,0.5,0.3333333333333333,0.5,0.0,0.5,0.0,0.6000000000000001,0.6666666666666666,0.3333333333333333,1.0,0.6666666666666666,0.3333333333333333,1.0,0.5714081077209568,0.0,0.3333333333333333,0.26666666666666666,0.5333333333333333,0.42859189227904315,0.2170097335248125,0.16912713740637805,0.6542236799398692
0.3364231188658669,0.6666666666666666,0.5,0.7692307692307693,0.6666666666666666,0.8333333333333333,1.0,1.0,0.5,0.3333333333333333,1.0,0.0,0.0833333333333333,1.0,0.0,0.6666666666666666,1.0,0.4861767655063744,0.0,0.3333333333333333,0.8333333333333334,0.3583333333333333,0.5138232344936255,0.2601650782598604,0.6336261717461962,0.5269683458890654
0.336968375136314,1.0,0.5,0.6923076923076923,0.5,0.7777777777777777,0.5,0.6666666666666666,0.0,1.0,1.0,1.0,0.0,0.3333333333333333,0.3333333333333333,1.0,0.3333333333333333,0.665663944993554,0.0,1.2,0.6222222222222222,0.09999999999999999,0.33433605500644603,0.6094259976500281,0.30784304489142206,0.0956900527853226
0.3375136314067612,0.6666666666666666,1.0,0.0,0.3333333333333333,0.4444444444444445,0.5,1.0,0.0,0.3333333333333333,0.4,0.0,0.1666666666666666,0.6666666666666666,0.6666666666666666,0.6666666666666666,0.6666666666666666,0.231342214582438,0.0,0.3333333333333333,0.6222222222222222,0.3166666666666666,0.768657785417562,0.3891959325180962,0.7077488341419756,0.6966569295683219
0.3380588876772083,0.3333333333333333,0.5,0.2307692307692307,0.3333333333333333,0.1666666666666666,0.5,0.0,0.0,0.0,0.0,1.0,0.1666666666666666,0.6666666666666666,1.0,0.3333333333333333,0.6666666666666666,0.2324881822088526,0.0,0.4666666666666667,0.16666666666666666,0.3166666666666666,0.7675118177911474,0.5440619696244396,0.18929294832540391,0.6956183057448879
0.3391494002181025,1.0,0.0,0.3076923076923077,0.5,0.1111111111111111,0.0,0.6666666666666666,1.0,1.0,0.4,0.6666666666666666,0.3333333333333333,0.3333333333333333,1.0,1.0,0.3333333333333333,0.9190660363844722,0.0,1.0666666666666667,0.4888888888888889,0.3333333333333333,0.08093396361552785,0.13113422400162464,0.058551980781007096,0.07721348161055022
0.3396946564885496,0.0,0.5,1.0,0.1666666666666666,0.7222222222222221,1.0,0.3333333333333333,0.0,0.6666666666666666,0.2,1.0,0.3333333333333333,0.0,0.3333333333333333,0.0,0.0,0.8786706775533591,0.0,0.8,0.3444444444444444,0.2333333333333333,0.12132932244664085,0.14743896601244613,0.06184229120542651,0.08102632433078799
0.3402399127589967,0.6666666666666666,0.0,0.6153846153846154,0.3333333333333333,0.8333333333333333,1.0,0.3333333333333333,0.0,0.3333333333333333,0.8,0.3333333333333333,0.3333333333333333,0.0,0.6666666666666666,0.6666666666666666,0.0,0.6443202979515829,0.0,0.4666666666666667,0.43333333333333335,0.2333333333333333,0.35567970204841715,0.2521287552402919,0.22807715860379668,0.2375305351987564
0.3407851690294438,0.6666666666666666,0.5,0.6153846153846154,0.6666666666666666,0.8333333333333333,0.0,0.6666666666666666,0.5,0.3333333333333333,0.8,0.3333333333333333,0.3333333333333333,1.0,0.3333333333333333,0.6666666666666666,1.0,0.642601346511961,0.0,0.4666666666666667,0.7,0.5333333333333333,0.357398653488039,0.2533472590916344,0.3702129162937491,0.5455508293616222
0.3413304252998909,0.3333333333333333,0.5,0.8461538461538463,0.5,0.2777777777777777,1.0,0.3333333333333333,0.5,0.0,0.6000000000000001,0.3333333333333333,0.25,0.0,0.3333333333333333,0.3333333333333333,0.0,0.4103996562097121,0.0,0.2,0.3888888888888889,0.175,0.5896003437902879,0.17912006614735193,0.33930001413161237,0.2953108184287398
0.3418756815703381,1.0,0.5,0.0,0.5,1.0,0.5,0.0,0.5,1.0,0.6000000000000001,0.0,0.3333333333333333,0.6666666666666666,0.0,1.0,0.6666666666666666,0.997564818793869,0.0,0.8,0.4,0.4333333333333333,0.002435181206130954,0.0029592236389747494,0.0014414244665316475,0.003020208749722441
0.3424209378407852,0.3333333333333333,0.0,0.4615384615384615,0.5,0.6111111111111112,1.0,0.3333333333333333,0.0,0.0,0.4,0.3333333333333333,0.0,0.3333333333333333,1.0,0.3333333333333333,0.3333333333333333,0.0530010027216731,0.0,0.2,0.4555555555555556,0.09999999999999999,0.9469989972783269,0.28769746290090953,0.6383979462056621,0.2710398196074412
0.3429661941112323,0.6666666666666666,0.0,0.0,0.6666666666666666,0.1666666666666666,0.5,1.0,1.0,0.3333333333333333,1.0,1.0,0.1666666666666666,1.0,0.3333333333333333,0.6666666666666666,1.0,0.5218450078785274,0.0,0.7333333333333333,0.7000000000000001,0.41666666666666663,0.4781549921214726,0.5326312430189883,0.49529888360261914,0.5702181451681785
0.3435114503816794,0.3333333333333333,1.0,0.6923076923076923,0.1666666666666666,0.2222222222222222,0.5,0.6666666666666666,1.0,0.0,0.0,1.0,0.1666666666666666,0.3333333333333333,0.6666666666666666,0.3333333333333333,0.3333333333333333,0.2854891849305257,0.0,0.4666666666666667,0.37777777777777777,0.21666666666666662,0.7145108150694743,0.506491434208045,0.39943473550332087,0.44308238951809903
0.3446019629225736,0.3333333333333333,0.5,0.0,0.5,0.5555555555555556,0.0,0.6666666666666666,1.0,0.0,0.0,0.0,0.3333333333333333,0.0,0.3333333333333333,0.3333333333333333,0.0,0.4954877524709927,0.0,0.06666666666666667,0.5777777777777778,0.2333333333333333,0.5045122475290074,0.051090125767004654,0.43135333741579923,0.33692410188079747
0.3451472191930207,0.6666666666666666,0.5,1.0,0.3333333333333333,0.0555555555555555,1.0,0.3333333333333333,1.0,0.3333333333333333,1.0,0.0,0.3333333333333333,1.0,0.3333333333333333,0.6666666666666666,1.0,0.8369861051425297,0.0,0.3333333333333333,0.2777777777777778,0.5333333333333333,0.1630138948574703,0.08253912993022616,0.06700739554383156,0.24883240233007062
0.3456924754634678,0.6666666666666666,0.5,0.6153846153846154,0.3333333333333333,0.1666666666666666,0.0,0.6666666666666666,0.5,0.3333333333333333,0.0,0.0,0.1666666666666666,0.6666666666666666,0.0,0.6666666666666666,0.6666666666666666,0.2751754762927947,0.0,0.3333333333333333,0.43333333333333335,0.3166666666666666,0.7248245237072053,0.3670017552257858,0.4647887323943662,0.6569295683219734
0.346237731733915,0.3333333333333333,0.0,0.6153846153846154,0.3333333333333333,0.9444444444444444,1.0,0.3333333333333333,0.0,0.0,0.0,1.0,0.1666666666666666,0.6666666666666666,1.0,0.3333333333333333,0.6666666666666666,0.3466552069904025,0.0,0.4666666666666667,0.45555555555555555,0.3166666666666666,0.6533447930095975,0.46313300549777325,0.440437608931179,0.5921454073352806
0.3467829880043621,0.6666666666666666,0.0,0.0769230769230769,0.6666666666666666,1.0,1.0,1.0,0.5,0.3333333333333333,0.4,0.3333333333333333,0.0,0.6666666666666666,0.0,0.6666666666666666,0.6666666666666666,0.6383039679129064,0.0,0.4666666666666667,0.8666666666666667,0.19999999999999998,0.36169603208709356,0.2563935187199907,0.4638701775872627,0.20704145953979397
0.3473282442748092,0.3333333333333333,0.5,0.3846153846153846,0.3333333333333333,0.3888888888888889,0.5,1.0,1.0,0.0,1.0,1.0,0.25,0.3333333333333333,0.0,0.3333333333333333,0.3333333333333333,0.260707635009311,0.0,0.4666666666666667,0.6111111111111112,0.27499999999999997,0.7392923649906891,0.5240581980648998,0.6685548071034906,0.5818787475016656
0.3478735005452563,0.3333333333333333,1.0,0.0,0.3333333333333333,0.3333333333333333,0.0,0.3333333333333333,0.0,0.0,0.0,0.6666666666666666,0.1666666666666666,0.0,0.0,0.3333333333333333,0.0,0.2483884830253545,0.0,0.3333333333333333,0.3333333333333333,0.11666666666666661,0.7516115169746456,0.3805648635710866,0.3707428517593857,0.250971147440168
0.3489640130861505,0.0,0.5,0.0,0.1666666666666666,0.6666666666666665,0.0,0.3333333333333333,0.5,0.6666666666666666,0.0,0.3333333333333333,0.3333333333333333,0.0,0.6666666666666666,0.0,0.0,0.88110585875949,0.0,0.5333333333333333,0.33333333333333326,0.2333333333333333,0.11889414124051001,0.09631982824898098,0.05864619153045364,0.07940005808093753
0.3495092693565976,0.3333333333333333,1.0,0.3846153846153846,0.3333333333333333,0.3333333333333333,1.0,0.3333333333333333,1.0,0.0,1.0,1.0,0.25,0.3333333333333333,0.3333333333333333,0.3333333333333333,0.3333333333333333,0.2664374731413838,0.0,0.4666666666666667,0.3333333333333333,0.27499999999999997,0.7335625268586162,0.5199965185604247,0.36183993593669034,0.5773689335314918
0.3500545256270447,0.6666666666666666,0.0,0.2307692307692307,0.5,0.5555555555555556,1.0,0.3333333333333333,1.0,0.3333333333333333,0.0,0.0,0.3333333333333333,0.6666666666666666,1.0,0.6666666666666666,0.6666666666666666,0.3510958315427589,0.0,0.3333333333333333,0.4444444444444445,0.4333333333333333,0.6489041684572411,0.32856085991557504,0.42677469499269866,0.8047968021319121
0.3505997818974918,0.6666666666666666,0.0,0.1538461538461538,0.6666666666666666,0.4999999999999999,0.5,0.6666666666666666,1.0,0.3333333333333333,0.8,0.6666666666666666,0.25,0.3333333333333333,0.0,0.6666666666666666,0.3333333333333333,0.423148546053574,0.0,0.6,0.6333333333333333,0.27499999999999997,0.576851453946426,0.5257408938596109,0.540626030430072,0.4540255214472403
0.3511450381679389,0.3333333333333333,0.5,0.4615384615384615,0.5,0.2222222222222222,0.0,0.3333333333333333,0.0,0.0,0.2,0.0,0.25,0.3333333333333333,0.6666666666666666,0.3333333333333333,0.3333333333333333,0.2827675118177911,0.0,0.06666666666666667,0.3777777777777778,0.27499999999999997,0.717232488182209,0.07263153313895296,0.4009562391068822,0.5645159637164967
0.351690294438386,0.0,1.0,0.8461538461538463,0.0,0.2222222222222222,1.0,1.0,0.5,0.6666666666666666,0.8,1.0,0.0,0.3333333333333333,1.0,0.0,0.3333333333333333,0.9157713794585304,0.0,0.8,0.4444444444444445,0.09999999999999999,0.08422862054146962,0.10235432351277243,0.05539592067454891,0.024107005586019553
0.3522355507088331,0.3333333333333333,1.0,0.6153846153846154,0.1666666666666666,0.0,0.0,1.0,0.5,0.0,0.6000000000000001,0.6666666666666666,0.3333333333333333,1.0,0.0,0.3333333333333333,1.0,0.9939836699613236,0.0,0.3333333333333333,0.4666666666666667,0.5333333333333333,0.00601633003867641,0.003046259628356326,0.004154694050591173,0.00918362117562651
0.3527808069792802,0.3333333333333333,0.0,0.4615384615384615,0.1666666666666666,0.8333333333333333,0.0,0.3333333333333333,0.5,0.0,0.2,0.3333333333333333,0.25,0.3333333333333333,0.0,0.3333333333333333,0.3333333333333333,0.3999427016186793,0.0,0.2,0.3666666666666666,0.27499999999999997,0.6000572983813207,0.18229687975978065,0.32558528428093636,0.4722902680264439
0.3533260632497274,0.0,1.0,0.0,0.1666666666666666,0.0555555555555555,0.0,0.6666666666666666,0.0,0.6666666666666666,1.0,0.6666666666666666,0.0,0.0,0.3333333333333333,0.0,0.0,0.8495917490330899,0.0,0.6666666666666666,0.34444444444444444,0.0,0.15040825096691013,0.1523129814178162,0.07666399736209899,0.0
0.3538713195201745,0.6666666666666666,1.0,0.0769230769230769,0.5,0.0,0.5,1.0,0.0,0.3333333333333333,0.8,0.0,0.0,0.3333333333333333,0.6666666666666666,0.6666666666666666,0.3333333333333333,0.3182925082366423,0.0,0.3333333333333333,0.6000000000000001,0.09999999999999999,0.6817074917633577,0.34517022788923213,0.6052710914315323,0.19511095167324347
0.3549618320610687,0.6666666666666666,0.5,0.1538461538461538,0.5,0.1666666666666666,0.0,0.0,0.5,0.3333333333333333,0.8,1.0,0.0833333333333333,1.0,1.0,0.6666666666666666,1.0,0.3582581292078499,0.0,0.7333333333333333,0.23333333333333334,0.3583333333333333,0.6417418707921501,0.7148555927876176,0.2215836826981958,0.6581595175865661
0.3555070883315158,0.3333333333333333,0.0,0.4615384615384615,0.5,0.1666666666666666,0.5,1.0,0.5,0.0,0.4,1.0,0.25,0.6666666666666666,0.0,0.3333333333333333,0.6666666666666666,0.2644320297951583,0.0,0.4666666666666667,0.6333333333333334,0.375,0.7355679702048417,0.5214181063869909,0.6893753827311696,0.7894736842105264
0.3560523446019629,0.3333333333333333,1.0,0.2307692307692307,0.3333333333333333,0.8888888888888888,0.0,0.6666666666666666,0.0,0.0,1.0,0.3333333333333333,0.0,1.0,0.3333333333333333,0.3333333333333333,1.0,0.3976507663658502,0.0,0.2,0.5777777777777778,0.3,0.6023492336341498,0.18299316767483353,0.515003061849357,0.5171936657612873
0.35659760087241,0.6666666666666666,0.0,0.3076923076923077,0.3333333333333333,0.6111111111111112,1.0,1.0,1.0,0.3333333333333333,1.0,0.0,0.0,0.3333333333333333,0.6666666666666666,0.6666666666666666,0.3333333333333333,0.0817934393353387,0.0,0.3333333333333333,0.6555555555555556,0.09999999999999999,0.9182065606646613,0.46491724328009637,0.8907390833294079,0.2627991595346692
0.3571428571428571,0.6666666666666666,0.5,0.3846153846153846,0.5,0.2777777777777777,0.0,0.6666666666666666,0.5,0.3333333333333333,0.2,1.0,0.0833333333333333,0.6666666666666666,0.3333333333333333,0.6666666666666666,0.6666666666666666,0.1022776106574989,0.0,0.7333333333333333,0.5222222222222223,0.2583333333333333,0.8977223893425011,1.0,0.6937420509680156,0.6637523702147287
0.3576881134133042,0.3333333333333333,1.0,0.0769230769230769,0.3333333333333333,0.6666666666666665,0.0,0.0,1.0,0.0,0.0,0.6666666666666666,0.1666666666666666,0.6666666666666666,1.0,0.3333333333333333,0.6666666666666666,0.2088525999140524,0.0,0.3333333333333333,0.2666666666666666,0.3166666666666666,0.7911474000859476,0.4005831411288568,0.31219558151585086,0.7170399221032132
0.3582333696837513,0.3333333333333333,1.0,0.0769230769230769,0.1666666666666666,1.0,1.0,0.0,0.0,0.0,0.6000000000000001,0.6666666666666666,0.0,1.0,0.0,0.3333333333333333,1.0,0.7122188798166452,0.0,0.3333333333333333,0.26666666666666666,0.3,0.2877811201833548,0.1457127522230442,0.11356163738282535,0.24709680725670063
0.3587786259541985,0.3333333333333333,0.5,0.0769230769230769,0.1666666666666666,0.2777777777777777,0.0,0.6666666666666666,0.5,0.0,0.8,0.6666666666666666,0.0833333333333333,1.0,0.0,0.3333333333333333,1.0,0.4877524709926944,0.0,0.3333333333333333,0.38888888888888884,0.3583333333333333,0.5122475290073056,0.2593672483571957,0.2947854350181356,0.5253523292164199
0.3593238822246456,0.3333333333333333,0.0,0.3076923076923077,0.3333333333333333,0.6666666666666665,0.0,0.0,0.0,0.0,0.4,1.0,0.0833333333333333,0.0,0.0,0.3333333333333333,0.0,0.1966766938833978,0.0,0.4666666666666667,0.2666666666666666,0.058333333333333307,0.8033233061166022,0.5694474665274091,0.317000329737623,0.1341191342523787
0.3598691384950927,0.6666666666666666,1.0,0.4615384615384615,0.3333333333333333,0.6111111111111112,0.5,0.0,1.0,0.3333333333333333,0.0,0.3333333333333333,0.3333333333333333,0.0,1.0,0.6666666666666666,0.0,0.5103853316143819,0.0,0.4666666666666667,0.25555555555555554,0.2333333333333333,0.48961466838561807,0.3470705136573973,0.18515709642470202,0.32697517894053535
0.3609596510359869,0.3333333333333333,1.0,0.0,0.1666666666666666,0.9444444444444444,1.0,0.0,1.0,0.0,0.4,0.0,0.1666666666666666,0.3333333333333333,0.0,0.3333333333333333,0.3333333333333333,0.4099699183498066,0.0,0.06666666666666667,0.25555555555555554,0.21666666666666662,0.5900300816501933,0.05975020671047477,0.22313109425785474,0.3658894070619586
0.361504907306434,0.3333333333333333,0.0,0.6153846153846154,0.1666666666666666,0.9444444444444444,0.0,0.0,0.0,0.0,0.0,1.0,0.0833333333333333,0.3333333333333333,0.3333333333333333,0.3333333333333333,0.3333333333333333,0.3210141813493768,0.0,0.4666666666666667,0.25555555555555554,0.1583333333333333,0.6789858186506232,0.48130902128029945,0.25677139761646806,0.3076923076923077
0.3620501635768811,0.6666666666666666,1.0,0.0,0.3333333333333333,0.8333333333333333,1.0,1.0,0.5,0.3333333333333333,1.0,0.0,0.0833333333333333,1.0,0.0,0.6666666666666666,1.0,0.4330325168313995,0.0,0.3333333333333333,0.7,0.3583333333333333,0.5669674831686005,0.28707370497700796,0.5872956804371378,0.5814721809392028
0.3625954198473282,0.6666666666666666,0.5,0.8461538461538463,0.6666666666666666,1.0,1.0,0.6666666666666666,0.0,0.3333333333333333,0.2,0.0,0.0833333333333333,0.6666666666666666,0.0,0.6666666666666666,0.6666666666666666,0.5206990402521129,0.0,0.3333333333333333,0.7333333333333334,0.2583333333333333,0.4793009597478871,0.24268535039238723,0.5201281266192472,0.3543825483865457
0.3631406761177754,0.6666666666666666,0.0,0.0,0.6666666666666666,0.5555555555555556,1.0,1.0,0.0,0.3333333333333333,1.0,1.0,0.0833333333333333,1.0,0.6666666666666666,0.6666666666666666,1.0,0.4125483455092393,0.0,0.7333333333333333,0.7777777777777779,0.3583333333333333,0.5874516544907606,0.6543800861656294,0.676126996090254,0.6024803976835955
0.3636859323882225,0.6666666666666666,1.0,0.3846153846153846,0.3333333333333333,0.0,0.0,0.0,1.0,0.3333333333333333,0.2,0.0,0.3333333333333333,0.3333333333333333,0.6666666666666666,0.6666666666666666,0.3333333333333333,0.7897149405529295,0.0,0.3333333333333333,0.13333333333333333,0.3333333333333333,0.21028505944707054,0.10647402701016866,0.0414904140562438,0.20061839115803132
0.3642311886586696,1.0,0.0,0.4615384615384615,0.5,0.1111111111111111,0.5,1.0,1.0,1.0,0.8,0.0,0.25,0.0,1.0,1.0,0.0,0.8099126199684858,0.0,0.8,0.6222222222222223,0.175,0.19008738003151415,0.23099351581879113,0.17502473032172977,0.09520832265669042
0.3647764449291167,0.3333333333333333,0.5,0.0769230769230769,0.1666666666666666,0.4999999999999999,0.0,0.3333333333333333,1.0,0.0,0.0,0.6666666666666666,0.1666666666666666,1.0,1.0,0.3333333333333333,1.0,0.4131213293224466,0.0,0.3333333333333333,0.29999999999999993,0.41666666666666663,0.5868786706775534,0.2971553737470444,0.26053747232559227,0.6998752968106733
0.3653217011995638,0.3333333333333333,0.5,0.1538461538461538,0.5,0.8333333333333333,1.0,0.6666666666666666,0.5,0.0,0.4,0.6666666666666666,0.1666666666666666,1.0,0.0,0.3333333333333333,1.0,0.2930812204555221,0.0,0.3333333333333333,0.6333333333333333,0.41666666666666663,0.7069187795444779,0.3579355063318682,0.6625253191389137,0.8430277251063394
0.3658669574700109,1.0,0.5,0.3076923076923077,0.5,0.1111111111111111,0.5,0.6666666666666666,1.0,1.0,0.6000000000000001,0.0,0.1666666666666666,0.6666666666666666,0.6666666666666666,1.0,0.6666666666666666,0.7299813780260708,0.0,0.8,0.4888888888888889,0.3166666666666666,0.27001862197392923,0.32812567996866704,0.19534598897734226,0.24472573839662443
0.3669574700109051,0.0,0.5,0.3076923076923077,0.1666666666666666,0.6666666666666665,1.0,0.0,0.0,0.6666666666666666,0.2,1.0,0.1666666666666666,0.0,0.6666666666666666,0.0,0.0,0.7338490187652198,0.0,0.8,0.19999999999999996,0.11666666666666661,0.2661509812347802,0.32342573654206025,0.07876960761222855,0.08887066741830232
0.3675027262813523,0.3333333333333333,0.0,0.0,0.3333333333333333,0.4444444444444445,1.0,1.0,1.0,0.0,0.8,1.0,0.3333333333333333,1.0,0.6666666666666666,0.3333333333333333,1.0,0.5324452084228621,0.0,0.4666666666666667,0.6222222222222222,0.5333333333333333,0.46755479157713786,0.3314330475651681,0.4305054406707804,0.7136985599344027
0.3680479825517994,0.6666666666666666,1.0,0.9230769230769232,0.3333333333333333,0.8888888888888888,0.5,0.3333333333333333,0.5,0.3333333333333333,0.4,1.0,0.25,0.0,0.6666666666666666,0.6666666666666666,0.0,0.4851740438332617,0.0,0.7333333333333333,0.4444444444444444,0.175,0.5148259561667383,0.5734801340354235,0.33859343351076354,0.257858863321888
0.3685932388222465,0.3333333333333333,0.5,0.6153846153846154,0.1666666666666666,0.9444444444444444,0.5,0.6666666666666666,0.0,0.0,0.2,1.0,0.1666666666666666,0.3333333333333333,0.3333333333333333,0.3333333333333333,0.3333333333333333,0.4099699183498066,0.0,0.4666666666666667,0.5222222222222221,0.21666666666666662,0.5900300816501933,0.41825144697332345,0.45596354043996407,0.3658894070619586
0.3691384950926936,0.6666666666666666,0.0,0.7692307692307693,0.6666666666666666,0.5555555555555556,0.0,1.0,0.0,0.3333333333333333,0.0,0.6666666666666666,0.1666666666666666,0.6666666666666666,1.0,0.6666666666666666,0.6666666666666666,0.2165878813923506,0.0,0.6,0.7777777777777779,0.3166666666666666,0.7834121186076494,0.7139997388920318,0.9016675302652034,0.710029211295034
0.3696837513631407,0.3333333333333333,1.0,1.0,0.3333333333333333,0.4999999999999999,1.0,0.6666666666666666,0.0,0.0,0.8,1.0,0.3333333333333333,0.0,0.6666666666666666,0.3333333333333333,0.0,0.4242945136799885,0.0,0.4666666666666667,0.5,0.2333333333333333,0.5757054863200115,0.4080972482121357,0.4259621272787225,0.3844684740087805
0.3702290076335878,1.0,0.5,0.4615384615384615,0.6666666666666666,0.3888888888888889,1.0,0.0,1.0,1.0,1.0,0.0,0.0833333333333333,0.3333333333333333,0.6666666666666666,1.0,0.3333333333333333,0.6024924795874517,0.0,0.8,0.34444444444444444,0.1583333333333333,0.39750752041254833,0.4830497410679315,0.20261199302840452,0.1801363193768257
0.3707742639040349,0.6666666666666666,0.5,0.7692307692307693,0.6666666666666666,0.8888888888888888,0.0,0.3333333333333333,1.0,0.3333333333333333,0.4,0.3333333333333333,0.25,0.6666666666666666,0.3333333333333333,0.6666666666666666,0.6666666666666666,0.4338919925512104,0.0,0.4666666666666667,0.5777777777777778,0.375,0.5661080074487896,0.40129393504214,0.4840171463563993,0.6075949367088609
0.371319520174482,0.3333333333333333,1.0,0.6923076923076923,0.5,0.0,1.0,0.3333333333333333,1.0,0.0,0.2,0.0,0.3333333333333333,0.3333333333333333,0.0,0.3333333333333333,0.3333333333333333,0.6890130353817505,0.0,0.06666666666666667,0.33333333333333337,0.3333333333333333,0.3109869646182495,0.03149252215791229,0.1533986527862829,0.29669109482567174
0.3724100327153762,0.3333333333333333,0.5,0.6923076923076923,0.5,0.2777777777777777,0.5,1.0,0.0,0.0,0.0,0.0,0.3333333333333333,1.0,0.0,0.3333333333333333,1.0,0.5838705056582151,0.0,0.06666666666666667,0.6555555555555557,0.5333333333333333,0.4161294943417849,0.04213992485892917,0.4036812850346226,0.6352004646475001
0.3729552889858233,0.6666666666666666,1.0,0.0769230769230769,0.3333333333333333,0.7222222222222221,1.0,1.0,0.5,0.3333333333333333,1.0,0.6666666666666666,0.0833333333333333,0.6666666666666666,0.3333333333333333,0.6666666666666666,0.6666666666666666,0.2377882824810199,0.0,0.6,0.6777777777777778,0.2583333333333333,0.7622117175189801,0.6946777492493145,0.7644754816524565,0.5635593365107022
0.3735005452562704,0.6666666666666666,1.0,0.8461538461538463,0.3333333333333333,0.2777777777777777,0.5,1.0,0.5,0.3333333333333333,1.0,0.3333333333333333,0.25,0.6666666666666666,0.6666666666666666,0.6666666666666666,0.6666666666666666,0.2667239650479874,0.0,0.4666666666666667,0.5888888888888889,0.375,0.7332760349520127,0.519793434585201,0.6390008950021198,0.7870137856813407
0.3740458015267175,0.3333333333333333,0.0,1.0,0.3333333333333333,0.8888888888888888,0.5,0.3333333333333333,1.0,0.0,0.8,0.0,0.3333333333333333,0.3333333333333333,0.3333333333333333,0.3333333333333333,0.3333333333333333,0.5721243374874659,0.0,0.06666666666666667,0.4444444444444444,0.3333333333333333,0.42787566251253406,0.043329416713811165,0.28140750859673086,0.4082064948154222
0.3745910577971647,0.3333333333333333,1.0,0.8461538461538463,0.1666666666666666,1.0,1.0,0.6666666666666666,0.0,0.0,0.4,0.0,0.3333333333333333,0.0,1.0,0.3333333333333333,0.0,0.9210714797306976,0.0,0.06666666666666667,0.5333333333333333,0.2333333333333333,0.07892852026930242,0.00799280502487779,0.06229214753403365,0.05271015903927298
0.3751363140676118,0.3333333333333333,0.0,0.2307692307692307,0.1666666666666666,0.0555555555555555,1.0,0.0,1.0,0.0,1.0,0.0,0.1666666666666666,0.3333333333333333,0.0,0.3333333333333333,0.3333333333333333,0.4939120469846726,0.0,0.06666666666666667,0.07777777777777774,0.21666666666666662,0.5060879530153274,0.05124969174753761,0.058248151114042086,0.3138352209638019
0.3756815703380589,0.6666666666666666,0.0,0.6923076923076923,0.6666666666666666,1.0,0.0,0.3333333333333333,1.0,0.3333333333333333,0.8,0.6666666666666666,0.0,1.0,0.3333333333333333,0.6666666666666666,1.0,0.8445781406675261,0.0,0.6,0.6000000000000001,0.3,0.15542185933247388,0.14165107271856914,0.13799519525177825,0.13344949520832267
0.376226826608506,1.0,1.0,0.3076923076923077,0.5,0.6111111111111112,0.0,1.0,0.5,1.0,0.2,1.0,0.1666666666666666,0.0,0.0,1.0,0.0,0.696461824953445,0.0,1.2,0.7222222222222223,0.11666666666666661,0.303538175046555,0.5532877844988904,0.32440293937538284,0.10135465245391959
0.3767720828789531,0.6666666666666666,0.5,0.4615384615384615,0.6666666666666666,0.3333333333333333,0.5,1.0,0.5,0.3333333333333333,0.6000000000000001,1.0,0.1666666666666666,0.6666666666666666,0.0,0.6666666666666666,0.6666666666666666,0.2584156997564819,0.0,0.7333333333333333,0.7333333333333334,0.3166666666666666,0.7415843002435181,0.826073081219084,0.8047529323095765,0.6721194417396947
0.3773173391494002,0.0,0.0,0.3076923076923077,0.1666666666666666,0.2222222222222222,0.0,0.3333333333333333,0.5,0.6666666666666666,0.8,0.3333333333333333,0.0833333333333333,0.3333333333333333,0.3333333333333333,0.0,0.3333333333333333,0.691018478727976,0.0,0.5333333333333333,0.2444444444444444,0.1583333333333333,0.30898152127202405,0.2503155054615083,0.1117669226058693,0.14001947419668936
0.3784078516902944,0.6666666666666666,1.0,0.0,0.5,0.8888888888888888,0.5,0.6666666666666666,0.5,0.3333333333333333,0.8,1.0,0.3333333333333333,0.0,0.3333333333333333,0.6666666666666666,0.0,0.5567970204841712,0.0,0.7333333333333333,0.6444444444444445,0.2333333333333333,0.44320297951582877,0.4936971437689485,0.4226576852418861,0.295980457472796
0.3789531079607415,1.0,0.5,0.8461538461538463,0.8333333333333333,0.4999999999999999,1.0,0.6666666666666666,1.0,1.0,0.0,1.0,0.0833333333333333,1.0,1.0,1.0,1.0,0.996132359260851,0.0,1.2,0.7,0.3583333333333333,0.0038676407391490253,0.007049915139910181,0.004006312120212819,0.003966586378311798
0.3794983642311886,0.3333333333333333,0.5,0.8461538461538463,0.3333333333333333,0.0555555555555555,0.0,0.0,0.5,0.0,0.6000000000000001,0.3333333333333333,0.0833333333333333,0.6666666666666666,0.0,0.3333333333333333,0.6666666666666666,0.3356252685861624,0.0,0.2,0.14444444444444443,0.2583333333333333,0.6643747314138376,0.20183645937595196,0.14200857317819962,0.4912212371239687
0.3800436205016357,0.6666666666666666,1.0,0.0,0.6666666666666666,0.2777777777777777,0.0,0.6666666666666666,1.0,0.3333333333333333,0.6000000000000001,0.0,0.0833333333333333,0.6666666666666666,0.6666666666666666,0.6666666666666666,0.6666666666666666,0.2515398939979945,0.0,0.3333333333333333,0.5888888888888889,0.2583333333333333,0.7484601060020055,0.37896920376575716,0.6522327947618823,0.5533917559234015
0.3805888767720829,1.0,0.5,0.4615384615384615,0.5,0.3888888888888889,1.0,0.6666666666666666,0.0,1.0,0.4,0.3333333333333333,0.3333333333333333,1.0,0.6666666666666666,1.0,1.0,0.9177768228047556,0.0,0.9333333333333333,0.5444444444444445,0.5333333333333333,0.08222317719524441,0.11657020177843562,0.06624428847331494,0.12550948940022918
0.38113413304253,1.0,1.0,0.1538461538461538,0.5,1.0,1.0,0.0,0.5,1.0,0.8,1.0,0.3333333333333333,0.6666666666666666,0.3333333333333333,1.0,0.6666666666666666,0.997564818793869,0.0,1.2,0.4,0.4333333333333333,0.002435181206130954,0.004438835458462124,0.0014414244665316475,0.003020208749722441
0.3816793893129771,1.0,0.5,0.3846153846153846,0.5,0.1111111111111111,1.0,0.0,0.5,1.0,0.2,0.6666666666666666,0.1666666666666666,0.0,1.0,1.0,0.0,0.8014611087236786,0.0,1.0666666666666667,0.22222222222222224,0.11666666666666661,0.1985388912763214,0.32168501675442784,0.06528804936643269,0.0662942653615538
0.3822246455834242,0.6666666666666666,0.0,0.9230769230769232,0.3333333333333333,0.4444444444444445,0.5,0.3333333333333333,0.5,0.3333333333333333,0.0,0.6666666666666666,0.0,0.0,0.3333333333333333,0.6666666666666666,0.0,0.2375017905744162,0.0,0.6,0.35555555555555557,0.0,0.7624982094255838,0.6949388572174594,0.4011870554430261,0.0
0.3827699018538713,0.6666666666666666,1.0,0.6923076923076923,0.5,0.1111111111111111,1.0,1.0,0.5,0.3333333333333333,0.6000000000000001,0.0,0.25,1.0,0.0,0.6666666666666666,1.0,0.4268729408394213,0.0,0.3333333333333333,0.6222222222222223,0.475,0.5731270591605787,0.29019249459651564,0.5277120919496915,0.7791626095423564
0.3844056706652127,0.6666666666666666,0.0,0.7692307692307693,0.3333333333333333,0.7222222222222221,0.5,0.3333333333333333,1.0,0.3333333333333333,0.4,0.6666666666666666,0.25,0.6666666666666666,0.0,0.6666666666666666,0.6666666666666666,0.3139951296375877,0.0,0.6,0.4111111111111111,0.375,0.6860048703624123,0.6252230297227903,0.41733713316689436,0.7362783785168863
0.3849509269356598,0.6666666666666666,0.5,0.6923076923076923,0.3333333333333333,0.1666666666666666,0.5,0.6666666666666666,0.0,0.3333333333333333,0.0,0.0,0.3333333333333333,0.6666666666666666,0.6666666666666666,0.6666666666666666,0.6666666666666666,0.4556653774530869,0.0,0.3333333333333333,0.43333333333333335,0.4333333333333333,0.5443346225469131,0.2756139663750961,0.3490508266993264,0.6751054852320676
0.3854961832061069,0.3333333333333333,1.0,0.9230769230769232,0.3333333333333333,0.4444444444444445,0.5,0.6666666666666666,0.0,0.0,0.4,0.6666666666666666,0.0833333333333333,0.3333333333333333,0.3333333333333333,0.3333333333333333,0.3333333333333333,0.0932531155994843,0.0,0.3333333333333333,0.48888888888888893,0.1583333333333333,0.9067468844005158,0.45911484398798896,0.6559894483960621,0.41090555014605645
0.386041439476554,0.0,0.0,0.9230769230769232,0.0,0.8333333333333333,1.0,0.3333333333333333,1.0,0.6666666666666666,0.2,0.6666666666666666,0.0833333333333333,0.6666666666666666,0.6666666666666666,0.0,0.6666666666666666,0.9495774244377596,0.0,0.6666666666666666,0.3,0.2583333333333333,0.05042257556224039,0.05106111377054414,0.02238447406849122,0.03728112882010286
0.3865866957470011,0.3333333333333333,1.0,0.1538461538461538,0.5,0.8333333333333333,1.0,0.0,1.0,0.0,0.8,0.0,0.0833333333333333,0.0,0.3333333333333333,0.3333333333333333,0.0,0.3861910901017046,0.0,0.06666666666666667,0.3666666666666667,0.058333333333333307,0.6138089098982954,0.0621582024166993,0.3330467756371002,0.10247868942072802
0.3871319520174482,1.0,0.0,0.8461538461538463,0.6666666666666666,0.4444444444444445,0.0,0.0,1.0,1.0,0.0,0.3333333333333333,0.0,1.0,0.3333333333333333,1.0,1.0,0.8074774387623549,0.0,0.9333333333333333,0.35555555555555557,0.3,0.1925225612376451,0.2729448627007268,0.10129539780488957,0.16530518116127715
0.3876772082878953,0.6666666666666666,0.0,0.5384615384615385,0.5,0.9444444444444444,1.0,0.6666666666666666,1.0,0.3333333333333333,0.2,0.3333333333333333,0.1666666666666666,1.0,0.0,0.6666666666666666,1.0,0.402521128778112,0.0,0.4666666666666667,0.6555555555555556,0.41666666666666663,0.5974788712218879,0.4235316303291411,0.5796057280135662,0.7125164420300996
0.3882224645583424,0.3333333333333333,0.0,0.7692307692307693,0.5,0.9444444444444444,0.5,0.3333333333333333,0.5,0.0,0.6000000000000001,0.3333333333333333,0.1666666666666666,0.6666666666666666,0.6666666666666666,0.3333333333333333,0.6666666666666666,0.3191519839564532,0.0,0.2,0.5222222222222223,0.3166666666666666,0.6808480160435468,0.20684102876539454,0.5261458382401433,0.6170723790976955
0.3887677208287896,0.3333333333333333,0.0,0.1538461538461538,0.1666666666666666,0.3888888888888889,0.0,0.0,1.0,0.0,0.6000000000000001,0.0,0.0833333333333333,0.3333333333333333,0.6666666666666666,0.3333333333333333,0.3333333333333333,0.1973929236499068,0.0,0.06666666666666667,0.14444444444444443,0.1583333333333333,0.8026070763500932,0.08127710808419282,0.1715554194733619,0.36371308016877635
0.3898582333696838,0.3333333333333333,1.0,0.5384615384615385,0.1666666666666666,1.0,0.0,0.3333333333333333,0.0,0.0,0.2,0.3333333333333333,0.25,1.0,0.0,0.3333333333333333,1.0,0.74960607362842,0.0,0.2,0.39999999999999997,0.475,0.25039392637158,0.07606945471952652,0.1482123510292524,0.34040895813047706
0.3904034896401309,1.0,0.0,0.7692307692307693,0.6666666666666666,0.9444444444444444,0.0,0.3333333333333333,0.0,1.0,0.0,0.6666666666666666,0.0,0.0,0.0,1.0,0.0,0.800315141097264,0.0,1.0666666666666667,0.5888888888888889,0.0,0.19968485890273602,0.3235417845279023,0.17401196476517972,0.0
0.390948745910578,0.6666666666666666,0.0,0.9230769230769232,0.6666666666666666,0.1666666666666666,0.0,0.0,0.5,0.3333333333333333,0.4,0.6666666666666666,0.0833333333333333,1.0,0.3333333333333333,0.6666666666666666,1.0,0.5361696032087093,0.0,0.6,0.3,0.3583333333333333,0.4638303967912907,0.4227338004264763,0.2059117245277686,0.4756965441842191
0.3914940021810251,0.3333333333333333,0.0,0.6923076923076923,0.5,0.5555555555555556,1.0,0.6666666666666666,0.0,0.0,0.6000000000000001,0.3333333333333333,0.0,0.6666666666666666,1.0,0.3333333333333333,0.6666666666666666,0.1372296232631428,0.0,0.2,0.5777777777777778,0.19999999999999998,0.8627703767368572,0.26210888202271637,0.7376607470912432,0.4938656280428432
0.3920392584514722,0.6666666666666666,0.0,0.7692307692307693,0.5,0.2222222222222222,0.0,0.3333333333333333,1.0,0.3333333333333333,0.6000000000000001,0.3333333333333333,0.0,0.3333333333333333,0.6666666666666666,0.6666666666666666,0.3333333333333333,0.0509955593754476,0.0,0.4666666666666667,0.3777777777777778,0.09999999999999999,0.9490044406245524,0.6727156679286885,0.5305242828206699,0.27161379593091783
0.3925845147219193,0.6666666666666666,1.0,0.0769230769230769,0.6666666666666666,0.1666666666666666,1.0,0.3333333333333333,0.5,0.3333333333333333,0.8,0.6666666666666666,0.0833333333333333,0.0,0.3333333333333333,0.6666666666666666,0.0,0.4016616530583011,0.0,0.6,0.43333333333333335,0.058333333333333307,0.598338346941699,0.5453239914704731,0.383680342927128,0.09989579596508308
0.3931297709923664,0.3333333333333333,1.0,0.6153846153846154,0.5,1.0,0.5,1.0,0.0,0.0,0.6000000000000001,0.0,0.1666666666666666,0.6666666666666666,1.0,0.3333333333333333,0.6666666666666666,0.4177051998281048,0.0,0.06666666666666667,0.8,0.3166666666666666,0.5822948001718953,0.0589668828060403,0.6893400537001273,0.527750730282376
0.3936750272628135,0.6666666666666666,0.5,0.9230769230769232,0.3333333333333333,0.8888888888888888,0.5,0.6666666666666666,0.0,0.3333333333333333,0.6000000000000001,0.0,0.25,1.0,0.6666666666666666,0.6666666666666666,1.0,0.5039392637158,0.0,0.3333333333333333,0.5777777777777778,0.475,0.4960607362842,0.25117135935709417,0.4241273729332517,0.6743914313534567
0.3942202835332606,0.6666666666666666,0.5,0.6153846153846154,0.6666666666666666,0.4999999999999999,0.5,0.0,1.0,0.3333333333333333,1.0,1.0,0.0,0.3333333333333333,0.3333333333333333,0.6666666666666666,0.3333333333333333,0.3054003724394786,0.0,0.7333333333333333,0.36666666666666664,0.09999999999999999,0.6945996275605214,0.7737354396042763,0.3768830373545621,0.19880079946702198
0.3953107960741548,0.3333333333333333,0.5,0.2307692307692307,0.3333333333333333,0.2222222222222222,0.0,0.6666666666666666,1.0,0.0,1.0,0.3333333333333333,0.1666666666666666,0.6666666666666666,0.0,0.3333333333333333,0.6666666666666666,0.1926658071909468,0.0,0.2,0.4444444444444445,0.3166666666666666,0.8073341928090532,0.245267418077375,0.5309717838805408,0.7317104836092176
0.3958560523446019,0.3333333333333333,1.0,0.9230769230769232,0.1666666666666666,0.3333333333333333,1.0,0.3333333333333333,0.0,0.0,1.0,0.3333333333333333,0.25,0.0,0.0,0.3333333333333333,0.0,0.4308838275318722,0.0,0.2,0.2666666666666666,0.175,0.5691161724681277,0.17289699290656685,0.22457958453059487,0.2850509916465946
0.3964013086150491,0.3333333333333333,0.0,0.3076923076923077,0.1666666666666666,0.0,0.0,0.3333333333333333,0.5,0.0,0.6000000000000001,1.0,0.0,0.6666666666666666,1.0,0.3333333333333333,0.6666666666666666,0.579286635152557,0.0,0.4666666666666667,0.19999999999999996,0.19999999999999998,0.42071336484744304,0.2982288176160842,0.12451363700598234,0.24082406600727718
0.3969465648854962,0.3333333333333333,1.0,0.6153846153846154,0.3333333333333333,0.6666666666666665,0.0,0.6666666666666666,1.0,0.0,1.0,0.3333333333333333,0.0,0.6666666666666666,0.6666666666666666,0.3333333333333333,0.6666666666666666,0.1575705486320011,0.0,0.2,0.5333333333333333,0.19999999999999998,0.8424294513679988,0.2559293267766221,0.6648641009939233,0.48222210833803103
0.3974918211559433,0.6666666666666666,1.0,0.8461538461538463,0.5,0.1111111111111111,0.5,1.0,0.0,0.3333333333333333,0.6000000000000001,0.0,0.0,1.0,1.0,0.6666666666666666,1.0,0.4962039822375018,0.0,0.3333333333333333,0.6222222222222223,0.3,0.5037960177624983,0.25508797887926654,0.46387488812473515,0.43257315635730037
0.3980370774263904,0.3333333333333333,1.0,0.2307692307692307,0.1666666666666666,0.2222222222222222,1.0,0.3333333333333333,1.0,0.0,1.0,0.3333333333333333,0.25,0.6666666666666666,0.6666666666666666,0.3333333333333333,0.6666666666666666,0.3523850451224753,0.0,0.2,0.2444444444444444,0.375,0.6476149548775247,0.19674485399712782,0.234259739036224,0.6950750781530263
0.3985823336968375,0.3333333333333333,0.0,0.5384615384615385,0.3333333333333333,0.4444444444444445,0.0,1.0,1.0,0.0,0.0,0.6666666666666666,0.25,0.3333333333333333,0.3333333333333333,0.3333333333333333,0.3333333333333333,0.2280475576564962,0.0,0.3333333333333333,0.6222222222222222,0.27499999999999997,0.7719524423435038,0.390864122314577,0.7107824202741532,0.6075846871316558
0.3991275899672846,0.6666666666666666,0.5,0.3846153846153846,0.3333333333333333,0.4444444444444445,1.0,1.0,0.0,0.3333333333333333,0.6000000000000001,0.6666666666666666,0.0,0.3333333333333333,0.3333333333333333,0.6666666666666666,0.3333333333333333,0.1395215585159719,0.0,0.6,0.6222222222222222,0.09999999999999999,0.8604784414840281,0.7842377823229906,0.7922935606952753,0.24627684108030545
0.3996728462377317,0.6666666666666666,1.0,0.1538461538461538,0.3333333333333333,0.3888888888888889,0.0,0.0,0.0,0.3333333333333333,0.6000000000000001,1.0,0.1666666666666666,1.0,0.3333333333333333,0.6666666666666666,1.0,0.4333190087380031,0.0,0.7333333333333333,0.2111111111111111,0.41666666666666663,0.5666809912619969,0.6312430189883516,0.1770314192849404,0.6757887903790636
0.4002181025081788,0.3333333333333333,0.0,1.0,0.3333333333333333,0.4444444444444445,1.0,1.0,1.0,0.0,0.2,1.0,0.0,1.0,1.0,0.3333333333333333,1.0,0.3336198252399369,0.0,0.4666666666666667,0.6222222222222222,0.3,0.6663801747600631,0.4723733263704542,0.6135757689952424,0.5721723978885871
0.4007633587786259,0.0,0.5,0.1538461538461538,0.1666666666666666,0.3333333333333333,1.0,0.6666666666666666,0.5,0.6666666666666666,0.8,0.3333333333333333,0.25,0.3333333333333333,0.3333333333333333,0.0,0.3333333333333333,0.7794012319151984,0.0,0.5333333333333333,0.39999999999999997,0.27499999999999997,0.2205987680848016,0.17871389819690442,0.1305760987328654,0.17362783785168862
0.401308615049073,0.3333333333333333,1.0,0.6923076923076923,0.5,0.2777777777777777,0.0,1.0,1.0,0.0,0.2,1.0,0.1666666666666666,0.6666666666666666,0.6666666666666666,0.3333333333333333,0.6666666666666666,0.1648760922503939,0.0,0.4666666666666667,0.6555555555555557,0.3166666666666666,0.8351239077496061,0.5919897877772459,0.8101417871779171,0.7568971113274909
0.4018538713195202,0.3333333333333333,0.0,1.0,0.3333333333333333,0.3888888888888889,1.0,0.6666666666666666,0.5,0.0,0.8,0.6666666666666666,0.1666666666666666,0.0,0.0,0.3333333333333333,0.0,0.2314854605357398,0.0,0.3333333333333333,0.4777777777777778,0.11666666666666661,0.7685145394642602,0.3891234025269449,0.5433487210890763,0.25661524795435514
0.4023991275899673,0.3333333333333333,0.0,0.6153846153846154,0.3333333333333333,0.3333333333333333,1.0,0.3333333333333333,1.0,0.0,0.4,0.0,0.25,0.6666666666666666,0.0,0.3333333333333333,0.6666666666666666,0.2049849591749033,0.0,0.06666666666666667,0.3333333333333333,0.375,0.7950150408250967,0.08050829017798859,0.3921522445711055,0.8532773023112797
0.4029443838604144,0.6666666666666666,0.5,0.3076923076923077,0.5,0.1666666666666666,0.5,1.0,0.0,0.3333333333333333,0.4,0.6666666666666666,0.1666666666666666,1.0,0.6666666666666666,0.6666666666666666,1.0,0.3624122618536026,0.0,0.6,0.6333333333333334,0.41666666666666663,0.6375877381463975,0.5810957831063145,0.5975481652456547,0.760347802319821
0.4034896401308615,0.6666666666666666,0.5,0.8461538461538463,0.5,0.5555555555555556,0.0,0.0,0.5,0.3333333333333333,0.8,0.0,0.0,0.3333333333333333,0.6666666666666666,0.6666666666666666,0.3333333333333333,0.0257842715943274,0.0,0.3333333333333333,0.3111111111111111,0.09999999999999999,0.9742157284056726,0.4932764698202706,0.448509114890009,0.2788294982831958
0.4040348964013086,0.6666666666666666,0.5,0.0769230769230769,0.5,1.0,0.5,0.0,0.5,0.3333333333333333,1.0,0.6666666666666666,0.0833333333333333,0.3333333333333333,0.0,0.6666666666666666,0.3333333333333333,0.3989399799455665,0.0,0.6,0.4,0.1583333333333333,0.6010600200544335,0.547804517167849,0.3557774742098074,0.27237909769555335
0.4045801526717557,0.3333333333333333,1.0,0.5384615384615385,0.1666666666666666,0.2777777777777777,1.0,0.0,0.5,0.0,0.8,1.0,0.1666666666666666,0.6666666666666666,0.6666666666666666,0.3333333333333333,0.6666666666666666,0.3215871651625842,0.0,0.4666666666666667,0.12222222222222218,0.3166666666666666,0.6784128348374159,0.4809028533298519,0.12270008007913699,0.6148653034728984
0.4056706652126499,0.6666666666666666,0.0,1.0,0.5,0.2777777777777777,0.0,0.0,0.5,0.3333333333333333,0.6000000000000001,0.6666666666666666,0.25,0.6666666666666666,0.3333333333333333,0.6666666666666666,0.6666666666666666,0.1989686291362269,0.0,0.6,0.25555555555555554,0.375,0.8010313708637731,0.7300578789329387,0.3029252437703141,0.8597345359503921
0.4062159214830971,0.3333333333333333,1.0,0.1538461538461538,0.3333333333333333,0.3333333333333333,0.0,0.0,0.5,0.0,0.0,0.0,0.0833333333333333,1.0,0.3333333333333333,0.3333333333333333,1.0,0.3702907892852027,0.0,0.06666666666666667,0.2,0.3583333333333333,0.6297092107147972,0.06376836822025907,0.1863677045550897,0.645819026631818
0.4067611777535442,0.6666666666666666,0.5,0.2307692307692307,0.3333333333333333,0.2777777777777777,0.0,0.0,0.5,0.3333333333333333,1.0,0.0,0.0833333333333333,0.6666666666666666,1.0,0.6666666666666666,0.6666666666666666,0.1836413121329322,0.0,0.3333333333333333,0.18888888888888888,0.2583333333333333,0.8163586878670678,0.4133484195714928,0.22818550096566018,0.6035941850731991
0.4073064340239913,0.6666666666666666,0.0,0.9230769230769232,0.6666666666666666,0.4444444444444445,0.0,1.0,0.5,0.3333333333333333,0.8,0.6666666666666666,0.1666666666666666,0.0,0.6666666666666666,0.6666666666666666,0.0,0.4361839278040395,0.0,0.6,0.7555555555555556,0.11666666666666661,0.5638160721959605,0.5138604813090213,0.6303829666965002,0.18826423410034332
0.4078516902944384,0.3333333333333333,1.0,0.1538461538461538,0.1666666666666666,0.6666666666666665,1.0,0.3333333333333333,0.0,0.0,0.4,1.0,0.0,1.0,0.6666666666666666,0.3333333333333333,1.0,0.3824666953158573,0.0,0.4666666666666667,0.33333333333333326,0.3,0.6175333046841427,0.43774750859480394,0.30460690564793436,0.5302311279659714
0.4083969465648855,0.6666666666666666,0.0,0.4615384615384615,0.3333333333333333,0.5555555555555556,0.5,0.0,0.5,0.3333333333333333,1.0,0.3333333333333333,0.1666666666666666,0.3333333333333333,0.6666666666666666,0.6666666666666666,0.3333333333333333,0.2026930239220742,0.0,0.4666666666666667,0.24444444444444446,0.21666666666666662,0.7973069760779258,0.5651827030477101,0.28840736728060673,0.4944259382633799
0.4089422028353326,0.6666666666666666,0.0,0.6923076923076923,0.6666666666666666,0.7222222222222221,0.0,0.3333333333333333,0.5,0.3333333333333333,0.6000000000000001,1.0,0.0833333333333333,0.0,1.0,0.6666666666666666,0.0,0.3977940123191519,0.0,0.7333333333333333,0.5444444444444445,0.058333333333333307,0.6022059876808481,0.6708153821605234,0.48517593857459146,0.10054151932899431
0.4094874591057797,0.6666666666666666,0.0,0.0769230769230769,0.5,0.6666666666666665,0.0,0.6666666666666666,0.0,0.3333333333333333,0.6000000000000001,0.0,0.0,0.0,0.0,0.6666666666666666,0.0,0.1091534164159862,0.0,0.3333333333333333,0.6,0.0,0.8908465835840138,0.4510640149701901,0.7909604785906073,0.0
0.410577971646674,0.6666666666666666,1.0,1.0,0.6666666666666666,0.4999999999999999,0.0,0.6666666666666666,0.5,0.3333333333333333,0.2,1.0,0.1666666666666666,0.6666666666666666,0.0,0.6666666666666666,0.6666666666666666,0.2173041111588597,0.0,0.7333333333333333,0.6333333333333333,0.3166666666666666,0.7826958888411403,0.8718685176320408,0.7335437373404304,0.7093800714053878
0.4111232279171211,0.6666666666666666,0.0,0.6153846153846154,0.3333333333333333,0.5555555555555556,0.5,0.0,0.5,0.3333333333333333,0.8,0.3333333333333333,0.1666666666666666,0.3333333333333333,0.6666666666666666,0.6666666666666666,0.3333333333333333,0.2026930239220742,0.0,0.4666666666666667,0.24444444444444446,0.21666666666666662,0.7973069760779258,0.5651827030477101,0.28840736728060673,0.4944259382633799
0.4116684841875682,0.3333333333333333,0.0,0.3076923076923077,0.1666666666666666,0.3888888888888889,0.5,0.3333333333333333,0.0,0.0,0.0,0.0,0.0,1.0,1.0,0.3333333333333333,1.0,0.3883397794012319,0.0,0.06666666666666667,0.27777777777777773,0.3,0.6116602205987681,0.06194061244324528,0.2514249375853785,0.5251883359811409
0.4122137404580153,0.3333333333333333,1.0,0.2307692307692307,0.3333333333333333,0.6666666666666665,0.5,0.0,1.0,0.0,0.2,0.6666666666666666,0.25,0.0,0.3333333333333333,0.3333333333333333,0.0,0.3066895860191949,0.0,0.3333333333333333,0.2666666666666666,0.175,0.6933104139808051,0.3510451571724908,0.27358801639267033,0.34725567570337723
0.4127589967284624,0.6666666666666666,0.5,0.7692307692307693,0.6666666666666666,0.5555555555555556,0.5,1.0,0.5,0.3333333333333333,0.6000000000000001,0.3333333333333333,0.1666666666666666,0.0,0.3333333333333333,0.6666666666666666,0.0,0.4241512677266867,0.0,0.4666666666666667,0.7777777777777779,0.11666666666666661,0.5758487322733132,0.40819879019974753,0.6627726223562108,0.19228206836467987
0.4133042529989095,0.6666666666666666,0.5,0.3076923076923077,0.5,0.1111111111111111,0.5,0.3333333333333333,0.5,0.3333333333333333,0.8,0.0,0.0,0.0,0.0,0.6666666666666666,0.0,0.1829250823664231,0.0,0.3333333333333333,0.35555555555555557,0.0,0.8170749176335769,0.41371106952724945,0.42990249187432283,0.0
0.4138495092693566,0.3333333333333333,0.0,0.1538461538461538,0.5,0.3888888888888889,1.0,0.6666666666666666,0.5,0.0,0.2,0.0,0.1666666666666666,0.0,1.0,0.3333333333333333,0.0,0.2905027932960894,0.0,0.06666666666666667,0.5444444444444445,0.11666666666666661,0.7094972067039106,0.07184820923451847,0.5716166564605021,0.2369087275149899
0.4149400218102508,0.3333333333333333,0.0,0.9230769230769232,0.3333333333333333,0.4444444444444445,0.0,0.3333333333333333,1.0,0.0,1.0,0.3333333333333333,0.0833333333333333,1.0,0.0,0.3333333333333333,1.0,0.301102993840424,0.0,0.2,0.35555555555555557,0.3583333333333333,0.6988970061595761,0.21232429609643588,0.36772339723962505,0.7167768496216199
0.4154852780806979,0.3333333333333333,0.0,0.2307692307692307,0.1666666666666666,0.1666666666666666,0.5,0.6666666666666666,1.0,0.0,0.8,1.0,0.3333333333333333,0.0,0.3333333333333333,0.3333333333333333,0.0,0.703624122618536,0.0,0.4666666666666667,0.36666666666666664,0.2333333333333333,0.296375877381464,0.21009037236897457,0.1608106834989872,0.19792616887886705
0.416030534351145,0.3333333333333333,0.0,0.9230769230769232,0.3333333333333333,0.1666666666666666,0.0,1.0,0.5,0.0,0.8,1.0,0.1666666666666666,0.0,0.3333333333333333,0.3333333333333333,0.0,0.3392064174187079,0.0,0.4666666666666667,0.5666666666666667,0.11666666666666661,0.6607935825812921,0.4684131888535909,0.5541075886758678,0.22064606501648465
0.4165757906215921,1.0,0.5,0.3846153846153846,1.0,0.4444444444444445,0.0,0.0,1.0,1.0,1.0,0.6666666666666666,0.0,0.3333333333333333,0.3333333333333333,1.0,0.3333333333333333,0.9462827675118178,0.0,1.0666666666666667,0.48888888888888893,0.09999999999999999,0.053717232488182165,0.08703598938160921,0.03886193414668611,0.015374365807410431
0.4171210468920392,0.3333333333333333,0.0,0.9230769230769232,0.1666666666666666,0.6666666666666665,1.0,1.0,0.5,0.0,0.6000000000000001,1.0,0.25,0.0,0.3333333333333333,0.3333333333333333,0.0,0.415986248388483,0.0,0.4666666666666667,0.6,0.175,0.5840137516115169,0.41398668349362455,0.5185312544161288,0.2925126838517911
0.4176663031624864,0.0,0.5,0.4615384615384615,0.1666666666666666,0.1666666666666666,1.0,0.0,0.0,0.6666666666666666,0.6000000000000001,0.6666666666666666,0.3333333333333333,0.6666666666666666,1.0,0.0,0.6666666666666666,0.9179200687580577,0.0,0.6666666666666666,0.09999999999999995,0.4333333333333333,0.08207993124194235,0.0831193698594368,0.012146120872391523,0.10179880079946695
0.4182115594329335,0.3333333333333333,0.5,0.3076923076923077,0.3333333333333333,0.8888888888888888,1.0,1.0,0.0,0.0,1.0,1.0,0.25,1.0,0.6666666666666666,0.3333333333333333,1.0,0.4227188081936685,0.0,0.4666666666666667,0.7111111111111111,0.475,0.5772811918063314,0.40921421007586634,0.6074709124311083,0.7848101265822784
0.4187568157033806,0.3333333333333333,0.5,0.5384615384615385,0.5,0.4444444444444445,0.5,1.0,0.5,0.0,0.0,1.0,0.3333333333333333,0.6666666666666666,0.0,0.3333333333333333,0.6666666666666666,0.3277467411545623,0.0,0.4666666666666667,0.688888888888889,0.4333333333333333,0.6722532588454377,0.47653654786254124,0.6853031230863443,0.8337552742616036
0.4193020719738277,0.6666666666666666,1.0,0.3846153846153846,0.3333333333333333,0.9444444444444444,1.0,0.3333333333333333,1.0,0.3333333333333333,0.0,1.0,0.25,1.0,0.3333333333333333,0.6666666666666666,1.0,0.5692594184214296,0.0,0.7333333333333333,0.45555555555555555,0.475,0.4307405815785704,0.4798149034625817,0.2903740166753026,0.5855890944498541
0.4203925845147219,0.3333333333333333,0.0,1.0,0.1666666666666666,0.3333333333333333,0.0,0.0,1.0,0.0,0.4,1.0,0.0833333333333333,0.3333333333333333,1.0,0.3333333333333333,0.3333333333333333,0.2108580432602779,0.0,0.4666666666666667,0.1333333333333333,0.1583333333333333,0.7891419567397221,0.5593948097538333,0.15570210561025008,0.35761116520610187
0.420937840785169,0.6666666666666666,0.5,0.2307692307692307,0.3333333333333333,0.4444444444444445,0.5,1.0,1.0,0.3333333333333333,0.0,0.0,0.0833333333333333,0.0,1.0,0.6666666666666666,0.0,0.24724251539894,0.0,0.3333333333333333,0.6222222222222222,0.058333333333333307,0.7527574846010601,0.38114510350029734,0.6931084836779877,0.1256768991612429
0.4214830970556161,0.3333333333333333,0.0,0.1538461538461538,0.5,0.3333333333333333,0.0,0.3333333333333333,0.0,0.0,0.6000000000000001,1.0,0.3333333333333333,0.6666666666666666,0.0,0.3333333333333333,0.6666666666666666,0.3578283913479444,0.0,0.4666666666666667,0.4,0.4333333333333333,0.6421716086520556,0.4552127304640468,0.3801121107918413,0.7964468132356206
0.4220283533260632,0.3333333333333333,0.0,0.7692307692307693,0.1666666666666666,0.4999999999999999,1.0,0.3333333333333333,0.5,0.0,0.2,1.0,0.3333333333333333,1.0,0.3333333333333333,0.3333333333333333,1.0,0.6417418707921501,0.0,0.4666666666666667,0.29999999999999993,0.5333333333333333,0.35825812920784994,0.2539565110173057,0.1590442319468651,0.5468627752438546
0.4225736095965103,0.6666666666666666,0.0,0.7692307692307693,0.5,0.4444444444444445,1.0,1.0,1.0,0.3333333333333333,0.0,0.6666666666666666,0.1666666666666666,0.6666666666666666,0.3333333333333333,0.6666666666666666,0.6666666666666666,0.140237788282481,0.0,0.6,0.688888888888889,0.3166666666666666,0.859762211717519,0.7835850124026283,0.8764520231758444,0.779227523531321
0.4231188658669575,0.3333333333333333,1.0,0.1538461538461538,0.1666666666666666,0.6666666666666665,0.0,0.0,0.0,0.0,0.4,0.6666666666666666,0.3333333333333333,0.6666666666666666,0.3333333333333333,0.3333333333333333,0.6666666666666666,0.522990975504942,0.0,0.3333333333333333,0.19999999999999996,0.4333333333333333,0.477009024495058,0.24152487053396576,0.14117480804559795,0.5916055962691539
0.4236641221374046,0.0,0.5,0.0769230769230769,0.1666666666666666,0.8888888888888888,1.0,1.0,1.0,0.6666666666666666,0.4,1.0,0.0,0.3333333333333333,0.0,0.0,0.3333333333333333,0.7276894427732417,0.0,0.8,0.6444444444444445,0.09999999999999999,0.27231055722675834,0.3309108316288785,0.2596872203118376,0.07793778506636602
0.4242093784078517,0.0,0.0,0.5384615384615385,0.1666666666666666,0.3333333333333333,0.0,0.6666666666666666,0.0,0.6666666666666666,0.6000000000000001,0.6666666666666666,0.3333333333333333,0.0,0.3333333333333333,0.0,0.0,0.927087809769374,0.0,0.6666666666666666,0.39999999999999997,0.2333333333333333,0.072912190230626,0.07383553099206523,0.04315794432144708,0.04869232477493639
0.4247546346782988,0.6666666666666666,0.0,0.0,0.5,0.8888888888888888,1.0,0.6666666666666666,0.0,0.3333333333333333,0.0,0.3333333333333333,0.1666666666666666,0.6666666666666666,0.0,0.6666666666666666,0.6666666666666666,0.2470992694456381,0.0,0.4666666666666667,0.6444444444444445,0.3166666666666666,0.7529007305543619,0.5337046868880282,0.7179989636817562,0.6823758519961052
0.4252998909487459,0.3333333333333333,0.5,0.6923076923076923,0.5,0.2777777777777777,1.0,0.0,1.0,0.0,0.6000000000000001,0.6666666666666666,0.25,0.0,0.0,0.3333333333333333,0.0,0.4103996562097121,0.0,0.3333333333333333,0.25555555555555554,0.175,0.5896003437902879,0.29853344357891987,0.22296858071505957,0.2953108184287398
0.4263904034896401,0.3333333333333333,0.5,0.3076923076923077,0.5,0.8888888888888888,0.5,0.3333333333333333,0.5,0.0,1.0,0.0,0.1666666666666666,0.3333333333333333,0.3333333333333333,0.3333333333333333,0.3333333333333333,0.1855035095258559,0.0,0.06666666666666667,0.5111111111111112,0.21666666666666662,0.8144964904741441,0.08248110593730507,0.6160346695557963,0.5050854985565177
0.4269356597600872,0.0,0.5,0.4615384615384615,0.0,0.6111111111111112,0.0,0.0,0.0,0.6666666666666666,0.6000000000000001,0.3333333333333333,0.0,0.6666666666666666,0.0,0.0,0.6666666666666666,0.9722102850594472,0.0,0.5333333333333333,0.12222222222222223,0.19999999999999998,0.027789714940552823,0.022513309253376183,0.005026143482971388,0.01590734382206728
0.4274809160305344,0.3333333333333333,0.5,0.4615384615384615,0.1666666666666666,0.1666666666666666,0.0,0.0,0.0,0.0,0.0,0.0,0.0833333333333333,0.6666666666666666,1.0,0.3333333333333333,0.6666666666666666,0.3167168027503223,0.0,0.06666666666666667,0.09999999999999995,0.2583333333333333,0.6832831972496777,0.06919361155837939,0.10111168684346879,0.5052016604315072
0.4280261723009815,0.6666666666666666,1.0,0.4615384615384615,0.5,0.2222222222222222,1.0,1.0,0.5,0.3333333333333333,1.0,0.0,0.3333333333333333,1.0,1.0,0.6666666666666666,1.0,0.560951153129924,0.0,0.3333333333333333,0.6444444444444445,0.5333333333333333,0.43904884687007595,0.22230442287886037,0.41869612322766026,0.6701856881736963
0.4285714285714286,0.3333333333333333,0.0,0.0769230769230769,0.1666666666666666,0.8333333333333333,0.5,0.0,0.5,0.0,0.6000000000000001,0.3333333333333333,0.25,0.0,0.0,0.3333333333333333,0.0,0.5450508523134221,0.0,0.2,0.23333333333333328,0.175,0.4549491476865779,0.1382131511379956,0.1570870036271138,0.2278686004202327
0.4291166848418757,1.0,0.0,0.5384615384615385,0.6666666666666666,0.3333333333333333,0.0,0.6666666666666666,0.5,1.0,0.6000000000000001,0.6666666666666666,0.3333333333333333,0.0,0.0,1.0,0.0,0.9547342787566252,0.0,1.0666666666666667,0.6,0.2333333333333333,0.0452657212433748,0.07334232705223598,0.04019030571388189,0.030229419703103864
0.4296619411123228,0.6666666666666666,1.0,0.0,0.5,0.7777777777777777,0.5,0.3333333333333333,0.0,0.3333333333333333,0.6000000000000001,1.0,0.0,0.6666666666666666,0.3333333333333333,0.6666666666666666,0.6666666666666666,0.2605643890560092,0.0,0.7333333333333333,0.48888888888888893,0.19999999999999998,0.7394356109439908,0.8236795915110896,0.5349474775071835,0.4232665402552145
0.4302071973827699,0.3333333333333333,1.0,0.3076923076923077,0.5,0.2777777777777777,0.5,0.6666666666666666,0.0,0.0,0.8,0.3333333333333333,0.0833333333333333,0.3333333333333333,0.0,0.3333333333333333,0.3333333333333333,0.1210428305400372,0.0,0.2,0.5222222222222223,0.1583333333333333,0.8789571694599628,0.2670264154227774,0.6792406613594612,0.39831223628691986
0.430752453653217,0.6666666666666666,0.0,1.0,0.3333333333333333,1.0,0.5,0.6666666666666666,0.5,0.3333333333333333,0.0,0.0,0.1666666666666666,0.0,0.6666666666666666,0.6666666666666666,0.0,0.6711072912190231,0.0,0.3333333333333333,0.6000000000000001,0.11666666666666661,0.3288927087809769,0.16652885968347908,0.2920156389844081,0.10982080322520024
0.4312977099236641,1.0,1.0,0.3076923076923077,0.8333333333333333,0.6111111111111112,0.0,0.6666666666666666,0.0,1.0,1.0,1.0,0.25,0.0,0.0,1.0,0.0,0.9528720813637014,0.0,1.2,0.7222222222222222,0.175,0.047127918636298616,0.08590452151964853,0.050367421922841486,0.023604776302977547
0.4323882224645584,0.0,0.0,0.3846153846153846,0.1666666666666666,0.5555555555555556,1.0,1.0,0.5,0.6666666666666666,1.0,0.0,0.0,0.3333333333333333,0.3333333333333333,0.0,0.3333333333333333,0.6360120326600773,0.0,0.39999999999999997,0.5777777777777778,0.09999999999999999,0.36398796733992267,0.2211584490186692,0.3112063686466626,0.10417670271101319
0.4329334787350055,0.3333333333333333,1.0,0.4615384615384615,0.3333333333333333,0.7222222222222221,0.0,0.6666666666666666,0.0,0.0,0.8,0.3333333333333333,0.0,1.0,0.6666666666666666,0.3333333333333333,1.0,0.3452227474573843,0.0,0.2,0.5444444444444445,0.3,0.6547772525426157,0.19892075373166804,0.527530736257007,0.5622098088453851
0.4334787350054526,0.6666666666666666,0.0,0.1538461538461538,0.3333333333333333,0.0555555555555555,1.0,0.0,1.0,0.3333333333333333,0.2,1.0,0.0,0.3333333333333333,0.3333333333333333,0.6666666666666666,0.3333333333333333,0.3144248674974932,0.0,0.7333333333333333,0.14444444444444443,0.09999999999999999,0.6855751325025068,0.7636827828307005,0.14654011022657681,0.196217906011377
0.4340239912758997,0.6666666666666666,1.0,0.6923076923076923,0.3333333333333333,0.5555555555555556,0.5,0.6666666666666666,0.5,0.3333333333333333,0.2,0.6666666666666666,0.25,1.0,1.0,0.6666666666666666,1.0,0.3820369574559519,0.0,0.6,0.5111111111111112,0.475,0.6179630425440481,0.5632098872883937,0.4673889490790899,0.8401168451801362
0.4345692475463468,0.3333333333333333,0.0,0.1538461538461538,0.1666666666666666,0.0555555555555555,1.0,0.6666666666666666,0.5,0.0,0.2,0.0,0.0833333333333333,0.6666666666666666,0.3333333333333333,0.3333333333333333,0.6666666666666666,0.4555221314997851,0.0,0.06666666666666667,0.34444444444444444,0.2583333333333333,0.544477868500215,0.0551372992732495,0.27752367045079845,0.4025726438784401
0.4351145038167939,0.3333333333333333,1.0,0.6153846153846154,0.3333333333333333,0.4444444444444445,1.0,1.0,0.5,0.0,0.6000000000000001,1.0,0.1666666666666666,0.6666666666666666,0.0,0.3333333333333333,0.6666666666666666,0.1885116745451941,0.0,0.4666666666666667,0.6222222222222222,0.3166666666666666,0.8114883254548059,0.575235359821286,0.7471854538602853,0.7354754949691658
0.435659760087241,0.3333333333333333,0.0,0.6923076923076923,0.5,0.8333333333333333,1.0,1.0,0.5,0.0,0.0,0.6666666666666666,0.0833333333333333,0.3333333333333333,0.6666666666666666,0.3333333333333333,0.3333333333333333,0.1814926228334049,0.0,0.3333333333333333,0.7666666666666667,0.1583333333333333,0.8185073771665952,0.4144363694387629,0.9286023835319611,0.37091853294384936
0.4362050163576881,0.3333333333333333,0.0,0.2307692307692307,0.1666666666666666,0.6111111111111112,0.5,0.6666666666666666,1.0,0.0,0.6000000000000001,0.3333333333333333,0.25,1.0,1.0,0.3333333333333333,1.0,0.4841713221601489,0.0,0.2,0.45555555555555555,0.475,0.5158286778398511,0.15670829888158755,0.3477342314758114,0.7012658227848103
0.4367502726281352,1.0,0.5,0.0769230769230769,0.6666666666666666,0.3333333333333333,0.5,1.0,1.0,1.0,0.2,0.0,0.0833333333333333,0.6666666666666666,0.3333333333333333,1.0,0.6666666666666666,0.6676693883397794,0.0,0.8,0.7333333333333334,0.2583333333333333,0.3323306116602206,0.4038469907306671,0.36063874888124736,0.24571653085976866
0.4372955288985823,0.6666666666666666,1.0,0.8461538461538463,0.6666666666666666,0.3333333333333333,0.0,1.0,0.5,0.3333333333333333,0.4,0.3333333333333333,0.25,0.3333333333333333,0.0,0.6666666666666666,0.3333333333333333,0.4476436040681851,0.0,0.4666666666666667,0.7333333333333334,0.27499999999999997,0.552356395931815,0.3915459042313996,0.599406472278487,0.43474606672474764
0.4389312977099237,1.0,0.0,0.0769230769230769,0.5,0.7222222222222221,0.0,0.0,0.0,1.0,0.4,0.3333333333333333,0.1666666666666666,0.3333333333333333,1.0,1.0,0.3333333333333333,0.680704770090245,0.0,0.9333333333333333,0.34444444444444444,0.21666666666666662,0.319295229909755,0.4526741807737499,0.162746714400113,0.19800133244503657
0.4394765539803708,0.0,1.0,0.4615384615384615,0.0,0.3333333333333333,1.0,1.0,0.5,0.6666666666666666,0.8,0.6666666666666666,0.0,0.3333333333333333,0.6666666666666666,0.0,0.3333333333333333,0.9005873084085374,0.0,0.6666666666666666,0.4666666666666667,0.09999999999999999,0.0994126915914626,0.10067162771806146,0.06865137312167321,0.02845282632091428
0.4400218102508179,0.3333333333333333,0.5,0.3076923076923077,0.1666666666666666,0.3888888888888889,0.5,0.0,0.0,0.0,0.2,0.0,0.25,1.0,0.6666666666666666,0.3333333333333333,1.0,0.5133934966337201,0.0,0.06666666666666667,0.14444444444444443,0.475,0.48660650336627986,0.04927687598822112,0.1040110226576852,0.6615384615384615
0.440567066521265,0.3333333333333333,0.0,0.7692307692307693,0.5,0.4444444444444445,0.5,1.0,0.5,0.0,0.4,0.0,0.3333333333333333,0.3333333333333333,0.3333333333333333,0.3333333333333333,0.3333333333333333,0.3407821229050279,0.0,0.06666666666666667,0.688888888888889,0.3333333333333333,0.6592178770949721,0.06675660385569433,0.6720146968769138,0.6289140572951367
0.4411123227917121,0.3333333333333333,0.0,0.5384615384615385,0.1666666666666666,0.2777777777777777,1.0,1.0,1.0,0.0,0.2,1.0,0.1666666666666666,0.3333333333333333,0.0,0.3333333333333333,0.3333333333333333,0.275748460106002,0.0,0.4666666666666667,0.5222222222222223,0.21666666666666662,0.7242515398939979,0.5133962893656526,0.5596872203118375,0.44912280701754376
0.4416575790621592,0.6666666666666666,0.0,0.6923076923076923,0.5,0.1111111111111111,0.0,0.0,0.5,0.3333333333333333,0.0,0.0,0.25,0.6666666666666666,0.3333333333333333,0.6666666666666666,0.6666666666666666,0.2555507806904455,0.0,0.3333333333333333,0.22222222222222224,0.375,0.7444492193095544,0.37693836401351954,0.244806632436761,0.7990057910111208
0.4422028353326063,0.6666666666666666,0.0,0.1538461538461538,0.3333333333333333,0.8333333333333333,1.0,0.3333333333333333,1.0,0.3333333333333333,0.6000000000000001,0.6666666666666666,0.3333333333333333,0.6666666666666666,0.6666666666666666,0.6666666666666666,0.6666666666666666,0.553072625698324,0.0,0.6,0.43333333333333335,0.4333333333333333,0.44692737430167595,0.40732843030593147,0.286589099816289,0.5542971352431711
0.4427480916030534,0.3333333333333333,1.0,0.1538461538461538,0.3333333333333333,0.8333333333333333,0.0,0.6666666666666666,0.0,0.0,0.0,0.3333333333333333,0.0,0.3333333333333333,0.3333333333333333,0.3333333333333333,0.3333333333333333,0.1885116745451941,0.0,0.2,0.5666666666666667,0.09999999999999999,0.8114883254548059,0.24652943992340834,0.6804724669084742,0.2322554194639471
0.4432933478735005,0.3333333333333333,0.0,0.3846153846153846,0.1666666666666666,0.3333333333333333,0.5,0.0,0.0,0.0,1.0,0.0,0.25,0.3333333333333333,1.0,0.3333333333333333,0.3333333333333333,0.3483741584300243,0.0,0.06666666666666667,0.1333333333333333,0.27499999999999997,0.6516258415699757,0.06598778594949012,0.1285694097696547,0.5128785937580075
0.4438386041439476,0.3333333333333333,0.5,1.0,0.3333333333333333,0.3333333333333333,0.0,1.0,0.5,0.0,0.2,0.6666666666666666,0.0,0.3333333333333333,0.0,0.3333333333333333,0.3333333333333333,0.0593038246669531,0.0,0.3333333333333333,0.6,0.09999999999999999,0.940696175333047,0.47630445189085685,0.8352206886805784,0.2692358940193717
0.4449291166848419,0.0,0.0,0.6153846153846154,0.1666666666666666,0.7777777777777777,1.0,1.0,1.0,0.6666666666666666,0.8,0.3333333333333333,0.0,1.0,0.3333333333333333,0.0,1.0,0.9944134078212292,0.0,0.5333333333333333,0.6222222222222222,0.3,0.005586592178770777,0.004525871447843543,0.005143906919779387,0.00479680213191191
0.445474372955289,0.3333333333333333,1.0,0.6153846153846154,0.3333333333333333,0.2777777777777777,0.5,0.0,0.5,0.0,0.4,1.0,0.0833333333333333,0.0,0.0,0.3333333333333333,0.0,0.1743303251683139,0.0,0.4666666666666667,0.18888888888888888,0.058333333333333307,0.8256696748316861,0.5852880165948621,0.23078807291912004,0.13784998035497698
0.4460196292257361,0.3333333333333333,1.0,0.2307692307692307,0.5,0.7222222222222221,0.5,0.0,0.0,0.0,0.8,1.0,0.3333333333333333,0.3333333333333333,1.0,0.3333333333333333,0.3333333333333333,0.3967912906460392,0.0,0.4666666666666667,0.34444444444444444,0.3333333333333333,0.6032087093539609,0.42759330983361626,0.3074591360874276,0.575479594800048
0.4465648854961832,1.0,0.5,0.3076923076923077,0.6666666666666666,0.4999999999999999,0.5,0.0,1.0,1.0,1.0,0.6666666666666666,0.25,0.0,0.6666666666666666,1.0,0.0,0.7822661509812348,0.0,1.0666666666666667,0.36666666666666664,0.175,0.21773384901876525,0.35278587696012303,0.11814027980592585,0.10905550146056478
0.4471101417666303,0.0,1.0,0.4615384615384615,0.1666666666666666,0.0555555555555555,0.5,0.3333333333333333,1.0,0.6666666666666666,0.0,1.0,0.0833333333333333,0.6666666666666666,0.6666666666666666,0.0,0.6666666666666666,0.9040252112877812,0.0,0.8,0.21111111111111105,0.2583333333333333,0.09597478871221876,0.11662822577135631,0.02998257101135235,0.07096123951553655
0.4476553980370774,0.3333333333333333,1.0,0.4615384615384615,0.5,0.6666666666666665,0.5,0.0,0.0,0.0,0.6000000000000001,0.6666666666666666,0.1666666666666666,1.0,0.0,0.3333333333333333,1.0,0.3108437186649477,0.0,0.3333333333333333,0.3333333333333333,0.41666666666666663,0.6891562813350522,0.34894178742910187,0.3399359366903763,0.8218452655494627
0.4482006543075245,0.6666666666666666,0.5,0.8461538461538463,0.3333333333333333,0.1111111111111111,1.0,0.6666666666666666,1.0,0.3333333333333333,1.0,1.0,0.3333333333333333,0.6666666666666666,0.3333333333333333,0.6666666666666666,0.6666666666666666,0.4840280762068471,0.0,0.7333333333333333,0.4222222222222222,0.4333333333333333,0.5159719237931528,0.5747566618796872,0.3223797635310188,0.6399289362647124
0.4487459105779716,0.3333333333333333,1.0,0.1538461538461538,0.3333333333333333,0.7777777777777777,0.0,0.0,1.0,0.0,0.0,0.6666666666666666,0.0833333333333333,0.0,1.0,0.3333333333333333,0.0,0.2627130783555365,0.0,0.3333333333333333,0.28888888888888886,0.058333333333333307,0.7372869216444635,0.3733118644559525,0.3151867728107776,0.12309400570559792
0.4492911668484188,0.3333333333333333,0.5,0.5384615384615385,0.1666666666666666,0.2222222222222222,1.0,0.6666666666666666,0.0,0.0,0.2,0.3333333333333333,0.0,0.6666666666666666,0.0,0.3333333333333333,0.6666666666666666,0.2948001718951439,0.0,0.2,0.37777777777777777,0.19999999999999998,0.7051998281048562,0.2142390878628313,0.39422959159640114,0.40366934863936865
0.4498364231188659,0.3333333333333333,1.0,0.6153846153846154,0.1666666666666666,0.0,0.5,1.0,0.0,0.0,0.6000000000000001,1.0,0.0,0.3333333333333333,0.0,0.3333333333333333,0.3333333333333333,0.4450651769087523,0.0,0.4666666666666667,0.4666666666666667,0.09999999999999999,0.5549348230912476,0.39337366000841345,0.3832210655235762,0.1588274483677548
0.4509269356597601,0.3333333333333333,0.0,0.3846153846153846,0.3333333333333333,0.7222222222222221,0.5,0.0,0.5,0.0,0.2,0.6666666666666666,0.0833333333333333,1.0,0.3333333333333333,0.3333333333333333,1.0,0.2896433175762785,0.0,0.3333333333333333,0.2777777777777778,0.3583333333333333,0.7103566824237215,0.3596762261195004,0.29199444156578264,0.7285296981499512
0.4514721919302072,0.6666666666666666,1.0,0.8461538461538463,0.5,0.1666666666666666,0.5,0.3333333333333333,0.5,0.3333333333333333,1.0,0.6666666666666666,0.0833333333333333,0.0,1.0,0.6666666666666666,0.0,0.2193095545050852,0.0,0.6,0.3666666666666667,0.058333333333333307,0.7806904454949148,0.711519213194656,0.4235950821988789,0.13034045678949072
0.4520174482006543,0.3333333333333333,0.5,0.6923076923076923,0.3333333333333333,0.3888888888888889,0.5,1.0,1.0,0.0,0.8,0.6666666666666666,0.0,0.0,0.6666666666666666,0.3333333333333333,0.0,0.1378026070763501,0.0,0.3333333333333333,0.6111111111111112,0.0,0.8621973929236499,0.4365580167399219,0.7796999387630129,0.0
0.4525627044711014,0.3333333333333333,1.0,0.7692307692307693,0.5,0.4444444444444445,0.5,0.3333333333333333,0.0,0.0,0.2,0.3333333333333333,0.3333333333333333,0.3333333333333333,0.0,0.3333333333333333,0.3333333333333333,0.3407821229050279,0.0,0.2,0.4222222222222223,0.3333333333333333,0.6592178770949721,0.200269811567083,0.4118799755052053,0.6289140572951367
0.4531079607415485,0.3333333333333333,1.0,0.2307692307692307,0.1666666666666666,0.8888888888888888,0.0,1.0,1.0,0.0,0.2,0.6666666666666666,0.0833333333333333,0.0,0.3333333333333333,0.3333333333333333,0.0,0.4558086234063888,0.0,0.3333333333333333,0.6444444444444445,0.058333333333333307,0.5441913765936113,0.27554143638394474,0.5189646238635829,0.09085566887032574
0.4536532170119957,0.3333333333333333,0.0,0.0,0.1666666666666666,0.3333333333333333,0.0,0.3333333333333333,0.5,0.0,0.6000000000000001,1.0,0.1666666666666666,1.0,0.3333333333333333,0.3333333333333333,1.0,0.5225612376450365,0.0,0.4666666666666667,0.2666666666666666,0.41666666666666663,0.4774387623549635,0.3384394447103878,0.18840265674313436,0.5693640137344335
0.4541984732824428,0.3333333333333333,0.5,1.0,0.3333333333333333,0.7777777777777777,0.5,0.0,0.0,0.0,0.6000000000000001,0.6666666666666666,0.3333333333333333,0.3333333333333333,0.3333333333333333,0.3333333333333333,0.3333333333333333,0.4708494485030797,0.0,0.3333333333333333,0.28888888888888886,0.3333333333333333,0.5291505514969204,0.267925787313054,0.22620943049601963,0.5048258426006595
0.4547437295528899,0.6666666666666666,0.5,0.3076923076923077,0.6666666666666666,0.6111111111111112,0.5,0.0,1.0,0.3333333333333333,0.8,1.0,0.1666666666666666,0.3333333333333333,0.6666666666666666,0.6666666666666666,0.3333333333333333,0.2622833404956309,0.0,0.7333333333333333,0.3888888888888889,0.21666666666666662,0.7377166595043692,0.8217647997446944,0.42453718969334403,0.4574727959138353
0.455288985823337,0.6666666666666666,0.5,0.6153846153846154,0.3333333333333333,0.7222222222222221,1.0,0.0,0.5,0.3333333333333333,0.0,0.0,0.3333333333333333,0.0,0.3333333333333333,0.6666666666666666,0.0,0.522990975504942,0.0,0.3333333333333333,0.2777777777777778,0.2333333333333333,0.477009024495058,0.24152487053396576,0.1960761222855528,0.3185568595295444
0.4558342420937841,0.3333333333333333,1.0,0.3846153846153846,0.5,0.6666666666666665,0.0,0.3333333333333333,0.0,0.0,0.4,0.3333333333333333,0.0833333333333333,1.0,0.3333333333333333,0.3333333333333333,1.0,0.3266007735281478,0.0,0.2,0.4666666666666667,0.3583333333333333,0.6733992264718522,0.20457809304147268,0.46502896980545483,0.6906267616460822
0.4569247546346783,0.6666666666666666,0.5,0.1538461538461538,0.3333333333333333,0.1666666666666666,0.0,1.0,1.0,0.3333333333333333,0.6000000000000001,0.0,0.1666666666666666,1.0,0.6666666666666666,0.6666666666666666,1.0,0.5292937974502221,0.0,0.3333333333333333,0.5666666666666667,0.41666666666666663,0.4707062025497779,0.23833355092330674,0.39471006641857825,0.5613351782572301
0.4574700109051254,0.6666666666666666,0.0,0.0769230769230769,0.5,0.7222222222222221,0.5,1.0,0.0,0.3333333333333333,0.0,0.6666666666666666,0.25,0.0,0.0,0.6666666666666666,0.0,0.3202979515828678,0.0,0.6,0.7444444444444445,0.175,0.6797020484171322,0.6194786544236042,0.7487752602571952,0.34043970686209196
0.4580152671755725,0.3333333333333333,0.0,0.0769230769230769,0.5,0.6666666666666665,0.5,0.6666666666666666,0.5,0.0,0.4,0.6666666666666666,0.25,0.6666666666666666,0.3333333333333333,0.3333333333333333,0.6666666666666666,0.2602778971494056,0.0,0.3333333333333333,0.6,0.375,0.7397221028505945,0.3745448743055253,0.6567808186914127,0.7939322502946755
0.4585605234460196,0.3333333333333333,0.0,0.3076923076923077,0.1666666666666666,0.8333333333333333,0.0,0.6666666666666666,0.5,0.0,0.2,0.3333333333333333,0.3333333333333333,0.0,0.0,0.3333333333333333,0.0,0.7070620254977796,0.0,0.2,0.5,0.2333333333333333,0.29293797450222037,0.08899429914269552,0.21674360544538135,0.1956302635849605
0.4591057797164667,0.3333333333333333,1.0,0.9230769230769232,0.3333333333333333,0.8888888888888888,0.5,0.3333333333333333,0.0,0.0,0.8,0.6666666666666666,0.0,0.3333333333333333,0.6666666666666666,0.3333333333333333,0.3333333333333333,0.1920928233777395,0.0,0.3333333333333333,0.4444444444444444,0.09999999999999999,0.8079071766222605,0.40906915009356365,0.5313486268783268,0.23123046174345313
0.4596510359869138,0.6666666666666666,0.5,0.6923076923076923,0.5,1.0,1.0,0.0,0.0,0.3333333333333333,0.0,0.6666666666666666,0.25,1.0,0.0,0.6666666666666666,1.0,0.556224036670964,0.0,0.6,0.4,0.475,0.443775963329036,0.40445624265633845,0.26267841160676436,0.6033106134371958
0.460196292257361,0.3333333333333333,0.0,0.3076923076923077,0.5,0.2777777777777777,0.5,1.0,1.0,0.0,0.8,0.3333333333333333,0.0,0.6666666666666666,1.0,0.3333333333333333,0.6666666666666666,0.1686004870362412,0.0,0.2,0.6555555555555557,0.19999999999999998,0.8313995129637588,0.25257844118543016,0.8065288049366435,0.4759083687797878
0.4607415485278081,0.0,0.0,0.8461538461538463,0.1666666666666666,0.7222222222222221,0.5,0.0,1.0,0.6666666666666666,0.6000000000000001,0.3333333333333333,0.0833333333333333,0.3333333333333333,0.3333333333333333,0.0,0.3333333333333333,0.5991978226615098,0.0,0.5333333333333333,0.21111111111111108,0.1583333333333333,0.4008021773384902,0.3247022643863237,0.12521079655188655,0.181629341123012
0.4618320610687023,0.3333333333333333,1.0,0.0,0.1666666666666666,0.1111111111111111,0.0,0.3333333333333333,0.0,0.0,0.8,0.6666666666666666,0.25,0.0,0.6666666666666666,0.3333333333333333,0.0,0.5991978226615098,0.0,0.3333333333333333,0.22222222222222218,0.175,0.4008021773384902,0.20293891524145233,0.13180083847567003,0.20074821913596066
0.4623773173391494,0.3333333333333333,0.5,0.1538461538461538,0.1666666666666666,0.7222222222222221,0.5,1.0,0.0,0.0,1.0,0.0,0.3333333333333333,0.6666666666666666,0.0,0.3333333333333333,0.6666666666666666,0.5434751468271021,0.0,0.06666666666666667,0.6111111111111112,0.4333333333333333,0.4565248531728979,0.04623061635986481,0.4128432804182958,0.5662003109038419
0.4629225736095965,0.3333333333333333,1.0,0.5384615384615385,0.5,0.3333333333333333,0.0,0.3333333333333333,0.5,0.0,0.4,0.3333333333333333,0.25,0.3333333333333333,0.0,0.3333333333333333,0.3333333333333333,0.2834837415843002,0.0,0.2,0.4,0.27499999999999997,0.7165162584156999,0.21767700944340487,0.4241179518583071,0.5639522369702251
0.4634678298800436,0.6666666666666666,0.0,0.0769230769230769,0.5,0.3333333333333333,1.0,0.3333333333333333,0.5,0.3333333333333333,0.4,1.0,0.3333333333333333,0.3333333333333333,0.0,0.6666666666666666,0.3333333333333333,0.4301675977653632,0.0,0.7333333333333333,0.4,0.3333333333333333,0.5698324022346368,0.6347534705600765,0.33729332516840166,0.5436375749500333
0.4640130861504907,0.6666666666666666,0.0,0.7692307692307693,0.3333333333333333,0.0555555555555555,0.5,0.3333333333333333,0.0,0.3333333333333333,0.8,0.3333333333333333,0.3333333333333333,0.0,0.3333333333333333,0.6666666666666666,0.0,0.794012319151984,0.0,0.4666666666666667,0.2777777777777778,0.2333333333333333,0.205987680848016,0.14601737818587981,0.08467191106505251,0.13756299219323867
0.4645583424209378,0.6666666666666666,0.5,0.5384615384615385,0.5,0.6111111111111112,0.5,0.3333333333333333,0.5,0.3333333333333333,1.0,0.3333333333333333,0.1666666666666666,0.6666666666666666,0.0,0.6666666666666666,0.6666666666666666,0.1482595616673828,0.0,0.4666666666666667,0.4555555555555556,0.3166666666666666,0.8517404383326173,0.6037686583402238,0.5741815441141835,0.7719571567672834
0.4651035986913849,1.0,0.0,0.1538461538461538,0.5,0.4444444444444445,0.5,0.6666666666666666,1.0,1.0,0.8,0.3333333333333333,0.25,0.3333333333333333,0.0,1.0,0.3333333333333333,0.6484744305973357,0.0,0.9333333333333333,0.5555555555555556,0.27499999999999997,0.35152556940266433,0.49836807519909476,0.288991473927175,0.2766770870701583
0.465648854961832,0.3333333333333333,0.0,0.3846153846153846,0.5,0.4444444444444445,0.5,0.3333333333333333,0.5,0.0,1.0,0.3333333333333333,0.1666666666666666,0.6666666666666666,0.6666666666666666,0.3333333333333333,0.6666666666666666,0.1740438332617103,0.0,0.2,0.4222222222222223,0.3166666666666666,0.8259561667382898,0.2509247573871796,0.5160582222431581,0.7485881207400195
0.4661941112322792,1.0,0.0,0.5384615384615385,0.8333333333333333,0.6666666666666665,0.5,0.6666666666666666,1.0,1.0,1.0,1.0,0.25,0.3333333333333333,0.3333333333333333,1.0,0.3333333333333333,0.8962899298094829,0.0,1.2,0.7333333333333333,0.27499999999999997,0.10371007019051715,0.18904216893685544,0.11254416128880307,0.08162763286014454
0.4667393675027263,0.6666666666666666,1.0,0.9230769230769232,0.3333333333333333,0.5555555555555556,0.5,0.0,1.0,0.3333333333333333,1.0,0.3333333333333333,0.0,0.0,1.0,0.6666666666666666,0.0,0.1716086520555794,0.0,0.4666666666666667,0.24444444444444446,0.0,0.8283913479444206,0.5872173143594877,0.2996514202270479,0.0
0.4678298800436205,1.0,0.5,0.6923076923076923,0.5,0.8333333333333333,1.0,1.0,1.0,1.0,0.4,0.0,0.0,1.0,1.0,1.0,1.0,0.8709353960750609,0.0,0.8,0.7666666666666667,0.3,0.12906460392493913,0.15683885286565996,0.14642470205850489,0.11081842873981448
0.4683751363140676,0.6666666666666666,0.0,1.0,0.5,0.2222222222222222,0.0,0.6666666666666666,1.0,0.3333333333333333,0.4,0.3333333333333333,0.1666666666666666,0.6666666666666666,0.3333333333333333,0.6666666666666666,0.6666666666666666,0.156854318865492,0.0,0.4666666666666667,0.5111111111111111,0.3166666666666666,0.8431456811345079,0.597676139083511,0.6377031419284939,0.7641674780915286
0.4689203925845147,0.6666666666666666,1.0,1.0,0.5,0.3888888888888889,0.5,1.0,0.5,0.3333333333333333,0.2,0.6666666666666666,0.0,1.0,0.6666666666666666,0.6666666666666666,1.0,0.2850594470706202,0.0,0.6,0.6777777777777778,0.3,0.7149405529293797,0.6515949345054179,0.7170639219934994,0.6138676779582842
0.4694656488549618,0.6666666666666666,0.5,0.3846153846153846,0.6666666666666666,0.2222222222222222,0.0,1.0,0.0,0.3333333333333333,0.4,0.3333333333333333,0.1666666666666666,0.0,1.0,0.6666666666666666,0.0,0.4883254548059018,0.0,0.4666666666666667,0.7111111111111111,0.11666666666666661,0.5116745451940983,0.36270797974962643,0.5384332752367045,0.1708536189548847
0.4700109051254089,0.6666666666666666,1.0,0.6923076923076923,0.5,0.1666666666666666,1.0,1.0,1.0,0.3333333333333333,0.2,1.0,0.0833333333333333,0.6666666666666666,0.0,0.6666666666666666,0.6666666666666666,0.1379458530296519,0.0,0.7333333333333333,0.6333333333333334,0.2583333333333333,0.8620541469703481,0.9602680708472953,0.8079184134909794,0.6373802080664173
0.4705561613958561,0.3333333333333333,0.0,0.4615384615384615,0.1666666666666666,0.4444444444444445,0.5,0.3333333333333333,1.0,0.0,0.6000000000000001,0.0,0.0,0.3333333333333333,0.0,0.3333333333333333,0.3333333333333333,0.1938117748173614,0.0,0.06666666666666667,0.28888888888888886,0.09999999999999999,0.8061882251826387,0.08163975803994952,0.34464176362522964,0.23073848203761596
0.4711014176663032,0.6666666666666666,1.0,0.0769230769230769,0.3333333333333333,1.0,0.5,0.3333333333333333,1.0,0.3333333333333333,0.6000000000000001,0.0,0.0833333333333333,0.6666666666666666,1.0,0.6666666666666666,0.6666666666666666,0.5414697034808766,0.0,0.3333333333333333,0.4666666666666667,0.2583333333333333,0.45853029651912336,0.23216850167544278,0.3166470394271987,0.3390252652078102
0.4716466739367503,0.3333333333333333,0.0,0.9230769230769232,0.1666666666666666,0.8333333333333333,0.0,1.0,1.0,0.0,0.8,0.3333333333333333,0.3333333333333333,0.3333333333333333,1.0,0.3333333333333333,0.3333333333333333,0.6130926801317862,0.0,0.2,0.6333333333333333,0.3333333333333333,0.3869073198682138,0.11754210365986337,0.36261010881341565,0.3691214404072499
0.4721919302071974,0.6666666666666666,1.0,0.0,0.6666666666666666,0.3333333333333333,1.0,0.3333333333333333,0.0,0.3333333333333333,0.4,0.6666666666666666,0.0833333333333333,0.0,0.3333333333333333,0.6666666666666666,0.0,0.3615527861337917,0.0,0.6,0.4666666666666667,0.058333333333333307,0.6384472138662083,0.581879107010749,0.4408921757972584,0.10659218640564407
0.4727371864776445,1.0,0.5,0.2307692307692307,0.6666666666666666,0.0555555555555555,1.0,0.6666666666666666,0.5,1.0,0.2,1.0,0.25,0.3333333333333333,0.0,1.0,0.3333333333333333,0.8123478011746168,0.0,1.2,0.5444444444444444,0.27499999999999997,0.1876521988253832,0.34205143826972456,0.15118470017428987,0.14769640752318966
0.4738276990185387,1.0,0.0,0.3076923076923077,0.6666666666666666,0.4444444444444445,0.0,1.0,0.5,1.0,0.0,0.3333333333333333,0.3333333333333333,0.3333333333333333,0.6666666666666666,1.0,0.3333333333333333,0.8606216874373299,0.0,0.9333333333333333,0.7555555555555556,0.3333333333333333,0.13937831256267008,0.19760070789271358,0.15583400065947522,0.13297118160542543
0.4743729552889858,0.3333333333333333,0.0,0.6153846153846154,0.5,0.1666666666666666,0.0,0.6666666666666666,0.0,0.0,0.2,1.0,0.0833333333333333,1.0,0.6666666666666666,0.3333333333333333,1.0,0.3966480446927374,0.0,0.4666666666666667,0.5,0.3583333333333333,0.6033519553072626,0.42769485182122813,0.44641763625229636,0.6187874750166555
0.474918211559433,0.6666666666666666,1.0,0.1538461538461538,0.5,0.4444444444444445,1.0,0.3333333333333333,0.5,0.3333333333333333,1.0,0.0,0.0833333333333333,1.0,0.6666666666666666,0.6666666666666666,1.0,0.2311989686291362,0.0,0.3333333333333333,0.4222222222222223,0.3583333333333333,0.7688010313708638,0.38926846250924746,0.4803476376654577,0.788469225644442
0.4754634678298801,0.3333333333333333,0.0,0.6153846153846154,0.5,0.3333333333333333,0.0,1.0,0.5,0.0,0.2,0.3333333333333333,0.3333333333333333,1.0,0.0,0.3333333333333333,1.0,0.5714081077209568,0.0,0.2,0.6666666666666667,0.5333333333333333,0.42859189227904315,0.13020584011488753,0.42281784351594526,0.6542236799398692
0.4760087241003272,0.3333333333333333,0.5,0.8461538461538463,0.3333333333333333,0.2222222222222222,0.5,0.0,0.0,0.0,0.0,1.0,0.25,0.0,0.3333333333333333,0.3333333333333333,0.0,0.37716659504369,0.0,0.4666666666666667,0.17777777777777778,0.175,0.62283340495631,0.44150456213644346,0.1638513354373734,0.3119561318095629
0.4765539803707743,0.3333333333333333,1.0,0.0769230769230769,0.3333333333333333,0.8888888888888888,0.5,1.0,1.0,0.0,0.2,0.6666666666666666,0.0,0.0,0.0,0.3333333333333333,0.0,0.3679988540323736,0.0,0.3333333333333333,0.7111111111111111,0.0,0.6320011459676265,0.32000232095971687,0.6650525224928164,0.0
0.4770992366412214,0.6666666666666666,0.5,0.7692307692307693,0.6666666666666666,0.2777777777777777,0.0,1.0,1.0,0.3333333333333333,0.0,1.0,0.1666666666666666,0.6666666666666666,0.3333333333333333,0.6666666666666666,0.6666666666666666,0.2622833404956309,0.0,0.7333333333333333,0.7222222222222223,0.3166666666666666,0.7377166595043692,0.8217647997446944,0.7884262094304963,0.6686140863356054
0.4776444929116685,0.3333333333333333,1.0,0.6153846153846154,0.3333333333333333,1.0,1.0,0.6666666666666666,1.0,0.0,0.4,0.6666666666666666,0.1666666666666666,0.3333333333333333,1.0,0.3333333333333333,0.3333333333333333,0.4029508666380175,0.0,0.3333333333333333,0.6000000000000001,0.21666666666666662,0.5970491333619825,0.3023050031187896,0.5301050449856329,0.3702420608483233
0.4781897491821156,0.3333333333333333,1.0,0.0769230769230769,0.1666666666666666,0.9444444444444444,0.5,1.0,0.5,0.0,0.6000000000000001,0.0,0.25,0.0,0.6666666666666666,0.3333333333333333,0.0,0.6507663658501648,0.0,0.06666666666666667,0.6555555555555556,0.175,0.3492336341498352,0.0353656236853939,0.3387865655471289,0.1749192845795111
0.4787350054525627,0.3333333333333333,0.5,0.6153846153846154,0.1666666666666666,0.3333333333333333,1.0,0.6666666666666666,0.0,0.0,1.0,0.0,0.0,0.6666666666666666,0.3333333333333333,0.3333333333333333,0.6666666666666666,0.267010456954591,0.0,0.06666666666666667,0.39999999999999997,0.19999999999999998,0.732989543045409,0.07422719294428246,0.43386876442602096,0.419576692461436
0.4798255179934569,0.6666666666666666,0.0,0.6153846153846154,0.3333333333333333,0.6111111111111112,0.0,0.3333333333333333,0.0,0.3333333333333333,1.0,0.3333333333333333,0.1666666666666666,0.0,0.3333333333333333,0.6666666666666666,0.0,0.3425010743446497,0.0,0.4666666666666667,0.3888888888888889,0.11666666666666661,0.6574989256553503,0.46607772313851775,0.37837392246455326,0.21954594372982109
0.480370774263904,0.6666666666666666,0.5,0.4615384615384615,0.5,0.2777777777777777,1.0,0.6666666666666666,0.5,0.3333333333333333,0.8,0.3333333333333333,0.0,1.0,1.0,0.6666666666666666,1.0,0.3243088382753187,0.0,0.4666666666666667,0.5222222222222223,0.3,0.6756911617246812,0.47897355556522614,0.5221607235385557,0.5801670681084405
0.4809160305343511,0.3333333333333333,0.0,0.9230769230769232,0.5,0.9444444444444444,0.5,0.3333333333333333,0.0,0.0,1.0,0.6666666666666666,0.1666666666666666,1.0,1.0,0.3333333333333333,1.0,0.4509382609941269,0.0,0.3333333333333333,0.5222222222222223,0.41666666666666663,0.5490617390058731,0.2780074560830903,0.4243040180884639,0.6547771571089359
0.4814612868047982,1.0,0.5,0.3846153846153846,0.6666666666666666,0.7777777777777777,0.0,0.6666666666666666,0.0,1.0,0.2,1.0,0.1666666666666666,0.3333333333333333,0.3333333333333333,1.0,0.3333333333333333,0.6900157570548632,0.0,1.2,0.6888888888888889,0.21666666666666662,0.3099842429451368,0.5650376430654076,0.31600169579349,0.19222740395292023
0.4820065430752454,0.0,0.0,0.8461538461538463,0.0,0.4999999999999999,0.0,1.0,1.0,0.6666666666666666,0.2,1.0,0.3333333333333333,0.6666666666666666,0.0,0.0,0.6666666666666666,0.9989972783268872,0.0,0.8,0.5,0.4333333333333333,0.001002721673112772,0.0012185038513425756,0.0007419096518913084,0.0012436153675328022
0.4825517993456925,0.3333333333333333,0.0,0.6923076923076923,0.1666666666666666,0.7222222222222221,1.0,0.3333333333333333,1.0,0.0,0.2,0.6666666666666666,0.1666666666666666,0.0,0.3333333333333333,0.3333333333333333,0.0,0.4075347371436756,0.0,0.3333333333333333,0.3444444444444444,0.11666666666666661,0.5924652628563244,0.2999840434019467,0.30198313627584905,0.1978305061582876
0.4830970556161396,0.6666666666666666,0.5,0.8461538461538463,0.3333333333333333,0.4444444444444445,0.5,0.3333333333333333,1.0,0.3333333333333333,0.6000000000000001,1.0,0.25,1.0,1.0,0.6666666666666666,1.0,0.3942128634866065,0.0,0.7333333333333333,0.35555555555555557,0.475,0.6057871365133936,0.6748045316738471,0.3187338075274389,0.8235637779941579
0.4836423118865867,0.3333333333333333,0.5,0.1538461538461538,0.5,0.5555555555555556,0.5,0.3333333333333333,0.5,0.0,1.0,0.0,0.0,1.0,0.6666666666666666,0.3333333333333333,1.0,0.3291792006875806,0.0,0.06666666666666667,0.4444444444444445,0.3,0.6708207993124193,0.06793158971234604,0.44118893965801487,0.5759852406088248
0.4847328244274809,0.3333333333333333,0.0,0.6153846153846154,0.5,0.4444444444444445,1.0,0.6666666666666666,1.0,0.0,1.0,0.3333333333333333,0.0833333333333333,0.3333333333333333,1.0,0.3333333333333333,0.3333333333333333,0.1230482738862627,0.0,0.2,0.5555555555555556,0.1583333333333333,0.8769517261137373,0.26641716349710604,0.7209477601394318,0.39740344044141507
0.485278080697928,0.0,0.0,0.2307692307692307,0.1666666666666666,0.7222222222222221,0.0,0.0,0.5,0.6666666666666666,0.2,0.3333333333333333,0.0833333333333333,0.0,0.0,0.0,0.0,0.6553502363558229,0.0,0.5333333333333333,0.21111111111111108,0.058333333333333307,0.3446497636441771,0.27921145393620267,0.10766875500494606,0.05754112642853482
0.4858233369683751,0.6666666666666666,0.0,0.1538461538461538,0.3333333333333333,0.2777777777777777,0.5,0.0,0.0,0.3333333333333333,0.8,0.3333333333333333,0.3333333333333333,0.6666666666666666,0.0,0.6666666666666666,0.6666666666666666,0.4311703194384759,0.0,0.4666666666666667,0.18888888888888888,0.4333333333333333,0.568829680561524,0.4032232328067655,0.15899712657214182,0.7054852320675105
0.4863685932388222,0.6666666666666666,0.0,0.7692307692307693,0.5,0.8333333333333333,0.5,0.3333333333333333,0.0,0.3333333333333333,0.8,0.6666666666666666,0.0833333333333333,1.0,0.0,0.6666666666666666,1.0,0.3237358544621114,0.0,0.6,0.5,0.3583333333333333,0.6762641455378886,0.6163453588058663,0.5003650666541052,0.693564973778165
0.4869138495092693,0.3333333333333333,0.0,0.5384615384615385,0.1666666666666666,0.0555555555555555,1.0,0.6666666666666666,0.5,0.0,0.0,0.6666666666666666,0.25,1.0,0.0,0.3333333333333333,1.0,0.761495487752471,0.0,0.3333333333333333,0.34444444444444444,0.475,0.238504512247529,0.12076243526698288,0.12156719581704271,0.32424537487828625
0.4874591057797164,0.3333333333333333,0.5,0.4615384615384615,0.1666666666666666,0.7777777777777777,1.0,0.0,0.0,0.0,0.0,0.6666666666666666,0.0,1.0,0.6666666666666666,0.3333333333333333,1.0,0.4227188081936685,0.0,0.3333333333333333,0.2222222222222222,0.3,0.5772811918063314,0.29229586433990445,0.18983466013472133,0.4956695536309127
0.4880043620501636,0.0,1.0,0.0769230769230769,0.1666666666666666,0.3888888888888889,0.5,0.0,0.0,0.6666666666666666,0.2,0.6666666666666666,0.1666666666666666,0.0,1.0,0.0,0.0,0.7494628276751182,0.0,0.6666666666666666,0.14444444444444443,0.11666666666666661,0.2505371723248818,0.25370990904739105,0.05355174525413349,0.08365704914672266
0.4885496183206107,0.3333333333333333,0.0,0.5384615384615385,0.1666666666666666,0.8333333333333333,0.5,0.3333333333333333,1.0,0.0,0.8,1.0,0.1666666666666666,0.6666666666666666,0.3333333333333333,0.3333333333333333,0.6666666666666666,0.3745881678842572,0.0,0.4666666666666667,0.3666666666666666,0.3166666666666666,0.6254118321157428,0.44333231791345723,0.3393424089688633,0.5668289516390782
0.4890948745910578,0.6666666666666666,1.0,0.0,0.3333333333333333,0.1111111111111111,0.0,1.0,1.0,0.3333333333333333,0.8,1.0,0.0833333333333333,0.3333333333333333,0.3333333333333333,0.6666666666666666,0.3333333333333333,0.2996705343074058,0.0,0.7333333333333333,0.5555555555555556,0.1583333333333333,0.7003294656925942,0.7801180788255944,0.5757454425549955,0.31736449204803635
0.490185387131952,0.3333333333333333,1.0,0.6153846153846154,0.3333333333333333,0.4999999999999999,0.5,0.3333333333333333,0.0,0.0,1.0,0.0,0.25,0.0,0.0,0.3333333333333333,0.0,0.3122761781979659,0.0,0.06666666666666667,0.36666666666666664,0.175,0.6877238218020341,0.06964329750351769,0.37315229167648023,0.3444575411264285
0.4907306434023991,0.6666666666666666,1.0,0.3846153846153846,0.5,0.2777777777777777,0.0,0.6666666666666666,0.0,0.3333333333333333,0.0,1.0,0.3333333333333333,0.0,0.6666666666666666,0.6666666666666666,0.0,0.5267153702907893,0.0,0.7333333333333333,0.5222222222222223,0.2333333333333333,0.4732846297092107,0.527205999680868,0.3657449715012483,0.31606962879447886
0.4912758996728462,0.6666666666666666,0.5,0.6923076923076923,0.3333333333333333,0.3888888888888889,1.0,0.0,1.0,0.3333333333333333,0.2,0.6666666666666666,0.25,0.3333333333333333,0.0,0.6666666666666666,0.3333333333333333,0.3111302105715513,0.0,0.6,0.2111111111111111,0.27499999999999997,0.6888697894284487,0.6278341094042386,0.21520325969193083,0.5421923845641368
0.4918211559432934,0.6666666666666666,0.5,0.6153846153846154,0.5,0.2777777777777777,1.0,0.6666666666666666,0.0,0.3333333333333333,0.4,0.3333333333333333,0.25,1.0,0.3333333333333333,0.6666666666666666,1.0,0.3402091390918206,0.0,0.4666666666666667,0.5222222222222223,0.475,0.6597908609081794,0.46770239494030785,0.5098732865419945,0.8969814995131452
0.4923664122137405,0.6666666666666666,0.5,0.7692307692307693,0.3333333333333333,0.6666666666666665,1.0,0.0,1.0,0.3333333333333333,0.0,1.0,0.0,0.3333333333333333,1.0,0.6666666666666666,0.3333333333333333,0.1428162154419137,0.0,0.7333333333333333,0.2666666666666666,0.09999999999999999,0.8571837845580863,0.954842827509175,0.33825427481275605,0.24533387997745096
0.4929116684841876,0.6666666666666666,0.0,0.9230769230769232,0.3333333333333333,1.0,0.0,0.0,0.0,0.3333333333333333,0.2,1.0,0.0,0.3333333333333333,0.3333333333333333,0.6666666666666666,0.3333333333333333,0.5116745451940983,0.0,0.7333333333333333,0.33333333333333337,0.09999999999999999,0.4883254548059017,0.5439604276368277,0.24087333364736918,0.13976323476656588
0.4934569247546347,0.6666666666666666,1.0,0.1538461538461538,0.5,0.6111111111111112,0.0,1.0,0.5,0.3333333333333333,0.6000000000000001,0.6666666666666666,0.0833333333333333,1.0,0.3333333333333333,0.6666666666666666,1.0,0.2290502793296089,0.0,0.6,0.7222222222222223,0.3583333333333333,0.7709497206703911,0.7026415422777318,0.8239436619718311,0.7906728847435044
0.4940021810250818,0.3333333333333333,1.0,0.0,0.1666666666666666,0.2777777777777777,0.5,0.0,0.0,0.0,0.0,1.0,0.0833333333333333,0.0,1.0,0.3333333333333333,0.0,0.2856324308838275,0.0,0.4666666666666667,0.12222222222222218,0.058333333333333307,0.7143675691161725,0.5063898922204332,0.12920297705968245,0.11926749688242022
0.4945474372955289,0.6666666666666666,0.0,0.5384615384615385,0.6666666666666666,0.2777777777777777,0.5,0.6666666666666666,0.5,0.3333333333333333,0.0,0.0,0.1666666666666666,0.3333333333333333,0.6666666666666666,0.6666666666666666,0.3333333333333333,0.3635582294800172,0.0,0.3333333333333333,0.5888888888888889,0.21666666666666662,0.6364417705199827,0.32225075068540837,0.554616326722879,0.3946702198534309
0.495092693565976,0.6666666666666666,0.5,0.6153846153846154,0.6666666666666666,0.6666666666666665,0.0,0.0,0.0,0.3333333333333333,0.8,0.3333333333333333,0.25,0.0,1.0,0.6666666666666666,0.0,0.4364704197106431,0.0,0.4666666666666667,0.39999999999999997,0.175,0.563529580289357,0.3994661792651262,0.33356257949031987,0.282252857069646
0.4967284623773174,1.0,0.5,0.0,0.6666666666666666,0.8888888888888888,0.5,0.0,0.0,1.0,0.2,1.0,0.3333333333333333,1.0,0.3333333333333333,1.0,1.0,0.9510098839707778,0.0,1.2,0.4444444444444444,0.5333333333333333,0.04899011602922221,0.0892989251055312,0.03222007631070707,0.07478091528724447
0.4972737186477645,0.3333333333333333,0.5,0.1538461538461538,0.5,0.1111111111111111,0.5,1.0,1.0,0.0,0.2,0.6666666666666666,0.0833333333333333,1.0,1.0,0.3333333333333333,1.0,0.5175476292794728,0.0,0.3333333333333333,0.6222222222222223,0.3583333333333333,0.48245237072052716,0.24428101019771672,0.4442225257901927,0.4947949230427578
0.4978189749182116,0.3333333333333333,0.5,1.0,0.1666666666666666,0.1666666666666666,0.0,1.0,0.0,0.0,1.0,0.6666666666666666,0.0833333333333333,0.3333333333333333,0.0,0.3333333333333333,0.3333333333333333,0.2667239650479874,0.0,0.3333333333333333,0.5,0.1583333333333333,0.7332760349520127,0.37128102470371493,0.5425479297187809,0.33229470950989937
0.4983642311886587,0.3333333333333333,0.0,0.0769230769230769,0.3333333333333333,0.8333333333333333,1.0,1.0,0.5,0.0,1.0,1.0,0.3333333333333333,1.0,1.0,0.3333333333333333,1.0,0.592751754762928,0.0,0.4666666666666667,0.7,0.5333333333333333,0.40724824523707204,0.28868387078056773,0.4218498280653821,0.6216436905310989
0.4989094874591058,0.0,0.5,1.0,0.1666666666666666,0.7777777777777777,0.0,0.6666666666666666,0.0,0.6666666666666666,0.6000000000000001,0.3333333333333333,0.0833333333333333,0.3333333333333333,0.6666666666666666,0.0,0.3333333333333333,0.606933104139808,0.0,0.5333333333333333,0.4888888888888889,0.1583333333333333,0.39306689586019194,0.31843567315084786,0.2843657261293513,0.1781239857189224
0.4994547437295529,0.3333333333333333,0.5,0.6923076923076923,0.1666666666666666,0.1111111111111111,1.0,0.3333333333333333,1.0,0.0,1.0,0.0,0.3333333333333333,0.3333333333333333,1.0,0.3333333333333333,0.3333333333333333,0.5991978226615098,0.0,0.06666666666666667,0.22222222222222218,0.3333333333333333,0.4008021773384902,0.040587783048290464,0.13180083847567003,0.3823775602589727
0.5,0.6666666666666666,0.0,0.3846153846153846,0.6666666666666666,0.4999999999999999,1.0,0.3333333333333333,0.5,0.3333333333333333,0.8,0.0,0.25,0.0,0.0,0.6666666666666666,0.0,0.4851740438332617,0.0,0.3333333333333333,0.5,0.175,0.5148259561667383,0.26067278819791984,0.380917612699609,0.257858863321888
0.5005452562704471,0.3333333333333333,1.0,0.6923076923076923,0.1666666666666666,1.0,1.0,0.6666666666666666,0.5,0.0,1.0,0.3333333333333333,0.1666666666666666,1.0,0.6666666666666666,0.3333333333333333,1.0,0.6639449935539321,0.0,0.2,0.5333333333333333,0.41666666666666663,0.3360550064460679,0.10209321554462769,0.2652221018418201,0.40075846871316556
0.5010905125408942,1.0,0.5,0.6153846153846154,0.8333333333333333,0.4999999999999999,1.0,1.0,1.0,1.0,0.2,0.6666666666666666,0.0833333333333333,1.0,1.0,1.0,1.0,0.996132359260851,0.0,1.0666666666666667,0.8333333333333334,0.3583333333333333,0.0038676407391490253,0.006266591235475717,0.004769419190729546,0.003966586378311798
0.5021810250817884,0.6666666666666666,1.0,0.5384615384615385,0.3333333333333333,0.3888888888888889,0.5,0.0,0.5,0.3333333333333333,0.0,0.6666666666666666,0.3333333333333333,0.3333333333333333,0.3333333333333333,0.6666666666666666,0.3333333333333333,0.501504082509669,0.0,0.6,0.2111111111111111,0.3333333333333333,0.49849591749033095,0.45432786457200053,0.1557303688350841,0.4755803823092298
0.5027262813522356,0.6666666666666666,0.0,0.2307692307692307,0.6666666666666666,0.7777777777777777,1.0,0.3333333333333333,0.5,0.3333333333333333,0.8,0.3333333333333333,0.1666666666666666,0.6666666666666666,1.0,0.6666666666666666,0.6666666666666666,0.3144248674974932,0.0,0.4666666666666667,0.5555555555555556,0.3166666666666666,0.6855751325025068,0.4859799527104457,0.563615808563757,0.6213567023693605
0.5032715376226827,0.3333333333333333,1.0,0.0,0.5,1.0,0.0,0.3333333333333333,0.5,0.0,0.4,0.0,0.3333333333333333,1.0,0.3333333333333333,0.3333333333333333,1.0,0.791577137945853,0.0,0.06666666666666667,0.5333333333333334,0.5333333333333333,0.20842286205414695,0.02110622742504025,0.16449196853360967,0.3181468764413468
0.5038167938931298,0.3333333333333333,1.0,0.3076923076923077,0.3333333333333333,0.4999999999999999,0.5,0.0,1.0,0.0,0.6000000000000001,0.6666666666666666,0.0833333333333333,0.6666666666666666,1.0,0.3333333333333333,0.6666666666666666,0.0613092680131786,0.0,0.3333333333333333,0.2333333333333333,0.2583333333333333,0.9386907319868214,0.47528903201473804,0.32411559658957084,0.6940432873810621
0.5043620501635769,0.3333333333333333,0.0,1.0,0.3333333333333333,0.5555555555555556,0.0,1.0,1.0,0.0,1.0,1.0,0.1666666666666666,1.0,1.0,0.3333333333333333,1.0,0.2592751754762928,0.0,0.4666666666666667,0.6444444444444445,0.41666666666666663,0.7407248245237072,0.5250736179410187,0.7063874888124736,0.8833427287791046
0.504907306434024,0.6666666666666666,0.0,0.7692307692307693,0.6666666666666666,0.3888888888888889,0.5,0.0,0.0,0.3333333333333333,0.8,0.0,0.25,0.3333333333333333,0.3333333333333333,0.6666666666666666,0.3333333333333333,0.4241512677266867,0.0,0.3333333333333333,0.34444444444444444,0.27499999999999997,0.5758487322733132,0.2915705644283911,0.2935135899006076,0.4532363040024599
0.5054525627044711,0.3333333333333333,0.5,0.6153846153846154,0.5,1.0,1.0,0.3333333333333333,1.0,0.0,0.4,1.0,0.1666666666666666,0.3333333333333333,1.0,0.3333333333333333,0.3333333333333333,0.3807477438762355,0.0,0.4666666666666667,0.5333333333333334,0.21666666666666662,0.6192522561237646,0.43896601244614647,0.48872768382872495,0.3840106595602931
0.5059978189749182,0.3333333333333333,1.0,0.3076923076923077,0.1666666666666666,0.0555555555555555,0.5,1.0,1.0,0.0,0.4,0.3333333333333333,0.0,0.6666666666666666,0.3333333333333333,0.3333333333333333,0.6666666666666666,0.4946282767511818,0.0,0.2,0.47777777777777775,0.19999999999999998,0.5053717232488182,0.15353148526915877,0.35730368835084075,0.2892840670322349
0.5065430752453653,0.3333333333333333,1.0,0.8461538461538463,0.3333333333333333,0.7222222222222221,1.0,0.3333333333333333,0.5,0.0,1.0,1.0,0.25,0.0,0.0,0.3333333333333333,0.0,0.3276034952012606,0.0,0.4666666666666667,0.4111111111111111,0.175,0.6723965047987395,0.476638089850153,0.4090583635592821,0.3367806077999283
0.5076335877862596,0.3333333333333333,0.0,0.2307692307692307,0.5,0.1111111111111111,0.0,1.0,1.0,0.0,1.0,0.6666666666666666,0.1666666666666666,1.0,0.6666666666666666,0.3333333333333333,1.0,0.5123907749606074,0.0,0.3333333333333333,0.6222222222222223,0.41666666666666663,0.48760922503939264,0.24689208987916503,0.4489707475622969,0.5814926800936128
0.5081788440567067,0.6666666666666666,0.5,0.3076923076923077,0.6666666666666666,0.9444444444444444,0.0,0.3333333333333333,0.5,0.3333333333333333,1.0,0.3333333333333333,0.1666666666666666,0.0,0.3333333333333333,0.6666666666666666,0.0,0.5976221171751898,0.0,0.4666666666666667,0.5888888888888889,0.11666666666666661,0.40237788282481024,0.2852314432017639,0.35064534363370864,0.13435829105382732
0.5087241003271538,0.0,0.5,0.3076923076923077,0.0,0.6111111111111112,1.0,0.0,1.0,0.6666666666666666,0.0,1.0,0.25,0.6666666666666666,1.0,0.0,0.6666666666666666,0.9210714797306976,0.0,0.8,0.12222222222222223,0.375,0.07892852026930242,0.09591366029853346,0.014275283809882711,0.08471275559883158
0.5092693565976009,0.6666666666666666,0.0,1.0,0.5,0.2222222222222222,0.5,1.0,0.5,0.3333333333333333,0.4,0.3333333333333333,0.0833333333333333,0.6666666666666666,0.3333333333333333,0.6666666666666666,0.6666666666666666,0.1015613808909898,0.0,0.4666666666666667,0.6444444444444445,0.2583333333333333,0.8984386191090102,0.6368713463016958,0.8567902397663574,0.6642819317036506
0.509814612868048,0.6666666666666666,0.0,0.3846153846153846,0.6666666666666666,0.7777777777777777,0.5,0.0,0.0,0.3333333333333333,0.8,0.3333333333333333,0.0833333333333333,0.0,0.0,0.6666666666666666,0.0,0.3876235496347228,0.0,0.4666666666666667,0.4222222222222222,0.058333333333333307,0.6123764503652772,0.43409199704077633,0.38261340618964623,0.10223953261927943
0.5103598691384951,0.3333333333333333,0.5,0.0769230769230769,0.1666666666666666,0.0555555555555555,0.0,1.0,1.0,0.0,0.6000000000000001,0.3333333333333333,0.0833333333333333,0.6666666666666666,0.0,0.3333333333333333,0.6666666666666666,0.4555221314997851,0.0,0.2,0.47777777777777775,0.2583333333333333,0.544477868500215,0.1654118978197485,0.3849521880446559,0.4025726438784401
0.5109051254089422,1.0,0.5,0.9230769230769232,0.5,0.6666666666666665,1.0,0.3333333333333333,0.5,1.0,0.0,0.0,0.0,0.0,0.0,1.0,0.0,0.5005013608365564,0.0,0.8,0.4666666666666667,0.0,0.4994986391634436,0.6069889899473432,0.34493852748598614,0.0
0.5114503816793894,0.3333333333333333,0.0,0.0769230769230769,0.1666666666666666,0.9444444444444444,0.0,1.0,1.0,0.0,0.6000000000000001,1.0,0.0,1.0,1.0,0.3333333333333333,1.0,0.5964761495487753,0.0,0.4666666666666667,0.6555555555555556,0.3,0.40352385045122474,0.28604377910265893,0.3914527297564652,0.34647670783580176
0.5119956379498365,0.0,1.0,1.0,0.1666666666666666,0.5555555555555556,1.0,1.0,1.0,0.6666666666666666,1.0,0.0,0.0833333333333333,1.0,1.0,0.0,1.0,0.9104712791863632,0.0,0.39999999999999997,0.5777777777777778,0.3583333333333333,0.08952872081363683,0.05439749336350569,0.07654623392529072,0.09181912912758997
0.5125408942202836,0.6666666666666666,1.0,1.0,0.5,1.0,0.5,0.6666666666666666,0.5,0.3333333333333333,0.4,1.0,0.0833333333333333,0.0,0.3333333333333333,0.6666666666666666,0.0,0.5360263572554076,0.0,0.7333333333333333,0.6666666666666667,0.058333333333333307,0.4639736427445924,0.5168342109462262,0.4577229261858778,0.07746288798920374
0.5136314067611778,1.0,0.5,0.0,0.5,0.3333333333333333,0.5,0.3333333333333333,1.0,1.0,0.8,1.0,0.0,1.0,0.3333333333333333,1.0,1.0,0.6805615241369432,0.0,1.2,0.4,0.3,0.31943847586305685,0.582270768962966,0.18908097413914926,0.2742786860042023
0.5141766630316249,0.6666666666666666,0.0,0.5384615384615385,0.6666666666666666,0.6666666666666665,1.0,0.6666666666666666,1.0,0.3333333333333333,0.8,0.6666666666666666,0.0833333333333333,0.6666666666666666,0.3333333333333333,0.6666666666666666,0.6666666666666666,0.2429451367998854,0.0,0.6,0.6666666666666666,0.2583333333333333,0.7570548632001146,0.6899778058227076,0.7468557162372225,0.5597464937904645
0.514721919302072,0.6666666666666666,1.0,1.0,0.3333333333333333,0.8888888888888888,0.5,0.6666666666666666,1.0,0.3333333333333333,0.0,0.6666666666666666,0.0833333333333333,0.3333333333333333,0.3333333333333333,0.6666666666666666,0.3333333333333333,0.2946569259418422,0.0,0.6,0.5777777777777778,0.1583333333333333,0.7053430740581579,0.6428478175725663,0.6030618493570117,0.3196364816617981
0.5152671755725191,0.6666666666666666,0.0,0.9230769230769232,0.5,0.0555555555555555,0.5,0.6666666666666666,0.5,0.3333333333333333,0.8,0.0,0.1666666666666666,0.6666666666666666,0.3333333333333333,0.6666666666666666,0.6666666666666666,0.3387766795588024,0.0,0.3333333333333333,0.47777777777777775,0.3166666666666666,0.6612233204411976,0.3347984391545904,0.46749258090348106,0.5992859461213892
0.5158124318429662,0.6666666666666666,0.0,0.3846153846153846,0.3333333333333333,0.3333333333333333,0.5,1.0,0.0,0.3333333333333333,1.0,0.3333333333333333,0.3333333333333333,1.0,0.6666666666666666,0.6666666666666666,1.0,0.6277037673685718,0.0,0.4666666666666667,0.6,0.5333333333333333,0.3722962326314282,0.26390762580326965,0.33055254604550377,0.5682912246536498
0.5163576881134133,0.6666666666666666,0.0,1.0,0.6666666666666666,0.9444444444444444,0.5,0.0,0.0,0.3333333333333333,0.6000000000000001,0.3333333333333333,0.3333333333333333,0.6666666666666666,1.0,0.6666666666666666,0.6666666666666666,0.6175333046841427,0.0,0.4666666666666667,0.45555555555555555,0.4333333333333333,0.3824666953158573,0.27111710692371294,0.25783126854774124,0.47435043304463687
0.5169029443838604,0.3333333333333333,0.5,0.9230769230769232,0.5,0.1666666666666666,0.5,0.0,0.5,0.0,0.4,1.0,0.0833333333333333,0.0,0.3333333333333333,0.3333333333333333,0.0,0.296375877381464,0.0,0.4666666666666667,0.23333333333333334,0.058333333333333307,0.703624122618536,0.49877424314954233,0.24295068067266473,0.11747382087155567
0.5174482006543075,0.3333333333333333,1.0,0.0,0.1666666666666666,0.0,1.0,0.0,0.0,0.0,0.6000000000000001,0.6666666666666666,0.0833333333333333,0.3333333333333333,0.0,0.3333333333333333,0.3333333333333333,0.4982094255837273,0.0,0.3333333333333333,0.06666666666666664,0.1583333333333333,0.5017905744162727,0.25407255900314774,0.049503038296669626,0.2273937033430704
0.5179934569247546,0.3333333333333333,0.0,0.6923076923076923,0.3333333333333333,0.8333333333333333,1.0,0.3333333333333333,1.0,0.0,1.0,0.6666666666666666,0.1666666666666666,0.3333333333333333,0.6666666666666666,0.3333333333333333,0.3333333333333333,0.1908036097980232,0.0,0.3333333333333333,0.43333333333333335,0.21666666666666662,0.8091963902019768,0.40972192001392566,0.5188916105327618,0.5017988007994669
0.5190839694656488,1.0,1.0,0.9230769230769232,1.0,0.3333333333333333,0.0,0.6666666666666666,0.5,1.0,0.8,1.0,0.0,0.3333333333333333,0.0,1.0,0.3333333333333333,0.945280045838705,0.0,1.2,0.7333333333333334,0.09999999999999999,0.05471995416129505,0.09974324383132444,0.05938103537613653,0.015661353969148802
0.5196292257360959,0.6666666666666666,0.0,0.2307692307692307,0.5,0.1111111111111111,0.5,1.0,0.5,0.3333333333333333,0.0,0.3333333333333333,0.0,0.6666666666666666,0.3333333333333333,0.6666666666666666,0.6666666666666666,0.2316287064890417,0.0,0.4666666666666667,0.6222222222222223,0.19999999999999998,0.7683712935109583,0.5446712215501109,0.7074850440435254,0.439829857018398
0.5201744820065431,0.6666666666666666,1.0,0.7692307692307693,0.5,0.1111111111111111,1.0,0.3333333333333333,0.0,0.3333333333333333,1.0,0.6666666666666666,0.3333333333333333,0.0,0.3333333333333333,0.6666666666666666,0.0,0.6158143532445208,0.0,0.6,0.35555555555555557,0.2333333333333333,0.38418564675547917,0.3501457852822142,0.2021385840124358,0.2565674165940655
0.5207197382769903,0.6666666666666666,0.0,0.0,0.3333333333333333,0.4444444444444445,0.5,0.0,0.5,0.3333333333333333,0.8,0.0,0.0,0.3333333333333333,0.3333333333333333,0.6666666666666666,0.3333333333333333,0.1395215585159719,0.0,0.3333333333333333,0.22222222222222224,0.09999999999999999,0.8604784414840281,0.43568765684610583,0.28296198596259836,0.24627684108030545
0.5212649945474374,0.6666666666666666,0.5,0.1538461538461538,0.3333333333333333,0.7777777777777777,0.5,0.0,0.0,0.3333333333333333,0.2,0.3333333333333333,0.0833333333333333,1.0,0.3333333333333333,0.6666666666666666,1.0,0.4076779830969775,0.0,0.4666666666666667,0.28888888888888886,0.3583333333333333,0.5923220169030226,0.41987611877511355,0.2532149418248622,0.6074753583081365
0.5218102508178845,0.3333333333333333,0.0,0.5384615384615385,0.3333333333333333,0.7222222222222221,1.0,0.3333333333333333,0.0,0.0,0.6000000000000001,0.0,0.0833333333333333,0.3333333333333333,0.6666666666666666,0.3333333333333333,0.3333333333333333,0.1011316430310843,0.0,0.06666666666666667,0.4111111111111111,0.1583333333333333,0.8988683569689158,0.09102513889493306,0.5468345188185972,0.4073352807530023
0.5223555070883316,0.3333333333333333,0.5,0.5384615384615385,0.5,0.7222222222222221,0.5,0.6666666666666666,0.0,0.0,0.4,1.0,0.3333333333333333,1.0,0.6666666666666666,0.3333333333333333,1.0,0.5456238361266295,0.0,0.4666666666666667,0.6111111111111112,0.5333333333333333,0.45437616387337054,0.32209118470487547,0.4109001837109614,0.6935820564068399
0.5229007633587787,0.3333333333333333,0.0,0.3076923076923077,0.5,0.1666666666666666,1.0,1.0,1.0,0.0,0.8,1.0,0.0,1.0,1.0,0.3333333333333333,1.0,0.436613665663945,0.0,0.4666666666666667,0.6333333333333334,0.3,0.563386334336055,0.3993646372775142,0.5280065005417118,0.4837390457643623
0.5234460196292258,0.3333333333333333,1.0,0.0769230769230769,0.3333333333333333,0.7222222222222221,0.5,0.3333333333333333,0.0,0.0,0.4,0.6666666666666666,0.3333333333333333,0.6666666666666666,1.0,0.3333333333333333,0.6666666666666666,0.4119753616960321,0.0,0.3333333333333333,0.4111111111111111,0.4333333333333333,0.5880246383039679,0.2977356136762551,0.35772999199208627,0.7292915833888519
0.5239912758996729,1.0,1.0,0.8461538461538463,0.8333333333333333,0.1666666666666666,1.0,1.0,0.0,1.0,0.0,0.0,0.0,0.6666666666666666,0.6666666666666666,1.0,0.6666666666666666,0.9323879100415414,0.0,0.8,0.7666666666666667,0.19999999999999998,0.06761208995845858,0.08216197397623906,0.07670639219934984,0.0387024035258545
0.5250817884405671,0.6666666666666666,1.0,0.1538461538461538,0.3333333333333333,0.4444444444444445,1.0,0.6666666666666666,0.5,0.3333333333333333,1.0,0.6666666666666666,0.0833333333333333,0.0,0.0,0.6666666666666666,0.0,0.24724251539894,0.0,0.6,0.48888888888888893,0.058333333333333307,0.7527574846010601,0.6860611863005353,0.5445852371755617,0.1256768991612429
0.5256270447110142,0.3333333333333333,0.0,0.0769230769230769,0.5,0.6666666666666665,0.5,1.0,0.5,0.0,0.2,0.3333333333333333,0.0833333333333333,0.3333333333333333,0.6666666666666666,0.3333333333333333,0.3333333333333333,0.0856610800744879,0.0,0.2,0.7333333333333334,0.1583333333333333,0.9143389199255121,0.2777753601114061,0.9922229026331904,0.41434599156118135
0.5261723009814613,0.6666666666666666,0.0,0.4615384615384615,0.5,0.6666666666666665,0.5,0.6666666666666666,1.0,0.3333333333333333,0.0,0.6666666666666666,0.1666666666666666,0.3333333333333333,0.3333333333333333,0.6666666666666666,0.3333333333333333,0.1850737716659504,0.0,0.6,0.6,0.21666666666666662,0.8149262283340496,0.7427216153879629,0.7235526873616279,0.5053519875638462
0.5267175572519084,1.0,1.0,0.0769230769230769,0.5,0.6111111111111112,0.5,1.0,0.5,1.0,0.0,0.0,0.25,0.0,0.6666666666666666,1.0,0.0,0.7070620254977796,0.0,0.8,0.7222222222222223,0.175,0.29293797450222037,0.3559771965707821,0.31307409675443976,0.14672269768872037
0.5272628135223555,0.0,1.0,0.6153846153846154,0.1666666666666666,0.7777777777777777,1.0,0.3333333333333333,1.0,0.6666666666666666,0.0,0.6666666666666666,0.0833333333333333,0.0,0.0,0.0,0.0,0.6817074917633578,0.0,0.6666666666666666,0.3555555555555555,0.058333333333333307,0.31829250823664224,0.32232328067655963,0.1674690282161194,0.053140641281880424
0.5278080697928026,0.0,0.5,0.6153846153846154,0.1666666666666666,0.6111111111111112,0.0,0.0,0.0,0.6666666666666666,0.0,0.6666666666666666,0.0833333333333333,0.3333333333333333,0.3333333333333333,0.0,0.3333333333333333,0.5651052857756769,0.0,0.6666666666666666,0.18888888888888888,0.1583333333333333,0.43489471422432313,0.4404021062709429,0.12156013001083422,0.19707887049659195
0.5283533260632498,0.6666666666666666,0.0,0.4615384615384615,0.5,0.8888888888888888,1.0,0.6666666666666666,1.0,0.3333333333333333,0.0,1.0,0.1666666666666666,0.0,0.6666666666666666,0.6666666666666666,0.0,0.3867640739149119,0.0,0.7333333333333333,0.6444444444444445,0.11666666666666661,0.6132359260850881,0.6831019626615605,0.58480851665175,0.20476605340029716
0.5288985823336969,0.3333333333333333,0.0,0.6923076923076923,0.5,0.7222222222222221,0.5,1.0,0.0,0.0,0.6000000000000001,0.0,0.0,0.3333333333333333,0.6666666666666666,0.3333333333333333,0.3333333333333333,0.1696032087093539,0.0,0.06666666666666667,0.7444444444444445,0.09999999999999999,0.8303967912906461,0.08409127174086485,0.9147840218568939,0.23766719622815563
0.529443838604144,0.3333333333333333,0.0,0.7692307692307693,0.5,0.7222222222222221,1.0,0.0,1.0,0.0,0.0,0.6666666666666666,0.25,0.6666666666666666,0.6666666666666666,0.3333333333333333,0.6666666666666666,0.2661509812347801,0.0,0.3333333333333333,0.34444444444444444,0.375,0.7338490187652199,0.3715711446683203,0.37404729379622215,0.7876287603136372
0.5299890948745911,0.3333333333333333,0.5,0.5384615384615385,0.1666666666666666,0.2777777777777777,0.0,0.3333333333333333,1.0,0.0,0.8,0.3333333333333333,0.0833333333333333,0.6666666666666666,0.6666666666666666,0.3333333333333333,0.6666666666666666,0.2644320297951583,0.0,0.2,0.2555555555555555,0.2583333333333333,0.7355679702048417,0.22346490273728184,0.2781690140845069,0.5438596491228069
0.5310796074154853,0.6666666666666666,1.0,0.1538461538461538,0.3333333333333333,0.4999999999999999,1.0,1.0,0.0,0.3333333333333333,0.8,0.3333333333333333,0.0833333333333333,0.3333333333333333,0.0,0.6666666666666666,0.3333333333333333,0.1618679272310557,0.0,0.4666666666666667,0.6333333333333333,0.1583333333333333,0.8381320727689443,0.5941221695170953,0.7854986103914455,0.3798117494320025
0.5316248636859324,0.6666666666666666,0.0,0.5384615384615385,0.6666666666666666,0.9444444444444444,0.5,0.6666666666666666,0.0,0.3333333333333333,1.0,0.6666666666666666,0.0,0.0,1.0,0.6666666666666666,0.0,0.5390345222747458,0.0,0.6,0.7222222222222222,0.0,0.4609654777252542,0.420122720745028,0.49265156154317197,0.0
0.5321701199563795,0.0,0.0,0.0769230769230769,0.0,0.5555555555555556,0.5,1.0,0.5,0.6666666666666666,0.0,0.6666666666666666,0.0,0.0,0.0,0.0,0.0,0.9618965764217162,0.0,0.6666666666666666,0.5111111111111112,0.0,0.03810342357828378,0.03858595529251332,0.028819068255687877,0.0
0.5327153762268266,0.6666666666666666,1.0,0.9230769230769232,0.6666666666666666,0.7777777777777777,0.5,1.0,0.0,0.3333333333333333,1.0,0.6666666666666666,0.25,0.6666666666666666,0.0,0.6666666666666666,0.6666666666666666,0.3879100415413264,0.0,0.6,0.8222222222222223,0.375,0.6120899584586736,0.5578571739414249,0.7447406849121486,0.6569466509506484
0.5332606324972737,1.0,0.0,0.6923076923076923,0.6666666666666666,0.1111111111111111,1.0,0.3333333333333333,0.5,1.0,1.0,0.3333333333333333,0.0,0.3333333333333333,0.3333333333333333,1.0,0.3333333333333333,0.6214009454232918,0.0,0.9333333333333333,0.4222222222222222,0.09999999999999999,0.37859905457670817,0.5367509465163844,0.23654906024777422,0.10835853021062881
0.5338058887677208,0.3333333333333333,1.0,0.2307692307692307,0.1666666666666666,0.8333333333333333,0.0,0.0,1.0,0.0,0.0,1.0,0.0,0.6666666666666666,0.3333333333333333,0.3333333333333333,0.6666666666666666,0.358974358974359,0.0,0.4666666666666667,0.23333333333333328,0.19999999999999998,0.641025641025641,0.45440039456315184,0.22133637948089865,0.3669348639368626
0.5343511450381679,0.6666666666666666,0.0,1.0,0.6666666666666666,0.1111111111111111,0.5,0.3333333333333333,1.0,0.3333333333333333,0.0,1.0,0.25,1.0,1.0,0.6666666666666666,1.0,0.5957599197822662,0.0,0.7333333333333333,0.4222222222222222,0.475,0.40424008021773383,0.45029519706398585,0.2525695981911536,0.5495618305744888
0.534896401308615,0.6666666666666666,1.0,0.6153846153846154,0.3333333333333333,0.1666666666666666,0.0,0.6666666666666666,0.5,0.3333333333333333,0.4,1.0,0.3333333333333333,1.0,1.0,0.6666666666666666,1.0,0.6996132359260852,0.0,0.7333333333333333,0.43333333333333335,0.5333333333333333,0.30038676407391485,0.33460986117759683,0.1926209430496019,0.458525085840209
0.5354416575790621,0.3333333333333333,0.0,0.5384615384615385,0.3333333333333333,0.1666666666666666,0.5,1.0,0.0,0.0,0.4,0.3333333333333333,0.0,0.0,1.0,0.3333333333333333,0.0,0.1882251826385904,0.0,0.2,0.5666666666666667,0.0,0.8117748173614097,0.24661647591278998,0.6807127043195629,0.0
0.5365321701199564,0.6666666666666666,0.5,0.0,0.6666666666666666,1.0,0.0,0.6666666666666666,0.5,0.3333333333333333,0.2,0.6666666666666666,0.0833333333333333,0.6666666666666666,0.0,0.6666666666666666,0.6666666666666666,0.5206990402521129,0.0,0.6,0.7333333333333334,0.2583333333333333,0.4793009597478871,0.436833630706297,0.5201281266192472,0.3543825483865457
0.5370774263904036,0.6666666666666666,0.0,0.4615384615384615,0.3333333333333333,0.6111111111111112,0.0,0.3333333333333333,0.5,0.3333333333333333,0.4,0.3333333333333333,0.0833333333333333,1.0,0.0,0.6666666666666666,1.0,0.3045408967196677,0.0,0.4666666666666667,0.3888888888888889,0.3583333333333333,0.6954591032803323,0.4929863498556653,0.4002190399924631,0.7132509950631203
0.5376226826608507,0.6666666666666666,0.0,0.2307692307692307,0.5,0.1111111111111111,1.0,0.3333333333333333,0.0,0.3333333333333333,1.0,1.0,0.1666666666666666,0.0,1.0,0.6666666666666666,0.0,0.4300243518120613,0.0,0.7333333333333333,0.35555555555555557,0.11666666666666661,0.5699756481879388,0.6349130365406096,0.2998916576381365,0.19032098259280134
0.5381679389312978,0.3333333333333333,1.0,0.0769230769230769,0.5,0.7777777777777777,1.0,0.6666666666666666,1.0,0.0,0.4,0.0,0.25,0.6666666666666666,0.0,0.3333333333333333,0.6666666666666666,0.2737430167597765,0.0,0.06666666666666667,0.6222222222222222,0.375,0.7262569832402235,0.07354541102745984,0.668707899571341,0.7794803464357095
0.5387131952017449,0.3333333333333333,0.0,1.0,0.1666666666666666,0.4999999999999999,1.0,0.6666666666666666,1.0,0.0,0.2,0.0,0.1666666666666666,0.0,1.0,0.3333333333333333,0.0,0.2993840424008022,0.0,0.06666666666666667,0.4333333333333333,0.11666666666666661,0.7006159575991978,0.07094883734424183,0.44926515615431717,0.2339431831770272
0.539258451472192,0.3333333333333333,1.0,1.0,0.5,0.7777777777777777,0.0,0.0,1.0,0.0,0.0,0.3333333333333333,0.25,0.3333333333333333,0.0,0.3333333333333333,0.3333333333333333,0.2442343503796017,0.0,0.2,0.35555555555555557,0.27499999999999997,0.7557656496203983,0.22960093998868536,0.39764473126383726,0.5948444626659151
0.5398037077426391,0.6666666666666666,1.0,0.4615384615384615,0.3333333333333333,0.1666666666666666,0.5,0.3333333333333333,0.5,0.3333333333333333,0.0,0.0,0.25,0.0,0.3333333333333333,0.6666666666666666,0.0,0.4830253545337344,0.0,0.3333333333333333,0.3,0.175,0.5169746454662656,0.26176073806518996,0.22950445145791132,0.25893506892840673
0.5403489640130862,0.3333333333333333,0.0,0.3846153846153846,0.1666666666666666,0.3888888888888889,0.0,0.0,1.0,0.0,0.0,0.3333333333333333,0.0,0.0,0.0,0.3333333333333333,0.0,0.214725683999427,0.0,0.2,0.14444444444444443,0.0,0.7852743160005731,0.23856564689499113,0.16785058175137782,0.0
0.5408942202835333,0.6666666666666666,0.5,0.7692307692307693,0.3333333333333333,0.2222222222222222,0.5,1.0,1.0,0.3333333333333333,1.0,0.3333333333333333,0.0833333333333333,0.0,0.6666666666666666,0.6666666666666666,0.0,0.2917920068758057,0.0,0.4666666666666667,0.5777777777777777,0.058333333333333307,0.7082079931241942,0.5020235867531224,0.6055113288426208,0.11823912263619121
0.5419847328244275,0.3333333333333333,1.0,0.4615384615384615,0.1666666666666666,0.2222222222222222,0.5,0.0,1.0,0.0,1.0,0.6666666666666666,0.3333333333333333,0.3333333333333333,0.3333333333333333,0.3333333333333333,0.3333333333333333,0.543618392780404,0.0,0.3333333333333333,0.11111111111111108,0.3333333333333333,0.456381607219596,0.23108055180817264,0.07503886193414665,0.43540203966586377
0.5425299890948746,1.0,0.0,0.9230769230769232,0.8333333333333333,0.8888888888888888,0.5,0.6666666666666666,0.0,1.0,0.0,0.3333333333333333,0.1666666666666666,0.6666666666666666,0.0,1.0,0.6666666666666666,0.9838132072768946,0.0,0.9333333333333333,0.7777777777777778,0.3166666666666666,0.016186792723105414,0.022948489200284094,0.018630175703047532,0.014670561506004398
0.5430752453653217,0.3333333333333333,0.0,0.3846153846153846,0.1666666666666666,0.3333333333333333,1.0,0.3333333333333333,0.5,0.0,1.0,0.6666666666666666,0.25,0.6666666666666666,0.3333333333333333,0.3333333333333333,0.6666666666666666,0.3257412978083369,0.0,0.3333333333333333,0.2666666666666666,0.375,0.6742587021916631,0.3413986683493624,0.26606999858683866,0.7236713985548097
0.5436205016357688,1.0,0.5,1.0,0.8333333333333333,0.7777777777777777,1.0,0.6666666666666666,0.0,1.0,0.8,0.3333333333333333,0.25,0.3333333333333333,1.0,1.0,0.3333333333333333,0.9495774244377596,0.0,0.9333333333333333,0.7555555555555555,0.27499999999999997,0.05042257556224039,0.0714855592787618,0.05637571246879271,0.03968636293752884
0.5441657579062159,0.3333333333333333,0.5,0.3076923076923077,0.5,0.5555555555555556,0.0,0.3333333333333333,0.5,0.0,0.4,1.0,0.25,0.6666666666666666,0.0,0.3333333333333333,0.6666666666666666,0.1952442343503796,0.0,0.4666666666666667,0.4444444444444445,0.375,0.8047557656496204,0.5704628864035278,0.5292759903905035,0.8637318710603188
0.544711014176663,0.3333333333333333,0.0,0.8461538461538463,0.5,0.0,1.0,0.3333333333333333,0.5,0.0,0.4,1.0,0.3333333333333333,0.0,1.0,0.3333333333333333,0.0,0.8596189657642171,0.0,0.4666666666666667,0.33333333333333337,0.2333333333333333,0.14038103423578285,0.09951114785963998,0.06924490084318621,0.09374946616785391
0.5452562704471101,0.6666666666666666,1.0,0.1538461538461538,0.3333333333333333,0.7222222222222221,0.0,0.6666666666666666,1.0,0.3333333333333333,0.0,1.0,0.25,0.0,0.6666666666666666,0.6666666666666666,0.0,0.3622690159003008,0.0,0.7333333333333333,0.5444444444444445,0.175,0.6377309840996992,0.710387745332695,0.5137971642564417,0.3194178240147594
0.5458015267175573,0.3333333333333333,0.5,0.4615384615384615,0.5,1.0,0.0,1.0,0.5,0.0,0.8,0.3333333333333333,0.0833333333333333,1.0,0.6666666666666666,0.3333333333333333,1.0,0.6169603208709354,0.0,0.2,0.8,0.3583333333333333,0.38303967912906456,0.11636711780321161,0.4534551792359508,0.3928389620594816
0.5468920392584515,0.6666666666666666,0.5,1.0,0.5,0.6666666666666665,0.5,0.6666666666666666,0.5,0.3333333333333333,0.2,0.3333333333333333,0.0,0.0,0.3333333333333333,0.6666666666666666,0.0,0.1091534164159862,0.0,0.4666666666666667,0.6,0.0,0.8908465835840138,0.6314896209582662,0.7909604785906073,0.0
0.5474372955288986,0.3333333333333333,0.0,0.2307692307692307,0.3333333333333333,0.7777777777777777,0.5,1.0,0.5,0.0,0.6000000000000001,0.3333333333333333,0.0,0.0,0.6666666666666666,0.3333333333333333,0.0,0.2460965477725254,0.0,0.2,0.6888888888888889,0.0,0.7539034522274746,0.22903520605770483,0.7685383202223373,0.0
0.5479825517993457,0.6666666666666666,1.0,1.0,0.5,0.6111111111111112,1.0,1.0,0.5,0.3333333333333333,0.2,1.0,0.25,1.0,0.6666666666666666,0.6666666666666666,1.0,0.2976650909611804,0.0,0.7333333333333333,0.7222222222222223,0.475,0.7023349090388196,0.7823520025530555,0.7506123698714022,0.9548198636806231
0.5485278080697928,0.3333333333333333,1.0,0.4615384615384615,0.5,0.2222222222222222,0.0,1.0,0.5,0.0,0.8,1.0,0.0,0.3333333333333333,0.6666666666666666,0.3333333333333333,0.3333333333333333,0.0837988826815642,0.0,0.4666666666666667,0.6444444444444445,0.09999999999999999,0.9162011173184358,0.6494625527655686,0.8737293325168402,0.26222518321119254
0.54907306434024,0.3333333333333333,0.5,0.8461538461538463,0.3333333333333333,1.0,0.5,0.6666666666666666,0.5,0.0,0.0,1.0,0.0833333333333333,0.0,0.3333333333333333,0.3333333333333333,0.0,0.5615241369431314,0.0,0.4666666666666667,0.6000000000000001,0.058333333333333307,0.4384758630568686,0.310820024079957,0.38931179047529324,0.07320589692341853
0.549618320610687,0.6666666666666666,0.5,0.0,0.3333333333333333,0.4999999999999999,0.0,0.3333333333333333,1.0,0.3333333333333333,0.4,0.0,0.0833333333333333,0.0,0.3333333333333333,0.6666666666666666,0.0,0.2420856610800744,0.0,0.3333333333333333,0.36666666666666664,0.058333333333333307,0.7579143389199257,0.38375618318174565,0.4112369871402327,0.1265378636464579
0.5501635768811342,0.3333333333333333,0.0,0.7692307692307693,0.1666666666666666,0.0,0.0,0.6666666666666666,0.5,0.0,0.0,1.0,0.0833333333333333,0.6666666666666666,0.6666666666666666,0.3333333333333333,0.6666666666666666,0.536456095115313,0.0,0.4666666666666667,0.3333333333333333,0.2583333333333333,0.463543904884687,0.3285898719120356,0.2286494889066842,0.3427321956302636
0.5507088331515813,0.0,0.5,0.0769230769230769,0.0,0.8333333333333333,0.5,0.6666666666666666,1.0,0.6666666666666666,0.4,1.0,0.25,0.6666666666666666,0.3333333333333333,0.0,0.6666666666666666,0.949434178484458,0.0,0.8,0.43333333333333335,0.375,0.05056582151554201,0.06144740850341594,0.032424984690753104,0.054271511300158684
0.5512540894220284,0.6666666666666666,1.0,0.8461538461538463,0.3333333333333333,1.0,0.5,1.0,0.0,0.3333333333333333,0.6000000000000001,0.0,0.0,0.3333333333333333,1.0,0.6666666666666666,0.3333333333333333,0.5116745451940983,0.0,0.3333333333333333,0.7333333333333334,0.09999999999999999,0.4883254548059017,0.24725473983492172,0.5299213340242122,0.13976323476656588
0.5517993456924755,0.3333333333333333,0.5,0.9230769230769232,0.3333333333333333,0.7777777777777777,0.0,0.3333333333333333,1.0,0.0,0.6000000000000001,0.3333333333333333,0.1666666666666666,0.3333333333333333,0.3333333333333333,0.3333333333333333,0.3333333333333333,0.1667382896433175,0.0,0.2,0.4222222222222222,0.21666666666666662,0.8332617103566825,0.25314417511641063,0.5206227330538414,0.5167221852098601
0.5539803707742639,0.3333333333333333,0.5,0.8461538461538463,0.3333333333333333,0.4444444444444445,0.0,0.0,1.0,0.0,0.2,1.0,0.1666666666666666,0.3333333333333333,1.0,0.3333333333333333,0.3333333333333333,0.1614381893711502,0.0,0.4666666666666667,0.22222222222222224,0.21666666666666662,0.8385618106288498,0.594426795479931,0.2757548636299402,0.520008882966911
