id,user_email,old_devices,batteries,disposal_method
1,ckshanima2005@gmail.com,20,1-2,recycle
2,ckshanima2005@gmail.com,12,1-2,store
3,ckshanima2005@gmail.com,12,1-2,recycle
4,ckshanima2005@gmail.com,12,1-2,recycle
5,ckshanima2005@gmail.com,12,1-2,recycle
6,user1@gmail.com,3,6+,recycle
7,user2@gmail.com,4,1-2,sell
8,user3@gmail.com,2,6+,recycle
9,user4@gmail.com,2,none,trash
10,user5@gmail.com,4,1-2,store
11,user6@gmail.com,1,none,sell
12,user7@gmail.com,1,6+,recycle
13,user8@gmail.com,3,3-5,trash
14,user9@gmail.com,4,1-2,trash
15,user10@gmail.com,0,6+,recycle
16,user11@gmail.com,3,6+,trash
17,user12@gmail.com,4,none,sell
18,user13@gmail.com,4,1-2,store
19,user14@gmail.com,0,6+,store
20,user15@gmail.com,3,3-5,store
21,user16@gmail.com,2,6+,recycle
22,user17@gmail.com,0,3-5,trash
23,user18@gmail.com,4,none,trash
24,user19@gmail.com,0,3-5,recycle
25,user20@gmail.com,4,1-2,recycle
26,user21@gmail.com,0,none,store
27,user22@gmail.com,2,1-2,trash
28,user23@gmail.com,4,none,trash
29,user24@gmail.com,2,6+,store
30,user25@gmail.com,4,6+,trash
31,user26@gmail.com,0,none,recycle
32,user27@gmail.com,1,6+,recycle
33,user28@gmail.com,2,none,sell
34,user29@gmail.com,2,1-2,recycle
35,user30@gmail.com,4,3-5,trash
36,user31@gmail.com,1,3-5,trash
37,user32@gmail.com,1,3-5,trash
38,user33@gmail.com,4,3-5,recycle
39,user34@gmail.com,3,1-2,trash
40,user35@gmail.com,3,none,sell
41,user36@gmail.com,4,1-2,trash
42,user37@gmail.com,1,3-5,sell
43,user38@gmail.com,1,3-5,store
44,user39@gmail.com,3,3-5,trash
45,user40@gmail.com,2,3-5,store
46,user41@gmail.com,2,6+,store
47,user42@gmail.com,3,1-2,recycle
48,user43@gmail.com,1,6+,recycle
49,user44@gmail.com,1,6+,trash
50,user45@gmail.com,2,1-2,recycle
51,user46@gmail.com,0,3-5,recycle
52,user47@gmail.com,1,none,store
53,user48@gmail.com,0,6+,trash
54,user49@gmail.com,4,6+,sell
55,user50@gmail.com,1,3-5,store
56,user51@gmail.com,3,none,sell
57,user52@gmail.com,2,none,store
58,user53@gmail.com,2,3-5,sell
59,user54@gmail.com,1,1-2,recycle
60,user55@gmail.com,1,1-2,trash
61,user56@gmail.com,4,1-2,sell
62,user57@gmail.com,0,none,sell
63,user58@gmail.com,3,3-5,store
64,user59@gmail.com,2,none,sell
65,user60@gmail.com,1,3-5,store
66,user61@gmail.com,0,3-5,recycle
67,user62@gmail.com,0,3-5,sell
68,user63@gmail.com,2,3-5,store
69,user64@gmail.com,3,3-5,trash
70,user65@gmail.com,1,none,trash
71,user66@gmail.com,1,none,store
72,user67@gmail.com,1,3-5,sell
73,user68@gmail.com,0,3-5,sell
74,user69@gmail.com,4,none,trash
75,user70@gmail.com,0,none,sell
76,user71@gmail.com,2,none,trash
77,user72@gmail.com,1,3-5,trash
78,user73@gmail.com,4,6+,sell
79,user74@gmail.com,4,none,trash
80,user75@gmail.com,3,1-2,sell
81,user76@gmail.com,3,none,store
82,user77@gmail.com,2,1-2,sell
83,user78@gmail.com,2,none,sell
84,user79@gmail.com,3,3-5,store
85,user80@gmail.com,4,6+,store
86,user81@gmail.com,0,none,recycle
87,user82@gmail.com,4,1-2,recycle
88,user83@gmail.com,0,none,trash
89,user84@gmail.com,1,1-2,sell
90,user85@gmail.com,2,none,sell
91,user86@gmail.com,3,none,recycle
92,user87@gmail.com,3,none,sell
93,user88@gmail.com,1,6+,sell
94,user89@gmail.com,3,3-5,trash
95,user90@gmail.com,3,6+,sell
96,user91@gmail.com,3,6+,store
97,user92@gmail.com,2,3-5,trash
98,user93@gmail.com,3,6+,recycle
99,user94@gmail.com,2,3-5,trash
100,user95@gmail.com,2,1-2,recycle
101,user96@gmail.com,2,6+,trash
102,user97@gmail.com,1,3-5,sell
103,user98@gmail.com,1,6+,store
104,user99@gmail.com,3,1-2,recycle
105,user100@gmail.com,4,none,recycle
106,user101@gmail.com,0,6+,store
107,user102@gmail.com,2,1-2,store
108,user103@gmail.com,2,none,recycle
109,user104@gmail.com,0,none,store
110,user105@gmail.com,3,none,sell
111,user106@gmail.com,1,3-5,sell
112,user107@gmail.com,1,1-2,recycle
113,user108@gmail.com,4,1-2,recycle
114,user109@gmail.com,3,none,trash
115,user110@gmail.com,0,3-5,sell
116,user111@gmail.com,2,6+,recycle
117,user112@gmail.com,3,none,store
118,user113@gmail.com,4,none,sell
119,user114@gmail.com,1,1-2,store
120,user115@gmail.com,3,none,recycle
121,user116@gmail.com,3,1-2,recycle
122,user117@gmail.com,4,1-2,trash
123,user118@gmail.com,2,none,trash
124,user119@gmail.com,2,3-5,sell
125,user120@gmail.com,0,6+,sell
126,user121@gmail.com,2,none,recycle
127,user122@gmail.com,3,1-2,trash
128,user123@gmail.com,2,3-5,sell
129,user124@gmail.com,4,none,store
130,user125@gmail.com,3,6+,store
131,user126@gmail.com,2,3-5,trash
132,user127@gmail.com,2,none,store
133,user128@gmail.com,3,6+,sell
134,user129@gmail.com,4,6+,sell
135,user130@gmail.com,1,3-5,recycle
136,user131@gmail.com,0,3-5,sell
137,user132@gmail.com,0,none,recycle
138,user133@gmail.com,3,6+,recycle
139,user134@gmail.com,3,3-5,trash
140,user135@gmail.com,1,1-2,sell
141,user136@gmail.com,1,6+,trash
142,user137@gmail.com,1,6+,trash
143,user138@gmail.com,3,none,trash
144,user139@gmail.com,3,3-5,store
145,user140@gmail.com,2,none,recycle
146,user141@gmail.com,3,3-5,store
147,user142@gmail.com,4,none,store
148,user143@gmail.com,4,none,trash
149,user144@gmail.com,0,none,store
150,user145@gmail.com,4,1-2,trash
151,user146@gmail.com,4,1-2,recycle
152,user147@gmail.com,3,1-2,trash
153,user148@gmail.com,2,1-2,store
154,user149@gmail.com,0,none,recycle
155,user150@gmail.com,4,1-2,trash
156,user151@gmail.com,4,6+,trash
157,user152@gmail.com,2,6+,trash
158,user153@gmail.com,3,6+,recycle
159,user154@gmail.com,3,none,store
160,user155@gmail.com,3,6+,trash
161,user156@gmail.com,3,6+,recycle
162,user157@gmail.com,2,1-2,sell
163,user158@gmail.com,0,3-5,store
164,user159@gmail.com,3,1-2,trash
165,user160@gmail.com,3,1-2,trash
166,user161@gmail.com,2,1-2,trash
167,user162@gmail.com,2,6+,recycle
168,user163@gmail.com,4,3-5,sell
169,user164@gmail.com,1,3-5,sell
170,user165@gmail.com,0,6+,store
171,user166@gmail.com,4,3-5,sell
172,user167@gmail.com,2,none,sell
173,user168@gmail.com,4,none,trash
174,user169@gmail.com,1,3-5,recycle
175,user170@gmail.com,3,3-5,store
176,user171@gmail.com,0,none,recycle
177,user172@gmail.com,2,6+,trash
178,user173@gmail.com,3,1-2,recycle
179,user174@gmail.com,1,3-5,trash
180,user175@gmail.com,1,1-2,store
181,user176@gmail.com,0,6+,recycle
182,user177@gmail.com,3,6+,trash
183,user178@gmail.com,1,6+,recycle
184,user179@gmail.com,3,none,trash
185,user180@gmail.com,3,none,sell
186,user181@gmail.com,4,6+,store
187,user182@gmail.com,4,none,sell
188,user183@gmail.com,3,3-5,recycle
189,user184@gmail.com,0,3-5,recycle
190,user185@gmail.com,1,none,store
191,user186@gmail.com,4,3-5,recycle
192,user187@gmail.com,2,1-2,recycle
193,user188@gmail.com,3,6+,recycle
194,user189@gmail.com,3,1-2,sell
195,user190@gmail.com,4,3-5,store
196,user191@gmail.com,1,1-2,trash
197,user192@gmail.com,4,none,trash
198,user193@gmail.com,3,1-2,sell
199,user194@gmail.com,2,none,sell
200,user195@gmail.com,4,6+,trash
201,user196@gmail.com,1,1-2,trash
202,user197@gmail.com,0,6+,trash
203,user198@gmail.com,2,1-2,store
204,user199@gmail.com,4,1-2,recycle
205,user200@gmail.com,2,none,store
206,user201@gmail.com,0,6+,trash
207,user202@gmail.com,2,1-2,trash
208,user203@gmail.com,0,3-5,sell
209,user204@gmail.com,0,none,sell
210,user205@gmail.com,0,6+,trash
211,user206@gmail.com,2,none,sell
212,user207@gmail.com,3,6+,store
213,user208@gmail.com,0,6+,recycle
214,user209@gmail.com,4,none,sell
215,user210@gmail.com,4,3-5,trash
216,user211@gmail.com,2,none,recycle
217,user212@gmail.com,3,6+,recycle
218,user213@gmail.com,3,1-2,store
219,user214@gmail.com,3,3-5,store
220,user215@gmail.com,2,3-5,trash
221,user216@gmail.com,1,6+,recycle
222,user217@gmail.com,0,3-5,recycle
223,user218@gmail.com,2,1-2,store
224,user219@gmail.com,0,none,trash
225,user220@gmail.com,0,3-5,recycle
226,user221@gmail.com,1,3-5,trash
227,user222@gmail.com,2,1-2,sell
228,user223@gmail.com,4,none,store
229,user224@gmail.com,1,none,sell
230,user225@gmail.com,0,1-2,sell
231,user226@gmail.com,4,1-2,recycle
232,user227@gmail.com,0,6+,trash
233,user228@gmail.com,2,none,trash
234,user229@gmail.com,0,none,trash
235,user230@gmail.com,0,3-5,trash
236,user231@gmail.com,3,6+,trash
237,user232@gmail.com,4,3-5,trash
238,user233@gmail.com,0,none,recycle
239,user234@gmail.com,1,6+,recycle
240,user235@gmail.com,3,3-5,store
241,user236@gmail.com,1,6+,store
242,user237@gmail.com,3,3-5,recycle
243,user238@gmail.com,4,6+,store
244,user239@gmail.com,2,6+,sell
245,user240@gmail.com,2,1-2,recycle
246,user241@gmail.com,4,none,recycle
247,user242@gmail.com,3,none,sell
248,user243@gmail.com,3,1-2,sell
249,user244@gmail.com,4,6+,trash
250,user245@gmail.com,2,3-5,store
251,user246@gmail.com,1,1-2,sell
252,user247@gmail.com,4,1-2,trash
253,user248@gmail.com,3,1-2,recycle
254,user249@gmail.com,3,6+,sell
255,user250@gmail.com,4,none,store
256,user251@gmail.com,0,3-5,sell
257,user252@gmail.com,4,6+,trash
258,user253@gmail.com,2,6+,store
259,user254@gmail.com,4,6+,store
260,user255@gmail.com,4,3-5,recycle
261,user256@gmail.com,0,6+,recycle
262,user257@gmail.com,3,6+,sell
263,user258@gmail.com,3,none,store
264,user259@gmail.com,0,1-2,store
265,user260@gmail.com,4,none,sell
266,user261@gmail.com,2,3-5,sell
267,user262@gmail.com,1,1-2,recycle
268,user263@gmail.com,2,6+,trash
269,user264@gmail.com,3,3-5,trash
270,user265@gmail.com,0,6+,store
271,user266@gmail.com,2,none,recycle
272,user267@gmail.com,4,3-5,store
273,user268@gmail.com,2,none,recycle
274,user269@gmail.com,3,1-2,store
275,user270@gmail.com,0,3-5,sell
276,user271@gmail.com,0,3-5,recycle
277,user272@gmail.com,1,6+,sell
278,user273@gmail.com,2,1-2,trash
279,user274@gmail.com,2,none,trash
280,user275@gmail.com,2,3-5,sell
281,user276@gmail.com,3,none,store
282,user277@gmail.com,3,6+,recycle
283,user278@gmail.com,2,6+,trash
284,user279@gmail.com,0,none,recycle
285,user280@gmail.com,4,3-5,trash
286,user281@gmail.com,2,none,sell
287,user282@gmail.com,3,none,trash
288,user283@gmail.com,3,6+,trash
289,user284@gmail.com,3,6+,trash
290,user285@gmail.com,1,1-2,store
291,user286@gmail.com,0,none,store
292,user287@gmail.com,4,none,store
293,user288@gmail.com,2,none,sell
294,user289@gmail.com,3,1-2,store
295,user290@gmail.com,1,none,sell
296,user291@gmail.com,4,6+,recycle
297,user292@gmail.com,1,6+,sell
298,user293@gmail.com,4,1-2,recycle
299,user294@gmail.com,4,3-5,store
300,user295@gmail.com,0,1-2,sell
301,user296@gmail.com,3,1-2,trash
302,user297@gmail.com,3,6+,trash
303,user298@gmail.com,4,3-5,trash
304,user299@gmail.com,4,1-2,sell
305,user300@gmail.com,4,1-2,sell
306,user301@gmail.com,0,3-5,trash
307,user302@gmail.com,2,1-2,sell
308,user303@gmail.com,4,3-5,recycle
309,user304@gmail.com,3,3-5,store
310,user305@gmail.com,2,none,trash
311,user306@gmail.com,2,1-2,store
312,user307@gmail.com,4,6+,trash
313,user308@gmail.com,3,none,recycle
314,user309@gmail.com,3,none,trash
315,user310@gmail.com,4,6+,store
316,user311@gmail.com,1,3-5,trash
317,user312@gmail.com,0,none,trash
318,user313@gmail.com,0,3-5,trash
319,user314@gmail.com,0,3-5,sell
320,user315@gmail.com,0,none,recycle
321,user316@gmail.com,3,3-5,sell
322,user317@gmail.com,2,6+,store
323,user318@gmail.com,0,none,recycle
324,user319@gmail.com,4,none,store
325,user320@gmail.com,2,3-5,recycle
326,user321@gmail.com,2,6+,trash
327,user322@gmail.com,1,none,store
328,user323@gmail.com,4,6+,trash
329,user324@gmail.com,2,none,store
330,user325@gmail.com,3,1-2,recycle
331,user326@gmail.com,3,1-2,sell
332,user327@gmail.com,0,1-2,sell
333,user328@gmail.com,1,1-2,sell
334,user329@gmail.com,2,6+,sell
335,user330@gmail.com,3,3-5,recycle
336,user331@gmail.com,4,3-5,trash
337,user332@gmail.com,2,3-5,recycle
338,user333@gmail.com,1,6+,store
339,user334@gmail.com,4,1-2,recycle
340,user335@gmail.com,4,6+,trash
341,user336@gmail.com,3,3-5,trash
342,user337@gmail.com,1,6+,trash
343,user338@gmail.com,2,3-5,trash
344,user339@gmail.com,1,1-2,recycle
345,user340@gmail.com,4,1-2,store
346,user341@gmail.com,3,none,trash
347,user342@gmail.com,0,3-5,store
348,user343@gmail.com,3,none,trash
349,user344@gmail.com,0,6+,store
350,user345@gmail.com,1,3-5,recycle
351,user346@gmail.com,2,none,recycle
352,user347@gmail.com,4,6+,sell
353,user348@gmail.com,4,none,recycle
354,user349@gmail.com,3,3-5,trash
355,user350@gmail.com,1,6+,sell
356,user351@gmail.com,0,3-5,trash
357,user352@gmail.com,3,none,sell
358,user353@gmail.com,3,none,recycle
359,user354@gmail.com,3,1-2,sell
360,user355@gmail.com,3,6+,store
361,user356@gmail.com,0,none,sell
362,user357@gmail.com,0,none,recycle
363,user358@gmail.com,1,3-5,trash
364,user359@gmail.com,3,3-5,recycle
365,user360@gmail.com,2,6+,recycle
366,user361@gmail.com,4,none,store
367,user362@gmail.com,4,none,trash
368,user363@gmail.com,3,3-5,trash
369,user364@gmail.com,4,3-5,recycle
370,user365@gmail.com,4,3-5,recycle
371,user366@gmail.com,3,6+,trash
372,user367@gmail.com,1,1-2,sell
373,user368@gmail.com,0,6+,store
374,user369@gmail.com,2,none,store
375,user370@gmail.com,4,3-5,sell
376,user371@gmail.com,4,none,recycle
377,user372@gmail.com,2,1-2,trash
378,user373@gmail.com,4,3-5,trash
379,user374@gmail.com,0,none,recycle
380,user375@gmail.com,2,1-2,trash
381,user376@gmail.com,3,3-5,recycle
382,user377@gmail.com,3,none,sell
383,user378@gmail.com,2,1-2,trash
384,user379@gmail.com,4,3-5,store
385,user380@gmail.com,1,3-5,store
386,user381@gmail.com,2,1-2,sell
387,user382@gmail.com,4,1-2,sell
388,user383@gmail.com,2,1-2,trash
389,user384@gmail.com,4,none,recycle
390,user385@gmail.com,4,3-5,recycle
391,user386@gmail.com,2,6+,recycle
392,user387@gmail.com,1,3-5,trash
393,user388@gmail.com,3,none,store
394,user389@gmail.com,4,3-5,sell
395,user390@gmail.com,1,6+,store
396,user391@gmail.com,2,1-2,recycle
397,user392@gmail.com,1,3-5,recycle
398,user393@gmail.com,0,1-2,recycle
399,user394@gmail.com,4,1-2,sell
400,user395@gmail.com,4,3-5,store
401,user396@gmail.com,2,3-5,store
402,user397@gmail.com,0,none,sell
403,user398@gmail.com,2,1-2,recycle
404,user399@gmail.com,2,none,store
405,user400@gmail.com,1,3-5,trash
406,user401@gmail.com,0,1-2,trash
407,user402@gmail.com,3,3-5,trash
408,user403@gmail.com,0,none,sell
409,user404@gmail.com,2,none,store
410,user405@gmail.com,1,1-2,sell
411,user406@gmail.com,3,1-2,sell
412,user407@gmail.com,4,6+,store
413,user408@gmail.com,4,none,recycle
414,user409@gmail.com,4,none,store
415,user410@gmail.com,4,none,store
416,user411@gmail.com,0,6+,store
417,user412@gmail.com,3,none,trash
418,user413@gmail.com,1,none,trash
419,user414@gmail.com,0,6+,recycle
420,user415@gmail.com,4,6+,trash
421,user416@gmail.com,4,none,recycle
422,user417@gmail.com,2,none,sell
423,user418@gmail.com,3,6+,sell
424,user419@gmail.com,4,6+,recycle
425,user420@gmail.com,4,none,store
426,user421@gmail.com,0,1-2,sell
427,user422@gmail.com,3,6+,recycle
428,user423@gmail.com,4,1-2,store
429,user424@gmail.com,3,1-2,sell
430,user425@gmail.com,2,3-5,sell
431,user426@gmail.com,0,1-2,trash
432,user427@gmail.com,1,none,trash
433,user428@gmail.com,1,3-5,store
434,user429@gmail.com,4,6+,recycle
435,user430@gmail.com,0,none,store
436,user431@gmail.com,1,3-5,sell
437,user432@gmail.com,4,3-5,sell
438,user433@gmail.com,2,1-2,store
439,user434@gmail.com,4,1-2,recycle
440,user435@gmail.com,3,3-5,store
441,user436@gmail.com,4,3-5,trash
442,user437@gmail.com,1,3-5,store
443,user438@gmail.com,0,3-5,trash
444,user439@gmail.com,1,none,trash
445,user440@gmail.com,0,3-5,trash
446,user441@gmail.com,1,none,trash
447,user442@gmail.com,1,1-2,sell
448,user443@gmail.com,4,6+,sell
449,user444@gmail.com,0,none,sell
450,user445@gmail.com,3,none,store
451,user446@gmail.com,2,1-2,sell
452,user447@gmail.com,1,6+,recycle
453,user448@gmail.com,2,none,recycle
454,user449@gmail.com,2,6+,sell
455,user450@gmail.com,3,3-5,store
456,user451@gmail.com,1,6+,sell
457,user452@gmail.com,0,1-2,trash
458,user453@gmail.com,0,none,store
459,user454@gmail.com,0,6+,store
460,user455@gmail.com,2,3-5,recycle
461,user456@gmail.com,0,6+,trash
462,user457@gmail.com,4,1-2,trash
463,user458@gmail.com,0,3-5,store
464,user459@gmail.com,3,none,store
465,user460@gmail.com,4,3-5,trash
466,user461@gmail.com,3,none,sell
467,user462@gmail.com,0,1-2,sell
468,user463@gmail.com,3,1-2,recycle
469,user464@gmail.com,2,6+,store
470,user465@gmail.com,0,none,sell
471,user466@gmail.com,1,1-2,recycle
472,user467@gmail.com,1,6+,sell
473,user468@gmail.com,1,1-2,sell
474,user469@gmail.com,2,3-5,sell
475,user470@gmail.com,0,none,trash
476,user471@gmail.com,1,6+,sell
477,user472@gmail.com,4,none,trash
478,user473@gmail.com,1,1-2,sell
479,user474@gmail.com,3,1-2,trash
480,user475@gmail.com,1,1-2,trash
481,user476@gmail.com,1,none,recycle
482,user477@gmail.com,1,1-2,sell
483,user478@gmail.com,1,6+,trash
484,user479@gmail.com,1,1-2,trash
485,user480@gmail.com,4,6+,recycle
486,user481@gmail.com,0,6+,sell
487,user482@gmail.com,2,none,trash
488,user483@gmail.com,0,1-2,recycle
489,user484@gmail.com,2,3-5,sell
490,user485@gmail.com,1,6+,store
491,user486@gmail.com,3,3-5,sell
492,user487@gmail.com,1,3-5,sell
493,user488@gmail.com,0,3-5,recycle
494,user489@gmail.com,4,6+,store
495,user490@gmail.com,2,1-2,store
496,user491@gmail.com,3,1-2,trash
497,user492@gmail.com,1,none,recycle
498,user493@gmail.com,1,6+,sell
499,user494@gmail.com,3,3-5,sell
500,user495@gmail.com,2,none,store
501,user496@gmail.com,2,none,sell
502,user497@gmail.com,0,1-2,trash
503,user498@gmail.com,3,none,store
504,user499@gmail.com,1,3-5,store
505,user500@gmail.com,4,none,recycle
506,user1@gmail.com,2,6+,recycle
507,user2@gmail.com,0,6+,recycle
508,user3@gmail.com,2,3-5,store
509,user4@gmail.com,3,3-5,sell
510,user5@gmail.com,0,3-5,recycle
511,user6@gmail.com,0,3-5,sell
512,user7@gmail.com,2,6+,store
513,user8@gmail.com,1,3-5,trash
514,user9@gmail.com,1,3-5,recycle
515,user10@gmail.com,2,1-2,store
516,user11@gmail.com,2,none,store
517,user12@gmail.com,4,1-2,recycle
518,user13@gmail.com,0,1-2,sell
519,user14@gmail.com,4,1-2,sell
520,user15@gmail.com,2,3-5,trash
521,user16@gmail.com,1,1-2,recycle
522,user17@gmail.com,3,6+,store
523,user18@gmail.com,3,6+,store
524,user19@gmail.com,4,3-5,trash
525,user20@gmail.com,2,3-5,trash
526,user21@gmail.com,3,3-5,trash
527,user22@gmail.com,4,6+,recycle
528,user23@gmail.com,4,1-2,trash
529,user24@gmail.com,1,6+,sell
530,user25@gmail.com,3,1-2,trash
531,user26@gmail.com,1,none,trash
532,user27@gmail.com,0,3-5,recycle
533,user28@gmail.com,1,1-2,sell
534,user29@gmail.com,0,3-5,trash
535,user30@gmail.com,4,6+,store
536,user31@gmail.com,2,3-5,recycle
537,user32@gmail.com,4,6+,store
538,user33@gmail.com,0,none,trash
539,user34@gmail.com,4,1-2,trash
540,user35@gmail.com,1,none,sell
541,user36@gmail.com,4,none,store
542,user37@gmail.com,2,none,sell
543,user38@gmail.com,1,6+,trash
544,user39@gmail.com,4,3-5,recycle
545,user40@gmail.com,2,none,store
546,user41@gmail.com,2,6+,recycle
547,user42@gmail.com,1,1-2,recycle
548,user43@gmail.com,1,6+,sell
549,user44@gmail.com,2,none,recycle
550,user45@gmail.com,4,3-5,trash
551,user46@gmail.com,4,1-2,sell
552,user47@gmail.com,3,6+,store
553,user48@gmail.com,1,6+,sell
554,user49@gmail.com,4,1-2,sell
555,user50@gmail.com,2,6+,trash
556,user51@gmail.com,2,6+,trash
557,user52@gmail.com,1,3-5,sell
558,user53@gmail.com,2,1-2,trash
559,user54@gmail.com,1,none,sell
560,user55@gmail.com,2,1-2,trash
561,user56@gmail.com,2,3-5,trash
562,user57@gmail.com,0,6+,trash
563,user58@gmail.com,2,1-2,recycle
564,user59@gmail.com,3,3-5,trash
565,user60@gmail.com,0,6+,trash
566,user61@gmail.com,2,3-5,trash
567,user62@gmail.com,3,none,trash
568,user63@gmail.com,3,6+,store
569,user64@gmail.com,4,1-2,store
570,user65@gmail.com,4,none,recycle
571,user66@gmail.com,2,3-5,store
572,user67@gmail.com,1,none,store
573,user68@gmail.com,2,1-2,store
574,user69@gmail.com,4,none,sell
575,user70@gmail.com,2,1-2,trash
576,user71@gmail.com,4,1-2,trash
577,user72@gmail.com,3,1-2,sell
578,user73@gmail.com,0,1-2,store
579,user74@gmail.com,0,1-2,sell
580,user75@gmail.com,1,none,recycle
581,user76@gmail.com,1,6+,trash
582,user77@gmail.com,1,1-2,recycle
583,user78@gmail.com,1,3-5,recycle
584,user79@gmail.com,1,1-2,recycle
585,user80@gmail.com,4,6+,store
586,user81@gmail.com,1,1-2,recycle
587,user82@gmail.com,1,1-2,sell
588,user83@gmail.com,0,3-5,store
589,user84@gmail.com,1,6+,sell
590,user85@gmail.com,3,1-2,recycle
591,user86@gmail.com,1,3-5,trash
592,user87@gmail.com,0,3-5,trash
593,user88@gmail.com,1,6+,store
594,user89@gmail.com,0,6+,recycle
595,user90@gmail.com,0,1-2,sell
596,user91@gmail.com,3,1-2,store
597,user92@gmail.com,2,6+,trash
598,user93@gmail.com,2,3-5,store
599,user94@gmail.com,4,1-2,trash
600,user95@gmail.com,4,1-2,store
601,user96@gmail.com,3,1-2,trash
602,user97@gmail.com,4,1-2,recycle
603,user98@gmail.com,3,1-2,recycle
604,user99@gmail.com,2,none,sell
605,user100@gmail.com,2,3-5,store
606,user101@gmail.com,2,3-5,store
607,user102@gmail.com,2,3-5,sell
608,user103@gmail.com,0,none,recycle
609,user104@gmail.com,1,6+,recycle
610,user105@gmail.com,2,6+,trash
611,user106@gmail.com,1,1-2,trash
612,user107@gmail.com,3,3-5,store
613,user108@gmail.com,4,3-5,store
614,user109@gmail.com,1,6+,store
615,user110@gmail.com,2,3-5,sell
616,user111@gmail.com,4,none,store
617,user112@gmail.com,0,6+,trash
618,user113@gmail.com,3,3-5,sell
619,user114@gmail.com,3,6+,trash
620,user115@gmail.com,4,1-2,trash
621,user116@gmail.com,3,1-2,sell
622,user117@gmail.com,3,none,recycle
623,user118@gmail.com,0,3-5,recycle
624,user119@gmail.com,1,none,trash
625,user120@gmail.com,3,none,sell
626,user121@gmail.com,4,1-2,recycle
627,user122@gmail.com,2,none,sell
628,user123@gmail.com,1,6+,store
629,user124@gmail.com,3,3-5,trash
630,user125@gmail.com,0,1-2,sell
631,user126@gmail.com,2,none,store
632,user127@gmail.com,3,3-5,trash
633,user128@gmail.com,4,none,sell
634,user129@gmail.com,0,6+,recycle
635,user130@gmail.com,1,3-5,trash
636,user131@gmail.com,4,1-2,trash
637,user132@gmail.com,2,6+,store
638,user133@gmail.com,0,6+,recycle
639,user134@gmail.com,3,none,recycle
640,user135@gmail.com,4,1-2,trash
641,user136@gmail.com,2,6+,trash
642,user137@gmail.com,0,3-5,sell
643,user138@gmail.com,0,none,sell
644,user139@gmail.com,1,none,trash
645,user140@gmail.com,4,6+,sell
646,user141@gmail.com,2,1-2,recycle
647,user142@gmail.com,3,3-5,sell
648,user143@gmail.com,2,none,store
649,user144@gmail.com,3,1-2,trash
650,user145@gmail.com,4,1-2,sell
651,user146@gmail.com,4,none,trash
652,user147@gmail.com,0,none,store
653,user148@gmail.com,2,3-5,recycle
654,user149@gmail.com,2,none,store
655,user150@gmail.com,2,1-2,trash
656,user151@gmail.com,3,none,store
657,user152@gmail.com,1,6+,store
658,user153@gmail.com,4,6+,trash
659,user154@gmail.com,2,3-5,sell
660,user155@gmail.com,0,3-5,sell
661,user156@gmail.com,3,6+,recycle
662,user157@gmail.com,4,3-5,store
663,user158@gmail.com,4,3-5,recycle
664,user159@gmail.com,2,none,trash
665,user160@gmail.com,2,none,recycle
666,user161@gmail.com,1,none,sell
667,user162@gmail.com,4,3-5,recycle
668,user163@gmail.com,4,3-5,trash
669,user164@gmail.com,3,3-5,recycle
670,user165@gmail.com,3,3-5,store
671,user166@gmail.com,3,none,sell
672,user167@gmail.com,3,none,trash
673,user168@gmail.com,1,3-5,recycle
674,user169@gmail.com,2,3-5,trash
675,user170@gmail.com,1,6+,sell
676,user171@gmail.com,2,1-2,sell
677,user172@gmail.com,0,none,sell
678,user173@gmail.com,4,3-5,trash
679,user174@gmail.com,0,1-2,trash
680,user175@gmail.com,1,1-2,sell
681,user176@gmail.com,1,1-2,recycle
682,user177@gmail.com,2,1-2,store
683,user178@gmail.com,4,none,store
684,user179@gmail.com,4,6+,recycle
685,user180@gmail.com,1,3-5,trash
686,user181@gmail.com,2,1-2,trash
687,user182@gmail.com,4,1-2,recycle
688,user183@gmail.com,2,1-2,recycle
689,user184@gmail.com,2,1-2,store
690,user185@gmail.com,3,6+,sell
691,user186@gmail.com,0,1-2,trash
692,user187@gmail.com,0,1-2,store
693,user188@gmail.com,0,3-5,sell
694,user189@gmail.com,3,3-5,store
695,user190@gmail.com,2,3-5,recycle
696,user191@gmail.com,2,none,recycle
697,user192@gmail.com,1,none,recycle
698,user193@gmail.com,1,none,trash
699,user194@gmail.com,1,3-5,recycle
700,user195@gmail.com,1,1-2,trash
701,user196@gmail.com,1,none,recycle
702,user197@gmail.com,1,6+,store
703,user198@gmail.com,4,none,store
704,user199@gmail.com,3,3-5,sell
705,user200@gmail.com,4,3-5,sell
706,user201@gmail.com,4,none,sell
707,user202@gmail.com,0,6+,recycle
708,user203@gmail.com,0,none,trash
709,user204@gmail.com,4,6+,recycle
710,user205@gmail.com,0,6+,store
711,user206@gmail.com,2,3-5,trash
712,user207@gmail.com,1,1-2,recycle
713,user208@gmail.com,1,6+,trash
714,user209@gmail.com,2,6+,trash
715,user210@gmail.com,0,3-5,sell
716,user211@gmail.com,4,3-5,store
717,user212@gmail.com,0,none,sell
718,user213@gmail.com,1,1-2,recycle
719,user214@gmail.com,2,6+,sell
720,user215@gmail.com,3,3-5,recycle
721,user216@gmail.com,0,none,trash
722,user217@gmail.com,4,6+,store
723,user218@gmail.com,1,1-2,recycle
724,user219@gmail.com,4,6+,recycle
725,user220@gmail.com,3,none,sell
726,user221@gmail.com,4,6+,sell
727,user222@gmail.com,4,6+,recycle
728,user223@gmail.com,4,none,recycle
729,user224@gmail.com,0,3-5,store
730,user225@gmail.com,3,6+,trash
731,user226@gmail.com,4,6+,sell
732,user227@gmail.com,0,3-5,store
733,user228@gmail.com,1,none,trash
734,user229@gmail.com,2,6+,sell
735,user230@gmail.com,2,none,sell
736,user231@gmail.com,2,1-2,recycle
737,user232@gmail.com,2,6+,sell
738,user233@gmail.com,4,1-2,trash
739,user234@gmail.com,4,3-5,trash
740,user235@gmail.com,2,1-2,trash
741,user236@gmail.com,4,1-2,sell
742,user237@gmail.com,2,none,store
743,user238@gmail.com,3,3-5,sell
744,user239@gmail.com,3,6+,store
745,user240@gmail.com,1,3-5,sell
746,user241@gmail.com,1,6+,sell
747,user242@gmail.com,2,none,store
748,user243@gmail.com,2,3-5,recycle
749,user244@gmail.com,0,6+,recycle
750,user245@gmail.com,0,none,trash
751,user246@gmail.com,2,1-2,recycle
752,user247@gmail.com,0,none,sell
753,user248@gmail.com,1,1-2,trash
754,user249@gmail.com,4,none,sell
755,user250@gmail.com,2,3-5,trash
756,user251@gmail.com,1,6+,recycle
757,user252@gmail.com,1,6+,trash
758,user253@gmail.com,3,3-5,sell
759,user254@gmail.com,1,1-2,recycle
760,user255@gmail.com,3,6+,trash
761,user256@gmail.com,4,3-5,store
762,user257@gmail.com,2,none,trash
763,user258@gmail.com,2,none,sell
764,user259@gmail.com,3,3-5,recycle
765,user260@gmail.com,3,6+,sell
766,user261@gmail.com,4,1-2,trash
767,user262@gmail.com,2,1-2,store
768,user263@gmail.com,4,none,sell
769,user264@gmail.com,2,3-5,recycle
770,user265@gmail.com,2,none,sell
771,user266@gmail.com,0,none,trash
772,user267@gmail.com,2,3-5,sell
773,user268@gmail.com,4,6+,recycle
774,user269@gmail.com,1,1-2,sell
775,user270@gmail.com,4,none,recycle
776,user271@gmail.com,2,1-2,sell
777,user272@gmail.com,4,6+,sell
778,user273@gmail.com,1,none,store
779,user274@gmail.com,2,none,recycle
780,user275@gmail.com,0,none,trash
781,user276@gmail.com,3,6+,sell
782,user277@gmail.com,0,1-2,sell
783,user278@gmail.com,0,none,sell
784,user279@gmail.com,3,1-2,recycle
785,user280@gmail.com,4,3-5,sell
786,user281@gmail.com,4,1-2,sell
787,user282@gmail.com,1,6+,recycle
788,user283@gmail.com,4,1-2,sell
789,user284@gmail.com,2,3-5,recycle
790,user285@gmail.com,1,3-5,trash
791,user286@gmail.com,2,3-5,sell
792,user287@gmail.com,4,1-2,trash
793,user288@gmail.com,2,3-5,store
794,user289@gmail.com,1,6+,trash
795,user290@gmail.com,2,6+,recycle
796,user291@gmail.com,3,6+,store
797,user292@gmail.com,0,none,sell
798,user293@gmail.com,4,1-2,recycle
799,user294@gmail.com,1,1-2,sell
800,user295@gmail.com,4,none,sell
801,user296@gmail.com,4,1-2,recycle
802,user297@gmail.com,2,none,trash
803,user298@gmail.com,3,1-2,store
804,user299@gmail.com,4,1-2,recycle
805,user300@gmail.com,0,none,trash
806,user301@gmail.com,0,none,store
807,user302@gmail.com,1,none,trash
808,user303@gmail.com,1,3-5,sell
809,user304@gmail.com,4,1-2,sell
810,user305@gmail.com,3,6+,store
811,user306@gmail.com,4,1-2,sell
812,user307@gmail.com,2,6+,trash
813,user308@gmail.com,0,6+,trash
814,user309@gmail.com,3,1-2,recycle
815,user310@gmail.com,2,3-5,recycle
816,user311@gmail.com,3,none,recycle
817,user312@gmail.com,3,3-5,recycle
818,user313@gmail.com,2,3-5,sell
819,user314@gmail.com,2,3-5,sell
820,user315@gmail.com,3,3-5,store
821,user316@gmail.com,2,6+,recycle
822,user317@gmail.com,0,1-2,recycle
823,user318@gmail.com,1,1-2,recycle
824,user319@gmail.com,2,3-5,store
825,user320@gmail.com,3,3-5,recycle
826,user321@gmail.com,2,none,sell
827,user322@gmail.com,0,3-5,trash
828,user323@gmail.com,1,1-2,sell
829,user324@gmail.com,1,1-2,recycle
830,user325@gmail.com,3,6+,trash
831,user326@gmail.com,1,1-2,recycle
832,user327@gmail.com,3,6+,store
833,user328@gmail.com,1,none,sell
834,user329@gmail.com,2,3-5,trash
835,user330@gmail.com,2,3-5,sell
836,user331@gmail.com,4,3-5,recycle
837,user332@gmail.com,1,6+,store
838,user333@gmail.com,0,3-5,recycle
839,user334@gmail.com,3,3-5,recycle
840,user335@gmail.com,3,1-2,recycle
841,user336@gmail.com,0,6+,store
842,user337@gmail.com,0,1-2,trash
843,user338@gmail.com,0,1-2,sell
844,user339@gmail.com,1,3-5,trash
845,user340@gmail.com,4,6+,store
846,user341@gmail.com,1,1-2,recycle
847,user342@gmail.com,0,3-5,trash
848,user343@gmail.com,1,none,store
849,user344@gmail.com,0,1-2,sell
850,user345@gmail.com,4,none,sell
851,user346@gmail.com,0,6+,trash
852,user347@gmail.com,1,none,recycle
853,user348@gmail.com,0,6+,trash
854,user349@gmail.com,2,3-5,store
855,user350@gmail.com,2,none,sell
856,user351@gmail.com,2,6+,store
857,user352@gmail.com,3,1-2,sell
858,user353@gmail.com,1,3-5,store
859,user354@gmail.com,0,none,store
860,user355@gmail.com,1,none,store
861,user356@gmail.com,0,none,sell
862,user357@gmail.com,2,1-2,sell
863,user358@gmail.com,3,none,trash
864,user359@gmail.com,3,none,store
865,user360@gmail.com,0,none,trash
866,user361@gmail.com,4,none,recycle
867,user362@gmail.com,4,none,recycle
868,user363@gmail.com,0,3-5,trash
869,user364@gmail.com,1,3-5,sell
870,user365@gmail.com,2,1-2,recycle
871,user366@gmail.com,2,6+,sell
872,user367@gmail.com,1,3-5,recycle
873,user368@gmail.com,4,3-5,recycle
874,user369@gmail.com,4,1-2,sell
875,user370@gmail.com,3,6+,store
876,user371@gmail.com,3,3-5,trash
877,user372@gmail.com,1,3-5,recycle
878,user373@gmail.com,2,none,trash
879,user374@gmail.com,4,3-5,sell
880,user375@gmail.com,0,1-2,sell
881,user376@gmail.com,2,3-5,recycle
882,user377@gmail.com,4,3-5,trash
883,user378@gmail.com,4,3-5,recycle
884,user379@gmail.com,2,none,trash
885,user380@gmail.com,3,none,recycle
886,user381@gmail.com,4,none,recycle
887,user382@gmail.com,0,none,sell
888,user383@gmail.com,4,3-5,recycle
889,user384@gmail.com,4,3-5,recycle
890,user385@gmail.com,2,none,trash
891,user386@gmail.com,0,none,recycle
892,user387@gmail.com,4,3-5,sell
893,user388@gmail.com,1,1-2,sell
894,user389@gmail.com,1,none,recycle
895,user390@gmail.com,1,1-2,trash
896,user391@gmail.com,2,3-5,recycle
897,user392@gmail.com,1,3-5,store
898,user393@gmail.com,1,6+,store
899,user394@gmail.com,4,3-5,recycle
900,user395@gmail.com,4,3-5,store
901,user396@gmail.com,3,6+,sell
902,user397@gmail.com,0,6+,trash
903,user398@gmail.com,4,3-5,store
904,user399@gmail.com,2,3-5,trash
905,user400@gmail.com,3,6+,recycle
906,user401@gmail.com,3,3-5,sell
907,user402@gmail.com,0,1-2,recycle
908,user403@gmail.com,1,1-2,sell
909,user404@gmail.com,2,none,recycle
910,user405@gmail.com,2,6+,trash
911,user406@gmail.com,3,3-5,sell
912,user407@gmail.com,0,3-5,recycle
913,user408@gmail.com,2,1-2,recycle
914,user409@gmail.com,0,none,recycle
915,user410@gmail.com,0,3-5,sell
916,user411@gmail.com,4,6+,trash
917,user412@gmail.com,4,none,recycle
918,user413@gmail.com,0,6+,trash
919,user414@gmail.com,2,6+,sell
920,user415@gmail.com,0,6+,sell
921,user416@gmail.com,4,none,store
922,user417@gmail.com,1,3-5,sell
923,user418@gmail.com,2,3-5,recycle
924,user419@gmail.com,0,none,recycle
925,user420@gmail.com,0,1-2,trash
926,user421@gmail.com,2,none,sell
927,user422@gmail.com,0,3-5,store
928,user423@gmail.com,1,3-5,store
929,user424@gmail.com,1,none,recycle
930,user425@gmail.com,0,1-2,sell
931,user426@gmail.com,2,6+,trash
932,user427@gmail.com,2,3-5,sell
933,user428@gmail.com,1,3-5,sell
934,user429@gmail.com,2,6+,store
935,user430@gmail.com,0,3-5,sell
936,user431@gmail.com,2,1-2,recycle
937,user432@gmail.com,4,none,recycle
938,user433@gmail.com,1,none,sell
939,user434@gmail.com,0,1-2,recycle
940,user435@gmail.com,4,6+,recycle
941,user436@gmail.com,1,3-5,sell
942,user437@gmail.com,2,3-5,trash
943,user438@gmail.com,2,3-5,sell
944,user439@gmail.com,3,1-2,recycle
945,user440@gmail.com,2,none,trash
946,user441@gmail.com,0,1-2,sell
947,user442@gmail.com,1,3-5,recycle
948,user443@gmail.com,3,6+,sell
949,user444@gmail.com,2,3-5,trash
950,user445@gmail.com,0,1-2,store
951,user446@gmail.com,3,3-5,sell
952,user447@gmail.com,2,6+,store
953,user448@gmail.com,0,6+,sell
954,user449@gmail.com,4,1-2,recycle
955,user450@gmail.com,4,1-2,recycle
956,user451@gmail.com,4,6+,sell
957,user452@gmail.com,3,3-5,trash
958,user453@gmail.com,1,none,recycle
959,user454@gmail.com,3,3-5,trash
960,user455@gmail.com,0,none,sell
961,user456@gmail.com,3,6+,recycle
962,user457@gmail.com,0,none,trash
963,user458@gmail.com,2,3-5,recycle
964,user459@gmail.com,4,1-2,trash
965,user460@gmail.com,2,1-2,trash
966,user461@gmail.com,0,3-5,recycle
967,user462@gmail.com,2,6+,trash
968,user463@gmail.com,3,1-2,trash
969,user464@gmail.com,4,none,trash
970,user465@gmail.com,0,3-5,store
971,user466@gmail.com,2,3-5,store
972,user467@gmail.com,0,6+,recycle
973,user468@gmail.com,2,1-2,recycle
974,user469@gmail.com,1,none,sell
975,user470@gmail.com,0,1-2,trash
976,user471@gmail.com,3,none,sell
977,user472@gmail.com,2,1-2,store
978,user473@gmail.com,2,3-5,recycle
979,user474@gmail.com,0,3-5,sell
980,user475@gmail.com,4,none,trash
981,user476@gmail.com,1,none,store
982,user477@gmail.com,3,none,sell
983,user478@gmail.com,2,1-2,trash
984,user479@gmail.com,3,none,recycle
985,user480@gmail.com,0,none,store
986,user481@gmail.com,1,3-5,recycle
987,user482@gmail.com,3,none,recycle
988,user483@gmail.com,3,3-5,sell
989,user484@gmail.com,4,none,recycle
990,user485@gmail.com,4,3-5,store
991,user486@gmail.com,0,3-5,sell
992,user487@gmail.com,3,none,sell
993,user488@gmail.com,3,3-5,store
994,user489@gmail.com,1,6+,trash
995,user490@gmail.com,1,3-5,store
996,user491@gmail.com,3,1-2,trash
997,user492@gmail.com,4,6+,store
998,user493@gmail.com,0,3-5,recycle
999,user494@gmail.com,3,none,trash
1000,user495@gmail.com,2,none,store
1001,user496@gmail.com,4,none,sell
1002,user497@gmail.com,4,6+,recycle
1003,user498@gmail.com,2,none,sell
1004,user499@gmail.com,1,6+,store
1005,user500@gmail.com,0,none,trash
1006,user1@gmail.com,1,3-5,store
1007,user2@gmail.com,0,3-5,recycle
1008,user3@gmail.com,1,3-5,store
1009,user4@gmail.com,0,none,store
1010,user5@gmail.com,2,1-2,trash
1011,user6@gmail.com,4,1-2,sell
1012,user7@gmail.com,2,none,recycle
1013,user8@gmail.com,2,6+,trash
1014,user9@gmail.com,3,3-5,recycle
1015,user10@gmail.com,3,none,trash
1016,user11@gmail.com,1,none,sell
1017,user12@gmail.com,0,none,recycle
1018,user13@gmail.com,0,3-5,store
1019,user14@gmail.com,0,none,sell
1020,user15@gmail.com,2,none,trash
1021,user16@gmail.com,4,1-2,sell
1022,user17@gmail.com,1,1-2,trash
1023,user18@gmail.com,3,1-2,sell
1024,user19@gmail.com,3,6+,recycle
1025,user20@gmail.com,4,1-2,recycle
1026,user21@gmail.com,4,none,trash
1027,user22@gmail.com,3,6+,sell
1028,user23@gmail.com,2,none,recycle
1029,user24@gmail.com,1,3-5,recycle
1030,user25@gmail.com,0,6+,store
1031,user26@gmail.com,3,3-5,trash
1032,user27@gmail.com,0,3-5,recycle
1033,user28@gmail.com,0,1-2,store
1034,user29@gmail.com,4,none,trash
1035,user30@gmail.com,3,1-2,store
1036,user31@gmail.com,2,none,sell
1037,user32@gmail.com,3,3-5,trash
1038,user33@gmail.com,4,1-2,sell
1039,user34@gmail.com,2,3-5,recycle
1040,user35@gmail.com,4,3-5,store
1041,user36@gmail.com,1,none,sell
1042,user37@gmail.com,3,6+,recycle
1043,user38@gmail.com,4,1-2,store
1044,user39@gmail.com,4,3-5,recycle
1045,user40@gmail.com,0,1-2,recycle
1046,user41@gmail.com,0,1-2,recycle
1047,user42@gmail.com,1,6+,store
1048,user43@gmail.com,4,none,store
1049,user44@gmail.com,3,6+,recycle
1050,user45@gmail.com,1,3-5,recycle
1051,user46@gmail.com,1,1-2,sell
1052,user47@gmail.com,0,3-5,store
1053,user48@gmail.com,3,1-2,sell
1054,user49@gmail.com,3,none,recycle
1055,user50@gmail.com,2,1-2,recycle
1056,user51@gmail.com,1,6+,recycle
1057,user52@gmail.com,0,3-5,sell
1058,user53@gmail.com,1,6+,sell
1059,user54@gmail.com,4,6+,recycle
1060,user55@gmail.com,3,none,recycle
1061,user56@gmail.com,2,1-2,recycle
1062,user57@gmail.com,2,3-5,trash
1063,user58@gmail.com,4,6+,store
1064,user59@gmail.com,3,3-5,sell
1065,user60@gmail.com,0,none,sell
1066,user61@gmail.com,4,1-2,sell
1067,user62@gmail.com,3,1-2,recycle
1068,user63@gmail.com,3,6+,store
1069,user64@gmail.com,1,none,recycle
1070,user65@gmail.com,4,1-2,store
1071,user66@gmail.com,3,3-5,trash
1072,user67@gmail.com,2,6+,trash
1073,user68@gmail.com,0,1-2,trash
1074,user69@gmail.com,1,1-2,recycle
1075,user70@gmail.com,1,none,sell
1076,user71@gmail.com,1,1-2,trash
1077,user72@gmail.com,4,6+,trash
1078,user73@gmail.com,4,1-2,store
1079,user74@gmail.com,3,3-5,trash
1080,user75@gmail.com,1,6+,store
1081,user76@gmail.com,2,none,trash
1082,user77@gmail.com,2,6+,store
1083,user78@gmail.com,0,3-5,recycle
1084,user79@gmail.com,3,1-2,trash
1085,user80@gmail.com,3,none,trash
1086,user81@gmail.com,0,1-2,trash
1087,user82@gmail.com,0,none,trash
1088,user83@gmail.com,1,none,recycle
1089,user84@gmail.com,3,6+,recycle
1090,user85@gmail.com,2,6+,recycle
1091,user86@gmail.com,0,3-5,trash
1092,user87@gmail.com,0,1-2,trash
1093,user88@gmail.com,1,1-2,recycle
1094,user89@gmail.com,0,6+,recycle
1095,user90@gmail.com,3,1-2,trash
1096,user91@gmail.com,0,6+,recycle
1097,user92@gmail.com,1,1-2,trash
1098,user93@gmail.com,3,6+,trash
1099,user94@gmail.com,1,6+,trash
1100,user95@gmail.com,0,1-2,store
1101,user96@gmail.com,1,1-2,store
1102,user97@gmail.com,4,3-5,sell
1103,user98@gmail.com,1,3-5,recycle
1104,user99@gmail.com,1,none,trash
1105,user100@gmail.com,3,6+,recycle
1106,user101@gmail.com,4,1-2,sell
1107,user102@gmail.com,2,3-5,recycle
1108,user103@gmail.com,0,3-5,recycle
1109,user104@gmail.com,3,1-2,sell
1110,user105@gmail.com,0,3-5,sell
1111,user106@gmail.com,1,1-2,trash
1112,user107@gmail.com,0,3-5,trash
1113,user108@gmail.com,2,3-5,trash
1114,user109@gmail.com,1,3-5,trash
1115,user110@gmail.com,0,3-5,sell
1116,user111@gmail.com,2,1-2,sell
1117,user112@gmail.com,1,3-5,recycle
1118,user113@gmail.com,4,none,recycle
1119,user114@gmail.com,1,6+,store
1120,user115@gmail.com,0,none,sell
1121,user116@gmail.com,2,3-5,recycle
1122,user117@gmail.com,4,1-2,sell
1123,user118@gmail.com,0,6+,trash
1124,user119@gmail.com,1,6+,trash
1125,user120@gmail.com,3,3-5,sell
1126,user121@gmail.com,4,3-5,recycle
1127,user122@gmail.com,4,none,recycle
1128,user123@gmail.com,4,1-2,trash
1129,user124@gmail.com,3,3-5,trash
1130,user125@gmail.com,3,3-5,recycle
1131,user126@gmail.com,0,6+,sell
1132,user127@gmail.com,2,1-2,trash
1133,user128@gmail.com,3,6+,trash
1134,user129@gmail.com,1,1-2,store
1135,user130@gmail.com,2,1-2,recycle
1136,user131@gmail.com,2,3-5,recycle
1137,user132@gmail.com,3,none,sell
1138,user133@gmail.com,4,3-5,store
1139,user134@gmail.com,1,1-2,recycle
1140,user135@gmail.com,0,1-2,sell
1141,user136@gmail.com,1,1-2,store
1142,user137@gmail.com,0,1-2,trash
1143,user138@gmail.com,4,3-5,store
1144,user139@gmail.com,2,3-5,sell
1145,user140@gmail.com,0,1-2,recycle
1146,user141@gmail.com,4,1-2,recycle
1147,user142@gmail.com,4,1-2,sell
1148,user143@gmail.com,3,6+,sell
1149,user144@gmail.com,3,none,store
1150,user145@gmail.com,1,none,sell
1151,user146@gmail.com,4,none,recycle
1152,user147@gmail.com,3,1-2,trash
1153,user148@gmail.com,3,3-5,sell
1154,user149@gmail.com,1,1-2,trash
1155,user150@gmail.com,3,3-5,store
1156,user151@gmail.com,3,3-5,trash
1157,user152@gmail.com,2,1-2,store
1158,user153@gmail.com,1,6+,store
1159,user154@gmail.com,0,1-2,store
1160,user155@gmail.com,2,3-5,store
1161,user156@gmail.com,0,none,store
1162,user157@gmail.com,2,none,store
1163,user158@gmail.com,3,1-2,store
1164,user159@gmail.com,3,6+,trash
1165,user160@gmail.com,3,none,trash
1166,user161@gmail.com,2,6+,sell
1167,user162@gmail.com,3,1-2,sell
1168,user163@gmail.com,3,none,trash
1169,user164@gmail.com,0,1-2,trash
1170,user165@gmail.com,0,none,sell
1171,user166@gmail.com,4,1-2,recycle
1172,user167@gmail.com,1,6+,store
1173,user168@gmail.com,2,none,store
1174,user169@gmail.com,4,6+,trash
1175,user170@gmail.com,3,none,trash
1176,user171@gmail.com,0,1-2,sell
1177,user172@gmail.com,1,1-2,store
1178,user173@gmail.com,4,3-5,trash
1179,user174@gmail.com,2,3-5,store
1180,user175@gmail.com,2,none,recycle
1181,user176@gmail.com,2,1-2,recycle
1182,user177@gmail.com,4,6+,sell
1183,user178@gmail.com,3,6+,store
1184,user179@gmail.com,4,3-5,trash
1185,user180@gmail.com,2,none,store
1186,user181@gmail.com,4,6+,trash
1187,user182@gmail.com,0,6+,recycle
1188,user183@gmail.com,4,none,sell
1189,user184@gmail.com,0,3-5,recycle
1190,user185@gmail.com,1,none,store
1191,user186@gmail.com,2,3-5,recycle
1192,user187@gmail.com,1,3-5,sell
1193,user188@gmail.com,2,none,store
1194,user189@gmail.com,3,none,recycle
1195,user190@gmail.com,3,1-2,sell
1196,user191@gmail.com,2,1-2,store
1197,user192@gmail.com,1,3-5,sell
1198,user193@gmail.com,1,none,recycle
1199,user194@gmail.com,0,1-2,sell
1200,user195@gmail.com,4,none,sell
1201,user196@gmail.com,0,6+,trash
1202,user197@gmail.com,1,6+,sell
1203,user198@gmail.com,3,1-2,sell
1204,user199@gmail.com,3,6+,recycle
1205,user200@gmail.com,1,1-2,store
1206,user201@gmail.com,1,3-5,store
1207,user202@gmail.com,1,1-2,recycle
1208,user203@gmail.com,2,none,store
1209,user204@gmail.com,3,none,recycle
1210,user205@gmail.com,0,6+,recycle
1211,user206@gmail.com,4,3-5,sell
1212,user207@gmail.com,1,6+,recycle
1213,user208@gmail.com,0,6+,trash
1214,user209@gmail.com,0,3-5,recycle
1215,user210@gmail.com,1,3-5,trash
1216,user211@gmail.com,4,none,recycle
1217,user212@gmail.com,1,3-5,sell
1218,user213@gmail.com,2,none,store
1219,user214@gmail.com,3,none,trash
1220,user215@gmail.com,0,3-5,trash
1221,user216@gmail.com,2,1-2,recycle
1222,user217@gmail.com,4,none,trash
1223,user218@gmail.com,2,none,trash
1224,user219@gmail.com,1,1-2,trash
1225,user220@gmail.com,0,6+,store
1226,user221@gmail.com,2,1-2,trash
1227,user222@gmail.com,1,3-5,store
1228,user223@gmail.com,0,none,store
1229,user224@gmail.com,0,6+,store
1230,user225@gmail.com,4,3-5,sell
1231,user226@gmail.com,4,none,store
1232,user227@gmail.com,4,none,recycle
1233,user228@gmail.com,0,1-2,store
1234,user229@gmail.com,2,none,recycle
1235,user230@gmail.com,1,1-2,sell
1236,user231@gmail.com,1,6+,store
1237,user232@gmail.com,1,1-2,trash
1238,user233@gmail.com,0,1-2,recycle
1239,user234@gmail.com,3,3-5,trash
1240,user235@gmail.com,3,none,store
1241,user236@gmail.com,3,1-2,store
1242,user237@gmail.com,1,1-2,trash
1243,user238@gmail.com,1,none,sell
1244,user239@gmail.com,3,1-2,recycle
1245,user240@gmail.com,3,none,store
1246,user241@gmail.com,3,none,store
1247,user242@gmail.com,0,1-2,recycle
1248,user243@gmail.com,3,1-2,store
1249,user244@gmail.com,2,1-2,sell
1250,user245@gmail.com,3,none,sell
1251,user246@gmail.com,3,1-2,recycle
1252,user247@gmail.com,4,3-5,sell
1253,user248@gmail.com,0,1-2,trash
1254,user249@gmail.com,4,3-5,sell
1255,user250@gmail.com,1,6+,sell
1256,user251@gmail.com,3,1-2,store
1257,user252@gmail.com,2,3-5,store
1258,user253@gmail.com,2,1-2,trash
1259,user254@gmail.com,0,none,sell
1260,user255@gmail.com,4,none,store
1261,user256@gmail.com,4,1-2,recycle
1262,user257@gmail.com,3,6+,recycle
1263,user258@gmail.com,2,1-2,recycle
1264,user259@gmail.com,3,none,trash
1265,user260@gmail.com,1,1-2,sell
1266,user261@gmail.com,2,6+,recycle
1267,user262@gmail.com,3,3-5,sell
1268,user263@gmail.com,4,6+,recycle
1269,user264@gmail.com,3,6+,sell
1270,user265@gmail.com,2,3-5,store
1271,user266@gmail.com,1,none,recycle
1272,user267@gmail.com,3,none,store
1273,user268@gmail.com,3,3-5,store
1274,user269@gmail.com,0,6+,trash
1275,user270@gmail.com,3,none,sell
1276,user271@gmail.com,4,none,sell
1277,user272@gmail.com,0,3-5,trash
1278,user273@gmail.com,4,3-5,sell
1279,user274@gmail.com,2,3-5,recycle
1280,user275@gmail.com,4,1-2,sell
1281,user276@gmail.com,1,none,sell
1282,user277@gmail.com,4,3-5,store
1283,user278@gmail.com,3,1-2,store
1284,user279@gmail.com,4,3-5,store
1285,user280@gmail.com,2,6+,sell
1286,user281@gmail.com,4,1-2,trash
1287,user282@gmail.com,1,6+,sell
1288,user283@gmail.com,1,6+,sell
1289,user284@gmail.com,0,1-2,store
1290,user285@gmail.com,1,3-5,recycle
1291,user286@gmail.com,4,none,recycle
1292,user287@gmail.com,4,3-5,sell
1293,user288@gmail.com,4,none,store
1294,user289@gmail.com,0,none,store
1295,user290@gmail.com,0,1-2,recycle
1296,user291@gmail.com,2,3-5,recycle
1297,user292@gmail.com,1,1-2,store
1298,user293@gmail.com,3,3-5,recycle
1299,user294@gmail.com,1,1-2,recycle
1300,user295@gmail.com,1,6+,recycle
1301,user296@gmail.com,3,none,store
1302,user297@gmail.com,1,1-2,store
1303,user298@gmail.com,2,none,recycle
1304,user299@gmail.com,3,1-2,sell
1305,user300@gmail.com,3,none,recycle
1306,user301@gmail.com,4,6+,trash
1307,user302@gmail.com,3,none,recycle
1308,user303@gmail.com,1,1-2,sell
1309,user304@gmail.com,2,3-5,sell
1310,user305@gmail.com,0,3-5,recycle
1311,user306@gmail.com,4,6+,store
1312,user307@gmail.com,3,1-2,recycle
1313,user308@gmail.com,4,3-5,recycle
1314,user309@gmail.com,2,3-5,sell
1315,user310@gmail.com,0,1-2,trash
1316,user311@gmail.com,0,none,sell
1317,user312@gmail.com,4,none,trash
1318,user313@gmail.com,1,3-5,store
1319,user314@gmail.com,3,6+,sell
1320,user315@gmail.com,3,3-5,store
1321,user316@gmail.com,1,none,sell
1322,user317@gmail.com,4,6+,recycle
1323,user318@gmail.com,2,6+,store
1324,user319@gmail.com,2,1-2,trash
1325,user320@gmail.com,0,3-5,recycle
1326,user321@gmail.com,3,1-2,trash
1327,user322@gmail.com,0,3-5,store
1328,user323@gmail.com,1,3-5,store
1329,user324@gmail.com,0,none,trash
1330,user325@gmail.com,2,none,sell
1331,user326@gmail.com,2,6+,trash
1332,user327@gmail.com,3,none,store
1333,user328@gmail.com,2,3-5,store
1334,user329@gmail.com,3,none,trash
1335,user330@gmail.com,0,none,store
1336,user331@gmail.com,1,3-5,trash
1337,user332@gmail.com,4,1-2,store
1338,user333@gmail.com,0,3-5,trash
1339,user334@gmail.com,1,6+,trash
1340,user335@gmail.com,0,none,recycle
1341,user336@gmail.com,0,3-5,sell
1342,user337@gmail.com,3,none,trash
1343,user338@gmail.com,4,6+,sell
1344,user339@gmail.com,3,none,recycle
1345,user340@gmail.com,3,3-5,store
1346,user341@gmail.com,4,none,sell
1347,user342@gmail.com,2,1-2,trash
1348,user343@gmail.com,4,none,store
1349,user344@gmail.com,2,1-2,trash
1350,user345@gmail.com,0,3-5,recycle
1351,user346@gmail.com,2,3-5,recycle
1352,user347@gmail.com,1,none,sell
1353,user348@gmail.com,0,1-2,recycle
1354,user349@gmail.com,2,6+,store
1355,user350@gmail.com,4,3-5,store
1356,user351@gmail.com,0,1-2,recycle
1357,user352@gmail.com,3,none,trash
1358,user353@gmail.com,3,6+,sell
1359,user354@gmail.com,0,3-5,store
1360,user355@gmail.com,0,1-2,recycle
1361,user356@gmail.com,4,3-5,trash
1362,user357@gmail.com,0,1-2,trash
1363,user358@gmail.com,3,1-2,trash
1364,user359@gmail.com,0,none,trash
1365,user360@gmail.com,2,3-5,trash
1366,user361@gmail.com,4,none,store
1367,user362@gmail.com,3,none,trash
1368,user363@gmail.com,1,3-5,store
1369,user364@gmail.com,4,6+,sell
1370,user365@gmail.com,2,6+,store
1371,user366@gmail.com,4,3-5,trash
1372,user367@gmail.com,1,none,trash
1373,user368@gmail.com,0,3-5,recycle
1374,user369@gmail.com,0,6+,store
1375,user370@gmail.com,3,1-2,recycle
1376,user371@gmail.com,4,3-5,recycle
1377,user372@gmail.com,0,6+,store
1378,user373@gmail.com,3,none,trash
1379,user374@gmail.com,4,none,store
1380,user375@gmail.com,0,6+,recycle
1381,user376@gmail.com,3,1-2,store
1382,user377@gmail.com,4,3-5,recycle
1383,user378@gmail.com,4,6+,trash
1384,user379@gmail.com,2,6+,recycle
1385,user380@gmail.com,2,1-2,trash
1386,user381@gmail.com,2,6+,trash
1387,user382@gmail.com,0,3-5,recycle
1388,user383@gmail.com,1,6+,sell
1389,user384@gmail.com,3,1-2,store
1390,user385@gmail.com,1,3-5,store
1391,user386@gmail.com,1,1-2,recycle
1392,user387@gmail.com,0,6+,sell
1393,user388@gmail.com,2,1-2,trash
1394,user389@gmail.com,3,3-5,recycle
1395,user390@gmail.com,3,none,trash
1396,user391@gmail.com,0,none,trash
1397,user392@gmail.com,4,6+,recycle
1398,user393@gmail.com,1,1-2,recycle
1399,user394@gmail.com,0,3-5,store
1400,user395@gmail.com,3,3-5,recycle
1401,user396@gmail.com,2,3-5,store
1402,user397@gmail.com,4,6+,store
1403,user398@gmail.com,0,1-2,trash
1404,user399@gmail.com,0,3-5,recycle
1405,user400@gmail.com,3,none,sell
1406,user401@gmail.com,3,1-2,trash
1407,user402@gmail.com,1,1-2,store
1408,user403@gmail.com,4,6+,trash
1409,user404@gmail.com,4,1-2,store
1410,user405@gmail.com,2,1-2,store
1411,user406@gmail.com,3,1-2,sell
1412,user407@gmail.com,4,3-5,sell
1413,user408@gmail.com,0,1-2,recycle
1414,user409@gmail.com,4,6+,store
1415,user410@gmail.com,2,3-5,recycle
1416,user411@gmail.com,0,1-2,store
1417,user412@gmail.com,1,1-2,recycle
1418,user413@gmail.com,1,6+,store
1419,user414@gmail.com,4,none,recycle
1420,user415@gmail.com,1,1-2,recycle
1421,user416@gmail.com,2,6+,trash
1422,user417@gmail.com,2,6+,recycle
1423,user418@gmail.com,1,3-5,store
1424,user419@gmail.com,0,none,sell
1425,user420@gmail.com,1,none,trash
1426,user421@gmail.com,1,6+,recycle
1427,user422@gmail.com,2,1-2,trash
1428,user423@gmail.com,0,6+,store
1429,user424@gmail.com,4,3-5,sell
1430,user425@gmail.com,3,6+,store
1431,user426@gmail.com,1,3-5,store
1432,user427@gmail.com,3,1-2,store
1433,user428@gmail.com,1,3-5,recycle
1434,user429@gmail.com,3,1-2,store
1435,user430@gmail.com,3,none,trash
1436,user431@gmail.com,3,6+,trash
1437,user432@gmail.com,2,none,sell
1438,user433@gmail.com,3,6+,store
1439,user434@gmail.com,4,none,store
1440,user435@gmail.com,3,6+,recycle
1441,user436@gmail.com,1,1-2,recycle
1442,user437@gmail.com,2,1-2,trash
1443,user438@gmail.com,0,none,store
1444,user439@gmail.com,4,1-2,sell
1445,user440@gmail.com,4,3-5,recycle
1446,user441@gmail.com,2,1-2,trash
1447,user442@gmail.com,3,3-5,recycle
1448,user443@gmail.com,4,3-5,trash
1449,user444@gmail.com,1,none,sell
1450,user445@gmail.com,3,6+,trash
1451,user446@gmail.com,2,none,store
1452,user447@gmail.com,1,3-5,recycle
1453,user448@gmail.com,2,1-2,sell
1454,user449@gmail.com,1,3-5,recycle
1455,user450@gmail.com,4,1-2,trash
1456,user451@gmail.com,4,3-5,sell
1457,user452@gmail.com,2,6+,recycle
1458,user453@gmail.com,2,1-2,sell
1459,user454@gmail.com,0,1-2,sell
1460,user455@gmail.com,0,none,recycle
1461,user456@gmail.com,1,none,trash
1462,user457@gmail.com,0,3-5,trash
1463,user458@gmail.com,2,3-5,trash
1464,user459@gmail.com,0,3-5,store
1465,user460@gmail.com,3,3-5,trash
1466,user461@gmail.com,2,6+,store
1467,user462@gmail.com,3,1-2,recycle
1468,user463@gmail.com,2,3-5,recycle
1469,user464@gmail.com,4,1-2,trash
1470,user465@gmail.com,1,3-5,recycle
1471,user466@gmail.com,2,none,trash
1472,user467@gmail.com,4,none,sell
1473,user468@gmail.com,2,6+,sell
1474,user469@gmail.com,3,none,recycle
1475,user470@gmail.com,1,6+,store
1476,user471@gmail.com,1,none,sell
1477,user472@gmail.com,2,none,recycle
1478,user473@gmail.com,0,3-5,sell
1479,user474@gmail.com,0,3-5,recycle
1480,user475@gmail.com,4,3-5,trash
1481,user476@gmail.com,4,3-5,recycle
1482,user477@gmail.com,1,none,sell
1483,user478@gmail.com,4,none,sell
1484,user479@gmail.com,4,6+,store
1485,user480@gmail.com,1,3-5,trash
1486,user481@gmail.com,0,none,sell
1487,user482@gmail.com,3,3-5,sell
1488,user483@gmail.com,3,3-5,store
1489,user484@gmail.com,0,6+,sell
1490,user485@gmail.com,3,1-2,store
1491,user486@gmail.com,3,1-2,recycle
1492,user487@gmail.com,4,3-5,recycle
1493,user488@gmail.com,4,none,trash
1494,user489@gmail.com,1,1-2,sell
1495,user490@gmail.com,2,none,recycle
1496,user491@gmail.com,1,1-2,recycle
1497,user492@gmail.com,0,6+,trash
1498,user493@gmail.com,0,6+,sell
1499,user494@gmail.com,4,6+,recycle
1500,user495@gmail.com,2,6+,recycle
1501,user496@gmail.com,2,1-2,sell
1502,user497@gmail.com,4,3-5,sell
1503,user498@gmail.com,2,6+,recycle
1504,user499@gmail.com,4,6+,recycle
1505,user500@gmail.com,4,none,trash
1506,user1@gmail.com,4,1-2,recycle
1507,user2@gmail.com,0,6+,store
1508,user3@gmail.com,0,none,sell
1509,user4@gmail.com,4,none,sell
1510,user5@gmail.com,1,3-5,trash
1511,user6@gmail.com,0,3-5,sell
1512,user7@gmail.com,4,6+,recycle
1513,user8@gmail.com,2,3-5,sell
1514,user9@gmail.com,2,3-5,sell
1515,user10@gmail.com,3,3-5,trash
1516,user11@gmail.com,3,1-2,sell
1517,user12@gmail.com,4,1-2,trash
1518,user13@gmail.com,2,6+,store
1519,user14@gmail.com,4,none,store
1520,user15@gmail.com,0,3-5,store
1521,user16@gmail.com,3,6+,recycle
1522,user17@gmail.com,1,6+,recycle
1523,user18@gmail.com,4,1-2,trash
1524,user19@gmail.com,2,1-2,store
1525,user20@gmail.com,0,6+,trash
1526,user21@gmail.com,0,6+,trash
1527,user22@gmail.com,0,none,trash
1528,user23@gmail.com,4,3-5,sell
1529,user24@gmail.com,1,6+,recycle
1530,user25@gmail.com,1,none,trash
1531,user26@gmail.com,2,6+,recycle
1532,user27@gmail.com,4,6+,sell
1533,user28@gmail.com,4,6+,sell
1534,user29@gmail.com,2,3-5,store
1535,user30@gmail.com,0,6+,store
1536,user31@gmail.com,3,1-2,trash
1537,user32@gmail.com,1,3-5,recycle
1538,user33@gmail.com,0,none,sell
1539,user34@gmail.com,4,none,store
1540,user35@gmail.com,4,3-5,sell
1541,user36@gmail.com,3,6+,sell
1542,user37@gmail.com,2,1-2,sell
1543,user38@gmail.com,1,1-2,store
1544,user39@gmail.com,4,1-2,sell
1545,user40@gmail.com,1,6+,sell
1546,user41@gmail.com,3,6+,trash
1547,user42@gmail.com,0,1-2,store
1548,user43@gmail.com,1,1-2,sell
1549,user44@gmail.com,3,none,recycle
1550,user45@gmail.com,3,3-5,recycle
1551,user46@gmail.com,4,1-2,store
1552,user47@gmail.com,4,6+,store
1553,user48@gmail.com,3,1-2,trash
1554,user49@gmail.com,1,6+,trash
1555,user50@gmail.com,3,1-2,sell
1556,user51@gmail.com,3,none,recycle
1557,user52@gmail.com,3,none,sell
1558,user53@gmail.com,0,3-5,recycle
1559,user54@gmail.com,1,3-5,sell
1560,user55@gmail.com,1,3-5,sell
1561,user56@gmail.com,2,6+,sell
1562,user57@gmail.com,2,1-2,sell
1563,user58@gmail.com,2,1-2,trash
1564,user59@gmail.com,1,6+,recycle
1565,user60@gmail.com,4,1-2,trash
1566,user61@gmail.com,3,3-5,recycle
1567,user62@gmail.com,4,6+,store
1568,user63@gmail.com,1,6+,recycle
1569,user64@gmail.com,0,1-2,recycle
1570,user65@gmail.com,2,1-2,sell
1571,user66@gmail.com,2,none,recycle
1572,user67@gmail.com,4,1-2,recycle
1573,user68@gmail.com,1,1-2,sell
1574,user69@gmail.com,4,none,store
1575,user70@gmail.com,3,1-2,sell
1576,user71@gmail.com,3,6+,recycle
1577,user72@gmail.com,3,3-5,store
1578,user73@gmail.com,0,3-5,store
1579,user74@gmail.com,4,1-2,store
1580,user75@gmail.com,3,3-5,trash
1581,user76@gmail.com,3,3-5,store
1582,user77@gmail.com,1,6+,trash
1583,user78@gmail.com,4,6+,sell
1584,user79@gmail.com,3,1-2,recycle
1585,user80@gmail.com,4,3-5,sell
1586,user81@gmail.com,3,6+,recycle
1587,user82@gmail.com,4,1-2,recycle
1588,user83@gmail.com,1,6+,recycle
1589,user84@gmail.com,1,3-5,store
1590,user85@gmail.com,3,1-2,recycle
1591,user86@gmail.com,4,1-2,store
1592,user87@gmail.com,3,6+,store
1593,user88@gmail.com,1,3-5,trash
1594,user89@gmail.com,1,6+,store
1595,user90@gmail.com,1,none,store
1596,user91@gmail.com,2,3-5,store
1597,user92@gmail.com,4,none,trash
1598,user93@gmail.com,4,3-5,recycle
1599,user94@gmail.com,4,1-2,trash
1600,user95@gmail.com,4,1-2,store
1601,user96@gmail.com,2,3-5,recycle
1602,user97@gmail.com,1,6+,sell
1603,user98@gmail.com,1,1-2,store
1604,user99@gmail.com,1,6+,trash
1605,user100@gmail.com,1,1-2,store
1606,user101@gmail.com,3,none,recycle
1607,user102@gmail.com,2,1-2,store
1608,user103@gmail.com,3,1-2,sell
1609,user104@gmail.com,4,6+,recycle
1610,user105@gmail.com,3,1-2,trash
1611,user106@gmail.com,2,none,store
1612,user107@gmail.com,1,3-5,store
1613,user108@gmail.com,2,1-2,trash
1614,user109@gmail.com,4,3-5,store
1615,user110@gmail.com,1,3-5,recycle
1616,user111@gmail.com,3,1-2,store
1617,user112@gmail.com,0,1-2,recycle
1618,user113@gmail.com,0,3-5,trash
1619,user114@gmail.com,2,none,recycle
1620,user115@gmail.com,3,3-5,recycle
1621,user116@gmail.com,0,1-2,trash
1622,user117@gmail.com,4,1-2,trash
1623,user118@gmail.com,3,1-2,sell
1624,user119@gmail.com,2,1-2,sell
1625,user120@gmail.com,3,3-5,recycle
1626,user121@gmail.com,3,1-2,trash
1627,user122@gmail.com,4,6+,recycle
1628,user123@gmail.com,1,3-5,sell
1629,user124@gmail.com,2,6+,store
1630,user125@gmail.com,1,6+,recycle
1631,user126@gmail.com,2,1-2,recycle
1632,user127@gmail.com,2,none,trash
1633,user128@gmail.com,3,3-5,store
1634,user129@gmail.com,4,none,sell
1635,user130@gmail.com,1,none,store
1636,user131@gmail.com,4,1-2,recycle
1637,user132@gmail.com,2,3-5,store
1638,user133@gmail.com,3,1-2,recycle
1639,user134@gmail.com,2,1-2,store
1640,user135@gmail.com,1,6+,sell
1641,user136@gmail.com,4,1-2,store
1642,user137@gmail.com,1,1-2,trash
1643,user138@gmail.com,4,1-2,trash
1644,user139@gmail.com,2,3-5,trash
1645,user140@gmail.com,4,3-5,store
1646,user141@gmail.com,1,none,sell
1647,user142@gmail.com,3,6+,trash
1648,user143@gmail.com,3,1-2,store
1649,user144@gmail.com,0,none,recycle
1650,user145@gmail.com,1,none,recycle
1651,user146@gmail.com,2,3-5,sell
1652,user147@gmail.com,1,6+,sell
1653,user148@gmail.com,0,none,sell
1654,user149@gmail.com,4,none,trash
1655,user150@gmail.com,0,none,trash
1656,user151@gmail.com,3,none,store
1657,user152@gmail.com,4,1-2,store
1658,user153@gmail.com,2,none,trash
1659,user154@gmail.com,4,1-2,sell
1660,user155@gmail.com,4,6+,trash
1661,user156@gmail.com,4,6+,recycle
1662,user157@gmail.com,3,none,store
1663,user158@gmail.com,0,6+,store
1664,user159@gmail.com,0,3-5,trash
1665,user160@gmail.com,2,none,store
1666,user161@gmail.com,3,1-2,sell
1667,user162@gmail.com,4,none,recycle
1668,user163@gmail.com,2,6+,trash
1669,user164@gmail.com,3,6+,recycle
1670,user165@gmail.com,2,6+,sell
1671,user166@gmail.com,4,1-2,trash
1672,user167@gmail.com,3,6+,sell
1673,user168@gmail.com,4,none,store
1674,user169@gmail.com,2,1-2,recycle
1675,user170@gmail.com,2,1-2,trash
1676,user171@gmail.com,4,6+,store
1677,user172@gmail.com,3,1-2,trash
1678,user173@gmail.com,4,1-2,trash
1679,user174@gmail.com,3,6+,trash
1680,user175@gmail.com,1,none,recycle
1681,user176@gmail.com,0,1-2,recycle
1682,user177@gmail.com,4,3-5,sell
1683,user178@gmail.com,4,3-5,trash
1684,user179@gmail.com,1,1-2,sell
1685,user180@gmail.com,4,1-2,store
1686,user181@gmail.com,3,3-5,trash
1687,user182@gmail.com,1,none,recycle
1688,user183@gmail.com,1,3-5,sell
1689,user184@gmail.com,2,1-2,trash
1690,user185@gmail.com,3,3-5,sell
1691,user186@gmail.com,2,1-2,sell
1692,user187@gmail.com,3,1-2,recycle
1693,user188@gmail.com,0,3-5,store
1694,user189@gmail.com,1,3-5,recycle
1695,user190@gmail.com,0,1-2,sell
1696,user191@gmail.com,2,1-2,store
1697,user192@gmail.com,1,6+,recycle
1698,user193@gmail.com,1,3-5,sell
1699,user194@gmail.com,1,1-2,sell
1700,user195@gmail.com,0,1-2,trash
1701,user196@gmail.com,1,3-5,sell
1702,user197@gmail.com,1,1-2,trash
1703,user198@gmail.com,0,6+,trash
1704,user199@gmail.com,4,none,trash
1705,user200@gmail.com,0,none,recycle
1706,user201@gmail.com,2,none,sell
1707,user202@gmail.com,1,1-2,store
1708,user203@gmail.com,0,3-5,store
1709,user204@gmail.com,4,6+,sell
1710,user205@gmail.com,0,3-5,sell
1711,user206@gmail.com,3,none,sell
1712,user207@gmail.com,2,6+,store
1713,user208@gmail.com,3,6+,recycle
1714,user209@gmail.com,3,6+,trash
1715,user210@gmail.com,4,none,sell
1716,user211@gmail.com,1,none,recycle
1717,user212@gmail.com,0,3-5,trash
1718,user213@gmail.com,0,1-2,sell
1719,user214@gmail.com,3,none,sell
1720,user215@gmail.com,1,none,recycle
1721,user216@gmail.com,2,6+,recycle
1722,user217@gmail.com,2,3-5,sell
1723,user218@gmail.com,2,3-5,sell
1724,user219@gmail.com,4,none,trash
1725,user220@gmail.com,0,1-2,recycle
1726,user221@gmail.com,4,none,recycle
1727,user222@gmail.com,3,3-5,recycle
1728,user223@gmail.com,1,1-2,sell
1729,user224@gmail.com,4,6+,trash
1730,user225@gmail.com,1,1-2,trash
1731,user226@gmail.com,2,1-2,trash
1732,user227@gmail.com,4,1-2,recycle
1733,user228@gmail.com,2,none,sell
1734,user229@gmail.com,0,1-2,trash
1735,user230@gmail.com,2,6+,recycle
1736,user231@gmail.com,1,1-2,sell
1737,user232@gmail.com,4,none,recycle
1738,user233@gmail.com,2,3-5,recycle
1739,user234@gmail.com,2,6+,sell
1740,user235@gmail.com,0,none,sell
1741,user236@gmail.com,3,3-5,store
1742,user237@gmail.com,4,1-2,recycle
1743,user238@gmail.com,2,none,store
1744,user239@gmail.com,0,none,store
1745,user240@gmail.com,4,none,trash
1746,user241@gmail.com,3,1-2,store
1747,user242@gmail.com,1,1-2,trash
1748,user243@gmail.com,0,none,sell
1749,user244@gmail.com,2,1-2,sell
1750,user245@gmail.com,0,3-5,trash
1751,user246@gmail.com,3,6+,trash
1752,user247@gmail.com,2,3-5,store
1753,user248@gmail.com,2,1-2,store
1754,user249@gmail.com,4,none,store
1755,user250@gmail.com,3,1-2,trash
1756,user251@gmail.com,4,3-5,store
1757,user252@gmail.com,1,6+,store
1758,user253@gmail.com,4,3-5,recycle
1759,user254@gmail.com,3,6+,trash
1760,user255@gmail.com,0,3-5,store
1761,user256@gmail.com,1,1-2,sell
1762,user257@gmail.com,1,1-2,store
1763,user258@gmail.com,0,1-2,sell
1764,user259@gmail.com,4,1-2,store
1765,user260@gmail.com,2,6+,sell
1766,user261@gmail.com,4,none,store
1767,user262@gmail.com,0,1-2,recycle
1768,user263@gmail.com,4,none,store
1769,user264@gmail.com,3,none,recycle
1770,user265@gmail.com,1,1-2,store
1771,user266@gmail.com,1,1-2,store
1772,user267@gmail.com,0,3-5,store
1773,user268@gmail.com,3,6+,recycle
1774,user269@gmail.com,3,6+,sell
1775,user270@gmail.com,1,1-2,recycle
1776,user271@gmail.com,4,1-2,store
1777,user272@gmail.com,1,6+,trash
1778,user273@gmail.com,1,none,store
1779,user274@gmail.com,4,1-2,trash
1780,user275@gmail.com,4,none,recycle
1781,user276@gmail.com,4,3-5,store
1782,user277@gmail.com,1,6+,store
1783,user278@gmail.com,3,1-2,store
1784,user279@gmail.com,4,3-5,recycle
1785,user280@gmail.com,3,none,trash
1786,user281@gmail.com,2,1-2,sell
1787,user282@gmail.com,0,1-2,sell
1788,user283@gmail.com,1,6+,store
1789,user284@gmail.com,0,none,trash
1790,user285@gmail.com,4,6+,recycle
1791,user286@gmail.com,2,1-2,store
1792,user287@gmail.com,1,6+,store
1793,user288@gmail.com,4,6+,sell
1794,user289@gmail.com,3,3-5,trash
1795,user290@gmail.com,3,3-5,store
1796,user291@gmail.com,1,none,recycle
1797,user292@gmail.com,4,3-5,recycle
1798,user293@gmail.com,1,1-2,trash
1799,user294@gmail.com,0,6+,trash
1800,user295@gmail.com,2,1-2,recycle
1801,user296@gmail.com,0,3-5,store
1802,user297@gmail.com,4,3-5,recycle
1803,user298@gmail.com,2,1-2,trash
1804,user299@gmail.com,2,6+,trash
1805,user300@gmail.com,1,3-5,store
1806,user301@gmail.com,3,6+,sell
1807,user302@gmail.com,4,1-2,recycle
1808,user303@gmail.com,0,6+,recycle
1809,user304@gmail.com,0,none,store
1810,user305@gmail.com,1,1-2,sell
1811,user306@gmail.com,3,1-2,recycle
1812,user307@gmail.com,3,3-5,store
1813,user308@gmail.com,3,3-5,sell
1814,user309@gmail.com,0,none,recycle
1815,user310@gmail.com,2,none,store
1816,user311@gmail.com,1,3-5,recycle
1817,user312@gmail.com,4,6+,recycle
1818,user313@gmail.com,2,1-2,recycle
1819,user314@gmail.com,3,none,recycle
1820,user315@gmail.com,4,6+,store
1821,user316@gmail.com,4,1-2,recycle
1822,user317@gmail.com,1,none,sell
1823,user318@gmail.com,3,none,trash
1824,user319@gmail.com,1,6+,recycle
1825,user320@gmail.com,4,6+,trash
1826,user321@gmail.com,1,1-2,sell
1827,user322@gmail.com,1,1-2,store
1828,user323@gmail.com,2,none,trash
1829,user324@gmail.com,2,none,recycle
1830,user325@gmail.com,1,1-2,recycle
1831,user326@gmail.com,4,1-2,recycle
1832,user327@gmail.com,4,6+,trash
1833,user328@gmail.com,2,1-2,store
1834,user329@gmail.com,2,1-2,store
1835,user330@gmail.com,2,6+,trash
1836,user331@gmail.com,1,3-5,store
1837,user332@gmail.com,2,3-5,trash
1838,user333@gmail.com,3,none,recycle
1839,user334@gmail.com,0,1-2,store
1840,user335@gmail.com,2,3-5,store
1841,user336@gmail.com,1,none,trash
1842,user337@gmail.com,4,none,sell
1843,user338@gmail.com,4,none,store
1844,user339@gmail.com,3,3-5,trash
1845,user340@gmail.com,1,6+,trash
1846,user341@gmail.com,0,3-5,store
1847,user342@gmail.com,2,none,store
1848,user343@gmail.com,4,3-5,trash
1849,user344@gmail.com,4,6+,store
1850,user345@gmail.com,2,1-2,recycle
1851,user346@gmail.com,3,3-5,store
1852,user347@gmail.com,4,6+,store
1853,user348@gmail.com,0,1-2,recycle
1854,user349@gmail.com,2,none,sell
1855,user350@gmail.com,2,6+,store
1856,user351@gmail.com,1,1-2,sell
1857,user352@gmail.com,4,6+,trash
1858,user353@gmail.com,1,6+,recycle
1859,user354@gmail.com,3,3-5,store
1860,user355@gmail.com,2,none,store
1861,user356@gmail.com,1,6+,trash
1862,user357@gmail.com,4,6+,store
1863,user358@gmail.com,2,6+,trash
1864,user359@gmail.com,3,6+,store
1865,user360@gmail.com,2,3-5,store
1866,user361@gmail.com,1,3-5,trash
1867,user362@gmail.com,2,6+,trash
1868,user363@gmail.com,4,1-2,store
1869,user364@gmail.com,4,6+,recycle
1870,user365@gmail.com,0,3-5,sell
1871,user366@gmail.com,2,3-5,store
1872,user367@gmail.com,0,none,sell
1873,user368@gmail.com,1,3-5,trash
1874,user369@gmail.com,2,none,store
1875,user370@gmail.com,3,3-5,sell
1876,user371@gmail.com,4,3-5,sell
1877,user372@gmail.com,4,3-5,recycle
1878,user373@gmail.com,2,6+,store
1879,user374@gmail.com,1,3-5,store
1880,user375@gmail.com,1,none,recycle
1881,user376@gmail.com,4,1-2,trash
1882,user377@gmail.com,4,6+,recycle
1883,user378@gmail.com,4,3-5,sell
1884,user379@gmail.com,2,3-5,recycle
1885,user380@gmail.com,3,6+,store
1886,user381@gmail.com,1,6+,sell
1887,user382@gmail.com,2,none,recycle
1888,user383@gmail.com,4,none,sell
1889,user384@gmail.com,0,6+,recycle
1890,user385@gmail.com,1,none,recycle
1891,user386@gmail.com,2,3-5,trash
1892,user387@gmail.com,3,none,trash
1893,user388@gmail.com,3,none,store
1894,user389@gmail.com,4,3-5,trash
1895,user390@gmail.com,4,6+,sell
1896,user391@gmail.com,2,3-5,sell
1897,user392@gmail.com,3,6+,sell
1898,user393@gmail.com,0,6+,sell
1899,user394@gmail.com,0,3-5,trash
1900,user395@gmail.com,3,3-5,sell
1901,user396@gmail.com,0,3-5,trash
1902,user397@gmail.com,4,none,store
1903,user398@gmail.com,1,1-2,recycle
1904,user399@gmail.com,3,none,sell
1905,user400@gmail.com,3,6+,recycle
1906,user401@gmail.com,1,3-5,sell
1907,user402@gmail.com,1,6+,trash
1908,user403@gmail.com,2,none,recycle
1909,user404@gmail.com,1,1-2,store
1910,user405@gmail.com,2,6+,store
1911,user406@gmail.com,3,3-5,trash
1912,user407@gmail.com,4,3-5,sell
1913,user408@gmail.com,4,3-5,store
1914,user409@gmail.com,1,3-5,store
1915,user410@gmail.com,0,3-5,store
1916,user411@gmail.com,4,3-5,trash
1917,user412@gmail.com,2,1-2,store
1918,user413@gmail.com,0,3-5,store
1919,user414@gmail.com,0,1-2,store
1920,user415@gmail.com,3,1-2,sell
1921,user416@gmail.com,2,3-5,sell
1922,user417@gmail.com,1,3-5,trash
1923,user418@gmail.com,3,3-5,trash
1924,user419@gmail.com,0,1-2,trash
1925,user420@gmail.com,1,1-2,trash
1926,user421@gmail.com,0,1-2,recycle
1927,user422@gmail.com,0,1-2,trash
1928,user423@gmail.com,4,1-2,sell
1929,user424@gmail.com,1,none,trash
1930,user425@gmail.com,4,1-2,recycle
1931,user426@gmail.com,3,6+,store
1932,user427@gmail.com,1,none,sell
1933,user428@gmail.com,1,1-2,trash
1934,user429@gmail.com,2,3-5,trash
1935,user430@gmail.com,1,none,store
1936,user431@gmail.com,2,3-5,store
1937,user432@gmail.com,1,6+,recycle
1938,user433@gmail.com,2,none,trash
1939,user434@gmail.com,4,6+,sell
1940,user435@gmail.com,4,3-5,trash
1941,user436@gmail.com,2,3-5,trash
1942,user437@gmail.com,1,6+,trash
1943,user438@gmail.com,1,3-5,store
1944,user439@gmail.com,0,3-5,store
1945,user440@gmail.com,2,3-5,sell
1946,user441@gmail.com,2,1-2,trash
1947,user442@gmail.com,3,1-2,sell
1948,user443@gmail.com,1,none,store
1949,user444@gmail.com,2,1-2,recycle
1950,user445@gmail.com,2,1-2,store
1951,user446@gmail.com,2,3-5,trash
1952,user447@gmail.com,2,none,recycle
1953,user448@gmail.com,4,6+,sell
1954,user449@gmail.com,0,3-5,recycle
1955,user450@gmail.com,0,1-2,sell
1956,user451@gmail.com,4,none,sell
1957,user452@gmail.com,3,1-2,store
1958,user453@gmail.com,3,none,trash
1959,user454@gmail.com,1,3-5,trash
1960,user455@gmail.com,4,6+,store
1961,user456@gmail.com,0,3-5,sell
1962,user457@gmail.com,0,3-5,trash
1963,user458@gmail.com,1,3-5,store
1964,user459@gmail.com,3,6+,store
1965,user460@gmail.com,4,1-2,store
1966,user461@gmail.com,1,none,sell
1967,user462@gmail.com,3,6+,store
1968,user463@gmail.com,1,1-2,store
1969,user464@gmail.com,0,6+,store
1970,user465@gmail.com,3,6+,sell
1971,user466@gmail.com,2,none,recycle
1972,user467@gmail.com,2,none,trash
1973,user468@gmail.com,4,3-5,store
1974,user469@gmail.com,1,1-2,trash
1975,user470@gmail.com,2,6+,store
1976,user471@gmail.com,1,none,store
1977,user472@gmail.com,2,1-2,recycle
1978,user473@gmail.com,1,1-2,sell
1979,user474@gmail.com,0,6+,trash
1980,user475@gmail.com,0,6+,trash
1981,user476@gmail.com,3,3-5,trash
1982,user477@gmail.com,4,3-5,sell
1983,user478@gmail.com,3,none,sell
1984,user479@gmail.com,0,6+,store
1985,user480@gmail.com,0,3-5,trash
1986,user481@gmail.com,2,6+,store
1987,user482@gmail.com,1,none,recycle
1988,user483@gmail.com,4,6+,recycle
1989,user484@gmail.com,1,3-5,trash
1990,user485@gmail.com,1,6+,store
1991,user486@gmail.com,1,6+,trash
1992,user487@gmail.com,1,3-5,store
1993,user488@gmail.com,0,none,store
1994,user489@gmail.com,2,none,recycle
1995,user490@gmail.com,4,1-2,recycle
1996,user491@gmail.com,4,3-5,trash
1997,user492@gmail.com,0,none,sell
1998,user493@gmail.com,2,none,trash
1999,user494@gmail.com,0,3-5,sell
2000,user495@gmail.com,4,3-5,trash
2001,user496@gmail.com,1,none,trash
2002,user497@gmail.com,1,3-5,store
2003,user498@gmail.com,1,1-2,sell
2004,user499@gmail.com,1,1-2,sell
2005,user500@gmail.com,2,3-5,sell
2006,user1@gmail.com,0,6+,recycle
2007,user2@gmail.com,3,6+,store
2008,user3@gmail.com,0,none,sell
2009,user4@gmail.com,1,3-5,sell
2010,user5@gmail.com,0,1-2,recycle
2011,user6@gmail.com,3,3-5,trash
2012,user7@gmail.com,4,none,recycle
2013,user8@gmail.com,3,6+,sell
2014,user9@gmail.com,4,3-5,trash
2015,user10@gmail.com,3,none,trash
2016,user11@gmail.com,1,1-2,sell
2017,user12@gmail.com,3,1-2,sell
2018,user13@gmail.com,2,6+,store
2019,user14@gmail.com,3,none,recycle
2020,user15@gmail.com,2,1-2,recycle
2021,user16@gmail.com,2,1-2,sell
2022,user17@gmail.com,3,1-2,trash
2023,user18@gmail.com,0,none,trash
2024,user19@gmail.com,2,1-2,sell
2025,user20@gmail.com,0,6+,trash
2026,user21@gmail.com,2,6+,trash
2027,user22@gmail.com,2,none,store
2028,user23@gmail.com,2,3-5,trash
2029,user24@gmail.com,2,none,store
2030,user25@gmail.com,3,none,store
2031,user26@gmail.com,4,3-5,trash
2032,user27@gmail.com,2,1-2,sell
2033,user28@gmail.com,2,6+,sell
2034,user29@gmail.com,2,1-2,trash
2035,user30@gmail.com,0,3-5,sell
2036,user31@gmail.com,3,1-2,trash
2037,user32@gmail.com,0,1-2,recycle
2038,user33@gmail.com,2,none,recycle
2039,user34@gmail.com,3,6+,recycle
2040,user35@gmail.com,2,6+,recycle
2041,user36@gmail.com,2,3-5,recycle
2042,user37@gmail.com,2,6+,recycle
2043,user38@gmail.com,1,none,trash
2044,user39@gmail.com,0,none,recycle
2045,user40@gmail.com,2,3-5,recycle
2046,user41@gmail.com,4,1-2,sell
2047,user42@gmail.com,4,1-2,recycle
2048,user43@gmail.com,3,1-2,store
2049,user44@gmail.com,0,1-2,trash
2050,user45@gmail.com,4,6+,store
2051,user46@gmail.com,4,3-5,store
2052,user47@gmail.com,0,6+,sell
2053,user48@gmail.com,4,1-2,store
2054,user49@gmail.com,0,1-2,trash
2055,user50@gmail.com,0,6+,store
2056,user51@gmail.com,1,6+,trash
2057,user52@gmail.com,3,1-2,store
2058,user53@gmail.com,4,3-5,recycle
2059,user54@gmail.com,0,3-5,trash
2060,user55@gmail.com,1,none,sell
2061,user56@gmail.com,4,3-5,sell
2062,user57@gmail.com,0,none,recycle
2063,user58@gmail.com,3,1-2,store
2064,user59@gmail.com,0,none,recycle
2065,user60@gmail.com,3,1-2,sell
2066,user61@gmail.com,0,1-2,recycle
2067,user62@gmail.com,3,3-5,recycle
2068,user63@gmail.com,3,6+,trash
2069,user64@gmail.com,0,3-5,recycle
2070,user65@gmail.com,0,none,trash
2071,user66@gmail.com,4,1-2,recycle
2072,user67@gmail.com,0,1-2,sell
2073,user68@gmail.com,0,1-2,store
2074,user69@gmail.com,3,none,recycle
2075,user70@gmail.com,2,3-5,sell
2076,user71@gmail.com,4,1-2,sell
2077,user72@gmail.com,2,3-5,sell
2078,user73@gmail.com,1,1-2,recycle
2079,user74@gmail.com,0,6+,trash
2080,user75@gmail.com,1,none,trash
2081,user76@gmail.com,4,6+,sell
2082,user77@gmail.com,0,6+,sell
2083,user78@gmail.com,2,none,sell
2084,user79@gmail.com,1,6+,sell
2085,user80@gmail.com,1,3-5,store
2086,user81@gmail.com,4,3-5,sell
2087,user82@gmail.com,4,3-5,recycle
2088,user83@gmail.com,1,none,recycle
2089,user84@gmail.com,3,3-5,store
2090,user85@gmail.com,1,none,sell
2091,user86@gmail.com,2,6+,trash
2092,user87@gmail.com,0,none,sell
2093,user88@gmail.com,1,3-5,recycle
2094,user89@gmail.com,3,none,recycle
2095,user90@gmail.com,2,6+,sell
2096,user91@gmail.com,1,3-5,trash
2097,user92@gmail.com,3,none,sell
2098,user93@gmail.com,1,none,recycle
2099,user94@gmail.com,3,6+,store
2100,user95@gmail.com,2,1-2,store
2101,user96@gmail.com,0,3-5,sell
2102,user97@gmail.com,4,3-5,trash
2103,user98@gmail.com,0,1-2,recycle
2104,user99@gmail.com,2,none,recycle
2105,user100@gmail.com,4,6+,trash
2106,user101@gmail.com,2,none,store
2107,user102@gmail.com,3,6+,trash
2108,user103@gmail.com,4,3-5,store
2109,user104@gmail.com,3,3-5,sell
2110,user105@gmail.com,2,none,sell
2111,user106@gmail.com,0,6+,trash
2112,user107@gmail.com,0,3-5,recycle
2113,user108@gmail.com,2,3-5,trash
2114,user109@gmail.com,4,none,trash
2115,user110@gmail.com,4,6+,recycle
2116,user111@gmail.com,2,1-2,recycle
2117,user112@gmail.com,4,3-5,store
2118,user113@gmail.com,1,none,trash
2119,user114@gmail.com,0,3-5,trash
2120,user115@gmail.com,3,3-5,recycle
2121,user116@gmail.com,0,1-2,trash
2122,user117@gmail.com,3,1-2,trash
2123,user118@gmail.com,1,3-5,store
2124,user119@gmail.com,0,none,store
2125,user120@gmail.com,4,1-2,trash
2126,user121@gmail.com,4,6+,store
2127,user122@gmail.com,1,1-2,store
2128,user123@gmail.com,0,3-5,recycle
2129,user124@gmail.com,2,3-5,trash
2130,user125@gmail.com,2,none,recycle
2131,user126@gmail.com,0,1-2,sell
2132,user127@gmail.com,0,3-5,recycle
2133,user128@gmail.com,3,6+,recycle
2134,user129@gmail.com,1,none,recycle
2135,user130@gmail.com,2,none,recycle
2136,user131@gmail.com,3,3-5,sell
2137,user132@gmail.com,3,6+,recycle
2138,user133@gmail.com,4,3-5,store
2139,user134@gmail.com,2,6+,recycle
2140,user135@gmail.com,4,none,store
2141,user136@gmail.com,3,1-2,recycle
2142,user137@gmail.com,2,1-2,trash
2143,user138@gmail.com,3,none,store
2144,user139@gmail.com,0,6+,trash
2145,user140@gmail.com,2,3-5,recycle
2146,user141@gmail.com,2,6+,trash
2147,user142@gmail.com,1,6+,recycle
2148,user143@gmail.com,4,none,recycle
2149,user144@gmail.com,4,3-5,recycle
2150,user145@gmail.com,3,3-5,store
2151,user146@gmail.com,2,6+,store
2152,user147@gmail.com,4,none,recycle
2153,user148@gmail.com,2,3-5,sell
2154,user149@gmail.com,3,1-2,store
2155,user150@gmail.com,1,6+,recycle
2156,user151@gmail.com,0,1-2,trash
2157,user152@gmail.com,2,1-2,sell
2158,user153@gmail.com,0,3-5,recycle
2159,user154@gmail.com,1,6+,store
2160,user155@gmail.com,3,none,store
2161,user156@gmail.com,4,6+,store
2162,user157@gmail.com,1,6+,trash
2163,user158@gmail.com,4,3-5,store
2164,user159@gmail.com,1,1-2,store
2165,user160@gmail.com,3,1-2,store
2166,user161@gmail.com,4,none,store
2167,user162@gmail.com,4,none,sell
2168,user163@gmail.com,1,none,trash
2169,user164@gmail.com,4,1-2,recycle
2170,user165@gmail.com,2,3-5,trash
2171,user166@gmail.com,4,6+,trash
2172,user167@gmail.com,2,none,trash
2173,user168@gmail.com,1,3-5,store
2174,user169@gmail.com,4,3-5,sell
2175,user170@gmail.com,1,none,store
2176,user171@gmail.com,1,1-2,trash
2177,user172@gmail.com,4,none,store
2178,user173@gmail.com,3,3-5,sell
2179,user174@gmail.com,1,1-2,recycle
2180,user175@gmail.com,1,1-2,sell
2181,user176@gmail.com,3,none,recycle
2182,user177@gmail.com,1,none,store
2183,user178@gmail.com,3,3-5,sell
2184,user179@gmail.com,0,6+,trash
2185,user180@gmail.com,0,6+,sell
2186,user181@gmail.com,2,3-5,store
2187,user182@gmail.com,0,1-2,recycle
2188,user183@gmail.com,4,3-5,recycle
2189,user184@gmail.com,0,1-2,recycle
2190,user185@gmail.com,0,6+,store
2191,user186@gmail.com,0,3-5,trash
2192,user187@gmail.com,0,1-2,store
2193,user188@gmail.com,1,6+,trash
2194,user189@gmail.com,2,6+,store
2195,user190@gmail.com,4,6+,recycle
2196,user191@gmail.com,1,6+,sell
2197,user192@gmail.com,4,none,trash
2198,user193@gmail.com,0,1-2,store
2199,user194@gmail.com,0,1-2,store
2200,user195@gmail.com,1,6+,recycle
2201,user196@gmail.com,2,6+,trash
2202,user197@gmail.com,0,6+,recycle
2203,user198@gmail.com,2,6+,trash
2204,user199@gmail.com,1,3-5,store
2205,user200@gmail.com,1,6+,store
2206,user201@gmail.com,0,3-5,store
2207,user202@gmail.com,0,none,store
2208,user203@gmail.com,4,1-2,sell
2209,user204@gmail.com,0,1-2,sell
2210,user205@gmail.com,3,1-2,sell
2211,user206@gmail.com,3,1-2,sell
2212,user207@gmail.com,2,1-2,store
2213,user208@gmail.com,1,1-2,trash
2214,user209@gmail.com,2,6+,trash
2215,user210@gmail.com,3,6+,store
2216,user211@gmail.com,0,3-5,trash
2217,user212@gmail.com,0,6+,trash
2218,user213@gmail.com,1,3-5,recycle
2219,user214@gmail.com,0,none,trash
2220,user215@gmail.com,3,none,trash
2221,user216@gmail.com,2,6+,recycle
2222,user217@gmail.com,2,6+,store
2223,user218@gmail.com,4,none,store
2224,user219@gmail.com,3,none,trash
2225,user220@gmail.com,0,6+,store
2226,user221@gmail.com,3,none,recycle
2227,user222@gmail.com,3,none,sell
2228,user223@gmail.com,3,6+,recycle
2229,user224@gmail.com,4,3-5,recycle
2230,user225@gmail.com,1,3-5,recycle
2231,user226@gmail.com,0,1-2,store
2232,user227@gmail.com,3,1-2,trash
2233,user228@gmail.com,0,3-5,sell
2234,user229@gmail.com,0,none,store
2235,user230@gmail.com,3,1-2,sell
2236,user231@gmail.com,2,6+,sell
2237,user232@gmail.com,1,6+,recycle
2238,user233@gmail.com,1,1-2,store
2239,user234@gmail.com,3,none,recycle
2240,user235@gmail.com,0,6+,recycle
2241,user236@gmail.com,4,3-5,recycle
2242,user237@gmail.com,0,3-5,sell
2243,user238@gmail.com,2,6+,sell
2244,user239@gmail.com,4,6+,store
2245,user240@gmail.com,2,none,sell
2246,user241@gmail.com,2,none,trash
2247,user242@gmail.com,1,6+,store
2248,user243@gmail.com,3,6+,trash
2249,user244@gmail.com,3,none,store
2250,user245@gmail.com,2,3-5,store
2251,user246@gmail.com,4,1-2,recycle
2252,user247@gmail.com,3,3-5,store
2253,user248@gmail.com,4,none,sell
2254,user249@gmail.com,3,none,recycle
2255,user250@gmail.com,3,1-2,recycle
2256,user251@gmail.com,4,3-5,store
2257,user252@gmail.com,3,none,recycle
2258,user253@gmail.com,3,1-2,sell
2259,user254@gmail.com,1,3-5,recycle
2260,user255@gmail.com,1,3-5,sell
2261,user256@gmail.com,4,6+,sell
2262,user257@gmail.com,3,1-2,sell
2263,user258@gmail.com,4,3-5,trash
2264,user259@gmail.com,3,6+,trash
2265,user260@gmail.com,3,3-5,trash
2266,user261@gmail.com,4,none,trash
2267,user262@gmail.com,3,3-5,recycle
2268,user263@gmail.com,1,3-5,trash
2269,user264@gmail.com,3,none,recycle
2270,user265@gmail.com,0,none,trash
2271,user266@gmail.com,2,none,recycle
2272,user267@gmail.com,0,3-5,trash
2273,user268@gmail.com,0,6+,sell
2274,user269@gmail.com,0,3-5,recycle
2275,user270@gmail.com,3,3-5,trash
2276,user271@gmail.com,0,1-2,store
2277,user272@gmail.com,0,6+,trash
2278,user273@gmail.com,2,none,recycle
2279,user274@gmail.com,3,1-2,recycle
2280,user275@gmail.com,0,3-5,recycle
2281,user276@gmail.com,3,3-5,sell
2282,user277@gmail.com,1,1-2,store
2283,user278@gmail.com,2,6+,trash
2284,user279@gmail.com,1,1-2,recycle
2285,user280@gmail.com,1,1-2,sell
2286,user281@gmail.com,3,1-2,recycle
2287,user282@gmail.com,2,1-2,recycle
2288,user283@gmail.com,0,1-2,trash
2289,user284@gmail.com,2,none,trash
2290,user285@gmail.com,1,none,trash
2291,user286@gmail.com,0,none,sell
2292,user287@gmail.com,3,3-5,recycle
2293,user288@gmail.com,4,3-5,sell
2294,user289@gmail.com,4,3-5,trash
2295,user290@gmail.com,4,1-2,recycle
2296,user291@gmail.com,0,3-5,sell
2297,user292@gmail.com,1,none,recycle
2298,user293@gmail.com,3,3-5,store
2299,user294@gmail.com,0,6+,recycle
2300,user295@gmail.com,2,6+,sell
2301,user296@gmail.com,2,6+,recycle
2302,user297@gmail.com,4,3-5,trash
2303,user298@gmail.com,0,1-2,trash
2304,user299@gmail.com,3,none,trash
2305,user300@gmail.com,0,1-2,trash
2306,user301@gmail.com,3,3-5,sell
2307,user302@gmail.com,1,3-5,recycle
2308,user303@gmail.com,3,6+,recycle
2309,user304@gmail.com,0,none,sell
2310,user305@gmail.com,2,3-5,store
2311,user306@gmail.com,1,1-2,recycle
2312,user307@gmail.com,0,1-2,sell
2313,user308@gmail.com,3,none,trash
2314,user309@gmail.com,3,3-5,store
2315,user310@gmail.com,2,none,trash
2316,user311@gmail.com,2,6+,recycle
2317,user312@gmail.com,4,3-5,sell
2318,user313@gmail.com,1,3-5,trash
2319,user314@gmail.com,1,1-2,sell
2320,user315@gmail.com,4,1-2,recycle
2321,user316@gmail.com,4,none,sell
2322,user317@gmail.com,1,1-2,recycle
2323,user318@gmail.com,0,none,trash
2324,user319@gmail.com,1,1-2,store
2325,user320@gmail.com,4,6+,sell
2326,user321@gmail.com,1,6+,store
2327,user322@gmail.com,2,3-5,sell
2328,user323@gmail.com,2,6+,recycle
2329,user324@gmail.com,2,none,recycle
2330,user325@gmail.com,0,none,trash
2331,user326@gmail.com,2,6+,recycle
2332,user327@gmail.com,1,6+,sell
2333,user328@gmail.com,3,1-2,recycle
2334,user329@gmail.com,1,1-2,store
2335,user330@gmail.com,0,none,sell
2336,user331@gmail.com,1,1-2,recycle
2337,user332@gmail.com,3,6+,recycle
2338,user333@gmail.com,2,6+,sell
2339,user334@gmail.com,0,6+,store
2340,user335@gmail.com,2,6+,sell
2341,user336@gmail.com,2,6+,sell
2342,user337@gmail.com,4,6+,trash
2343,user338@gmail.com,3,1-2,sell
2344,user339@gmail.com,2,3-5,sell
2345,user340@gmail.com,2,none,store
2346,user341@gmail.com,0,6+,trash
2347,user342@gmail.com,3,none,recycle
2348,user343@gmail.com,1,6+,sell
2349,user344@gmail.com,3,1-2,store
2350,user345@gmail.com,3,3-5,store
2351,user346@gmail.com,2,none,sell
2352,user347@gmail.com,0,none,store
2353,user348@gmail.com,2,3-5,sell
2354,user349@gmail.com,3,3-5,store
2355,user350@gmail.com,2,3-5,store
2356,user351@gmail.com,2,6+,recycle
2357,user352@gmail.com,0,6+,sell
2358,user353@gmail.com,1,3-5,store
2359,user354@gmail.com,3,3-5,trash
2360,user355@gmail.com,1,1-2,recycle
2361,user356@gmail.com,2,1-2,sell
2362,user357@gmail.com,0,1-2,sell
2363,user358@gmail.com,3,6+,store
2364,user359@gmail.com,1,6+,recycle
2365,user360@gmail.com,3,none,trash
2366,user361@gmail.com,1,6+,store
2367,user362@gmail.com,0,3-5,recycle
2368,user363@gmail.com,4,1-2,trash
2369,user364@gmail.com,0,none,sell
2370,user365@gmail.com,0,6+,store
2371,user366@gmail.com,2,6+,store
2372,user367@gmail.com,2,6+,store
2373,user368@gmail.com,1,3-5,store
2374,user369@gmail.com,4,6+,store
2375,user370@gmail.com,4,3-5,store
2376,user371@gmail.com,1,1-2,trash
2377,user372@gmail.com,4,6+,trash
2378,user373@gmail.com,0,6+,trash
2379,user374@gmail.com,2,none,trash
2380,user375@gmail.com,2,1-2,trash
2381,user376@gmail.com,3,none,recycle
2382,user377@gmail.com,0,1-2,sell
2383,user378@gmail.com,1,3-5,trash
2384,user379@gmail.com,3,6+,store
2385,user380@gmail.com,0,none,store
2386,user381@gmail.com,2,1-2,recycle
2387,user382@gmail.com,3,1-2,recycle
2388,user383@gmail.com,3,3-5,store
2389,user384@gmail.com,2,3-5,store
2390,user385@gmail.com,2,1-2,recycle
2391,user386@gmail.com,0,3-5,store
2392,user387@gmail.com,0,3-5,trash
2393,user388@gmail.com,1,1-2,recycle
2394,user389@gmail.com,0,1-2,trash
2395,user390@gmail.com,3,none,sell
2396,user391@gmail.com,4,none,store
2397,user392@gmail.com,1,none,sell
2398,user393@gmail.com,4,6+,sell
2399,user394@gmail.com,1,1-2,store
2400,user395@gmail.com,4,none,store
2401,user396@gmail.com,2,1-2,trash
2402,user397@gmail.com,3,6+,store
2403,user398@gmail.com,1,1-2,store
2404,user399@gmail.com,0,3-5,store
2405,user400@gmail.com,0,3-5,trash
2406,user401@gmail.com,4,3-5,store
2407,user402@gmail.com,0,6+,trash
2408,user403@gmail.com,0,1-2,store
2409,user404@gmail.com,4,3-5,trash
2410,user405@gmail.com,0,none,recycle
2411,user406@gmail.com,4,1-2,store
2412,user407@gmail.com,3,6+,store
2413,user408@gmail.com,2,1-2,recycle
2414,user409@gmail.com,0,6+,trash
2415,user410@gmail.com,0,none,recycle
2416,user411@gmail.com,2,none,recycle
2417,user412@gmail.com,3,none,store
2418,user413@gmail.com,3,6+,sell
2419,user414@gmail.com,4,3-5,sell
2420,user415@gmail.com,3,6+,trash
2421,user416@gmail.com,0,6+,recycle
2422,user417@gmail.com,2,6+,recycle
2423,user418@gmail.com,2,none,recycle
2424,user419@gmail.com,0,1-2,sell
2425,user420@gmail.com,1,6+,recycle
2426,user421@gmail.com,3,none,recycle
2427,user422@gmail.com,2,none,recycle
2428,user423@gmail.com,2,3-5,recycle
2429,user424@gmail.com,2,none,store
2430,user425@gmail.com,0,none,trash
2431,user426@gmail.com,2,3-5,trash
2432,user427@gmail.com,0,6+,store
2433,user428@gmail.com,4,3-5,recycle
2434,user429@gmail.com,2,none,sell
2435,user430@gmail.com,0,none,recycle
2436,user431@gmail.com,3,none,sell
2437,user432@gmail.com,2,3-5,recycle
2438,user433@gmail.com,1,3-5,sell
2439,user434@gmail.com,1,none,trash
2440,user435@gmail.com,3,6+,trash
2441,user436@gmail.com,0,6+,sell
2442,user437@gmail.com,3,1-2,recycle
2443,user438@gmail.com,0,3-5,sell
2444,user439@gmail.com,1,none,sell
2445,user440@gmail.com,1,3-5,recycle
2446,user441@gmail.com,4,1-2,sell
2447,user442@gmail.com,0,none,recycle
2448,user443@gmail.com,0,1-2,store
2449,user444@gmail.com,3,1-2,store
2450,user445@gmail.com,3,none,trash
2451,user446@gmail.com,1,6+,recycle
2452,user447@gmail.com,2,none,trash
2453,user448@gmail.com,4,none,trash
2454,user449@gmail.com,1,none,store
2455,user450@gmail.com,4,6+,recycle
2456,user451@gmail.com,1,3-5,store
2457,user452@gmail.com,0,6+,store
2458,user453@gmail.com,2,3-5,trash
2459,user454@gmail.com,1,none,sell
2460,user455@gmail.com,3,none,trash
2461,user456@gmail.com,2,6+,sell
2462,user457@gmail.com,2,1-2,recycle
2463,user458@gmail.com,0,6+,trash
2464,user459@gmail.com,4,3-5,recycle
2465,user460@gmail.com,4,3-5,recycle
2466,user461@gmail.com,2,3-5,recycle
2467,user462@gmail.com,4,1-2,trash
2468,user463@gmail.com,3,none,trash
2469,user464@gmail.com,4,3-5,sell
2470,user465@gmail.com,1,1-2,store
2471,user466@gmail.com,3,3-5,sell
2472,user467@gmail.com,1,1-2,store
2473,user468@gmail.com,4,1-2,trash
2474,user469@gmail.com,0,6+,trash
2475,user470@gmail.com,3,6+,trash
2476,user471@gmail.com,0,1-2,trash
2477,user472@gmail.com,0,1-2,recycle
2478,user473@gmail.com,2,6+,store
2479,user474@gmail.com,3,none,trash
2480,user475@gmail.com,3,none,store
2481,user476@gmail.com,0,6+,sell
2482,user477@gmail.com,4,1-2,recycle
2483,user478@gmail.com,2,none,recycle
2484,user479@gmail.com,2,6+,sell
2485,user480@gmail.com,2,6+,trash
2486,user481@gmail.com,1,none,recycle
2487,user482@gmail.com,3,6+,store
2488,user483@gmail.com,2,6+,trash
2489,user484@gmail.com,3,3-5,trash
2490,user485@gmail.com,4,1-2,trash
2491,user486@gmail.com,4,none,sell
2492,user487@gmail.com,1,6+,trash
2493,user488@gmail.com,2,6+,recycle
2494,user489@gmail.com,2,none,trash
2495,user490@gmail.com,0,1-2,trash
2496,user491@gmail.com,2,6+,store
2497,user492@gmail.com,1,6+,recycle
2498,user493@gmail.com,4,1-2,trash
2499,user494@gmail.com,3,1-2,store
2500,user495@gmail.com,0,6+,recycle
2501,user496@gmail.com,3,1-2,trash
2502,user497@gmail.com,4,1-2,recycle
2503,user498@gmail.com,4,6+,recycle
2504,user499@gmail.com,4,none,trash
2505,user500@gmail.com,4,1-2,trash
2506,user1@gmail.com,0,none,recycle
2507,user2@gmail.com,2,6+,sell
2508,user3@gmail.com,2,none,sell
2509,user4@gmail.com,4,none,store
2510,user5@gmail.com,1,3-5,trash
2511,user6@gmail.com,1,6+,sell
2512,user7@gmail.com,4,1-2,recycle
2513,user8@gmail.com,1,none,trash
2514,user9@gmail.com,2,3-5,sell
2515,user10@gmail.com,2,6+,store
2516,user11@gmail.com,2,none,trash
2517,user12@gmail.com,3,6+,recycle
2518,user13@gmail.com,4,6+,recycle
2519,user14@gmail.com,0,6+,sell
2520,user15@gmail.com,0,1-2,sell
2521,user16@gmail.com,0,none,recycle
2522,user17@gmail.com,3,none,trash
2523,user18@gmail.com,1,6+,sell
2524,user19@gmail.com,4,6+,trash
2525,user20@gmail.com,4,6+,store
2526,user21@gmail.com,3,3-5,recycle
2527,user22@gmail.com,4,none,trash
2528,user23@gmail.com,4,1-2,store
2529,user24@gmail.com,3,1-2,store
2530,user25@gmail.com,1,3-5,store
2531,user26@gmail.com,1,none,trash
2532,user27@gmail.com,1,3-5,store
2533,user28@gmail.com,1,1-2,recycle
2534,user29@gmail.com,1,6+,trash
2535,user30@gmail.com,1,none,sell
2536,user31@gmail.com,0,1-2,trash
2537,user32@gmail.com,0,6+,trash
2538,user33@gmail.com,4,6+,recycle
2539,user34@gmail.com,1,1-2,trash
2540,user35@gmail.com,2,6+,sell
2541,user36@gmail.com,2,1-2,sell
2542,user37@gmail.com,1,1-2,recycle
2543,user38@gmail.com,0,none,sell
2544,user39@gmail.com,2,1-2,sell
2545,user40@gmail.com,4,none,trash
2546,user41@gmail.com,4,3-5,sell
2547,user42@gmail.com,0,3-5,store
2548,user43@gmail.com,3,none,store
2549,user44@gmail.com,4,1-2,recycle
2550,user45@gmail.com,2,6+,sell
2551,user46@gmail.com,1,none,trash
2552,user47@gmail.com,4,3-5,store
2553,user48@gmail.com,2,none,recycle
2554,user49@gmail.com,4,none,store
2555,user50@gmail.com,3,3-5,sell
2556,user51@gmail.com,2,6+,sell
2557,user52@gmail.com,0,none,recycle
2558,user53@gmail.com,3,6+,store
2559,user54@gmail.com,1,1-2,trash
2560,user55@gmail.com,1,3-5,trash
2561,user56@gmail.com,1,3-5,trash
2562,user57@gmail.com,1,6+,trash
2563,user58@gmail.com,0,3-5,sell
2564,user59@gmail.com,4,3-5,recycle
2565,user60@gmail.com,2,3-5,recycle
2566,user61@gmail.com,0,3-5,sell
2567,user62@gmail.com,0,6+,store
2568,user63@gmail.com,2,none,sell
2569,user64@gmail.com,4,3-5,recycle
2570,user65@gmail.com,1,6+,trash
2571,user66@gmail.com,3,1-2,sell
2572,user67@gmail.com,2,6+,sell
2573,user68@gmail.com,0,3-5,recycle
2574,user69@gmail.com,3,6+,sell
2575,user70@gmail.com,3,1-2,recycle
2576,user71@gmail.com,2,none,store
2577,user72@gmail.com,1,none,trash
2578,user73@gmail.com,2,1-2,store
2579,user74@gmail.com,1,3-5,sell
2580,user75@gmail.com,2,none,sell
2581,user76@gmail.com,0,3-5,recycle
2582,user77@gmail.com,4,1-2,recycle
2583,user78@gmail.com,4,6+,recycle
2584,user79@gmail.com,1,3-5,store
2585,user80@gmail.com,0,1-2,trash
2586,user81@gmail.com,2,3-5,trash
2587,user82@gmail.com,1,1-2,recycle
2588,user83@gmail.com,1,3-5,sell
2589,user84@gmail.com,4,none,store
2590,user85@gmail.com,1,none,recycle
2591,user86@gmail.com,0,6+,recycle
2592,user87@gmail.com,3,6+,store
2593,user88@gmail.com,4,1-2,trash
2594,user89@gmail.com,4,none,trash
2595,user90@gmail.com,4,3-5,recycle
2596,user91@gmail.com,3,6+,store
2597,user92@gmail.com,3,none,sell
2598,user93@gmail.com,0,6+,store
2599,user94@gmail.com,3,none,sell
2600,user95@gmail.com,2,6+,trash
2601,user96@gmail.com,3,3-5,recycle
2602,user97@gmail.com,2,3-5,sell
2603,user98@gmail.com,4,6+,store
2604,user99@gmail.com,2,3-5,store
2605,user100@gmail.com,2,3-5,recycle
2606,user101@gmail.com,4,1-2,recycle
2607,user102@gmail.com,3,6+,trash
2608,user103@gmail.com,3,1-2,store
2609,user104@gmail.com,4,none,sell
2610,user105@gmail.com,2,3-5,recycle
2611,user106@gmail.com,4,6+,trash
2612,user107@gmail.com,2,6+,trash
2613,user108@gmail.com,4,none,sell
2614,user109@gmail.com,4,none,store
2615,user110@gmail.com,4,6+,sell
2616,user111@gmail.com,3,none,recycle
2617,user112@gmail.com,2,6+,sell
2618,user113@gmail.com,1,3-5,store
2619,user114@gmail.com,2,6+,sell
2620,user115@gmail.com,1,3-5,sell
2621,user116@gmail.com,0,3-5,trash
2622,user117@gmail.com,3,3-5,recycle
2623,user118@gmail.com,2,3-5,trash
2624,user119@gmail.com,2,none,sell
2625,user120@gmail.com,3,none,trash
2626,user121@gmail.com,1,none,store
2627,user122@gmail.com,4,none,store
2628,user123@gmail.com,0,6+,store
2629,user124@gmail.com,1,1-2,trash
2630,user125@gmail.com,3,6+,recycle
2631,user126@gmail.com,4,1-2,recycle
2632,user127@gmail.com,2,3-5,sell
2633,user128@gmail.com,1,none,store
2634,user129@gmail.com,0,none,recycle
2635,user130@gmail.com,1,3-5,sell
2636,user131@gmail.com,2,none,recycle
2637,user132@gmail.com,3,3-5,trash
2638,user133@gmail.com,0,none,trash
2639,user134@gmail.com,0,3-5,trash
2640,user135@gmail.com,1,none,recycle
2641,user136@gmail.com,3,3-5,recycle
2642,user137@gmail.com,1,none,sell
2643,user138@gmail.com,1,6+,trash
2644,user139@gmail.com,0,3-5,store
2645,user140@gmail.com,1,1-2,trash
2646,user141@gmail.com,1,6+,sell
2647,user142@gmail.com,2,1-2,sell
2648,user143@gmail.com,3,3-5,store
2649,user144@gmail.com,2,none,trash
2650,user145@gmail.com,1,none,sell
2651,user146@gmail.com,4,none,sell
2652,user147@gmail.com,1,none,store
2653,user148@gmail.com,1,6+,recycle
2654,user149@gmail.com,2,6+,store
2655,user150@gmail.com,3,none,sell
2656,user151@gmail.com,3,none,sell
2657,user152@gmail.com,3,3-5,sell
2658,user153@gmail.com,3,none,recycle
2659,user154@gmail.com,2,none,recycle
2660,user155@gmail.com,2,none,trash
2661,user156@gmail.com,3,none,trash
2662,user157@gmail.com,3,3-5,recycle
2663,user158@gmail.com,1,6+,store
2664,user159@gmail.com,2,none,sell
2665,user160@gmail.com,1,6+,recycle
2666,user161@gmail.com,3,1-2,trash
2667,user162@gmail.com,1,6+,sell
2668,user163@gmail.com,0,1-2,store
2669,user164@gmail.com,2,1-2,store
2670,user165@gmail.com,2,1-2,trash
2671,user166@gmail.com,4,1-2,sell
2672,user167@gmail.com,3,3-5,store
2673,user168@gmail.com,3,1-2,store
2674,user169@gmail.com,3,3-5,recycle
2675,user170@gmail.com,2,6+,sell
2676,user171@gmail.com,2,1-2,recycle
2677,user172@gmail.com,0,none,trash
2678,user173@gmail.com,3,1-2,recycle
2679,user174@gmail.com,3,1-2,recycle
2680,user175@gmail.com,2,3-5,recycle
2681,user176@gmail.com,2,none,store
2682,user177@gmail.com,3,1-2,recycle
2683,user178@gmail.com,1,1-2,recycle
2684,user179@gmail.com,4,6+,trash
2685,user180@gmail.com,2,none,recycle
2686,user181@gmail.com,3,1-2,sell
2687,user182@gmail.com,4,3-5,sell
2688,user183@gmail.com,1,none,store
2689,user184@gmail.com,0,3-5,sell
2690,user185@gmail.com,0,3-5,trash
2691,user186@gmail.com,2,1-2,sell
2692,user187@gmail.com,2,6+,trash
2693,user188@gmail.com,2,1-2,sell
2694,user189@gmail.com,0,none,trash
2695,user190@gmail.com,4,6+,recycle
2696,user191@gmail.com,4,3-5,sell
2697,user192@gmail.com,1,6+,recycle
2698,user193@gmail.com,2,none,sell
2699,user194@gmail.com,2,6+,recycle
2700,user195@gmail.com,3,6+,store
2701,user196@gmail.com,2,1-2,trash
2702,user197@gmail.com,2,3-5,sell
2703,user198@gmail.com,0,3-5,trash
2704,user199@gmail.com,3,1-2,trash
2705,user200@gmail.com,1,none,sell
2706,user201@gmail.com,2,1-2,sell
2707,user202@gmail.com,2,none,recycle
2708,user203@gmail.com,2,6+,store
2709,user204@gmail.com,2,none,trash
2710,user205@gmail.com,1,none,recycle
2711,user206@gmail.com,1,none,store
2712,user207@gmail.com,3,none,sell
2713,user208@gmail.com,0,none,sell
2714,user209@gmail.com,0,6+,recycle
2715,user210@gmail.com,0,6+,store
2716,user211@gmail.com,4,1-2,sell
2717,user212@gmail.com,2,1-2,recycle
2718,user213@gmail.com,0,1-2,sell
2719,user214@gmail.com,3,none,store
2720,user215@gmail.com,3,none,store
2721,user216@gmail.com,4,6+,recycle
2722,user217@gmail.com,2,none,store
2723,user218@gmail.com,0,1-2,trash
2724,user219@gmail.com,2,6+,store
2725,user220@gmail.com,2,none,sell
2726,user221@gmail.com,3,6+,trash
2727,user222@gmail.com,3,6+,store
2728,user223@gmail.com,0,1-2,sell
2729,user224@gmail.com,1,3-5,sell
2730,user225@gmail.com,2,none,trash
2731,user226@gmail.com,2,1-2,store
2732,user227@gmail.com,3,none,store
2733,user228@gmail.com,4,6+,sell
2734,user229@gmail.com,2,1-2,trash
2735,user230@gmail.com,3,none,sell
2736,user231@gmail.com,4,6+,sell
2737,user232@gmail.com,1,3-5,trash
2738,user233@gmail.com,2,3-5,recycle
2739,user234@gmail.com,4,6+,recycle
2740,user235@gmail.com,2,3-5,trash
2741,user236@gmail.com,4,1-2,recycle
2742,user237@gmail.com,4,6+,store
2743,user238@gmail.com,4,6+,sell
2744,user239@gmail.com,0,none,trash
2745,user240@gmail.com,0,3-5,trash
2746,user241@gmail.com,3,none,trash
2747,user242@gmail.com,0,3-5,trash
2748,user243@gmail.com,1,1-2,sell
2749,user244@gmail.com,0,none,recycle
2750,user245@gmail.com,3,6+,store
2751,user246@gmail.com,3,none,sell
2752,user247@gmail.com,2,6+,recycle
2753,user248@gmail.com,2,1-2,sell
2754,user249@gmail.com,2,none,trash
2755,user250@gmail.com,2,3-5,recycle
2756,user251@gmail.com,1,none,recycle
2757,user252@gmail.com,4,3-5,recycle
2758,user253@gmail.com,4,3-5,recycle
2759,user254@gmail.com,2,1-2,trash
2760,user255@gmail.com,2,3-5,sell
2761,user256@gmail.com,3,6+,recycle
2762,user257@gmail.com,4,6+,recycle
2763,user258@gmail.com,1,none,store
2764,user259@gmail.com,4,1-2,sell
2765,user260@gmail.com,4,6+,store
2766,user261@gmail.com,1,6+,recycle
2767,user262@gmail.com,1,1-2,store
2768,user263@gmail.com,2,6+,trash
2769,user264@gmail.com,2,6+,sell
2770,user265@gmail.com,2,none,store
2771,user266@gmail.com,3,3-5,trash
2772,user267@gmail.com,4,3-5,sell
2773,user268@gmail.com,2,3-5,sell
2774,user269@gmail.com,1,6+,trash
2775,user270@gmail.com,2,none,trash
2776,user271@gmail.com,0,6+,sell
2777,user272@gmail.com,2,1-2,trash
2778,user273@gmail.com,2,3-5,store
2779,user274@gmail.com,2,3-5,sell
2780,user275@gmail.com,4,none,sell
2781,user276@gmail.com,2,1-2,store
2782,user277@gmail.com,4,none,trash
2783,user278@gmail.com,2,none,sell
2784,user279@gmail.com,2,6+,sell
2785,user280@gmail.com,1,6+,recycle
2786,user281@gmail.com,0,3-5,store
2787,user282@gmail.com,1,6+,store
2788,user283@gmail.com,1,1-2,sell
2789,user284@gmail.com,4,6+,sell
2790,user285@gmail.com,0,6+,store
2791,user286@gmail.com,0,6+,sell
2792,user287@gmail.com,4,1-2,trash
2793,user288@gmail.com,2,none,trash
2794,user289@gmail.com,4,1-2,store
2795,user290@gmail.com,3,6+,recycle
2796,user291@gmail.com,0,none,trash
2797,user292@gmail.com,4,none,recycle
2798,user293@gmail.com,2,3-5,trash
2799,user294@gmail.com,1,1-2,store
2800,user295@gmail.com,3,1-2,recycle
2801,user296@gmail.com,0,6+,sell
2802,user297@gmail.com,3,6+,recycle
2803,user298@gmail.com,2,6+,recycle
2804,user299@gmail.com,4,1-2,trash
2805,user300@gmail.com,2,6+,store
2806,user301@gmail.com,2,none,store
2807,user302@gmail.com,1,1-2,trash
2808,user303@gmail.com,2,6+,store
2809,user304@gmail.com,4,none,sell
2810,user305@gmail.com,0,1-2,trash
2811,user306@gmail.com,2,3-5,recycle
2812,user307@gmail.com,1,3-5,trash
2813,user308@gmail.com,4,3-5,store
2814,user309@gmail.com,1,6+,sell
2815,user310@gmail.com,1,none,sell
2816,user311@gmail.com,0,1-2,store
2817,user312@gmail.com,0,1-2,sell
2818,user313@gmail.com,2,none,recycle
2819,user314@gmail.com,4,none,trash
2820,user315@gmail.com,4,6+,trash
2821,user316@gmail.com,2,6+,recycle
2822,user317@gmail.com,3,1-2,recycle
2823,user318@gmail.com,2,6+,store
2824,user319@gmail.com,1,3-5,trash
2825,user320@gmail.com,0,1-2,trash
2826,user321@gmail.com,0,6+,trash
2827,user322@gmail.com,1,1-2,trash
2828,user323@gmail.com,3,1-2,sell
2829,user324@gmail.com,1,1-2,trash
2830,user325@gmail.com,2,3-5,sell
2831,user326@gmail.com,0,6+,recycle
2832,user327@gmail.com,0,none,trash
2833,user328@gmail.com,4,1-2,store
2834,user329@gmail.com,2,1-2,store
2835,user330@gmail.com,1,3-5,sell
2836,user331@gmail.com,3,1-2,store
2837,user332@gmail.com,4,1-2,trash
2838,user333@gmail.com,1,3-5,sell
2839,user334@gmail.com,1,1-2,trash
2840,user335@gmail.com,1,6+,recycle
2841,user336@gmail.com,4,6+,recycle
2842,user337@gmail.com,3,none,sell
2843,user338@gmail.com,2,3-5,store
2844,user339@gmail.com,1,6+,recycle
2845,user340@gmail.com,4,1-2,trash
2846,user341@gmail.com,2,none,trash
2847,user342@gmail.com,1,none,store
2848,user343@gmail.com,0,1-2,trash
2849,user344@gmail.com,4,1-2,sell
2850,user345@gmail.com,0,3-5,store
2851,user346@gmail.com,1,1-2,store
2852,user347@gmail.com,2,3-5,trash
2853,user348@gmail.com,4,3-5,recycle
2854,user349@gmail.com,1,6+,recycle
2855,user350@gmail.com,3,6+,sell
2856,user351@gmail.com,0,1-2,trash
2857,user352@gmail.com,2,none,sell
2858,user353@gmail.com,1,1-2,store
2859,user354@gmail.com,4,1-2,store
2860,user355@gmail.com,4,6+,store
2861,user356@gmail.com,1,3-5,sell
2862,user357@gmail.com,3,6+,recycle
2863,user358@gmail.com,1,none,trash
2864,user359@gmail.com,1,1-2,recycle
2865,user360@gmail.com,1,1-2,trash
2866,user361@gmail.com,4,none,recycle
2867,user362@gmail.com,0,1-2,recycle
2868,user363@gmail.com,2,3-5,trash
2869,user364@gmail.com,4,6+,trash
2870,user365@gmail.com,4,1-2,sell
2871,user366@gmail.com,0,6+,store
2872,user367@gmail.com,1,6+,recycle
2873,user368@gmail.com,0,3-5,sell
2874,user369@gmail.com,4,1-2,sell
2875,user370@gmail.com,0,3-5,recycle
2876,user371@gmail.com,3,6+,trash
2877,user372@gmail.com,0,3-5,trash
2878,user373@gmail.com,1,none,store
2879,user374@gmail.com,4,6+,store
2880,user375@gmail.com,4,1-2,store
2881,user376@gmail.com,3,none,sell
2882,user377@gmail.com,2,3-5,recycle
2883,user378@gmail.com,4,3-5,trash
2884,user379@gmail.com,2,1-2,sell
2885,user380@gmail.com,3,none,recycle
2886,user381@gmail.com,3,none,store
2887,user382@gmail.com,2,3-5,sell
2888,user383@gmail.com,0,1-2,store
2889,user384@gmail.com,3,1-2,recycle
2890,user385@gmail.com,3,3-5,trash
2891,user386@gmail.com,3,none,trash
2892,user387@gmail.com,3,1-2,recycle
2893,user388@gmail.com,3,none,recycle
2894,user389@gmail.com,2,6+,store
2895,user390@gmail.com,0,1-2,recycle
2896,user391@gmail.com,1,3-5,recycle
2897,user392@gmail.com,3,1-2,recycle
2898,user393@gmail.com,4,1-2,store
2899,user394@gmail.com,2,1-2,trash
2900,user395@gmail.com,1,1-2,recycle
2901,user396@gmail.com,0,1-2,sell
2902,user397@gmail.com,2,1-2,trash
2903,user398@gmail.com,3,3-5,store
2904,user399@gmail.com,2,6+,store
2905,user400@gmail.com,4,none,recycle
2906,user401@gmail.com,2,6+,trash
2907,user402@gmail.com,2,6+,trash
2908,user403@gmail.com,2,6+,store
2909,user404@gmail.com,0,3-5,trash
2910,user405@gmail.com,1,none,recycle
2911,user406@gmail.com,1,6+,recycle
2912,user407@gmail.com,0,6+,sell
2913,user408@gmail.com,3,1-2,trash
2914,user409@gmail.com,2,1-2,store
2915,user410@gmail.com,0,6+,store
2916,user411@gmail.com,3,3-5,store
2917,user412@gmail.com,0,1-2,trash
2918,user413@gmail.com,4,6+,trash
2919,user414@gmail.com,1,3-5,recycle
2920,user415@gmail.com,0,1-2,sell
2921,user416@gmail.com,2,1-2,recycle
2922,user417@gmail.com,0,none,trash
2923,user418@gmail.com,0,3-5,store
2924,user419@gmail.com,1,6+,store
2925,user420@gmail.com,4,6+,recycle
2926,user421@gmail.com,1,3-5,trash
2927,user422@gmail.com,1,1-2,recycle
2928,user423@gmail.com,1,3-5,recycle
2929,user424@gmail.com,3,3-5,store
2930,user425@gmail.com,0,3-5,store
2931,user426@gmail.com,1,1-2,trash
2932,user427@gmail.com,2,1-2,sell
2933,user428@gmail.com,1,1-2,sell
2934,user429@gmail.com,0,1-2,recycle
2935,user430@gmail.com,3,3-5,sell
2936,user431@gmail.com,1,1-2,trash
2937,user432@gmail.com,1,1-2,sell
2938,user433@gmail.com,1,3-5,store
2939,user434@gmail.com,1,none,recycle
2940,user435@gmail.com,3,none,sell
2941,user436@gmail.com,1,none,sell
2942,user437@gmail.com,1,6+,store
2943,user438@gmail.com,0,6+,sell
2944,user439@gmail.com,2,3-5,store
2945,user440@gmail.com,3,3-5,store
2946,user441@gmail.com,1,none,store
2947,user442@gmail.com,3,none,sell
2948,user443@gmail.com,2,6+,sell
2949,user444@gmail.com,0,1-2,store
2950,user445@gmail.com,3,6+,sell
2951,user446@gmail.com,3,6+,trash
2952,user447@gmail.com,0,3-5,trash
2953,user448@gmail.com,4,none,sell
2954,user449@gmail.com,4,6+,recycle
2955,user450@gmail.com,4,none,trash
2956,user451@gmail.com,2,1-2,sell
2957,user452@gmail.com,3,6+,trash
2958,user453@gmail.com,0,6+,store
2959,user454@gmail.com,2,3-5,recycle
2960,user455@gmail.com,3,1-2,store
2961,user456@gmail.com,0,none,store
2962,user457@gmail.com,1,none,recycle
2963,user458@gmail.com,2,3-5,trash
2964,user459@gmail.com,2,3-5,trash
2965,user460@gmail.com,4,1-2,trash
2966,user461@gmail.com,1,1-2,recycle
2967,user462@gmail.com,0,1-2,recycle
2968,user463@gmail.com,4,1-2,store
2969,user464@gmail.com,1,6+,recycle
2970,user465@gmail.com,1,3-5,sell
2971,user466@gmail.com,1,1-2,sell
2972,user467@gmail.com,0,1-2,store
2973,user468@gmail.com,2,6+,sell
2974,user469@gmail.com,3,none,store
2975,user470@gmail.com,4,none,recycle
2976,user471@gmail.com,3,none,recycle
2977,user472@gmail.com,2,6+,sell
2978,user473@gmail.com,3,3-5,sell
2979,user474@gmail.com,2,none,trash
2980,user475@gmail.com,1,1-2,store
2981,user476@gmail.com,2,1-2,recycle
2982,user477@gmail.com,2,1-2,sell
2983,user478@gmail.com,1,6+,sell
2984,user479@gmail.com,1,6+,recycle
2985,user480@gmail.com,4,3-5,recycle
2986,user481@gmail.com,4,3-5,recycle
2987,user482@gmail.com,3,6+,store
2988,user483@gmail.com,0,6+,sell
2989,user484@gmail.com,2,6+,recycle
2990,user485@gmail.com,2,3-5,trash
2991,user486@gmail.com,2,6+,store
2992,user487@gmail.com,0,3-5,store
2993,user488@gmail.com,4,6+,recycle
2994,user489@gmail.com,2,3-5,recycle
2995,user490@gmail.com,0,none,recycle
2996,user491@gmail.com,2,6+,trash
2997,user492@gmail.com,3,1-2,store
2998,user493@gmail.com,1,3-5,sell
2999,user494@gmail.com,1,1-2,sell
3000,user495@gmail.com,4,6+,sell
3001,user496@gmail.com,1,1-2,trash
3002,user497@gmail.com,4,none,store
3003,user498@gmail.com,3,6+,trash
3004,user499@gmail.com,1,none,trash
3005,user500@gmail.com,1,none,sell
3006,user1@gmail.com,1,none,trash
3007,user2@gmail.com,3,none,recycle
3008,user3@gmail.com,2,none,trash
3009,user4@gmail.com,0,6+,recycle
3010,user5@gmail.com,2,6+,trash
3011,user6@gmail.com,3,1-2,trash
3012,user7@gmail.com,0,6+,store
3013,user8@gmail.com,1,3-5,trash
3014,user9@gmail.com,2,1-2,trash
3015,user10@gmail.com,1,none,recycle
3016,user11@gmail.com,4,1-2,recycle
3017,user12@gmail.com,0,1-2,sell
3018,user13@gmail.com,4,none,sell
3019,user14@gmail.com,4,1-2,sell
3020,user15@gmail.com,3,6+,trash
3021,user16@gmail.com,0,6+,store
3022,user17@gmail.com,0,none,recycle
3023,user18@gmail.com,0,6+,sell
3024,user19@gmail.com,3,3-5,sell
3025,user20@gmail.com,1,6+,recycle
3026,user21@gmail.com,1,3-5,trash
3027,user22@gmail.com,1,1-2,sell
3028,user23@gmail.com,4,3-5,recycle
3029,user24@gmail.com,4,3-5,sell
3030,user25@gmail.com,3,6+,trash
3031,user26@gmail.com,4,none,store
3032,user27@gmail.com,1,3-5,store
3033,user28@gmail.com,2,none,recycle
3034,user29@gmail.com,1,none,recycle
3035,user30@gmail.com,0,6+,recycle
3036,user31@gmail.com,1,6+,trash
3037,user32@gmail.com,3,6+,trash
3038,user33@gmail.com,0,6+,recycle
3039,user34@gmail.com,0,none,sell
3040,user35@gmail.com,3,3-5,sell
3041,user36@gmail.com,3,1-2,store
3042,user37@gmail.com,0,3-5,sell
3043,user38@gmail.com,2,1-2,trash
3044,user39@gmail.com,1,1-2,recycle
3045,user40@gmail.com,3,6+,trash
3046,user41@gmail.com,3,1-2,sell
3047,user42@gmail.com,0,1-2,store
3048,user43@gmail.com,0,3-5,sell
3049,user44@gmail.com,0,1-2,trash
3050,user45@gmail.com,0,none,trash
3051,user46@gmail.com,0,3-5,trash
3052,user47@gmail.com,4,6+,sell
3053,user48@gmail.com,4,6+,trash
3054,user49@gmail.com,2,1-2,store
3055,user50@gmail.com,2,none,sell
3056,user51@gmail.com,4,none,sell
3057,user52@gmail.com,4,3-5,recycle
3058,user53@gmail.com,0,3-5,recycle
3059,user54@gmail.com,0,6+,recycle
3060,user55@gmail.com,2,3-5,store
3061,user56@gmail.com,1,6+,recycle
3062,user57@gmail.com,4,3-5,store
3063,user58@gmail.com,2,1-2,recycle
3064,user59@gmail.com,1,1-2,store
3065,user60@gmail.com,0,6+,trash
3066,user61@gmail.com,3,1-2,store
3067,user62@gmail.com,1,1-2,recycle
3068,user63@gmail.com,2,6+,store
3069,user64@gmail.com,3,1-2,recycle
3070,user65@gmail.com,3,3-5,store
3071,user66@gmail.com,3,none,sell
3072,user67@gmail.com,4,none,trash
3073,user68@gmail.com,3,none,recycle
3074,user69@gmail.com,2,6+,sell
3075,user70@gmail.com,1,3-5,sell
3076,user71@gmail.com,3,6+,store
3077,user72@gmail.com,0,1-2,trash
3078,user73@gmail.com,4,none,store
3079,user74@gmail.com,4,1-2,store
3080,user75@gmail.com,3,6+,recycle
3081,user76@gmail.com,1,1-2,recycle
3082,user77@gmail.com,4,3-5,sell
3083,user78@gmail.com,1,3-5,recycle
3084,user79@gmail.com,2,3-5,store
3085,user80@gmail.com,2,6+,sell
3086,user81@gmail.com,0,6+,trash
3087,user82@gmail.com,2,6+,recycle
3088,user83@gmail.com,3,none,sell
3089,user84@gmail.com,0,none,sell
3090,user85@gmail.com,4,3-5,recycle
3091,user86@gmail.com,0,none,trash
3092,user87@gmail.com,0,3-5,sell
3093,user88@gmail.com,3,1-2,recycle
3094,user89@gmail.com,0,3-5,trash
3095,user90@gmail.com,3,1-2,sell
3096,user91@gmail.com,1,none,store
3097,user92@gmail.com,2,6+,sell
3098,user93@gmail.com,3,6+,trash
3099,user94@gmail.com,0,6+,store
3100,user95@gmail.com,2,6+,recycle
3101,user96@gmail.com,2,6+,recycle
3102,user97@gmail.com,1,1-2,sell
3103,user98@gmail.com,1,1-2,recycle
3104,user99@gmail.com,3,3-5,trash
3105,user100@gmail.com,1,6+,sell
3106,user101@gmail.com,3,3-5,trash
3107,user102@gmail.com,4,6+,sell
3108,user103@gmail.com,1,6+,sell
3109,user104@gmail.com,1,1-2,store
3110,user105@gmail.com,2,3-5,trash
3111,user106@gmail.com,0,1-2,recycle
3112,user107@gmail.com,3,3-5,trash
3113,user108@gmail.com,1,1-2,trash
3114,user109@gmail.com,2,6+,trash
3115,user110@gmail.com,4,6+,sell
3116,user111@gmail.com,4,6+,recycle
3117,user112@gmail.com,2,6+,trash
3118,user113@gmail.com,4,none,store
3119,user114@gmail.com,2,6+,sell
3120,user115@gmail.com,3,1-2,recycle
3121,user116@gmail.com,4,3-5,sell
3122,user117@gmail.com,3,3-5,store
3123,user118@gmail.com,2,3-5,trash
3124,user119@gmail.com,1,none,trash
3125,user120@gmail.com,2,1-2,trash
3126,user121@gmail.com,1,3-5,recycle
3127,user122@gmail.com,4,1-2,trash
3128,user123@gmail.com,2,6+,store
3129,user124@gmail.com,1,1-2,sell
3130,user125@gmail.com,1,none,recycle
3131,user126@gmail.com,0,none,recycle
3132,user127@gmail.com,2,1-2,trash
3133,user128@gmail.com,1,1-2,recycle
3134,user129@gmail.com,4,6+,trash
3135,user130@gmail.com,4,3-5,trash
3136,user131@gmail.com,0,6+,store
3137,user132@gmail.com,3,none,trash
3138,user133@gmail.com,4,6+,trash
3139,user134@gmail.com,2,6+,trash
3140,user135@gmail.com,4,6+,sell
3141,user136@gmail.com,4,6+,store
3142,user137@gmail.com,3,3-5,store
3143,user138@gmail.com,1,6+,recycle
3144,user139@gmail.com,0,3-5,sell
3145,user140@gmail.com,1,none,sell
3146,user141@gmail.com,1,1-2,recycle
3147,user142@gmail.com,1,1-2,store
3148,user143@gmail.com,1,1-2,store
3149,user144@gmail.com,3,1-2,trash
3150,user145@gmail.com,0,3-5,sell
3151,user146@gmail.com,4,1-2,store
3152,user147@gmail.com,1,3-5,trash
3153,user148@gmail.com,3,6+,recycle
3154,user149@gmail.com,4,6+,trash
3155,user150@gmail.com,1,6+,sell
3156,user151@gmail.com,3,3-5,recycle
3157,user152@gmail.com,0,none,sell
3158,user153@gmail.com,0,6+,trash
3159,user154@gmail.com,1,none,recycle
3160,user155@gmail.com,0,3-5,trash
3161,user156@gmail.com,1,3-5,trash
3162,user157@gmail.com,1,6+,sell
3163,user158@gmail.com,0,6+,sell
3164,user159@gmail.com,0,none,store
3165,user160@gmail.com,0,none,store
3166,user161@gmail.com,4,1-2,recycle
3167,user162@gmail.com,3,none,recycle
3168,user163@gmail.com,1,1-2,trash
3169,user164@gmail.com,1,none,store
3170,user165@gmail.com,2,none,sell
3171,user166@gmail.com,4,1-2,store
3172,user167@gmail.com,1,6+,sell
3173,user168@gmail.com,2,1-2,sell
3174,user169@gmail.com,3,none,trash
3175,user170@gmail.com,4,1-2,sell
3176,user171@gmail.com,0,3-5,trash
3177,user172@gmail.com,3,none,trash
3178,user173@gmail.com,2,none,recycle
3179,user174@gmail.com,0,1-2,store
3180,user175@gmail.com,3,1-2,store
3181,user176@gmail.com,0,none,sell
3182,user177@gmail.com,1,6+,store
3183,user178@gmail.com,1,1-2,sell
3184,user179@gmail.com,2,1-2,sell
3185,user180@gmail.com,2,3-5,trash
3186,user181@gmail.com,1,1-2,store
3187,user182@gmail.com,3,3-5,store
3188,user183@gmail.com,2,3-5,trash
3189,user184@gmail.com,1,6+,recycle
3190,user185@gmail.com,0,6+,recycle
3191,user186@gmail.com,3,3-5,trash
3192,user187@gmail.com,4,6+,store
3193,user188@gmail.com,1,3-5,recycle
3194,user189@gmail.com,3,3-5,sell
3195,user190@gmail.com,0,none,sell
3196,user191@gmail.com,3,1-2,sell
3197,user192@gmail.com,1,none,sell
3198,user193@gmail.com,4,none,trash
3199,user194@gmail.com,3,none,trash
3200,user195@gmail.com,1,6+,store
3201,user196@gmail.com,3,6+,store
3202,user197@gmail.com,1,3-5,store
3203,user198@gmail.com,4,3-5,store
3204,user199@gmail.com,1,1-2,sell
3205,user200@gmail.com,2,3-5,trash
3206,user201@gmail.com,2,3-5,sell
3207,user202@gmail.com,1,none,sell
3208,user203@gmail.com,0,3-5,sell
3209,user204@gmail.com,1,1-2,sell
3210,user205@gmail.com,0,1-2,trash
3211,user206@gmail.com,4,6+,store
3212,user207@gmail.com,2,none,trash
3213,user208@gmail.com,4,1-2,trash
3214,user209@gmail.com,3,none,trash
3215,user210@gmail.com,2,3-5,trash
3216,user211@gmail.com,4,none,recycle
3217,user212@gmail.com,2,1-2,recycle
3218,user213@gmail.com,2,none,trash
3219,user214@gmail.com,4,3-5,store
3220,user215@gmail.com,0,1-2,recycle
3221,user216@gmail.com,1,3-5,store
3222,user217@gmail.com,4,none,sell
3223,user218@gmail.com,0,6+,trash
3224,user219@gmail.com,0,6+,store
3225,user220@gmail.com,2,6+,recycle
3226,user221@gmail.com,2,1-2,recycle
3227,user222@gmail.com,1,6+,store
3228,user223@gmail.com,2,1-2,store
3229,user224@gmail.com,0,1-2,recycle
3230,user225@gmail.com,3,none,trash
3231,user226@gmail.com,0,none,recycle
3232,user227@gmail.com,0,none,sell
3233,user228@gmail.com,4,none,store
3234,user229@gmail.com,0,3-5,recycle
3235,user230@gmail.com,1,3-5,store
3236,user231@gmail.com,1,3-5,sell
3237,user232@gmail.com,2,1-2,trash
3238,user233@gmail.com,0,3-5,trash
3239,user234@gmail.com,4,none,trash
3240,user235@gmail.com,4,3-5,trash
3241,user236@gmail.com,3,3-5,recycle
3242,user237@gmail.com,3,1-2,trash
3243,user238@gmail.com,4,1-2,sell
3244,user239@gmail.com,1,1-2,store
3245,user240@gmail.com,0,3-5,store
3246,user241@gmail.com,0,none,recycle
3247,user242@gmail.com,3,6+,trash
3248,user243@gmail.com,1,3-5,recycle
3249,user244@gmail.com,0,3-5,sell
3250,user245@gmail.com,1,1-2,trash
3251,user246@gmail.com,3,3-5,store
3252,user247@gmail.com,0,1-2,trash
3253,user248@gmail.com,4,6+,store
3254,user249@gmail.com,3,1-2,store
3255,user250@gmail.com,3,none,sell
3256,user251@gmail.com,3,3-5,store
3257,user252@gmail.com,1,none,sell
3258,user253@gmail.com,4,3-5,store
3259,user254@gmail.com,4,1-2,trash
3260,user255@gmail.com,2,3-5,sell
3261,user256@gmail.com,0,none,recycle
3262,user257@gmail.com,2,1-2,trash
3263,user258@gmail.com,3,none,recycle
3264,user259@gmail.com,4,3-5,trash
3265,user260@gmail.com,2,3-5,sell
3266,user261@gmail.com,1,none,recycle
3267,user262@gmail.com,4,3-5,store
3268,user263@gmail.com,1,none,trash
3269,user264@gmail.com,2,none,trash
3270,user265@gmail.com,1,3-5,recycle
3271,user266@gmail.com,4,none,trash
3272,user267@gmail.com,0,6+,store
3273,user268@gmail.com,3,3-5,recycle
3274,user269@gmail.com,4,3-5,sell
3275,user270@gmail.com,4,3-5,trash
3276,user271@gmail.com,2,3-5,trash
3277,user272@gmail.com,4,none,recycle
3278,user273@gmail.com,3,none,sell
3279,user274@gmail.com,3,3-5,trash
3280,user275@gmail.com,2,1-2,trash
3281,user276@gmail.com,0,none,sell
3282,user277@gmail.com,3,3-5,trash
3283,user278@gmail.com,2,1-2,store
3284,user279@gmail.com,3,3-5,trash
3285,user280@gmail.com,4,none,recycle
3286,user281@gmail.com,2,none,recycle
3287,user282@gmail.com,2,none,sell
3288,user283@gmail.com,1,3-5,recycle
3289,user284@gmail.com,0,none,recycle
3290,user285@gmail.com,2,3-5,recycle
3291,user286@gmail.com,2,1-2,store
3292,user287@gmail.com,0,none,sell
3293,user288@gmail.com,0,1-2,recycle
3294,user289@gmail.com,3,3-5,store
3295,user290@gmail.com,0,6+,trash
3296,user291@gmail.com,0,1-2,recycle
3297,user292@gmail.com,3,none,trash
3298,user293@gmail.com,4,6+,store
3299,user294@gmail.com,0,3-5,recycle
3300,user295@gmail.com,3,1-2,trash
3301,user296@gmail.com,2,6+,store
3302,user297@gmail.com,1,none,recycle
3303,user298@gmail.com,4,3-5,store
3304,user299@gmail.com,0,3-5,trash
3305,user300@gmail.com,1,6+,store
3306,user301@gmail.com,1,1-2,sell
3307,user302@gmail.com,2,6+,sell
3308,user303@gmail.com,4,6+,sell
3309,user304@gmail.com,3,none,trash
3310,user305@gmail.com,3,none,store
3311,user306@gmail.com,2,none,recycle
3312,user307@gmail.com,0,6+,trash
3313,user308@gmail.com,2,1-2,store
3314,user309@gmail.com,1,none,store
3315,user310@gmail.com,0,1-2,sell
3316,user311@gmail.com,0,1-2,trash
3317,user312@gmail.com,2,none,store
3318,user313@gmail.com,3,none,store
3319,user314@gmail.com,1,1-2,trash
3320,user315@gmail.com,3,3-5,sell
3321,user316@gmail.com,2,1-2,store
3322,user317@gmail.com,1,6+,store
3323,user318@gmail.com,2,1-2,sell
3324,user319@gmail.com,4,3-5,trash
3325,user320@gmail.com,4,6+,recycle
3326,user321@gmail.com,2,1-2,trash
3327,user322@gmail.com,4,1-2,trash
3328,user323@gmail.com,3,3-5,sell
3329,user324@gmail.com,3,6+,sell
3330,user325@gmail.com,0,none,recycle
3331,user326@gmail.com,2,6+,trash
3332,user327@gmail.com,4,1-2,store
3333,user328@gmail.com,3,none,sell
3334,user329@gmail.com,4,6+,trash
3335,user330@gmail.com,2,6+,recycle
3336,user331@gmail.com,2,3-5,sell
3337,user332@gmail.com,4,1-2,store
3338,user333@gmail.com,2,1-2,recycle
3339,user334@gmail.com,4,6+,trash
3340,user335@gmail.com,3,1-2,recycle
3341,user336@gmail.com,0,3-5,trash
3342,user337@gmail.com,4,1-2,trash
3343,user338@gmail.com,1,6+,sell
3344,user339@gmail.com,3,6+,sell
3345,user340@gmail.com,4,none,store
3346,user341@gmail.com,3,1-2,store
3347,user342@gmail.com,1,1-2,store
3348,user343@gmail.com,1,1-2,store
3349,user344@gmail.com,2,3-5,sell
3350,user345@gmail.com,0,3-5,trash
3351,user346@gmail.com,0,3-5,recycle
3352,user347@gmail.com,1,1-2,sell
3353,user348@gmail.com,3,6+,recycle
3354,user349@gmail.com,4,3-5,recycle
3355,user350@gmail.com,0,1-2,trash
3356,user351@gmail.com,0,6+,store
3357,user352@gmail.com,4,1-2,trash
3358,user353@gmail.com,1,6+,trash
3359,user354@gmail.com,1,6+,recycle
3360,user355@gmail.com,4,6+,trash
3361,user356@gmail.com,1,1-2,sell
3362,user357@gmail.com,2,none,recycle
3363,user358@gmail.com,2,6+,recycle
3364,user359@gmail.com,3,3-5,trash
3365,user360@gmail.com,2,3-5,store
3366,user361@gmail.com,1,none,sell
3367,user362@gmail.com,2,3-5,sell
3368,user363@gmail.com,3,1-2,sell
3369,user364@gmail.com,2,6+,store
3370,user365@gmail.com,1,none,store
3371,user366@gmail.com,3,none,trash
3372,user367@gmail.com,0,3-5,recycle
3373,user368@gmail.com,3,3-5,sell
3374,user369@gmail.com,3,none,sell
3375,user370@gmail.com,1,1-2,store
3376,user371@gmail.com,3,6+,recycle
3377,user372@gmail.com,4,none,recycle
3378,user373@gmail.com,1,3-5,recycle
3379,user374@gmail.com,0,6+,sell
3380,user375@gmail.com,1,3-5,trash
3381,user376@gmail.com,3,none,trash
3382,user377@gmail.com,3,1-2,sell
3383,user378@gmail.com,4,none,recycle
3384,user379@gmail.com,2,6+,store
3385,user380@gmail.com,0,1-2,store
3386,user381@gmail.com,4,3-5,store
3387,user382@gmail.com,2,1-2,store
3388,user383@gmail.com,1,6+,trash
3389,user384@gmail.com,4,6+,recycle
3390,user385@gmail.com,0,3-5,trash
3391,user386@gmail.com,1,3-5,sell
3392,user387@gmail.com,2,1-2,store
3393,user388@gmail.com,3,1-2,recycle
3394,user389@gmail.com,0,1-2,store
3395,user390@gmail.com,3,1-2,recycle
3396,user391@gmail.com,1,1-2,store
3397,user392@gmail.com,1,1-2,recycle
3398,user393@gmail.com,3,none,recycle
3399,user394@gmail.com,1,3-5,store
3400,user395@gmail.com,1,6+,sell
3401,user396@gmail.com,2,3-5,store
3402,user397@gmail.com,1,1-2,recycle
3403,user398@gmail.com,3,1-2,sell
3404,user399@gmail.com,2,none,recycle
3405,user400@gmail.com,2,1-2,recycle
3406,user401@gmail.com,0,1-2,recycle
3407,user402@gmail.com,0,3-5,recycle
3408,user403@gmail.com,4,1-2,recycle
3409,user404@gmail.com,3,1-2,sell
3410,user405@gmail.com,0,1-2,recycle
3411,user406@gmail.com,1,3-5,store
3412,user407@gmail.com,3,3-5,recycle
3413,user408@gmail.com,4,3-5,trash
3414,user409@gmail.com,2,3-5,store
3415,user410@gmail.com,2,1-2,trash
3416,user411@gmail.com,0,none,sell
3417,user412@gmail.com,1,none,recycle
3418,user413@gmail.com,4,3-5,recycle
3419,user414@gmail.com,3,1-2,sell
3420,user415@gmail.com,2,3-5,sell
3421,user416@gmail.com,0,3-5,recycle
3422,user417@gmail.com,3,3-5,trash
3423,user418@gmail.com,2,6+,recycle
3424,user419@gmail.com,0,1-2,recycle
3425,user420@gmail.com,1,1-2,sell
3426,user421@gmail.com,1,6+,trash
3427,user422@gmail.com,1,6+,store
3428,user423@gmail.com,3,none,sell
3429,user424@gmail.com,3,none,recycle
3430,user425@gmail.com,2,6+,trash
3431,user426@gmail.com,1,1-2,recycle
3432,user427@gmail.com,4,3-5,store
3433,user428@gmail.com,2,3-5,trash
3434,user429@gmail.com,1,6+,recycle
3435,user430@gmail.com,2,none,recycle
3436,user431@gmail.com,3,3-5,sell
3437,user432@gmail.com,3,6+,recycle
3438,user433@gmail.com,4,1-2,trash
3439,user434@gmail.com,3,none,recycle
3440,user435@gmail.com,1,none,trash
3441,user436@gmail.com,0,1-2,recycle
3442,user437@gmail.com,2,3-5,sell
3443,user438@gmail.com,1,3-5,store
3444,user439@gmail.com,0,none,sell
3445,user440@gmail.com,1,3-5,trash
3446,user441@gmail.com,0,6+,store
3447,user442@gmail.com,2,6+,sell
3448,user443@gmail.com,4,6+,sell
3449,user444@gmail.com,0,6+,recycle
3450,user445@gmail.com,0,1-2,store
3451,user446@gmail.com,4,3-5,sell
3452,user447@gmail.com,1,3-5,trash
3453,user448@gmail.com,1,3-5,store
3454,user449@gmail.com,0,none,sell
3455,user450@gmail.com,4,none,trash
3456,user451@gmail.com,4,none,recycle
3457,user452@gmail.com,3,6+,recycle
3458,user453@gmail.com,4,3-5,sell
3459,user454@gmail.com,4,1-2,store
3460,user455@gmail.com,1,none,trash
3461,user456@gmail.com,4,6+,trash
3462,user457@gmail.com,0,3-5,store
3463,user458@gmail.com,3,6+,trash
3464,user459@gmail.com,0,6+,sell
3465,user460@gmail.com,2,1-2,sell
3466,user461@gmail.com,0,none,recycle
3467,user462@gmail.com,1,none,recycle
3468,user463@gmail.com,1,none,sell
3469,user464@gmail.com,3,6+,sell
3470,user465@gmail.com,0,none,sell
3471,user466@gmail.com,0,1-2,recycle
3472,user467@gmail.com,4,6+,recycle
3473,user468@gmail.com,4,6+,sell
3474,user469@gmail.com,2,6+,sell
3475,user470@gmail.com,2,6+,sell
3476,user471@gmail.com,1,3-5,recycle
3477,user472@gmail.com,4,1-2,sell
3478,user473@gmail.com,1,6+,trash
3479,user474@gmail.com,1,1-2,store
3480,user475@gmail.com,2,3-5,trash
3481,user476@gmail.com,1,1-2,trash
3482,user477@gmail.com,4,1-2,trash
3483,user478@gmail.com,4,6+,store
3484,user479@gmail.com,4,3-5,recycle
3485,user480@gmail.com,0,6+,store
3486,user481@gmail.com,1,3-5,sell
3487,user482@gmail.com,2,3-5,recycle
3488,user483@gmail.com,4,1-2,recycle
3489,user484@gmail.com,4,3-5,sell
3490,user485@gmail.com,1,3-5,trash
3491,user486@gmail.com,2,6+,store
3492,user487@gmail.com,2,3-5,recycle
3493,user488@gmail.com,0,1-2,trash
3494,user489@gmail.com,0,1-2,sell
3495,user490@gmail.com,2,6+,recycle
3496,user491@gmail.com,3,6+,trash
3497,user492@gmail.com,0,6+,sell
3498,user493@gmail.com,3,6+,recycle
3499,user494@gmail.com,3,none,sell
3500,user495@gmail.com,1,none,sell
3501,user496@gmail.com,2,none,sell
3502,user497@gmail.com,2,3-5,trash
3503,user498@gmail.com,0,6+,trash
3504,user499@gmail.com,3,3-5,sell
3505,user500@gmail.com,4,1-2,recycle
3506,user1@gmail.com,1,3-5,recycle
3507,user2@gmail.com,4,1-2,recycle
3508,user3@gmail.com,1,6+,trash
3509,user4@gmail.com,1,none,store
3510,user5@gmail.com,1,3-5,sell
3511,user6@gmail.com,0,3-5,sell
3512,user7@gmail.com,4,none,store
3513,user8@gmail.com,0,none,sell
3514,user9@gmail.com,2,1-2,store
3515,user10@gmail.com,2,1-2,recycle
3516,user11@gmail.com,1,6+,recycle
3517,user12@gmail.com,0,6+,trash
3518,user13@gmail.com,4,6+,recycle
3519,user14@gmail.com,3,3-5,recycle
3520,user15@gmail.com,3,3-5,store
3521,user16@gmail.com,2,none,recycle
3522,user17@gmail.com,4,3-5,trash
3523,user18@gmail.com,2,3-5,sell
3524,user19@gmail.com,2,1-2,sell
3525,user20@gmail.com,3,1-2,trash
3526,user21@gmail.com,3,3-5,trash
3527,user22@gmail.com,4,1-2,sell
3528,user23@gmail.com,1,1-2,recycle
3529,user24@gmail.com,3,1-2,store
3530,user25@gmail.com,4,1-2,trash
3531,user26@gmail.com,4,3-5,recycle
3532,user27@gmail.com,2,6+,trash
3533,user28@gmail.com,4,1-2,store
3534,user29@gmail.com,2,6+,recycle
3535,user30@gmail.com,2,none,recycle
3536,user31@gmail.com,3,none,trash
3537,user32@gmail.com,0,3-5,store
3538,user33@gmail.com,3,none,store
3539,user34@gmail.com,3,1-2,recycle
3540,user35@gmail.com,2,1-2,recycle
3541,user36@gmail.com,4,3-5,trash
3542,user37@gmail.com,3,none,store
3543,user38@gmail.com,1,none,trash
3544,user39@gmail.com,1,6+,store
3545,user40@gmail.com,3,1-2,sell
3546,user41@gmail.com,2,3-5,sell
3547,user42@gmail.com,4,6+,recycle
3548,user43@gmail.com,3,none,store
3549,user44@gmail.com,1,1-2,trash
3550,user45@gmail.com,0,3-5,trash
3551,user46@gmail.com,4,3-5,store
3552,user47@gmail.com,1,3-5,trash
3553,user48@gmail.com,0,6+,store
3554,user49@gmail.com,2,1-2,sell
3555,user50@gmail.com,2,3-5,recycle
3556,user51@gmail.com,3,none,store
3557,user52@gmail.com,4,6+,sell
3558,user53@gmail.com,1,3-5,trash
3559,user54@gmail.com,0,none,recycle
3560,user55@gmail.com,0,3-5,trash
3561,user56@gmail.com,0,1-2,trash
3562,user57@gmail.com,3,3-5,store
3563,user58@gmail.com,4,3-5,sell
3564,user59@gmail.com,4,1-2,sell
3565,user60@gmail.com,0,6+,store
3566,user61@gmail.com,0,6+,recycle
3567,user62@gmail.com,2,1-2,recycle
3568,user63@gmail.com,3,6+,recycle
3569,user64@gmail.com,3,none,sell
3570,user65@gmail.com,4,6+,trash
3571,user66@gmail.com,1,6+,recycle
3572,user67@gmail.com,3,1-2,store
3573,user68@gmail.com,0,3-5,trash
3574,user69@gmail.com,4,6+,sell
3575,user70@gmail.com,3,6+,recycle
3576,user71@gmail.com,2,1-2,trash
3577,user72@gmail.com,1,1-2,store
3578,user73@gmail.com,0,3-5,recycle
3579,user74@gmail.com,2,none,sell
3580,user75@gmail.com,4,6+,store
3581,user76@gmail.com,0,none,store
3582,user77@gmail.com,4,1-2,sell
3583,user78@gmail.com,1,3-5,store
3584,user79@gmail.com,2,1-2,trash
3585,user80@gmail.com,4,none,sell
3586,user81@gmail.com,2,6+,sell
3587,user82@gmail.com,4,6+,sell
3588,user83@gmail.com,4,6+,recycle
3589,user84@gmail.com,4,3-5,trash
3590,user85@gmail.com,0,1-2,sell
3591,user86@gmail.com,1,3-5,trash
3592,user87@gmail.com,3,6+,trash
3593,user88@gmail.com,2,none,recycle
3594,user89@gmail.com,2,6+,sell
3595,user90@gmail.com,3,1-2,recycle
3596,user91@gmail.com,1,none,sell
3597,user92@gmail.com,0,3-5,trash
3598,user93@gmail.com,0,6+,trash
3599,user94@gmail.com,3,6+,trash
3600,user95@gmail.com,2,1-2,sell
3601,user96@gmail.com,0,3-5,sell
3602,user97@gmail.com,0,6+,trash
3603,user98@gmail.com,1,6+,recycle
3604,user99@gmail.com,1,6+,recycle
3605,user100@gmail.com,1,1-2,trash
3606,user101@gmail.com,4,none,store
3607,user102@gmail.com,3,none,store
3608,user103@gmail.com,1,1-2,recycle
3609,user104@gmail.com,4,1-2,store
3610,user105@gmail.com,1,none,sell
3611,user106@gmail.com,1,6+,sell
3612,user107@gmail.com,2,1-2,trash
3613,user108@gmail.com,1,none,recycle
3614,user109@gmail.com,4,none,store
3615,user110@gmail.com,4,none,store
3616,user111@gmail.com,0,1-2,trash
3617,user112@gmail.com,2,none,store
3618,user113@gmail.com,0,3-5,sell
3619,user114@gmail.com,3,3-5,trash
3620,user115@gmail.com,4,6+,sell
3621,user116@gmail.com,4,1-2,sell
3622,user117@gmail.com,1,6+,store
3623,user118@gmail.com,2,3-5,store
3624,user119@gmail.com,0,3-5,sell
3625,user120@gmail.com,1,3-5,recycle
3626,user121@gmail.com,4,none,store
3627,user122@gmail.com,3,6+,recycle
3628,user123@gmail.com,4,6+,sell
3629,user124@gmail.com,2,1-2,trash
3630,user125@gmail.com,3,3-5,store
3631,user126@gmail.com,4,3-5,recycle
3632,user127@gmail.com,4,3-5,sell
3633,user128@gmail.com,4,1-2,recycle
3634,user129@gmail.com,0,6+,trash
3635,user130@gmail.com,4,none,trash
3636,user131@gmail.com,4,1-2,recycle
3637,user132@gmail.com,3,none,recycle
3638,user133@gmail.com,1,6+,sell
3639,user134@gmail.com,2,none,trash
3640,user135@gmail.com,0,1-2,recycle
3641,user136@gmail.com,0,none,store
3642,user137@gmail.com,1,none,recycle
3643,user138@gmail.com,3,3-5,sell
3644,user139@gmail.com,3,1-2,store
3645,user140@gmail.com,0,3-5,trash
3646,user141@gmail.com,1,3-5,trash
3647,user142@gmail.com,4,6+,trash
3648,user143@gmail.com,4,6+,recycle
3649,user144@gmail.com,3,6+,store
3650,user145@gmail.com,4,1-2,store
3651,user146@gmail.com,3,1-2,sell
3652,user147@gmail.com,2,3-5,sell
3653,user148@gmail.com,4,1-2,sell
3654,user149@gmail.com,2,6+,recycle
3655,user150@gmail.com,0,1-2,sell
3656,user151@gmail.com,2,none,sell
3657,user152@gmail.com,1,1-2,store
3658,user153@gmail.com,3,1-2,recycle
3659,user154@gmail.com,3,1-2,sell
3660,user155@gmail.com,2,3-5,store
3661,user156@gmail.com,1,1-2,recycle
3662,user157@gmail.com,3,none,sell
3663,user158@gmail.com,0,1-2,trash
3664,user159@gmail.com,1,3-5,store
3665,user160@gmail.com,2,none,store
3666,user161@gmail.com,1,none,store
3667,user162@gmail.com,3,1-2,sell
3668,user163@gmail.com,3,1-2,recycle
3669,user164@gmail.com,2,none,recycle
3670,user165@gmail.com,3,3-5,store
3671,user166@gmail.com,4,1-2,sell
3672,user167@gmail.com,2,none,store
3673,user168@gmail.com,3,1-2,recycle
3674,user169@gmail.com,3,3-5,trash
3675,user170@gmail.com,4,none,recycle
3676,user171@gmail.com,3,none,sell
3677,user172@gmail.com,3,none,trash
3678,user173@gmail.com,4,1-2,trash
3679,user174@gmail.com,0,1-2,sell
3680,user175@gmail.com,1,3-5,recycle
3681,user176@gmail.com,0,6+,recycle
3682,user177@gmail.com,0,1-2,recycle
3683,user178@gmail.com,1,6+,recycle
3684,user179@gmail.com,2,6+,trash
3685,user180@gmail.com,0,none,recycle
3686,user181@gmail.com,0,none,sell
3687,user182@gmail.com,2,none,trash
3688,user183@gmail.com,1,1-2,trash
3689,user184@gmail.com,1,6+,store
3690,user185@gmail.com,2,3-5,store
3691,user186@gmail.com,3,3-5,sell
3692,user187@gmail.com,4,none,store
3693,user188@gmail.com,4,6+,trash
3694,user189@gmail.com,2,3-5,sell
3695,user190@gmail.com,2,3-5,trash
3696,user191@gmail.com,3,none,store
3697,user192@gmail.com,3,3-5,sell
3698,user193@gmail.com,2,none,sell
3699,user194@gmail.com,4,6+,trash
3700,user195@gmail.com,0,6+,store
3701,user196@gmail.com,1,1-2,store
3702,user197@gmail.com,0,1-2,sell
3703,user198@gmail.com,4,3-5,store
3704,user199@gmail.com,4,1-2,store
3705,user200@gmail.com,3,1-2,sell
3706,user201@gmail.com,3,3-5,sell
3707,user202@gmail.com,2,3-5,sell
3708,user203@gmail.com,2,6+,recycle
3709,user204@gmail.com,4,1-2,store
3710,user205@gmail.com,0,6+,store
3711,user206@gmail.com,2,1-2,trash
3712,user207@gmail.com,4,3-5,trash
3713,user208@gmail.com,0,6+,recycle
3714,user209@gmail.com,0,1-2,sell
3715,user210@gmail.com,3,3-5,store
3716,user211@gmail.com,0,3-5,sell
3717,user212@gmail.com,0,3-5,trash
3718,user213@gmail.com,0,none,store
3719,user214@gmail.com,4,3-5,trash
3720,user215@gmail.com,3,1-2,store
3721,user216@gmail.com,2,6+,trash
3722,user217@gmail.com,1,6+,sell
3723,user218@gmail.com,2,none,recycle
3724,user219@gmail.com,2,6+,store
3725,user220@gmail.com,2,1-2,trash
3726,user221@gmail.com,3,6+,recycle
3727,user222@gmail.com,4,1-2,store
3728,user223@gmail.com,3,6+,store
3729,user224@gmail.com,0,none,trash
3730,user225@gmail.com,0,6+,trash
3731,user226@gmail.com,3,1-2,recycle
3732,user227@gmail.com,0,6+,sell
3733,user228@gmail.com,4,1-2,sell
3734,user229@gmail.com,1,6+,sell
3735,user230@gmail.com,2,none,recycle
3736,user231@gmail.com,1,none,recycle
3737,user232@gmail.com,4,6+,store
3738,user233@gmail.com,3,none,sell
3739,user234@gmail.com,1,6+,recycle
3740,user235@gmail.com,4,1-2,trash
3741,user236@gmail.com,4,none,sell
3742,user237@gmail.com,1,3-5,sell
3743,user238@gmail.com,1,3-5,sell
3744,user239@gmail.com,0,6+,recycle
3745,user240@gmail.com,0,6+,trash
3746,user241@gmail.com,4,1-2,recycle
3747,user242@gmail.com,4,6+,recycle
3748,user243@gmail.com,3,3-5,sell
3749,user244@gmail.com,3,none,recycle
3750,user245@gmail.com,1,1-2,trash
3751,user246@gmail.com,4,3-5,store
3752,user247@gmail.com,0,3-5,trash
3753,user248@gmail.com,3,3-5,store
3754,user249@gmail.com,4,6+,recycle
3755,user250@gmail.com,1,3-5,trash
3756,user251@gmail.com,0,6+,sell
3757,user252@gmail.com,3,none,store
3758,user253@gmail.com,4,3-5,store
3759,user254@gmail.com,1,none,trash
3760,user255@gmail.com,1,none,sell
3761,user256@gmail.com,3,3-5,recycle
3762,user257@gmail.com,2,3-5,recycle
3763,user258@gmail.com,1,3-5,trash
3764,user259@gmail.com,1,1-2,trash
3765,user260@gmail.com,2,1-2,sell
3766,user261@gmail.com,3,6+,store
3767,user262@gmail.com,0,3-5,trash
3768,user263@gmail.com,1,1-2,store
3769,user264@gmail.com,1,6+,sell
3770,user265@gmail.com,1,none,trash
3771,user266@gmail.com,0,3-5,trash
3772,user267@gmail.com,3,6+,store
3773,user268@gmail.com,1,3-5,trash
3774,user269@gmail.com,4,3-5,store
3775,user270@gmail.com,0,6+,trash
3776,user271@gmail.com,3,3-5,trash
3777,user272@gmail.com,4,3-5,sell
3778,user273@gmail.com,1,none,store
3779,user274@gmail.com,4,none,store
3780,user275@gmail.com,3,1-2,recycle
3781,user276@gmail.com,3,1-2,store
3782,user277@gmail.com,0,1-2,recycle
3783,user278@gmail.com,4,none,recycle
3784,user279@gmail.com,0,3-5,store
3785,user280@gmail.com,2,3-5,trash
3786,user281@gmail.com,4,1-2,sell
3787,user282@gmail.com,3,3-5,recycle
3788,user283@gmail.com,0,6+,sell
3789,user284@gmail.com,3,6+,store
3790,user285@gmail.com,4,3-5,trash
3791,user286@gmail.com,2,1-2,trash
3792,user287@gmail.com,4,3-5,recycle
3793,user288@gmail.com,2,3-5,trash
3794,user289@gmail.com,3,3-5,recycle
3795,user290@gmail.com,0,3-5,store
3796,user291@gmail.com,1,none,store
3797,user292@gmail.com,3,1-2,store
3798,user293@gmail.com,2,6+,trash
3799,user294@gmail.com,0,1-2,trash
3800,user295@gmail.com,1,1-2,recycle
3801,user296@gmail.com,2,none,recycle
3802,user297@gmail.com,3,6+,trash
3803,user298@gmail.com,1,none,trash
3804,user299@gmail.com,3,3-5,store
3805,user300@gmail.com,3,3-5,recycle
3806,user301@gmail.com,1,none,sell
3807,user302@gmail.com,4,1-2,trash
3808,user303@gmail.com,4,none,recycle
3809,user304@gmail.com,1,6+,trash
3810,user305@gmail.com,3,1-2,recycle
3811,user306@gmail.com,3,3-5,trash
3812,user307@gmail.com,3,1-2,trash
3813,user308@gmail.com,0,6+,store
3814,user309@gmail.com,0,1-2,store
3815,user310@gmail.com,4,3-5,recycle
3816,user311@gmail.com,1,none,sell
3817,user312@gmail.com,4,3-5,sell
3818,user313@gmail.com,3,3-5,store
3819,user314@gmail.com,0,6+,store
3820,user315@gmail.com,1,none,recycle
3821,user316@gmail.com,3,1-2,store
3822,user317@gmail.com,4,1-2,store
3823,user318@gmail.com,3,none,store
3824,user319@gmail.com,0,1-2,trash
3825,user320@gmail.com,1,1-2,trash
3826,user321@gmail.com,2,3-5,sell
3827,user322@gmail.com,2,1-2,trash
3828,user323@gmail.com,3,1-2,trash
3829,user324@gmail.com,1,none,trash
3830,user325@gmail.com,3,3-5,sell
3831,user326@gmail.com,1,1-2,sell
3832,user327@gmail.com,0,6+,sell
3833,user328@gmail.com,2,6+,sell
3834,user329@gmail.com,3,6+,store
3835,user330@gmail.com,4,6+,sell
3836,user331@gmail.com,2,6+,recycle
3837,user332@gmail.com,3,none,trash
3838,user333@gmail.com,2,none,recycle
3839,user334@gmail.com,2,none,store
3840,user335@gmail.com,3,none,sell
3841,user336@gmail.com,0,1-2,store
3842,user337@gmail.com,2,1-2,sell
3843,user338@gmail.com,3,none,sell
3844,user339@gmail.com,4,none,trash
3845,user340@gmail.com,3,3-5,recycle
3846,user341@gmail.com,2,6+,recycle
3847,user342@gmail.com,4,6+,store
3848,user343@gmail.com,0,none,trash
3849,user344@gmail.com,2,6+,trash
3850,user345@gmail.com,0,1-2,trash
3851,user346@gmail.com,4,3-5,recycle
3852,user347@gmail.com,2,6+,sell
3853,user348@gmail.com,3,6+,sell
3854,user349@gmail.com,3,none,trash
3855,user350@gmail.com,4,none,sell
3856,user351@gmail.com,4,3-5,trash
3857,user352@gmail.com,2,6+,sell
3858,user353@gmail.com,1,1-2,recycle
3859,user354@gmail.com,0,6+,recycle
3860,user355@gmail.com,0,none,store
3861,user356@gmail.com,0,6+,sell
3862,user357@gmail.com,0,1-2,store
3863,user358@gmail.com,1,6+,store
3864,user359@gmail.com,1,3-5,store
3865,user360@gmail.com,1,1-2,recycle
3866,user361@gmail.com,3,3-5,trash
3867,user362@gmail.com,0,3-5,recycle
3868,user363@gmail.com,1,6+,trash
3869,user364@gmail.com,4,none,recycle
3870,user365@gmail.com,0,3-5,recycle
3871,user366@gmail.com,1,1-2,recycle
3872,user367@gmail.com,2,6+,sell
3873,user368@gmail.com,4,none,recycle
3874,user369@gmail.com,1,6+,recycle
3875,user370@gmail.com,4,none,trash
3876,user371@gmail.com,0,6+,trash
3877,user372@gmail.com,1,none,sell
3878,user373@gmail.com,2,none,recycle
3879,user374@gmail.com,1,3-5,trash
3880,user375@gmail.com,1,6+,sell
3881,user376@gmail.com,3,6+,store
3882,user377@gmail.com,1,1-2,sell
3883,user378@gmail.com,2,1-2,recycle
3884,user379@gmail.com,3,none,store
3885,user380@gmail.com,4,none,sell
3886,user381@gmail.com,1,none,sell
3887,user382@gmail.com,1,6+,sell
3888,user383@gmail.com,1,1-2,trash
3889,user384@gmail.com,1,6+,recycle
3890,user385@gmail.com,3,6+,recycle
3891,user386@gmail.com,4,6+,sell
3892,user387@gmail.com,1,1-2,trash
3893,user388@gmail.com,2,none,recycle
3894,user389@gmail.com,4,6+,sell
3895,user390@gmail.com,1,6+,trash
3896,user391@gmail.com,3,6+,store
3897,user392@gmail.com,2,none,sell
3898,user393@gmail.com,2,3-5,sell
3899,user394@gmail.com,0,3-5,store
3900,user395@gmail.com,3,3-5,store
3901,user396@gmail.com,1,3-5,store
3902,user397@gmail.com,4,none,trash
3903,user398@gmail.com,2,1-2,recycle
3904,user399@gmail.com,3,6+,sell
3905,user400@gmail.com,0,1-2,sell
3906,user401@gmail.com,2,3-5,sell
3907,user402@gmail.com,4,none,sell
3908,user403@gmail.com,1,none,trash
3909,user404@gmail.com,2,none,trash
3910,user405@gmail.com,2,none,store
3911,user406@gmail.com,0,none,store
3912,user407@gmail.com,4,6+,recycle
3913,user408@gmail.com,1,3-5,recycle
3914,user409@gmail.com,1,6+,sell
3915,user410@gmail.com,3,6+,trash
3916,user411@gmail.com,0,3-5,sell
3917,user412@gmail.com,1,1-2,trash
3918,user413@gmail.com,4,6+,recycle
3919,user414@gmail.com,0,3-5,store
3920,user415@gmail.com,2,3-5,sell
3921,user416@gmail.com,3,none,sell
3922,user417@gmail.com,3,1-2,store
3923,user418@gmail.com,3,none,recycle
3924,user419@gmail.com,0,3-5,trash
3925,user420@gmail.com,4,6+,store
3926,user421@gmail.com,4,6+,trash
3927,user422@gmail.com,3,1-2,store
3928,user423@gmail.com,1,none,recycle
3929,user424@gmail.com,4,none,trash
3930,user425@gmail.com,0,none,store
3931,user426@gmail.com,3,1-2,sell
3932,user427@gmail.com,2,3-5,store
3933,user428@gmail.com,2,none,sell
3934,user429@gmail.com,4,6+,store
3935,user430@gmail.com,1,none,store
3936,user431@gmail.com,4,6+,trash
3937,user432@gmail.com,1,6+,store
3938,user433@gmail.com,2,1-2,trash
3939,user434@gmail.com,2,none,trash
3940,user435@gmail.com,0,6+,sell
3941,user436@gmail.com,3,6+,recycle
3942,user437@gmail.com,4,6+,sell
3943,user438@gmail.com,3,3-5,trash
3944,user439@gmail.com,2,6+,sell
3945,user440@gmail.com,1,none,sell
3946,user441@gmail.com,2,6+,sell
3947,user442@gmail.com,1,6+,trash
3948,user443@gmail.com,0,1-2,store
3949,user444@gmail.com,3,6+,trash
3950,user445@gmail.com,4,6+,trash
3951,user446@gmail.com,4,3-5,store
3952,user447@gmail.com,3,1-2,trash
3953,user448@gmail.com,0,none,recycle
3954,user449@gmail.com,1,1-2,store
3955,user450@gmail.com,4,6+,store
3956,user451@gmail.com,3,1-2,recycle
3957,user452@gmail.com,2,3-5,recycle
3958,user453@gmail.com,1,6+,store
3959,user454@gmail.com,3,3-5,recycle
3960,user455@gmail.com,0,6+,trash
3961,user456@gmail.com,0,3-5,store
3962,user457@gmail.com,1,none,store
3963,user458@gmail.com,3,1-2,store
3964,user459@gmail.com,0,6+,trash
3965,user460@gmail.com,2,1-2,recycle
3966,user461@gmail.com,4,1-2,store
3967,user462@gmail.com,4,none,store
3968,user463@gmail.com,2,6+,trash
3969,user464@gmail.com,0,3-5,trash
3970,user465@gmail.com,0,6+,trash
3971,user466@gmail.com,1,3-5,trash
3972,user467@gmail.com,1,none,store
3973,user468@gmail.com,0,6+,sell
3974,user469@gmail.com,3,6+,store
3975,user470@gmail.com,0,3-5,trash
3976,user471@gmail.com,3,1-2,store
3977,user472@gmail.com,1,6+,store
3978,user473@gmail.com,1,1-2,trash
3979,user474@gmail.com,2,none,recycle
3980,user475@gmail.com,4,none,sell
3981,user476@gmail.com,0,1-2,sell
3982,user477@gmail.com,0,3-5,trash
3983,user478@gmail.com,3,1-2,trash
3984,user479@gmail.com,3,6+,trash
3985,user480@gmail.com,2,none,recycle
3986,user481@gmail.com,0,none,sell
3987,user482@gmail.com,3,6+,sell
3988,user483@gmail.com,1,6+,recycle
3989,user484@gmail.com,2,1-2,trash
3990,user485@gmail.com,3,1-2,store
3991,user486@gmail.com,0,none,recycle
3992,user487@gmail.com,4,3-5,recycle
3993,user488@gmail.com,4,6+,sell
3994,user489@gmail.com,2,1-2,trash
3995,user490@gmail.com,3,3-5,recycle
3996,user491@gmail.com,4,6+,recycle
3997,user492@gmail.com,1,6+,sell
3998,user493@gmail.com,1,3-5,recycle
3999,user494@gmail.com,1,3-5,sell
4000,user495@gmail.com,3,1-2,store
4001,user496@gmail.com,4,6+,sell
4002,user497@gmail.com,2,6+,trash
4003,user498@gmail.com,4,3-5,trash
4004,user499@gmail.com,1,1-2,recycle
4005,user500@gmail.com,3,6+,recycle
4006,user1@gmail.com,12,none,recycle
