id,user_email,family_size,house_type,resident_name,house_no,apartment_name,flat_no,street,landmark,ward_number,local_body,district,pincode,milk_packets,deliveries,oil_type,bottles,segregation,hks_frequency,receipt
1,ckshanima2005@gmail.com,2-3,Apartment,asdfghjkl,123456,,,dfghjk,jklkjhgghjkl,12,asdfghjk,Palakkad,123456,2,10,Plastic packet,1-3,Always,Every 2-3 months,No
2,ckshanima2005@gmail.com,2-3,Small house,asdfghjkl,123456,,,dfghjk,jklkjhgghjkl,12,asdfghjk,Kannur,123456,2,10,Plastic packet,1-3,Always,Every month,Yes
3,ckshanima2005@gmail.com,2-3,Small house,Shanima,123456,,,ernakulam,cusat,34,kalamassery,Ernakulam,680021,2,14,Plastic bottle,1-3,Always,Every month,Yes
4,ckshanima2005@gmail.com,2-3,Small house,Shanima,123456,,,ernakulam,cusat,34,kalamassery,Ernakulam,680021,2,14,Plastic bottle,1-3,Always,Every month,Yes
5,ckshanima2005@gmail.com,2-3,Small house,Shanima,123456,,,ernakulam,cusat,34,kalamassery,Ernakulam,680021,2,14,Plastic bottle,4-7,Always,Every month,Yes
6,ckshanima2005@gmail.com,2-3,Small house,Shanima,123456,,,ernakulam,cusat,34,kalamassery,Ernakulam,680021,2,14,Plastic bottle,4-7,Always,Every month,Yes
7,ckshanima2005@gmail.com,2-3,Small house,Shanima,123456,,,ernakulam,cusat,34,kalamassery,Ernakulam,680021,2,14,Plastic bottle,4-7,Always,Every month,Yes
8,ckshanima2005@gmail.com,2-3,Small house,Shanima,123456,,,ernakulam,cusat,34,kalamassery,Ernakulam,680021,2,14,Plastic bottle,4-7,Always,Every month,Yes
9,ckshanima2005@gmail.com,2-3,Small house,Shanima,123456,,,ernakulam,cusat,34,kalamassery,Ernakulam,680021,2,14,Plastic bottle,4-7,Always,Every 2-3 months,Yes
10,ckshanima2005@gmail.com,2-3,Small house,Shanima,123456,,,ernakulam,cusat,34,kalamassery,Ernakulam,680021,2,14,Plastic bottle,4-7,Always,Every month,Yes
11,ckshanima2005@gmail.com,2-3,Small house,Shanima,123456,,,ernakulam,cusat,34,kalamassery,Ernakulam,680021,2,14,Plastic bottle,1-3,Always,Every month,Yes
12,ckshanima2005@gmail.com,2-3,Small house,Shanima,123456,,,ernakulam,cusat,34,kalamassery,Ernakulam,680021,2,14,Plastic bottle,1-3,Always,Every month,Yes
13,ckshanima2005@gmail.com,2-3,Small house,Shanima,123456,,,ernakulam,cusat,34,kalamassery,Ernakulam,680021,2,14,Plastic bottle,4-7,Always,Every month,Yes
14,user1@gmail.com,2-3,Apartment,Resident_1,243/1,,,Main Road,Near School,Ward 20,Municipality,Kollam,670983,2,19,Plastic bottle,None,Never,Every 2-3 months,Yes
15,user2@gmail.com,2-3,Large house,Resident_2,77/2,,,Main Road,Near School,Ward 9,Municipality,Kottayam,687603,1,19,Plastic bottle,None,Sometimes,Every 2-3 months,No
16,user3@gmail.com,4-5,Small house,Resident_3,6/12,,,Main Road,Near School,Ward 5,Municipality,Malappuram,670116,4,17,Plastic packet,4-7,Always,Every month,Yes
17,user4@gmail.com,4-5,Large house,Resident_4,87/14,,,Main Road,Near School,Ward 8,Municipality,Malappuram,686368,4,7,Loose / refill,None,Never,Every 2-3 months,No
18,user5@gmail.com,4-5,Large house,Resident_5,313/19,,,Main Road,Near School,Ward 6,Municipality,Kannur,676781,4,9,Plastic bottle,7+,Never,Every 2-3 months,Yes
19,user6@gmail.com,2-3,Apartment,Resident_6,402/3,,,Main Road,Near School,Ward 11,Municipality,Pathanamthitta,671605,1,5,Plastic packet,None,Always,Every 2-3 months,Yes
20,user7@gmail.com,2-3,Apartment,Resident_7,266/15,,,Main Road,Near School,Ward 7,Municipality,Kasaragod,684542,2,16,Loose / refill,7+,Sometimes,Never,No
21,user8@gmail.com,2-3,Large house,Resident_8,351/8,,,Main Road,Near School,Ward 14,Municipality,Thrissur,677125,3,2,Plastic bottle,None,Sometimes,Never,Yes
22,user9@gmail.com,4-5,Apartment,Resident_9,51/19,,,Main Road,Near School,Ward 1,Municipality,Idukki,682703,3,18,Plastic packet,1-3,Sometimes,Every month,No
23,user10@gmail.com,1,Large house,Resident_10,425/19,,,Main Road,Near School,Ward 19,Municipality,Idukki,677209,0,12,Loose / refill,None,Always,Every month,No
24,user11@gmail.com,6+,Apartment,Resident_11,235/14,,,Main Road,Near School,Ward 10,Municipality,Kollam,676786,6,9,Plastic packet,7+,Never,Never,No
25,user12@gmail.com,4-5,Large house,Resident_12,344/2,,,Main Road,Near School,Ward 9,Municipality,Wayanad,682889,3,9,Plastic packet,1-3,Never,Never,Yes
26,user13@gmail.com,2-3,Apartment,Resident_13,66/14,,,Main Road,Near School,Ward 2,Municipality,Kottayam,673434,3,20,Plastic packet,None,Sometimes,Rarely,Yes
27,user14@gmail.com,4-5,Large house,Resident_14,489/19,,,Main Road,Near School,Ward 17,Municipality,Pathanamthitta,678839,3,19,Plastic bottle,None,Sometimes,Every month,No
28,user15@gmail.com,4-5,Large house,Resident_15,252/11,,,Main Road,Near School,Ward 15,Municipality,Thiruvananthapuram,670401,3,8,Plastic packet,7+,Sometimes,Never,No
29,user16@gmail.com,4-5,Large house,Resident_16,234/5,,,Main Road,Near School,Ward 12,Municipality,Kozhikode,684891,4,18,Loose / refill,1-3,Sometimes,Every month,Yes
30,user17@gmail.com,2-3,Large house,Resident_17,14/4,,,Main Road,Near School,Ward 8,Municipality,Alappuzha,688508,1,2,Plastic packet,4-7,Sometimes,Every month,Yes
31,user18@gmail.com,2-3,Small house,Resident_18,458/6,,,Main Road,Near School,Ward 14,Municipality,Malappuram,689286,3,6,Plastic bottle,4-7,Sometimes,Every 2-3 months,Yes
32,user19@gmail.com,2-3,Large house,Resident_19,276/6,,,Main Road,Near School,Ward 19,Municipality,Wayanad,688964,1,17,Plastic bottle,4-7,Sometimes,Rarely,Yes
33,user20@gmail.com,4-5,Small house,Resident_20,350/18,,,Main Road,Near School,Ward 25,Municipality,Ernakulam,672202,4,3,Plastic bottle,1-3,Always,Every month,No
34,user21@gmail.com,1,Small house,Resident_21,326/4,,,Main Road,Near School,Ward 10,Municipality,Alappuzha,681567,0,12,Plastic packet,1-3,Always,Every month,Yes
35,user22@gmail.com,2-3,Apartment,Resident_22,19/5,,,Main Road,Near School,Ward 19,Municipality,Idukki,671607,2,12,Plastic packet,None,Always,Rarely,No
36,user23@gmail.com,2-3,Small house,Resident_23,166/11,,,Main Road,Near School,Ward 18,Municipality,Wayanad,678822,2,8,Loose / refill,None,Never,Every month,Yes
37,user24@gmail.com,2-3,Large house,Resident_24,283/10,,,Main Road,Near School,Ward 16,Municipality,Idukki,677245,2,15,Loose / refill,4-7,Never,Every 2-3 months,No
38,user25@gmail.com,4-5,Apartment,Resident_25,233/16,,,Main Road,Near School,Ward 6,Municipality,Malappuram,683309,4,13,Plastic bottle,4-7,Always,Rarely,No
39,user26@gmail.com,2-3,Apartment,Resident_26,394/7,,,Main Road,Near School,Ward 17,Municipality,Kozhikode,676971,2,8,Plastic packet,7+,Never,Every month,No
40,user27@gmail.com,4-5,Apartment,Resident_27,319/6,,,Main Road,Near School,Ward 20,Municipality,Ernakulam,671746,4,6,Plastic packet,7+,Sometimes,Every month,Yes
41,user28@gmail.com,1,Small house,Resident_28,390/9,,,Main Road,Near School,Ward 12,Municipality,Kollam,675168,1,16,Loose / refill,None,Always,Every month,No
42,user29@gmail.com,6+,Small house,Resident_29,13/3,,,Main Road,Near School,Ward 17,Municipality,Kottayam,678131,3,8,Plastic packet,7+,Always,Never,No
43,user30@gmail.com,6+,Small house,Resident_30,61/7,,,Main Road,Near School,Ward 8,Municipality,Malappuram,673119,5,2,Loose / refill,1-3,Sometimes,Never,No
44,user31@gmail.com,2-3,Large house,Resident_31,75/8,,,Main Road,Near School,Ward 18,Municipality,Kozhikode,682545,2,2,Plastic packet,None,Never,Every 2-3 months,Yes
45,user32@gmail.com,2-3,Apartment,Resident_32,434/17,,,Main Road,Near School,Ward 19,Municipality,Idukki,680999,3,18,Plastic bottle,4-7,Never,Never,Yes
46,user33@gmail.com,4-5,Large house,Resident_33,440/6,,,Main Road,Near School,Ward 17,Municipality,Kasaragod,672007,4,19,Plastic bottle,1-3,Never,Every 2-3 months,Yes
47,user34@gmail.com,4-5,Small house,Resident_34,40/10,,,Main Road,Near School,Ward 1,Municipality,Kasaragod,679870,3,8,Loose / refill,1-3,Never,Every 2-3 months,Yes
48,user35@gmail.com,2-3,Apartment,Resident_35,19/8,,,Main Road,Near School,Ward 21,Municipality,Thiruvananthapuram,681917,2,11,Plastic packet,4-7,Never,Every 2-3 months,No
49,user36@gmail.com,1,Apartment,Resident_36,419/12,,,Main Road,Near School,Ward 23,Municipality,Thiruvananthapuram,670645,1,6,Loose / refill,None,Always,Never,Yes
50,user37@gmail.com,4-5,Large house,Resident_37,212/19,,,Main Road,Near School,Ward 21,Municipality,Kannur,688939,2,18,Loose / refill,4-7,Never,Every 2-3 months,No
51,user38@gmail.com,4-5,Small house,Resident_38,186/5,,,Main Road,Near School,Ward 12,Municipality,Alappuzha,684688,2,20,Plastic bottle,4-7,Sometimes,Never,No
52,user39@gmail.com,6+,Small house,Resident_39,358/1,,,Main Road,Near School,Ward 1,Municipality,Palakkad,675525,4,8,Plastic packet,4-7,Always,Every month,No
53,user40@gmail.com,2-3,Apartment,Resident_40,222/4,,,Main Road,Near School,Ward 3,Municipality,Idukki,683477,1,16,Plastic bottle,7+,Always,Every 2-3 months,Yes
54,user41@gmail.com,2-3,Large house,Resident_41,421/19,,,Main Road,Near School,Ward 1,Municipality,Kozhikode,684664,2,19,Loose / refill,4-7,Sometimes,Every 2-3 months,No
55,user42@gmail.com,4-5,Large house,Resident_42,214/7,,,Main Road,Near School,Ward 24,Municipality,Malappuram,684786,4,10,Plastic bottle,4-7,Always,Every 2-3 months,Yes
56,user43@gmail.com,1,Apartment,Resident_43,342/4,,,Main Road,Near School,Ward 23,Municipality,Thrissur,688340,1,20,Plastic packet,None,Sometimes,Every month,Yes
57,user44@gmail.com,2-3,Small house,Resident_44,158/12,,,Main Road,Near School,Ward 18,Municipality,Thrissur,682549,3,13,Plastic bottle,1-3,Always,Every month,No
58,user45@gmail.com,2-3,Apartment,Resident_45,466/1,,,Main Road,Near School,Ward 9,Municipality,Thiruvananthapuram,686606,3,15,Plastic packet,None,Never,Rarely,Yes
59,user46@gmail.com,2-3,Apartment,Resident_46,312/8,,,Main Road,Near School,Ward 16,Municipality,Malappuram,681227,1,3,Loose / refill,None,Sometimes,Never,No
60,user47@gmail.com,2-3,Large house,Resident_47,262/8,,,Main Road,Near School,Ward 3,Municipality,Idukki,672825,3,17,Plastic packet,4-7,Always,Every month,No
61,user48@gmail.com,2-3,Apartment,Resident_48,141/1,,,Main Road,Near School,Ward 19,Municipality,Kozhikode,677716,2,10,Loose / refill,None,Never,Rarely,No
62,user49@gmail.com,2-3,Small house,Resident_49,51/17,,,Main Road,Near School,Ward 22,Municipality,Pathanamthitta,684089,1,3,Plastic packet,4-7,Sometimes,Every month,Yes
63,user50@gmail.com,6+,Large house,Resident_50,197/14,,,Main Road,Near School,Ward 6,Municipality,Kasaragod,672035,6,16,Plastic bottle,1-3,Always,Every month,No
64,user51@gmail.com,4-5,Apartment,Resident_51,450/7,,,Main Road,Near School,Ward 7,Municipality,Palakkad,688036,3,2,Loose / refill,1-3,Sometimes,Rarely,Yes
65,user52@gmail.com,4-5,Apartment,Resident_52,248/18,,,Main Road,Near School,Ward 16,Municipality,Malappuram,676043,2,18,Plastic packet,7+,Sometimes,Every 2-3 months,No
66,user53@gmail.com,4-5,Apartment,Resident_53,487/17,,,Main Road,Near School,Ward 9,Municipality,Thiruvananthapuram,685314,2,16,Loose / refill,None,Always,Rarely,No
67,user54@gmail.com,1,Apartment,Resident_54,293/20,,,Main Road,Near School,Ward 19,Municipality,Malappuram,678344,0,18,Plastic packet,7+,Never,Rarely,No
68,user55@gmail.com,2-3,Large house,Resident_55,296/17,,,Main Road,Near School,Ward 10,Municipality,Thrissur,683361,3,2,Loose / refill,4-7,Never,Every 2-3 months,No
69,user56@gmail.com,4-5,Apartment,Resident_56,287/16,,,Main Road,Near School,Ward 16,Municipality,Kollam,674548,4,12,Plastic packet,4-7,Always,Every month,Yes
70,user57@gmail.com,6+,Small house,Resident_57,122/12,,,Main Road,Near School,Ward 4,Municipality,Palakkad,680126,5,6,Plastic packet,7+,Never,Rarely,Yes
71,user58@gmail.com,2-3,Apartment,Resident_58,241/9,,,Main Road,Near School,Ward 2,Municipality,Thrissur,683711,3,10,Plastic packet,1-3,Always,Every month,No
72,user59@gmail.com,4-5,Small house,Resident_59,328/14,,,Main Road,Near School,Ward 5,Municipality,Ernakulam,676511,2,8,Loose / refill,None,Sometimes,Never,Yes
73,user60@gmail.com,6+,Small house,Resident_60,418/8,,,Main Road,Near School,Ward 22,Municipality,Alappuzha,678832,4,18,Loose / refill,1-3,Sometimes,Rarely,No
74,user61@gmail.com,4-5,Large house,Resident_61,480/19,,,Main Road,Near School,Ward 1,Municipality,Kannur,681096,3,6,Loose / refill,7+,Never,Rarely,No
75,user62@gmail.com,2-3,Small house,Resident_62,222/6,,,Main Road,Near School,Ward 16,Municipality,Thrissur,671012,2,13,Loose / refill,4-7,Never,Rarely,Yes
76,user63@gmail.com,6+,Small house,Resident_63,329/5,,,Main Road,Near School,Ward 3,Municipality,Wayanad,680943,4,6,Loose / refill,None,Always,Every month,No
77,user64@gmail.com,2-3,Apartment,Resident_64,24/9,,,Main Road,Near School,Ward 8,Municipality,Kottayam,689534,1,15,Plastic packet,4-7,Sometimes,Every 2-3 months,No
78,user65@gmail.com,2-3,Large house,Resident_65,372/7,,,Main Road,Near School,Ward 19,Municipality,Ernakulam,675417,3,11,Plastic bottle,None,Never,Every month,Yes
79,user66@gmail.com,1,Apartment,Resident_66,433/20,,,Main Road,Near School,Ward 17,Municipality,Thrissur,678633,0,16,Plastic packet,7+,Always,Every month,No
80,user67@gmail.com,6+,Apartment,Resident_67,91/8,,,Main Road,Near School,Ward 5,Municipality,Pathanamthitta,677300,3,20,Plastic packet,1-3,Always,Every month,No
81,user68@gmail.com,2-3,Apartment,Resident_68,296/16,,,Main Road,Near School,Ward 6,Municipality,Palakkad,675392,1,11,Plastic bottle,4-7,Always,Every 2-3 months,Yes
82,user69@gmail.com,6+,Apartment,Resident_69,9/20,,,Main Road,Near School,Ward 4,Municipality,Thiruvananthapuram,674045,5,13,Plastic packet,1-3,Always,Rarely,No
83,user70@gmail.com,6+,Apartment,Resident_70,245/9,,,Main Road,Near School,Ward 5,Municipality,Kozhikode,672368,5,5,Plastic bottle,1-3,Always,Never,No
84,user71@gmail.com,2-3,Small house,Resident_71,217/10,,,Main Road,Near School,Ward 1,Municipality,Palakkad,680274,1,7,Plastic bottle,4-7,Sometimes,Never,No
85,user72@gmail.com,4-5,Small house,Resident_72,139/4,,,Main Road,Near School,Ward 18,Municipality,Kannur,678572,3,16,Plastic bottle,4-7,Always,Never,Yes
86,user73@gmail.com,4-5,Apartment,Resident_73,308/16,,,Main Road,Near School,Ward 7,Municipality,Palakkad,671885,3,18,Plastic packet,7+,Sometimes,Every month,Yes
87,user74@gmail.com,4-5,Apartment,Resident_74,498/10,,,Main Road,Near School,Ward 18,Municipality,Kollam,678209,2,2,Plastic packet,4-7,Never,Never,Yes
88,user75@gmail.com,1,Small house,Resident_75,309/6,,,Main Road,Near School,Ward 24,Municipality,Palakkad,674593,1,20,Plastic packet,1-3,Never,Never,No
89,user76@gmail.com,2-3,Apartment,Resident_76,209/5,,,Main Road,Near School,Ward 4,Municipality,Alappuzha,680562,3,12,Loose / refill,1-3,Sometimes,Every 2-3 months,No
90,user77@gmail.com,4-5,Small house,Resident_77,41/19,,,Main Road,Near School,Ward 14,Municipality,Kottayam,670428,2,5,Loose / refill,7+,Sometimes,Never,No
91,user78@gmail.com,6+,Apartment,Resident_78,135/18,,,Main Road,Near School,Ward 14,Municipality,Wayanad,683928,4,3,Plastic packet,7+,Sometimes,Rarely,No
92,user79@gmail.com,2-3,Small house,Resident_79,387/9,,,Main Road,Near School,Ward 19,Municipality,Alappuzha,671846,1,11,Plastic bottle,7+,Always,Every 2-3 months,No
93,user80@gmail.com,4-5,Apartment,Resident_80,56/11,,,Main Road,Near School,Ward 5,Municipality,Kollam,672191,3,13,Plastic bottle,4-7,Never,Every month,No
94,user81@gmail.com,4-5,Large house,Resident_81,98/10,,,Main Road,Near School,Ward 19,Municipality,Ernakulam,673605,4,7,Plastic packet,4-7,Never,Every month,Yes
95,user82@gmail.com,2-3,Apartment,Resident_82,219/5,,,Main Road,Near School,Ward 9,Municipality,Pathanamthitta,678567,2,14,Plastic bottle,None,Always,Rarely,Yes
96,user83@gmail.com,1,Small house,Resident_83,95/1,,,Main Road,Near School,Ward 13,Municipality,Idukki,684635,1,10,Plastic bottle,None,Sometimes,Every 2-3 months,No
97,user84@gmail.com,1,Large house,Resident_84,273/19,,,Main Road,Near School,Ward 2,Municipality,Thiruvananthapuram,681776,0,9,Plastic packet,4-7,Sometimes,Never,Yes
98,user85@gmail.com,2-3,Apartment,Resident_85,350/13,,,Main Road,Near School,Ward 15,Municipality,Wayanad,678519,2,16,Plastic bottle,7+,Sometimes,Every 2-3 months,Yes
99,user86@gmail.com,2-3,Apartment,Resident_86,430/3,,,Main Road,Near School,Ward 4,Municipality,Idukki,684955,2,12,Plastic packet,None,Never,Every month,Yes
100,user87@gmail.com,2-3,Apartment,Resident_87,224/16,,,Main Road,Near School,Ward 6,Municipality,Kottayam,685204,1,7,Plastic packet,4-7,Sometimes,Every 2-3 months,No
101,user88@gmail.com,2-3,Apartment,Resident_88,273/13,,,Main Road,Near School,Ward 5,Municipality,Kottayam,671568,2,14,Plastic bottle,7+,Sometimes,Rarely,No
102,user89@gmail.com,2-3,Large house,Resident_89,209/19,,,Main Road,Near School,Ward 22,Municipality,Kasaragod,685815,1,11,Plastic packet,1-3,Always,Every 2-3 months,No
103,user90@gmail.com,1,Apartment,Resident_90,452/16,,,Main Road,Near School,Ward 25,Municipality,Kannur,686503,1,4,Plastic bottle,7+,Never,Every month,Yes
104,user91@gmail.com,2-3,Apartment,Resident_91,51/5,,,Main Road,Near School,Ward 6,Municipality,Kasaragod,689862,2,19,Plastic bottle,None,Sometimes,Never,Yes
105,user92@gmail.com,4-5,Apartment,Resident_92,202/7,,,Main Road,Near School,Ward 16,Municipality,Thrissur,689135,2,4,Plastic packet,4-7,Sometimes,Never,Yes
106,user93@gmail.com,4-5,Small house,Resident_93,87/8,,,Main Road,Near School,Ward 10,Municipality,Malappuram,686135,2,14,Loose / refill,7+,Always,Rarely,No
107,user94@gmail.com,2-3,Small house,Resident_94,13/8,,,Main Road,Near School,Ward 22,Municipality,Thrissur,686142,3,9,Plastic packet,1-3,Always,Rarely,Yes
108,user95@gmail.com,4-5,Large house,Resident_95,54/4,,,Main Road,Near School,Ward 22,Municipality,Alappuzha,686459,4,5,Plastic bottle,7+,Always,Never,No
109,user96@gmail.com,2-3,Apartment,Resident_96,313/16,,,Main Road,Near School,Ward 12,Municipality,Alappuzha,683330,2,3,Plastic bottle,7+,Always,Rarely,Yes
110,user97@gmail.com,6+,Small house,Resident_97,60/17,,,Main Road,Near School,Ward 6,Municipality,Wayanad,682909,6,6,Loose / refill,None,Never,Every 2-3 months,No
111,user98@gmail.com,6+,Apartment,Resident_98,47/6,,,Main Road,Near School,Ward 5,Municipality,Kollam,674320,4,2,Loose / refill,4-7,Always,Rarely,Yes
112,user99@gmail.com,4-5,Small house,Resident_99,170/9,,,Main Road,Near School,Ward 14,Municipality,Pathanamthitta,686409,4,6,Plastic bottle,7+,Never,Rarely,Yes
113,user100@gmail.com,6+,Apartment,Resident_100,314/6,,,Main Road,Near School,Ward 14,Municipality,Wayanad,681308,4,6,Loose / refill,7+,Always,Every month,Yes
114,user101@gmail.com,4-5,Small house,Resident_101,193/7,,,Main Road,Near School,Ward 24,Municipality,Alappuzha,685021,4,11,Loose / refill,7+,Never,Never,No
115,user102@gmail.com,4-5,Small house,Resident_102,79/7,,,Main Road,Near School,Ward 22,Municipality,Kottayam,684846,4,5,Plastic packet,7+,Never,Never,Yes
116,user103@gmail.com,6+,Large house,Resident_103,159/7,,,Main Road,Near School,Ward 17,Municipality,Ernakulam,682613,5,14,Plastic packet,7+,Sometimes,Never,Yes
117,user104@gmail.com,2-3,Apartment,Resident_104,443/8,,,Main Road,Near School,Ward 16,Municipality,Wayanad,688273,1,4,Plastic packet,4-7,Sometimes,Never,No
118,user105@gmail.com,6+,Large house,Resident_105,156/20,,,Main Road,Near School,Ward 8,Municipality,Pathanamthitta,674151,5,5,Plastic bottle,1-3,Always,Every 2-3 months,No
119,user106@gmail.com,6+,Large house,Resident_106,99/15,,,Main Road,Near School,Ward 5,Municipality,Kottayam,682440,5,2,Loose / refill,1-3,Never,Every month,Yes
120,user107@gmail.com,4-5,Large house,Resident_107,444/1,,,Main Road,Near School,Ward 7,Municipality,Alappuzha,678424,3,10,Loose / refill,None,Sometimes,Rarely,No
121,user108@gmail.com,6+,Small house,Resident_108,358/15,,,Main Road,Near School,Ward 7,Municipality,Kollam,673972,6,2,Plastic bottle,1-3,Sometimes,Never,Yes
122,user109@gmail.com,2-3,Apartment,Resident_109,60/12,,,Main Road,Near School,Ward 19,Municipality,Kollam,675359,3,7,Plastic packet,4-7,Always,Never,Yes
123,user110@gmail.com,1,Apartment,Resident_110,417/8,,,Main Road,Near School,Ward 7,Municipality,Pathanamthitta,677643,1,18,Plastic bottle,1-3,Sometimes,Every month,Yes
124,user111@gmail.com,1,Small house,Resident_111,38/13,,,Main Road,Near School,Ward 17,Municipality,Kozhikode,671721,1,5,Loose / refill,None,Never,Never,Yes
125,user112@gmail.com,4-5,Small house,Resident_112,492/11,,,Main Road,Near School,Ward 8,Municipality,Alappuzha,688230,4,6,Loose / refill,None,Never,Rarely,Yes
126,user113@gmail.com,4-5,Large house,Resident_113,224/13,,,Main Road,Near School,Ward 13,Municipality,Kottayam,689781,3,19,Plastic bottle,7+,Always,Never,No
127,user114@gmail.com,2-3,Large house,Resident_114,139/19,,,Main Road,Near School,Ward 16,Municipality,Kozhikode,685713,2,12,Loose / refill,1-3,Never,Never,No
128,user115@gmail.com,1,Apartment,Resident_115,360/16,,,Main Road,Near School,Ward 24,Municipality,Palakkad,683705,1,10,Loose / refill,4-7,Sometimes,Rarely,No
129,user116@gmail.com,1,Apartment,Resident_116,409/1,,,Main Road,Near School,Ward 10,Municipality,Kannur,684384,1,13,Loose / refill,1-3,Sometimes,Every month,Yes
130,user117@gmail.com,4-5,Apartment,Resident_117,213/19,,,Main Road,Near School,Ward 17,Municipality,Ernakulam,688273,2,12,Plastic packet,7+,Always,Every 2-3 months,Yes
131,user118@gmail.com,1,Apartment,Resident_118,8/19,,,Main Road,Near School,Ward 10,Municipality,Kollam,675644,1,7,Plastic packet,1-3,Never,Rarely,Yes
132,user119@gmail.com,4-5,Apartment,Resident_119,113/8,,,Main Road,Near School,Ward 3,Municipality,Kottayam,678112,3,9,Plastic packet,1-3,Never,Rarely,No
133,user120@gmail.com,4-5,Small house,Resident_120,60/1,,,Main Road,Near School,Ward 21,Municipality,Kannur,676547,3,12,Plastic bottle,4-7,Never,Rarely,Yes
134,user121@gmail.com,4-5,Small house,Resident_121,407/15,,,Main Road,Near School,Ward 14,Municipality,Pathanamthitta,686024,3,10,Plastic packet,None,Always,Every 2-3 months,No
135,user122@gmail.com,4-5,Apartment,Resident_122,9/19,,,Main Road,Near School,Ward 22,Municipality,Kozhikode,689616,3,16,Loose / refill,7+,Sometimes,Every 2-3 months,Yes
136,user123@gmail.com,2-3,Apartment,Resident_123,116/6,,,Main Road,Near School,Ward 4,Municipality,Thrissur,689112,1,2,Loose / refill,4-7,Always,Rarely,No
137,user124@gmail.com,6+,Apartment,Resident_124,311/15,,,Main Road,Near School,Ward 8,Municipality,Kottayam,681617,3,6,Plastic packet,1-3,Always,Every 2-3 months,Yes
138,user125@gmail.com,4-5,Apartment,Resident_125,380/16,,,Main Road,Near School,Ward 22,Municipality,Kollam,686513,4,7,Plastic bottle,1-3,Always,Every 2-3 months,Yes
139,user126@gmail.com,4-5,Large house,Resident_126,72/8,,,Main Road,Near School,Ward 13,Municipality,Idukki,687596,3,19,Plastic bottle,7+,Always,Rarely,No
140,user127@gmail.com,6+,Small house,Resident_127,235/3,,,Main Road,Near School,Ward 1,Municipality,Thrissur,685683,6,10,Plastic packet,7+,Never,Every 2-3 months,Yes
141,user128@gmail.com,2-3,Apartment,Resident_128,94/2,,,Main Road,Near School,Ward 14,Municipality,Kollam,676646,2,7,Plastic packet,None,Always,Every month,Yes
142,user129@gmail.com,4-5,Small house,Resident_129,119/16,,,Main Road,Near School,Ward 14,Municipality,Wayanad,685754,2,9,Plastic bottle,None,Never,Every 2-3 months,No
143,user130@gmail.com,2-3,Small house,Resident_130,488/8,,,Main Road,Near School,Ward 14,Municipality,Alappuzha,682168,3,9,Plastic bottle,7+,Sometimes,Every 2-3 months,No
144,user131@gmail.com,2-3,Apartment,Resident_131,244/14,,,Main Road,Near School,Ward 11,Municipality,Malappuram,675859,2,4,Plastic bottle,1-3,Always,Never,No
145,user132@gmail.com,2-3,Large house,Resident_132,296/7,,,Main Road,Near School,Ward 10,Municipality,Thrissur,681811,1,13,Plastic packet,4-7,Never,Never,No
146,user133@gmail.com,4-5,Large house,Resident_133,330/5,,,Main Road,Near School,Ward 3,Municipality,Kannur,677946,3,10,Plastic bottle,1-3,Always,Every month,Yes
147,user134@gmail.com,4-5,Apartment,Resident_134,220/6,,,Main Road,Near School,Ward 5,Municipality,Kannur,677531,3,3,Loose / refill,4-7,Always,Every 2-3 months,No
148,user135@gmail.com,2-3,Apartment,Resident_135,271/17,,,Main Road,Near School,Ward 6,Municipality,Thiruvananthapuram,674410,1,6,Plastic packet,1-3,Sometimes,Every month,No
149,user136@gmail.com,2-3,Apartment,Resident_136,431/10,,,Main Road,Near School,Ward 19,Municipality,Idukki,675424,3,11,Plastic packet,4-7,Sometimes,Never,Yes
150,user137@gmail.com,1,Apartment,Resident_137,357/3,,,Main Road,Near School,Ward 21,Municipality,Pathanamthitta,688957,1,4,Plastic packet,7+,Sometimes,Never,Yes
151,user138@gmail.com,4-5,Large house,Resident_138,445/19,,,Main Road,Near School,Ward 19,Municipality,Kannur,673692,2,2,Plastic packet,4-7,Always,Rarely,No
152,user139@gmail.com,2-3,Apartment,Resident_139,149/12,,,Main Road,Near School,Ward 12,Municipality,Kozhikode,680497,1,15,Plastic bottle,None,Sometimes,Every 2-3 months,Yes
153,user140@gmail.com,2-3,Large house,Resident_140,289/5,,,Main Road,Near School,Ward 15,Municipality,Pathanamthitta,689113,1,20,Loose / refill,None,Sometimes,Every 2-3 months,Yes
154,user141@gmail.com,1,Small house,Resident_141,93/10,,,Main Road,Near School,Ward 11,Municipality,Wayanad,675593,0,8,Plastic bottle,4-7,Sometimes,Every 2-3 months,No
155,user142@gmail.com,1,Small house,Resident_142,433/20,,,Main Road,Near School,Ward 12,Municipality,Wayanad,681422,1,7,Loose / refill,None,Sometimes,Every month,Yes
156,user143@gmail.com,4-5,Small house,Resident_143,346/15,,,Main Road,Near School,Ward 5,Municipality,Pathanamthitta,673627,3,7,Plastic bottle,7+,Always,Rarely,No
157,user144@gmail.com,6+,Small house,Resident_144,435/8,,,Main Road,Near School,Ward 2,Municipality,Kozhikode,684379,5,16,Plastic bottle,1-3,Sometimes,Every month,Yes
158,user145@gmail.com,2-3,Small house,Resident_145,283/11,,,Main Road,Near School,Ward 10,Municipality,Malappuram,683451,2,5,Plastic packet,None,Never,Never,Yes
159,user146@gmail.com,2-3,Large house,Resident_146,480/18,,,Main Road,Near School,Ward 1,Municipality,Kozhikode,684104,1,16,Plastic packet,7+,Never,Never,Yes
160,user147@gmail.com,2-3,Apartment,Resident_147,295/10,,,Main Road,Near School,Ward 6,Municipality,Thrissur,687959,2,20,Plastic packet,1-3,Sometimes,Rarely,Yes
161,user148@gmail.com,2-3,Small house,Resident_148,249/5,,,Main Road,Near School,Ward 5,Municipality,Pathanamthitta,683420,1,11,Plastic packet,None,Sometimes,Every 2-3 months,Yes
162,user149@gmail.com,4-5,Large house,Resident_149,411/18,,,Main Road,Near School,Ward 20,Municipality,Pathanamthitta,686424,4,3,Plastic packet,None,Sometimes,Never,Yes
163,user150@gmail.com,4-5,Small house,Resident_150,74/15,,,Main Road,Near School,Ward 23,Municipality,Kottayam,688886,4,14,Loose / refill,4-7,Never,Every 2-3 months,No
164,user151@gmail.com,2-3,Small house,Resident_151,161/14,,,Main Road,Near School,Ward 9,Municipality,Kozhikode,689032,2,3,Plastic packet,None,Always,Every month,Yes
165,user152@gmail.com,1,Small house,Resident_152,89/7,,,Main Road,Near School,Ward 16,Municipality,Thiruvananthapuram,689270,1,2,Plastic bottle,None,Never,Every 2-3 months,No
166,user153@gmail.com,4-5,Small house,Resident_153,37/16,,,Main Road,Near School,Ward 16,Municipality,Thrissur,674939,2,5,Plastic packet,None,Always,Every month,Yes
167,user154@gmail.com,6+,Apartment,Resident_154,402/19,,,Main Road,Near School,Ward 22,Municipality,Pathanamthitta,672972,4,9,Plastic packet,7+,Sometimes,Never,No
168,user155@gmail.com,4-5,Small house,Resident_155,105/10,,,Main Road,Near School,Ward 21,Municipality,Kozhikode,685335,2,12,Plastic bottle,4-7,Always,Every 2-3 months,Yes
169,user156@gmail.com,4-5,Apartment,Resident_156,93/13,,,Main Road,Near School,Ward 13,Municipality,Wayanad,671239,2,11,Plastic bottle,7+,Never,Every 2-3 months,Yes
170,user157@gmail.com,2-3,Small house,Resident_157,419/5,,,Main Road,Near School,Ward 8,Municipality,Pathanamthitta,688638,1,18,Plastic bottle,1-3,Sometimes,Every month,Yes
171,user158@gmail.com,4-5,Large house,Resident_158,430/6,,,Main Road,Near School,Ward 6,Municipality,Malappuram,686366,3,6,Loose / refill,1-3,Sometimes,Every month,No
172,user159@gmail.com,2-3,Small house,Resident_159,121/13,,,Main Road,Near School,Ward 14,Municipality,Malappuram,682181,2,8,Plastic bottle,1-3,Always,Every 2-3 months,Yes
173,user160@gmail.com,6+,Apartment,Resident_160,200/13,,,Main Road,Near School,Ward 8,Municipality,Palakkad,677725,5,18,Loose / refill,1-3,Sometimes,Never,Yes
174,user161@gmail.com,2-3,Apartment,Resident_161,317/14,,,Main Road,Near School,Ward 2,Municipality,Kollam,670178,3,8,Plastic packet,7+,Always,Never,No
175,user162@gmail.com,4-5,Large house,Resident_162,197/11,,,Main Road,Near School,Ward 24,Municipality,Kottayam,689315,4,7,Plastic bottle,1-3,Sometimes,Rarely,No
176,user163@gmail.com,2-3,Apartment,Resident_163,324/9,,,Main Road,Near School,Ward 18,Municipality,Kottayam,689777,3,3,Plastic bottle,None,Never,Every month,No
177,user164@gmail.com,6+,Small house,Resident_164,168/5,,,Main Road,Near School,Ward 13,Municipality,Thiruvananthapuram,677373,3,17,Plastic packet,None,Sometimes,Never,No
178,user165@gmail.com,2-3,Small house,Resident_165,86/2,,,Main Road,Near School,Ward 10,Municipality,Kozhikode,680961,3,7,Plastic packet,None,Never,Never,Yes
179,user166@gmail.com,2-3,Small house,Resident_166,14/20,,,Main Road,Near School,Ward 23,Municipality,Malappuram,689109,2,13,Plastic bottle,4-7,Sometimes,Every month,No
180,user167@gmail.com,2-3,Apartment,Resident_167,102/13,,,Main Road,Near School,Ward 15,Municipality,Wayanad,685853,3,2,Plastic packet,4-7,Always,Rarely,Yes
181,user168@gmail.com,2-3,Small house,Resident_168,228/16,,,Main Road,Near School,Ward 18,Municipality,Alappuzha,676610,2,19,Plastic bottle,4-7,Sometimes,Every month,No
182,user169@gmail.com,6+,Small house,Resident_169,44/12,,,Main Road,Near School,Ward 13,Municipality,Wayanad,681024,5,10,Loose / refill,1-3,Never,Every 2-3 months,No
183,user170@gmail.com,1,Small house,Resident_170,351/10,,,Main Road,Near School,Ward 3,Municipality,Thiruvananthapuram,675859,1,19,Plastic packet,4-7,Always,Rarely,No
184,user171@gmail.com,2-3,Small house,Resident_171,357/20,,,Main Road,Near School,Ward 2,Municipality,Palakkad,684568,2,12,Plastic packet,4-7,Always,Rarely,Yes
185,user172@gmail.com,1,Apartment,Resident_172,434/5,,,Main Road,Near School,Ward 20,Municipality,Wayanad,687552,0,19,Loose / refill,None,Never,Never,No
186,user173@gmail.com,4-5,Small house,Resident_173,263/1,,,Main Road,Near School,Ward 19,Municipality,Alappuzha,685211,3,11,Plastic bottle,7+,Sometimes,Every month,Yes
187,user174@gmail.com,6+,Small house,Resident_174,253/11,,,Main Road,Near School,Ward 22,Municipality,Pathanamthitta,689577,5,15,Plastic packet,4-7,Always,Every month,Yes
188,user175@gmail.com,4-5,Small house,Resident_175,126/4,,,Main Road,Near School,Ward 1,Municipality,Malappuram,685419,3,9,Plastic packet,7+,Always,Rarely,No
189,user176@gmail.com,4-5,Apartment,Resident_176,381/18,,,Main Road,Near School,Ward 20,Municipality,Kasaragod,673375,4,3,Loose / refill,1-3,Always,Rarely,No
190,user177@gmail.com,2-3,Small house,Resident_177,223/11,,,Main Road,Near School,Ward 7,Municipality,Kannur,671277,3,2,Plastic packet,None,Always,Rarely,Yes
191,user178@gmail.com,6+,Apartment,Resident_178,62/17,,,Main Road,Near School,Ward 10,Municipality,Palakkad,670338,3,15,Loose / refill,None,Sometimes,Rarely,Yes
192,user179@gmail.com,4-5,Apartment,Resident_179,368/12,,,Main Road,Near School,Ward 9,Municipality,Kozhikode,688680,3,2,Plastic packet,None,Sometimes,Never,No
193,user180@gmail.com,2-3,Apartment,Resident_180,481/1,,,Main Road,Near School,Ward 16,Municipality,Malappuram,678264,3,13,Plastic bottle,7+,Never,Never,No
194,user181@gmail.com,4-5,Apartment,Resident_181,84/2,,,Main Road,Near School,Ward 4,Municipality,Kottayam,686690,3,7,Plastic bottle,4-7,Sometimes,Every 2-3 months,No
195,user182@gmail.com,2-3,Apartment,Resident_182,281/2,,,Main Road,Near School,Ward 19,Municipality,Kollam,674689,3,8,Plastic bottle,None,Sometimes,Never,No
196,user183@gmail.com,4-5,Apartment,Resident_183,488/16,,,Main Road,Near School,Ward 17,Municipality,Wayanad,676468,3,4,Loose / refill,1-3,Always,Never,Yes
197,user184@gmail.com,2-3,Small house,Resident_184,59/5,,,Main Road,Near School,Ward 22,Municipality,Idukki,675720,1,9,Plastic packet,1-3,Always,Every month,No
198,user185@gmail.com,4-5,Small house,Resident_185,1/3,,,Main Road,Near School,Ward 9,Municipality,Thiruvananthapuram,677322,3,12,Loose / refill,1-3,Never,Every month,Yes
199,user186@gmail.com,2-3,Large house,Resident_186,313/10,,,Main Road,Near School,Ward 7,Municipality,Idukki,678584,2,6,Plastic packet,7+,Sometimes,Rarely,No
200,user187@gmail.com,4-5,Apartment,Resident_187,486/12,,,Main Road,Near School,Ward 9,Municipality,Wayanad,683880,4,15,Loose / refill,4-7,Sometimes,Never,No
201,user188@gmail.com,6+,Small house,Resident_188,222/18,,,Main Road,Near School,Ward 19,Municipality,Kannur,683200,4,9,Loose / refill,None,Never,Every 2-3 months,No
202,user189@gmail.com,6+,Apartment,Resident_189,205/4,,,Main Road,Near School,Ward 3,Municipality,Idukki,670196,4,8,Plastic packet,4-7,Sometimes,Rarely,No
203,user190@gmail.com,4-5,Small house,Resident_190,156/19,,,Main Road,Near School,Ward 25,Municipality,Kasaragod,684404,4,18,Plastic packet,1-3,Never,Every 2-3 months,Yes
204,user191@gmail.com,4-5,Apartment,Resident_191,360/3,,,Main Road,Near School,Ward 23,Municipality,Idukki,673850,3,12,Plastic packet,7+,Never,Every 2-3 months,Yes
205,user192@gmail.com,2-3,Apartment,Resident_192,331/11,,,Main Road,Near School,Ward 11,Municipality,Kannur,675288,2,15,Loose / refill,1-3,Sometimes,Every month,No
206,user193@gmail.com,4-5,Small house,Resident_193,441/16,,,Main Road,Near School,Ward 12,Municipality,Palakkad,686189,2,19,Plastic packet,4-7,Always,Every month,No
207,user194@gmail.com,4-5,Apartment,Resident_194,66/4,,,Main Road,Near School,Ward 17,Municipality,Pathanamthitta,681016,2,9,Plastic bottle,4-7,Sometimes,Rarely,Yes
208,user195@gmail.com,4-5,Small house,Resident_195,109/4,,,Main Road,Near School,Ward 2,Municipality,Thiruvananthapuram,675089,2,12,Plastic packet,7+,Sometimes,Never,No
209,user196@gmail.com,4-5,Apartment,Resident_196,15/14,,,Main Road,Near School,Ward 23,Municipality,Ernakulam,682822,2,9,Plastic bottle,1-3,Always,Every month,No
210,user197@gmail.com,2-3,Large house,Resident_197,346/15,,,Main Road,Near School,Ward 9,Municipality,Kozhikode,672564,1,5,Plastic bottle,7+,Sometimes,Never,Yes
211,user198@gmail.com,4-5,Apartment,Resident_198,283/9,,,Main Road,Near School,Ward 18,Municipality,Ernakulam,689781,3,3,Plastic bottle,4-7,Never,Every month,Yes
212,user199@gmail.com,2-3,Small house,Resident_199,129/2,,,Main Road,Near School,Ward 16,Municipality,Malappuram,677516,1,19,Plastic bottle,7+,Never,Rarely,No
213,user200@gmail.com,1,Small house,Resident_200,488/20,,,Main Road,Near School,Ward 3,Municipality,Palakkad,670429,1,14,Plastic packet,7+,Always,Every 2-3 months,No
214,user201@gmail.com,6+,Apartment,Resident_201,84/8,,,Main Road,Near School,Ward 6,Municipality,Kottayam,686278,5,18,Loose / refill,1-3,Never,Every 2-3 months,Yes
215,user202@gmail.com,2-3,Small house,Resident_202,470/15,,,Main Road,Near School,Ward 9,Municipality,Kasaragod,678881,1,19,Plastic bottle,1-3,Never,Every 2-3 months,Yes
216,user203@gmail.com,6+,Large house,Resident_203,360/3,,,Main Road,Near School,Ward 6,Municipality,Pathanamthitta,677657,3,3,Loose / refill,None,Always,Every 2-3 months,Yes
217,user204@gmail.com,1,Large house,Resident_204,494/14,,,Main Road,Near School,Ward 18,Municipality,Palakkad,685662,1,14,Plastic bottle,1-3,Always,Rarely,Yes
218,user205@gmail.com,2-3,Large house,Resident_205,59/3,,,Main Road,Near School,Ward 17,Municipality,Kozhikode,682377,1,12,Plastic bottle,4-7,Sometimes,Never,No
219,user206@gmail.com,4-5,Small house,Resident_206,228/5,,,Main Road,Near School,Ward 6,Municipality,Thiruvananthapuram,670410,3,10,Loose / refill,4-7,Sometimes,Rarely,No
220,user207@gmail.com,2-3,Large house,Resident_207,6/19,,,Main Road,Near School,Ward 22,Municipality,Malappuram,681506,2,16,Loose / refill,7+,Never,Every month,Yes
221,user208@gmail.com,2-3,Small house,Resident_208,422/6,,,Main Road,Near School,Ward 6,Municipality,Ernakulam,682559,2,7,Loose / refill,7+,Never,Every 2-3 months,No
222,user209@gmail.com,2-3,Large house,Resident_209,439/5,,,Main Road,Near School,Ward 9,Municipality,Kannur,689592,1,20,Loose / refill,7+,Always,Every 2-3 months,No
223,user210@gmail.com,2-3,Large house,Resident_210,95/15,,,Main Road,Near School,Ward 20,Municipality,Thiruvananthapuram,679686,3,5,Loose / refill,None,Always,Every 2-3 months,Yes
224,user211@gmail.com,6+,Apartment,Resident_211,294/14,,,Main Road,Near School,Ward 7,Municipality,Thrissur,670043,5,10,Loose / refill,4-7,Sometimes,Never,No
225,user212@gmail.com,6+,Large house,Resident_212,20/19,,,Main Road,Near School,Ward 15,Municipality,Thrissur,670454,6,14,Plastic bottle,None,Never,Every month,No
226,user213@gmail.com,4-5,Large house,Resident_213,269/7,,,Main Road,Near School,Ward 10,Municipality,Thiruvananthapuram,687347,2,15,Loose / refill,None,Always,Every month,No
227,user214@gmail.com,4-5,Large house,Resident_214,12/11,,,Main Road,Near School,Ward 5,Municipality,Palakkad,676196,3,10,Plastic packet,7+,Sometimes,Every 2-3 months,Yes
228,user215@gmail.com,1,Apartment,Resident_215,245/15,,,Main Road,Near School,Ward 8,Municipality,Thiruvananthapuram,682010,0,20,Loose / refill,4-7,Never,Every month,Yes
229,user216@gmail.com,2-3,Large house,Resident_216,29/1,,,Main Road,Near School,Ward 23,Municipality,Pathanamthitta,671782,2,18,Loose / refill,None,Sometimes,Every 2-3 months,No
230,user217@gmail.com,2-3,Small house,Resident_217,220/2,,,Main Road,Near School,Ward 3,Municipality,Malappuram,676365,2,11,Plastic packet,None,Always,Every month,Yes
231,user218@gmail.com,4-5,Large house,Resident_218,64/19,,,Main Road,Near School,Ward 5,Municipality,Ernakulam,685483,3,5,Loose / refill,4-7,Never,Rarely,Yes
232,user219@gmail.com,2-3,Apartment,Resident_219,431/7,,,Main Road,Near School,Ward 9,Municipality,Alappuzha,688903,2,19,Plastic bottle,None,Always,Never,Yes
233,user220@gmail.com,4-5,Large house,Resident_220,206/10,,,Main Road,Near School,Ward 5,Municipality,Alappuzha,679918,2,13,Loose / refill,4-7,Never,Rarely,Yes
234,user221@gmail.com,2-3,Large house,Resident_221,453/4,,,Main Road,Near School,Ward 2,Municipality,Ernakulam,687998,1,16,Plastic bottle,4-7,Sometimes,Never,Yes
235,user222@gmail.com,4-5,Small house,Resident_222,238/10,,,Main Road,Near School,Ward 20,Municipality,Kottayam,686134,3,4,Plastic bottle,None,Never,Rarely,Yes
236,user223@gmail.com,6+,Apartment,Resident_223,183/7,,,Main Road,Near School,Ward 10,Municipality,Kottayam,682625,3,17,Plastic bottle,1-3,Sometimes,Rarely,Yes
237,user224@gmail.com,4-5,Apartment,Resident_224,291/13,,,Main Road,Near School,Ward 15,Municipality,Kannur,686859,4,6,Plastic packet,7+,Never,Every 2-3 months,No
238,user225@gmail.com,6+,Small house,Resident_225,119/13,,,Main Road,Near School,Ward 2,Municipality,Thrissur,671517,6,5,Plastic packet,4-7,Never,Rarely,Yes
239,user226@gmail.com,2-3,Apartment,Resident_226,127/19,,,Main Road,Near School,Ward 6,Municipality,Malappuram,674895,1,4,Plastic bottle,None,Sometimes,Rarely,No
240,user227@gmail.com,2-3,Apartment,Resident_227,255/18,,,Main Road,Near School,Ward 6,Municipality,Kasaragod,674234,1,9,Plastic bottle,1-3,Always,Every 2-3 months,Yes
241,user228@gmail.com,1,Large house,Resident_228,44/19,,,Main Road,Near School,Ward 3,Municipality,Kollam,684690,1,19,Loose / refill,4-7,Always,Never,No
242,user229@gmail.com,2-3,Large house,Resident_229,169/11,,,Main Road,Near School,Ward 20,Municipality,Kottayam,678071,2,5,Plastic packet,7+,Always,Never,Yes
243,user230@gmail.com,2-3,Small house,Resident_230,375/13,,,Main Road,Near School,Ward 1,Municipality,Wayanad,685185,2,3,Plastic packet,None,Always,Every month,Yes
244,user231@gmail.com,4-5,Apartment,Resident_231,71/8,,,Main Road,Near School,Ward 10,Municipality,Kollam,671654,3,14,Plastic packet,7+,Never,Every 2-3 months,Yes
245,user232@gmail.com,2-3,Small house,Resident_232,383/1,,,Main Road,Near School,Ward 18,Municipality,Kannur,683957,2,15,Plastic packet,7+,Sometimes,Every month,Yes
246,user233@gmail.com,2-3,Small house,Resident_233,145/16,,,Main Road,Near School,Ward 2,Municipality,Thrissur,673563,1,3,Plastic bottle,None,Sometimes,Never,Yes
247,user234@gmail.com,2-3,Apartment,Resident_234,15/18,,,Main Road,Near School,Ward 22,Municipality,Malappuram,671484,3,5,Loose / refill,4-7,Always,Every month,Yes
248,user235@gmail.com,4-5,Apartment,Resident_235,68/19,,,Main Road,Near School,Ward 15,Municipality,Wayanad,686918,4,9,Plastic bottle,7+,Always,Never,Yes
249,user236@gmail.com,4-5,Large house,Resident_236,219/7,,,Main Road,Near School,Ward 6,Municipality,Wayanad,687872,2,3,Plastic packet,4-7,Always,Every 2-3 months,Yes
250,user237@gmail.com,6+,Large house,Resident_237,181/10,,,Main Road,Near School,Ward 6,Municipality,Malappuram,676988,6,16,Plastic packet,7+,Always,Every 2-3 months,Yes
251,user238@gmail.com,2-3,Apartment,Resident_238,267/17,,,Main Road,Near School,Ward 8,Municipality,Kasaragod,680395,3,2,Loose / refill,7+,Never,Rarely,Yes
252,user239@gmail.com,4-5,Small house,Resident_239,469/2,,,Main Road,Near School,Ward 11,Municipality,Kollam,673994,2,8,Loose / refill,1-3,Never,Rarely,No
253,user240@gmail.com,4-5,Apartment,Resident_240,400/13,,,Main Road,Near School,Ward 11,Municipality,Thrissur,678384,4,2,Loose / refill,None,Never,Rarely,No
254,user241@gmail.com,2-3,Apartment,Resident_241,11/19,,,Main Road,Near School,Ward 12,Municipality,Kasaragod,680213,1,6,Loose / refill,7+,Always,Every month,Yes
255,user242@gmail.com,4-5,Small house,Resident_242,313/11,,,Main Road,Near School,Ward 10,Municipality,Palakkad,673759,4,16,Plastic packet,None,Always,Every month,Yes
256,user243@gmail.com,2-3,Large house,Resident_243,481/20,,,Main Road,Near School,Ward 6,Municipality,Thiruvananthapuram,671070,2,4,Plastic bottle,7+,Sometimes,Every 2-3 months,Yes
257,user244@gmail.com,2-3,Apartment,Resident_244,459/19,,,Main Road,Near School,Ward 10,Municipality,Ernakulam,687085,2,16,Loose / refill,None,Never,Never,No
258,user245@gmail.com,2-3,Small house,Resident_245,411/9,,,Main Road,Near School,Ward 23,Municipality,Kasaragod,673229,1,5,Loose / refill,4-7,Always,Never,No
259,user246@gmail.com,2-3,Apartment,Resident_246,104/3,,,Main Road,Near School,Ward 7,Municipality,Alappuzha,674173,2,2,Plastic bottle,7+,Sometimes,Every month,Yes
260,user247@gmail.com,4-5,Large house,Resident_247,368/18,,,Main Road,Near School,Ward 6,Municipality,Kozhikode,683942,3,9,Loose / refill,7+,Sometimes,Every month,Yes
261,user248@gmail.com,6+,Apartment,Resident_248,52/2,,,Main Road,Near School,Ward 15,Municipality,Wayanad,674922,6,17,Loose / refill,1-3,Never,Rarely,No
262,user249@gmail.com,2-3,Apartment,Resident_249,207/6,,,Main Road,Near School,Ward 17,Municipality,Wayanad,682830,2,5,Loose / refill,1-3,Never,Rarely,No
263,user250@gmail.com,4-5,Large house,Resident_250,104/2,,,Main Road,Near School,Ward 5,Municipality,Wayanad,678696,4,5,Loose / refill,None,Never,Never,No
264,user251@gmail.com,6+,Small house,Resident_251,185/10,,,Main Road,Near School,Ward 17,Municipality,Thrissur,679919,3,7,Plastic bottle,1-3,Always,Rarely,No
265,user252@gmail.com,4-5,Large house,Resident_252,123/7,,,Main Road,Near School,Ward 9,Municipality,Alappuzha,675347,3,3,Plastic bottle,7+,Always,Every month,No
266,user253@gmail.com,2-3,Small house,Resident_253,148/4,,,Main Road,Near School,Ward 9,Municipality,Alappuzha,676250,3,10,Loose / refill,7+,Never,Rarely,Yes
267,user254@gmail.com,4-5,Apartment,Resident_254,109/7,,,Main Road,Near School,Ward 5,Municipality,Pathanamthitta,684260,2,7,Plastic packet,7+,Always,Never,Yes
268,user255@gmail.com,4-5,Apartment,Resident_255,252/10,,,Main Road,Near School,Ward 2,Municipality,Pathanamthitta,682084,3,5,Plastic bottle,7+,Sometimes,Every 2-3 months,No
269,user256@gmail.com,2-3,Apartment,Resident_256,490/18,,,Main Road,Near School,Ward 21,Municipality,Kottayam,676627,3,20,Plastic bottle,4-7,Never,Every 2-3 months,Yes
270,user257@gmail.com,4-5,Apartment,Resident_257,299/18,,,Main Road,Near School,Ward 23,Municipality,Pathanamthitta,674231,3,6,Loose / refill,7+,Sometimes,Every month,Yes
271,user258@gmail.com,2-3,Apartment,Resident_258,69/10,,,Main Road,Near School,Ward 5,Municipality,Ernakulam,674108,2,16,Loose / refill,None,Sometimes,Every 2-3 months,Yes
272,user259@gmail.com,2-3,Small house,Resident_259,461/17,,,Main Road,Near School,Ward 4,Municipality,Thiruvananthapuram,684980,3,19,Plastic packet,4-7,Always,Never,Yes
273,user260@gmail.com,2-3,Large house,Resident_260,344/10,,,Main Road,Near School,Ward 5,Municipality,Kozhikode,678445,2,13,Loose / refill,4-7,Never,Rarely,Yes
274,user261@gmail.com,6+,Apartment,Resident_261,439/6,,,Main Road,Near School,Ward 11,Municipality,Kozhikode,672041,6,2,Plastic bottle,1-3,Never,Never,Yes
275,user262@gmail.com,2-3,Apartment,Resident_262,142/14,,,Main Road,Near School,Ward 18,Municipality,Pathanamthitta,672901,1,17,Plastic packet,None,Sometimes,Every 2-3 months,No
276,user263@gmail.com,2-3,Small house,Resident_263,134/17,,,Main Road,Near School,Ward 6,Municipality,Pathanamthitta,676658,3,18,Loose / refill,7+,Always,Rarely,No
277,user264@gmail.com,6+,Small house,Resident_264,51/15,,,Main Road,Near School,Ward 10,Municipality,Palakkad,671469,5,7,Plastic bottle,1-3,Never,Never,Yes
278,user265@gmail.com,4-5,Large house,Resident_265,351/11,,,Main Road,Near School,Ward 8,Municipality,Ernakulam,680959,3,4,Plastic packet,1-3,Sometimes,Rarely,Yes
279,user266@gmail.com,1,Large house,Resident_266,304/16,,,Main Road,Near School,Ward 6,Municipality,Idukki,677263,0,19,Plastic packet,4-7,Sometimes,Rarely,Yes
280,user267@gmail.com,2-3,Small house,Resident_267,178/10,,,Main Road,Near School,Ward 10,Municipality,Thrissur,683100,3,3,Loose / refill,4-7,Never,Never,No
281,user268@gmail.com,4-5,Large house,Resident_268,117/7,,,Main Road,Near School,Ward 7,Municipality,Alappuzha,684586,3,3,Plastic packet,4-7,Always,Rarely,Yes
282,user269@gmail.com,4-5,Apartment,Resident_269,384/20,,,Main Road,Near School,Ward 23,Municipality,Thrissur,676836,4,19,Plastic packet,4-7,Always,Every 2-3 months,Yes
283,user270@gmail.com,4-5,Apartment,Resident_270,262/5,,,Main Road,Near School,Ward 3,Municipality,Kasaragod,671899,2,17,Loose / refill,None,Always,Rarely,Yes
284,user271@gmail.com,1,Small house,Resident_271,4/16,,,Main Road,Near School,Ward 7,Municipality,Idukki,672023,0,5,Plastic bottle,4-7,Always,Every month,Yes
285,user272@gmail.com,6+,Apartment,Resident_272,333/2,,,Main Road,Near School,Ward 22,Municipality,Palakkad,676611,6,16,Plastic packet,None,Always,Rarely,No
286,user273@gmail.com,1,Small house,Resident_273,204/5,,,Main Road,Near School,Ward 6,Municipality,Kottayam,689050,0,16,Plastic packet,7+,Never,Every 2-3 months,Yes
287,user274@gmail.com,6+,Large house,Resident_274,368/20,,,Main Road,Near School,Ward 1,Municipality,Idukki,676080,5,7,Loose / refill,None,Sometimes,Every 2-3 months,Yes
288,user275@gmail.com,1,Large house,Resident_275,245/7,,,Main Road,Near School,Ward 8,Municipality,Pathanamthitta,681417,0,10,Plastic packet,4-7,Always,Never,Yes
289,user276@gmail.com,2-3,Large house,Resident_276,302/18,,,Main Road,Near School,Ward 7,Municipality,Thrissur,685657,2,13,Plastic packet,1-3,Always,Never,No
290,user277@gmail.com,1,Apartment,Resident_277,139/4,,,Main Road,Near School,Ward 24,Municipality,Thrissur,673787,1,8,Plastic bottle,7+,Sometimes,Never,No
291,user278@gmail.com,4-5,Large house,Resident_278,29/9,,,Main Road,Near School,Ward 5,Municipality,Ernakulam,688445,2,12,Loose / refill,7+,Never,Rarely,Yes
292,user279@gmail.com,2-3,Apartment,Resident_279,26/16,,,Main Road,Near School,Ward 21,Municipality,Thrissur,680789,3,3,Plastic bottle,1-3,Sometimes,Every 2-3 months,Yes
293,user280@gmail.com,6+,Apartment,Resident_280,381/5,,,Main Road,Near School,Ward 17,Municipality,Idukki,686308,4,5,Plastic packet,4-7,Never,Rarely,No
294,user281@gmail.com,4-5,Apartment,Resident_281,73/5,,,Main Road,Near School,Ward 12,Municipality,Thrissur,687596,4,13,Plastic bottle,7+,Sometimes,Never,Yes
295,user282@gmail.com,6+,Apartment,Resident_282,3/18,,,Main Road,Near School,Ward 9,Municipality,Malappuram,676596,3,5,Loose / refill,7+,Always,Never,No
296,user283@gmail.com,2-3,Apartment,Resident_283,282/13,,,Main Road,Near School,Ward 3,Municipality,Thiruvananthapuram,671897,1,7,Plastic bottle,4-7,Always,Rarely,Yes
297,user284@gmail.com,6+,Apartment,Resident_284,177/4,,,Main Road,Near School,Ward 18,Municipality,Alappuzha,670969,3,12,Plastic packet,4-7,Sometimes,Every 2-3 months,No
298,user285@gmail.com,2-3,Small house,Resident_285,322/20,,,Main Road,Near School,Ward 2,Municipality,Pathanamthitta,679966,3,16,Plastic packet,4-7,Always,Rarely,Yes
299,user286@gmail.com,4-5,Small house,Resident_286,239/13,,,Main Road,Near School,Ward 19,Municipality,Thrissur,686802,4,12,Plastic bottle,None,Sometimes,Never,Yes
300,user287@gmail.com,4-5,Apartment,Resident_287,152/7,,,Main Road,Near School,Ward 24,Municipality,Thrissur,678380,2,3,Plastic bottle,1-3,Never,Every 2-3 months,Yes
301,user288@gmail.com,4-5,Apartment,Resident_288,207/10,,,Main Road,Near School,Ward 1,Municipality,Palakkad,678810,3,13,Plastic packet,7+,Never,Every month,Yes
302,user289@gmail.com,1,Apartment,Resident_289,105/20,,,Main Road,Near School,Ward 17,Municipality,Palakkad,683297,1,18,Plastic packet,None,Always,Every 2-3 months,Yes
303,user290@gmail.com,4-5,Large house,Resident_290,10/9,,,Main Road,Near School,Ward 13,Municipality,Malappuram,683931,4,13,Loose / refill,4-7,Sometimes,Every 2-3 months,No
304,user291@gmail.com,2-3,Small house,Resident_291,43/1,,,Main Road,Near School,Ward 16,Municipality,Kasaragod,675904,1,14,Plastic packet,None,Sometimes,Every month,No
305,user292@gmail.com,2-3,Apartment,Resident_292,109/4,,,Main Road,Near School,Ward 25,Municipality,Thiruvananthapuram,684549,2,18,Loose / refill,4-7,Always,Rarely,Yes
306,user293@gmail.com,4-5,Small house,Resident_293,91/12,,,Main Road,Near School,Ward 20,Municipality,Pathanamthitta,677452,4,11,Plastic packet,4-7,Sometimes,Every 2-3 months,Yes
307,user294@gmail.com,2-3,Apartment,Resident_294,120/7,,,Main Road,Near School,Ward 6,Municipality,Malappuram,683723,3,3,Loose / refill,1-3,Always,Rarely,Yes
308,user295@gmail.com,6+,Large house,Resident_295,185/12,,,Main Road,Near School,Ward 9,Municipality,Thiruvananthapuram,688158,4,19,Plastic bottle,7+,Sometimes,Every month,No
309,user296@gmail.com,4-5,Small house,Resident_296,390/19,,,Main Road,Near School,Ward 9,Municipality,Kannur,673920,3,14,Plastic packet,7+,Sometimes,Every 2-3 months,No
310,user297@gmail.com,2-3,Apartment,Resident_297,283/9,,,Main Road,Near School,Ward 1,Municipality,Wayanad,687906,3,4,Plastic packet,1-3,Never,Every month,No
311,user298@gmail.com,4-5,Small house,Resident_298,103/19,,,Main Road,Near School,Ward 19,Municipality,Kollam,678103,3,2,Loose / refill,4-7,Sometimes,Rarely,No
312,user299@gmail.com,2-3,Apartment,Resident_299,385/11,,,Main Road,Near School,Ward 8,Municipality,Ernakulam,679517,3,13,Plastic bottle,1-3,Always,Never,No
313,user300@gmail.com,2-3,Small house,Resident_300,87/13,,,Main Road,Near School,Ward 1,Municipality,Palakkad,677922,2,5,Plastic bottle,None,Sometimes,Every month,Yes
314,user301@gmail.com,6+,Small house,Resident_301,429/16,,,Main Road,Near School,Ward 4,Municipality,Palakkad,689950,5,14,Plastic bottle,4-7,Always,Never,Yes
315,user302@gmail.com,4-5,Small house,Resident_302,377/5,,,Main Road,Near School,Ward 3,Municipality,Alappuzha,675210,4,17,Plastic bottle,7+,Never,Every 2-3 months,No
316,user303@gmail.com,2-3,Small house,Resident_303,39/19,,,Main Road,Near School,Ward 5,Municipality,Kollam,676028,2,10,Plastic bottle,7+,Sometimes,Never,No
317,user304@gmail.com,2-3,Small house,Resident_304,229/18,,,Main Road,Near School,Ward 5,Municipality,Alappuzha,677356,1,5,Loose / refill,4-7,Sometimes,Every month,No
318,user305@gmail.com,2-3,Small house,Resident_305,189/17,,,Main Road,Near School,Ward 19,Municipality,Ernakulam,674366,1,16,Plastic packet,4-7,Never,Every 2-3 months,Yes
319,user306@gmail.com,6+,Small house,Resident_306,37/2,,,Main Road,Near School,Ward 2,Municipality,Kasaragod,670523,5,6,Plastic bottle,None,Sometimes,Every 2-3 months,Yes
320,user307@gmail.com,1,Large house,Resident_307,361/4,,,Main Road,Near School,Ward 6,Municipality,Kozhikode,679180,1,20,Plastic packet,1-3,Sometimes,Every 2-3 months,Yes
321,user308@gmail.com,4-5,Small house,Resident_308,463/9,,,Main Road,Near School,Ward 17,Municipality,Malappuram,678383,2,13,Plastic packet,None,Sometimes,Every month,No
322,user309@gmail.com,2-3,Large house,Resident_309,315/4,,,Main Road,Near School,Ward 7,Municipality,Ernakulam,672513,3,19,Plastic packet,None,Always,Every 2-3 months,Yes
323,user310@gmail.com,2-3,Small house,Resident_310,88/11,,,Main Road,Near School,Ward 2,Municipality,Malappuram,686040,1,7,Plastic bottle,1-3,Sometimes,Never,No
324,user311@gmail.com,2-3,Apartment,Resident_311,178/6,,,Main Road,Near School,Ward 20,Municipality,Thrissur,678341,2,11,Plastic packet,1-3,Never,Every month,Yes
325,user312@gmail.com,2-3,Large house,Resident_312,231/10,,,Main Road,Near School,Ward 17,Municipality,Idukki,683806,2,2,Plastic bottle,7+,Always,Rarely,No
326,user313@gmail.com,2-3,Small house,Resident_313,382/15,,,Main Road,Near School,Ward 5,Municipality,Malappuram,681287,3,12,Plastic packet,7+,Always,Every 2-3 months,No
327,user314@gmail.com,2-3,Small house,Resident_314,225/19,,,Main Road,Near School,Ward 9,Municipality,Kasaragod,682407,1,19,Loose / refill,1-3,Always,Every 2-3 months,No
328,user315@gmail.com,2-3,Small house,Resident_315,17/15,,,Main Road,Near School,Ward 4,Municipality,Kasaragod,678704,1,5,Plastic packet,7+,Always,Rarely,Yes
329,user316@gmail.com,2-3,Apartment,Resident_316,140/2,,,Main Road,Near School,Ward 3,Municipality,Wayanad,675219,1,10,Plastic bottle,1-3,Sometimes,Every 2-3 months,No
330,user317@gmail.com,6+,Small house,Resident_317,223/18,,,Main Road,Near School,Ward 13,Municipality,Ernakulam,676674,6,2,Loose / refill,4-7,Always,Rarely,No
331,user318@gmail.com,2-3,Apartment,Resident_318,365/4,,,Main Road,Near School,Ward 15,Municipality,Pathanamthitta,689623,3,18,Loose / refill,7+,Always,Every 2-3 months,No
332,user319@gmail.com,4-5,Small house,Resident_319,111/10,,,Main Road,Near School,Ward 14,Municipality,Pathanamthitta,682033,3,4,Loose / refill,4-7,Never,Every month,Yes
333,user320@gmail.com,1,Large house,Resident_320,240/5,,,Main Road,Near School,Ward 24,Municipality,Kozhikode,676194,0,4,Plastic packet,4-7,Never,Rarely,Yes
334,user321@gmail.com,2-3,Large house,Resident_321,408/6,,,Main Road,Near School,Ward 12,Municipality,Kollam,682314,2,16,Plastic packet,4-7,Never,Every month,No
335,user322@gmail.com,1,Small house,Resident_322,299/7,,,Main Road,Near School,Ward 18,Municipality,Palakkad,687259,0,7,Plastic bottle,7+,Always,Rarely,No
336,user323@gmail.com,4-5,Large house,Resident_323,209/14,,,Main Road,Near School,Ward 13,Municipality,Idukki,689578,3,9,Loose / refill,7+,Never,Rarely,Yes
337,user324@gmail.com,2-3,Small house,Resident_324,458/13,,,Main Road,Near School,Ward 23,Municipality,Kannur,679590,2,13,Plastic bottle,None,Always,Every 2-3 months,Yes
338,user325@gmail.com,4-5,Small house,Resident_325,340/7,,,Main Road,Near School,Ward 6,Municipality,Kasaragod,686395,2,17,Loose / refill,7+,Always,Never,No
339,user326@gmail.com,2-3,Large house,Resident_326,273/6,,,Main Road,Near School,Ward 18,Municipality,Kasaragod,674739,1,2,Plastic packet,7+,Never,Rarely,Yes
340,user327@gmail.com,1,Apartment,Resident_327,304/2,,,Main Road,Near School,Ward 22,Municipality,Idukki,687173,1,2,Loose / refill,1-3,Never,Every month,Yes
341,user328@gmail.com,2-3,Apartment,Resident_328,484/16,,,Main Road,Near School,Ward 1,Municipality,Kozhikode,676865,3,5,Plastic bottle,7+,Never,Never,Yes
342,user329@gmail.com,2-3,Small house,Resident_329,239/19,,,Main Road,Near School,Ward 10,Municipality,Malappuram,687100,1,12,Loose / refill,None,Sometimes,Every 2-3 months,Yes
343,user330@gmail.com,6+,Apartment,Resident_330,468/12,,,Main Road,Near School,Ward 17,Municipality,Malappuram,681746,6,9,Plastic bottle,4-7,Always,Every month,No
344,user331@gmail.com,4-5,Small house,Resident_331,132/5,,,Main Road,Near School,Ward 10,Municipality,Kannur,679569,2,17,Plastic packet,1-3,Always,Every month,No
345,user332@gmail.com,1,Large house,Resident_332,387/8,,,Main Road,Near School,Ward 13,Municipality,Idukki,682290,1,18,Plastic packet,4-7,Always,Never,Yes
346,user333@gmail.com,4-5,Large house,Resident_333,442/6,,,Main Road,Near School,Ward 25,Municipality,Malappuram,683475,4,9,Plastic packet,4-7,Always,Every month,No
347,user334@gmail.com,2-3,Large house,Resident_334,134/3,,,Main Road,Near School,Ward 17,Municipality,Idukki,670587,3,10,Plastic packet,1-3,Never,Every 2-3 months,No
348,user335@gmail.com,2-3,Large house,Resident_335,406/20,,,Main Road,Near School,Ward 14,Municipality,Kasaragod,689395,3,20,Loose / refill,1-3,Sometimes,Never,No
349,user336@gmail.com,6+,Large house,Resident_336,186/12,,,Main Road,Near School,Ward 5,Municipality,Kasaragod,673587,4,3,Loose / refill,None,Sometimes,Every month,No
350,user337@gmail.com,1,Small house,Resident_337,314/16,,,Main Road,Near School,Ward 12,Municipality,Thrissur,683281,1,4,Loose / refill,4-7,Sometimes,Rarely,Yes
351,user338@gmail.com,2-3,Large house,Resident_338,339/4,,,Main Road,Near School,Ward 19,Municipality,Kottayam,689800,1,9,Plastic bottle,4-7,Never,Every 2-3 months,Yes
352,user339@gmail.com,4-5,Apartment,Resident_339,309/9,,,Main Road,Near School,Ward 24,Municipality,Malappuram,688452,2,7,Plastic packet,None,Sometimes,Every month,Yes
353,user340@gmail.com,6+,Apartment,Resident_340,155/9,,,Main Road,Near School,Ward 10,Municipality,Kannur,684393,6,12,Loose / refill,None,Never,Every month,No
354,user341@gmail.com,2-3,Small house,Resident_341,150/11,,,Main Road,Near School,Ward 1,Municipality,Wayanad,689465,1,4,Plastic packet,7+,Sometimes,Every 2-3 months,No
355,user342@gmail.com,2-3,Apartment,Resident_342,316/15,,,Main Road,Near School,Ward 14,Municipality,Kozhikode,679632,3,15,Plastic packet,1-3,Sometimes,Never,No
356,user343@gmail.com,4-5,Apartment,Resident_343,177/15,,,Main Road,Near School,Ward 21,Municipality,Palakkad,677859,2,19,Plastic bottle,4-7,Sometimes,Every month,Yes
357,user344@gmail.com,4-5,Apartment,Resident_344,110/12,,,Main Road,Near School,Ward 7,Municipality,Thiruvananthapuram,675970,4,15,Plastic packet,4-7,Never,Every 2-3 months,Yes
358,user345@gmail.com,2-3,Apartment,Resident_345,328/5,,,Main Road,Near School,Ward 17,Municipality,Pathanamthitta,677168,1,18,Loose / refill,7+,Always,Rarely,Yes
359,user346@gmail.com,4-5,Small house,Resident_346,96/3,,,Main Road,Near School,Ward 3,Municipality,Thiruvananthapuram,676812,3,20,Loose / refill,7+,Sometimes,Every 2-3 months,No
360,user347@gmail.com,2-3,Small house,Resident_347,329/20,,,Main Road,Near School,Ward 4,Municipality,Thrissur,686567,3,5,Loose / refill,7+,Sometimes,Every 2-3 months,Yes
361,user348@gmail.com,2-3,Large house,Resident_348,427/10,,,Main Road,Near School,Ward 3,Municipality,Thrissur,679017,1,20,Loose / refill,4-7,Always,Every month,Yes
362,user349@gmail.com,2-3,Small house,Resident_349,379/11,,,Main Road,Near School,Ward 25,Municipality,Palakkad,685523,3,10,Loose / refill,1-3,Always,Never,No
363,user350@gmail.com,2-3,Apartment,Resident_350,475/5,,,Main Road,Near School,Ward 15,Municipality,Kottayam,680146,2,12,Plastic bottle,7+,Sometimes,Every 2-3 months,Yes
364,user351@gmail.com,6+,Small house,Resident_351,468/10,,,Main Road,Near School,Ward 4,Municipality,Alappuzha,689640,4,6,Loose / refill,7+,Always,Rarely,Yes
365,user352@gmail.com,1,Apartment,Resident_352,211/15,,,Main Road,Near School,Ward 2,Municipality,Kollam,676423,1,20,Loose / refill,1-3,Always,Rarely,No
366,user353@gmail.com,2-3,Apartment,Resident_353,387/17,,,Main Road,Near School,Ward 11,Municipality,Wayanad,683752,3,6,Loose / refill,None,Never,Rarely,No
367,user354@gmail.com,2-3,Small house,Resident_354,492/16,,,Main Road,Near School,Ward 18,Municipality,Palakkad,683936,1,16,Loose / refill,1-3,Never,Rarely,No
368,user355@gmail.com,1,Large house,Resident_355,176/9,,,Main Road,Near School,Ward 24,Municipality,Wayanad,689840,0,5,Plastic packet,None,Always,Rarely,No
369,user356@gmail.com,2-3,Apartment,Resident_356,396/7,,,Main Road,Near School,Ward 2,Municipality,Wayanad,680205,2,19,Plastic bottle,7+,Always,Never,Yes
370,user357@gmail.com,4-5,Apartment,Resident_357,117/10,,,Main Road,Near School,Ward 25,Municipality,Thiruvananthapuram,677744,2,19,Plastic bottle,4-7,Sometimes,Rarely,No
371,user358@gmail.com,4-5,Large house,Resident_358,79/15,,,Main Road,Near School,Ward 20,Municipality,Alappuzha,680154,4,18,Loose / refill,4-7,Always,Never,Yes
372,user359@gmail.com,4-5,Apartment,Resident_359,102/10,,,Main Road,Near School,Ward 8,Municipality,Wayanad,672592,4,2,Plastic bottle,4-7,Always,Rarely,No
373,user360@gmail.com,2-3,Large house,Resident_360,183/8,,,Main Road,Near School,Ward 1,Municipality,Ernakulam,683032,3,10,Loose / refill,7+,Never,Never,No
374,user361@gmail.com,2-3,Apartment,Resident_361,300/14,,,Main Road,Near School,Ward 21,Municipality,Alappuzha,678067,3,20,Plastic packet,None,Never,Every month,Yes
375,user362@gmail.com,2-3,Apartment,Resident_362,356/6,,,Main Road,Near School,Ward 23,Municipality,Wayanad,678784,3,19,Plastic packet,4-7,Never,Every month,No
376,user363@gmail.com,1,Large house,Resident_363,44/6,,,Main Road,Near School,Ward 13,Municipality,Pathanamthitta,671284,0,3,Plastic bottle,7+,Sometimes,Rarely,Yes
377,user364@gmail.com,6+,Apartment,Resident_364,43/12,,,Main Road,Near School,Ward 9,Municipality,Idukki,687728,4,8,Plastic packet,1-3,Sometimes,Every 2-3 months,No
378,user365@gmail.com,4-5,Apartment,Resident_365,169/4,,,Main Road,Near School,Ward 10,Municipality,Idukki,677729,2,4,Loose / refill,4-7,Sometimes,Every 2-3 months,No
379,user366@gmail.com,4-5,Small house,Resident_366,447/14,,,Main Road,Near School,Ward 11,Municipality,Kasaragod,680350,3,8,Plastic bottle,None,Never,Never,Yes
380,user367@gmail.com,2-3,Small house,Resident_367,135/4,,,Main Road,Near School,Ward 20,Municipality,Ernakulam,684027,3,15,Plastic bottle,None,Never,Never,No
381,user368@gmail.com,6+,Large house,Resident_368,57/17,,,Main Road,Near School,Ward 8,Municipality,Thiruvananthapuram,672719,3,19,Plastic packet,None,Sometimes,Every 2-3 months,No
382,user369@gmail.com,4-5,Large house,Resident_369,50/11,,,Main Road,Near School,Ward 6,Municipality,Pathanamthitta,671447,4,12,Loose / refill,1-3,Sometimes,Never,Yes
383,user370@gmail.com,4-5,Small house,Resident_370,152/16,,,Main Road,Near School,Ward 12,Municipality,Kollam,674546,2,8,Plastic bottle,1-3,Sometimes,Every 2-3 months,Yes
384,user371@gmail.com,2-3,Large house,Resident_371,81/7,,,Main Road,Near School,Ward 9,Municipality,Kasaragod,673545,3,14,Plastic bottle,1-3,Never,Never,Yes
385,user372@gmail.com,2-3,Apartment,Resident_372,409/1,,,Main Road,Near School,Ward 12,Municipality,Idukki,687125,2,4,Plastic bottle,7+,Sometimes,Never,Yes
386,user373@gmail.com,4-5,Apartment,Resident_373,10/11,,,Main Road,Near School,Ward 18,Municipality,Palakkad,687597,3,4,Plastic bottle,7+,Always,Rarely,Yes
387,user374@gmail.com,4-5,Large house,Resident_374,487/9,,,Main Road,Near School,Ward 3,Municipality,Ernakulam,673003,3,17,Plastic bottle,1-3,Never,Every 2-3 months,No
388,user375@gmail.com,6+,Large house,Resident_375,158/6,,,Main Road,Near School,Ward 4,Municipality,Alappuzha,673306,4,9,Loose / refill,1-3,Sometimes,Never,No
389,user376@gmail.com,2-3,Small house,Resident_376,425/15,,,Main Road,Near School,Ward 10,Municipality,Alappuzha,675007,1,6,Plastic packet,None,Sometimes,Every 2-3 months,Yes
390,user377@gmail.com,4-5,Large house,Resident_377,151/6,,,Main Road,Near School,Ward 10,Municipality,Palakkad,677069,4,11,Plastic bottle,7+,Always,Every 2-3 months,No
391,user378@gmail.com,2-3,Large house,Resident_378,452/11,,,Main Road,Near School,Ward 16,Municipality,Kozhikode,670947,1,20,Plastic bottle,1-3,Never,Every 2-3 months,No
392,user379@gmail.com,2-3,Small house,Resident_379,211/1,,,Main Road,Near School,Ward 11,Municipality,Ernakulam,682450,3,4,Plastic bottle,None,Always,Every month,Yes
393,user380@gmail.com,1,Apartment,Resident_380,109/14,,,Main Road,Near School,Ward 17,Municipality,Wayanad,687580,0,3,Loose / refill,7+,Always,Rarely,No
394,user381@gmail.com,2-3,Small house,Resident_381,5/13,,,Main Road,Near School,Ward 9,Municipality,Malappuram,674984,1,3,Plastic packet,1-3,Never,Rarely,No
395,user382@gmail.com,6+,Small house,Resident_382,77/17,,,Main Road,Near School,Ward 20,Municipality,Palakkad,678593,6,2,Plastic packet,1-3,Never,Never,No
396,user383@gmail.com,2-3,Large house,Resident_383,373/17,,,Main Road,Near School,Ward 12,Municipality,Malappuram,689070,1,12,Plastic bottle,None,Sometimes,Never,Yes
397,user384@gmail.com,4-5,Apartment,Resident_384,117/10,,,Main Road,Near School,Ward 4,Municipality,Idukki,678653,4,12,Loose / refill,None,Never,Every month,No
398,user385@gmail.com,4-5,Small house,Resident_385,345/3,,,Main Road,Near School,Ward 18,Municipality,Idukki,673644,4,6,Plastic bottle,7+,Sometimes,Never,No
399,user386@gmail.com,4-5,Large house,Resident_386,489/16,,,Main Road,Near School,Ward 16,Municipality,Thiruvananthapuram,672771,2,13,Loose / refill,7+,Sometimes,Every month,Yes
400,user387@gmail.com,1,Apartment,Resident_387,103/19,,,Main Road,Near School,Ward 19,Municipality,Kottayam,676102,1,8,Loose / refill,1-3,Never,Every month,No
401,user388@gmail.com,2-3,Small house,Resident_388,22/3,,,Main Road,Near School,Ward 24,Municipality,Thrissur,679444,1,11,Plastic bottle,7+,Always,Never,Yes
402,user389@gmail.com,4-5,Apartment,Resident_389,208/7,,,Main Road,Near School,Ward 2,Municipality,Thrissur,688832,2,13,Plastic bottle,None,Never,Every 2-3 months,No
403,user390@gmail.com,1,Large house,Resident_390,452/18,,,Main Road,Near School,Ward 25,Municipality,Kasaragod,687463,1,9,Loose / refill,4-7,Always,Never,No
404,user391@gmail.com,4-5,Small house,Resident_391,339/12,,,Main Road,Near School,Ward 17,Municipality,Thiruvananthapuram,682328,2,12,Loose / refill,7+,Always,Every 2-3 months,No
405,user392@gmail.com,6+,Large house,Resident_392,387/9,,,Main Road,Near School,Ward 5,Municipality,Kozhikode,680236,6,18,Plastic bottle,1-3,Sometimes,Every month,Yes
406,user393@gmail.com,4-5,Small house,Resident_393,243/2,,,Main Road,Near School,Ward 1,Municipality,Kollam,689956,4,19,Plastic packet,7+,Sometimes,Every 2-3 months,No
407,user394@gmail.com,2-3,Apartment,Resident_394,201/4,,,Main Road,Near School,Ward 4,Municipality,Kollam,675677,2,6,Plastic packet,1-3,Never,Rarely,Yes
408,user395@gmail.com,4-5,Small house,Resident_395,473/7,,,Main Road,Near School,Ward 23,Municipality,Kottayam,679891,3,2,Plastic packet,4-7,Sometimes,Rarely,No
409,user396@gmail.com,6+,Large house,Resident_396,123/9,,,Main Road,Near School,Ward 1,Municipality,Kozhikode,683397,4,5,Loose / refill,4-7,Sometimes,Every month,Yes
410,user397@gmail.com,2-3,Apartment,Resident_397,258/12,,,Main Road,Near School,Ward 24,Municipality,Wayanad,683862,3,4,Plastic packet,4-7,Never,Every month,Yes
411,user398@gmail.com,4-5,Large house,Resident_398,433/13,,,Main Road,Near School,Ward 15,Municipality,Kozhikode,684524,3,12,Plastic packet,1-3,Always,Never,Yes
412,user399@gmail.com,2-3,Apartment,Resident_399,406/16,,,Main Road,Near School,Ward 14,Municipality,Kozhikode,675526,3,11,Loose / refill,1-3,Always,Rarely,Yes
413,user400@gmail.com,4-5,Apartment,Resident_400,414/15,,,Main Road,Near School,Ward 25,Municipality,Idukki,676235,4,6,Loose / refill,1-3,Never,Every 2-3 months,No
414,user401@gmail.com,4-5,Apartment,Resident_401,121/10,,,Main Road,Near School,Ward 3,Municipality,Alappuzha,686337,4,10,Plastic bottle,4-7,Always,Rarely,No
415,user402@gmail.com,4-5,Small house,Resident_402,11/6,,,Main Road,Near School,Ward 25,Municipality,Pathanamthitta,678253,4,15,Loose / refill,7+,Never,Never,Yes
416,user403@gmail.com,4-5,Small house,Resident_403,355/12,,,Main Road,Near School,Ward 7,Municipality,Kozhikode,680266,2,10,Loose / refill,None,Always,Every month,Yes
417,user404@gmail.com,1,Large house,Resident_404,474/1,,,Main Road,Near School,Ward 15,Municipality,Idukki,689400,1,4,Loose / refill,None,Always,Every 2-3 months,No
418,user405@gmail.com,2-3,Small house,Resident_405,312/3,,,Main Road,Near School,Ward 12,Municipality,Kottayam,678942,3,8,Plastic packet,4-7,Never,Every month,Yes
419,user406@gmail.com,2-3,Large house,Resident_406,480/1,,,Main Road,Near School,Ward 20,Municipality,Idukki,682705,1,6,Loose / refill,None,Never,Every month,No
420,user407@gmail.com,4-5,Small house,Resident_407,68/9,,,Main Road,Near School,Ward 1,Municipality,Idukki,672030,2,7,Plastic bottle,4-7,Sometimes,Every month,No
421,user408@gmail.com,2-3,Small house,Resident_408,392/15,,,Main Road,Near School,Ward 25,Municipality,Kozhikode,672668,2,5,Loose / refill,None,Always,Rarely,Yes
422,user409@gmail.com,1,Small house,Resident_409,379/3,,,Main Road,Near School,Ward 20,Municipality,Thiruvananthapuram,683661,0,7,Loose / refill,None,Always,Every 2-3 months,Yes
423,user410@gmail.com,6+,Apartment,Resident_410,27/3,,,Main Road,Near School,Ward 21,Municipality,Palakkad,682518,5,12,Plastic bottle,7+,Never,Never,Yes
424,user411@gmail.com,6+,Large house,Resident_411,202/17,,,Main Road,Near School,Ward 23,Municipality,Malappuram,680272,3,7,Plastic packet,4-7,Sometimes,Every 2-3 months,No
425,user412@gmail.com,2-3,Small house,Resident_412,365/17,,,Main Road,Near School,Ward 6,Municipality,Kasaragod,678202,1,12,Plastic packet,1-3,Sometimes,Never,Yes
426,user413@gmail.com,1,Apartment,Resident_413,457/3,,,Main Road,Near School,Ward 11,Municipality,Kannur,681911,0,8,Loose / refill,7+,Sometimes,Never,No
427,user414@gmail.com,4-5,Small house,Resident_414,411/10,,,Main Road,Near School,Ward 11,Municipality,Ernakulam,681739,2,20,Loose / refill,1-3,Never,Rarely,No
428,user415@gmail.com,4-5,Small house,Resident_415,43/15,,,Main Road,Near School,Ward 15,Municipality,Kottayam,674350,2,12,Plastic bottle,4-7,Never,Never,Yes
429,user416@gmail.com,6+,Small house,Resident_416,12/4,,,Main Road,Near School,Ward 15,Municipality,Thiruvananthapuram,689527,5,20,Plastic bottle,4-7,Always,Every 2-3 months,Yes
430,user417@gmail.com,6+,Large house,Resident_417,439/7,,,Main Road,Near School,Ward 14,Municipality,Kottayam,672786,5,18,Loose / refill,1-3,Never,Never,Yes
431,user418@gmail.com,4-5,Large house,Resident_418,110/18,,,Main Road,Near School,Ward 6,Municipality,Pathanamthitta,688501,3,8,Loose / refill,1-3,Never,Rarely,Yes
432,user419@gmail.com,2-3,Large house,Resident_419,38/15,,,Main Road,Near School,Ward 18,Municipality,Kozhikode,687667,2,2,Plastic bottle,4-7,Never,Every month,Yes
433,user420@gmail.com,4-5,Large house,Resident_420,22/4,,,Main Road,Near School,Ward 13,Municipality,Palakkad,670020,3,13,Plastic bottle,1-3,Sometimes,Never,Yes
434,user421@gmail.com,2-3,Large house,Resident_421,79/3,,,Main Road,Near School,Ward 17,Municipality,Wayanad,678447,1,19,Plastic bottle,4-7,Never,Never,Yes
435,user422@gmail.com,1,Small house,Resident_422,24/4,,,Main Road,Near School,Ward 9,Municipality,Wayanad,689901,0,16,Plastic bottle,None,Never,Rarely,No
436,user423@gmail.com,4-5,Large house,Resident_423,363/10,,,Main Road,Near School,Ward 25,Municipality,Alappuzha,681264,4,6,Loose / refill,None,Sometimes,Never,Yes
437,user424@gmail.com,2-3,Small house,Resident_424,46/2,,,Main Road,Near School,Ward 8,Municipality,Kollam,676810,2,16,Loose / refill,1-3,Always,Rarely,Yes
438,user425@gmail.com,4-5,Apartment,Resident_425,178/2,,,Main Road,Near School,Ward 25,Municipality,Ernakulam,673610,4,19,Loose / refill,None,Never,Rarely,Yes
439,user426@gmail.com,2-3,Large house,Resident_426,43/15,,,Main Road,Near School,Ward 25,Municipality,Malappuram,679376,1,9,Plastic bottle,1-3,Sometimes,Every 2-3 months,No
440,user427@gmail.com,4-5,Small house,Resident_427,368/3,,,Main Road,Near School,Ward 1,Municipality,Wayanad,686724,3,10,Plastic bottle,1-3,Always,Every month,Yes
441,user428@gmail.com,4-5,Large house,Resident_428,483/17,,,Main Road,Near School,Ward 3,Municipality,Kozhikode,686455,2,19,Plastic packet,7+,Always,Never,No
442,user429@gmail.com,2-3,Apartment,Resident_429,393/5,,,Main Road,Near School,Ward 10,Municipality,Kollam,685937,2,11,Loose / refill,1-3,Never,Rarely,No
443,user430@gmail.com,2-3,Small house,Resident_430,366/9,,,Main Road,Near School,Ward 23,Municipality,Thiruvananthapuram,677521,2,15,Plastic bottle,4-7,Never,Every month,Yes
444,user431@gmail.com,2-3,Large house,Resident_431,198/14,,,Main Road,Near School,Ward 15,Municipality,Pathanamthitta,674523,2,10,Plastic bottle,1-3,Always,Never,Yes
445,user432@gmail.com,2-3,Small house,Resident_432,72/10,,,Main Road,Near School,Ward 14,Municipality,Ernakulam,689799,3,14,Plastic packet,1-3,Never,Every month,Yes
446,user433@gmail.com,2-3,Small house,Resident_433,185/15,,,Main Road,Near School,Ward 7,Municipality,Kottayam,678183,1,14,Plastic packet,4-7,Always,Every month,No
447,user434@gmail.com,4-5,Small house,Resident_434,312/3,,,Main Road,Near School,Ward 4,Municipality,Pathanamthitta,670128,2,16,Plastic packet,None,Never,Every 2-3 months,Yes
448,user435@gmail.com,1,Apartment,Resident_435,446/19,,,Main Road,Near School,Ward 2,Municipality,Ernakulam,672428,0,8,Plastic packet,7+,Sometimes,Every 2-3 months,No
449,user436@gmail.com,6+,Apartment,Resident_436,27/9,,,Main Road,Near School,Ward 12,Municipality,Kannur,675205,4,16,Plastic bottle,4-7,Always,Rarely,No
450,user437@gmail.com,4-5,Small house,Resident_437,103/19,,,Main Road,Near School,Ward 9,Municipality,Thrissur,681624,4,8,Loose / refill,None,Sometimes,Rarely,Yes
451,user438@gmail.com,1,Small house,Resident_438,269/16,,,Main Road,Near School,Ward 18,Municipality,Kottayam,675614,0,20,Plastic packet,7+,Sometimes,Never,No
452,user439@gmail.com,2-3,Apartment,Resident_439,11/2,,,Main Road,Near School,Ward 24,Municipality,Thiruvananthapuram,674124,1,15,Plastic packet,None,Sometimes,Never,No
453,user440@gmail.com,2-3,Large house,Resident_440,60/6,,,Main Road,Near School,Ward 3,Municipality,Palakkad,685986,3,2,Plastic bottle,None,Sometimes,Rarely,No
454,user441@gmail.com,4-5,Small house,Resident_441,79/7,,,Main Road,Near School,Ward 10,Municipality,Kasaragod,671659,3,20,Plastic packet,1-3,Sometimes,Every 2-3 months,No
455,user442@gmail.com,4-5,Large house,Resident_442,409/9,,,Main Road,Near School,Ward 12,Municipality,Pathanamthitta,674707,2,13,Plastic packet,1-3,Never,Every 2-3 months,No
456,user443@gmail.com,2-3,Large house,Resident_443,13/7,,,Main Road,Near School,Ward 11,Municipality,Alappuzha,675150,3,11,Plastic packet,None,Always,Rarely,No
457,user444@gmail.com,2-3,Apartment,Resident_444,265/19,,,Main Road,Near School,Ward 9,Municipality,Thiruvananthapuram,684410,2,4,Plastic bottle,1-3,Sometimes,Never,No
458,user445@gmail.com,4-5,Apartment,Resident_445,498/20,,,Main Road,Near School,Ward 15,Municipality,Palakkad,688596,3,13,Loose / refill,None,Sometimes,Rarely,Yes
459,user446@gmail.com,2-3,Small house,Resident_446,355/17,,,Main Road,Near School,Ward 1,Municipality,Idukki,689004,2,11,Plastic bottle,None,Never,Every month,No
460,user447@gmail.com,6+,Apartment,Resident_447,32/4,,,Main Road,Near School,Ward 25,Municipality,Kozhikode,673614,6,5,Loose / refill,None,Sometimes,Every month,No
461,user448@gmail.com,2-3,Small house,Resident_448,41/15,,,Main Road,Near School,Ward 6,Municipality,Ernakulam,688151,2,17,Plastic bottle,None,Never,Every 2-3 months,No
462,user449@gmail.com,4-5,Apartment,Resident_449,424/19,,,Main Road,Near School,Ward 8,Municipality,Pathanamthitta,683554,2,9,Plastic packet,1-3,Never,Every month,Yes
463,user450@gmail.com,2-3,Large house,Resident_450,116/5,,,Main Road,Near School,Ward 24,Municipality,Kottayam,688849,3,20,Loose / refill,4-7,Sometimes,Rarely,Yes
464,user451@gmail.com,2-3,Small house,Resident_451,236/18,,,Main Road,Near School,Ward 3,Municipality,Kannur,683956,2,4,Loose / refill,None,Sometimes,Every month,Yes
465,user452@gmail.com,2-3,Small house,Resident_452,470/16,,,Main Road,Near School,Ward 21,Municipality,Kozhikode,676817,3,11,Loose / refill,1-3,Sometimes,Every 2-3 months,Yes
466,user453@gmail.com,6+,Apartment,Resident_453,269/8,,,Main Road,Near School,Ward 3,Municipality,Kottayam,681596,5,9,Loose / refill,1-3,Sometimes,Never,No
467,user454@gmail.com,1,Large house,Resident_454,390/5,,,Main Road,Near School,Ward 8,Municipality,Thiruvananthapuram,671990,0,19,Plastic bottle,None,Sometimes,Never,Yes
468,user455@gmail.com,2-3,Apartment,Resident_455,215/2,,,Main Road,Near School,Ward 5,Municipality,Wayanad,685760,1,17,Plastic bottle,7+,Never,Every 2-3 months,No
469,user456@gmail.com,2-3,Apartment,Resident_456,256/2,,,Main Road,Near School,Ward 5,Municipality,Kasaragod,685833,2,11,Loose / refill,7+,Never,Never,Yes
470,user457@gmail.com,4-5,Small house,Resident_457,475/3,,,Main Road,Near School,Ward 21,Municipality,Wayanad,671615,2,2,Plastic packet,7+,Sometimes,Never,No
471,user458@gmail.com,4-5,Small house,Resident_458,431/9,,,Main Road,Near School,Ward 3,Municipality,Thiruvananthapuram,688960,2,12,Plastic packet,1-3,Never,Never,Yes
472,user459@gmail.com,4-5,Small house,Resident_459,14/8,,,Main Road,Near School,Ward 22,Municipality,Kannur,670985,3,6,Loose / refill,7+,Sometimes,Never,No
473,user460@gmail.com,2-3,Apartment,Resident_460,355/19,,,Main Road,Near School,Ward 19,Municipality,Idukki,688448,2,5,Plastic packet,1-3,Never,Every month,Yes
474,user461@gmail.com,2-3,Large house,Resident_461,279/6,,,Main Road,Near School,Ward 25,Municipality,Ernakulam,673374,1,18,Plastic bottle,7+,Never,Rarely,Yes
475,user462@gmail.com,6+,Apartment,Resident_462,24/16,,,Main Road,Near School,Ward 6,Municipality,Pathanamthitta,675108,3,6,Plastic packet,1-3,Sometimes,Rarely,Yes
476,user463@gmail.com,1,Small house,Resident_463,480/16,,,Main Road,Near School,Ward 5,Municipality,Malappuram,685861,1,20,Plastic bottle,4-7,Sometimes,Every 2-3 months,No
477,user464@gmail.com,6+,Small house,Resident_464,409/11,,,Main Road,Near School,Ward 24,Municipality,Pathanamthitta,687431,6,2,Loose / refill,4-7,Sometimes,Never,Yes
478,user465@gmail.com,2-3,Large house,Resident_465,71/15,,,Main Road,Near School,Ward 8,Municipality,Kottayam,676976,3,2,Plastic bottle,1-3,Never,Never,No
479,user466@gmail.com,2-3,Small house,Resident_466,321/3,,,Main Road,Near School,Ward 1,Municipality,Ernakulam,689922,1,12,Loose / refill,None,Never,Every month,Yes
480,user467@gmail.com,2-3,Small house,Resident_467,306/5,,,Main Road,Near School,Ward 17,Municipality,Kannur,687706,3,16,Loose / refill,1-3,Sometimes,Every 2-3 months,No
481,user468@gmail.com,2-3,Small house,Resident_468,303/20,,,Main Road,Near School,Ward 1,Municipality,Thrissur,679249,2,18,Plastic bottle,7+,Always,Every 2-3 months,No
482,user469@gmail.com,2-3,Large house,Resident_469,368/12,,,Main Road,Near School,Ward 4,Municipality,Ernakulam,680312,3,2,Loose / refill,None,Sometimes,Every month,No
483,user470@gmail.com,4-5,Apartment,Resident_470,48/1,,,Main Road,Near School,Ward 12,Municipality,Ernakulam,688368,4,5,Plastic bottle,7+,Always,Rarely,No
484,user471@gmail.com,2-3,Small house,Resident_471,374/18,,,Main Road,Near School,Ward 25,Municipality,Wayanad,682782,1,20,Loose / refill,4-7,Sometimes,Every 2-3 months,Yes
485,user472@gmail.com,4-5,Apartment,Resident_472,115/14,,,Main Road,Near School,Ward 16,Municipality,Idukki,677270,4,2,Plastic bottle,4-7,Always,Every month,No
486,user473@gmail.com,2-3,Apartment,Resident_473,150/7,,,Main Road,Near School,Ward 12,Municipality,Kottayam,675626,2,7,Plastic packet,4-7,Sometimes,Never,Yes
487,user474@gmail.com,4-5,Apartment,Resident_474,402/20,,,Main Road,Near School,Ward 22,Municipality,Pathanamthitta,672064,3,2,Plastic bottle,4-7,Always,Every month,Yes
488,user475@gmail.com,4-5,Large house,Resident_475,140/19,,,Main Road,Near School,Ward 10,Municipality,Pathanamthitta,685566,2,2,Loose / refill,None,Always,Rarely,No
489,user476@gmail.com,2-3,Apartment,Resident_476,163/8,,,Main Road,Near School,Ward 16,Municipality,Pathanamthitta,684261,2,20,Plastic packet,7+,Never,Rarely,Yes
490,user477@gmail.com,2-3,Apartment,Resident_477,254/19,,,Main Road,Near School,Ward 2,Municipality,Kozhikode,688867,1,14,Plastic packet,7+,Sometimes,Every month,No
491,user478@gmail.com,2-3,Small house,Resident_478,218/14,,,Main Road,Near School,Ward 7,Municipality,Palakkad,678408,2,17,Loose / refill,None,Never,Rarely,Yes
492,user479@gmail.com,2-3,Apartment,Resident_479,209/20,,,Main Road,Near School,Ward 6,Municipality,Kasaragod,680827,3,5,Loose / refill,7+,Always,Never,No
493,user480@gmail.com,4-5,Small house,Resident_480,22/12,,,Main Road,Near School,Ward 6,Municipality,Kozhikode,676460,2,7,Plastic bottle,None,Always,Never,Yes
494,user481@gmail.com,2-3,Small house,Resident_481,367/15,,,Main Road,Near School,Ward 12,Municipality,Alappuzha,686296,2,9,Plastic packet,4-7,Sometimes,Never,Yes
495,user482@gmail.com,6+,Large house,Resident_482,251/7,,,Main Road,Near School,Ward 9,Municipality,Kannur,686253,5,19,Plastic bottle,None,Always,Every month,Yes
496,user483@gmail.com,6+,Small house,Resident_483,367/12,,,Main Road,Near School,Ward 17,Municipality,Kozhikode,675370,3,9,Plastic bottle,None,Never,Never,Yes
497,user484@gmail.com,1,Large house,Resident_484,349/18,,,Main Road,Near School,Ward 8,Municipality,Thiruvananthapuram,686738,0,18,Loose / refill,None,Never,Every month,Yes
498,user485@gmail.com,1,Apartment,Resident_485,12/5,,,Main Road,Near School,Ward 12,Municipality,Wayanad,686005,1,4,Loose / refill,4-7,Never,Rarely,Yes
499,user486@gmail.com,2-3,Small house,Resident_486,33/1,,,Main Road,Near School,Ward 6,Municipality,Alappuzha,686113,3,15,Plastic bottle,1-3,Sometimes,Rarely,No
500,user487@gmail.com,2-3,Small house,Resident_487,38/4,,,Main Road,Near School,Ward 5,Municipality,Kasaragod,672104,3,11,Loose / refill,None,Always,Never,No
501,user488@gmail.com,2-3,Small house,Resident_488,371/4,,,Main Road,Near School,Ward 6,Municipality,Wayanad,683725,1,2,Plastic packet,None,Always,Never,Yes
502,user489@gmail.com,4-5,Apartment,Resident_489,451/10,,,Main Road,Near School,Ward 9,Municipality,Kollam,689022,4,15,Loose / refill,1-3,Never,Rarely,Yes
503,user490@gmail.com,2-3,Apartment,Resident_490,489/17,,,Main Road,Near School,Ward 12,Municipality,Kollam,678223,3,11,Plastic packet,4-7,Always,Every month,No
504,user491@gmail.com,1,Large house,Resident_491,223/6,,,Main Road,Near School,Ward 15,Municipality,Palakkad,677697,0,2,Loose / refill,None,Always,Never,Yes
505,user492@gmail.com,4-5,Large house,Resident_492,6/13,,,Main Road,Near School,Ward 8,Municipality,Idukki,676334,2,2,Loose / refill,4-7,Always,Every 2-3 months,Yes
506,user493@gmail.com,2-3,Apartment,Resident_493,488/20,,,Main Road,Near School,Ward 19,Municipality,Kozhikode,684721,1,15,Loose / refill,4-7,Always,Rarely,No
507,user494@gmail.com,4-5,Small house,Resident_494,103/14,,,Main Road,Near School,Ward 18,Municipality,Ernakulam,676522,3,5,Plastic bottle,7+,Never,Every month,No
508,user495@gmail.com,2-3,Large house,Resident_495,223/20,,,Main Road,Near School,Ward 20,Municipality,Idukki,681344,3,14,Plastic bottle,7+,Never,Every month,No
509,user496@gmail.com,4-5,Large house,Resident_496,406/5,,,Main Road,Near School,Ward 13,Municipality,Wayanad,688638,3,14,Plastic bottle,7+,Sometimes,Every 2-3 months,Yes
510,user497@gmail.com,2-3,Apartment,Resident_497,28/13,,,Main Road,Near School,Ward 22,Municipality,Palakkad,677332,3,4,Loose / refill,4-7,Always,Never,No
511,user498@gmail.com,1,Small house,Resident_498,401/16,,,Main Road,Near School,Ward 9,Municipality,Kozhikode,679916,0,19,Plastic packet,1-3,Never,Never,No
512,user499@gmail.com,2-3,Apartment,Resident_499,10/18,,,Main Road,Near School,Ward 2,Municipality,Thiruvananthapuram,685437,2,9,Plastic packet,4-7,Sometimes,Rarely,No
513,user500@gmail.com,2-3,Small house,Resident_500,68/3,,,Main Road,Near School,Ward 16,Municipality,Thiruvananthapuram,675528,2,18,Plastic bottle,1-3,Sometimes,Every month,No
514,user1@gmail.com,6+,Apartment,Resident_1,414/13,,,Main Road,Near School,Ward 24,Municipality,Thrissur,672777,4,20,Plastic packet,4-7,Sometimes,Every month,No
515,user2@gmail.com,6+,Small house,Resident_2,341/6,,,Main Road,Near School,Ward 1,Municipality,Alappuzha,680862,4,13,Plastic packet,7+,Never,Every 2-3 months,Yes
516,user3@gmail.com,4-5,Small house,Resident_3,9/19,,,Main Road,Near School,Ward 11,Municipality,Wayanad,681696,3,17,Loose / refill,7+,Always,Every month,Yes
517,user4@gmail.com,4-5,Small house,Resident_4,405/19,,,Main Road,Near School,Ward 3,Municipality,Thrissur,672838,2,8,Plastic packet,None,Always,Rarely,Yes
518,user5@gmail.com,6+,Large house,Resident_5,200/5,,,Main Road,Near School,Ward 5,Municipality,Alappuzha,676850,5,11,Plastic packet,7+,Sometimes,Rarely,No
519,user6@gmail.com,2-3,Large house,Resident_6,45/5,,,Main Road,Near School,Ward 22,Municipality,Thrissur,670563,2,14,Loose / refill,1-3,Never,Every month,Yes
520,user7@gmail.com,2-3,Large house,Resident_7,320/19,,,Main Road,Near School,Ward 15,Municipality,Palakkad,685147,3,3,Loose / refill,7+,Never,Never,Yes
521,user8@gmail.com,1,Small house,Resident_8,74/17,,,Main Road,Near School,Ward 11,Municipality,Malappuram,679585,0,2,Plastic packet,None,Always,Rarely,Yes
522,user9@gmail.com,4-5,Small house,Resident_9,39/19,,,Main Road,Near School,Ward 11,Municipality,Kannur,679423,2,4,Plastic packet,4-7,Never,Never,Yes
523,user10@gmail.com,2-3,Small house,Resident_10,199/7,,,Main Road,Near School,Ward 13,Municipality,Malappuram,686676,2,6,Plastic bottle,1-3,Never,Never,Yes
524,user11@gmail.com,6+,Apartment,Resident_11,391/16,,,Main Road,Near School,Ward 14,Municipality,Kollam,681546,4,13,Plastic packet,7+,Always,Every 2-3 months,No
525,user12@gmail.com,2-3,Large house,Resident_12,96/15,,,Main Road,Near School,Ward 1,Municipality,Kollam,681830,1,6,Loose / refill,7+,Always,Every month,No
526,user13@gmail.com,4-5,Apartment,Resident_13,256/10,,,Main Road,Near School,Ward 5,Municipality,Ernakulam,684981,4,5,Plastic bottle,None,Always,Rarely,Yes
527,user14@gmail.com,4-5,Large house,Resident_14,461/12,,,Main Road,Near School,Ward 9,Municipality,Kannur,686793,4,5,Loose / refill,1-3,Always,Every 2-3 months,No
528,user15@gmail.com,1,Large house,Resident_15,500/3,,,Main Road,Near School,Ward 21,Municipality,Ernakulam,677672,0,15,Plastic bottle,1-3,Never,Every 2-3 months,No
529,user16@gmail.com,6+,Small house,Resident_16,186/4,,,Main Road,Near School,Ward 10,Municipality,Palakkad,677407,6,13,Plastic bottle,None,Sometimes,Rarely,Yes
530,user17@gmail.com,2-3,Small house,Resident_17,496/6,,,Main Road,Near School,Ward 13,Municipality,Kannur,683300,3,11,Loose / refill,4-7,Always,Every 2-3 months,No
531,user18@gmail.com,4-5,Small house,Resident_18,455/1,,,Main Road,Near School,Ward 13,Municipality,Malappuram,685927,2,2,Loose / refill,7+,Sometimes,Never,Yes
532,user19@gmail.com,4-5,Small house,Resident_19,489/20,,,Main Road,Near School,Ward 20,Municipality,Pathanamthitta,678988,4,3,Plastic bottle,4-7,Always,Never,Yes
533,user20@gmail.com,4-5,Small house,Resident_20,398/11,,,Main Road,Near School,Ward 21,Municipality,Kasaragod,674746,4,14,Plastic packet,4-7,Always,Every 2-3 months,Yes
534,user21@gmail.com,2-3,Small house,Resident_21,352/15,,,Main Road,Near School,Ward 12,Municipality,Idukki,677670,2,18,Plastic bottle,1-3,Sometimes,Never,Yes
535,user22@gmail.com,2-3,Large house,Resident_22,53/11,,,Main Road,Near School,Ward 22,Municipality,Thiruvananthapuram,686516,2,2,Plastic packet,None,Sometimes,Every 2-3 months,Yes
536,user23@gmail.com,2-3,Apartment,Resident_23,485/20,,,Main Road,Near School,Ward 25,Municipality,Palakkad,688200,1,5,Plastic bottle,1-3,Always,Every month,No
537,user24@gmail.com,4-5,Apartment,Resident_24,92/16,,,Main Road,Near School,Ward 18,Municipality,Idukki,682766,2,11,Plastic packet,4-7,Sometimes,Never,Yes
538,user25@gmail.com,4-5,Small house,Resident_25,412/9,,,Main Road,Near School,Ward 6,Municipality,Idukki,678686,3,6,Plastic bottle,7+,Always,Rarely,No
539,user26@gmail.com,2-3,Large house,Resident_26,30/11,,,Main Road,Near School,Ward 17,Municipality,Pathanamthitta,679842,3,13,Plastic packet,7+,Always,Every month,Yes
540,user27@gmail.com,4-5,Large house,Resident_27,474/2,,,Main Road,Near School,Ward 6,Municipality,Kasaragod,683313,3,20,Plastic packet,4-7,Always,Every month,No
541,user28@gmail.com,4-5,Large house,Resident_28,445/10,,,Main Road,Near School,Ward 14,Municipality,Kannur,681271,2,3,Plastic packet,1-3,Always,Every 2-3 months,No
542,user29@gmail.com,2-3,Small house,Resident_29,220/20,,,Main Road,Near School,Ward 24,Municipality,Kottayam,676449,3,17,Plastic bottle,7+,Never,Rarely,No
543,user30@gmail.com,2-3,Large house,Resident_30,26/16,,,Main Road,Near School,Ward 4,Municipality,Kollam,681244,3,19,Plastic packet,7+,Always,Every month,No
544,user31@gmail.com,4-5,Apartment,Resident_31,76/12,,,Main Road,Near School,Ward 4,Municipality,Ernakulam,672677,3,3,Plastic bottle,None,Always,Never,No
545,user32@gmail.com,2-3,Apartment,Resident_32,60/17,,,Main Road,Near School,Ward 8,Municipality,Kasaragod,688115,3,17,Plastic bottle,1-3,Sometimes,Rarely,No
546,user33@gmail.com,1,Small house,Resident_33,404/2,,,Main Road,Near School,Ward 8,Municipality,Kannur,676361,0,13,Plastic bottle,4-7,Sometimes,Rarely,Yes
547,user34@gmail.com,4-5,Small house,Resident_34,194/1,,,Main Road,Near School,Ward 21,Municipality,Thiruvananthapuram,674593,4,9,Plastic bottle,4-7,Always,Every month,Yes
548,user35@gmail.com,6+,Apartment,Resident_35,471/7,,,Main Road,Near School,Ward 2,Municipality,Kasaragod,683912,5,10,Plastic bottle,4-7,Sometimes,Rarely,Yes
549,user36@gmail.com,6+,Small house,Resident_36,367/5,,,Main Road,Near School,Ward 18,Municipality,Wayanad,681428,4,15,Loose / refill,1-3,Sometimes,Every 2-3 months,Yes
550,user37@gmail.com,4-5,Apartment,Resident_37,118/13,,,Main Road,Near School,Ward 14,Municipality,Idukki,675584,2,7,Plastic bottle,None,Always,Every month,No
551,user38@gmail.com,4-5,Small house,Resident_38,338/5,,,Main Road,Near School,Ward 6,Municipality,Ernakulam,672938,2,6,Loose / refill,1-3,Always,Every month,No
552,user39@gmail.com,4-5,Large house,Resident_39,427/15,,,Main Road,Near School,Ward 25,Municipality,Kollam,681186,4,3,Loose / refill,1-3,Sometimes,Never,No
553,user40@gmail.com,1,Small house,Resident_40,311/3,,,Main Road,Near School,Ward 23,Municipality,Wayanad,672623,1,9,Plastic packet,7+,Never,Rarely,Yes
554,user41@gmail.com,2-3,Small house,Resident_41,275/11,,,Main Road,Near School,Ward 15,Municipality,Malappuram,688337,3,19,Plastic bottle,None,Sometimes,Rarely,No
555,user42@gmail.com,2-3,Large house,Resident_42,72/12,,,Main Road,Near School,Ward 16,Municipality,Alappuzha,680112,2,3,Plastic bottle,None,Never,Never,No
556,user43@gmail.com,2-3,Large house,Resident_43,38/9,,,Main Road,Near School,Ward 21,Municipality,Kozhikode,681054,1,8,Loose / refill,None,Always,Every 2-3 months,No
557,user44@gmail.com,6+,Large house,Resident_44,416/14,,,Main Road,Near School,Ward 25,Municipality,Wayanad,675810,6,8,Plastic packet,4-7,Sometimes,Never,No
558,user45@gmail.com,6+,Small house,Resident_45,151/3,,,Main Road,Near School,Ward 11,Municipality,Alappuzha,681218,3,9,Loose / refill,7+,Never,Every month,No
559,user46@gmail.com,2-3,Large house,Resident_46,489/7,,,Main Road,Near School,Ward 23,Municipality,Wayanad,677903,2,19,Plastic packet,4-7,Sometimes,Every 2-3 months,No
560,user47@gmail.com,4-5,Small house,Resident_47,287/8,,,Main Road,Near School,Ward 16,Municipality,Thiruvananthapuram,670594,4,7,Plastic packet,7+,Sometimes,Every 2-3 months,Yes
561,user48@gmail.com,1,Large house,Resident_48,499/19,,,Main Road,Near School,Ward 20,Municipality,Alappuzha,683007,1,5,Plastic packet,4-7,Never,Every month,No
562,user49@gmail.com,4-5,Small house,Resident_49,317/12,,,Main Road,Near School,Ward 23,Municipality,Thrissur,683576,2,9,Loose / refill,4-7,Sometimes,Rarely,No
563,user50@gmail.com,4-5,Small house,Resident_50,362/8,,,Main Road,Near School,Ward 15,Municipality,Ernakulam,678550,3,20,Loose / refill,None,Never,Every 2-3 months,No
564,user51@gmail.com,4-5,Apartment,Resident_51,346/5,,,Main Road,Near School,Ward 20,Municipality,Kozhikode,683425,3,15,Plastic packet,1-3,Never,Every 2-3 months,Yes
565,user52@gmail.com,2-3,Large house,Resident_52,351/17,,,Main Road,Near School,Ward 21,Municipality,Kozhikode,687833,1,13,Plastic bottle,7+,Always,Every 2-3 months,No
566,user53@gmail.com,2-3,Large house,Resident_53,355/8,,,Main Road,Near School,Ward 23,Municipality,Thiruvananthapuram,674879,3,13,Plastic packet,4-7,Never,Never,Yes
567,user54@gmail.com,6+,Apartment,Resident_54,78/20,,,Main Road,Near School,Ward 5,Municipality,Kottayam,679873,6,14,Plastic packet,1-3,Never,Every 2-3 months,No
568,user55@gmail.com,2-3,Small house,Resident_55,388/14,,,Main Road,Near School,Ward 16,Municipality,Palakkad,680754,3,16,Plastic packet,7+,Sometimes,Never,Yes
569,user56@gmail.com,6+,Small house,Resident_56,303/11,,,Main Road,Near School,Ward 25,Municipality,Palakkad,674999,6,8,Plastic packet,4-7,Never,Rarely,Yes
570,user57@gmail.com,4-5,Apartment,Resident_57,334/8,,,Main Road,Near School,Ward 10,Municipality,Kasaragod,676083,4,9,Plastic packet,1-3,Always,Never,No
571,user58@gmail.com,4-5,Apartment,Resident_58,296/14,,,Main Road,Near School,Ward 19,Municipality,Thrissur,688014,3,10,Loose / refill,4-7,Always,Never,Yes
572,user59@gmail.com,6+,Small house,Resident_59,178/3,,,Main Road,Near School,Ward 8,Municipality,Idukki,671611,3,15,Plastic packet,7+,Sometimes,Every 2-3 months,No
573,user60@gmail.com,4-5,Apartment,Resident_60,51/15,,,Main Road,Near School,Ward 8,Municipality,Thiruvananthapuram,674292,2,12,Plastic bottle,None,Never,Rarely,Yes
574,user61@gmail.com,2-3,Small house,Resident_61,188/17,,,Main Road,Near School,Ward 4,Municipality,Wayanad,670564,1,2,Plastic bottle,1-3,Sometimes,Rarely,No
575,user62@gmail.com,4-5,Apartment,Resident_62,68/5,,,Main Road,Near School,Ward 13,Municipality,Idukki,680164,2,13,Plastic bottle,7+,Always,Never,Yes
576,user63@gmail.com,1,Large house,Resident_63,475/9,,,Main Road,Near School,Ward 25,Municipality,Kozhikode,679798,1,9,Loose / refill,7+,Never,Every month,No
577,user64@gmail.com,2-3,Apartment,Resident_64,75/12,,,Main Road,Near School,Ward 20,Municipality,Kozhikode,677158,2,3,Plastic bottle,None,Never,Every 2-3 months,No
578,user65@gmail.com,2-3,Large house,Resident_65,41/16,,,Main Road,Near School,Ward 5,Municipality,Wayanad,675498,1,15,Plastic packet,1-3,Sometimes,Never,No
579,user66@gmail.com,2-3,Apartment,Resident_66,213/8,,,Main Road,Near School,Ward 25,Municipality,Malappuram,681841,1,7,Plastic bottle,7+,Sometimes,Every month,No
580,user67@gmail.com,4-5,Large house,Resident_67,203/20,,,Main Road,Near School,Ward 9,Municipality,Alappuzha,686367,3,16,Plastic bottle,None,Always,Rarely,No
581,user68@gmail.com,6+,Apartment,Resident_68,386/14,,,Main Road,Near School,Ward 19,Municipality,Thrissur,674201,6,10,Plastic bottle,4-7,Sometimes,Every month,Yes
582,user69@gmail.com,6+,Large house,Resident_69,320/9,,,Main Road,Near School,Ward 25,Municipality,Idukki,681360,6,18,Loose / refill,4-7,Sometimes,Never,Yes
583,user70@gmail.com,2-3,Apartment,Resident_70,446/17,,,Main Road,Near School,Ward 10,Municipality,Alappuzha,677094,1,13,Loose / refill,None,Sometimes,Every 2-3 months,Yes
584,user71@gmail.com,2-3,Apartment,Resident_71,415/9,,,Main Road,Near School,Ward 25,Municipality,Kollam,685463,1,3,Plastic bottle,None,Sometimes,Every month,No
585,user72@gmail.com,2-3,Apartment,Resident_72,500/11,,,Main Road,Near School,Ward 15,Municipality,Palakkad,689125,2,9,Loose / refill,1-3,Never,Never,Yes
586,user73@gmail.com,1,Small house,Resident_73,158/10,,,Main Road,Near School,Ward 3,Municipality,Kasaragod,670351,0,20,Plastic packet,1-3,Sometimes,Every 2-3 months,Yes
587,user74@gmail.com,6+,Apartment,Resident_74,445/6,,,Main Road,Near School,Ward 25,Municipality,Kottayam,684019,5,7,Loose / refill,1-3,Always,Every 2-3 months,Yes
588,user75@gmail.com,1,Small house,Resident_75,196/11,,,Main Road,Near School,Ward 4,Municipality,Ernakulam,689706,1,20,Plastic bottle,4-7,Sometimes,Every 2-3 months,Yes
589,user76@gmail.com,4-5,Apartment,Resident_76,184/16,,,Main Road,Near School,Ward 24,Municipality,Wayanad,675469,4,7,Plastic bottle,None,Never,Rarely,No
590,user77@gmail.com,2-3,Apartment,Resident_77,229/10,,,Main Road,Near School,Ward 2,Municipality,Palakkad,684366,1,12,Loose / refill,None,Always,Rarely,Yes
591,user78@gmail.com,4-5,Apartment,Resident_78,402/20,,,Main Road,Near School,Ward 9,Municipality,Wayanad,685854,2,6,Loose / refill,7+,Always,Never,No
592,user79@gmail.com,2-3,Apartment,Resident_79,222/14,,,Main Road,Near School,Ward 12,Municipality,Idukki,681105,3,16,Plastic bottle,7+,Never,Every month,Yes
593,user80@gmail.com,6+,Large house,Resident_80,423/10,,,Main Road,Near School,Ward 19,Municipality,Kasaragod,677095,6,3,Plastic packet,None,Never,Never,No
594,user81@gmail.com,6+,Small house,Resident_81,397/19,,,Main Road,Near School,Ward 7,Municipality,Malappuram,673415,3,9,Plastic bottle,4-7,Never,Every month,No
595,user82@gmail.com,6+,Small house,Resident_82,59/14,,,Main Road,Near School,Ward 18,Municipality,Ernakulam,688218,3,4,Plastic packet,None,Sometimes,Every 2-3 months,Yes
596,user83@gmail.com,2-3,Large house,Resident_83,470/13,,,Main Road,Near School,Ward 11,Municipality,Ernakulam,684297,3,13,Loose / refill,1-3,Never,Every month,Yes
597,user84@gmail.com,2-3,Small house,Resident_84,188/1,,,Main Road,Near School,Ward 25,Municipality,Ernakulam,685152,3,3,Plastic bottle,4-7,Never,Every 2-3 months,Yes
598,user85@gmail.com,2-3,Large house,Resident_85,66/15,,,Main Road,Near School,Ward 21,Municipality,Kozhikode,671134,1,10,Plastic packet,7+,Always,Every 2-3 months,Yes
599,user86@gmail.com,2-3,Apartment,Resident_86,469/11,,,Main Road,Near School,Ward 9,Municipality,Alappuzha,678045,1,18,Plastic bottle,1-3,Never,Never,No
600,user87@gmail.com,4-5,Small house,Resident_87,357/20,,,Main Road,Near School,Ward 23,Municipality,Pathanamthitta,679295,2,4,Plastic bottle,None,Sometimes,Never,Yes
601,user88@gmail.com,4-5,Small house,Resident_88,216/10,,,Main Road,Near School,Ward 6,Municipality,Ernakulam,680576,2,9,Plastic packet,None,Never,Every month,No
602,user89@gmail.com,2-3,Apartment,Resident_89,204/1,,,Main Road,Near School,Ward 9,Municipality,Kollam,686789,1,13,Plastic bottle,None,Never,Every 2-3 months,No
603,user90@gmail.com,2-3,Apartment,Resident_90,196/11,,,Main Road,Near School,Ward 1,Municipality,Wayanad,676212,2,3,Plastic packet,4-7,Sometimes,Every 2-3 months,No
604,user91@gmail.com,4-5,Apartment,Resident_91,377/12,,,Main Road,Near School,Ward 25,Municipality,Kannur,684146,4,8,Plastic packet,7+,Always,Never,Yes
605,user92@gmail.com,2-3,Large house,Resident_92,470/14,,,Main Road,Near School,Ward 6,Municipality,Kozhikode,677696,2,2,Plastic bottle,4-7,Always,Never,No
606,user93@gmail.com,1,Apartment,Resident_93,275/18,,,Main Road,Near School,Ward 5,Municipality,Malappuram,676950,1,17,Plastic packet,4-7,Never,Rarely,No
607,user94@gmail.com,2-3,Apartment,Resident_94,302/18,,,Main Road,Near School,Ward 4,Municipality,Pathanamthitta,675383,3,5,Plastic packet,7+,Sometimes,Rarely,Yes
608,user95@gmail.com,4-5,Large house,Resident_95,271/17,,,Main Road,Near School,Ward 2,Municipality,Kozhikode,673614,3,15,Plastic packet,None,Never,Every month,No
609,user96@gmail.com,2-3,Small house,Resident_96,481/8,,,Main Road,Near School,Ward 11,Municipality,Malappuram,672056,3,10,Plastic packet,1-3,Never,Rarely,Yes
610,user97@gmail.com,2-3,Apartment,Resident_97,489/13,,,Main Road,Near School,Ward 7,Municipality,Wayanad,680206,2,14,Plastic packet,None,Always,Every month,Yes
611,user98@gmail.com,4-5,Apartment,Resident_98,423/8,,,Main Road,Near School,Ward 7,Municipality,Kasaragod,688711,3,10,Plastic bottle,4-7,Always,Never,Yes
612,user99@gmail.com,2-3,Apartment,Resident_99,477/4,,,Main Road,Near School,Ward 14,Municipality,Kozhikode,685543,1,18,Plastic packet,4-7,Always,Rarely,No
613,user100@gmail.com,2-3,Apartment,Resident_100,285/9,,,Main Road,Near School,Ward 2,Municipality,Kannur,680687,3,2,Loose / refill,4-7,Always,Rarely,Yes
614,user101@gmail.com,6+,Apartment,Resident_101,463/13,,,Main Road,Near School,Ward 2,Municipality,Alappuzha,679506,6,17,Plastic bottle,7+,Sometimes,Never,Yes
615,user102@gmail.com,6+,Large house,Resident_102,258/11,,,Main Road,Near School,Ward 16,Municipality,Kasaragod,688870,5,7,Plastic packet,1-3,Never,Never,Yes
616,user103@gmail.com,1,Apartment,Resident_103,381/14,,,Main Road,Near School,Ward 5,Municipality,Wayanad,681315,0,16,Plastic packet,None,Always,Every 2-3 months,No
617,user104@gmail.com,4-5,Large house,Resident_104,421/20,,,Main Road,Near School,Ward 23,Municipality,Ernakulam,675310,3,17,Plastic bottle,1-3,Always,Every 2-3 months,Yes
618,user105@gmail.com,2-3,Large house,Resident_105,125/19,,,Main Road,Near School,Ward 23,Municipality,Thiruvananthapuram,678294,3,5,Plastic packet,4-7,Always,Rarely,Yes
619,user106@gmail.com,6+,Small house,Resident_106,204/18,,,Main Road,Near School,Ward 7,Municipality,Kasaragod,681277,4,6,Plastic bottle,None,Never,Every 2-3 months,Yes
620,user107@gmail.com,2-3,Apartment,Resident_107,104/15,,,Main Road,Near School,Ward 20,Municipality,Malappuram,689217,2,19,Loose / refill,1-3,Sometimes,Never,Yes
621,user108@gmail.com,2-3,Small house,Resident_108,256/6,,,Main Road,Near School,Ward 23,Municipality,Kottayam,681604,2,15,Plastic bottle,4-7,Sometimes,Rarely,Yes
622,user109@gmail.com,2-3,Apartment,Resident_109,400/9,,,Main Road,Near School,Ward 15,Municipality,Alappuzha,680212,3,4,Plastic packet,None,Sometimes,Every 2-3 months,Yes
623,user110@gmail.com,2-3,Small house,Resident_110,268/18,,,Main Road,Near School,Ward 2,Municipality,Pathanamthitta,670004,2,11,Plastic bottle,None,Sometimes,Rarely,No
624,user111@gmail.com,4-5,Large house,Resident_111,306/8,,,Main Road,Near School,Ward 13,Municipality,Alappuzha,689818,4,16,Plastic bottle,None,Always,Rarely,No
625,user112@gmail.com,6+,Apartment,Resident_112,275/19,,,Main Road,Near School,Ward 14,Municipality,Kannur,689930,6,10,Loose / refill,4-7,Never,Rarely,No
626,user113@gmail.com,4-5,Apartment,Resident_113,217/12,,,Main Road,Near School,Ward 13,Municipality,Kozhikode,681380,2,17,Plastic bottle,None,Sometimes,Every 2-3 months,Yes
627,user114@gmail.com,4-5,Large house,Resident_114,387/11,,,Main Road,Near School,Ward 4,Municipality,Alappuzha,686665,2,17,Loose / refill,None,Never,Every 2-3 months,No
628,user115@gmail.com,6+,Small house,Resident_115,49/8,,,Main Road,Near School,Ward 7,Municipality,Ernakulam,685541,6,2,Loose / refill,4-7,Never,Every 2-3 months,Yes
629,user116@gmail.com,4-5,Small house,Resident_116,406/16,,,Main Road,Near School,Ward 11,Municipality,Wayanad,679581,3,13,Plastic packet,1-3,Never,Never,Yes
630,user117@gmail.com,6+,Small house,Resident_117,414/8,,,Main Road,Near School,Ward 2,Municipality,Kozhikode,675280,3,4,Plastic packet,7+,Never,Never,Yes
631,user118@gmail.com,2-3,Apartment,Resident_118,314/9,,,Main Road,Near School,Ward 19,Municipality,Idukki,685008,1,19,Plastic bottle,1-3,Never,Every 2-3 months,Yes
632,user119@gmail.com,4-5,Small house,Resident_119,129/16,,,Main Road,Near School,Ward 11,Municipality,Pathanamthitta,675482,2,14,Loose / refill,None,Never,Rarely,No
633,user120@gmail.com,2-3,Large house,Resident_120,243/17,,,Main Road,Near School,Ward 23,Municipality,Thrissur,677005,3,7,Loose / refill,7+,Never,Rarely,No
634,user121@gmail.com,2-3,Apartment,Resident_121,279/12,,,Main Road,Near School,Ward 17,Municipality,Idukki,671403,2,3,Plastic bottle,1-3,Sometimes,Every 2-3 months,Yes
635,user122@gmail.com,4-5,Large house,Resident_122,81/13,,,Main Road,Near School,Ward 12,Municipality,Kasaragod,684588,4,13,Loose / refill,4-7,Always,Rarely,Yes
636,user123@gmail.com,4-5,Large house,Resident_123,477/16,,,Main Road,Near School,Ward 13,Municipality,Thrissur,686263,2,19,Plastic packet,7+,Never,Never,No
637,user124@gmail.com,6+,Small house,Resident_124,266/10,,,Main Road,Near School,Ward 15,Municipality,Kottayam,675448,3,6,Plastic bottle,1-3,Always,Every 2-3 months,No
638,user125@gmail.com,2-3,Large house,Resident_125,472/10,,,Main Road,Near School,Ward 19,Municipality,Kasaragod,680957,2,12,Plastic bottle,1-3,Never,Never,No
639,user126@gmail.com,4-5,Apartment,Resident_126,248/12,,,Main Road,Near School,Ward 17,Municipality,Palakkad,675484,3,14,Plastic packet,4-7,Always,Never,No
640,user127@gmail.com,6+,Large house,Resident_127,105/19,,,Main Road,Near School,Ward 10,Municipality,Pathanamthitta,683768,6,8,Plastic packet,7+,Sometimes,Rarely,No
641,user128@gmail.com,4-5,Apartment,Resident_128,95/8,,,Main Road,Near School,Ward 25,Municipality,Kozhikode,687719,4,19,Plastic packet,4-7,Never,Every month,No
642,user129@gmail.com,4-5,Large house,Resident_129,433/9,,,Main Road,Near School,Ward 13,Municipality,Wayanad,678503,4,8,Plastic bottle,1-3,Sometimes,Never,Yes
643,user130@gmail.com,4-5,Large house,Resident_130,46/8,,,Main Road,Near School,Ward 20,Municipality,Kozhikode,688401,2,13,Plastic packet,1-3,Sometimes,Rarely,No
644,user131@gmail.com,2-3,Small house,Resident_131,402/11,,,Main Road,Near School,Ward 25,Municipality,Malappuram,672597,3,12,Loose / refill,None,Never,Never,Yes
645,user132@gmail.com,6+,Apartment,Resident_132,103/15,,,Main Road,Near School,Ward 20,Municipality,Kasaragod,685548,6,17,Plastic bottle,7+,Sometimes,Every 2-3 months,Yes
646,user133@gmail.com,4-5,Small house,Resident_133,336/4,,,Main Road,Near School,Ward 16,Municipality,Kasaragod,672007,2,4,Loose / refill,4-7,Sometimes,Every 2-3 months,Yes
647,user134@gmail.com,2-3,Large house,Resident_134,42/5,,,Main Road,Near School,Ward 7,Municipality,Kollam,689528,2,9,Plastic bottle,7+,Always,Every 2-3 months,No
648,user135@gmail.com,2-3,Apartment,Resident_135,482/6,,,Main Road,Near School,Ward 15,Municipality,Kannur,674385,1,16,Plastic bottle,1-3,Sometimes,Every month,No
649,user136@gmail.com,6+,Large house,Resident_136,141/11,,,Main Road,Near School,Ward 20,Municipality,Thiruvananthapuram,686278,3,14,Plastic bottle,7+,Sometimes,Every month,No
650,user137@gmail.com,4-5,Small house,Resident_137,369/9,,,Main Road,Near School,Ward 3,Municipality,Kasaragod,678707,2,11,Loose / refill,7+,Sometimes,Rarely,Yes
651,user138@gmail.com,1,Small house,Resident_138,295/9,,,Main Road,Near School,Ward 15,Municipality,Kannur,687160,1,11,Plastic bottle,None,Never,Rarely,No
652,user139@gmail.com,2-3,Large house,Resident_139,13/7,,,Main Road,Near School,Ward 3,Municipality,Kottayam,672123,3,2,Plastic bottle,None,Always,Never,No
653,user140@gmail.com,1,Large house,Resident_140,338/12,,,Main Road,Near School,Ward 22,Municipality,Palakkad,683013,0,6,Plastic packet,4-7,Always,Every 2-3 months,Yes
654,user141@gmail.com,2-3,Apartment,Resident_141,467/11,,,Main Road,Near School,Ward 15,Municipality,Thrissur,681350,1,9,Loose / refill,None,Sometimes,Every 2-3 months,Yes
655,user142@gmail.com,2-3,Large house,Resident_142,42/11,,,Main Road,Near School,Ward 21,Municipality,Palakkad,676526,3,10,Loose / refill,7+,Sometimes,Never,Yes
656,user143@gmail.com,4-5,Apartment,Resident_143,378/5,,,Main Road,Near School,Ward 1,Municipality,Alappuzha,670515,4,16,Plastic bottle,4-7,Sometimes,Every month,Yes
657,user144@gmail.com,4-5,Apartment,Resident_144,25/7,,,Main Road,Near School,Ward 2,Municipality,Ernakulam,672000,2,14,Plastic packet,1-3,Never,Every 2-3 months,Yes
658,user145@gmail.com,2-3,Apartment,Resident_145,374/19,,,Main Road,Near School,Ward 22,Municipality,Wayanad,672387,1,15,Plastic packet,1-3,Sometimes,Every 2-3 months,Yes
659,user146@gmail.com,2-3,Small house,Resident_146,94/10,,,Main Road,Near School,Ward 14,Municipality,Pathanamthitta,675696,1,15,Loose / refill,7+,Sometimes,Rarely,No
660,user147@gmail.com,6+,Large house,Resident_147,449/10,,,Main Road,Near School,Ward 22,Municipality,Ernakulam,684794,6,4,Loose / refill,None,Sometimes,Never,No
661,user148@gmail.com,6+,Small house,Resident_148,247/13,,,Main Road,Near School,Ward 5,Municipality,Thiruvananthapuram,672664,3,17,Loose / refill,None,Sometimes,Never,Yes
662,user149@gmail.com,4-5,Apartment,Resident_149,141/13,,,Main Road,Near School,Ward 21,Municipality,Alappuzha,685302,4,3,Plastic bottle,None,Never,Rarely,No
663,user150@gmail.com,4-5,Large house,Resident_150,203/12,,,Main Road,Near School,Ward 5,Municipality,Ernakulam,680366,3,14,Plastic bottle,None,Sometimes,Never,No
664,user151@gmail.com,1,Large house,Resident_151,495/3,,,Main Road,Near School,Ward 20,Municipality,Kozhikode,687825,0,6,Plastic bottle,1-3,Sometimes,Rarely,Yes
665,user152@gmail.com,6+,Apartment,Resident_152,323/20,,,Main Road,Near School,Ward 22,Municipality,Wayanad,686496,5,3,Loose / refill,None,Always,Rarely,Yes
666,user153@gmail.com,4-5,Small house,Resident_153,172/19,,,Main Road,Near School,Ward 6,Municipality,Ernakulam,674367,2,17,Loose / refill,7+,Sometimes,Every 2-3 months,Yes
667,user154@gmail.com,4-5,Small house,Resident_154,415/12,,,Main Road,Near School,Ward 12,Municipality,Alappuzha,680886,4,14,Loose / refill,4-7,Never,Every 2-3 months,Yes
668,user155@gmail.com,2-3,Large house,Resident_155,190/17,,,Main Road,Near School,Ward 20,Municipality,Alappuzha,687486,1,10,Plastic packet,1-3,Sometimes,Never,No
669,user156@gmail.com,6+,Small house,Resident_156,352/20,,,Main Road,Near School,Ward 11,Municipality,Kottayam,679175,3,12,Plastic bottle,None,Sometimes,Never,Yes
670,user157@gmail.com,6+,Apartment,Resident_157,9/1,,,Main Road,Near School,Ward 9,Municipality,Idukki,679022,5,17,Loose / refill,4-7,Always,Every month,No
671,user158@gmail.com,4-5,Large house,Resident_158,351/4,,,Main Road,Near School,Ward 12,Municipality,Kannur,671815,3,14,Plastic packet,None,Always,Every month,Yes
672,user159@gmail.com,1,Large house,Resident_159,87/10,,,Main Road,Near School,Ward 3,Municipality,Kannur,681551,0,12,Plastic packet,1-3,Always,Never,Yes
673,user160@gmail.com,4-5,Small house,Resident_160,55/18,,,Main Road,Near School,Ward 10,Municipality,Malappuram,672541,2,10,Plastic packet,1-3,Always,Rarely,Yes
674,user161@gmail.com,4-5,Apartment,Resident_161,337/10,,,Main Road,Near School,Ward 6,Municipality,Wayanad,687273,3,6,Loose / refill,None,Sometimes,Every 2-3 months,Yes
675,user162@gmail.com,4-5,Small house,Resident_162,283/5,,,Main Road,Near School,Ward 4,Municipality,Kozhikode,670998,2,16,Loose / refill,7+,Never,Rarely,No
676,user163@gmail.com,2-3,Small house,Resident_163,355/8,,,Main Road,Near School,Ward 22,Municipality,Kottayam,676480,1,12,Plastic bottle,1-3,Always,Never,Yes
677,user164@gmail.com,2-3,Small house,Resident_164,219/15,,,Main Road,Near School,Ward 25,Municipality,Thrissur,677428,3,6,Plastic bottle,7+,Sometimes,Every 2-3 months,Yes
678,user165@gmail.com,2-3,Large house,Resident_165,249/19,,,Main Road,Near School,Ward 2,Municipality,Kasaragod,679626,3,7,Plastic packet,None,Sometimes,Rarely,Yes
679,user166@gmail.com,4-5,Apartment,Resident_166,196/15,,,Main Road,Near School,Ward 19,Municipality,Malappuram,672638,2,6,Loose / refill,1-3,Sometimes,Every 2-3 months,Yes
680,user167@gmail.com,6+,Apartment,Resident_167,390/20,,,Main Road,Near School,Ward 1,Municipality,Kollam,672594,4,12,Plastic bottle,7+,Always,Every month,Yes
681,user168@gmail.com,2-3,Apartment,Resident_168,109/17,,,Main Road,Near School,Ward 17,Municipality,Malappuram,674238,1,13,Plastic bottle,7+,Always,Rarely,Yes
682,user169@gmail.com,6+,Small house,Resident_169,136/12,,,Main Road,Near School,Ward 4,Municipality,Palakkad,673500,6,13,Loose / refill,7+,Never,Never,No
683,user170@gmail.com,6+,Small house,Resident_170,32/1,,,Main Road,Near School,Ward 21,Municipality,Wayanad,680719,3,18,Plastic packet,1-3,Sometimes,Every month,No
684,user171@gmail.com,2-3,Small house,Resident_171,35/18,,,Main Road,Near School,Ward 17,Municipality,Kottayam,674107,3,15,Plastic bottle,1-3,Always,Never,Yes
685,user172@gmail.com,6+,Apartment,Resident_172,226/13,,,Main Road,Near School,Ward 15,Municipality,Thrissur,679801,3,6,Loose / refill,7+,Never,Every month,No
686,user173@gmail.com,2-3,Apartment,Resident_173,86/9,,,Main Road,Near School,Ward 19,Municipality,Palakkad,675885,2,7,Loose / refill,None,Sometimes,Never,Yes
687,user174@gmail.com,6+,Large house,Resident_174,40/15,,,Main Road,Near School,Ward 14,Municipality,Kasaragod,683320,4,17,Plastic packet,1-3,Sometimes,Every month,No
688,user175@gmail.com,6+,Apartment,Resident_175,101/18,,,Main Road,Near School,Ward 24,Municipality,Kottayam,673194,6,2,Loose / refill,4-7,Sometimes,Never,No
689,user176@gmail.com,4-5,Large house,Resident_176,345/8,,,Main Road,Near School,Ward 25,Municipality,Ernakulam,673380,2,8,Plastic packet,7+,Sometimes,Never,No
690,user177@gmail.com,2-3,Large house,Resident_177,179/17,,,Main Road,Near School,Ward 6,Municipality,Palakkad,684733,1,17,Plastic bottle,4-7,Always,Rarely,Yes
691,user178@gmail.com,4-5,Apartment,Resident_178,188/2,,,Main Road,Near School,Ward 10,Municipality,Kannur,675632,4,18,Loose / refill,4-7,Never,Rarely,Yes
692,user179@gmail.com,4-5,Small house,Resident_179,243/19,,,Main Road,Near School,Ward 18,Municipality,Kannur,674724,4,10,Plastic packet,4-7,Never,Never,Yes
693,user180@gmail.com,4-5,Apartment,Resident_180,209/7,,,Main Road,Near School,Ward 3,Municipality,Pathanamthitta,688374,3,5,Plastic bottle,7+,Never,Never,Yes
694,user181@gmail.com,1,Small house,Resident_181,202/17,,,Main Road,Near School,Ward 19,Municipality,Kottayam,670692,1,20,Loose / refill,1-3,Never,Rarely,No
695,user182@gmail.com,1,Small house,Resident_182,46/9,,,Main Road,Near School,Ward 9,Municipality,Kannur,688412,1,3,Loose / refill,None,Never,Never,No
696,user183@gmail.com,2-3,Apartment,Resident_183,223/2,,,Main Road,Near School,Ward 24,Municipality,Wayanad,681673,1,8,Plastic bottle,1-3,Always,Every 2-3 months,No
697,user184@gmail.com,4-5,Large house,Resident_184,2/9,,,Main Road,Near School,Ward 4,Municipality,Kollam,679991,3,16,Loose / refill,7+,Never,Rarely,No
698,user185@gmail.com,2-3,Large house,Resident_185,340/20,,,Main Road,Near School,Ward 5,Municipality,Kannur,675559,3,5,Loose / refill,1-3,Always,Every 2-3 months,No
699,user186@gmail.com,4-5,Large house,Resident_186,160/20,,,Main Road,Near School,Ward 10,Municipality,Thiruvananthapuram,676107,3,6,Loose / refill,1-3,Sometimes,Rarely,No
700,user187@gmail.com,2-3,Small house,Resident_187,381/3,,,Main Road,Near School,Ward 5,Municipality,Kollam,672279,3,3,Plastic packet,4-7,Sometimes,Every 2-3 months,Yes
701,user188@gmail.com,4-5,Apartment,Resident_188,171/8,,,Main Road,Near School,Ward 12,Municipality,Wayanad,688696,3,6,Plastic packet,7+,Never,Never,No
702,user189@gmail.com,1,Apartment,Resident_189,436/17,,,Main Road,Near School,Ward 7,Municipality,Alappuzha,680102,0,10,Plastic bottle,4-7,Sometimes,Rarely,Yes
703,user190@gmail.com,6+,Apartment,Resident_190,309/4,,,Main Road,Near School,Ward 12,Municipality,Kasaragod,684960,3,7,Plastic packet,None,Sometimes,Rarely,No
704,user191@gmail.com,2-3,Apartment,Resident_191,38/4,,,Main Road,Near School,Ward 6,Municipality,Wayanad,689023,1,4,Plastic bottle,4-7,Always,Never,Yes
705,user192@gmail.com,2-3,Small house,Resident_192,130/19,,,Main Road,Near School,Ward 4,Municipality,Pathanamthitta,679616,2,7,Loose / refill,4-7,Never,Never,Yes
706,user193@gmail.com,1,Large house,Resident_193,50/17,,,Main Road,Near School,Ward 25,Municipality,Thiruvananthapuram,681017,1,9,Plastic bottle,4-7,Always,Every month,Yes
707,user194@gmail.com,2-3,Large house,Resident_194,134/12,,,Main Road,Near School,Ward 1,Municipality,Kozhikode,681011,3,9,Plastic packet,4-7,Sometimes,Every 2-3 months,Yes
708,user195@gmail.com,6+,Apartment,Resident_195,210/4,,,Main Road,Near School,Ward 17,Municipality,Palakkad,676644,5,15,Loose / refill,None,Never,Every month,Yes
709,user196@gmail.com,4-5,Small house,Resident_196,383/17,,,Main Road,Near School,Ward 21,Municipality,Wayanad,679018,3,2,Plastic packet,4-7,Always,Every 2-3 months,Yes
710,user197@gmail.com,2-3,Apartment,Resident_197,169/14,,,Main Road,Near School,Ward 14,Municipality,Kasaragod,675924,1,3,Plastic packet,7+,Always,Every 2-3 months,Yes
711,user198@gmail.com,6+,Apartment,Resident_198,236/11,,,Main Road,Near School,Ward 18,Municipality,Palakkad,684691,4,3,Loose / refill,4-7,Sometimes,Never,Yes
712,user199@gmail.com,6+,Apartment,Resident_199,290/12,,,Main Road,Near School,Ward 6,Municipality,Idukki,671046,6,14,Plastic packet,1-3,Never,Every month,No
713,user200@gmail.com,2-3,Apartment,Resident_200,388/19,,,Main Road,Near School,Ward 8,Municipality,Thiruvananthapuram,677614,2,2,Loose / refill,7+,Sometimes,Every month,No
714,user201@gmail.com,1,Small house,Resident_201,315/8,,,Main Road,Near School,Ward 3,Municipality,Ernakulam,688421,0,19,Plastic bottle,7+,Always,Every month,Yes
715,user202@gmail.com,1,Small house,Resident_202,323/15,,,Main Road,Near School,Ward 3,Municipality,Alappuzha,673354,1,8,Loose / refill,7+,Sometimes,Every month,No
716,user203@gmail.com,4-5,Large house,Resident_203,499/9,,,Main Road,Near School,Ward 11,Municipality,Thiruvananthapuram,683287,4,10,Loose / refill,None,Never,Every month,No
717,user204@gmail.com,2-3,Large house,Resident_204,443/2,,,Main Road,Near School,Ward 6,Municipality,Palakkad,675886,1,4,Plastic packet,4-7,Always,Every month,No
718,user205@gmail.com,2-3,Apartment,Resident_205,205/18,,,Main Road,Near School,Ward 25,Municipality,Kollam,677017,2,17,Plastic bottle,4-7,Never,Every month,No
719,user206@gmail.com,4-5,Large house,Resident_206,129/12,,,Main Road,Near School,Ward 3,Municipality,Thrissur,681616,2,4,Plastic packet,7+,Never,Every month,Yes
720,user207@gmail.com,4-5,Small house,Resident_207,316/5,,,Main Road,Near School,Ward 15,Municipality,Palakkad,678503,3,5,Plastic packet,1-3,Sometimes,Rarely,No
721,user208@gmail.com,4-5,Small house,Resident_208,359/17,,,Main Road,Near School,Ward 21,Municipality,Pathanamthitta,670315,2,10,Plastic bottle,4-7,Sometimes,Every month,Yes
722,user209@gmail.com,4-5,Small house,Resident_209,144/9,,,Main Road,Near School,Ward 18,Municipality,Kasaragod,674631,3,14,Plastic packet,1-3,Always,Never,No
723,user210@gmail.com,1,Small house,Resident_210,246/12,,,Main Road,Near School,Ward 1,Municipality,Kozhikode,689327,0,15,Loose / refill,None,Sometimes,Rarely,No
724,user211@gmail.com,4-5,Small house,Resident_211,453/11,,,Main Road,Near School,Ward 2,Municipality,Idukki,676687,2,7,Plastic packet,4-7,Sometimes,Never,No
725,user212@gmail.com,1,Small house,Resident_212,337/18,,,Main Road,Near School,Ward 11,Municipality,Kannur,682512,1,2,Plastic bottle,4-7,Never,Every month,No
726,user213@gmail.com,2-3,Small house,Resident_213,399/1,,,Main Road,Near School,Ward 8,Municipality,Kottayam,674683,2,12,Plastic packet,None,Sometimes,Every 2-3 months,No
727,user214@gmail.com,2-3,Apartment,Resident_214,279/9,,,Main Road,Near School,Ward 3,Municipality,Kozhikode,670903,1,17,Plastic packet,7+,Always,Never,No
728,user215@gmail.com,2-3,Small house,Resident_215,70/12,,,Main Road,Near School,Ward 9,Municipality,Wayanad,670737,1,12,Plastic bottle,4-7,Always,Rarely,Yes
729,user216@gmail.com,2-3,Small house,Resident_216,493/2,,,Main Road,Near School,Ward 6,Municipality,Idukki,676404,3,19,Plastic bottle,7+,Sometimes,Never,Yes
730,user217@gmail.com,1,Apartment,Resident_217,475/17,,,Main Road,Near School,Ward 12,Municipality,Alappuzha,674793,0,19,Plastic bottle,1-3,Never,Every 2-3 months,Yes
731,user218@gmail.com,2-3,Small house,Resident_218,464/17,,,Main Road,Near School,Ward 12,Municipality,Idukki,688243,1,5,Plastic bottle,4-7,Sometimes,Rarely,No
732,user219@gmail.com,2-3,Apartment,Resident_219,40/6,,,Main Road,Near School,Ward 12,Municipality,Palakkad,683587,1,17,Plastic packet,7+,Never,Never,No
733,user220@gmail.com,4-5,Large house,Resident_220,143/6,,,Main Road,Near School,Ward 2,Municipality,Thiruvananthapuram,683154,2,19,Plastic bottle,4-7,Always,Every 2-3 months,Yes
734,user221@gmail.com,2-3,Large house,Resident_221,4/14,,,Main Road,Near School,Ward 8,Municipality,Idukki,685323,3,6,Loose / refill,7+,Never,Never,Yes
735,user222@gmail.com,2-3,Apartment,Resident_222,390/1,,,Main Road,Near School,Ward 23,Municipality,Idukki,685634,1,19,Loose / refill,1-3,Always,Every month,Yes
736,user223@gmail.com,6+,Apartment,Resident_223,407/8,,,Main Road,Near School,Ward 19,Municipality,Thrissur,684937,6,6,Loose / refill,7+,Sometimes,Every 2-3 months,Yes
737,user224@gmail.com,4-5,Large house,Resident_224,445/9,,,Main Road,Near School,Ward 13,Municipality,Kasaragod,670488,3,7,Plastic bottle,1-3,Sometimes,Every 2-3 months,Yes
738,user225@gmail.com,6+,Apartment,Resident_225,335/12,,,Main Road,Near School,Ward 11,Municipality,Kozhikode,675643,4,6,Plastic bottle,7+,Sometimes,Every month,No
739,user226@gmail.com,2-3,Apartment,Resident_226,206/11,,,Main Road,Near School,Ward 18,Municipality,Thiruvananthapuram,677343,2,6,Plastic packet,4-7,Never,Every 2-3 months,No
740,user227@gmail.com,6+,Large house,Resident_227,138/12,,,Main Road,Near School,Ward 5,Municipality,Malappuram,689478,5,14,Plastic bottle,4-7,Sometimes,Every month,Yes
741,user228@gmail.com,4-5,Small house,Resident_228,202/19,,,Main Road,Near School,Ward 24,Municipality,Wayanad,681092,2,10,Loose / refill,None,Always,Every 2-3 months,Yes
742,user229@gmail.com,6+,Apartment,Resident_229,93/15,,,Main Road,Near School,Ward 7,Municipality,Thiruvananthapuram,683180,6,6,Plastic bottle,4-7,Sometimes,Rarely,Yes
743,user230@gmail.com,2-3,Small house,Resident_230,411/19,,,Main Road,Near School,Ward 20,Municipality,Kozhikode,678138,3,4,Plastic packet,7+,Always,Never,Yes
744,user231@gmail.com,2-3,Large house,Resident_231,140/9,,,Main Road,Near School,Ward 6,Municipality,Ernakulam,683520,1,11,Plastic packet,None,Always,Rarely,Yes
745,user232@gmail.com,1,Apartment,Resident_232,203/16,,,Main Road,Near School,Ward 13,Municipality,Malappuram,680347,1,7,Loose / refill,4-7,Never,Never,No
746,user233@gmail.com,2-3,Apartment,Resident_233,452/13,,,Main Road,Near School,Ward 21,Municipality,Thrissur,670522,1,15,Plastic packet,4-7,Sometimes,Every 2-3 months,No
747,user234@gmail.com,2-3,Apartment,Resident_234,27/10,,,Main Road,Near School,Ward 1,Municipality,Idukki,678052,2,16,Plastic packet,4-7,Never,Every 2-3 months,No
748,user235@gmail.com,2-3,Apartment,Resident_235,205/3,,,Main Road,Near School,Ward 12,Municipality,Kasaragod,682652,1,3,Plastic bottle,4-7,Sometimes,Rarely,No
749,user236@gmail.com,2-3,Apartment,Resident_236,9/16,,,Main Road,Near School,Ward 25,Municipality,Kollam,689980,1,11,Loose / refill,7+,Always,Every month,No
750,user237@gmail.com,1,Apartment,Resident_237,477/1,,,Main Road,Near School,Ward 6,Municipality,Idukki,673622,0,17,Plastic bottle,None,Never,Never,No
751,user238@gmail.com,4-5,Large house,Resident_238,78/16,,,Main Road,Near School,Ward 2,Municipality,Idukki,681900,2,4,Plastic packet,4-7,Sometimes,Never,Yes
752,user239@gmail.com,4-5,Apartment,Resident_239,31/3,,,Main Road,Near School,Ward 17,Municipality,Ernakulam,672134,4,17,Plastic bottle,1-3,Never,Every 2-3 months,No
753,user240@gmail.com,4-5,Large house,Resident_240,43/2,,,Main Road,Near School,Ward 6,Municipality,Thrissur,687579,3,4,Loose / refill,7+,Never,Every 2-3 months,No
754,user241@gmail.com,2-3,Apartment,Resident_241,460/8,,,Main Road,Near School,Ward 17,Municipality,Kasaragod,671451,3,4,Plastic packet,None,Sometimes,Every 2-3 months,Yes
755,user242@gmail.com,4-5,Small house,Resident_242,235/19,,,Main Road,Near School,Ward 1,Municipality,Pathanamthitta,684498,2,12,Plastic bottle,7+,Sometimes,Rarely,No
756,user243@gmail.com,4-5,Large house,Resident_243,284/17,,,Main Road,Near School,Ward 12,Municipality,Thrissur,675248,3,15,Loose / refill,1-3,Never,Never,No
757,user244@gmail.com,2-3,Small house,Resident_244,95/6,,,Main Road,Near School,Ward 23,Municipality,Kasaragod,673018,3,12,Loose / refill,7+,Sometimes,Never,No
758,user245@gmail.com,2-3,Apartment,Resident_245,346/6,,,Main Road,Near School,Ward 1,Municipality,Palakkad,683191,1,12,Plastic bottle,1-3,Never,Rarely,Yes
759,user246@gmail.com,6+,Large house,Resident_246,266/18,,,Main Road,Near School,Ward 6,Municipality,Malappuram,674956,5,6,Plastic bottle,7+,Always,Every 2-3 months,Yes
760,user247@gmail.com,2-3,Apartment,Resident_247,398/14,,,Main Road,Near School,Ward 16,Municipality,Alappuzha,687947,3,5,Plastic packet,None,Never,Never,Yes
761,user248@gmail.com,4-5,Apartment,Resident_248,51/11,,,Main Road,Near School,Ward 25,Municipality,Malappuram,675204,4,10,Loose / refill,None,Always,Never,Yes
762,user249@gmail.com,1,Apartment,Resident_249,168/3,,,Main Road,Near School,Ward 15,Municipality,Malappuram,689120,1,15,Plastic bottle,None,Never,Every 2-3 months,Yes
763,user250@gmail.com,2-3,Small house,Resident_250,321/15,,,Main Road,Near School,Ward 19,Municipality,Idukki,670490,3,3,Plastic bottle,4-7,Never,Every 2-3 months,Yes
764,user251@gmail.com,4-5,Apartment,Resident_251,203/1,,,Main Road,Near School,Ward 11,Municipality,Thrissur,684631,2,3,Plastic bottle,1-3,Always,Never,Yes
765,user252@gmail.com,2-3,Small house,Resident_252,194/6,,,Main Road,Near School,Ward 3,Municipality,Idukki,687599,3,16,Plastic bottle,4-7,Never,Never,No
766,user253@gmail.com,4-5,Apartment,Resident_253,438/10,,,Main Road,Near School,Ward 22,Municipality,Thrissur,684654,3,17,Plastic packet,None,Sometimes,Never,Yes
767,user254@gmail.com,2-3,Small house,Resident_254,111/19,,,Main Road,Near School,Ward 9,Municipality,Kottayam,688018,3,5,Plastic packet,None,Sometimes,Every month,No
768,user255@gmail.com,2-3,Small house,Resident_255,348/11,,,Main Road,Near School,Ward 8,Municipality,Kollam,687985,3,15,Plastic packet,7+,Never,Every 2-3 months,Yes
769,user256@gmail.com,4-5,Apartment,Resident_256,323/1,,,Main Road,Near School,Ward 7,Municipality,Kollam,674333,2,7,Loose / refill,None,Always,Rarely,Yes
770,user257@gmail.com,1,Large house,Resident_257,312/9,,,Main Road,Near School,Ward 21,Municipality,Thiruvananthapuram,680006,0,11,Plastic bottle,7+,Sometimes,Rarely,No
771,user258@gmail.com,6+,Apartment,Resident_258,360/8,,,Main Road,Near School,Ward 25,Municipality,Thrissur,689711,3,16,Plastic packet,None,Always,Every month,No
772,user259@gmail.com,2-3,Small house,Resident_259,129/15,,,Main Road,Near School,Ward 25,Municipality,Idukki,679158,1,11,Plastic packet,1-3,Sometimes,Every 2-3 months,No
773,user260@gmail.com,2-3,Apartment,Resident_260,307/1,,,Main Road,Near School,Ward 22,Municipality,Kollam,687982,3,3,Plastic bottle,1-3,Never,Every month,Yes
774,user261@gmail.com,6+,Apartment,Resident_261,115/20,,,Main Road,Near School,Ward 24,Municipality,Thiruvananthapuram,672658,4,19,Plastic packet,1-3,Never,Every 2-3 months,No
775,user262@gmail.com,2-3,Large house,Resident_262,498/3,,,Main Road,Near School,Ward 5,Municipality,Pathanamthitta,686429,2,17,Loose / refill,None,Always,Never,No
776,user263@gmail.com,2-3,Small house,Resident_263,191/3,,,Main Road,Near School,Ward 9,Municipality,Idukki,689907,2,7,Plastic packet,4-7,Never,Every month,Yes
777,user264@gmail.com,2-3,Large house,Resident_264,183/9,,,Main Road,Near School,Ward 22,Municipality,Thiruvananthapuram,679029,3,6,Plastic packet,4-7,Never,Every month,No
778,user265@gmail.com,1,Large house,Resident_265,441/20,,,Main Road,Near School,Ward 23,Municipality,Malappuram,686792,1,8,Plastic packet,7+,Sometimes,Every month,No
779,user266@gmail.com,1,Apartment,Resident_266,180/8,,,Main Road,Near School,Ward 1,Municipality,Idukki,689279,0,15,Plastic bottle,4-7,Sometimes,Every 2-3 months,No
780,user267@gmail.com,4-5,Large house,Resident_267,492/19,,,Main Road,Near School,Ward 22,Municipality,Thrissur,679206,4,6,Loose / refill,7+,Sometimes,Rarely,No
781,user268@gmail.com,4-5,Small house,Resident_268,90/17,,,Main Road,Near School,Ward 21,Municipality,Kannur,689973,4,7,Plastic packet,7+,Sometimes,Never,Yes
782,user269@gmail.com,6+,Large house,Resident_269,180/1,,,Main Road,Near School,Ward 25,Municipality,Kannur,675696,4,16,Loose / refill,4-7,Never,Every 2-3 months,Yes
783,user270@gmail.com,1,Apartment,Resident_270,39/8,,,Main Road,Near School,Ward 11,Municipality,Idukki,679882,1,15,Plastic bottle,4-7,Sometimes,Rarely,Yes
784,user271@gmail.com,2-3,Large house,Resident_271,293/12,,,Main Road,Near School,Ward 21,Municipality,Malappuram,683646,1,13,Loose / refill,None,Always,Every 2-3 months,Yes
785,user272@gmail.com,6+,Apartment,Resident_272,451/18,,,Main Road,Near School,Ward 25,Municipality,Pathanamthitta,671983,4,20,Plastic packet,None,Sometimes,Never,Yes
786,user273@gmail.com,4-5,Small house,Resident_273,315/9,,,Main Road,Near School,Ward 5,Municipality,Alappuzha,678825,3,3,Plastic bottle,1-3,Never,Rarely,Yes
787,user274@gmail.com,6+,Large house,Resident_274,352/10,,,Main Road,Near School,Ward 13,Municipality,Kollam,673921,4,3,Plastic bottle,1-3,Never,Rarely,No
788,user275@gmail.com,1,Small house,Resident_275,268/14,,,Main Road,Near School,Ward 9,Municipality,Thiruvananthapuram,683442,1,17,Plastic bottle,1-3,Never,Every month,Yes
789,user276@gmail.com,4-5,Apartment,Resident_276,12/7,,,Main Road,Near School,Ward 15,Municipality,Wayanad,676669,3,19,Loose / refill,4-7,Never,Every month,No
790,user277@gmail.com,2-3,Large house,Resident_277,267/19,,,Main Road,Near School,Ward 5,Municipality,Pathanamthitta,684414,1,18,Plastic packet,4-7,Always,Every 2-3 months,Yes
791,user278@gmail.com,1,Large house,Resident_278,154/10,,,Main Road,Near School,Ward 12,Municipality,Kottayam,679267,1,15,Loose / refill,None,Always,Every 2-3 months,Yes
792,user279@gmail.com,4-5,Small house,Resident_279,271/2,,,Main Road,Near School,Ward 16,Municipality,Kottayam,675421,2,15,Loose / refill,1-3,Always,Every 2-3 months,Yes
793,user280@gmail.com,2-3,Apartment,Resident_280,416/7,,,Main Road,Near School,Ward 8,Municipality,Idukki,674154,2,20,Plastic packet,7+,Sometimes,Rarely,No
794,user281@gmail.com,2-3,Small house,Resident_281,94/17,,,Main Road,Near School,Ward 23,Municipality,Idukki,672254,2,14,Plastic packet,7+,Always,Rarely,No
795,user282@gmail.com,2-3,Small house,Resident_282,420/10,,,Main Road,Near School,Ward 8,Municipality,Thrissur,683858,1,19,Plastic bottle,7+,Never,Every month,Yes
796,user283@gmail.com,1,Large house,Resident_283,288/16,,,Main Road,Near School,Ward 16,Municipality,Malappuram,687077,0,8,Loose / refill,4-7,Always,Rarely,No
797,user284@gmail.com,2-3,Apartment,Resident_284,167/18,,,Main Road,Near School,Ward 24,Municipality,Kannur,672107,1,9,Loose / refill,None,Always,Every 2-3 months,No
798,user285@gmail.com,2-3,Large house,Resident_285,12/12,,,Main Road,Near School,Ward 7,Municipality,Thrissur,672200,3,4,Plastic packet,None,Sometimes,Rarely,Yes
799,user286@gmail.com,2-3,Large house,Resident_286,425/14,,,Main Road,Near School,Ward 17,Municipality,Wayanad,688926,1,18,Plastic bottle,7+,Always,Every month,Yes
800,user287@gmail.com,6+,Large house,Resident_287,182/12,,,Main Road,Near School,Ward 2,Municipality,Ernakulam,676725,6,14,Loose / refill,7+,Always,Every 2-3 months,Yes
801,user288@gmail.com,6+,Small house,Resident_288,209/2,,,Main Road,Near School,Ward 18,Municipality,Palakkad,673319,4,11,Plastic packet,None,Always,Every 2-3 months,Yes
802,user289@gmail.com,2-3,Small house,Resident_289,207/15,,,Main Road,Near School,Ward 24,Municipality,Thrissur,689884,1,9,Plastic bottle,7+,Sometimes,Never,Yes
803,user290@gmail.com,2-3,Apartment,Resident_290,130/3,,,Main Road,Near School,Ward 12,Municipality,Thrissur,672990,3,13,Plastic packet,1-3,Sometimes,Never,Yes
804,user291@gmail.com,2-3,Small house,Resident_291,416/16,,,Main Road,Near School,Ward 22,Municipality,Malappuram,674944,3,17,Plastic bottle,1-3,Always,Every 2-3 months,Yes
805,user292@gmail.com,4-5,Small house,Resident_292,106/5,,,Main Road,Near School,Ward 2,Municipality,Wayanad,685328,2,14,Plastic packet,1-3,Sometimes,Every 2-3 months,Yes
806,user293@gmail.com,6+,Large house,Resident_293,107/15,,,Main Road,Near School,Ward 16,Municipality,Thrissur,679583,3,20,Loose / refill,None,Always,Rarely,No
807,user294@gmail.com,2-3,Large house,Resident_294,82/17,,,Main Road,Near School,Ward 21,Municipality,Ernakulam,684673,2,13,Plastic bottle,7+,Never,Every month,Yes
808,user295@gmail.com,2-3,Small house,Resident_295,75/9,,,Main Road,Near School,Ward 2,Municipality,Palakkad,677283,1,5,Plastic bottle,None,Never,Every month,Yes
809,user296@gmail.com,1,Large house,Resident_296,234/4,,,Main Road,Near School,Ward 5,Municipality,Alappuzha,677210,1,19,Loose / refill,7+,Always,Every month,Yes
810,user297@gmail.com,1,Small house,Resident_297,231/17,,,Main Road,Near School,Ward 1,Municipality,Alappuzha,686270,0,9,Plastic packet,None,Always,Rarely,Yes
811,user298@gmail.com,2-3,Large house,Resident_298,51/16,,,Main Road,Near School,Ward 15,Municipality,Kottayam,672780,1,4,Loose / refill,4-7,Always,Rarely,Yes
812,user299@gmail.com,2-3,Small house,Resident_299,158/16,,,Main Road,Near School,Ward 13,Municipality,Kottayam,671072,2,7,Plastic packet,None,Sometimes,Every month,No
813,user300@gmail.com,4-5,Small house,Resident_300,439/10,,,Main Road,Near School,Ward 5,Municipality,Thiruvananthapuram,677392,4,10,Loose / refill,None,Always,Rarely,Yes
814,user301@gmail.com,4-5,Large house,Resident_301,252/14,,,Main Road,Near School,Ward 4,Municipality,Thiruvananthapuram,673494,3,19,Plastic packet,4-7,Sometimes,Rarely,No
815,user302@gmail.com,2-3,Apartment,Resident_302,13/6,,,Main Road,Near School,Ward 10,Municipality,Thrissur,683806,2,12,Plastic bottle,4-7,Sometimes,Every month,No
816,user303@gmail.com,4-5,Large house,Resident_303,95/9,,,Main Road,Near School,Ward 7,Municipality,Pathanamthitta,670993,3,14,Plastic packet,4-7,Sometimes,Every month,No
817,user304@gmail.com,6+,Small house,Resident_304,172/18,,,Main Road,Near School,Ward 4,Municipality,Kottayam,681336,3,10,Loose / refill,7+,Always,Every month,No
818,user305@gmail.com,2-3,Small house,Resident_305,440/19,,,Main Road,Near School,Ward 19,Municipality,Thrissur,679198,1,14,Plastic packet,None,Sometimes,Rarely,Yes
819,user306@gmail.com,6+,Apartment,Resident_306,400/12,,,Main Road,Near School,Ward 22,Municipality,Idukki,683197,4,14,Loose / refill,1-3,Always,Never,No
820,user307@gmail.com,1,Small house,Resident_307,73/13,,,Main Road,Near School,Ward 23,Municipality,Wayanad,683479,1,16,Loose / refill,None,Never,Rarely,Yes
821,user308@gmail.com,2-3,Apartment,Resident_308,466/17,,,Main Road,Near School,Ward 5,Municipality,Kottayam,672500,2,9,Plastic packet,7+,Always,Every month,No
822,user309@gmail.com,2-3,Large house,Resident_309,348/19,,,Main Road,Near School,Ward 15,Municipality,Thrissur,675230,2,17,Plastic bottle,None,Sometimes,Rarely,No
823,user310@gmail.com,4-5,Large house,Resident_310,7/10,,,Main Road,Near School,Ward 3,Municipality,Kollam,689935,3,11,Loose / refill,None,Always,Never,No
824,user311@gmail.com,2-3,Small house,Resident_311,117/6,,,Main Road,Near School,Ward 22,Municipality,Ernakulam,687158,3,4,Plastic packet,None,Never,Every month,No
825,user312@gmail.com,4-5,Apartment,Resident_312,199/6,,,Main Road,Near School,Ward 1,Municipality,Kannur,681098,2,17,Loose / refill,None,Sometimes,Every 2-3 months,Yes
826,user313@gmail.com,4-5,Apartment,Resident_313,4/1,,,Main Road,Near School,Ward 5,Municipality,Thrissur,683903,4,18,Loose / refill,1-3,Always,Rarely,Yes
827,user314@gmail.com,2-3,Apartment,Resident_314,115/11,,,Main Road,Near School,Ward 14,Municipality,Pathanamthitta,680272,3,13,Plastic bottle,1-3,Never,Every 2-3 months,No
828,user315@gmail.com,2-3,Small house,Resident_315,383/6,,,Main Road,Near School,Ward 25,Municipality,Thrissur,672384,2,12,Loose / refill,1-3,Always,Every month,Yes
829,user316@gmail.com,2-3,Apartment,Resident_316,349/20,,,Main Road,Near School,Ward 3,Municipality,Kollam,672811,1,19,Plastic bottle,1-3,Sometimes,Every month,Yes
830,user317@gmail.com,6+,Apartment,Resident_317,245/17,,,Main Road,Near School,Ward 18,Municipality,Kollam,689548,4,2,Plastic bottle,None,Sometimes,Every month,Yes
831,user318@gmail.com,6+,Apartment,Resident_318,467/14,,,Main Road,Near School,Ward 15,Municipality,Thiruvananthapuram,675694,4,10,Loose / refill,None,Always,Rarely,Yes
832,user319@gmail.com,6+,Large house,Resident_319,370/5,,,Main Road,Near School,Ward 18,Municipality,Alappuzha,676008,4,20,Loose / refill,4-7,Never,Never,No
833,user320@gmail.com,6+,Apartment,Resident_320,27/10,,,Main Road,Near School,Ward 15,Municipality,Alappuzha,674116,3,14,Plastic bottle,4-7,Never,Every 2-3 months,Yes
834,user321@gmail.com,2-3,Apartment,Resident_321,298/11,,,Main Road,Near School,Ward 6,Municipality,Pathanamthitta,686248,1,19,Loose / refill,1-3,Always,Every 2-3 months,Yes
835,user322@gmail.com,2-3,Small house,Resident_322,141/18,,,Main Road,Near School,Ward 21,Municipality,Kottayam,670617,1,4,Plastic bottle,7+,Sometimes,Never,No
836,user323@gmail.com,2-3,Apartment,Resident_323,25/1,,,Main Road,Near School,Ward 13,Municipality,Idukki,679621,1,17,Plastic bottle,7+,Always,Rarely,No
837,user324@gmail.com,2-3,Small house,Resident_324,404/3,,,Main Road,Near School,Ward 4,Municipality,Kollam,672627,3,20,Loose / refill,1-3,Never,Never,Yes
838,user325@gmail.com,4-5,Large house,Resident_325,464/5,,,Main Road,Near School,Ward 16,Municipality,Kottayam,674127,3,20,Plastic bottle,None,Sometimes,Every month,No
839,user326@gmail.com,4-5,Small house,Resident_326,100/11,,,Main Road,Near School,Ward 10,Municipality,Thiruvananthapuram,682654,2,4,Plastic bottle,4-7,Always,Every 2-3 months,Yes
840,user327@gmail.com,4-5,Large house,Resident_327,235/19,,,Main Road,Near School,Ward 2,Municipality,Kasaragod,684008,4,16,Plastic bottle,4-7,Sometimes,Every 2-3 months,Yes
841,user328@gmail.com,1,Apartment,Resident_328,327/12,,,Main Road,Near School,Ward 23,Municipality,Thiruvananthapuram,671900,0,8,Plastic packet,4-7,Never,Rarely,No
842,user329@gmail.com,1,Large house,Resident_329,272/14,,,Main Road,Near School,Ward 17,Municipality,Wayanad,685615,0,17,Loose / refill,1-3,Sometimes,Every 2-3 months,Yes
843,user330@gmail.com,2-3,Apartment,Resident_330,476/2,,,Main Road,Near School,Ward 16,Municipality,Palakkad,675735,3,11,Plastic packet,None,Never,Every month,No
844,user331@gmail.com,2-3,Large house,Resident_331,290/8,,,Main Road,Near School,Ward 22,Municipality,Thrissur,670029,2,3,Plastic bottle,1-3,Never,Every month,No
845,user332@gmail.com,2-3,Large house,Resident_332,44/4,,,Main Road,Near School,Ward 20,Municipality,Kasaragod,678778,1,5,Loose / refill,4-7,Sometimes,Every month,No
846,user333@gmail.com,4-5,Large house,Resident_333,381/11,,,Main Road,Near School,Ward 1,Municipality,Kasaragod,683376,3,11,Plastic bottle,1-3,Never,Rarely,No
847,user334@gmail.com,2-3,Small house,Resident_334,473/6,,,Main Road,Near School,Ward 22,Municipality,Alappuzha,684855,1,7,Loose / refill,4-7,Sometimes,Never,No
848,user335@gmail.com,2-3,Large house,Resident_335,417/10,,,Main Road,Near School,Ward 22,Municipality,Palakkad,675271,3,17,Plastic packet,4-7,Never,Never,No
849,user336@gmail.com,2-3,Small house,Resident_336,27/13,,,Main Road,Near School,Ward 12,Municipality,Thrissur,677973,3,6,Plastic bottle,None,Always,Every month,Yes
850,user337@gmail.com,2-3,Apartment,Resident_337,90/17,,,Main Road,Near School,Ward 2,Municipality,Ernakulam,671212,3,8,Loose / refill,4-7,Sometimes,Every month,No
851,user338@gmail.com,2-3,Small house,Resident_338,32/17,,,Main Road,Near School,Ward 11,Municipality,Malappuram,687966,3,20,Loose / refill,None,Always,Rarely,Yes
852,user339@gmail.com,6+,Apartment,Resident_339,343/7,,,Main Road,Near School,Ward 16,Municipality,Kannur,674850,5,2,Loose / refill,7+,Sometimes,Every month,Yes
853,user340@gmail.com,2-3,Large house,Resident_340,271/14,,,Main Road,Near School,Ward 19,Municipality,Kozhikode,675181,3,15,Plastic bottle,4-7,Always,Rarely,Yes
854,user341@gmail.com,6+,Large house,Resident_341,339/12,,,Main Road,Near School,Ward 16,Municipality,Idukki,673372,5,13,Plastic bottle,1-3,Sometimes,Every 2-3 months,No
855,user342@gmail.com,2-3,Apartment,Resident_342,158/1,,,Main Road,Near School,Ward 21,Municipality,Kasaragod,675446,1,4,Plastic bottle,7+,Sometimes,Rarely,Yes
856,user343@gmail.com,4-5,Apartment,Resident_343,66/2,,,Main Road,Near School,Ward 25,Municipality,Kollam,679419,3,5,Plastic bottle,7+,Sometimes,Rarely,No
857,user344@gmail.com,2-3,Large house,Resident_344,189/15,,,Main Road,Near School,Ward 3,Municipality,Kollam,683893,3,8,Plastic packet,7+,Always,Rarely,No
858,user345@gmail.com,4-5,Small house,Resident_345,159/6,,,Main Road,Near School,Ward 18,Municipality,Kottayam,671686,2,18,Plastic packet,7+,Never,Every 2-3 months,No
859,user346@gmail.com,4-5,Large house,Resident_346,87/4,,,Main Road,Near School,Ward 11,Municipality,Kozhikode,676035,3,13,Plastic packet,4-7,Sometimes,Never,No
860,user347@gmail.com,1,Large house,Resident_347,32/11,,,Main Road,Near School,Ward 22,Municipality,Malappuram,689309,1,12,Plastic bottle,7+,Always,Every month,No
861,user348@gmail.com,4-5,Small house,Resident_348,469/16,,,Main Road,Near School,Ward 22,Municipality,Kollam,673759,3,11,Loose / refill,None,Never,Every month,No
862,user349@gmail.com,1,Large house,Resident_349,81/6,,,Main Road,Near School,Ward 16,Municipality,Wayanad,685071,1,13,Plastic bottle,None,Sometimes,Never,Yes
863,user350@gmail.com,4-5,Large house,Resident_350,243/7,,,Main Road,Near School,Ward 10,Municipality,Kollam,670920,2,9,Plastic packet,1-3,Sometimes,Every 2-3 months,Yes
864,user351@gmail.com,2-3,Apartment,Resident_351,364/1,,,Main Road,Near School,Ward 2,Municipality,Idukki,684415,2,20,Plastic bottle,None,Always,Rarely,No
865,user352@gmail.com,4-5,Small house,Resident_352,112/12,,,Main Road,Near School,Ward 7,Municipality,Ernakulam,682033,2,14,Loose / refill,4-7,Always,Every 2-3 months,Yes
866,user353@gmail.com,4-5,Large house,Resident_353,382/5,,,Main Road,Near School,Ward 6,Municipality,Alappuzha,670314,4,14,Loose / refill,7+,Always,Every 2-3 months,No
867,user354@gmail.com,6+,Apartment,Resident_354,479/4,,,Main Road,Near School,Ward 5,Municipality,Kottayam,683852,6,5,Loose / refill,4-7,Never,Never,No
868,user355@gmail.com,4-5,Large house,Resident_355,471/12,,,Main Road,Near School,Ward 11,Municipality,Kozhikode,686125,4,10,Plastic bottle,4-7,Sometimes,Rarely,Yes
869,user356@gmail.com,4-5,Large house,Resident_356,369/12,,,Main Road,Near School,Ward 17,Municipality,Idukki,686419,4,12,Plastic bottle,4-7,Always,Never,No
870,user357@gmail.com,1,Large house,Resident_357,375/5,,,Main Road,Near School,Ward 5,Municipality,Pathanamthitta,685658,1,10,Plastic bottle,4-7,Always,Rarely,Yes
871,user358@gmail.com,2-3,Small house,Resident_358,139/11,,,Main Road,Near School,Ward 10,Municipality,Palakkad,677319,1,8,Plastic bottle,1-3,Sometimes,Rarely,No
872,user359@gmail.com,4-5,Apartment,Resident_359,417/5,,,Main Road,Near School,Ward 10,Municipality,Palakkad,686039,3,18,Plastic packet,7+,Sometimes,Never,Yes
873,user360@gmail.com,1,Apartment,Resident_360,178/7,,,Main Road,Near School,Ward 11,Municipality,Alappuzha,671086,0,12,Loose / refill,4-7,Never,Every month,No
874,user361@gmail.com,2-3,Small house,Resident_361,106/18,,,Main Road,Near School,Ward 1,Municipality,Kasaragod,682789,3,16,Loose / refill,1-3,Always,Every 2-3 months,No
875,user362@gmail.com,4-5,Small house,Resident_362,403/4,,,Main Road,Near School,Ward 7,Municipality,Thrissur,685798,4,9,Loose / refill,1-3,Always,Never,No
876,user363@gmail.com,1,Large house,Resident_363,383/13,,,Main Road,Near School,Ward 12,Municipality,Malappuram,684150,0,12,Plastic packet,7+,Sometimes,Every 2-3 months,No
877,user364@gmail.com,4-5,Apartment,Resident_364,456/16,,,Main Road,Near School,Ward 22,Municipality,Kottayam,679612,3,10,Plastic bottle,7+,Always,Every 2-3 months,No
878,user365@gmail.com,6+,Large house,Resident_365,155/14,,,Main Road,Near School,Ward 4,Municipality,Ernakulam,678088,5,15,Plastic packet,4-7,Always,Every month,No
879,user366@gmail.com,4-5,Small house,Resident_366,437/3,,,Main Road,Near School,Ward 2,Municipality,Kozhikode,675726,4,20,Loose / refill,7+,Always,Every 2-3 months,Yes
880,user367@gmail.com,2-3,Apartment,Resident_367,165/12,,,Main Road,Near School,Ward 19,Municipality,Thiruvananthapuram,680622,2,7,Plastic packet,7+,Always,Every month,No
881,user368@gmail.com,4-5,Small house,Resident_368,271/11,,,Main Road,Near School,Ward 12,Municipality,Idukki,677403,3,18,Loose / refill,7+,Always,Never,Yes
882,user369@gmail.com,6+,Small house,Resident_369,445/8,,,Main Road,Near School,Ward 19,Municipality,Kasaragod,684277,6,4,Plastic bottle,7+,Sometimes,Rarely,Yes
883,user370@gmail.com,6+,Apartment,Resident_370,356/10,,,Main Road,Near School,Ward 23,Municipality,Idukki,672068,4,2,Plastic bottle,1-3,Always,Never,No
884,user371@gmail.com,6+,Large house,Resident_371,86/11,,,Main Road,Near School,Ward 11,Municipality,Ernakulam,688711,3,18,Plastic bottle,1-3,Never,Every month,Yes
885,user372@gmail.com,2-3,Large house,Resident_372,220/9,,,Main Road,Near School,Ward 7,Municipality,Idukki,674523,3,14,Loose / refill,7+,Sometimes,Never,Yes
886,user373@gmail.com,4-5,Small house,Resident_373,365/6,,,Main Road,Near School,Ward 3,Municipality,Kozhikode,679029,3,10,Plastic packet,4-7,Never,Never,No
887,user374@gmail.com,4-5,Small house,Resident_374,64/7,,,Main Road,Near School,Ward 14,Municipality,Ernakulam,676924,4,20,Plastic bottle,7+,Never,Never,Yes
888,user375@gmail.com,4-5,Large house,Resident_375,49/5,,,Main Road,Near School,Ward 25,Municipality,Idukki,678269,2,18,Plastic packet,4-7,Sometimes,Rarely,No
889,user376@gmail.com,4-5,Large house,Resident_376,71/12,,,Main Road,Near School,Ward 2,Municipality,Kannur,678278,2,18,Plastic packet,4-7,Never,Never,Yes
890,user377@gmail.com,4-5,Apartment,Resident_377,226/18,,,Main Road,Near School,Ward 5,Municipality,Wayanad,680609,3,8,Plastic packet,7+,Always,Every month,Yes
891,user378@gmail.com,2-3,Small house,Resident_378,210/17,,,Main Road,Near School,Ward 25,Municipality,Kottayam,685424,2,2,Plastic bottle,4-7,Sometimes,Rarely,Yes
892,user379@gmail.com,1,Small house,Resident_379,422/10,,,Main Road,Near School,Ward 14,Municipality,Kottayam,676505,1,10,Loose / refill,None,Always,Never,Yes
893,user380@gmail.com,4-5,Small house,Resident_380,183/8,,,Main Road,Near School,Ward 13,Municipality,Kollam,682289,4,17,Plastic packet,7+,Never,Every 2-3 months,No
894,user381@gmail.com,2-3,Large house,Resident_381,3/4,,,Main Road,Near School,Ward 15,Municipality,Kottayam,681071,1,2,Loose / refill,4-7,Never,Every month,No
895,user382@gmail.com,2-3,Large house,Resident_382,49/1,,,Main Road,Near School,Ward 20,Municipality,Kasaragod,672744,3,18,Plastic bottle,1-3,Always,Every 2-3 months,Yes
896,user383@gmail.com,4-5,Apartment,Resident_383,50/8,,,Main Road,Near School,Ward 22,Municipality,Wayanad,679688,2,12,Loose / refill,None,Sometimes,Rarely,Yes
897,user384@gmail.com,2-3,Large house,Resident_384,90/11,,,Main Road,Near School,Ward 23,Municipality,Kasaragod,684884,3,3,Plastic packet,4-7,Always,Every 2-3 months,No
898,user385@gmail.com,4-5,Apartment,Resident_385,497/17,,,Main Road,Near School,Ward 23,Municipality,Kannur,683163,2,4,Loose / refill,1-3,Never,Every 2-3 months,No
899,user386@gmail.com,4-5,Apartment,Resident_386,23/12,,,Main Road,Near School,Ward 6,Municipality,Kozhikode,685112,3,11,Plastic packet,7+,Sometimes,Every month,Yes
900,user387@gmail.com,4-5,Apartment,Resident_387,413/12,,,Main Road,Near School,Ward 1,Municipality,Kannur,674634,2,14,Loose / refill,4-7,Sometimes,Every 2-3 months,No
901,user388@gmail.com,4-5,Large house,Resident_388,418/3,,,Main Road,Near School,Ward 20,Municipality,Malappuram,689514,3,7,Plastic packet,4-7,Sometimes,Every month,Yes
902,user389@gmail.com,4-5,Large house,Resident_389,210/12,,,Main Road,Near School,Ward 5,Municipality,Malappuram,680020,4,6,Plastic bottle,4-7,Sometimes,Every month,Yes
903,user390@gmail.com,4-5,Small house,Resident_390,411/14,,,Main Road,Near School,Ward 19,Municipality,Kannur,677768,3,5,Plastic packet,None,Always,Every month,No
904,user391@gmail.com,4-5,Small house,Resident_391,77/6,,,Main Road,Near School,Ward 17,Municipality,Thiruvananthapuram,688616,3,6,Plastic packet,4-7,Sometimes,Every 2-3 months,No
905,user392@gmail.com,1,Small house,Resident_392,198/18,,,Main Road,Near School,Ward 14,Municipality,Thiruvananthapuram,679974,0,15,Plastic packet,7+,Never,Rarely,No
906,user393@gmail.com,6+,Small house,Resident_393,145/20,,,Main Road,Near School,Ward 9,Municipality,Kozhikode,675628,6,14,Plastic bottle,1-3,Sometimes,Every month,Yes
907,user394@gmail.com,4-5,Small house,Resident_394,29/18,,,Main Road,Near School,Ward 25,Municipality,Thrissur,673116,4,17,Plastic bottle,None,Sometimes,Never,Yes
908,user395@gmail.com,2-3,Large house,Resident_395,384/4,,,Main Road,Near School,Ward 14,Municipality,Kannur,672563,3,13,Loose / refill,4-7,Sometimes,Rarely,No
909,user396@gmail.com,4-5,Large house,Resident_396,380/12,,,Main Road,Near School,Ward 22,Municipality,Kozhikode,688110,3,12,Plastic bottle,4-7,Never,Rarely,No
910,user397@gmail.com,6+,Small house,Resident_397,33/6,,,Main Road,Near School,Ward 21,Municipality,Thrissur,673271,4,7,Plastic packet,4-7,Never,Rarely,Yes
911,user398@gmail.com,4-5,Large house,Resident_398,160/10,,,Main Road,Near School,Ward 18,Municipality,Palakkad,677250,2,11,Plastic bottle,None,Always,Every 2-3 months,No
912,user399@gmail.com,4-5,Small house,Resident_399,456/12,,,Main Road,Near School,Ward 1,Municipality,Kollam,685425,2,2,Loose / refill,4-7,Never,Every month,Yes
913,user400@gmail.com,2-3,Apartment,Resident_400,390/12,,,Main Road,Near School,Ward 14,Municipality,Palakkad,678048,1,20,Loose / refill,4-7,Sometimes,Every month,Yes
914,user401@gmail.com,6+,Large house,Resident_401,12/14,,,Main Road,Near School,Ward 14,Municipality,Thiruvananthapuram,679118,6,19,Plastic bottle,None,Sometimes,Rarely,No
915,user402@gmail.com,4-5,Large house,Resident_402,329/2,,,Main Road,Near School,Ward 20,Municipality,Kollam,687204,3,18,Plastic packet,7+,Never,Every 2-3 months,Yes
916,user403@gmail.com,4-5,Apartment,Resident_403,235/14,,,Main Road,Near School,Ward 1,Municipality,Thiruvananthapuram,687593,2,3,Plastic packet,4-7,Sometimes,Every 2-3 months,Yes
917,user404@gmail.com,6+,Apartment,Resident_404,158/20,,,Main Road,Near School,Ward 12,Municipality,Pathanamthitta,679246,6,11,Loose / refill,None,Always,Rarely,Yes
918,user405@gmail.com,4-5,Small house,Resident_405,9/12,,,Main Road,Near School,Ward 5,Municipality,Ernakulam,671955,2,18,Plastic bottle,1-3,Never,Every 2-3 months,Yes
919,user406@gmail.com,2-3,Apartment,Resident_406,269/12,,,Main Road,Near School,Ward 21,Municipality,Kottayam,676463,3,6,Plastic packet,1-3,Always,Every 2-3 months,Yes
920,user407@gmail.com,6+,Small house,Resident_407,270/19,,,Main Road,Near School,Ward 25,Municipality,Kannur,681997,4,17,Plastic bottle,7+,Sometimes,Every month,Yes
921,user408@gmail.com,4-5,Apartment,Resident_408,157/9,,,Main Road,Near School,Ward 4,Municipality,Alappuzha,686486,4,19,Plastic bottle,4-7,Sometimes,Never,No
922,user409@gmail.com,4-5,Apartment,Resident_409,148/19,,,Main Road,Near School,Ward 24,Municipality,Kollam,677601,2,3,Plastic packet,1-3,Always,Rarely,No
923,user410@gmail.com,1,Small house,Resident_410,412/17,,,Main Road,Near School,Ward 11,Municipality,Kannur,687451,0,20,Plastic packet,4-7,Sometimes,Never,Yes
924,user411@gmail.com,2-3,Small house,Resident_411,433/19,,,Main Road,Near School,Ward 11,Municipality,Kannur,674718,3,15,Loose / refill,4-7,Never,Rarely,Yes
925,user412@gmail.com,6+,Large house,Resident_412,471/6,,,Main Road,Near School,Ward 2,Municipality,Palakkad,685558,6,12,Loose / refill,4-7,Always,Rarely,No
926,user413@gmail.com,4-5,Small house,Resident_413,407/2,,,Main Road,Near School,Ward 18,Municipality,Thiruvananthapuram,688169,3,6,Plastic packet,7+,Sometimes,Never,Yes
927,user414@gmail.com,4-5,Small house,Resident_414,266/10,,,Main Road,Near School,Ward 3,Municipality,Alappuzha,671021,3,16,Plastic packet,7+,Always,Rarely,No
928,user415@gmail.com,4-5,Apartment,Resident_415,29/19,,,Main Road,Near School,Ward 20,Municipality,Wayanad,671096,3,13,Loose / refill,4-7,Always,Never,No
929,user416@gmail.com,4-5,Apartment,Resident_416,68/19,,,Main Road,Near School,Ward 16,Municipality,Thrissur,681830,2,3,Plastic bottle,4-7,Never,Every 2-3 months,No
930,user417@gmail.com,2-3,Apartment,Resident_417,451/5,,,Main Road,Near School,Ward 16,Municipality,Kozhikode,671904,1,2,Plastic packet,None,Sometimes,Every month,No
931,user418@gmail.com,2-3,Small house,Resident_418,485/15,,,Main Road,Near School,Ward 16,Municipality,Kasaragod,673725,2,20,Plastic packet,7+,Never,Rarely,Yes
932,user419@gmail.com,2-3,Small house,Resident_419,453/20,,,Main Road,Near School,Ward 13,Municipality,Thiruvananthapuram,679856,2,12,Loose / refill,4-7,Sometimes,Never,Yes
933,user420@gmail.com,6+,Large house,Resident_420,379/1,,,Main Road,Near School,Ward 24,Municipality,Thrissur,676958,5,20,Loose / refill,4-7,Never,Every month,No
934,user421@gmail.com,4-5,Small house,Resident_421,252/8,,,Main Road,Near School,Ward 17,Municipality,Idukki,670955,4,18,Plastic bottle,None,Always,Rarely,No
935,user422@gmail.com,4-5,Large house,Resident_422,197/6,,,Main Road,Near School,Ward 11,Municipality,Thrissur,671351,4,14,Plastic packet,7+,Always,Every month,No
936,user423@gmail.com,4-5,Small house,Resident_423,305/1,,,Main Road,Near School,Ward 5,Municipality,Kozhikode,682169,4,4,Plastic bottle,7+,Always,Every month,Yes
937,user424@gmail.com,4-5,Large house,Resident_424,477/14,,,Main Road,Near School,Ward 25,Municipality,Kottayam,676871,3,2,Loose / refill,1-3,Never,Never,Yes
938,user425@gmail.com,4-5,Large house,Resident_425,406/3,,,Main Road,Near School,Ward 3,Municipality,Kollam,678809,3,13,Plastic bottle,7+,Always,Every 2-3 months,Yes
939,user426@gmail.com,2-3,Apartment,Resident_426,63/15,,,Main Road,Near School,Ward 25,Municipality,Wayanad,674454,2,20,Loose / refill,1-3,Always,Every month,Yes
940,user427@gmail.com,6+,Apartment,Resident_427,435/3,,,Main Road,Near School,Ward 12,Municipality,Wayanad,675661,5,20,Plastic bottle,4-7,Sometimes,Never,Yes
941,user428@gmail.com,4-5,Apartment,Resident_428,295/6,,,Main Road,Near School,Ward 18,Municipality,Kottayam,686460,4,16,Loose / refill,4-7,Always,Every month,No
942,user429@gmail.com,4-5,Small house,Resident_429,105/9,,,Main Road,Near School,Ward 7,Municipality,Kollam,672592,3,10,Plastic bottle,7+,Never,Rarely,Yes
943,user430@gmail.com,4-5,Small house,Resident_430,132/17,,,Main Road,Near School,Ward 17,Municipality,Alappuzha,680163,4,12,Plastic bottle,4-7,Sometimes,Never,No
944,user431@gmail.com,2-3,Small house,Resident_431,242/9,,,Main Road,Near School,Ward 4,Municipality,Kozhikode,679379,3,11,Loose / refill,None,Never,Every month,Yes
945,user432@gmail.com,4-5,Apartment,Resident_432,217/10,,,Main Road,Near School,Ward 1,Municipality,Alappuzha,687874,2,20,Loose / refill,1-3,Sometimes,Every month,Yes
946,user433@gmail.com,4-5,Small house,Resident_433,147/9,,,Main Road,Near School,Ward 14,Municipality,Kottayam,676997,4,6,Loose / refill,7+,Sometimes,Every 2-3 months,No
947,user434@gmail.com,4-5,Large house,Resident_434,411/18,,,Main Road,Near School,Ward 6,Municipality,Wayanad,687754,2,16,Loose / refill,None,Sometimes,Every month,Yes
948,user435@gmail.com,6+,Apartment,Resident_435,376/4,,,Main Road,Near School,Ward 5,Municipality,Pathanamthitta,675177,3,13,Loose / refill,None,Always,Never,No
949,user436@gmail.com,4-5,Small house,Resident_436,364/5,,,Main Road,Near School,Ward 25,Municipality,Idukki,684266,4,19,Plastic packet,7+,Never,Never,No
950,user437@gmail.com,4-5,Large house,Resident_437,395/20,,,Main Road,Near School,Ward 17,Municipality,Idukki,684891,4,15,Plastic bottle,4-7,Sometimes,Every 2-3 months,Yes
951,user438@gmail.com,2-3,Apartment,Resident_438,124/7,,,Main Road,Near School,Ward 16,Municipality,Thrissur,676377,3,11,Plastic packet,None,Always,Every 2-3 months,Yes
952,user439@gmail.com,6+,Small house,Resident_439,470/4,,,Main Road,Near School,Ward 14,Municipality,Idukki,671977,5,7,Loose / refill,7+,Sometimes,Every 2-3 months,No
953,user440@gmail.com,4-5,Large house,Resident_440,238/20,,,Main Road,Near School,Ward 11,Municipality,Pathanamthitta,686704,2,16,Plastic bottle,4-7,Always,Rarely,No
954,user441@gmail.com,6+,Large house,Resident_441,288/17,,,Main Road,Near School,Ward 8,Municipality,Kannur,677768,4,9,Loose / refill,1-3,Always,Every month,No
955,user442@gmail.com,2-3,Apartment,Resident_442,241/19,,,Main Road,Near School,Ward 2,Municipality,Kottayam,681029,1,6,Plastic packet,7+,Sometimes,Rarely,Yes
956,user443@gmail.com,6+,Large house,Resident_443,419/8,,,Main Road,Near School,Ward 13,Municipality,Palakkad,674667,6,16,Loose / refill,None,Never,Rarely,No
957,user444@gmail.com,2-3,Small house,Resident_444,27/10,,,Main Road,Near School,Ward 22,Municipality,Kollam,681344,1,10,Plastic packet,7+,Sometimes,Every 2-3 months,Yes
958,user445@gmail.com,1,Small house,Resident_445,122/9,,,Main Road,Near School,Ward 10,Municipality,Palakkad,686266,0,13,Plastic bottle,7+,Never,Rarely,No
959,user446@gmail.com,6+,Small house,Resident_446,191/17,,,Main Road,Near School,Ward 9,Municipality,Palakkad,686394,5,19,Loose / refill,None,Always,Every month,Yes
960,user447@gmail.com,4-5,Large house,Resident_447,301/1,,,Main Road,Near School,Ward 17,Municipality,Malappuram,677076,4,13,Plastic packet,None,Always,Never,No
961,user448@gmail.com,4-5,Small house,Resident_448,368/9,,,Main Road,Near School,Ward 14,Municipality,Kozhikode,687236,2,6,Plastic packet,None,Never,Every month,No
962,user449@gmail.com,2-3,Apartment,Resident_449,88/2,,,Main Road,Near School,Ward 4,Municipality,Palakkad,673432,3,16,Plastic packet,None,Sometimes,Rarely,Yes
963,user450@gmail.com,4-5,Apartment,Resident_450,55/16,,,Main Road,Near School,Ward 10,Municipality,Kollam,688300,4,13,Plastic packet,1-3,Always,Every month,Yes
964,user451@gmail.com,1,Large house,Resident_451,28/2,,,Main Road,Near School,Ward 20,Municipality,Wayanad,677818,0,14,Plastic packet,1-3,Sometimes,Every 2-3 months,Yes
965,user452@gmail.com,1,Large house,Resident_452,261/12,,,Main Road,Near School,Ward 10,Municipality,Thiruvananthapuram,682133,1,6,Plastic bottle,7+,Never,Every month,No
966,user453@gmail.com,2-3,Apartment,Resident_453,6/2,,,Main Road,Near School,Ward 25,Municipality,Wayanad,676797,2,11,Loose / refill,7+,Never,Every month,No
967,user454@gmail.com,4-5,Small house,Resident_454,74/5,,,Main Road,Near School,Ward 15,Municipality,Alappuzha,680281,2,8,Plastic bottle,None,Never,Never,Yes
968,user455@gmail.com,2-3,Large house,Resident_455,174/14,,,Main Road,Near School,Ward 1,Municipality,Thrissur,687271,1,17,Loose / refill,4-7,Always,Rarely,No
969,user456@gmail.com,4-5,Small house,Resident_456,322/18,,,Main Road,Near School,Ward 8,Municipality,Kozhikode,685487,3,18,Plastic packet,1-3,Always,Rarely,Yes
970,user457@gmail.com,2-3,Small house,Resident_457,479/20,,,Main Road,Near School,Ward 14,Municipality,Kannur,678865,3,18,Plastic bottle,7+,Always,Every 2-3 months,No
971,user458@gmail.com,2-3,Small house,Resident_458,236/5,,,Main Road,Near School,Ward 22,Municipality,Kasaragod,682266,2,8,Plastic bottle,7+,Never,Rarely,Yes
972,user459@gmail.com,4-5,Large house,Resident_459,346/18,,,Main Road,Near School,Ward 22,Municipality,Thiruvananthapuram,673406,2,14,Loose / refill,7+,Sometimes,Rarely,No
973,user460@gmail.com,1,Small house,Resident_460,352/15,,,Main Road,Near School,Ward 14,Municipality,Thiruvananthapuram,672726,0,17,Plastic packet,7+,Always,Every month,No
974,user461@gmail.com,2-3,Small house,Resident_461,382/12,,,Main Road,Near School,Ward 15,Municipality,Thiruvananthapuram,682172,3,18,Plastic packet,None,Always,Rarely,No
975,user462@gmail.com,4-5,Apartment,Resident_462,31/10,,,Main Road,Near School,Ward 16,Municipality,Kasaragod,688796,2,3,Loose / refill,7+,Never,Every 2-3 months,Yes
976,user463@gmail.com,2-3,Small house,Resident_463,256/2,,,Main Road,Near School,Ward 15,Municipality,Wayanad,682406,2,10,Loose / refill,4-7,Sometimes,Rarely,No
977,user464@gmail.com,2-3,Large house,Resident_464,241/18,,,Main Road,Near School,Ward 17,Municipality,Kottayam,670719,2,12,Loose / refill,4-7,Never,Never,No
978,user465@gmail.com,4-5,Small house,Resident_465,421/11,,,Main Road,Near School,Ward 4,Municipality,Wayanad,671698,3,11,Loose / refill,1-3,Never,Every month,No
979,user466@gmail.com,4-5,Apartment,Resident_466,495/14,,,Main Road,Near School,Ward 23,Municipality,Thrissur,670560,3,15,Plastic bottle,4-7,Never,Rarely,Yes
980,user467@gmail.com,4-5,Small house,Resident_467,37/8,,,Main Road,Near School,Ward 2,Municipality,Kannur,685176,3,11,Plastic packet,4-7,Sometimes,Every month,No
981,user468@gmail.com,4-5,Small house,Resident_468,262/17,,,Main Road,Near School,Ward 22,Municipality,Ernakulam,674664,4,17,Plastic bottle,None,Always,Every 2-3 months,No
982,user469@gmail.com,4-5,Apartment,Resident_469,156/10,,,Main Road,Near School,Ward 9,Municipality,Idukki,672741,3,6,Plastic packet,None,Always,Rarely,No
983,user470@gmail.com,1,Large house,Resident_470,196/1,,,Main Road,Near School,Ward 6,Municipality,Kollam,674233,1,18,Loose / refill,1-3,Always,Every 2-3 months,No
984,user471@gmail.com,4-5,Apartment,Resident_471,59/5,,,Main Road,Near School,Ward 5,Municipality,Idukki,680251,4,16,Loose / refill,4-7,Sometimes,Every 2-3 months,Yes
985,user472@gmail.com,4-5,Small house,Resident_472,148/7,,,Main Road,Near School,Ward 7,Municipality,Kasaragod,678134,4,12,Plastic bottle,7+,Never,Never,No
986,user473@gmail.com,2-3,Apartment,Resident_473,207/18,,,Main Road,Near School,Ward 14,Municipality,Kozhikode,685899,1,12,Loose / refill,4-7,Sometimes,Never,Yes
987,user474@gmail.com,2-3,Large house,Resident_474,190/19,,,Main Road,Near School,Ward 20,Municipality,Pathanamthitta,679707,3,11,Plastic packet,4-7,Never,Rarely,No
988,user475@gmail.com,4-5,Apartment,Resident_475,82/6,,,Main Road,Near School,Ward 22,Municipality,Thiruvananthapuram,670846,2,2,Plastic packet,4-7,Never,Never,No
989,user476@gmail.com,4-5,Large house,Resident_476,274/3,,,Main Road,Near School,Ward 3,Municipality,Pathanamthitta,686613,3,5,Plastic bottle,None,Always,Never,Yes
990,user477@gmail.com,6+,Large house,Resident_477,355/9,,,Main Road,Near School,Ward 22,Municipality,Kozhikode,684525,5,6,Plastic packet,1-3,Never,Every month,Yes
991,user478@gmail.com,2-3,Small house,Resident_478,248/7,,,Main Road,Near School,Ward 17,Municipality,Thiruvananthapuram,675260,1,19,Plastic packet,7+,Sometimes,Rarely,No
992,user479@gmail.com,2-3,Apartment,Resident_479,309/1,,,Main Road,Near School,Ward 23,Municipality,Kasaragod,678091,2,2,Plastic packet,None,Sometimes,Never,Yes
993,user480@gmail.com,2-3,Small house,Resident_480,200/8,,,Main Road,Near School,Ward 23,Municipality,Kozhikode,684349,2,18,Plastic bottle,4-7,Always,Never,No
994,user481@gmail.com,1,Apartment,Resident_481,368/18,,,Main Road,Near School,Ward 3,Municipality,Pathanamthitta,672873,0,17,Plastic packet,4-7,Never,Every 2-3 months,No
995,user482@gmail.com,4-5,Large house,Resident_482,306/13,,,Main Road,Near School,Ward 17,Municipality,Ernakulam,684287,2,10,Loose / refill,4-7,Sometimes,Never,No
996,user483@gmail.com,1,Large house,Resident_483,226/4,,,Main Road,Near School,Ward 25,Municipality,Kollam,681625,0,14,Plastic packet,4-7,Sometimes,Never,No
997,user484@gmail.com,4-5,Large house,Resident_484,499/5,,,Main Road,Near School,Ward 25,Municipality,Thiruvananthapuram,678385,4,17,Plastic packet,7+,Never,Every month,Yes
998,user485@gmail.com,2-3,Large house,Resident_485,427/8,,,Main Road,Near School,Ward 6,Municipality,Idukki,671177,1,12,Plastic bottle,4-7,Always,Rarely,Yes
999,user486@gmail.com,1,Small house,Resident_486,32/20,,,Main Road,Near School,Ward 17,Municipality,Wayanad,682933,0,12,Loose / refill,7+,Sometimes,Rarely,Yes
1000,user487@gmail.com,4-5,Small house,Resident_487,408/19,,,Main Road,Near School,Ward 9,Municipality,Thrissur,675990,4,14,Plastic bottle,7+,Never,Rarely,Yes
1001,user488@gmail.com,4-5,Large house,Resident_488,313/10,,,Main Road,Near School,Ward 12,Municipality,Kannur,679561,4,5,Plastic packet,1-3,Sometimes,Every month,No
1002,user489@gmail.com,4-5,Apartment,Resident_489,464/16,,,Main Road,Near School,Ward 13,Municipality,Palakkad,675214,4,6,Plastic packet,1-3,Never,Every 2-3 months,Yes
1003,user490@gmail.com,2-3,Small house,Resident_490,481/15,,,Main Road,Near School,Ward 12,Municipality,Palakkad,676133,2,17,Loose / refill,7+,Always,Every month,No
1004,user491@gmail.com,6+,Apartment,Resident_491,301/4,,,Main Road,Near School,Ward 21,Municipality,Idukki,679501,3,16,Plastic packet,7+,Never,Every month,No
1005,user492@gmail.com,4-5,Apartment,Resident_492,135/4,,,Main Road,Near School,Ward 20,Municipality,Alappuzha,683016,2,18,Plastic packet,7+,Sometimes,Rarely,Yes
1006,user493@gmail.com,2-3,Apartment,Resident_493,229/8,,,Main Road,Near School,Ward 6,Municipality,Pathanamthitta,680791,2,6,Plastic bottle,None,Never,Every month,Yes
1007,user494@gmail.com,1,Large house,Resident_494,193/10,,,Main Road,Near School,Ward 3,Municipality,Idukki,687757,0,6,Plastic bottle,4-7,Sometimes,Every month,No
1008,user495@gmail.com,4-5,Large house,Resident_495,457/9,,,Main Road,Near School,Ward 3,Municipality,Alappuzha,678864,4,18,Loose / refill,4-7,Never,Rarely,No
1009,user496@gmail.com,6+,Large house,Resident_496,396/13,,,Main Road,Near School,Ward 4,Municipality,Pathanamthitta,672470,5,8,Plastic packet,None,Sometimes,Never,No
1010,user497@gmail.com,1,Apartment,Resident_497,113/14,,,Main Road,Near School,Ward 21,Municipality,Pathanamthitta,689326,0,20,Plastic bottle,7+,Never,Never,No
1011,user498@gmail.com,2-3,Apartment,Resident_498,419/13,,,Main Road,Near School,Ward 22,Municipality,Alappuzha,689059,1,14,Plastic bottle,1-3,Never,Never,Yes
1012,user499@gmail.com,2-3,Large house,Resident_499,250/13,,,Main Road,Near School,Ward 10,Municipality,Alappuzha,678995,2,14,Plastic bottle,7+,Always,Never,No
1013,user500@gmail.com,6+,Large house,Resident_500,364/5,,,Main Road,Near School,Ward 14,Municipality,Alappuzha,682307,3,19,Plastic packet,4-7,Always,Every 2-3 months,Yes
1014,user1@gmail.com,4-5,Small house,Resident_1,427/10,,,Main Road,Near School,Ward 6,Municipality,Kozhikode,689101,3,2,Plastic packet,4-7,Never,Every 2-3 months,Yes
1015,user2@gmail.com,4-5,Large house,Resident_2,161/8,,,Main Road,Near School,Ward 19,Municipality,Kasaragod,682476,2,11,Plastic packet,None,Never,Never,No
1016,user3@gmail.com,6+,Small house,Resident_3,160/17,,,Main Road,Near School,Ward 5,Municipality,Kannur,671358,4,15,Plastic packet,4-7,Always,Every 2-3 months,No
1017,user4@gmail.com,2-3,Small house,Resident_4,279/16,,,Main Road,Near School,Ward 18,Municipality,Kasaragod,685271,2,15,Plastic packet,4-7,Never,Every 2-3 months,Yes
1018,user5@gmail.com,4-5,Small house,Resident_5,355/3,,,Main Road,Near School,Ward 4,Municipality,Palakkad,671046,3,13,Plastic packet,7+,Never,Every month,No
1019,user6@gmail.com,2-3,Apartment,Resident_6,74/12,,,Main Road,Near School,Ward 22,Municipality,Kozhikode,677014,2,16,Plastic bottle,None,Sometimes,Every 2-3 months,Yes
1020,user7@gmail.com,4-5,Apartment,Resident_7,481/18,,,Main Road,Near School,Ward 10,Municipality,Palakkad,670638,2,7,Loose / refill,4-7,Sometimes,Never,Yes
1021,user8@gmail.com,4-5,Large house,Resident_8,270/7,,,Main Road,Near School,Ward 20,Municipality,Idukki,670576,4,12,Plastic packet,7+,Never,Rarely,Yes
1022,user9@gmail.com,2-3,Small house,Resident_9,91/18,,,Main Road,Near School,Ward 5,Municipality,Kottayam,676274,2,9,Loose / refill,None,Sometimes,Every month,Yes
1023,user10@gmail.com,2-3,Large house,Resident_10,78/15,,,Main Road,Near School,Ward 3,Municipality,Alappuzha,670822,2,8,Plastic packet,None,Sometimes,Every 2-3 months,Yes
1024,user11@gmail.com,2-3,Apartment,Resident_11,136/13,,,Main Road,Near School,Ward 23,Municipality,Pathanamthitta,689776,3,9,Plastic packet,7+,Never,Every 2-3 months,No
1025,user12@gmail.com,2-3,Small house,Resident_12,330/12,,,Main Road,Near School,Ward 18,Municipality,Kollam,687983,1,3,Loose / refill,1-3,Always,Every month,Yes
1026,user13@gmail.com,2-3,Apartment,Resident_13,239/10,,,Main Road,Near School,Ward 24,Municipality,Kozhikode,680125,3,15,Plastic packet,None,Always,Rarely,No
1027,user14@gmail.com,6+,Apartment,Resident_14,335/12,,,Main Road,Near School,Ward 23,Municipality,Alappuzha,689516,3,15,Plastic packet,None,Always,Every 2-3 months,No
1028,user15@gmail.com,6+,Small house,Resident_15,104/1,,,Main Road,Near School,Ward 11,Municipality,Thrissur,682482,6,20,Plastic bottle,4-7,Always,Never,Yes
1029,user16@gmail.com,4-5,Apartment,Resident_16,377/18,,,Main Road,Near School,Ward 3,Municipality,Palakkad,686942,4,2,Plastic bottle,4-7,Never,Every month,Yes
1030,user17@gmail.com,2-3,Small house,Resident_17,339/2,,,Main Road,Near School,Ward 19,Municipality,Kasaragod,684597,1,9,Loose / refill,None,Always,Every 2-3 months,No
1031,user18@gmail.com,4-5,Apartment,Resident_18,194/13,,,Main Road,Near School,Ward 10,Municipality,Ernakulam,672470,3,6,Loose / refill,7+,Always,Every 2-3 months,Yes
1032,user19@gmail.com,4-5,Apartment,Resident_19,339/3,,,Main Road,Near School,Ward 16,Municipality,Kasaragod,678938,4,2,Plastic bottle,None,Never,Never,No
1033,user20@gmail.com,4-5,Large house,Resident_20,370/14,,,Main Road,Near School,Ward 25,Municipality,Kottayam,670545,2,10,Loose / refill,None,Always,Every month,No
1034,user21@gmail.com,4-5,Apartment,Resident_21,87/10,,,Main Road,Near School,Ward 6,Municipality,Ernakulam,672399,3,17,Plastic packet,None,Never,Rarely,No
1035,user22@gmail.com,2-3,Small house,Resident_22,6/11,,,Main Road,Near School,Ward 16,Municipality,Idukki,679906,2,16,Plastic packet,None,Never,Never,Yes
1036,user23@gmail.com,2-3,Large house,Resident_23,140/18,,,Main Road,Near School,Ward 7,Municipality,Kottayam,676875,2,6,Loose / refill,None,Always,Rarely,Yes
1037,user24@gmail.com,4-5,Large house,Resident_24,235/15,,,Main Road,Near School,Ward 13,Municipality,Palakkad,689886,2,9,Loose / refill,4-7,Never,Never,Yes
1038,user25@gmail.com,1,Small house,Resident_25,368/9,,,Main Road,Near School,Ward 9,Municipality,Kottayam,688324,1,16,Loose / refill,7+,Never,Every month,Yes
1039,user26@gmail.com,4-5,Apartment,Resident_26,51/7,,,Main Road,Near School,Ward 8,Municipality,Ernakulam,684777,3,8,Plastic bottle,None,Sometimes,Never,Yes
1040,user27@gmail.com,6+,Large house,Resident_27,4/16,,,Main Road,Near School,Ward 1,Municipality,Thrissur,670801,4,6,Plastic bottle,1-3,Always,Never,No
1041,user28@gmail.com,2-3,Small house,Resident_28,74/17,,,Main Road,Near School,Ward 25,Municipality,Kasaragod,682811,3,4,Plastic packet,1-3,Sometimes,Every 2-3 months,No
1042,user29@gmail.com,4-5,Large house,Resident_29,170/5,,,Main Road,Near School,Ward 4,Municipality,Kottayam,672883,4,3,Plastic bottle,1-3,Never,Rarely,Yes
1043,user30@gmail.com,4-5,Small house,Resident_30,400/3,,,Main Road,Near School,Ward 2,Municipality,Kozhikode,678487,3,5,Loose / refill,1-3,Sometimes,Never,Yes
1044,user31@gmail.com,4-5,Large house,Resident_31,365/17,,,Main Road,Near School,Ward 21,Municipality,Kannur,671333,3,11,Plastic packet,4-7,Sometimes,Never,Yes
1045,user32@gmail.com,2-3,Apartment,Resident_32,40/20,,,Main Road,Near School,Ward 18,Municipality,Wayanad,682277,3,7,Plastic bottle,4-7,Sometimes,Never,No
1046,user33@gmail.com,2-3,Apartment,Resident_33,8/8,,,Main Road,Near School,Ward 3,Municipality,Wayanad,678611,1,11,Plastic packet,4-7,Always,Every month,No
1047,user34@gmail.com,6+,Small house,Resident_34,247/11,,,Main Road,Near School,Ward 12,Municipality,Ernakulam,674866,4,5,Loose / refill,1-3,Always,Never,Yes
1048,user35@gmail.com,4-5,Apartment,Resident_35,48/1,,,Main Road,Near School,Ward 1,Municipality,Thiruvananthapuram,683163,3,7,Plastic bottle,4-7,Sometimes,Every 2-3 months,No
1049,user36@gmail.com,2-3,Large house,Resident_36,357/12,,,Main Road,Near School,Ward 11,Municipality,Idukki,683646,3,16,Plastic bottle,7+,Sometimes,Every 2-3 months,Yes
1050,user37@gmail.com,4-5,Large house,Resident_37,46/7,,,Main Road,Near School,Ward 16,Municipality,Malappuram,684105,3,11,Loose / refill,7+,Sometimes,Every 2-3 months,Yes
1051,user38@gmail.com,4-5,Small house,Resident_38,330/16,,,Main Road,Near School,Ward 10,Municipality,Pathanamthitta,679824,2,11,Plastic bottle,None,Always,Every 2-3 months,No
1052,user39@gmail.com,2-3,Large house,Resident_39,40/6,,,Main Road,Near School,Ward 16,Municipality,Malappuram,673828,2,20,Plastic bottle,1-3,Always,Every month,Yes
1053,user40@gmail.com,4-5,Small house,Resident_40,32/4,,,Main Road,Near School,Ward 21,Municipality,Kannur,684738,4,9,Plastic bottle,1-3,Sometimes,Never,No
1054,user41@gmail.com,2-3,Apartment,Resident_41,60/16,,,Main Road,Near School,Ward 17,Municipality,Ernakulam,681065,1,7,Plastic packet,7+,Sometimes,Every 2-3 months,Yes
1055,user42@gmail.com,6+,Large house,Resident_42,255/4,,,Main Road,Near School,Ward 14,Municipality,Ernakulam,678203,4,3,Plastic packet,None,Always,Every month,No
1056,user43@gmail.com,2-3,Small house,Resident_43,58/1,,,Main Road,Near School,Ward 25,Municipality,Kollam,676578,3,13,Loose / refill,None,Always,Never,Yes
1057,user44@gmail.com,4-5,Large house,Resident_44,457/1,,,Main Road,Near School,Ward 16,Municipality,Kozhikode,682687,3,15,Plastic packet,7+,Sometimes,Never,Yes
1058,user45@gmail.com,4-5,Small house,Resident_45,360/11,,,Main Road,Near School,Ward 22,Municipality,Pathanamthitta,676054,2,11,Loose / refill,1-3,Sometimes,Never,Yes
1059,user46@gmail.com,1,Small house,Resident_46,379/7,,,Main Road,Near School,Ward 15,Municipality,Pathanamthitta,680966,1,17,Plastic packet,4-7,Never,Rarely,No
1060,user47@gmail.com,1,Large house,Resident_47,52/10,,,Main Road,Near School,Ward 23,Municipality,Alappuzha,680133,1,9,Plastic packet,7+,Never,Rarely,Yes
1061,user48@gmail.com,4-5,Large house,Resident_48,18/11,,,Main Road,Near School,Ward 18,Municipality,Idukki,676872,3,13,Loose / refill,1-3,Sometimes,Every 2-3 months,Yes
1062,user49@gmail.com,4-5,Apartment,Resident_49,219/16,,,Main Road,Near School,Ward 14,Municipality,Thrissur,676200,3,2,Plastic packet,1-3,Always,Every 2-3 months,No
1063,user50@gmail.com,6+,Large house,Resident_50,234/12,,,Main Road,Near School,Ward 12,Municipality,Alappuzha,689797,6,19,Plastic bottle,7+,Sometimes,Every 2-3 months,Yes
1064,user51@gmail.com,2-3,Large house,Resident_51,45/11,,,Main Road,Near School,Ward 1,Municipality,Pathanamthitta,677820,3,17,Loose / refill,None,Sometimes,Every month,Yes
1065,user52@gmail.com,2-3,Large house,Resident_52,169/12,,,Main Road,Near School,Ward 12,Municipality,Pathanamthitta,685388,3,5,Loose / refill,1-3,Always,Every month,Yes
1066,user53@gmail.com,1,Apartment,Resident_53,34/3,,,Main Road,Near School,Ward 5,Municipality,Pathanamthitta,670791,1,17,Loose / refill,7+,Sometimes,Never,No
1067,user54@gmail.com,2-3,Apartment,Resident_54,296/3,,,Main Road,Near School,Ward 24,Municipality,Thrissur,686691,3,17,Plastic packet,1-3,Never,Rarely,No
1068,user55@gmail.com,6+,Large house,Resident_55,466/15,,,Main Road,Near School,Ward 15,Municipality,Alappuzha,689219,6,5,Plastic bottle,7+,Sometimes,Every month,No
1069,user56@gmail.com,6+,Small house,Resident_56,495/14,,,Main Road,Near School,Ward 20,Municipality,Ernakulam,673824,4,20,Loose / refill,4-7,Always,Every month,Yes
1070,user57@gmail.com,4-5,Small house,Resident_57,433/15,,,Main Road,Near School,Ward 1,Municipality,Kottayam,688993,3,4,Plastic bottle,None,Always,Every 2-3 months,Yes
1071,user58@gmail.com,2-3,Apartment,Resident_58,196/8,,,Main Road,Near School,Ward 15,Municipality,Kannur,685296,1,18,Plastic packet,1-3,Never,Rarely,Yes
1072,user59@gmail.com,2-3,Apartment,Resident_59,87/15,,,Main Road,Near School,Ward 23,Municipality,Malappuram,687751,1,20,Plastic packet,7+,Always,Every month,No
1073,user60@gmail.com,4-5,Large house,Resident_60,470/13,,,Main Road,Near School,Ward 11,Municipality,Alappuzha,676181,2,15,Plastic packet,7+,Always,Every month,No
1074,user61@gmail.com,4-5,Small house,Resident_61,440/3,,,Main Road,Near School,Ward 1,Municipality,Kannur,678277,4,2,Loose / refill,7+,Always,Never,No
1075,user62@gmail.com,1,Apartment,Resident_62,383/6,,,Main Road,Near School,Ward 4,Municipality,Kozhikode,676840,0,17,Loose / refill,None,Always,Every month,No
1076,user63@gmail.com,4-5,Large house,Resident_63,101/16,,,Main Road,Near School,Ward 21,Municipality,Idukki,677266,3,16,Loose / refill,None,Sometimes,Every 2-3 months,No
1077,user64@gmail.com,4-5,Large house,Resident_64,129/15,,,Main Road,Near School,Ward 8,Municipality,Kottayam,673173,3,4,Loose / refill,1-3,Sometimes,Every month,Yes
1078,user65@gmail.com,2-3,Apartment,Resident_65,477/16,,,Main Road,Near School,Ward 18,Municipality,Thiruvananthapuram,688572,2,9,Plastic bottle,4-7,Always,Never,Yes
1079,user66@gmail.com,4-5,Small house,Resident_66,377/20,,,Main Road,Near School,Ward 11,Municipality,Ernakulam,681501,4,8,Loose / refill,1-3,Sometimes,Rarely,No
1080,user67@gmail.com,4-5,Large house,Resident_67,439/9,,,Main Road,Near School,Ward 2,Municipality,Wayanad,684892,4,13,Plastic packet,4-7,Always,Every month,No
1081,user68@gmail.com,6+,Small house,Resident_68,454/9,,,Main Road,Near School,Ward 10,Municipality,Alappuzha,681177,4,8,Loose / refill,None,Sometimes,Every month,No
1082,user69@gmail.com,4-5,Apartment,Resident_69,139/17,,,Main Road,Near School,Ward 8,Municipality,Ernakulam,673489,4,18,Plastic bottle,4-7,Always,Every 2-3 months,No
1083,user70@gmail.com,6+,Apartment,Resident_70,389/12,,,Main Road,Near School,Ward 1,Municipality,Palakkad,673725,6,8,Loose / refill,1-3,Always,Never,No
1084,user71@gmail.com,4-5,Small house,Resident_71,147/8,,,Main Road,Near School,Ward 3,Municipality,Ernakulam,688246,4,15,Plastic packet,7+,Sometimes,Every 2-3 months,No
1085,user72@gmail.com,2-3,Small house,Resident_72,19/6,,,Main Road,Near School,Ward 21,Municipality,Thrissur,677092,3,3,Loose / refill,None,Never,Rarely,Yes
1086,user73@gmail.com,4-5,Apartment,Resident_73,408/18,,,Main Road,Near School,Ward 21,Municipality,Ernakulam,682574,2,14,Plastic bottle,4-7,Never,Rarely,Yes
1087,user74@gmail.com,1,Apartment,Resident_74,254/3,,,Main Road,Near School,Ward 2,Municipality,Thiruvananthapuram,673356,0,6,Loose / refill,1-3,Always,Never,Yes
1088,user75@gmail.com,2-3,Large house,Resident_75,459/10,,,Main Road,Near School,Ward 11,Municipality,Kannur,688630,3,7,Plastic packet,4-7,Sometimes,Every month,No
1089,user76@gmail.com,4-5,Small house,Resident_76,441/10,,,Main Road,Near School,Ward 5,Municipality,Ernakulam,674901,2,9,Plastic bottle,1-3,Always,Never,Yes
1090,user77@gmail.com,4-5,Apartment,Resident_77,368/5,,,Main Road,Near School,Ward 24,Municipality,Kollam,678124,3,19,Plastic bottle,None,Sometimes,Every 2-3 months,No
1091,user78@gmail.com,6+,Apartment,Resident_78,104/4,,,Main Road,Near School,Ward 9,Municipality,Kannur,689213,5,6,Loose / refill,1-3,Always,Every month,Yes
1092,user79@gmail.com,4-5,Apartment,Resident_79,58/17,,,Main Road,Near School,Ward 11,Municipality,Kottayam,689733,4,4,Plastic bottle,4-7,Never,Rarely,Yes
1093,user80@gmail.com,4-5,Large house,Resident_80,148/13,,,Main Road,Near School,Ward 17,Municipality,Ernakulam,683639,2,6,Plastic packet,4-7,Sometimes,Never,No
1094,user81@gmail.com,4-5,Apartment,Resident_81,488/11,,,Main Road,Near School,Ward 5,Municipality,Pathanamthitta,678354,2,5,Plastic packet,None,Always,Never,Yes
1095,user82@gmail.com,1,Apartment,Resident_82,55/9,,,Main Road,Near School,Ward 11,Municipality,Idukki,680473,0,5,Plastic bottle,4-7,Never,Every month,No
1096,user83@gmail.com,1,Large house,Resident_83,55/2,,,Main Road,Near School,Ward 4,Municipality,Idukki,671037,0,17,Plastic bottle,4-7,Never,Every month,No
1097,user84@gmail.com,2-3,Apartment,Resident_84,410/7,,,Main Road,Near School,Ward 17,Municipality,Kottayam,685438,1,14,Loose / refill,7+,Always,Rarely,Yes
1098,user85@gmail.com,4-5,Small house,Resident_85,191/5,,,Main Road,Near School,Ward 10,Municipality,Ernakulam,689991,2,13,Plastic packet,None,Never,Never,Yes
1099,user86@gmail.com,2-3,Apartment,Resident_86,150/12,,,Main Road,Near School,Ward 20,Municipality,Alappuzha,682566,3,5,Loose / refill,4-7,Always,Every 2-3 months,No
1100,user87@gmail.com,4-5,Small house,Resident_87,17/4,,,Main Road,Near School,Ward 2,Municipality,Wayanad,687731,3,5,Loose / refill,1-3,Sometimes,Every month,No
1101,user88@gmail.com,6+,Large house,Resident_88,283/4,,,Main Road,Near School,Ward 20,Municipality,Kollam,677734,5,11,Plastic packet,7+,Never,Rarely,No
1102,user89@gmail.com,4-5,Small house,Resident_89,356/4,,,Main Road,Near School,Ward 5,Municipality,Palakkad,685396,4,4,Loose / refill,1-3,Never,Every month,Yes
1103,user90@gmail.com,4-5,Apartment,Resident_90,294/1,,,Main Road,Near School,Ward 8,Municipality,Kollam,679918,3,10,Loose / refill,4-7,Always,Rarely,No
1104,user91@gmail.com,6+,Large house,Resident_91,395/10,,,Main Road,Near School,Ward 5,Municipality,Palakkad,675668,4,10,Plastic bottle,4-7,Never,Every 2-3 months,No
1105,user92@gmail.com,2-3,Small house,Resident_92,317/7,,,Main Road,Near School,Ward 17,Municipality,Kollam,687380,2,9,Loose / refill,None,Sometimes,Never,Yes
1106,user93@gmail.com,1,Small house,Resident_93,114/12,,,Main Road,Near School,Ward 13,Municipality,Thrissur,687443,0,7,Plastic bottle,None,Always,Rarely,No
1107,user94@gmail.com,6+,Apartment,Resident_94,285/10,,,Main Road,Near School,Ward 22,Municipality,Kozhikode,687531,6,4,Plastic bottle,4-7,Never,Rarely,Yes
1108,user95@gmail.com,4-5,Large house,Resident_95,336/8,,,Main Road,Near School,Ward 24,Municipality,Thrissur,686166,3,13,Plastic packet,7+,Never,Rarely,Yes
1109,user96@gmail.com,4-5,Large house,Resident_96,253/3,,,Main Road,Near School,Ward 4,Municipality,Thrissur,673958,4,9,Plastic bottle,4-7,Sometimes,Never,No
1110,user97@gmail.com,4-5,Small house,Resident_97,231/15,,,Main Road,Near School,Ward 14,Municipality,Kollam,679161,2,16,Loose / refill,1-3,Always,Rarely,No
1111,user98@gmail.com,6+,Large house,Resident_98,363/11,,,Main Road,Near School,Ward 11,Municipality,Pathanamthitta,676528,4,10,Plastic bottle,4-7,Sometimes,Every 2-3 months,No
1112,user99@gmail.com,2-3,Apartment,Resident_99,382/18,,,Main Road,Near School,Ward 18,Municipality,Alappuzha,688560,2,3,Plastic packet,4-7,Sometimes,Never,No
1113,user100@gmail.com,2-3,Large house,Resident_100,500/9,,,Main Road,Near School,Ward 21,Municipality,Thiruvananthapuram,680273,2,14,Plastic packet,4-7,Never,Rarely,No
1114,user101@gmail.com,6+,Small house,Resident_101,28/15,,,Main Road,Near School,Ward 14,Municipality,Kozhikode,671642,5,8,Plastic bottle,7+,Never,Every month,No
1115,user102@gmail.com,4-5,Small house,Resident_102,47/18,,,Main Road,Near School,Ward 13,Municipality,Alappuzha,684413,4,8,Loose / refill,None,Always,Never,No
1116,user103@gmail.com,2-3,Large house,Resident_103,492/14,,,Main Road,Near School,Ward 18,Municipality,Kottayam,677913,1,20,Loose / refill,1-3,Sometimes,Rarely,Yes
1117,user104@gmail.com,6+,Small house,Resident_104,255/9,,,Main Road,Near School,Ward 21,Municipality,Pathanamthitta,676137,5,16,Plastic bottle,None,Never,Rarely,Yes
1118,user105@gmail.com,4-5,Apartment,Resident_105,179/5,,,Main Road,Near School,Ward 24,Municipality,Kottayam,680612,3,13,Plastic bottle,1-3,Never,Never,Yes
1119,user106@gmail.com,4-5,Apartment,Resident_106,167/16,,,Main Road,Near School,Ward 6,Municipality,Palakkad,674826,3,6,Loose / refill,7+,Always,Every 2-3 months,No
1120,user107@gmail.com,2-3,Apartment,Resident_107,328/13,,,Main Road,Near School,Ward 13,Municipality,Kozhikode,676397,1,16,Plastic packet,None,Never,Rarely,Yes
1121,user108@gmail.com,4-5,Apartment,Resident_108,362/9,,,Main Road,Near School,Ward 19,Municipality,Malappuram,671660,2,15,Plastic packet,4-7,Never,Every month,No
1122,user109@gmail.com,2-3,Small house,Resident_109,8/7,,,Main Road,Near School,Ward 21,Municipality,Pathanamthitta,686872,3,16,Plastic bottle,1-3,Never,Every 2-3 months,Yes
1123,user110@gmail.com,6+,Apartment,Resident_110,185/15,,,Main Road,Near School,Ward 24,Municipality,Thrissur,682023,5,18,Loose / refill,7+,Never,Every month,No
1124,user111@gmail.com,1,Apartment,Resident_111,314/3,,,Main Road,Near School,Ward 19,Municipality,Idukki,672539,0,16,Plastic bottle,1-3,Always,Every 2-3 months,No
1125,user112@gmail.com,6+,Large house,Resident_112,306/18,,,Main Road,Near School,Ward 18,Municipality,Wayanad,681772,6,17,Plastic bottle,7+,Always,Every 2-3 months,Yes
1126,user113@gmail.com,1,Small house,Resident_113,466/5,,,Main Road,Near School,Ward 6,Municipality,Wayanad,687626,0,3,Loose / refill,4-7,Never,Every month,No
1127,user114@gmail.com,4-5,Large house,Resident_114,27/15,,,Main Road,Near School,Ward 2,Municipality,Palakkad,674260,4,2,Plastic packet,1-3,Sometimes,Every month,No
1128,user115@gmail.com,6+,Small house,Resident_115,229/16,,,Main Road,Near School,Ward 2,Municipality,Idukki,673169,5,13,Plastic bottle,7+,Always,Never,No
1129,user116@gmail.com,6+,Large house,Resident_116,463/11,,,Main Road,Near School,Ward 18,Municipality,Kasaragod,672035,4,9,Plastic packet,4-7,Never,Never,No
1130,user117@gmail.com,4-5,Small house,Resident_117,7/14,,,Main Road,Near School,Ward 23,Municipality,Palakkad,689468,2,17,Plastic packet,7+,Never,Every month,No
1131,user118@gmail.com,4-5,Large house,Resident_118,337/13,,,Main Road,Near School,Ward 22,Municipality,Thrissur,680318,4,4,Plastic packet,1-3,Sometimes,Never,No
1132,user119@gmail.com,2-3,Apartment,Resident_119,73/18,,,Main Road,Near School,Ward 21,Municipality,Pathanamthitta,688056,2,14,Plastic packet,7+,Always,Never,Yes
1133,user120@gmail.com,2-3,Apartment,Resident_120,94/13,,,Main Road,Near School,Ward 19,Municipality,Wayanad,672985,2,13,Loose / refill,4-7,Always,Every 2-3 months,Yes
1134,user121@gmail.com,2-3,Large house,Resident_121,52/14,,,Main Road,Near School,Ward 25,Municipality,Thrissur,686878,3,19,Loose / refill,1-3,Always,Never,No
1135,user122@gmail.com,6+,Apartment,Resident_122,380/5,,,Main Road,Near School,Ward 16,Municipality,Alappuzha,674332,5,6,Loose / refill,7+,Sometimes,Never,Yes
1136,user123@gmail.com,1,Small house,Resident_123,178/20,,,Main Road,Near School,Ward 5,Municipality,Kollam,681634,0,20,Plastic packet,1-3,Sometimes,Every 2-3 months,Yes
1137,user124@gmail.com,2-3,Small house,Resident_124,22/17,,,Main Road,Near School,Ward 17,Municipality,Kozhikode,677893,2,6,Plastic bottle,7+,Never,Every month,Yes
1138,user125@gmail.com,4-5,Large house,Resident_125,217/10,,,Main Road,Near School,Ward 15,Municipality,Ernakulam,681290,3,17,Loose / refill,7+,Never,Every month,Yes
1139,user126@gmail.com,4-5,Small house,Resident_126,320/10,,,Main Road,Near School,Ward 16,Municipality,Ernakulam,686780,3,4,Plastic bottle,1-3,Always,Rarely,Yes
1140,user127@gmail.com,6+,Large house,Resident_127,461/15,,,Main Road,Near School,Ward 13,Municipality,Idukki,689151,3,7,Loose / refill,1-3,Never,Never,Yes
1141,user128@gmail.com,4-5,Apartment,Resident_128,272/9,,,Main Road,Near School,Ward 23,Municipality,Pathanamthitta,689776,4,7,Plastic packet,1-3,Sometimes,Every month,No
1142,user129@gmail.com,4-5,Small house,Resident_129,273/7,,,Main Road,Near School,Ward 23,Municipality,Ernakulam,684526,2,13,Plastic packet,1-3,Never,Rarely,No
1143,user130@gmail.com,4-5,Apartment,Resident_130,392/14,,,Main Road,Near School,Ward 21,Municipality,Kozhikode,671286,4,8,Plastic bottle,1-3,Always,Rarely,No
1144,user131@gmail.com,4-5,Large house,Resident_131,135/7,,,Main Road,Near School,Ward 22,Municipality,Wayanad,678466,4,15,Loose / refill,1-3,Always,Rarely,Yes
1145,user132@gmail.com,2-3,Small house,Resident_132,338/5,,,Main Road,Near School,Ward 3,Municipality,Kannur,680004,2,15,Plastic bottle,1-3,Always,Every month,No
1146,user133@gmail.com,4-5,Large house,Resident_133,76/15,,,Main Road,Near School,Ward 8,Municipality,Kozhikode,680758,2,7,Plastic packet,7+,Sometimes,Never,Yes
1147,user134@gmail.com,6+,Large house,Resident_134,109/7,,,Main Road,Near School,Ward 13,Municipality,Wayanad,680953,6,8,Loose / refill,7+,Never,Every month,No
1148,user135@gmail.com,4-5,Large house,Resident_135,330/4,,,Main Road,Near School,Ward 7,Municipality,Ernakulam,681945,3,7,Loose / refill,7+,Never,Every 2-3 months,Yes
1149,user136@gmail.com,4-5,Large house,Resident_136,253/12,,,Main Road,Near School,Ward 23,Municipality,Alappuzha,685033,4,7,Plastic packet,7+,Sometimes,Never,No
1150,user137@gmail.com,2-3,Apartment,Resident_137,94/9,,,Main Road,Near School,Ward 4,Municipality,Thrissur,685569,1,5,Plastic packet,4-7,Always,Rarely,Yes
1151,user138@gmail.com,2-3,Apartment,Resident_138,260/17,,,Main Road,Near School,Ward 22,Municipality,Ernakulam,681787,1,6,Plastic packet,4-7,Always,Every 2-3 months,No
1152,user139@gmail.com,1,Apartment,Resident_139,301/11,,,Main Road,Near School,Ward 10,Municipality,Thrissur,688757,1,15,Plastic bottle,4-7,Always,Every month,No
1153,user140@gmail.com,1,Large house,Resident_140,1/16,,,Main Road,Near School,Ward 1,Municipality,Thiruvananthapuram,674923,1,8,Plastic packet,1-3,Always,Every month,No
1154,user141@gmail.com,2-3,Small house,Resident_141,380/12,,,Main Road,Near School,Ward 23,Municipality,Pathanamthitta,673792,1,18,Loose / refill,4-7,Always,Every 2-3 months,No
1155,user142@gmail.com,1,Small house,Resident_142,329/13,,,Main Road,Near School,Ward 25,Municipality,Kozhikode,689814,0,19,Plastic packet,4-7,Sometimes,Every month,Yes
1156,user143@gmail.com,4-5,Apartment,Resident_143,358/18,,,Main Road,Near School,Ward 3,Municipality,Wayanad,670940,4,6,Loose / refill,7+,Never,Rarely,Yes
1157,user144@gmail.com,2-3,Small house,Resident_144,447/14,,,Main Road,Near School,Ward 6,Municipality,Malappuram,679563,1,2,Loose / refill,None,Sometimes,Never,Yes
1158,user145@gmail.com,2-3,Small house,Resident_145,403/3,,,Main Road,Near School,Ward 20,Municipality,Kannur,682865,2,13,Plastic packet,None,Always,Every 2-3 months,No
1159,user146@gmail.com,4-5,Small house,Resident_146,74/4,,,Main Road,Near School,Ward 9,Municipality,Malappuram,674176,2,2,Plastic bottle,7+,Sometimes,Every 2-3 months,No
1160,user147@gmail.com,1,Small house,Resident_147,145/12,,,Main Road,Near School,Ward 18,Municipality,Thiruvananthapuram,676202,1,20,Loose / refill,4-7,Always,Rarely,Yes
1161,user148@gmail.com,1,Small house,Resident_148,57/20,,,Main Road,Near School,Ward 1,Municipality,Alappuzha,676912,0,13,Plastic packet,4-7,Always,Never,Yes
1162,user149@gmail.com,2-3,Large house,Resident_149,260/4,,,Main Road,Near School,Ward 3,Municipality,Kasaragod,682676,1,19,Plastic bottle,1-3,Always,Rarely,Yes
1163,user150@gmail.com,6+,Small house,Resident_150,138/11,,,Main Road,Near School,Ward 8,Municipality,Malappuram,678504,3,20,Plastic bottle,1-3,Always,Every month,No
1164,user151@gmail.com,2-3,Apartment,Resident_151,83/13,,,Main Road,Near School,Ward 6,Municipality,Pathanamthitta,684044,3,9,Loose / refill,None,Always,Never,No
1165,user152@gmail.com,1,Apartment,Resident_152,202/1,,,Main Road,Near School,Ward 2,Municipality,Malappuram,684387,1,5,Loose / refill,1-3,Sometimes,Every month,No
1166,user153@gmail.com,2-3,Apartment,Resident_153,42/17,,,Main Road,Near School,Ward 21,Municipality,Kollam,677297,2,17,Plastic bottle,1-3,Never,Every month,Yes
1167,user154@gmail.com,2-3,Apartment,Resident_154,457/16,,,Main Road,Near School,Ward 22,Municipality,Kasaragod,682215,3,6,Plastic packet,1-3,Sometimes,Never,No
1168,user155@gmail.com,2-3,Small house,Resident_155,158/20,,,Main Road,Near School,Ward 22,Municipality,Pathanamthitta,683714,1,3,Loose / refill,4-7,Sometimes,Rarely,No
1169,user156@gmail.com,4-5,Small house,Resident_156,109/1,,,Main Road,Near School,Ward 21,Municipality,Idukki,681863,3,10,Plastic packet,7+,Never,Never,No
1170,user157@gmail.com,2-3,Large house,Resident_157,170/6,,,Main Road,Near School,Ward 13,Municipality,Pathanamthitta,681803,1,7,Loose / refill,7+,Sometimes,Never,No
1171,user158@gmail.com,2-3,Small house,Resident_158,463/9,,,Main Road,Near School,Ward 12,Municipality,Pathanamthitta,676609,2,2,Loose / refill,None,Sometimes,Rarely,No
1172,user159@gmail.com,6+,Small house,Resident_159,421/16,,,Main Road,Near School,Ward 14,Municipality,Kollam,681948,5,6,Plastic packet,None,Never,Every month,Yes
1173,user160@gmail.com,2-3,Small house,Resident_160,189/19,,,Main Road,Near School,Ward 21,Municipality,Palakkad,670291,3,8,Plastic bottle,None,Sometimes,Rarely,No
1174,user161@gmail.com,4-5,Small house,Resident_161,288/20,,,Main Road,Near School,Ward 11,Municipality,Thrissur,689262,4,17,Loose / refill,7+,Always,Every 2-3 months,No
1175,user162@gmail.com,1,Small house,Resident_162,326/6,,,Main Road,Near School,Ward 8,Municipality,Alappuzha,674530,0,7,Plastic packet,None,Never,Rarely,No
1176,user163@gmail.com,4-5,Apartment,Resident_163,339/16,,,Main Road,Near School,Ward 2,Municipality,Thrissur,681887,3,17,Plastic packet,7+,Never,Every month,No
1177,user164@gmail.com,4-5,Small house,Resident_164,25/19,,,Main Road,Near School,Ward 16,Municipality,Palakkad,671776,3,3,Plastic bottle,1-3,Sometimes,Every 2-3 months,Yes
1178,user165@gmail.com,2-3,Apartment,Resident_165,351/14,,,Main Road,Near School,Ward 24,Municipality,Wayanad,678949,3,14,Plastic packet,7+,Sometimes,Every 2-3 months,Yes
1179,user166@gmail.com,6+,Apartment,Resident_166,7/14,,,Main Road,Near School,Ward 15,Municipality,Thrissur,684535,6,9,Loose / refill,4-7,Never,Every 2-3 months,No
1180,user167@gmail.com,2-3,Apartment,Resident_167,476/16,,,Main Road,Near School,Ward 23,Municipality,Kasaragod,681539,3,19,Loose / refill,None,Always,Every month,No
1181,user168@gmail.com,2-3,Apartment,Resident_168,301/10,,,Main Road,Near School,Ward 15,Municipality,Kannur,689203,2,16,Loose / refill,4-7,Sometimes,Rarely,No
1182,user169@gmail.com,2-3,Large house,Resident_169,51/18,,,Main Road,Near School,Ward 19,Municipality,Thrissur,685063,3,3,Plastic bottle,1-3,Always,Every month,Yes
1183,user170@gmail.com,2-3,Small house,Resident_170,154/1,,,Main Road,Near School,Ward 3,Municipality,Kozhikode,689275,3,6,Plastic packet,None,Never,Never,Yes
1184,user171@gmail.com,2-3,Large house,Resident_171,492/4,,,Main Road,Near School,Ward 9,Municipality,Kottayam,678413,2,4,Loose / refill,1-3,Sometimes,Rarely,No
1185,user172@gmail.com,2-3,Small house,Resident_172,124/10,,,Main Road,Near School,Ward 17,Municipality,Alappuzha,686940,2,10,Plastic packet,4-7,Never,Every month,No
1186,user173@gmail.com,4-5,Large house,Resident_173,189/10,,,Main Road,Near School,Ward 21,Municipality,Pathanamthitta,675507,3,8,Plastic packet,4-7,Sometimes,Every 2-3 months,Yes
1187,user174@gmail.com,4-5,Small house,Resident_174,144/18,,,Main Road,Near School,Ward 16,Municipality,Palakkad,686606,2,17,Plastic packet,1-3,Always,Every month,No
1188,user175@gmail.com,6+,Apartment,Resident_175,310/15,,,Main Road,Near School,Ward 18,Municipality,Palakkad,679399,3,13,Loose / refill,1-3,Sometimes,Never,No
1189,user176@gmail.com,4-5,Large house,Resident_176,22/10,,,Main Road,Near School,Ward 9,Municipality,Malappuram,679957,2,14,Loose / refill,7+,Always,Every 2-3 months,Yes
1190,user177@gmail.com,6+,Small house,Resident_177,37/7,,,Main Road,Near School,Ward 20,Municipality,Kottayam,685641,3,12,Plastic bottle,4-7,Sometimes,Rarely,No
1191,user178@gmail.com,6+,Small house,Resident_178,408/15,,,Main Road,Near School,Ward 9,Municipality,Thiruvananthapuram,680460,6,7,Loose / refill,7+,Sometimes,Rarely,Yes
1192,user179@gmail.com,1,Small house,Resident_179,408/14,,,Main Road,Near School,Ward 24,Municipality,Alappuzha,671818,1,10,Plastic packet,1-3,Sometimes,Never,No
1193,user180@gmail.com,2-3,Apartment,Resident_180,37/3,,,Main Road,Near School,Ward 13,Municipality,Kottayam,684732,3,2,Plastic packet,None,Never,Every 2-3 months,Yes
1194,user181@gmail.com,6+,Large house,Resident_181,265/12,,,Main Road,Near School,Ward 16,Municipality,Kozhikode,687020,3,9,Plastic bottle,None,Never,Every month,No
1195,user182@gmail.com,2-3,Large house,Resident_182,363/7,,,Main Road,Near School,Ward 17,Municipality,Kannur,673938,3,7,Plastic packet,4-7,Sometimes,Every 2-3 months,Yes
1196,user183@gmail.com,1,Small house,Resident_183,437/13,,,Main Road,Near School,Ward 6,Municipality,Malappuram,684989,0,10,Loose / refill,1-3,Always,Rarely,Yes
1197,user184@gmail.com,2-3,Small house,Resident_184,496/20,,,Main Road,Near School,Ward 17,Municipality,Wayanad,680623,1,2,Loose / refill,1-3,Sometimes,Every 2-3 months,No
1198,user185@gmail.com,2-3,Apartment,Resident_185,401/19,,,Main Road,Near School,Ward 11,Municipality,Kozhikode,680326,2,8,Plastic bottle,1-3,Always,Rarely,No
1199,user186@gmail.com,2-3,Small house,Resident_186,96/3,,,Main Road,Near School,Ward 24,Municipality,Pathanamthitta,684684,2,17,Plastic packet,1-3,Sometimes,Never,No
1200,user187@gmail.com,4-5,Apartment,Resident_187,36/7,,,Main Road,Near School,Ward 9,Municipality,Palakkad,681412,4,15,Loose / refill,7+,Always,Every month,Yes
1201,user188@gmail.com,4-5,Small house,Resident_188,355/6,,,Main Road,Near School,Ward 18,Municipality,Kannur,687241,2,9,Loose / refill,None,Sometimes,Never,No
1202,user189@gmail.com,4-5,Small house,Resident_189,281/17,,,Main Road,Near School,Ward 15,Municipality,Thrissur,677060,4,12,Plastic bottle,7+,Always,Every month,Yes
1203,user190@gmail.com,1,Small house,Resident_190,489/8,,,Main Road,Near School,Ward 9,Municipality,Thrissur,673979,1,10,Plastic packet,4-7,Never,Rarely,Yes
1204,user191@gmail.com,4-5,Small house,Resident_191,463/2,,,Main Road,Near School,Ward 22,Municipality,Kollam,679858,4,7,Plastic bottle,4-7,Sometimes,Rarely,No
1205,user192@gmail.com,4-5,Apartment,Resident_192,309/6,,,Main Road,Near School,Ward 15,Municipality,Palakkad,672036,3,4,Plastic packet,1-3,Never,Every 2-3 months,Yes
1206,user193@gmail.com,4-5,Large house,Resident_193,176/8,,,Main Road,Near School,Ward 25,Municipality,Kannur,689533,2,12,Plastic packet,7+,Never,Every month,Yes
1207,user194@gmail.com,6+,Small house,Resident_194,468/20,,,Main Road,Near School,Ward 19,Municipality,Pathanamthitta,688296,4,7,Loose / refill,7+,Never,Every 2-3 months,Yes
1208,user195@gmail.com,4-5,Apartment,Resident_195,259/3,,,Main Road,Near School,Ward 18,Municipality,Idukki,676978,2,8,Loose / refill,1-3,Sometimes,Rarely,No
1209,user196@gmail.com,4-5,Large house,Resident_196,402/19,,,Main Road,Near School,Ward 23,Municipality,Thrissur,673328,3,14,Plastic bottle,4-7,Always,Every month,Yes
1210,user197@gmail.com,4-5,Large house,Resident_197,363/13,,,Main Road,Near School,Ward 7,Municipality,Kasaragod,681800,2,4,Plastic bottle,None,Sometimes,Rarely,No
1211,user198@gmail.com,4-5,Large house,Resident_198,57/14,,,Main Road,Near School,Ward 12,Municipality,Kozhikode,681104,4,14,Plastic bottle,4-7,Sometimes,Every month,Yes
1212,user199@gmail.com,6+,Apartment,Resident_199,329/3,,,Main Road,Near School,Ward 13,Municipality,Idukki,675644,3,12,Plastic bottle,None,Sometimes,Every 2-3 months,Yes
1213,user200@gmail.com,2-3,Large house,Resident_200,38/10,,,Main Road,Near School,Ward 15,Municipality,Kozhikode,686554,3,16,Plastic bottle,None,Never,Every 2-3 months,Yes
1214,user201@gmail.com,2-3,Small house,Resident_201,175/4,,,Main Road,Near School,Ward 19,Municipality,Alappuzha,688055,1,19,Plastic packet,7+,Always,Every 2-3 months,Yes
1215,user202@gmail.com,2-3,Small house,Resident_202,399/8,,,Main Road,Near School,Ward 8,Municipality,Alappuzha,688247,1,14,Loose / refill,None,Always,Every month,No
1216,user203@gmail.com,2-3,Small house,Resident_203,20/19,,,Main Road,Near School,Ward 20,Municipality,Malappuram,687951,2,10,Loose / refill,7+,Sometimes,Every 2-3 months,Yes
1217,user204@gmail.com,4-5,Apartment,Resident_204,252/2,,,Main Road,Near School,Ward 17,Municipality,Kozhikode,677250,4,16,Plastic packet,7+,Sometimes,Every 2-3 months,Yes
1218,user205@gmail.com,2-3,Apartment,Resident_205,96/5,,,Main Road,Near School,Ward 16,Municipality,Palakkad,672087,1,4,Plastic bottle,None,Never,Every 2-3 months,No
1219,user206@gmail.com,4-5,Apartment,Resident_206,430/11,,,Main Road,Near School,Ward 7,Municipality,Kollam,672906,4,6,Plastic packet,4-7,Sometimes,Rarely,Yes
1220,user207@gmail.com,2-3,Apartment,Resident_207,140/9,,,Main Road,Near School,Ward 20,Municipality,Kozhikode,674460,3,14,Plastic packet,7+,Always,Rarely,No
1221,user208@gmail.com,6+,Small house,Resident_208,182/19,,,Main Road,Near School,Ward 1,Municipality,Kasaragod,673224,4,8,Plastic packet,None,Sometimes,Rarely,No
1222,user209@gmail.com,4-5,Apartment,Resident_209,375/14,,,Main Road,Near School,Ward 13,Municipality,Kannur,682239,2,2,Plastic bottle,None,Never,Never,No
1223,user210@gmail.com,4-5,Large house,Resident_210,208/9,,,Main Road,Near School,Ward 18,Municipality,Kannur,687221,3,15,Loose / refill,4-7,Never,Every 2-3 months,Yes
1224,user211@gmail.com,4-5,Apartment,Resident_211,99/7,,,Main Road,Near School,Ward 14,Municipality,Thiruvananthapuram,688002,2,6,Loose / refill,1-3,Sometimes,Every 2-3 months,Yes
1225,user212@gmail.com,1,Small house,Resident_212,252/1,,,Main Road,Near School,Ward 6,Municipality,Idukki,674178,1,18,Plastic packet,1-3,Always,Rarely,No
1226,user213@gmail.com,6+,Small house,Resident_213,288/20,,,Main Road,Near School,Ward 4,Municipality,Alappuzha,678429,6,11,Plastic packet,1-3,Never,Every 2-3 months,No
1227,user214@gmail.com,4-5,Small house,Resident_214,449/5,,,Main Road,Near School,Ward 16,Municipality,Kozhikode,682253,3,2,Loose / refill,None,Never,Never,No
1228,user215@gmail.com,2-3,Small house,Resident_215,346/3,,,Main Road,Near School,Ward 20,Municipality,Palakkad,679639,1,14,Plastic bottle,7+,Never,Never,No
1229,user216@gmail.com,2-3,Apartment,Resident_216,252/3,,,Main Road,Near School,Ward 9,Municipality,Idukki,672808,2,2,Plastic bottle,None,Always,Rarely,Yes
1230,user217@gmail.com,4-5,Large house,Resident_217,96/9,,,Main Road,Near School,Ward 1,Municipality,Ernakulam,682600,2,10,Plastic packet,7+,Always,Every 2-3 months,No
1231,user218@gmail.com,6+,Small house,Resident_218,201/11,,,Main Road,Near School,Ward 18,Municipality,Pathanamthitta,681930,5,7,Loose / refill,1-3,Never,Rarely,No
1232,user219@gmail.com,4-5,Apartment,Resident_219,226/18,,,Main Road,Near School,Ward 20,Municipality,Alappuzha,675286,2,8,Loose / refill,None,Always,Rarely,No
1233,user220@gmail.com,2-3,Large house,Resident_220,187/14,,,Main Road,Near School,Ward 14,Municipality,Palakkad,672928,1,9,Plastic packet,None,Never,Rarely,Yes
1234,user221@gmail.com,4-5,Small house,Resident_221,70/9,,,Main Road,Near School,Ward 21,Municipality,Thiruvananthapuram,671457,3,20,Plastic bottle,7+,Never,Rarely,No
1235,user222@gmail.com,6+,Small house,Resident_222,419/19,,,Main Road,Near School,Ward 23,Municipality,Thrissur,689848,5,16,Plastic packet,4-7,Always,Never,Yes
1236,user223@gmail.com,6+,Apartment,Resident_223,451/19,,,Main Road,Near School,Ward 12,Municipality,Ernakulam,679265,4,8,Loose / refill,4-7,Always,Never,Yes
1237,user224@gmail.com,2-3,Large house,Resident_224,72/4,,,Main Road,Near School,Ward 12,Municipality,Kasaragod,680315,2,15,Plastic bottle,4-7,Always,Rarely,No
1238,user225@gmail.com,4-5,Small house,Resident_225,121/3,,,Main Road,Near School,Ward 14,Municipality,Alappuzha,681734,4,2,Plastic packet,4-7,Sometimes,Every 2-3 months,No
1239,user226@gmail.com,2-3,Large house,Resident_226,21/7,,,Main Road,Near School,Ward 14,Municipality,Kottayam,688155,2,16,Plastic bottle,1-3,Sometimes,Rarely,Yes
1240,user227@gmail.com,4-5,Apartment,Resident_227,380/3,,,Main Road,Near School,Ward 25,Municipality,Ernakulam,682891,2,17,Loose / refill,7+,Sometimes,Every month,No
1241,user228@gmail.com,4-5,Large house,Resident_228,47/7,,,Main Road,Near School,Ward 21,Municipality,Wayanad,675980,2,9,Plastic bottle,1-3,Always,Rarely,Yes
1242,user229@gmail.com,4-5,Small house,Resident_229,336/9,,,Main Road,Near School,Ward 25,Municipality,Kozhikode,680555,3,6,Loose / refill,1-3,Sometimes,Rarely,Yes
1243,user230@gmail.com,2-3,Large house,Resident_230,239/17,,,Main Road,Near School,Ward 22,Municipality,Kannur,673650,1,18,Plastic packet,1-3,Sometimes,Every month,No
1244,user231@gmail.com,6+,Apartment,Resident_231,403/4,,,Main Road,Near School,Ward 15,Municipality,Thrissur,676842,5,2,Loose / refill,1-3,Always,Rarely,No
1245,user232@gmail.com,2-3,Apartment,Resident_232,227/3,,,Main Road,Near School,Ward 16,Municipality,Thiruvananthapuram,684634,3,2,Loose / refill,None,Always,Never,No
1246,user233@gmail.com,2-3,Small house,Resident_233,266/2,,,Main Road,Near School,Ward 10,Municipality,Wayanad,682206,2,18,Plastic packet,4-7,Sometimes,Every 2-3 months,Yes
1247,user234@gmail.com,4-5,Apartment,Resident_234,125/7,,,Main Road,Near School,Ward 23,Municipality,Palakkad,687956,2,10,Plastic bottle,4-7,Always,Every month,No
1248,user235@gmail.com,4-5,Large house,Resident_235,155/2,,,Main Road,Near School,Ward 19,Municipality,Kollam,676532,3,3,Plastic packet,7+,Always,Every month,No
1249,user236@gmail.com,4-5,Large house,Resident_236,142/16,,,Main Road,Near School,Ward 3,Municipality,Kozhikode,685850,2,8,Loose / refill,7+,Never,Every month,No
1250,user237@gmail.com,4-5,Small house,Resident_237,323/3,,,Main Road,Near School,Ward 17,Municipality,Kannur,679486,3,17,Plastic packet,7+,Always,Rarely,No
1251,user238@gmail.com,1,Small house,Resident_238,464/18,,,Main Road,Near School,Ward 14,Municipality,Thiruvananthapuram,677743,1,9,Plastic packet,None,Always,Never,Yes
1252,user239@gmail.com,2-3,Large house,Resident_239,483/4,,,Main Road,Near School,Ward 21,Municipality,Palakkad,678925,1,14,Plastic bottle,4-7,Always,Never,Yes
1253,user240@gmail.com,4-5,Small house,Resident_240,407/15,,,Main Road,Near School,Ward 20,Municipality,Alappuzha,671898,4,10,Plastic packet,1-3,Always,Every 2-3 months,Yes
1254,user241@gmail.com,6+,Large house,Resident_241,140/12,,,Main Road,Near School,Ward 12,Municipality,Malappuram,688806,5,9,Plastic packet,None,Always,Every 2-3 months,No
1255,user242@gmail.com,4-5,Apartment,Resident_242,39/10,,,Main Road,Near School,Ward 1,Municipality,Pathanamthitta,686893,4,10,Loose / refill,None,Always,Rarely,Yes
1256,user243@gmail.com,1,Large house,Resident_243,230/1,,,Main Road,Near School,Ward 9,Municipality,Malappuram,676662,0,16,Plastic packet,None,Never,Every month,Yes
1257,user244@gmail.com,2-3,Apartment,Resident_244,238/13,,,Main Road,Near School,Ward 20,Municipality,Wayanad,671780,1,6,Plastic packet,1-3,Never,Every 2-3 months,Yes
1258,user245@gmail.com,4-5,Apartment,Resident_245,162/19,,,Main Road,Near School,Ward 21,Municipality,Kozhikode,687360,4,9,Plastic packet,1-3,Always,Every month,Yes
1259,user246@gmail.com,2-3,Apartment,Resident_246,451/19,,,Main Road,Near School,Ward 24,Municipality,Wayanad,673471,3,12,Plastic bottle,4-7,Never,Every month,No
1260,user247@gmail.com,4-5,Large house,Resident_247,455/17,,,Main Road,Near School,Ward 3,Municipality,Malappuram,681865,2,16,Plastic bottle,None,Sometimes,Every 2-3 months,No
1261,user248@gmail.com,2-3,Large house,Resident_248,404/9,,,Main Road,Near School,Ward 15,Municipality,Ernakulam,674608,3,3,Loose / refill,1-3,Never,Every 2-3 months,No
1262,user249@gmail.com,4-5,Large house,Resident_249,308/13,,,Main Road,Near School,Ward 3,Municipality,Kollam,680447,4,8,Loose / refill,7+,Always,Rarely,No
1263,user250@gmail.com,4-5,Apartment,Resident_250,93/20,,,Main Road,Near School,Ward 23,Municipality,Kozhikode,683555,4,4,Plastic bottle,7+,Sometimes,Never,No
1264,user251@gmail.com,4-5,Apartment,Resident_251,259/5,,,Main Road,Near School,Ward 2,Municipality,Thrissur,673784,4,7,Plastic packet,1-3,Sometimes,Every 2-3 months,Yes
1265,user252@gmail.com,6+,Large house,Resident_252,135/14,,,Main Road,Near School,Ward 15,Municipality,Kottayam,671218,4,16,Loose / refill,4-7,Sometimes,Rarely,Yes
1266,user253@gmail.com,4-5,Large house,Resident_253,494/13,,,Main Road,Near School,Ward 15,Municipality,Ernakulam,678531,4,10,Plastic bottle,7+,Sometimes,Every 2-3 months,Yes
1267,user254@gmail.com,2-3,Apartment,Resident_254,476/8,,,Main Road,Near School,Ward 24,Municipality,Pathanamthitta,682167,1,2,Plastic bottle,1-3,Sometimes,Rarely,Yes
1268,user255@gmail.com,4-5,Small house,Resident_255,167/5,,,Main Road,Near School,Ward 16,Municipality,Kollam,671449,4,16,Plastic bottle,None,Never,Rarely,Yes
1269,user256@gmail.com,2-3,Apartment,Resident_256,314/19,,,Main Road,Near School,Ward 6,Municipality,Ernakulam,688222,3,11,Plastic packet,7+,Always,Never,Yes
1270,user257@gmail.com,1,Large house,Resident_257,195/11,,,Main Road,Near School,Ward 6,Municipality,Kottayam,675284,0,3,Plastic packet,7+,Sometimes,Every 2-3 months,Yes
1271,user258@gmail.com,6+,Small house,Resident_258,281/11,,,Main Road,Near School,Ward 24,Municipality,Idukki,680654,6,2,Plastic bottle,None,Sometimes,Rarely,No
1272,user259@gmail.com,4-5,Apartment,Resident_259,281/15,,,Main Road,Near School,Ward 25,Municipality,Kannur,689064,2,11,Loose / refill,4-7,Never,Every 2-3 months,No
1273,user260@gmail.com,4-5,Small house,Resident_260,94/14,,,Main Road,Near School,Ward 25,Municipality,Kozhikode,684190,2,11,Plastic bottle,4-7,Sometimes,Rarely,No
1274,user261@gmail.com,1,Apartment,Resident_261,430/7,,,Main Road,Near School,Ward 14,Municipality,Kollam,677462,1,11,Plastic bottle,4-7,Always,Every 2-3 months,No
1275,user262@gmail.com,4-5,Small house,Resident_262,122/20,,,Main Road,Near School,Ward 22,Municipality,Pathanamthitta,687690,4,9,Plastic bottle,7+,Never,Never,Yes
1276,user263@gmail.com,6+,Large house,Resident_263,198/8,,,Main Road,Near School,Ward 12,Municipality,Palakkad,686215,3,3,Loose / refill,None,Never,Every month,No
1277,user264@gmail.com,2-3,Apartment,Resident_264,2/10,,,Main Road,Near School,Ward 7,Municipality,Wayanad,684748,1,3,Plastic bottle,4-7,Always,Every month,Yes
1278,user265@gmail.com,2-3,Apartment,Resident_265,463/9,,,Main Road,Near School,Ward 4,Municipality,Kannur,674550,1,9,Plastic bottle,7+,Never,Never,No
1279,user266@gmail.com,4-5,Large house,Resident_266,132/18,,,Main Road,Near School,Ward 12,Municipality,Thrissur,673174,4,12,Plastic bottle,7+,Never,Every month,Yes
1280,user267@gmail.com,4-5,Apartment,Resident_267,181/1,,,Main Road,Near School,Ward 7,Municipality,Pathanamthitta,678778,4,14,Loose / refill,4-7,Always,Rarely,No
1281,user268@gmail.com,6+,Small house,Resident_268,428/11,,,Main Road,Near School,Ward 13,Municipality,Thiruvananthapuram,673349,5,20,Loose / refill,None,Never,Rarely,No
1282,user269@gmail.com,1,Large house,Resident_269,15/3,,,Main Road,Near School,Ward 18,Municipality,Wayanad,687621,1,5,Plastic packet,1-3,Always,Never,No
1283,user270@gmail.com,2-3,Apartment,Resident_270,31/2,,,Main Road,Near School,Ward 1,Municipality,Wayanad,683086,1,11,Loose / refill,7+,Always,Never,Yes
1284,user271@gmail.com,4-5,Large house,Resident_271,126/16,,,Main Road,Near School,Ward 5,Municipality,Kasaragod,687810,3,20,Plastic bottle,1-3,Never,Every 2-3 months,Yes
1285,user272@gmail.com,2-3,Apartment,Resident_272,20/20,,,Main Road,Near School,Ward 10,Municipality,Kannur,681259,3,5,Plastic packet,1-3,Sometimes,Every 2-3 months,No
1286,user273@gmail.com,4-5,Apartment,Resident_273,168/7,,,Main Road,Near School,Ward 13,Municipality,Pathanamthitta,679201,4,13,Plastic packet,1-3,Never,Every month,No
1287,user274@gmail.com,4-5,Large house,Resident_274,289/1,,,Main Road,Near School,Ward 11,Municipality,Wayanad,682224,4,5,Loose / refill,7+,Never,Never,No
1288,user275@gmail.com,2-3,Small house,Resident_275,80/11,,,Main Road,Near School,Ward 14,Municipality,Kottayam,679327,2,15,Plastic packet,7+,Sometimes,Every 2-3 months,Yes
1289,user276@gmail.com,2-3,Apartment,Resident_276,474/11,,,Main Road,Near School,Ward 17,Municipality,Thiruvananthapuram,676886,1,11,Plastic bottle,None,Always,Every month,Yes
1290,user277@gmail.com,4-5,Apartment,Resident_277,234/1,,,Main Road,Near School,Ward 16,Municipality,Kannur,674609,2,15,Loose / refill,4-7,Never,Every month,Yes
1291,user278@gmail.com,4-5,Apartment,Resident_278,429/13,,,Main Road,Near School,Ward 2,Municipality,Kasaragod,686164,2,9,Loose / refill,7+,Always,Never,No
1292,user279@gmail.com,2-3,Small house,Resident_279,232/19,,,Main Road,Near School,Ward 23,Municipality,Kottayam,681687,2,3,Plastic packet,7+,Always,Every month,No
1293,user280@gmail.com,2-3,Apartment,Resident_280,300/8,,,Main Road,Near School,Ward 12,Municipality,Wayanad,677468,1,2,Plastic packet,None,Always,Every 2-3 months,No
1294,user281@gmail.com,4-5,Apartment,Resident_281,298/10,,,Main Road,Near School,Ward 3,Municipality,Ernakulam,688055,4,10,Loose / refill,None,Sometimes,Every month,No
1295,user282@gmail.com,4-5,Small house,Resident_282,250/3,,,Main Road,Near School,Ward 19,Municipality,Ernakulam,674832,3,7,Loose / refill,1-3,Never,Never,Yes
1296,user283@gmail.com,1,Large house,Resident_283,249/14,,,Main Road,Near School,Ward 19,Municipality,Kollam,686144,0,12,Plastic packet,4-7,Sometimes,Never,No
1297,user284@gmail.com,2-3,Small house,Resident_284,66/14,,,Main Road,Near School,Ward 18,Municipality,Idukki,671328,3,11,Loose / refill,7+,Sometimes,Every month,No
1298,user285@gmail.com,4-5,Apartment,Resident_285,152/17,,,Main Road,Near School,Ward 24,Municipality,Malappuram,686300,2,16,Loose / refill,4-7,Sometimes,Never,Yes
1299,user286@gmail.com,4-5,Small house,Resident_286,131/5,,,Main Road,Near School,Ward 16,Municipality,Thiruvananthapuram,674848,2,6,Plastic bottle,None,Never,Never,Yes
1300,user287@gmail.com,2-3,Apartment,Resident_287,70/15,,,Main Road,Near School,Ward 5,Municipality,Kasaragod,688625,3,10,Plastic packet,7+,Never,Every 2-3 months,No
1301,user288@gmail.com,4-5,Large house,Resident_288,122/5,,,Main Road,Near School,Ward 6,Municipality,Kannur,683192,3,13,Loose / refill,7+,Never,Rarely,No
1302,user289@gmail.com,4-5,Large house,Resident_289,31/7,,,Main Road,Near School,Ward 15,Municipality,Kannur,674677,3,9,Loose / refill,None,Sometimes,Every month,No
1303,user290@gmail.com,4-5,Apartment,Resident_290,56/10,,,Main Road,Near School,Ward 9,Municipality,Kasaragod,674626,3,3,Plastic bottle,7+,Sometimes,Rarely,Yes
1304,user291@gmail.com,2-3,Small house,Resident_291,366/14,,,Main Road,Near School,Ward 7,Municipality,Alappuzha,670701,1,11,Loose / refill,4-7,Sometimes,Every 2-3 months,No
1305,user292@gmail.com,4-5,Large house,Resident_292,330/20,,,Main Road,Near School,Ward 19,Municipality,Wayanad,672708,4,3,Loose / refill,1-3,Always,Rarely,Yes
1306,user293@gmail.com,1,Small house,Resident_293,480/13,,,Main Road,Near School,Ward 16,Municipality,Ernakulam,686499,0,16,Plastic packet,4-7,Always,Rarely,Yes
1307,user294@gmail.com,2-3,Apartment,Resident_294,318/16,,,Main Road,Near School,Ward 22,Municipality,Thiruvananthapuram,677096,1,4,Plastic bottle,1-3,Never,Every month,No
1308,user295@gmail.com,2-3,Apartment,Resident_295,273/2,,,Main Road,Near School,Ward 8,Municipality,Pathanamthitta,680838,1,17,Plastic bottle,1-3,Sometimes,Every month,Yes
1309,user296@gmail.com,2-3,Small house,Resident_296,50/15,,,Main Road,Near School,Ward 6,Municipality,Palakkad,672725,2,8,Loose / refill,1-3,Never,Every 2-3 months,Yes
1310,user297@gmail.com,4-5,Small house,Resident_297,348/4,,,Main Road,Near School,Ward 16,Municipality,Kannur,679171,4,15,Plastic packet,7+,Sometimes,Every month,No
1311,user298@gmail.com,2-3,Small house,Resident_298,246/9,,,Main Road,Near School,Ward 14,Municipality,Pathanamthitta,684064,2,17,Plastic packet,None,Always,Every 2-3 months,No
1312,user299@gmail.com,6+,Large house,Resident_299,389/19,,,Main Road,Near School,Ward 2,Municipality,Idukki,680156,5,11,Plastic bottle,7+,Sometimes,Every month,Yes
1313,user300@gmail.com,2-3,Small house,Resident_300,341/12,,,Main Road,Near School,Ward 24,Municipality,Palakkad,682626,2,8,Plastic bottle,4-7,Never,Never,No
1314,user301@gmail.com,2-3,Apartment,Resident_301,395/6,,,Main Road,Near School,Ward 12,Municipality,Kozhikode,688526,1,12,Plastic bottle,7+,Always,Never,No
1315,user302@gmail.com,2-3,Apartment,Resident_302,288/8,,,Main Road,Near School,Ward 3,Municipality,Wayanad,687010,1,8,Plastic bottle,7+,Never,Rarely,Yes
1316,user303@gmail.com,2-3,Small house,Resident_303,332/20,,,Main Road,Near School,Ward 7,Municipality,Idukki,675776,1,2,Plastic packet,7+,Always,Every month,Yes
1317,user304@gmail.com,6+,Large house,Resident_304,53/1,,,Main Road,Near School,Ward 19,Municipality,Kozhikode,689243,6,7,Plastic packet,4-7,Never,Every month,No
1318,user305@gmail.com,4-5,Small house,Resident_305,205/14,,,Main Road,Near School,Ward 21,Municipality,Wayanad,687905,4,10,Plastic packet,4-7,Never,Every 2-3 months,No
1319,user306@gmail.com,2-3,Large house,Resident_306,483/18,,,Main Road,Near School,Ward 19,Municipality,Kannur,675214,2,7,Plastic bottle,7+,Sometimes,Never,Yes
1320,user307@gmail.com,2-3,Large house,Resident_307,206/20,,,Main Road,Near School,Ward 17,Municipality,Thiruvananthapuram,687984,2,9,Plastic bottle,1-3,Never,Never,Yes
1321,user308@gmail.com,2-3,Apartment,Resident_308,374/17,,,Main Road,Near School,Ward 5,Municipality,Kollam,686524,3,9,Loose / refill,1-3,Never,Every 2-3 months,No
1322,user309@gmail.com,2-3,Apartment,Resident_309,256/14,,,Main Road,Near School,Ward 25,Municipality,Kottayam,672364,2,20,Plastic packet,1-3,Always,Rarely,No
1323,user310@gmail.com,4-5,Small house,Resident_310,450/13,,,Main Road,Near School,Ward 14,Municipality,Wayanad,680243,3,12,Plastic packet,4-7,Always,Rarely,No
1324,user311@gmail.com,2-3,Large house,Resident_311,389/13,,,Main Road,Near School,Ward 12,Municipality,Kottayam,670196,2,20,Loose / refill,1-3,Never,Every 2-3 months,Yes
1325,user312@gmail.com,2-3,Small house,Resident_312,80/1,,,Main Road,Near School,Ward 15,Municipality,Kasaragod,671681,1,12,Loose / refill,4-7,Sometimes,Rarely,Yes
1326,user313@gmail.com,2-3,Apartment,Resident_313,76/15,,,Main Road,Near School,Ward 6,Municipality,Malappuram,685416,1,3,Loose / refill,7+,Never,Every 2-3 months,Yes
1327,user314@gmail.com,2-3,Small house,Resident_314,356/7,,,Main Road,Near School,Ward 19,Municipality,Thrissur,688146,1,19,Plastic bottle,7+,Always,Every month,Yes
1328,user315@gmail.com,2-3,Apartment,Resident_315,129/3,,,Main Road,Near School,Ward 5,Municipality,Pathanamthitta,688057,2,6,Plastic bottle,None,Always,Every 2-3 months,Yes
1329,user316@gmail.com,2-3,Large house,Resident_316,190/14,,,Main Road,Near School,Ward 10,Municipality,Kottayam,684402,1,5,Plastic packet,7+,Sometimes,Every month,No
1330,user317@gmail.com,6+,Apartment,Resident_317,360/18,,,Main Road,Near School,Ward 6,Municipality,Alappuzha,676969,4,13,Loose / refill,None,Always,Every month,No
1331,user318@gmail.com,1,Apartment,Resident_318,104/15,,,Main Road,Near School,Ward 8,Municipality,Idukki,673120,0,19,Loose / refill,None,Sometimes,Never,Yes
1332,user319@gmail.com,4-5,Large house,Resident_319,248/6,,,Main Road,Near School,Ward 14,Municipality,Malappuram,677986,2,8,Plastic packet,1-3,Never,Every 2-3 months,No
1333,user320@gmail.com,4-5,Apartment,Resident_320,378/9,,,Main Road,Near School,Ward 23,Municipality,Malappuram,680439,4,4,Plastic bottle,4-7,Always,Rarely,Yes
1334,user321@gmail.com,2-3,Small house,Resident_321,195/7,,,Main Road,Near School,Ward 15,Municipality,Ernakulam,683646,2,9,Loose / refill,1-3,Sometimes,Every month,No
1335,user322@gmail.com,2-3,Small house,Resident_322,427/20,,,Main Road,Near School,Ward 6,Municipality,Thrissur,683421,1,8,Plastic packet,7+,Sometimes,Never,No
1336,user323@gmail.com,4-5,Apartment,Resident_323,360/8,,,Main Road,Near School,Ward 18,Municipality,Pathanamthitta,688182,3,18,Loose / refill,7+,Always,Never,Yes
1337,user324@gmail.com,2-3,Large house,Resident_324,112/8,,,Main Road,Near School,Ward 16,Municipality,Kozhikode,671423,3,19,Plastic bottle,4-7,Never,Never,No
1338,user325@gmail.com,2-3,Apartment,Resident_325,83/10,,,Main Road,Near School,Ward 19,Municipality,Kasaragod,683292,3,8,Loose / refill,4-7,Always,Every 2-3 months,No
1339,user326@gmail.com,2-3,Large house,Resident_326,229/9,,,Main Road,Near School,Ward 14,Municipality,Kasaragod,682051,1,20,Plastic bottle,7+,Sometimes,Every month,Yes
1340,user327@gmail.com,2-3,Apartment,Resident_327,187/16,,,Main Road,Near School,Ward 5,Municipality,Pathanamthitta,686863,2,11,Loose / refill,4-7,Never,Never,Yes
1341,user328@gmail.com,4-5,Large house,Resident_328,56/16,,,Main Road,Near School,Ward 13,Municipality,Alappuzha,686246,2,13,Plastic bottle,4-7,Sometimes,Rarely,Yes
1342,user329@gmail.com,4-5,Apartment,Resident_329,8/13,,,Main Road,Near School,Ward 1,Municipality,Ernakulam,673177,2,2,Loose / refill,4-7,Always,Every 2-3 months,No
1343,user330@gmail.com,6+,Large house,Resident_330,59/6,,,Main Road,Near School,Ward 17,Municipality,Ernakulam,673398,4,3,Loose / refill,7+,Never,Every 2-3 months,Yes
1344,user331@gmail.com,2-3,Large house,Resident_331,106/20,,,Main Road,Near School,Ward 7,Municipality,Malappuram,680183,3,20,Plastic packet,7+,Sometimes,Never,Yes
1345,user332@gmail.com,2-3,Large house,Resident_332,138/4,,,Main Road,Near School,Ward 24,Municipality,Pathanamthitta,674720,1,11,Plastic packet,4-7,Never,Never,Yes
1346,user333@gmail.com,2-3,Small house,Resident_333,365/15,,,Main Road,Near School,Ward 19,Municipality,Pathanamthitta,688836,2,18,Plastic packet,1-3,Sometimes,Never,Yes
1347,user334@gmail.com,2-3,Large house,Resident_334,379/14,,,Main Road,Near School,Ward 16,Municipality,Kollam,674082,3,5,Loose / refill,4-7,Never,Rarely,Yes
1348,user335@gmail.com,2-3,Apartment,Resident_335,35/14,,,Main Road,Near School,Ward 8,Municipality,Kasaragod,673002,3,14,Loose / refill,4-7,Sometimes,Never,No
1349,user336@gmail.com,4-5,Apartment,Resident_336,495/13,,,Main Road,Near School,Ward 3,Municipality,Kannur,685738,3,16,Plastic packet,4-7,Never,Rarely,No
1350,user337@gmail.com,6+,Apartment,Resident_337,122/9,,,Main Road,Near School,Ward 12,Municipality,Kollam,686282,3,20,Loose / refill,1-3,Never,Never,Yes
1351,user338@gmail.com,4-5,Large house,Resident_338,316/17,,,Main Road,Near School,Ward 20,Municipality,Idukki,671151,3,18,Plastic bottle,7+,Always,Every month,Yes
1352,user339@gmail.com,2-3,Large house,Resident_339,499/10,,,Main Road,Near School,Ward 8,Municipality,Pathanamthitta,670817,2,14,Plastic packet,4-7,Always,Rarely,Yes
1353,user340@gmail.com,4-5,Large house,Resident_340,236/1,,,Main Road,Near School,Ward 4,Municipality,Kannur,678516,4,6,Plastic packet,4-7,Sometimes,Rarely,Yes
1354,user341@gmail.com,4-5,Small house,Resident_341,423/6,,,Main Road,Near School,Ward 9,Municipality,Ernakulam,685097,2,17,Plastic bottle,7+,Never,Rarely,No
1355,user342@gmail.com,2-3,Large house,Resident_342,220/5,,,Main Road,Near School,Ward 25,Municipality,Wayanad,676480,1,10,Plastic packet,None,Sometimes,Never,No
1356,user343@gmail.com,2-3,Small house,Resident_343,294/7,,,Main Road,Near School,Ward 20,Municipality,Kasaragod,680944,1,5,Plastic packet,1-3,Sometimes,Every month,No
1357,user344@gmail.com,4-5,Large house,Resident_344,283/9,,,Main Road,Near School,Ward 25,Municipality,Kottayam,678968,2,7,Plastic bottle,4-7,Never,Rarely,Yes
1358,user345@gmail.com,4-5,Large house,Resident_345,394/17,,,Main Road,Near School,Ward 24,Municipality,Thrissur,680011,4,2,Loose / refill,4-7,Sometimes,Every month,No
1359,user346@gmail.com,2-3,Small house,Resident_346,291/7,,,Main Road,Near School,Ward 6,Municipality,Ernakulam,682724,3,11,Plastic packet,7+,Never,Every month,No
1360,user347@gmail.com,4-5,Apartment,Resident_347,60/5,,,Main Road,Near School,Ward 11,Municipality,Malappuram,685218,4,17,Plastic packet,1-3,Sometimes,Every 2-3 months,Yes
1361,user348@gmail.com,2-3,Apartment,Resident_348,252/3,,,Main Road,Near School,Ward 6,Municipality,Pathanamthitta,673544,2,9,Plastic bottle,7+,Always,Rarely,Yes
1362,user349@gmail.com,6+,Apartment,Resident_349,276/6,,,Main Road,Near School,Ward 20,Municipality,Pathanamthitta,676891,4,2,Plastic packet,4-7,Always,Never,No
1363,user350@gmail.com,2-3,Small house,Resident_350,444/13,,,Main Road,Near School,Ward 3,Municipality,Wayanad,684477,3,17,Loose / refill,4-7,Sometimes,Rarely,No
1364,user351@gmail.com,2-3,Small house,Resident_351,100/11,,,Main Road,Near School,Ward 2,Municipality,Ernakulam,671131,2,10,Plastic bottle,1-3,Never,Never,No
1365,user352@gmail.com,4-5,Apartment,Resident_352,144/5,,,Main Road,Near School,Ward 8,Municipality,Pathanamthitta,685175,2,20,Plastic bottle,None,Always,Every 2-3 months,No
1366,user353@gmail.com,6+,Large house,Resident_353,207/9,,,Main Road,Near School,Ward 7,Municipality,Thrissur,682873,5,18,Loose / refill,4-7,Always,Never,No
1367,user354@gmail.com,4-5,Apartment,Resident_354,169/12,,,Main Road,Near School,Ward 23,Municipality,Thiruvananthapuram,678317,4,10,Loose / refill,4-7,Never,Every 2-3 months,No
1368,user355@gmail.com,6+,Small house,Resident_355,433/19,,,Main Road,Near School,Ward 21,Municipality,Malappuram,684766,3,9,Loose / refill,None,Always,Every 2-3 months,Yes
1369,user356@gmail.com,6+,Apartment,Resident_356,79/1,,,Main Road,Near School,Ward 12,Municipality,Idukki,671185,6,3,Plastic packet,1-3,Never,Every month,No
1370,user357@gmail.com,2-3,Small house,Resident_357,130/18,,,Main Road,Near School,Ward 6,Municipality,Pathanamthitta,680893,2,12,Loose / refill,7+,Sometimes,Every month,Yes
1371,user358@gmail.com,2-3,Small house,Resident_358,428/8,,,Main Road,Near School,Ward 7,Municipality,Palakkad,670667,3,2,Plastic bottle,None,Never,Never,No
1372,user359@gmail.com,6+,Small house,Resident_359,435/3,,,Main Road,Near School,Ward 7,Municipality,Ernakulam,674592,4,11,Plastic packet,7+,Never,Every month,No
1373,user360@gmail.com,4-5,Large house,Resident_360,361/4,,,Main Road,Near School,Ward 21,Municipality,Wayanad,674290,4,2,Loose / refill,4-7,Sometimes,Every 2-3 months,No
1374,user361@gmail.com,6+,Apartment,Resident_361,438/3,,,Main Road,Near School,Ward 9,Municipality,Palakkad,683091,5,5,Loose / refill,1-3,Sometimes,Rarely,No
1375,user362@gmail.com,4-5,Apartment,Resident_362,46/10,,,Main Road,Near School,Ward 8,Municipality,Ernakulam,689494,4,10,Loose / refill,1-3,Never,Rarely,No
1376,user363@gmail.com,4-5,Small house,Resident_363,286/5,,,Main Road,Near School,Ward 24,Municipality,Kannur,676336,4,17,Loose / refill,1-3,Sometimes,Every month,Yes
1377,user364@gmail.com,2-3,Small house,Resident_364,58/17,,,Main Road,Near School,Ward 14,Municipality,Pathanamthitta,678049,1,15,Plastic packet,None,Never,Every 2-3 months,No
1378,user365@gmail.com,4-5,Large house,Resident_365,152/19,,,Main Road,Near School,Ward 18,Municipality,Pathanamthitta,679128,3,13,Plastic packet,1-3,Never,Rarely,Yes
1379,user366@gmail.com,1,Apartment,Resident_366,90/13,,,Main Road,Near School,Ward 16,Municipality,Thiruvananthapuram,675819,0,2,Loose / refill,None,Never,Never,No
1380,user367@gmail.com,2-3,Apartment,Resident_367,424/12,,,Main Road,Near School,Ward 9,Municipality,Kottayam,686413,3,20,Plastic bottle,4-7,Sometimes,Every month,No
1381,user368@gmail.com,2-3,Small house,Resident_368,53/8,,,Main Road,Near School,Ward 18,Municipality,Wayanad,686112,3,9,Plastic bottle,4-7,Always,Rarely,No
1382,user369@gmail.com,2-3,Apartment,Resident_369,498/14,,,Main Road,Near School,Ward 13,Municipality,Pathanamthitta,675651,1,8,Plastic packet,None,Never,Every month,Yes
1383,user370@gmail.com,1,Large house,Resident_370,222/6,,,Main Road,Near School,Ward 1,Municipality,Thrissur,688414,1,18,Plastic bottle,None,Always,Never,No
1384,user371@gmail.com,1,Apartment,Resident_371,358/8,,,Main Road,Near School,Ward 10,Municipality,Palakkad,683058,1,15,Plastic bottle,4-7,Always,Rarely,Yes
1385,user372@gmail.com,4-5,Small house,Resident_372,452/12,,,Main Road,Near School,Ward 4,Municipality,Malappuram,680919,4,18,Plastic packet,4-7,Always,Never,Yes
1386,user373@gmail.com,2-3,Apartment,Resident_373,199/11,,,Main Road,Near School,Ward 18,Municipality,Thiruvananthapuram,686658,1,20,Loose / refill,4-7,Sometimes,Rarely,No
1387,user374@gmail.com,4-5,Small house,Resident_374,355/12,,,Main Road,Near School,Ward 24,Municipality,Thiruvananthapuram,680374,4,9,Plastic packet,7+,Never,Every month,Yes
1388,user375@gmail.com,2-3,Apartment,Resident_375,115/18,,,Main Road,Near School,Ward 8,Municipality,Kottayam,673554,1,13,Plastic bottle,7+,Sometimes,Rarely,No
1389,user376@gmail.com,4-5,Large house,Resident_376,18/14,,,Main Road,Near School,Ward 1,Municipality,Kannur,684280,4,2,Plastic bottle,4-7,Sometimes,Every month,Yes
1390,user377@gmail.com,2-3,Apartment,Resident_377,39/6,,,Main Road,Near School,Ward 22,Municipality,Thrissur,687112,1,20,Plastic packet,1-3,Never,Rarely,Yes
1391,user378@gmail.com,2-3,Large house,Resident_378,137/14,,,Main Road,Near School,Ward 10,Municipality,Pathanamthitta,684879,3,20,Plastic bottle,1-3,Sometimes,Every month,Yes
1392,user379@gmail.com,4-5,Apartment,Resident_379,65/3,,,Main Road,Near School,Ward 20,Municipality,Thiruvananthapuram,684865,4,9,Plastic packet,1-3,Sometimes,Every month,Yes
1393,user380@gmail.com,2-3,Large house,Resident_380,31/11,,,Main Road,Near School,Ward 2,Municipality,Alappuzha,686472,1,16,Plastic bottle,None,Sometimes,Every month,No
1394,user381@gmail.com,2-3,Small house,Resident_381,477/16,,,Main Road,Near School,Ward 2,Municipality,Malappuram,685834,1,3,Loose / refill,7+,Always,Never,Yes
1395,user382@gmail.com,2-3,Apartment,Resident_382,434/5,,,Main Road,Near School,Ward 18,Municipality,Kollam,680911,2,8,Plastic packet,None,Always,Every month,Yes
1396,user383@gmail.com,6+,Apartment,Resident_383,148/1,,,Main Road,Near School,Ward 25,Municipality,Malappuram,688456,3,13,Plastic bottle,4-7,Sometimes,Every 2-3 months,No
1397,user384@gmail.com,1,Large house,Resident_384,290/8,,,Main Road,Near School,Ward 20,Municipality,Thiruvananthapuram,677920,1,15,Plastic packet,None,Sometimes,Rarely,No
1398,user385@gmail.com,1,Apartment,Resident_385,148/2,,,Main Road,Near School,Ward 11,Municipality,Palakkad,679008,1,10,Loose / refill,None,Sometimes,Every month,Yes
1399,user386@gmail.com,4-5,Large house,Resident_386,457/10,,,Main Road,Near School,Ward 18,Municipality,Alappuzha,677934,2,15,Plastic bottle,None,Never,Every 2-3 months,No
1400,user387@gmail.com,4-5,Apartment,Resident_387,117/17,,,Main Road,Near School,Ward 3,Municipality,Palakkad,680969,2,14,Loose / refill,4-7,Sometimes,Every 2-3 months,Yes
1401,user388@gmail.com,2-3,Apartment,Resident_388,40/19,,,Main Road,Near School,Ward 13,Municipality,Ernakulam,678380,1,10,Loose / refill,7+,Always,Every month,No
1402,user389@gmail.com,6+,Large house,Resident_389,263/12,,,Main Road,Near School,Ward 1,Municipality,Kozhikode,675913,4,7,Plastic bottle,1-3,Always,Every 2-3 months,Yes
1403,user390@gmail.com,4-5,Large house,Resident_390,290/11,,,Main Road,Near School,Ward 19,Municipality,Kannur,678762,3,17,Plastic packet,1-3,Always,Every 2-3 months,Yes
1404,user391@gmail.com,4-5,Apartment,Resident_391,46/14,,,Main Road,Near School,Ward 4,Municipality,Wayanad,678490,3,16,Plastic bottle,7+,Always,Every month,Yes
1405,user392@gmail.com,2-3,Apartment,Resident_392,69/12,,,Main Road,Near School,Ward 23,Municipality,Pathanamthitta,682110,1,6,Plastic packet,1-3,Sometimes,Never,No
1406,user393@gmail.com,2-3,Large house,Resident_393,18/10,,,Main Road,Near School,Ward 5,Municipality,Wayanad,677121,3,19,Plastic bottle,1-3,Always,Never,Yes
1407,user394@gmail.com,2-3,Large house,Resident_394,211/6,,,Main Road,Near School,Ward 2,Municipality,Thrissur,675114,3,15,Loose / refill,4-7,Sometimes,Never,No
1408,user395@gmail.com,1,Small house,Resident_395,370/12,,,Main Road,Near School,Ward 9,Municipality,Kottayam,673290,1,13,Plastic packet,7+,Always,Every month,No
1409,user396@gmail.com,2-3,Large house,Resident_396,432/6,,,Main Road,Near School,Ward 12,Municipality,Kannur,673034,1,11,Loose / refill,7+,Always,Rarely,No
1410,user397@gmail.com,4-5,Small house,Resident_397,162/13,,,Main Road,Near School,Ward 11,Municipality,Kannur,671731,2,9,Loose / refill,1-3,Sometimes,Never,No
1411,user398@gmail.com,4-5,Small house,Resident_398,250/14,,,Main Road,Near School,Ward 12,Municipality,Idukki,674404,3,20,Plastic packet,4-7,Never,Every 2-3 months,Yes
1412,user399@gmail.com,2-3,Apartment,Resident_399,486/4,,,Main Road,Near School,Ward 2,Municipality,Kasaragod,686850,1,6,Loose / refill,4-7,Always,Rarely,No
1413,user400@gmail.com,4-5,Small house,Resident_400,93/17,,,Main Road,Near School,Ward 14,Municipality,Idukki,685646,2,5,Plastic packet,None,Sometimes,Rarely,Yes
1414,user401@gmail.com,2-3,Small house,Resident_401,128/1,,,Main Road,Near School,Ward 15,Municipality,Palakkad,685402,1,18,Plastic bottle,1-3,Always,Never,No
1415,user402@gmail.com,4-5,Apartment,Resident_402,336/17,,,Main Road,Near School,Ward 24,Municipality,Wayanad,686668,4,12,Loose / refill,None,Always,Never,Yes
1416,user403@gmail.com,2-3,Apartment,Resident_403,241/14,,,Main Road,Near School,Ward 12,Municipality,Thrissur,685658,2,4,Plastic bottle,1-3,Sometimes,Every 2-3 months,No
1417,user404@gmail.com,4-5,Apartment,Resident_404,137/1,,,Main Road,Near School,Ward 21,Municipality,Malappuram,673155,3,15,Plastic packet,4-7,Always,Every 2-3 months,No
1418,user405@gmail.com,4-5,Large house,Resident_405,140/6,,,Main Road,Near School,Ward 15,Municipality,Thiruvananthapuram,673597,2,20,Plastic packet,7+,Never,Never,No
1419,user406@gmail.com,2-3,Apartment,Resident_406,173/8,,,Main Road,Near School,Ward 6,Municipality,Kasaragod,678935,2,13,Plastic bottle,None,Never,Rarely,Yes
1420,user407@gmail.com,4-5,Apartment,Resident_407,267/16,,,Main Road,Near School,Ward 12,Municipality,Pathanamthitta,675867,3,11,Plastic bottle,1-3,Never,Every month,No
1421,user408@gmail.com,4-5,Small house,Resident_408,322/20,,,Main Road,Near School,Ward 20,Municipality,Alappuzha,680631,4,17,Plastic packet,1-3,Never,Rarely,Yes
1422,user409@gmail.com,4-5,Small house,Resident_409,420/5,,,Main Road,Near School,Ward 25,Municipality,Ernakulam,671933,2,17,Plastic bottle,1-3,Sometimes,Rarely,No
1423,user410@gmail.com,1,Apartment,Resident_410,2/20,,,Main Road,Near School,Ward 24,Municipality,Ernakulam,686315,1,12,Loose / refill,7+,Always,Every 2-3 months,Yes
1424,user411@gmail.com,4-5,Large house,Resident_411,127/2,,,Main Road,Near School,Ward 8,Municipality,Thrissur,670336,4,13,Loose / refill,None,Never,Rarely,No
1425,user412@gmail.com,2-3,Small house,Resident_412,429/14,,,Main Road,Near School,Ward 8,Municipality,Idukki,677734,2,20,Plastic packet,1-3,Never,Never,Yes
1426,user413@gmail.com,2-3,Small house,Resident_413,215/11,,,Main Road,Near School,Ward 1,Municipality,Thiruvananthapuram,681290,3,9,Plastic bottle,4-7,Never,Every month,No
1427,user414@gmail.com,4-5,Apartment,Resident_414,363/12,,,Main Road,Near School,Ward 21,Municipality,Kollam,685311,4,17,Plastic packet,4-7,Always,Never,Yes
1428,user415@gmail.com,4-5,Small house,Resident_415,303/2,,,Main Road,Near School,Ward 1,Municipality,Kasaragod,676912,3,8,Loose / refill,4-7,Always,Every 2-3 months,No
1429,user416@gmail.com,2-3,Large house,Resident_416,430/17,,,Main Road,Near School,Ward 7,Municipality,Malappuram,671379,2,3,Plastic bottle,4-7,Never,Rarely,No
1430,user417@gmail.com,2-3,Small house,Resident_417,477/15,,,Main Road,Near School,Ward 18,Municipality,Idukki,672276,2,2,Loose / refill,1-3,Sometimes,Rarely,Yes
1431,user418@gmail.com,2-3,Apartment,Resident_418,152/19,,,Main Road,Near School,Ward 8,Municipality,Thiruvananthapuram,688590,2,13,Loose / refill,None,Always,Every month,Yes
1432,user419@gmail.com,6+,Small house,Resident_419,327/5,,,Main Road,Near School,Ward 16,Municipality,Thiruvananthapuram,683290,5,14,Plastic bottle,4-7,Always,Every 2-3 months,Yes
1433,user420@gmail.com,1,Large house,Resident_420,26/20,,,Main Road,Near School,Ward 4,Municipality,Malappuram,684283,1,8,Plastic bottle,1-3,Never,Rarely,Yes
1434,user421@gmail.com,4-5,Apartment,Resident_421,265/13,,,Main Road,Near School,Ward 24,Municipality,Thiruvananthapuram,689068,2,8,Loose / refill,None,Always,Never,Yes
1435,user422@gmail.com,4-5,Small house,Resident_422,437/18,,,Main Road,Near School,Ward 5,Municipality,Malappuram,675481,3,17,Loose / refill,None,Always,Never,Yes
1436,user423@gmail.com,2-3,Large house,Resident_423,383/1,,,Main Road,Near School,Ward 14,Municipality,Alappuzha,684599,3,13,Plastic packet,1-3,Always,Every month,No
1437,user424@gmail.com,2-3,Small house,Resident_424,445/6,,,Main Road,Near School,Ward 14,Municipality,Thrissur,676357,2,3,Plastic packet,None,Sometimes,Rarely,Yes
1438,user425@gmail.com,6+,Large house,Resident_425,409/9,,,Main Road,Near School,Ward 4,Municipality,Pathanamthitta,670276,3,7,Plastic bottle,None,Never,Every month,Yes
1439,user426@gmail.com,6+,Apartment,Resident_426,344/14,,,Main Road,Near School,Ward 21,Municipality,Malappuram,686291,5,2,Plastic packet,7+,Always,Never,Yes
1440,user427@gmail.com,2-3,Small house,Resident_427,101/11,,,Main Road,Near School,Ward 18,Municipality,Ernakulam,689157,3,6,Plastic bottle,4-7,Always,Never,No
1441,user428@gmail.com,4-5,Large house,Resident_428,7/2,,,Main Road,Near School,Ward 8,Municipality,Idukki,672703,2,17,Plastic packet,1-3,Never,Never,Yes
1442,user429@gmail.com,2-3,Apartment,Resident_429,208/15,,,Main Road,Near School,Ward 2,Municipality,Idukki,689956,2,6,Plastic packet,None,Never,Rarely,No
1443,user430@gmail.com,2-3,Large house,Resident_430,315/16,,,Main Road,Near School,Ward 7,Municipality,Alappuzha,687420,3,20,Plastic bottle,7+,Always,Every 2-3 months,Yes
1444,user431@gmail.com,2-3,Apartment,Resident_431,122/12,,,Main Road,Near School,Ward 2,Municipality,Kollam,685357,3,2,Plastic bottle,4-7,Never,Every 2-3 months,No
1445,user432@gmail.com,2-3,Apartment,Resident_432,325/4,,,Main Road,Near School,Ward 9,Municipality,Palakkad,679810,2,8,Plastic packet,7+,Always,Every month,No
1446,user433@gmail.com,4-5,Apartment,Resident_433,15/13,,,Main Road,Near School,Ward 9,Municipality,Malappuram,689621,4,5,Loose / refill,7+,Always,Never,No
1447,user434@gmail.com,1,Large house,Resident_434,296/16,,,Main Road,Near School,Ward 11,Municipality,Alappuzha,675525,1,18,Loose / refill,1-3,Never,Every month,No
1448,user435@gmail.com,2-3,Apartment,Resident_435,167/20,,,Main Road,Near School,Ward 24,Municipality,Kottayam,678832,2,19,Loose / refill,None,Sometimes,Never,Yes
1449,user436@gmail.com,2-3,Large house,Resident_436,161/7,,,Main Road,Near School,Ward 17,Municipality,Palakkad,687287,2,12,Loose / refill,7+,Always,Rarely,Yes
1450,user437@gmail.com,4-5,Apartment,Resident_437,131/4,,,Main Road,Near School,Ward 25,Municipality,Kozhikode,677049,3,14,Loose / refill,1-3,Always,Every 2-3 months,Yes
1451,user438@gmail.com,4-5,Large house,Resident_438,194/20,,,Main Road,Near School,Ward 13,Municipality,Alappuzha,681127,3,4,Plastic bottle,1-3,Never,Rarely,Yes
1452,user439@gmail.com,2-3,Apartment,Resident_439,366/14,,,Main Road,Near School,Ward 9,Municipality,Thiruvananthapuram,679852,2,6,Plastic packet,None,Never,Never,No
1453,user440@gmail.com,6+,Large house,Resident_440,165/7,,,Main Road,Near School,Ward 11,Municipality,Alappuzha,670609,3,16,Plastic bottle,4-7,Never,Every month,No
1454,user441@gmail.com,4-5,Small house,Resident_441,384/10,,,Main Road,Near School,Ward 8,Municipality,Palakkad,678668,4,6,Plastic bottle,7+,Always,Every month,Yes
1455,user442@gmail.com,4-5,Small house,Resident_442,151/11,,,Main Road,Near School,Ward 20,Municipality,Thrissur,684584,4,20,Loose / refill,1-3,Never,Every month,No
1456,user443@gmail.com,2-3,Large house,Resident_443,309/16,,,Main Road,Near School,Ward 9,Municipality,Kozhikode,680509,1,3,Plastic bottle,4-7,Always,Every 2-3 months,Yes
1457,user444@gmail.com,2-3,Large house,Resident_444,360/7,,,Main Road,Near School,Ward 19,Municipality,Malappuram,688875,3,15,Plastic bottle,None,Always,Never,No
1458,user445@gmail.com,2-3,Apartment,Resident_445,399/18,,,Main Road,Near School,Ward 21,Municipality,Thrissur,683925,3,13,Loose / refill,7+,Never,Every 2-3 months,No
1459,user446@gmail.com,2-3,Small house,Resident_446,495/18,,,Main Road,Near School,Ward 8,Municipality,Kottayam,688370,2,19,Plastic packet,4-7,Sometimes,Never,No
1460,user447@gmail.com,4-5,Large house,Resident_447,89/2,,,Main Road,Near School,Ward 16,Municipality,Kannur,688620,2,18,Plastic packet,4-7,Sometimes,Every month,No
1461,user448@gmail.com,4-5,Apartment,Resident_448,9/12,,,Main Road,Near School,Ward 3,Municipality,Thrissur,679132,4,3,Plastic packet,7+,Always,Every month,Yes
1462,user449@gmail.com,2-3,Small house,Resident_449,208/15,,,Main Road,Near School,Ward 24,Municipality,Thiruvananthapuram,689884,3,5,Plastic packet,1-3,Sometimes,Rarely,No
1463,user450@gmail.com,2-3,Large house,Resident_450,420/19,,,Main Road,Near School,Ward 18,Municipality,Kozhikode,671440,2,13,Loose / refill,None,Never,Every month,No
1464,user451@gmail.com,4-5,Apartment,Resident_451,356/2,,,Main Road,Near School,Ward 19,Municipality,Kottayam,671758,3,13,Plastic packet,1-3,Always,Never,No
1465,user452@gmail.com,2-3,Apartment,Resident_452,10/17,,,Main Road,Near School,Ward 25,Municipality,Ernakulam,689797,3,4,Plastic packet,None,Always,Never,Yes
1466,user453@gmail.com,1,Apartment,Resident_453,423/18,,,Main Road,Near School,Ward 15,Municipality,Kannur,673533,1,5,Plastic bottle,7+,Never,Every 2-3 months,Yes
1467,user454@gmail.com,6+,Apartment,Resident_454,498/8,,,Main Road,Near School,Ward 13,Municipality,Thiruvananthapuram,689183,4,6,Loose / refill,7+,Sometimes,Rarely,Yes
1468,user455@gmail.com,4-5,Small house,Resident_455,304/10,,,Main Road,Near School,Ward 16,Municipality,Malappuram,671121,2,7,Loose / refill,7+,Never,Never,Yes
1469,user456@gmail.com,6+,Small house,Resident_456,92/8,,,Main Road,Near School,Ward 12,Municipality,Malappuram,678135,3,3,Plastic packet,4-7,Sometimes,Never,Yes
1470,user457@gmail.com,1,Large house,Resident_457,220/2,,,Main Road,Near School,Ward 25,Municipality,Palakkad,675953,1,8,Loose / refill,7+,Never,Never,No
1471,user458@gmail.com,4-5,Small house,Resident_458,196/18,,,Main Road,Near School,Ward 4,Municipality,Palakkad,678690,3,8,Plastic packet,7+,Never,Every 2-3 months,No
1472,user459@gmail.com,2-3,Apartment,Resident_459,99/18,,,Main Road,Near School,Ward 22,Municipality,Palakkad,683899,3,2,Loose / refill,7+,Never,Every month,No
1473,user460@gmail.com,6+,Small house,Resident_460,481/8,,,Main Road,Near School,Ward 19,Municipality,Palakkad,672522,4,12,Plastic packet,None,Sometimes,Rarely,Yes
1474,user461@gmail.com,2-3,Apartment,Resident_461,425/14,,,Main Road,Near School,Ward 13,Municipality,Alappuzha,685097,1,14,Loose / refill,7+,Sometimes,Every month,No
1475,user462@gmail.com,6+,Large house,Resident_462,373/19,,,Main Road,Near School,Ward 13,Municipality,Kozhikode,676992,4,12,Loose / refill,1-3,Sometimes,Every month,No
1476,user463@gmail.com,2-3,Small house,Resident_463,270/14,,,Main Road,Near School,Ward 18,Municipality,Thiruvananthapuram,684251,1,8,Loose / refill,None,Sometimes,Every 2-3 months,Yes
1477,user464@gmail.com,2-3,Small house,Resident_464,384/12,,,Main Road,Near School,Ward 16,Municipality,Thrissur,682115,3,11,Plastic packet,7+,Never,Rarely,No
1478,user465@gmail.com,4-5,Apartment,Resident_465,496/8,,,Main Road,Near School,Ward 18,Municipality,Palakkad,677355,4,7,Plastic packet,None,Never,Never,Yes
1479,user466@gmail.com,4-5,Small house,Resident_466,175/12,,,Main Road,Near School,Ward 5,Municipality,Kozhikode,682979,2,3,Plastic bottle,7+,Sometimes,Rarely,No
1480,user467@gmail.com,6+,Large house,Resident_467,13/19,,,Main Road,Near School,Ward 19,Municipality,Wayanad,682882,5,17,Plastic bottle,None,Always,Every month,Yes
1481,user468@gmail.com,2-3,Large house,Resident_468,369/15,,,Main Road,Near School,Ward 18,Municipality,Alappuzha,680102,2,15,Loose / refill,1-3,Always,Every month,Yes
1482,user469@gmail.com,1,Large house,Resident_469,494/19,,,Main Road,Near School,Ward 19,Municipality,Thiruvananthapuram,687213,0,15,Loose / refill,1-3,Sometimes,Rarely,No
1483,user470@gmail.com,2-3,Small house,Resident_470,261/13,,,Main Road,Near School,Ward 13,Municipality,Thiruvananthapuram,674072,3,13,Loose / refill,1-3,Never,Never,Yes
1484,user471@gmail.com,2-3,Large house,Resident_471,432/3,,,Main Road,Near School,Ward 11,Municipality,Alappuzha,687352,2,7,Loose / refill,1-3,Always,Every month,Yes
1485,user472@gmail.com,2-3,Small house,Resident_472,273/11,,,Main Road,Near School,Ward 21,Municipality,Kozhikode,683532,3,9,Loose / refill,None,Sometimes,Rarely,Yes
1486,user473@gmail.com,4-5,Small house,Resident_473,375/5,,,Main Road,Near School,Ward 20,Municipality,Idukki,672396,4,6,Plastic bottle,1-3,Sometimes,Every month,Yes
1487,user474@gmail.com,6+,Large house,Resident_474,287/14,,,Main Road,Near School,Ward 17,Municipality,Thrissur,686179,4,2,Plastic packet,1-3,Sometimes,Never,No
1488,user475@gmail.com,2-3,Small house,Resident_475,184/12,,,Main Road,Near School,Ward 12,Municipality,Pathanamthitta,680107,1,17,Loose / refill,7+,Sometimes,Every 2-3 months,No
1489,user476@gmail.com,2-3,Large house,Resident_476,244/2,,,Main Road,Near School,Ward 24,Municipality,Palakkad,676506,1,15,Plastic bottle,7+,Always,Every 2-3 months,No
1490,user477@gmail.com,2-3,Large house,Resident_477,225/7,,,Main Road,Near School,Ward 19,Municipality,Alappuzha,682864,2,15,Loose / refill,4-7,Sometimes,Every month,No
1491,user478@gmail.com,4-5,Small house,Resident_478,352/13,,,Main Road,Near School,Ward 3,Municipality,Kozhikode,674715,4,7,Loose / refill,1-3,Never,Never,No
1492,user479@gmail.com,4-5,Apartment,Resident_479,379/12,,,Main Road,Near School,Ward 23,Municipality,Kottayam,681052,4,9,Loose / refill,1-3,Never,Rarely,Yes
1493,user480@gmail.com,2-3,Large house,Resident_480,377/14,,,Main Road,Near School,Ward 22,Municipality,Idukki,670085,3,7,Loose / refill,1-3,Never,Rarely,Yes
1494,user481@gmail.com,6+,Apartment,Resident_481,95/3,,,Main Road,Near School,Ward 24,Municipality,Alappuzha,675564,4,20,Plastic packet,4-7,Sometimes,Never,No
1495,user482@gmail.com,4-5,Apartment,Resident_482,224/4,,,Main Road,Near School,Ward 19,Municipality,Kollam,684540,3,20,Loose / refill,7+,Sometimes,Never,Yes
1496,user483@gmail.com,2-3,Large house,Resident_483,80/18,,,Main Road,Near School,Ward 1,Municipality,Pathanamthitta,679651,2,14,Plastic bottle,4-7,Always,Every 2-3 months,Yes
1497,user484@gmail.com,1,Large house,Resident_484,63/14,,,Main Road,Near School,Ward 19,Municipality,Pathanamthitta,673580,1,15,Loose / refill,1-3,Never,Every 2-3 months,Yes
1498,user485@gmail.com,4-5,Apartment,Resident_485,421/3,,,Main Road,Near School,Ward 8,Municipality,Kannur,686876,3,12,Plastic packet,4-7,Never,Never,Yes
1499,user486@gmail.com,2-3,Apartment,Resident_486,484/7,,,Main Road,Near School,Ward 5,Municipality,Kollam,672745,2,6,Plastic bottle,1-3,Always,Every 2-3 months,No
1500,user487@gmail.com,2-3,Large house,Resident_487,413/8,,,Main Road,Near School,Ward 13,Municipality,Thrissur,688981,1,16,Plastic packet,4-7,Always,Every 2-3 months,No
1501,user488@gmail.com,4-5,Large house,Resident_488,307/11,,,Main Road,Near School,Ward 10,Municipality,Kozhikode,673838,3,9,Plastic bottle,None,Always,Never,No
1502,user489@gmail.com,2-3,Small house,Resident_489,437/18,,,Main Road,Near School,Ward 12,Municipality,Kottayam,674236,2,10,Loose / refill,7+,Always,Every 2-3 months,Yes
1503,user490@gmail.com,6+,Large house,Resident_490,166/18,,,Main Road,Near School,Ward 3,Municipality,Kasaragod,681742,4,8,Plastic packet,4-7,Sometimes,Never,No
1504,user491@gmail.com,4-5,Apartment,Resident_491,176/7,,,Main Road,Near School,Ward 12,Municipality,Kasaragod,670224,4,10,Plastic bottle,4-7,Always,Rarely,Yes
1505,user492@gmail.com,4-5,Large house,Resident_492,27/18,,,Main Road,Near School,Ward 19,Municipality,Kollam,689723,4,13,Plastic packet,1-3,Never,Every month,Yes
1506,user493@gmail.com,4-5,Small house,Resident_493,69/7,,,Main Road,Near School,Ward 22,Municipality,Kottayam,682446,4,7,Plastic packet,7+,Always,Never,No
1507,user494@gmail.com,1,Large house,Resident_494,286/18,,,Main Road,Near School,Ward 21,Municipality,Idukki,676927,0,6,Plastic packet,7+,Never,Every month,No
1508,user495@gmail.com,4-5,Apartment,Resident_495,313/6,,,Main Road,Near School,Ward 4,Municipality,Kozhikode,684499,3,7,Plastic bottle,7+,Sometimes,Never,No
1509,user496@gmail.com,2-3,Large house,Resident_496,196/15,,,Main Road,Near School,Ward 12,Municipality,Kannur,675760,3,5,Plastic packet,None,Sometimes,Every month,Yes
1510,user497@gmail.com,2-3,Large house,Resident_497,48/18,,,Main Road,Near School,Ward 21,Municipality,Thiruvananthapuram,675961,3,9,Loose / refill,1-3,Always,Every 2-3 months,Yes
1511,user498@gmail.com,2-3,Large house,Resident_498,351/3,,,Main Road,Near School,Ward 19,Municipality,Kozhikode,674346,2,16,Plastic bottle,7+,Sometimes,Never,Yes
1512,user499@gmail.com,4-5,Apartment,Resident_499,389/15,,,Main Road,Near School,Ward 20,Municipality,Pathanamthitta,681804,2,10,Plastic bottle,None,Never,Every 2-3 months,Yes
1513,user500@gmail.com,4-5,Small house,Resident_500,460/8,,,Main Road,Near School,Ward 22,Municipality,Kollam,678918,4,5,Plastic bottle,4-7,Never,Rarely,Yes
1514,user1@gmail.com,4-5,Apartment,Resident_1,257/20,,,Main Road,Near School,Ward 1,Municipality,Pathanamthitta,680550,2,13,Plastic packet,None,Never,Never,No
1515,user2@gmail.com,6+,Apartment,Resident_2,42/3,,,Main Road,Near School,Ward 15,Municipality,Ernakulam,688475,6,3,Loose / refill,1-3,Sometimes,Every month,Yes
1516,user3@gmail.com,4-5,Apartment,Resident_3,388/14,,,Main Road,Near School,Ward 22,Municipality,Kannur,687140,4,2,Plastic bottle,7+,Sometimes,Never,No
1517,user4@gmail.com,4-5,Small house,Resident_4,396/4,,,Main Road,Near School,Ward 5,Municipality,Alappuzha,673965,4,10,Loose / refill,1-3,Never,Rarely,No
1518,user5@gmail.com,1,Large house,Resident_5,171/5,,,Main Road,Near School,Ward 6,Municipality,Ernakulam,686454,1,18,Plastic packet,1-3,Always,Every 2-3 months,No
1519,user6@gmail.com,4-5,Apartment,Resident_6,201/9,,,Main Road,Near School,Ward 6,Municipality,Kottayam,678746,4,14,Plastic bottle,7+,Sometimes,Rarely,Yes
1520,user7@gmail.com,2-3,Large house,Resident_7,112/16,,,Main Road,Near School,Ward 8,Municipality,Malappuram,672974,1,2,Plastic packet,None,Sometimes,Every 2-3 months,No
1521,user8@gmail.com,4-5,Apartment,Resident_8,350/14,,,Main Road,Near School,Ward 25,Municipality,Ernakulam,681892,2,20,Plastic packet,7+,Never,Every month,Yes
1522,user9@gmail.com,2-3,Small house,Resident_9,473/17,,,Main Road,Near School,Ward 5,Municipality,Alappuzha,675845,3,2,Plastic bottle,4-7,Never,Rarely,Yes
1523,user10@gmail.com,4-5,Apartment,Resident_10,361/1,,,Main Road,Near School,Ward 16,Municipality,Thrissur,687435,3,11,Plastic packet,1-3,Never,Never,Yes
1524,user11@gmail.com,6+,Apartment,Resident_11,84/10,,,Main Road,Near School,Ward 18,Municipality,Malappuram,670312,6,12,Plastic packet,1-3,Always,Never,Yes
1525,user12@gmail.com,4-5,Apartment,Resident_12,258/1,,,Main Road,Near School,Ward 7,Municipality,Kannur,675132,3,11,Plastic packet,4-7,Sometimes,Every month,Yes
1526,user13@gmail.com,4-5,Small house,Resident_13,24/10,,,Main Road,Near School,Ward 23,Municipality,Palakkad,677155,4,2,Loose / refill,4-7,Sometimes,Rarely,No
1527,user14@gmail.com,2-3,Small house,Resident_14,74/15,,,Main Road,Near School,Ward 6,Municipality,Palakkad,673903,1,5,Loose / refill,4-7,Always,Rarely,No
1528,user15@gmail.com,4-5,Large house,Resident_15,133/18,,,Main Road,Near School,Ward 6,Municipality,Kasaragod,687335,3,18,Plastic bottle,1-3,Sometimes,Rarely,Yes
1529,user16@gmail.com,4-5,Large house,Resident_16,26/18,,,Main Road,Near School,Ward 10,Municipality,Kollam,673076,2,12,Plastic packet,1-3,Sometimes,Rarely,Yes
1530,user17@gmail.com,4-5,Apartment,Resident_17,438/18,,,Main Road,Near School,Ward 10,Municipality,Pathanamthitta,681141,2,14,Plastic packet,4-7,Never,Rarely,No
1531,user18@gmail.com,4-5,Apartment,Resident_18,307/18,,,Main Road,Near School,Ward 22,Municipality,Thiruvananthapuram,677414,4,3,Loose / refill,4-7,Never,Never,Yes
1532,user19@gmail.com,6+,Apartment,Resident_19,389/16,,,Main Road,Near School,Ward 18,Municipality,Alappuzha,674285,3,3,Plastic bottle,1-3,Sometimes,Never,No
1533,user20@gmail.com,4-5,Large house,Resident_20,487/2,,,Main Road,Near School,Ward 21,Municipality,Kottayam,683748,4,11,Plastic packet,1-3,Never,Every month,No
1534,user21@gmail.com,2-3,Small house,Resident_21,31/14,,,Main Road,Near School,Ward 21,Municipality,Alappuzha,685675,1,9,Plastic packet,None,Never,Every month,Yes
1535,user22@gmail.com,4-5,Apartment,Resident_22,424/3,,,Main Road,Near School,Ward 19,Municipality,Malappuram,674043,4,5,Plastic bottle,None,Always,Every 2-3 months,No
1536,user23@gmail.com,2-3,Small house,Resident_23,308/9,,,Main Road,Near School,Ward 11,Municipality,Idukki,675922,1,12,Plastic bottle,4-7,Never,Every month,Yes
1537,user24@gmail.com,4-5,Large house,Resident_24,20/15,,,Main Road,Near School,Ward 10,Municipality,Palakkad,688465,2,16,Loose / refill,1-3,Sometimes,Rarely,Yes
1538,user25@gmail.com,4-5,Small house,Resident_25,139/3,,,Main Road,Near School,Ward 19,Municipality,Kannur,685518,2,18,Plastic packet,4-7,Never,Never,Yes
1539,user26@gmail.com,4-5,Large house,Resident_26,407/20,,,Main Road,Near School,Ward 7,Municipality,Malappuram,685844,2,16,Loose / refill,None,Always,Every month,No
1540,user27@gmail.com,2-3,Large house,Resident_27,218/6,,,Main Road,Near School,Ward 19,Municipality,Thiruvananthapuram,677191,3,20,Plastic packet,7+,Always,Never,Yes
1541,user28@gmail.com,4-5,Small house,Resident_28,275/2,,,Main Road,Near School,Ward 22,Municipality,Palakkad,680980,2,20,Plastic packet,7+,Always,Rarely,No
1542,user29@gmail.com,4-5,Apartment,Resident_29,201/10,,,Main Road,Near School,Ward 20,Municipality,Kozhikode,683000,3,7,Plastic bottle,4-7,Always,Every 2-3 months,No
1543,user30@gmail.com,4-5,Apartment,Resident_30,236/15,,,Main Road,Near School,Ward 1,Municipality,Alappuzha,681889,4,16,Plastic packet,4-7,Sometimes,Never,Yes
1544,user31@gmail.com,2-3,Small house,Resident_31,327/11,,,Main Road,Near School,Ward 16,Municipality,Thrissur,677738,1,14,Loose / refill,7+,Always,Never,No
1545,user32@gmail.com,2-3,Apartment,Resident_32,342/3,,,Main Road,Near School,Ward 9,Municipality,Kasaragod,675901,3,3,Plastic packet,None,Always,Never,No
1546,user33@gmail.com,6+,Apartment,Resident_33,86/1,,,Main Road,Near School,Ward 11,Municipality,Pathanamthitta,682183,6,5,Loose / refill,None,Never,Rarely,No
1547,user34@gmail.com,4-5,Large house,Resident_34,199/20,,,Main Road,Near School,Ward 8,Municipality,Alappuzha,689867,4,19,Plastic bottle,7+,Always,Rarely,No
1548,user35@gmail.com,4-5,Large house,Resident_35,188/2,,,Main Road,Near School,Ward 18,Municipality,Pathanamthitta,684699,3,18,Loose / refill,7+,Never,Every 2-3 months,Yes
1549,user36@gmail.com,4-5,Small house,Resident_36,267/10,,,Main Road,Near School,Ward 24,Municipality,Kollam,671965,2,6,Plastic packet,1-3,Sometimes,Every month,Yes
1550,user37@gmail.com,6+,Apartment,Resident_37,240/9,,,Main Road,Near School,Ward 7,Municipality,Palakkad,688111,4,12,Plastic bottle,4-7,Always,Every month,Yes
1551,user38@gmail.com,4-5,Small house,Resident_38,96/13,,,Main Road,Near School,Ward 8,Municipality,Pathanamthitta,682409,3,4,Plastic packet,4-7,Never,Never,No
1552,user39@gmail.com,6+,Apartment,Resident_39,93/1,,,Main Road,Near School,Ward 17,Municipality,Thrissur,672171,6,10,Plastic bottle,1-3,Always,Every month,Yes
1553,user40@gmail.com,1,Small house,Resident_40,20/12,,,Main Road,Near School,Ward 12,Municipality,Thiruvananthapuram,687767,0,7,Loose / refill,4-7,Sometimes,Never,Yes
1554,user41@gmail.com,4-5,Apartment,Resident_41,382/1,,,Main Road,Near School,Ward 5,Municipality,Thrissur,678943,4,13,Loose / refill,1-3,Sometimes,Rarely,Yes
1555,user42@gmail.com,2-3,Large house,Resident_42,161/15,,,Main Road,Near School,Ward 15,Municipality,Alappuzha,682429,1,14,Loose / refill,None,Always,Rarely,Yes
1556,user43@gmail.com,1,Small house,Resident_43,212/4,,,Main Road,Near School,Ward 4,Municipality,Kollam,688637,0,9,Plastic packet,None,Sometimes,Rarely,Yes
1557,user44@gmail.com,4-5,Small house,Resident_44,334/3,,,Main Road,Near School,Ward 7,Municipality,Kollam,679222,3,10,Plastic bottle,4-7,Sometimes,Rarely,Yes
1558,user45@gmail.com,4-5,Apartment,Resident_45,408/2,,,Main Road,Near School,Ward 3,Municipality,Kannur,671242,3,9,Loose / refill,4-7,Never,Every month,No
1559,user46@gmail.com,2-3,Large house,Resident_46,367/16,,,Main Road,Near School,Ward 15,Municipality,Kannur,671809,2,8,Loose / refill,7+,Never,Rarely,Yes
1560,user47@gmail.com,2-3,Apartment,Resident_47,43/14,,,Main Road,Near School,Ward 13,Municipality,Wayanad,685795,1,19,Loose / refill,7+,Never,Rarely,Yes
1561,user48@gmail.com,4-5,Apartment,Resident_48,204/9,,,Main Road,Near School,Ward 25,Municipality,Alappuzha,689233,3,11,Loose / refill,1-3,Always,Never,Yes
1562,user49@gmail.com,2-3,Small house,Resident_49,314/3,,,Main Road,Near School,Ward 9,Municipality,Kollam,682996,3,17,Plastic packet,7+,Sometimes,Every month,Yes
1563,user50@gmail.com,2-3,Small house,Resident_50,419/13,,,Main Road,Near School,Ward 24,Municipality,Pathanamthitta,686975,3,13,Loose / refill,7+,Always,Every month,Yes
1564,user51@gmail.com,4-5,Apartment,Resident_51,434/4,,,Main Road,Near School,Ward 20,Municipality,Thrissur,682635,2,14,Plastic packet,7+,Always,Every 2-3 months,No
1565,user52@gmail.com,2-3,Large house,Resident_52,24/1,,,Main Road,Near School,Ward 2,Municipality,Pathanamthitta,673573,3,4,Loose / refill,None,Never,Every 2-3 months,No
1566,user53@gmail.com,2-3,Apartment,Resident_53,400/4,,,Main Road,Near School,Ward 4,Municipality,Palakkad,684790,1,13,Plastic bottle,4-7,Never,Every month,No
1567,user54@gmail.com,2-3,Apartment,Resident_54,163/20,,,Main Road,Near School,Ward 22,Municipality,Thrissur,685290,2,18,Plastic bottle,1-3,Sometimes,Rarely,Yes
1568,user55@gmail.com,6+,Apartment,Resident_55,485/16,,,Main Road,Near School,Ward 5,Municipality,Kottayam,675859,3,5,Plastic packet,7+,Never,Never,No
1569,user56@gmail.com,2-3,Small house,Resident_56,56/15,,,Main Road,Near School,Ward 20,Municipality,Kottayam,685860,1,15,Plastic bottle,None,Always,Never,No
1570,user57@gmail.com,2-3,Apartment,Resident_57,359/16,,,Main Road,Near School,Ward 7,Municipality,Wayanad,674554,2,2,Plastic packet,4-7,Always,Every month,No
1571,user58@gmail.com,2-3,Apartment,Resident_58,136/19,,,Main Road,Near School,Ward 5,Municipality,Ernakulam,671984,1,15,Plastic packet,1-3,Always,Every 2-3 months,No
1572,user59@gmail.com,2-3,Small house,Resident_59,54/17,,,Main Road,Near School,Ward 13,Municipality,Malappuram,686107,3,9,Loose / refill,1-3,Always,Never,Yes
1573,user60@gmail.com,2-3,Large house,Resident_60,78/20,,,Main Road,Near School,Ward 18,Municipality,Alappuzha,675538,2,8,Loose / refill,1-3,Sometimes,Rarely,No
1574,user61@gmail.com,4-5,Apartment,Resident_61,460/2,,,Main Road,Near School,Ward 3,Municipality,Palakkad,683940,2,7,Plastic bottle,4-7,Never,Never,No
1575,user62@gmail.com,2-3,Small house,Resident_62,195/15,,,Main Road,Near School,Ward 14,Municipality,Malappuram,671691,2,8,Plastic packet,None,Sometimes,Every month,No
1576,user63@gmail.com,2-3,Apartment,Resident_63,40/5,,,Main Road,Near School,Ward 24,Municipality,Alappuzha,672039,3,5,Loose / refill,7+,Never,Rarely,No
1577,user64@gmail.com,4-5,Large house,Resident_64,262/12,,,Main Road,Near School,Ward 6,Municipality,Alappuzha,671622,3,15,Plastic bottle,7+,Sometimes,Every month,Yes
1578,user65@gmail.com,6+,Apartment,Resident_65,381/14,,,Main Road,Near School,Ward 23,Municipality,Kottayam,671555,4,14,Plastic bottle,4-7,Never,Never,Yes
1579,user66@gmail.com,4-5,Large house,Resident_66,71/18,,,Main Road,Near School,Ward 1,Municipality,Alappuzha,688406,2,2,Plastic bottle,1-3,Sometimes,Every 2-3 months,No
1580,user67@gmail.com,2-3,Small house,Resident_67,421/8,,,Main Road,Near School,Ward 24,Municipality,Malappuram,684849,3,6,Plastic bottle,1-3,Sometimes,Rarely,No
1581,user68@gmail.com,2-3,Apartment,Resident_68,163/5,,,Main Road,Near School,Ward 4,Municipality,Kottayam,678329,2,18,Loose / refill,7+,Sometimes,Every month,Yes
1582,user69@gmail.com,1,Small house,Resident_69,361/13,,,Main Road,Near School,Ward 2,Municipality,Pathanamthitta,675064,1,6,Loose / refill,4-7,Sometimes,Every 2-3 months,No
1583,user70@gmail.com,4-5,Apartment,Resident_70,184/18,,,Main Road,Near School,Ward 25,Municipality,Malappuram,687199,2,18,Plastic bottle,4-7,Sometimes,Every 2-3 months,Yes
1584,user71@gmail.com,6+,Apartment,Resident_71,459/11,,,Main Road,Near School,Ward 24,Municipality,Kozhikode,679740,6,2,Plastic bottle,None,Sometimes,Every 2-3 months,Yes
1585,user72@gmail.com,2-3,Small house,Resident_72,404/2,,,Main Road,Near School,Ward 2,Municipality,Alappuzha,681315,3,3,Plastic packet,4-7,Sometimes,Rarely,No
1586,user73@gmail.com,4-5,Apartment,Resident_73,208/11,,,Main Road,Near School,Ward 15,Municipality,Malappuram,673828,3,17,Plastic packet,1-3,Sometimes,Every month,No
1587,user74@gmail.com,4-5,Large house,Resident_74,109/11,,,Main Road,Near School,Ward 24,Municipality,Thiruvananthapuram,673904,3,16,Plastic packet,1-3,Sometimes,Rarely,Yes
1588,user75@gmail.com,2-3,Small house,Resident_75,313/16,,,Main Road,Near School,Ward 22,Municipality,Palakkad,674734,1,13,Plastic bottle,4-7,Always,Every month,Yes
1589,user76@gmail.com,2-3,Apartment,Resident_76,57/14,,,Main Road,Near School,Ward 17,Municipality,Palakkad,682739,2,10,Loose / refill,4-7,Sometimes,Never,Yes
1590,user77@gmail.com,2-3,Apartment,Resident_77,310/5,,,Main Road,Near School,Ward 4,Municipality,Palakkad,680680,3,12,Plastic packet,1-3,Always,Every 2-3 months,No
1591,user78@gmail.com,4-5,Large house,Resident_78,88/9,,,Main Road,Near School,Ward 2,Municipality,Kasaragod,685885,2,20,Loose / refill,4-7,Never,Never,Yes
1592,user79@gmail.com,2-3,Apartment,Resident_79,366/12,,,Main Road,Near School,Ward 14,Municipality,Idukki,682576,1,9,Plastic packet,1-3,Never,Every 2-3 months,Yes
1593,user80@gmail.com,4-5,Small house,Resident_80,71/17,,,Main Road,Near School,Ward 1,Municipality,Palakkad,677598,2,20,Plastic packet,7+,Sometimes,Every 2-3 months,No
1594,user81@gmail.com,2-3,Large house,Resident_81,242/2,,,Main Road,Near School,Ward 7,Municipality,Malappuram,680963,2,13,Plastic bottle,4-7,Never,Every month,Yes
1595,user82@gmail.com,4-5,Apartment,Resident_82,59/12,,,Main Road,Near School,Ward 23,Municipality,Thrissur,673832,4,10,Plastic packet,4-7,Sometimes,Every 2-3 months,No
1596,user83@gmail.com,2-3,Apartment,Resident_83,465/13,,,Main Road,Near School,Ward 8,Municipality,Pathanamthitta,689133,2,4,Plastic packet,7+,Always,Rarely,Yes
1597,user84@gmail.com,2-3,Large house,Resident_84,207/13,,,Main Road,Near School,Ward 5,Municipality,Palakkad,688908,2,11,Plastic packet,None,Never,Every 2-3 months,Yes
1598,user85@gmail.com,2-3,Apartment,Resident_85,343/15,,,Main Road,Near School,Ward 9,Municipality,Pathanamthitta,687774,1,18,Loose / refill,None,Sometimes,Every 2-3 months,Yes
1599,user86@gmail.com,2-3,Large house,Resident_86,93/3,,,Main Road,Near School,Ward 13,Municipality,Kottayam,681147,2,13,Plastic bottle,7+,Sometimes,Never,Yes
1600,user87@gmail.com,2-3,Apartment,Resident_87,267/14,,,Main Road,Near School,Ward 17,Municipality,Thrissur,674874,1,18,Plastic bottle,7+,Never,Never,Yes
1601,user88@gmail.com,4-5,Apartment,Resident_88,299/5,,,Main Road,Near School,Ward 12,Municipality,Thrissur,688244,4,19,Plastic bottle,7+,Never,Never,Yes
1602,user89@gmail.com,2-3,Small house,Resident_89,419/9,,,Main Road,Near School,Ward 10,Municipality,Kollam,671143,3,2,Plastic bottle,4-7,Always,Rarely,No
1603,user90@gmail.com,1,Small house,Resident_90,480/4,,,Main Road,Near School,Ward 14,Municipality,Kottayam,686453,1,13,Plastic bottle,7+,Always,Never,Yes
1604,user91@gmail.com,6+,Small house,Resident_91,83/3,,,Main Road,Near School,Ward 24,Municipality,Idukki,671726,5,14,Loose / refill,None,Always,Rarely,Yes
1605,user92@gmail.com,4-5,Small house,Resident_92,161/2,,,Main Road,Near School,Ward 17,Municipality,Idukki,681201,4,3,Plastic bottle,4-7,Sometimes,Never,Yes
1606,user93@gmail.com,2-3,Small house,Resident_93,461/18,,,Main Road,Near School,Ward 13,Municipality,Palakkad,676892,2,10,Plastic bottle,7+,Sometimes,Rarely,No
1607,user94@gmail.com,1,Large house,Resident_94,15/15,,,Main Road,Near School,Ward 18,Municipality,Alappuzha,689165,1,19,Plastic bottle,None,Never,Rarely,Yes
1608,user95@gmail.com,4-5,Small house,Resident_95,104/18,,,Main Road,Near School,Ward 5,Municipality,Kollam,681908,3,18,Plastic bottle,None,Always,Never,Yes
1609,user96@gmail.com,2-3,Small house,Resident_96,99/19,,,Main Road,Near School,Ward 22,Municipality,Kottayam,676839,3,10,Plastic bottle,1-3,Never,Rarely,No
1610,user97@gmail.com,4-5,Large house,Resident_97,187/18,,,Main Road,Near School,Ward 23,Municipality,Pathanamthitta,687527,4,3,Plastic bottle,7+,Sometimes,Rarely,Yes
1611,user98@gmail.com,2-3,Apartment,Resident_98,123/11,,,Main Road,Near School,Ward 25,Municipality,Kottayam,674917,1,4,Plastic bottle,4-7,Sometimes,Rarely,Yes
1612,user99@gmail.com,1,Large house,Resident_99,481/12,,,Main Road,Near School,Ward 19,Municipality,Kannur,670835,1,3,Plastic bottle,1-3,Always,Never,No
1613,user100@gmail.com,2-3,Apartment,Resident_100,41/16,,,Main Road,Near School,Ward 22,Municipality,Palakkad,686173,2,9,Loose / refill,7+,Always,Rarely,No
1614,user101@gmail.com,2-3,Large house,Resident_101,37/6,,,Main Road,Near School,Ward 12,Municipality,Thrissur,686803,3,2,Plastic packet,4-7,Sometimes,Rarely,No
1615,user102@gmail.com,1,Large house,Resident_102,423/10,,,Main Road,Near School,Ward 20,Municipality,Kasaragod,678525,0,2,Plastic packet,1-3,Always,Every month,Yes
1616,user103@gmail.com,2-3,Apartment,Resident_103,322/14,,,Main Road,Near School,Ward 4,Municipality,Kozhikode,671380,3,3,Plastic bottle,7+,Sometimes,Rarely,Yes
1617,user104@gmail.com,4-5,Small house,Resident_104,430/20,,,Main Road,Near School,Ward 23,Municipality,Ernakulam,679301,2,17,Plastic bottle,None,Always,Never,Yes
1618,user105@gmail.com,2-3,Large house,Resident_105,118/1,,,Main Road,Near School,Ward 12,Municipality,Kannur,688740,3,14,Loose / refill,7+,Always,Never,No
1619,user106@gmail.com,2-3,Large house,Resident_106,205/11,,,Main Road,Near School,Ward 25,Municipality,Ernakulam,679706,2,12,Loose / refill,1-3,Sometimes,Every month,Yes
1620,user107@gmail.com,1,Apartment,Resident_107,428/14,,,Main Road,Near School,Ward 17,Municipality,Idukki,675608,0,17,Loose / refill,4-7,Never,Every month,Yes
1621,user108@gmail.com,4-5,Small house,Resident_108,264/20,,,Main Road,Near School,Ward 5,Municipality,Wayanad,684874,3,3,Plastic packet,4-7,Always,Rarely,Yes
1622,user109@gmail.com,2-3,Large house,Resident_109,73/6,,,Main Road,Near School,Ward 25,Municipality,Kozhikode,685863,1,2,Plastic bottle,None,Always,Every 2-3 months,Yes
1623,user110@gmail.com,2-3,Apartment,Resident_110,152/1,,,Main Road,Near School,Ward 21,Municipality,Thrissur,689713,1,8,Plastic packet,4-7,Sometimes,Rarely,No
1624,user111@gmail.com,4-5,Small house,Resident_111,185/18,,,Main Road,Near School,Ward 12,Municipality,Kasaragod,689821,3,8,Plastic packet,4-7,Sometimes,Every month,No
1625,user112@gmail.com,4-5,Apartment,Resident_112,145/16,,,Main Road,Near School,Ward 25,Municipality,Kasaragod,680400,4,15,Loose / refill,7+,Sometimes,Every month,No
1626,user113@gmail.com,4-5,Large house,Resident_113,351/17,,,Main Road,Near School,Ward 4,Municipality,Palakkad,675571,4,9,Plastic bottle,4-7,Always,Every month,No
1627,user114@gmail.com,4-5,Large house,Resident_114,362/3,,,Main Road,Near School,Ward 22,Municipality,Thrissur,679217,4,2,Plastic bottle,4-7,Never,Rarely,No
1628,user115@gmail.com,1,Small house,Resident_115,195/8,,,Main Road,Near School,Ward 21,Municipality,Kottayam,686653,0,8,Plastic bottle,7+,Never,Every 2-3 months,No
1629,user116@gmail.com,4-5,Large house,Resident_116,79/9,,,Main Road,Near School,Ward 22,Municipality,Alappuzha,686750,4,4,Plastic packet,1-3,Never,Never,Yes
1630,user117@gmail.com,4-5,Large house,Resident_117,274/14,,,Main Road,Near School,Ward 25,Municipality,Malappuram,675065,2,6,Plastic packet,7+,Always,Every month,Yes
1631,user118@gmail.com,2-3,Large house,Resident_118,73/16,,,Main Road,Near School,Ward 17,Municipality,Thiruvananthapuram,685630,2,2,Plastic bottle,4-7,Never,Never,Yes
1632,user119@gmail.com,4-5,Large house,Resident_119,33/9,,,Main Road,Near School,Ward 16,Municipality,Palakkad,674334,4,13,Plastic packet,None,Never,Never,Yes
1633,user120@gmail.com,2-3,Small house,Resident_120,83/18,,,Main Road,Near School,Ward 8,Municipality,Kannur,681817,1,14,Plastic bottle,1-3,Always,Every 2-3 months,Yes
1634,user121@gmail.com,2-3,Large house,Resident_121,401/4,,,Main Road,Near School,Ward 22,Municipality,Pathanamthitta,679455,3,3,Plastic packet,1-3,Sometimes,Every 2-3 months,Yes
1635,user122@gmail.com,6+,Large house,Resident_122,133/7,,,Main Road,Near School,Ward 13,Municipality,Kasaragod,689829,6,4,Plastic packet,1-3,Always,Every 2-3 months,No
1636,user123@gmail.com,4-5,Large house,Resident_123,115/9,,,Main Road,Near School,Ward 7,Municipality,Thrissur,681323,2,15,Plastic packet,1-3,Sometimes,Every month,Yes
1637,user124@gmail.com,4-5,Apartment,Resident_124,163/7,,,Main Road,Near School,Ward 5,Municipality,Malappuram,670914,2,17,Plastic packet,None,Sometimes,Never,No
1638,user125@gmail.com,1,Apartment,Resident_125,380/8,,,Main Road,Near School,Ward 8,Municipality,Kannur,671814,1,2,Loose / refill,7+,Always,Every 2-3 months,No
1639,user126@gmail.com,4-5,Apartment,Resident_126,282/11,,,Main Road,Near School,Ward 9,Municipality,Ernakulam,689683,2,4,Plastic packet,1-3,Always,Never,No
1640,user127@gmail.com,4-5,Small house,Resident_127,418/20,,,Main Road,Near School,Ward 10,Municipality,Wayanad,683024,3,18,Plastic packet,1-3,Always,Rarely,Yes
1641,user128@gmail.com,2-3,Large house,Resident_128,483/12,,,Main Road,Near School,Ward 7,Municipality,Kannur,682211,2,3,Loose / refill,4-7,Never,Rarely,No
1642,user129@gmail.com,2-3,Small house,Resident_129,176/16,,,Main Road,Near School,Ward 24,Municipality,Kozhikode,675192,2,12,Plastic bottle,None,Always,Every 2-3 months,No
1643,user130@gmail.com,4-5,Small house,Resident_130,83/9,,,Main Road,Near School,Ward 10,Municipality,Alappuzha,679248,3,12,Loose / refill,1-3,Always,Rarely,No
1644,user131@gmail.com,6+,Large house,Resident_131,59/3,,,Main Road,Near School,Ward 24,Municipality,Pathanamthitta,681762,6,3,Loose / refill,1-3,Always,Every month,No
1645,user132@gmail.com,4-5,Large house,Resident_132,250/11,,,Main Road,Near School,Ward 12,Municipality,Thiruvananthapuram,677920,3,14,Plastic bottle,None,Always,Every 2-3 months,Yes
1646,user133@gmail.com,4-5,Large house,Resident_133,370/9,,,Main Road,Near School,Ward 14,Municipality,Wayanad,680047,2,17,Plastic packet,1-3,Never,Rarely,No
1647,user134@gmail.com,4-5,Large house,Resident_134,134/8,,,Main Road,Near School,Ward 12,Municipality,Palakkad,688536,2,12,Plastic bottle,None,Never,Every month,Yes
1648,user135@gmail.com,4-5,Large house,Resident_135,428/12,,,Main Road,Near School,Ward 10,Municipality,Wayanad,685273,4,9,Plastic bottle,1-3,Sometimes,Rarely,Yes
1649,user136@gmail.com,4-5,Small house,Resident_136,473/16,,,Main Road,Near School,Ward 11,Municipality,Kollam,684546,4,5,Plastic packet,4-7,Never,Every month,Yes
1650,user137@gmail.com,1,Large house,Resident_137,71/16,,,Main Road,Near School,Ward 22,Municipality,Thiruvananthapuram,674125,0,12,Plastic packet,None,Always,Every 2-3 months,No
1651,user138@gmail.com,4-5,Small house,Resident_138,382/7,,,Main Road,Near School,Ward 20,Municipality,Kozhikode,677758,4,12,Loose / refill,7+,Always,Never,No
1652,user139@gmail.com,4-5,Small house,Resident_139,93/14,,,Main Road,Near School,Ward 16,Municipality,Pathanamthitta,672431,4,7,Loose / refill,4-7,Sometimes,Every month,Yes
1653,user140@gmail.com,4-5,Small house,Resident_140,420/20,,,Main Road,Near School,Ward 8,Municipality,Idukki,679302,3,12,Plastic bottle,1-3,Never,Every month,Yes
1654,user141@gmail.com,4-5,Small house,Resident_141,180/7,,,Main Road,Near School,Ward 17,Municipality,Kannur,684750,3,10,Plastic packet,None,Always,Rarely,Yes
1655,user142@gmail.com,6+,Small house,Resident_142,274/14,,,Main Road,Near School,Ward 25,Municipality,Pathanamthitta,674511,3,20,Plastic packet,4-7,Sometimes,Rarely,No
1656,user143@gmail.com,1,Apartment,Resident_143,373/14,,,Main Road,Near School,Ward 15,Municipality,Pathanamthitta,676543,1,13,Plastic bottle,None,Sometimes,Never,No
1657,user144@gmail.com,6+,Large house,Resident_144,414/10,,,Main Road,Near School,Ward 15,Municipality,Malappuram,674205,5,20,Plastic packet,4-7,Always,Never,Yes
1658,user145@gmail.com,2-3,Small house,Resident_145,264/16,,,Main Road,Near School,Ward 21,Municipality,Kollam,677557,3,4,Plastic packet,1-3,Never,Every month,No
1659,user146@gmail.com,4-5,Large house,Resident_146,135/10,,,Main Road,Near School,Ward 12,Municipality,Ernakulam,684569,2,9,Loose / refill,7+,Sometimes,Every 2-3 months,Yes
1660,user147@gmail.com,1,Apartment,Resident_147,48/13,,,Main Road,Near School,Ward 10,Municipality,Idukki,670857,0,5,Plastic packet,7+,Sometimes,Never,No
1661,user148@gmail.com,6+,Large house,Resident_148,70/8,,,Main Road,Near School,Ward 17,Municipality,Pathanamthitta,676352,6,12,Plastic bottle,7+,Always,Every 2-3 months,Yes
1662,user149@gmail.com,4-5,Large house,Resident_149,166/17,,,Main Road,Near School,Ward 23,Municipality,Malappuram,683968,2,9,Plastic bottle,7+,Always,Every month,Yes
1663,user150@gmail.com,4-5,Apartment,Resident_150,360/18,,,Main Road,Near School,Ward 3,Municipality,Kollam,687078,4,15,Loose / refill,4-7,Never,Rarely,Yes
1664,user151@gmail.com,1,Apartment,Resident_151,132/11,,,Main Road,Near School,Ward 14,Municipality,Ernakulam,681308,1,7,Plastic packet,1-3,Always,Every 2-3 months,No
1665,user152@gmail.com,1,Small house,Resident_152,200/2,,,Main Road,Near School,Ward 11,Municipality,Kollam,684440,1,15,Plastic packet,1-3,Never,Never,No
1666,user153@gmail.com,4-5,Large house,Resident_153,250/20,,,Main Road,Near School,Ward 22,Municipality,Wayanad,686253,2,7,Plastic packet,None,Never,Rarely,No
1667,user154@gmail.com,4-5,Small house,Resident_154,375/17,,,Main Road,Near School,Ward 18,Municipality,Kozhikode,685470,3,17,Loose / refill,1-3,Always,Never,Yes
1668,user155@gmail.com,2-3,Large house,Resident_155,477/16,,,Main Road,Near School,Ward 20,Municipality,Idukki,681378,3,10,Plastic bottle,7+,Always,Every month,No
1669,user156@gmail.com,6+,Apartment,Resident_156,44/7,,,Main Road,Near School,Ward 10,Municipality,Thrissur,682081,5,5,Plastic bottle,4-7,Never,Rarely,Yes
1670,user157@gmail.com,6+,Apartment,Resident_157,440/13,,,Main Road,Near School,Ward 11,Municipality,Thiruvananthapuram,682950,4,12,Loose / refill,7+,Sometimes,Every 2-3 months,No
1671,user158@gmail.com,2-3,Apartment,Resident_158,358/14,,,Main Road,Near School,Ward 20,Municipality,Alappuzha,682329,3,12,Loose / refill,1-3,Always,Every 2-3 months,Yes
1672,user159@gmail.com,2-3,Small house,Resident_159,320/16,,,Main Road,Near School,Ward 15,Municipality,Kozhikode,679349,2,7,Plastic bottle,1-3,Always,Every month,No
1673,user160@gmail.com,4-5,Large house,Resident_160,427/14,,,Main Road,Near School,Ward 1,Municipality,Kollam,670253,3,17,Loose / refill,None,Always,Every 2-3 months,No
1674,user161@gmail.com,4-5,Large house,Resident_161,493/18,,,Main Road,Near School,Ward 23,Municipality,Malappuram,687992,4,11,Plastic bottle,1-3,Sometimes,Never,No
1675,user162@gmail.com,4-5,Apartment,Resident_162,202/19,,,Main Road,Near School,Ward 8,Municipality,Kottayam,677044,4,8,Plastic bottle,None,Always,Rarely,Yes
1676,user163@gmail.com,2-3,Small house,Resident_163,347/19,,,Main Road,Near School,Ward 3,Municipality,Alappuzha,676992,1,12,Plastic bottle,None,Never,Rarely,Yes
1677,user164@gmail.com,6+,Apartment,Resident_164,405/15,,,Main Road,Near School,Ward 12,Municipality,Malappuram,689343,4,9,Plastic packet,None,Never,Every month,No
1678,user165@gmail.com,2-3,Large house,Resident_165,404/10,,,Main Road,Near School,Ward 21,Municipality,Idukki,684877,2,9,Plastic packet,7+,Never,Never,Yes
1679,user166@gmail.com,2-3,Large house,Resident_166,108/14,,,Main Road,Near School,Ward 1,Municipality,Thrissur,685342,1,16,Plastic packet,1-3,Never,Never,Yes
1680,user167@gmail.com,4-5,Apartment,Resident_167,54/7,,,Main Road,Near School,Ward 24,Municipality,Idukki,674033,3,12,Plastic packet,4-7,Sometimes,Rarely,No
1681,user168@gmail.com,6+,Large house,Resident_168,329/6,,,Main Road,Near School,Ward 15,Municipality,Thrissur,675916,5,2,Loose / refill,7+,Sometimes,Never,No
1682,user169@gmail.com,4-5,Large house,Resident_169,402/18,,,Main Road,Near School,Ward 9,Municipality,Pathanamthitta,671319,3,4,Loose / refill,None,Sometimes,Every month,Yes
1683,user170@gmail.com,4-5,Apartment,Resident_170,25/13,,,Main Road,Near School,Ward 8,Municipality,Malappuram,683297,2,15,Loose / refill,1-3,Never,Never,Yes
1684,user171@gmail.com,2-3,Large house,Resident_171,287/13,,,Main Road,Near School,Ward 4,Municipality,Malappuram,681575,3,12,Plastic packet,7+,Never,Rarely,No
1685,user172@gmail.com,4-5,Small house,Resident_172,252/18,,,Main Road,Near School,Ward 1,Municipality,Ernakulam,679204,3,2,Loose / refill,7+,Always,Every 2-3 months,Yes
1686,user173@gmail.com,4-5,Large house,Resident_173,232/7,,,Main Road,Near School,Ward 7,Municipality,Ernakulam,671715,4,10,Plastic packet,None,Sometimes,Every 2-3 months,No
1687,user174@gmail.com,2-3,Small house,Resident_174,387/6,,,Main Road,Near School,Ward 20,Municipality,Idukki,683646,2,3,Plastic bottle,4-7,Always,Every 2-3 months,No
1688,user175@gmail.com,1,Small house,Resident_175,101/4,,,Main Road,Near School,Ward 14,Municipality,Thrissur,672647,1,17,Plastic packet,None,Sometimes,Rarely,No
1689,user176@gmail.com,4-5,Large house,Resident_176,116/7,,,Main Road,Near School,Ward 1,Municipality,Idukki,687415,2,13,Plastic bottle,1-3,Sometimes,Rarely,No
1690,user177@gmail.com,2-3,Small house,Resident_177,204/3,,,Main Road,Near School,Ward 21,Municipality,Kozhikode,680771,2,4,Plastic packet,7+,Always,Never,Yes
1691,user178@gmail.com,4-5,Small house,Resident_178,72/17,,,Main Road,Near School,Ward 25,Municipality,Palakkad,686542,3,15,Plastic packet,1-3,Sometimes,Every 2-3 months,Yes
1692,user179@gmail.com,2-3,Large house,Resident_179,151/11,,,Main Road,Near School,Ward 10,Municipality,Thrissur,681754,2,9,Plastic packet,None,Never,Every month,Yes
1693,user180@gmail.com,2-3,Large house,Resident_180,252/12,,,Main Road,Near School,Ward 1,Municipality,Kozhikode,683692,3,17,Plastic packet,7+,Never,Every month,Yes
1694,user181@gmail.com,4-5,Apartment,Resident_181,488/6,,,Main Road,Near School,Ward 19,Municipality,Pathanamthitta,678002,2,11,Plastic bottle,4-7,Sometimes,Every month,Yes
1695,user182@gmail.com,6+,Apartment,Resident_182,448/7,,,Main Road,Near School,Ward 9,Municipality,Ernakulam,679025,3,19,Plastic packet,None,Sometimes,Every 2-3 months,Yes
1696,user183@gmail.com,4-5,Apartment,Resident_183,464/1,,,Main Road,Near School,Ward 16,Municipality,Idukki,675624,3,16,Plastic packet,None,Sometimes,Never,No
1697,user184@gmail.com,2-3,Small house,Resident_184,303/3,,,Main Road,Near School,Ward 3,Municipality,Kozhikode,674331,1,18,Plastic bottle,4-7,Sometimes,Rarely,No
1698,user185@gmail.com,1,Small house,Resident_185,257/18,,,Main Road,Near School,Ward 15,Municipality,Ernakulam,672596,0,11,Loose / refill,None,Sometimes,Never,No
1699,user186@gmail.com,4-5,Large house,Resident_186,397/14,,,Main Road,Near School,Ward 5,Municipality,Thrissur,682829,3,13,Plastic bottle,7+,Never,Rarely,No
1700,user187@gmail.com,2-3,Apartment,Resident_187,301/7,,,Main Road,Near School,Ward 2,Municipality,Kozhikode,674924,1,4,Plastic bottle,7+,Never,Every month,No
1701,user188@gmail.com,4-5,Large house,Resident_188,39/1,,,Main Road,Near School,Ward 10,Municipality,Pathanamthitta,682455,2,20,Loose / refill,1-3,Never,Never,No
1702,user189@gmail.com,6+,Apartment,Resident_189,129/2,,,Main Road,Near School,Ward 4,Municipality,Palakkad,674354,5,11,Loose / refill,4-7,Sometimes,Every 2-3 months,No
1703,user190@gmail.com,6+,Large house,Resident_190,192/20,,,Main Road,Near School,Ward 23,Municipality,Kozhikode,686252,3,8,Plastic bottle,7+,Never,Rarely,No
1704,user191@gmail.com,4-5,Large house,Resident_191,151/2,,,Main Road,Near School,Ward 22,Municipality,Thiruvananthapuram,671454,3,14,Plastic packet,7+,Sometimes,Never,No
1705,user192@gmail.com,2-3,Large house,Resident_192,219/2,,,Main Road,Near School,Ward 17,Municipality,Thiruvananthapuram,683668,1,20,Loose / refill,4-7,Never,Every month,No
1706,user193@gmail.com,6+,Apartment,Resident_193,39/14,,,Main Road,Near School,Ward 7,Municipality,Kannur,672945,4,17,Plastic packet,1-3,Never,Never,No
1707,user194@gmail.com,4-5,Small house,Resident_194,145/1,,,Main Road,Near School,Ward 11,Municipality,Ernakulam,689411,4,11,Plastic bottle,7+,Sometimes,Every 2-3 months,Yes
1708,user195@gmail.com,4-5,Small house,Resident_195,314/11,,,Main Road,Near School,Ward 1,Municipality,Idukki,676674,4,12,Plastic packet,4-7,Sometimes,Every 2-3 months,Yes
1709,user196@gmail.com,4-5,Large house,Resident_196,416/12,,,Main Road,Near School,Ward 22,Municipality,Pathanamthitta,682943,4,19,Plastic packet,7+,Always,Never,No
1710,user197@gmail.com,2-3,Large house,Resident_197,474/1,,,Main Road,Near School,Ward 23,Municipality,Palakkad,680300,1,13,Loose / refill,7+,Sometimes,Rarely,Yes
1711,user198@gmail.com,4-5,Apartment,Resident_198,445/17,,,Main Road,Near School,Ward 13,Municipality,Ernakulam,676629,3,17,Plastic packet,4-7,Never,Rarely,Yes
1712,user199@gmail.com,1,Apartment,Resident_199,213/17,,,Main Road,Near School,Ward 7,Municipality,Idukki,680049,1,7,Loose / refill,7+,Never,Every 2-3 months,Yes
1713,user200@gmail.com,2-3,Apartment,Resident_200,35/19,,,Main Road,Near School,Ward 10,Municipality,Idukki,676828,3,13,Plastic bottle,None,Never,Every month,No
1714,user201@gmail.com,6+,Small house,Resident_201,312/2,,,Main Road,Near School,Ward 15,Municipality,Wayanad,677838,6,2,Plastic packet,7+,Sometimes,Never,No
1715,user202@gmail.com,6+,Large house,Resident_202,52/13,,,Main Road,Near School,Ward 18,Municipality,Kannur,685227,5,5,Loose / refill,1-3,Always,Every month,No
1716,user203@gmail.com,4-5,Small house,Resident_203,326/13,,,Main Road,Near School,Ward 3,Municipality,Idukki,679076,2,13,Plastic bottle,1-3,Sometimes,Every 2-3 months,No
1717,user204@gmail.com,2-3,Apartment,Resident_204,229/4,,,Main Road,Near School,Ward 8,Municipality,Thiruvananthapuram,684907,2,17,Loose / refill,None,Sometimes,Every month,No
1718,user205@gmail.com,2-3,Apartment,Resident_205,379/4,,,Main Road,Near School,Ward 1,Municipality,Kottayam,677956,1,9,Plastic bottle,None,Never,Rarely,No
1719,user206@gmail.com,4-5,Large house,Resident_206,422/5,,,Main Road,Near School,Ward 12,Municipality,Thiruvananthapuram,680606,4,13,Loose / refill,None,Never,Never,Yes
1720,user207@gmail.com,6+,Large house,Resident_207,365/6,,,Main Road,Near School,Ward 6,Municipality,Ernakulam,672898,5,9,Plastic packet,4-7,Sometimes,Every 2-3 months,Yes
1721,user208@gmail.com,4-5,Apartment,Resident_208,159/1,,,Main Road,Near School,Ward 14,Municipality,Kozhikode,680661,3,13,Loose / refill,None,Always,Rarely,Yes
1722,user209@gmail.com,6+,Large house,Resident_209,4/7,,,Main Road,Near School,Ward 2,Municipality,Alappuzha,677378,3,14,Plastic packet,7+,Never,Rarely,No
1723,user210@gmail.com,2-3,Small house,Resident_210,296/7,,,Main Road,Near School,Ward 8,Municipality,Kottayam,676351,3,10,Plastic bottle,7+,Always,Never,No
1724,user211@gmail.com,4-5,Large house,Resident_211,397/6,,,Main Road,Near School,Ward 12,Municipality,Kottayam,684604,4,2,Plastic packet,7+,Never,Rarely,No
1725,user212@gmail.com,6+,Apartment,Resident_212,232/16,,,Main Road,Near School,Ward 20,Municipality,Palakkad,689811,5,9,Loose / refill,7+,Never,Every 2-3 months,No
1726,user213@gmail.com,6+,Large house,Resident_213,256/5,,,Main Road,Near School,Ward 23,Municipality,Malappuram,688777,3,2,Loose / refill,1-3,Sometimes,Rarely,No
1727,user214@gmail.com,6+,Large house,Resident_214,179/17,,,Main Road,Near School,Ward 11,Municipality,Pathanamthitta,674977,4,20,Plastic bottle,4-7,Never,Every month,No
1728,user215@gmail.com,6+,Apartment,Resident_215,186/14,,,Main Road,Near School,Ward 16,Municipality,Malappuram,681925,3,8,Plastic bottle,7+,Sometimes,Every month,No
1729,user216@gmail.com,2-3,Apartment,Resident_216,266/14,,,Main Road,Near School,Ward 12,Municipality,Thrissur,688597,2,3,Plastic bottle,7+,Sometimes,Every month,Yes
1730,user217@gmail.com,2-3,Small house,Resident_217,323/18,,,Main Road,Near School,Ward 11,Municipality,Kozhikode,670390,3,13,Plastic packet,4-7,Sometimes,Rarely,Yes
1731,user218@gmail.com,4-5,Small house,Resident_218,420/3,,,Main Road,Near School,Ward 22,Municipality,Wayanad,677746,4,10,Loose / refill,7+,Sometimes,Every 2-3 months,Yes
1732,user219@gmail.com,2-3,Apartment,Resident_219,107/18,,,Main Road,Near School,Ward 6,Municipality,Kottayam,682201,2,19,Plastic bottle,4-7,Always,Every month,No
1733,user220@gmail.com,4-5,Small house,Resident_220,435/16,,,Main Road,Near School,Ward 23,Municipality,Pathanamthitta,675660,4,9,Loose / refill,None,Sometimes,Rarely,No
1734,user221@gmail.com,2-3,Apartment,Resident_221,373/14,,,Main Road,Near School,Ward 3,Municipality,Kozhikode,673586,2,13,Loose / refill,4-7,Always,Rarely,No
1735,user222@gmail.com,6+,Apartment,Resident_222,238/14,,,Main Road,Near School,Ward 6,Municipality,Thrissur,689158,6,8,Plastic bottle,1-3,Sometimes,Every 2-3 months,Yes
1736,user223@gmail.com,2-3,Apartment,Resident_223,458/12,,,Main Road,Near School,Ward 13,Municipality,Kasaragod,672323,3,10,Plastic bottle,4-7,Sometimes,Rarely,Yes
1737,user224@gmail.com,1,Apartment,Resident_224,222/16,,,Main Road,Near School,Ward 9,Municipality,Idukki,682052,1,10,Plastic bottle,7+,Never,Never,Yes
1738,user225@gmail.com,6+,Apartment,Resident_225,182/2,,,Main Road,Near School,Ward 14,Municipality,Kasaragod,675886,6,18,Loose / refill,4-7,Never,Never,Yes
1739,user226@gmail.com,4-5,Large house,Resident_226,373/17,,,Main Road,Near School,Ward 22,Municipality,Thrissur,685506,2,14,Plastic bottle,4-7,Sometimes,Every month,Yes
1740,user227@gmail.com,2-3,Small house,Resident_227,325/13,,,Main Road,Near School,Ward 9,Municipality,Kasaragod,678624,3,20,Loose / refill,1-3,Never,Rarely,No
1741,user228@gmail.com,2-3,Apartment,Resident_228,332/17,,,Main Road,Near School,Ward 9,Municipality,Kozhikode,683730,1,19,Plastic bottle,7+,Never,Every 2-3 months,No
1742,user229@gmail.com,1,Apartment,Resident_229,350/18,,,Main Road,Near School,Ward 18,Municipality,Kozhikode,677332,0,10,Loose / refill,4-7,Never,Rarely,Yes
1743,user230@gmail.com,2-3,Large house,Resident_230,220/12,,,Main Road,Near School,Ward 19,Municipality,Malappuram,675071,1,7,Loose / refill,4-7,Sometimes,Every month,No
1744,user231@gmail.com,4-5,Small house,Resident_231,457/8,,,Main Road,Near School,Ward 12,Municipality,Thiruvananthapuram,684506,2,7,Plastic packet,7+,Sometimes,Never,No
1745,user232@gmail.com,6+,Large house,Resident_232,157/11,,,Main Road,Near School,Ward 25,Municipality,Malappuram,679529,3,10,Plastic packet,4-7,Never,Every 2-3 months,No
1746,user233@gmail.com,4-5,Apartment,Resident_233,170/5,,,Main Road,Near School,Ward 18,Municipality,Alappuzha,680630,2,8,Loose / refill,7+,Sometimes,Rarely,No
1747,user234@gmail.com,2-3,Small house,Resident_234,490/8,,,Main Road,Near School,Ward 24,Municipality,Thrissur,677126,3,5,Loose / refill,1-3,Sometimes,Every 2-3 months,Yes
1748,user235@gmail.com,2-3,Large house,Resident_235,489/1,,,Main Road,Near School,Ward 11,Municipality,Thrissur,689065,1,16,Loose / refill,None,Always,Every 2-3 months,Yes
1749,user236@gmail.com,4-5,Apartment,Resident_236,453/1,,,Main Road,Near School,Ward 22,Municipality,Ernakulam,679998,4,14,Plastic bottle,None,Always,Every 2-3 months,No
1750,user237@gmail.com,2-3,Apartment,Resident_237,156/7,,,Main Road,Near School,Ward 17,Municipality,Thiruvananthapuram,672569,2,2,Plastic bottle,1-3,Sometimes,Every 2-3 months,Yes
1751,user238@gmail.com,2-3,Apartment,Resident_238,62/8,,,Main Road,Near School,Ward 7,Municipality,Kannur,675371,2,18,Plastic bottle,7+,Never,Every month,No
1752,user239@gmail.com,4-5,Apartment,Resident_239,188/18,,,Main Road,Near School,Ward 16,Municipality,Kottayam,671177,3,19,Plastic bottle,4-7,Sometimes,Every 2-3 months,No
1753,user240@gmail.com,4-5,Apartment,Resident_240,306/10,,,Main Road,Near School,Ward 1,Municipality,Palakkad,671976,3,19,Plastic packet,None,Never,Never,Yes
1754,user241@gmail.com,2-3,Apartment,Resident_241,375/7,,,Main Road,Near School,Ward 4,Municipality,Kannur,674620,3,11,Loose / refill,4-7,Never,Every 2-3 months,No
1755,user242@gmail.com,6+,Apartment,Resident_242,404/15,,,Main Road,Near School,Ward 8,Municipality,Kannur,671312,4,14,Loose / refill,7+,Always,Every 2-3 months,No
1756,user243@gmail.com,1,Apartment,Resident_243,31/8,,,Main Road,Near School,Ward 25,Municipality,Kollam,679261,1,10,Plastic packet,None,Never,Every month,Yes
1757,user244@gmail.com,4-5,Apartment,Resident_244,323/10,,,Main Road,Near School,Ward 6,Municipality,Kozhikode,682277,4,20,Plastic bottle,4-7,Always,Every 2-3 months,No
1758,user245@gmail.com,2-3,Small house,Resident_245,61/10,,,Main Road,Near School,Ward 25,Municipality,Kozhikode,671047,1,7,Loose / refill,None,Never,Rarely,Yes
1759,user246@gmail.com,2-3,Apartment,Resident_246,224/13,,,Main Road,Near School,Ward 25,Municipality,Kasaragod,686543,2,10,Plastic bottle,7+,Always,Never,Yes
1760,user247@gmail.com,4-5,Apartment,Resident_247,396/6,,,Main Road,Near School,Ward 16,Municipality,Wayanad,682784,3,10,Plastic packet,None,Always,Every month,No
1761,user248@gmail.com,6+,Small house,Resident_248,134/6,,,Main Road,Near School,Ward 14,Municipality,Thrissur,689240,3,11,Plastic packet,4-7,Always,Never,Yes
1762,user249@gmail.com,2-3,Large house,Resident_249,469/16,,,Main Road,Near School,Ward 25,Municipality,Alappuzha,680882,2,13,Loose / refill,4-7,Never,Every 2-3 months,No
1763,user250@gmail.com,1,Large house,Resident_250,108/9,,,Main Road,Near School,Ward 13,Municipality,Pathanamthitta,673999,0,3,Plastic packet,7+,Never,Rarely,Yes
1764,user251@gmail.com,4-5,Apartment,Resident_251,439/17,,,Main Road,Near School,Ward 25,Municipality,Alappuzha,671964,2,11,Plastic packet,4-7,Always,Every 2-3 months,Yes
1765,user252@gmail.com,2-3,Small house,Resident_252,490/11,,,Main Road,Near School,Ward 12,Municipality,Malappuram,687833,1,2,Plastic packet,7+,Never,Rarely,Yes
1766,user253@gmail.com,1,Apartment,Resident_253,256/10,,,Main Road,Near School,Ward 21,Municipality,Kasaragod,688159,1,8,Plastic bottle,7+,Always,Rarely,Yes
1767,user254@gmail.com,2-3,Large house,Resident_254,67/19,,,Main Road,Near School,Ward 19,Municipality,Wayanad,674161,3,7,Plastic bottle,7+,Sometimes,Every 2-3 months,No
1768,user255@gmail.com,1,Large house,Resident_255,494/16,,,Main Road,Near School,Ward 9,Municipality,Kasaragod,678562,1,14,Plastic bottle,1-3,Never,Every 2-3 months,No
1769,user256@gmail.com,4-5,Large house,Resident_256,20/19,,,Main Road,Near School,Ward 20,Municipality,Thrissur,677004,2,13,Plastic bottle,1-3,Never,Rarely,No
1770,user257@gmail.com,2-3,Large house,Resident_257,450/1,,,Main Road,Near School,Ward 11,Municipality,Malappuram,671307,3,11,Plastic bottle,4-7,Never,Every 2-3 months,No
1771,user258@gmail.com,2-3,Apartment,Resident_258,302/13,,,Main Road,Near School,Ward 7,Municipality,Kollam,684822,2,4,Loose / refill,1-3,Sometimes,Rarely,Yes
1772,user259@gmail.com,2-3,Apartment,Resident_259,453/13,,,Main Road,Near School,Ward 21,Municipality,Thrissur,674615,3,16,Plastic packet,4-7,Always,Every month,Yes
1773,user260@gmail.com,4-5,Small house,Resident_260,219/11,,,Main Road,Near School,Ward 13,Municipality,Malappuram,685349,3,6,Loose / refill,4-7,Always,Every 2-3 months,Yes
1774,user261@gmail.com,4-5,Small house,Resident_261,16/18,,,Main Road,Near School,Ward 17,Municipality,Pathanamthitta,684698,2,13,Plastic packet,4-7,Sometimes,Never,No
1775,user262@gmail.com,2-3,Apartment,Resident_262,160/14,,,Main Road,Near School,Ward 3,Municipality,Kottayam,671361,1,12,Plastic bottle,4-7,Always,Every 2-3 months,Yes
1776,user263@gmail.com,2-3,Small house,Resident_263,465/16,,,Main Road,Near School,Ward 4,Municipality,Alappuzha,680203,2,17,Loose / refill,1-3,Never,Every month,Yes
1777,user264@gmail.com,4-5,Large house,Resident_264,231/9,,,Main Road,Near School,Ward 21,Municipality,Kollam,673873,2,11,Loose / refill,4-7,Never,Rarely,Yes
1778,user265@gmail.com,4-5,Large house,Resident_265,469/18,,,Main Road,Near School,Ward 25,Municipality,Ernakulam,672567,3,18,Plastic packet,1-3,Never,Rarely,No
1779,user266@gmail.com,6+,Large house,Resident_266,459/2,,,Main Road,Near School,Ward 15,Municipality,Kasaragod,677198,4,7,Plastic packet,7+,Always,Every month,Yes
1780,user267@gmail.com,2-3,Small house,Resident_267,290/8,,,Main Road,Near School,Ward 1,Municipality,Kollam,676282,1,15,Plastic bottle,7+,Sometimes,Never,Yes
1781,user268@gmail.com,1,Apartment,Resident_268,414/15,,,Main Road,Near School,Ward 10,Municipality,Kannur,680402,1,11,Plastic bottle,4-7,Sometimes,Every month,No
1782,user269@gmail.com,6+,Apartment,Resident_269,328/20,,,Main Road,Near School,Ward 7,Municipality,Thrissur,673048,6,9,Plastic packet,4-7,Never,Every month,Yes
1783,user270@gmail.com,4-5,Apartment,Resident_270,18/20,,,Main Road,Near School,Ward 8,Municipality,Kozhikode,671542,2,16,Plastic bottle,4-7,Always,Every month,Yes
1784,user271@gmail.com,6+,Apartment,Resident_271,11/11,,,Main Road,Near School,Ward 6,Municipality,Thrissur,671653,3,15,Plastic bottle,7+,Sometimes,Every month,Yes
1785,user272@gmail.com,4-5,Small house,Resident_272,136/15,,,Main Road,Near School,Ward 10,Municipality,Pathanamthitta,678233,3,3,Plastic bottle,1-3,Sometimes,Rarely,Yes
1786,user273@gmail.com,4-5,Apartment,Resident_273,23/16,,,Main Road,Near School,Ward 10,Municipality,Palakkad,684855,2,6,Plastic bottle,7+,Always,Every 2-3 months,No
1787,user274@gmail.com,2-3,Small house,Resident_274,286/20,,,Main Road,Near School,Ward 12,Municipality,Idukki,681907,1,20,Loose / refill,None,Sometimes,Rarely,No
1788,user275@gmail.com,2-3,Large house,Resident_275,372/10,,,Main Road,Near School,Ward 22,Municipality,Wayanad,674009,2,7,Plastic bottle,None,Sometimes,Never,No
1789,user276@gmail.com,6+,Apartment,Resident_276,165/4,,,Main Road,Near School,Ward 19,Municipality,Thiruvananthapuram,680639,5,16,Plastic packet,1-3,Sometimes,Every 2-3 months,Yes
1790,user277@gmail.com,4-5,Apartment,Resident_277,17/4,,,Main Road,Near School,Ward 2,Municipality,Kannur,689375,4,17,Loose / refill,4-7,Always,Rarely,Yes
1791,user278@gmail.com,2-3,Large house,Resident_278,49/4,,,Main Road,Near School,Ward 4,Municipality,Thrissur,689617,3,2,Loose / refill,1-3,Sometimes,Never,Yes
1792,user279@gmail.com,2-3,Small house,Resident_279,110/16,,,Main Road,Near School,Ward 20,Municipality,Thiruvananthapuram,689015,2,15,Plastic packet,1-3,Never,Every 2-3 months,No
1793,user280@gmail.com,1,Large house,Resident_280,335/9,,,Main Road,Near School,Ward 6,Municipality,Kasaragod,689168,0,16,Loose / refill,7+,Never,Every month,No
1794,user281@gmail.com,4-5,Apartment,Resident_281,209/10,,,Main Road,Near School,Ward 25,Municipality,Ernakulam,688398,4,12,Plastic bottle,None,Sometimes,Never,No
1795,user282@gmail.com,1,Apartment,Resident_282,489/14,,,Main Road,Near School,Ward 20,Municipality,Palakkad,671262,1,17,Loose / refill,1-3,Always,Rarely,No
1796,user283@gmail.com,6+,Large house,Resident_283,437/1,,,Main Road,Near School,Ward 21,Municipality,Palakkad,675835,5,18,Loose / refill,4-7,Never,Rarely,Yes
1797,user284@gmail.com,6+,Apartment,Resident_284,201/3,,,Main Road,Near School,Ward 5,Municipality,Ernakulam,674336,3,8,Loose / refill,4-7,Never,Never,No
1798,user285@gmail.com,2-3,Apartment,Resident_285,333/13,,,Main Road,Near School,Ward 4,Municipality,Pathanamthitta,689644,3,16,Plastic bottle,4-7,Always,Rarely,Yes
1799,user286@gmail.com,4-5,Apartment,Resident_286,51/12,,,Main Road,Near School,Ward 16,Municipality,Kannur,682358,2,11,Plastic bottle,None,Always,Rarely,Yes
1800,user287@gmail.com,2-3,Large house,Resident_287,129/7,,,Main Road,Near School,Ward 19,Municipality,Palakkad,679742,3,9,Plastic packet,None,Never,Every month,No
1801,user288@gmail.com,4-5,Large house,Resident_288,332/19,,,Main Road,Near School,Ward 23,Municipality,Idukki,674633,3,5,Loose / refill,None,Sometimes,Never,No
1802,user289@gmail.com,4-5,Large house,Resident_289,357/12,,,Main Road,Near School,Ward 21,Municipality,Kottayam,685441,2,20,Loose / refill,4-7,Always,Every month,No
1803,user290@gmail.com,4-5,Small house,Resident_290,22/4,,,Main Road,Near School,Ward 6,Municipality,Alappuzha,675561,4,11,Plastic bottle,7+,Never,Every month,No
1804,user291@gmail.com,6+,Large house,Resident_291,200/6,,,Main Road,Near School,Ward 3,Municipality,Wayanad,687016,5,20,Plastic bottle,7+,Always,Every month,Yes
1805,user292@gmail.com,4-5,Apartment,Resident_292,159/16,,,Main Road,Near School,Ward 4,Municipality,Pathanamthitta,686131,4,14,Plastic bottle,1-3,Sometimes,Every 2-3 months,Yes
1806,user293@gmail.com,1,Large house,Resident_293,444/9,,,Main Road,Near School,Ward 7,Municipality,Kannur,680846,0,16,Plastic bottle,1-3,Always,Every 2-3 months,Yes
1807,user294@gmail.com,6+,Large house,Resident_294,362/19,,,Main Road,Near School,Ward 11,Municipality,Kasaragod,681652,3,19,Plastic bottle,7+,Sometimes,Every 2-3 months,Yes
1808,user295@gmail.com,6+,Apartment,Resident_295,416/5,,,Main Road,Near School,Ward 3,Municipality,Ernakulam,680849,5,12,Loose / refill,4-7,Always,Every month,Yes
1809,user296@gmail.com,4-5,Apartment,Resident_296,113/18,,,Main Road,Near School,Ward 6,Municipality,Ernakulam,689620,3,8,Plastic bottle,7+,Never,Never,Yes
1810,user297@gmail.com,6+,Small house,Resident_297,307/17,,,Main Road,Near School,Ward 13,Municipality,Malappuram,683453,3,4,Loose / refill,4-7,Sometimes,Every month,No
1811,user298@gmail.com,4-5,Small house,Resident_298,457/9,,,Main Road,Near School,Ward 10,Municipality,Kasaragod,685880,3,10,Plastic bottle,4-7,Never,Every month,Yes
1812,user299@gmail.com,1,Apartment,Resident_299,176/3,,,Main Road,Near School,Ward 4,Municipality,Kozhikode,673933,0,9,Loose / refill,None,Never,Every month,Yes
1813,user300@gmail.com,4-5,Large house,Resident_300,442/19,,,Main Road,Near School,Ward 13,Municipality,Ernakulam,679427,3,15,Loose / refill,7+,Always,Never,Yes
1814,user301@gmail.com,2-3,Small house,Resident_301,2/5,,,Main Road,Near School,Ward 8,Municipality,Kannur,673744,3,16,Plastic packet,4-7,Always,Rarely,No
1815,user302@gmail.com,6+,Large house,Resident_302,351/11,,,Main Road,Near School,Ward 25,Municipality,Alappuzha,687920,5,5,Plastic bottle,1-3,Always,Never,Yes
1816,user303@gmail.com,2-3,Large house,Resident_303,476/14,,,Main Road,Near School,Ward 3,Municipality,Pathanamthitta,671728,3,13,Plastic bottle,None,Never,Never,Yes
1817,user304@gmail.com,2-3,Large house,Resident_304,5/9,,,Main Road,Near School,Ward 15,Municipality,Thrissur,680083,2,16,Loose / refill,4-7,Sometimes,Never,No
1818,user305@gmail.com,2-3,Small house,Resident_305,48/6,,,Main Road,Near School,Ward 15,Municipality,Kannur,683559,2,7,Plastic packet,4-7,Sometimes,Every month,Yes
1819,user306@gmail.com,2-3,Small house,Resident_306,268/14,,,Main Road,Near School,Ward 1,Municipality,Palakkad,686269,1,16,Loose / refill,1-3,Sometimes,Rarely,Yes
1820,user307@gmail.com,2-3,Small house,Resident_307,478/20,,,Main Road,Near School,Ward 20,Municipality,Thiruvananthapuram,674541,2,14,Loose / refill,4-7,Sometimes,Never,Yes
1821,user308@gmail.com,4-5,Apartment,Resident_308,390/3,,,Main Road,Near School,Ward 6,Municipality,Palakkad,689958,4,9,Loose / refill,1-3,Never,Rarely,No
1822,user309@gmail.com,6+,Large house,Resident_309,444/3,,,Main Road,Near School,Ward 7,Municipality,Palakkad,689363,6,15,Plastic bottle,1-3,Sometimes,Every 2-3 months,No
1823,user310@gmail.com,2-3,Apartment,Resident_310,356/18,,,Main Road,Near School,Ward 12,Municipality,Thrissur,682984,1,20,Loose / refill,None,Never,Every 2-3 months,No
1824,user311@gmail.com,2-3,Large house,Resident_311,450/14,,,Main Road,Near School,Ward 14,Municipality,Kottayam,687530,3,7,Plastic packet,None,Sometimes,Every month,Yes
1825,user312@gmail.com,2-3,Apartment,Resident_312,495/5,,,Main Road,Near School,Ward 20,Municipality,Kannur,677944,2,6,Loose / refill,1-3,Always,Never,Yes
1826,user313@gmail.com,4-5,Apartment,Resident_313,352/12,,,Main Road,Near School,Ward 3,Municipality,Palakkad,672510,3,10,Plastic bottle,7+,Never,Rarely,No
1827,user314@gmail.com,2-3,Large house,Resident_314,216/7,,,Main Road,Near School,Ward 8,Municipality,Wayanad,674197,1,19,Plastic packet,None,Sometimes,Every month,No
1828,user315@gmail.com,4-5,Apartment,Resident_315,429/5,,,Main Road,Near School,Ward 22,Municipality,Alappuzha,678594,3,15,Plastic packet,1-3,Always,Every 2-3 months,No
1829,user316@gmail.com,2-3,Apartment,Resident_316,129/17,,,Main Road,Near School,Ward 1,Municipality,Kollam,677077,3,15,Plastic packet,None,Always,Every month,No
1830,user317@gmail.com,4-5,Apartment,Resident_317,215/15,,,Main Road,Near School,Ward 9,Municipality,Kottayam,678743,3,7,Plastic bottle,1-3,Always,Every month,Yes
1831,user318@gmail.com,6+,Apartment,Resident_318,120/2,,,Main Road,Near School,Ward 5,Municipality,Alappuzha,678278,4,9,Plastic bottle,4-7,Never,Every 2-3 months,Yes
1832,user319@gmail.com,4-5,Small house,Resident_319,307/10,,,Main Road,Near School,Ward 20,Municipality,Kottayam,685441,3,8,Plastic packet,None,Never,Rarely,Yes
1833,user320@gmail.com,1,Apartment,Resident_320,332/1,,,Main Road,Near School,Ward 10,Municipality,Kannur,689291,0,12,Loose / refill,4-7,Sometimes,Rarely,No
1834,user321@gmail.com,2-3,Large house,Resident_321,387/5,,,Main Road,Near School,Ward 4,Municipality,Thiruvananthapuram,688783,1,17,Loose / refill,4-7,Sometimes,Every 2-3 months,No
1835,user322@gmail.com,4-5,Apartment,Resident_322,52/17,,,Main Road,Near School,Ward 23,Municipality,Ernakulam,683095,3,11,Plastic packet,7+,Never,Every month,Yes
1836,user323@gmail.com,2-3,Large house,Resident_323,429/18,,,Main Road,Near School,Ward 4,Municipality,Palakkad,689887,1,8,Plastic packet,4-7,Always,Never,No
1837,user324@gmail.com,2-3,Large house,Resident_324,483/2,,,Main Road,Near School,Ward 18,Municipality,Wayanad,680537,2,13,Plastic bottle,4-7,Sometimes,Rarely,No
1838,user325@gmail.com,2-3,Large house,Resident_325,449/17,,,Main Road,Near School,Ward 9,Municipality,Kozhikode,686853,3,2,Plastic packet,4-7,Always,Never,No
1839,user326@gmail.com,4-5,Small house,Resident_326,253/15,,,Main Road,Near School,Ward 14,Municipality,Kollam,684360,3,17,Plastic bottle,4-7,Always,Every 2-3 months,No
1840,user327@gmail.com,4-5,Apartment,Resident_327,77/9,,,Main Road,Near School,Ward 6,Municipality,Malappuram,676592,2,15,Plastic bottle,7+,Sometimes,Every month,Yes
1841,user328@gmail.com,2-3,Apartment,Resident_328,12/8,,,Main Road,Near School,Ward 21,Municipality,Ernakulam,675595,1,15,Loose / refill,1-3,Never,Never,No
1842,user329@gmail.com,2-3,Apartment,Resident_329,375/4,,,Main Road,Near School,Ward 23,Municipality,Kasaragod,688252,2,18,Loose / refill,7+,Never,Every month,Yes
1843,user330@gmail.com,2-3,Large house,Resident_330,159/3,,,Main Road,Near School,Ward 24,Municipality,Kasaragod,683167,1,4,Loose / refill,7+,Never,Never,Yes
1844,user331@gmail.com,4-5,Small house,Resident_331,165/8,,,Main Road,Near School,Ward 16,Municipality,Thrissur,676714,4,6,Plastic bottle,1-3,Always,Never,Yes
1845,user332@gmail.com,4-5,Apartment,Resident_332,121/4,,,Main Road,Near School,Ward 4,Municipality,Kottayam,675996,4,11,Plastic bottle,1-3,Sometimes,Rarely,Yes
1846,user333@gmail.com,1,Large house,Resident_333,101/18,,,Main Road,Near School,Ward 13,Municipality,Kannur,680554,1,3,Plastic packet,4-7,Always,Rarely,Yes
1847,user334@gmail.com,4-5,Small house,Resident_334,114/17,,,Main Road,Near School,Ward 9,Municipality,Wayanad,676825,2,13,Plastic packet,None,Sometimes,Every month,No
1848,user335@gmail.com,6+,Small house,Resident_335,58/15,,,Main Road,Near School,Ward 22,Municipality,Kottayam,674428,6,6,Plastic bottle,4-7,Sometimes,Never,Yes
1849,user336@gmail.com,2-3,Large house,Resident_336,66/8,,,Main Road,Near School,Ward 2,Municipality,Alappuzha,683535,2,7,Plastic bottle,4-7,Sometimes,Never,Yes
1850,user337@gmail.com,4-5,Apartment,Resident_337,255/5,,,Main Road,Near School,Ward 10,Municipality,Pathanamthitta,686835,4,17,Plastic packet,7+,Always,Rarely,Yes
1851,user338@gmail.com,4-5,Small house,Resident_338,35/20,,,Main Road,Near School,Ward 7,Municipality,Kasaragod,687330,3,4,Plastic packet,7+,Always,Rarely,Yes
1852,user339@gmail.com,4-5,Apartment,Resident_339,148/14,,,Main Road,Near School,Ward 22,Municipality,Kannur,688525,4,15,Plastic packet,None,Always,Every 2-3 months,Yes
1853,user340@gmail.com,2-3,Small house,Resident_340,477/9,,,Main Road,Near School,Ward 24,Municipality,Pathanamthitta,673983,3,19,Loose / refill,None,Always,Every 2-3 months,Yes
1854,user341@gmail.com,2-3,Apartment,Resident_341,25/2,,,Main Road,Near School,Ward 18,Municipality,Alappuzha,674508,1,17,Loose / refill,None,Never,Every 2-3 months,Yes
1855,user342@gmail.com,2-3,Small house,Resident_342,192/2,,,Main Road,Near School,Ward 22,Municipality,Idukki,686749,3,19,Plastic packet,1-3,Sometimes,Rarely,Yes
1856,user343@gmail.com,2-3,Large house,Resident_343,87/19,,,Main Road,Near School,Ward 5,Municipality,Thrissur,670506,3,12,Loose / refill,None,Never,Every month,Yes
1857,user344@gmail.com,4-5,Large house,Resident_344,148/17,,,Main Road,Near School,Ward 8,Municipality,Alappuzha,677864,2,6,Plastic bottle,4-7,Always,Every month,Yes
1858,user345@gmail.com,4-5,Apartment,Resident_345,247/4,,,Main Road,Near School,Ward 7,Municipality,Pathanamthitta,678981,3,6,Plastic bottle,None,Never,Never,No
1859,user346@gmail.com,2-3,Apartment,Resident_346,448/10,,,Main Road,Near School,Ward 5,Municipality,Wayanad,680392,2,7,Loose / refill,None,Never,Never,Yes
1860,user347@gmail.com,1,Apartment,Resident_347,72/7,,,Main Road,Near School,Ward 5,Municipality,Malappuram,675088,0,8,Loose / refill,1-3,Never,Every month,No
1861,user348@gmail.com,2-3,Apartment,Resident_348,126/14,,,Main Road,Near School,Ward 9,Municipality,Kozhikode,675665,1,18,Loose / refill,None,Sometimes,Every 2-3 months,No
1862,user349@gmail.com,4-5,Small house,Resident_349,336/1,,,Main Road,Near School,Ward 2,Municipality,Thrissur,673098,2,4,Plastic bottle,7+,Sometimes,Never,Yes
1863,user350@gmail.com,4-5,Small house,Resident_350,203/7,,,Main Road,Near School,Ward 22,Municipality,Kollam,674020,4,4,Plastic bottle,None,Sometimes,Every 2-3 months,No
1864,user351@gmail.com,2-3,Small house,Resident_351,313/11,,,Main Road,Near School,Ward 18,Municipality,Ernakulam,681666,3,5,Plastic packet,7+,Always,Never,Yes
1865,user352@gmail.com,2-3,Large house,Resident_352,115/20,,,Main Road,Near School,Ward 24,Municipality,Pathanamthitta,673388,3,13,Loose / refill,4-7,Sometimes,Every 2-3 months,Yes
1866,user353@gmail.com,1,Apartment,Resident_353,263/20,,,Main Road,Near School,Ward 21,Municipality,Kannur,673201,0,10,Plastic packet,7+,Sometimes,Rarely,Yes
1867,user354@gmail.com,2-3,Apartment,Resident_354,228/19,,,Main Road,Near School,Ward 15,Municipality,Malappuram,689283,1,9,Plastic bottle,1-3,Never,Every month,No
1868,user355@gmail.com,1,Large house,Resident_355,231/16,,,Main Road,Near School,Ward 7,Municipality,Pathanamthitta,674240,0,3,Loose / refill,7+,Sometimes,Every month,No
1869,user356@gmail.com,6+,Small house,Resident_356,140/12,,,Main Road,Near School,Ward 12,Municipality,Kottayam,679987,5,20,Loose / refill,4-7,Always,Rarely,No
1870,user357@gmail.com,2-3,Large house,Resident_357,218/16,,,Main Road,Near School,Ward 16,Municipality,Ernakulam,675997,3,17,Loose / refill,1-3,Always,Every 2-3 months,No
1871,user358@gmail.com,6+,Small house,Resident_358,200/7,,,Main Road,Near School,Ward 15,Municipality,Wayanad,673339,6,15,Loose / refill,7+,Always,Rarely,No
1872,user359@gmail.com,2-3,Apartment,Resident_359,417/2,,,Main Road,Near School,Ward 13,Municipality,Wayanad,683132,1,17,Plastic packet,7+,Always,Every month,No
1873,user360@gmail.com,2-3,Apartment,Resident_360,235/1,,,Main Road,Near School,Ward 2,Municipality,Kannur,670890,1,6,Plastic packet,1-3,Sometimes,Every month,Yes
1874,user361@gmail.com,4-5,Large house,Resident_361,38/17,,,Main Road,Near School,Ward 24,Municipality,Alappuzha,678437,4,12,Loose / refill,None,Sometimes,Rarely,No
1875,user362@gmail.com,2-3,Large house,Resident_362,212/13,,,Main Road,Near School,Ward 3,Municipality,Alappuzha,689397,3,10,Plastic bottle,1-3,Always,Every 2-3 months,Yes
1876,user363@gmail.com,4-5,Large house,Resident_363,439/1,,,Main Road,Near School,Ward 15,Municipality,Kozhikode,685865,3,20,Loose / refill,7+,Always,Every 2-3 months,No
1877,user364@gmail.com,2-3,Large house,Resident_364,190/8,,,Main Road,Near School,Ward 24,Municipality,Kozhikode,688281,1,18,Plastic packet,7+,Always,Never,No
1878,user365@gmail.com,4-5,Small house,Resident_365,362/19,,,Main Road,Near School,Ward 20,Municipality,Thiruvananthapuram,679217,2,2,Plastic packet,4-7,Never,Every 2-3 months,Yes
1879,user366@gmail.com,2-3,Apartment,Resident_366,230/18,,,Main Road,Near School,Ward 1,Municipality,Kasaragod,670127,1,12,Plastic packet,None,Always,Every 2-3 months,Yes
1880,user367@gmail.com,4-5,Large house,Resident_367,410/6,,,Main Road,Near School,Ward 20,Municipality,Malappuram,682709,4,20,Loose / refill,None,Sometimes,Every month,Yes
1881,user368@gmail.com,2-3,Large house,Resident_368,400/16,,,Main Road,Near School,Ward 10,Municipality,Kannur,684301,3,5,Plastic packet,1-3,Never,Every month,No
1882,user369@gmail.com,2-3,Apartment,Resident_369,435/12,,,Main Road,Near School,Ward 21,Municipality,Thiruvananthapuram,682744,1,15,Plastic bottle,4-7,Always,Rarely,Yes
1883,user370@gmail.com,2-3,Small house,Resident_370,275/4,,,Main Road,Near School,Ward 22,Municipality,Kozhikode,682014,2,16,Loose / refill,4-7,Always,Every month,Yes
1884,user371@gmail.com,6+,Large house,Resident_371,281/5,,,Main Road,Near School,Ward 6,Municipality,Kasaragod,678776,3,13,Loose / refill,1-3,Sometimes,Every 2-3 months,No
1885,user372@gmail.com,6+,Large house,Resident_372,44/9,,,Main Road,Near School,Ward 3,Municipality,Palakkad,689144,5,6,Plastic bottle,4-7,Never,Never,Yes
1886,user373@gmail.com,4-5,Large house,Resident_373,491/12,,,Main Road,Near School,Ward 4,Municipality,Alappuzha,687390,2,11,Plastic packet,7+,Sometimes,Every month,No
1887,user374@gmail.com,4-5,Apartment,Resident_374,269/2,,,Main Road,Near School,Ward 25,Municipality,Thrissur,673774,2,19,Loose / refill,4-7,Sometimes,Every month,Yes
1888,user375@gmail.com,2-3,Small house,Resident_375,47/18,,,Main Road,Near School,Ward 2,Municipality,Palakkad,686538,1,18,Loose / refill,None,Never,Never,No
1889,user376@gmail.com,4-5,Small house,Resident_376,201/4,,,Main Road,Near School,Ward 25,Municipality,Alappuzha,673510,4,13,Plastic packet,4-7,Never,Rarely,No
1890,user377@gmail.com,6+,Large house,Resident_377,44/5,,,Main Road,Near School,Ward 4,Municipality,Thiruvananthapuram,677035,4,20,Plastic packet,4-7,Always,Never,Yes
1891,user378@gmail.com,1,Small house,Resident_378,173/17,,,Main Road,Near School,Ward 4,Municipality,Kozhikode,683350,0,7,Plastic bottle,1-3,Sometimes,Every 2-3 months,No
1892,user379@gmail.com,6+,Small house,Resident_379,432/16,,,Main Road,Near School,Ward 1,Municipality,Kasaragod,687416,5,17,Plastic bottle,7+,Never,Rarely,Yes
1893,user380@gmail.com,1,Large house,Resident_380,432/5,,,Main Road,Near School,Ward 19,Municipality,Alappuzha,670232,0,4,Plastic packet,None,Sometimes,Rarely,Yes
1894,user381@gmail.com,6+,Large house,Resident_381,428/7,,,Main Road,Near School,Ward 6,Municipality,Pathanamthitta,683503,4,13,Plastic bottle,1-3,Always,Every month,No
1895,user382@gmail.com,4-5,Large house,Resident_382,49/8,,,Main Road,Near School,Ward 2,Municipality,Thiruvananthapuram,684305,4,2,Plastic packet,7+,Sometimes,Never,Yes
1896,user383@gmail.com,6+,Large house,Resident_383,98/15,,,Main Road,Near School,Ward 5,Municipality,Palakkad,677721,3,20,Loose / refill,7+,Sometimes,Rarely,No
1897,user384@gmail.com,2-3,Large house,Resident_384,272/8,,,Main Road,Near School,Ward 10,Municipality,Malappuram,678273,3,16,Plastic packet,None,Never,Rarely,No
1898,user385@gmail.com,2-3,Large house,Resident_385,57/15,,,Main Road,Near School,Ward 1,Municipality,Thrissur,689868,2,2,Plastic bottle,4-7,Sometimes,Every 2-3 months,No
1899,user386@gmail.com,1,Apartment,Resident_386,213/18,,,Main Road,Near School,Ward 4,Municipality,Idukki,682514,0,6,Loose / refill,1-3,Sometimes,Every month,No
1900,user387@gmail.com,6+,Small house,Resident_387,372/6,,,Main Road,Near School,Ward 6,Municipality,Kollam,689327,3,12,Loose / refill,7+,Always,Every month,Yes
1901,user388@gmail.com,4-5,Large house,Resident_388,282/14,,,Main Road,Near School,Ward 17,Municipality,Ernakulam,673072,2,15,Plastic bottle,None,Always,Never,No
1902,user389@gmail.com,4-5,Large house,Resident_389,436/14,,,Main Road,Near School,Ward 10,Municipality,Wayanad,677252,3,12,Loose / refill,None,Always,Never,No
1903,user390@gmail.com,2-3,Apartment,Resident_390,230/20,,,Main Road,Near School,Ward 13,Municipality,Ernakulam,683346,2,18,Plastic bottle,None,Always,Never,Yes
1904,user391@gmail.com,4-5,Apartment,Resident_391,288/10,,,Main Road,Near School,Ward 14,Municipality,Palakkad,684744,2,15,Plastic packet,None,Sometimes,Every 2-3 months,No
1905,user392@gmail.com,2-3,Large house,Resident_392,386/9,,,Main Road,Near School,Ward 16,Municipality,Malappuram,682704,3,12,Plastic bottle,1-3,Sometimes,Every 2-3 months,Yes
1906,user393@gmail.com,1,Apartment,Resident_393,408/1,,,Main Road,Near School,Ward 25,Municipality,Pathanamthitta,675860,0,8,Plastic packet,1-3,Never,Rarely,Yes
1907,user394@gmail.com,2-3,Apartment,Resident_394,483/5,,,Main Road,Near School,Ward 6,Municipality,Pathanamthitta,675038,1,12,Plastic bottle,7+,Sometimes,Rarely,No
1908,user395@gmail.com,4-5,Small house,Resident_395,187/1,,,Main Road,Near School,Ward 16,Municipality,Kottayam,673404,4,3,Plastic bottle,7+,Never,Rarely,Yes
1909,user396@gmail.com,4-5,Large house,Resident_396,116/8,,,Main Road,Near School,Ward 25,Municipality,Pathanamthitta,681016,4,15,Plastic packet,7+,Sometimes,Every month,No
1910,user397@gmail.com,2-3,Apartment,Resident_397,434/11,,,Main Road,Near School,Ward 3,Municipality,Thrissur,689444,3,14,Plastic bottle,1-3,Never,Every month,No
1911,user398@gmail.com,6+,Small house,Resident_398,396/18,,,Main Road,Near School,Ward 16,Municipality,Thrissur,675053,6,4,Plastic bottle,7+,Sometimes,Every month,No
1912,user399@gmail.com,4-5,Apartment,Resident_399,466/11,,,Main Road,Near School,Ward 14,Municipality,Ernakulam,686200,4,13,Loose / refill,7+,Always,Never,No
1913,user400@gmail.com,2-3,Small house,Resident_400,425/11,,,Main Road,Near School,Ward 14,Municipality,Pathanamthitta,681805,1,15,Loose / refill,4-7,Always,Every month,Yes
1914,user401@gmail.com,4-5,Large house,Resident_401,170/8,,,Main Road,Near School,Ward 10,Municipality,Palakkad,670509,3,14,Plastic packet,1-3,Sometimes,Every month,No
1915,user402@gmail.com,2-3,Large house,Resident_402,209/5,,,Main Road,Near School,Ward 8,Municipality,Kannur,675490,1,11,Plastic packet,1-3,Always,Rarely,Yes
1916,user403@gmail.com,4-5,Small house,Resident_403,417/15,,,Main Road,Near School,Ward 14,Municipality,Kottayam,677143,2,6,Loose / refill,None,Never,Rarely,Yes
1917,user404@gmail.com,2-3,Large house,Resident_404,493/6,,,Main Road,Near School,Ward 17,Municipality,Kasaragod,672160,1,14,Plastic bottle,7+,Always,Rarely,Yes
1918,user405@gmail.com,2-3,Small house,Resident_405,56/20,,,Main Road,Near School,Ward 5,Municipality,Alappuzha,687206,3,6,Loose / refill,4-7,Always,Rarely,Yes
1919,user406@gmail.com,4-5,Small house,Resident_406,327/15,,,Main Road,Near School,Ward 17,Municipality,Kottayam,677257,3,18,Plastic packet,7+,Sometimes,Every month,Yes
1920,user407@gmail.com,4-5,Apartment,Resident_407,372/14,,,Main Road,Near School,Ward 4,Municipality,Pathanamthitta,683666,2,3,Loose / refill,None,Sometimes,Every 2-3 months,No
1921,user408@gmail.com,2-3,Apartment,Resident_408,171/3,,,Main Road,Near School,Ward 23,Municipality,Pathanamthitta,686974,3,13,Plastic bottle,7+,Sometimes,Never,No
1922,user409@gmail.com,4-5,Large house,Resident_409,424/10,,,Main Road,Near School,Ward 19,Municipality,Pathanamthitta,689062,3,2,Plastic packet,1-3,Always,Every 2-3 months,No
1923,user410@gmail.com,4-5,Apartment,Resident_410,87/8,,,Main Road,Near School,Ward 18,Municipality,Alappuzha,686982,3,8,Loose / refill,4-7,Sometimes,Rarely,No
1924,user411@gmail.com,4-5,Small house,Resident_411,227/9,,,Main Road,Near School,Ward 7,Municipality,Ernakulam,688973,2,5,Plastic bottle,4-7,Sometimes,Rarely,No
1925,user412@gmail.com,6+,Large house,Resident_412,425/11,,,Main Road,Near School,Ward 19,Municipality,Ernakulam,674713,4,12,Plastic bottle,1-3,Sometimes,Every 2-3 months,No
1926,user413@gmail.com,6+,Apartment,Resident_413,162/7,,,Main Road,Near School,Ward 21,Municipality,Kasaragod,680510,5,10,Loose / refill,4-7,Always,Never,Yes
1927,user414@gmail.com,2-3,Large house,Resident_414,222/5,,,Main Road,Near School,Ward 25,Municipality,Wayanad,681546,1,8,Loose / refill,1-3,Always,Never,No
1928,user415@gmail.com,6+,Large house,Resident_415,21/9,,,Main Road,Near School,Ward 22,Municipality,Pathanamthitta,684721,5,4,Plastic packet,None,Sometimes,Every month,Yes
1929,user416@gmail.com,2-3,Apartment,Resident_416,21/20,,,Main Road,Near School,Ward 5,Municipality,Malappuram,672008,3,5,Plastic packet,4-7,Sometimes,Never,Yes
1930,user417@gmail.com,4-5,Small house,Resident_417,207/16,,,Main Road,Near School,Ward 19,Municipality,Ernakulam,684991,3,9,Loose / refill,7+,Always,Never,No
1931,user418@gmail.com,2-3,Apartment,Resident_418,296/20,,,Main Road,Near School,Ward 7,Municipality,Idukki,677197,2,15,Loose / refill,1-3,Sometimes,Rarely,Yes
1932,user419@gmail.com,6+,Apartment,Resident_419,391/16,,,Main Road,Near School,Ward 16,Municipality,Kannur,685169,6,7,Plastic bottle,1-3,Never,Every 2-3 months,No
1933,user420@gmail.com,6+,Large house,Resident_420,401/14,,,Main Road,Near School,Ward 6,Municipality,Ernakulam,672744,5,16,Plastic packet,1-3,Never,Never,Yes
1934,user421@gmail.com,4-5,Small house,Resident_421,331/3,,,Main Road,Near School,Ward 7,Municipality,Ernakulam,670333,4,6,Plastic bottle,None,Never,Rarely,Yes
1935,user422@gmail.com,2-3,Apartment,Resident_422,101/8,,,Main Road,Near School,Ward 17,Municipality,Thiruvananthapuram,670973,3,6,Loose / refill,7+,Always,Rarely,Yes
1936,user423@gmail.com,4-5,Apartment,Resident_423,63/5,,,Main Road,Near School,Ward 9,Municipality,Kasaragod,689115,2,4,Plastic bottle,None,Sometimes,Every month,Yes
1937,user424@gmail.com,4-5,Small house,Resident_424,317/7,,,Main Road,Near School,Ward 17,Municipality,Alappuzha,670665,4,12,Plastic packet,7+,Always,Every month,No
1938,user425@gmail.com,2-3,Small house,Resident_425,286/10,,,Main Road,Near School,Ward 17,Municipality,Kottayam,680172,2,12,Plastic packet,None,Always,Every 2-3 months,Yes
1939,user426@gmail.com,2-3,Large house,Resident_426,488/19,,,Main Road,Near School,Ward 11,Municipality,Malappuram,673846,2,16,Plastic packet,4-7,Sometimes,Never,No
1940,user427@gmail.com,2-3,Large house,Resident_427,30/4,,,Main Road,Near School,Ward 21,Municipality,Kannur,682430,2,12,Plastic packet,4-7,Never,Every 2-3 months,Yes
1941,user428@gmail.com,1,Large house,Resident_428,258/17,,,Main Road,Near School,Ward 14,Municipality,Kottayam,683863,1,10,Plastic bottle,7+,Sometimes,Never,No
1942,user429@gmail.com,2-3,Large house,Resident_429,470/10,,,Main Road,Near School,Ward 7,Municipality,Thrissur,679142,3,17,Loose / refill,1-3,Never,Never,Yes
1943,user430@gmail.com,6+,Small house,Resident_430,414/2,,,Main Road,Near School,Ward 11,Municipality,Kasaragod,686641,5,16,Plastic packet,None,Never,Never,No
1944,user431@gmail.com,2-3,Apartment,Resident_431,242/10,,,Main Road,Near School,Ward 9,Municipality,Thrissur,676024,2,13,Loose / refill,4-7,Never,Every 2-3 months,No
1945,user432@gmail.com,4-5,Small house,Resident_432,377/19,,,Main Road,Near School,Ward 22,Municipality,Kasaragod,672328,2,12,Plastic bottle,None,Never,Every 2-3 months,No
1946,user433@gmail.com,2-3,Small house,Resident_433,94/12,,,Main Road,Near School,Ward 12,Municipality,Thrissur,689131,3,15,Plastic packet,None,Always,Never,No
1947,user434@gmail.com,2-3,Large house,Resident_434,394/3,,,Main Road,Near School,Ward 6,Municipality,Wayanad,676026,2,16,Loose / refill,1-3,Always,Every month,Yes
1948,user435@gmail.com,2-3,Apartment,Resident_435,415/19,,,Main Road,Near School,Ward 8,Municipality,Idukki,672840,1,13,Plastic packet,None,Never,Rarely,Yes
1949,user436@gmail.com,2-3,Apartment,Resident_436,333/11,,,Main Road,Near School,Ward 21,Municipality,Thrissur,684812,3,19,Loose / refill,4-7,Never,Every month,Yes
1950,user437@gmail.com,4-5,Apartment,Resident_437,332/3,,,Main Road,Near School,Ward 22,Municipality,Pathanamthitta,688840,3,10,Plastic bottle,None,Always,Never,Yes
1951,user438@gmail.com,4-5,Large house,Resident_438,223/4,,,Main Road,Near School,Ward 21,Municipality,Kannur,685891,2,12,Plastic bottle,4-7,Never,Every 2-3 months,No
1952,user439@gmail.com,6+,Apartment,Resident_439,94/5,,,Main Road,Near School,Ward 7,Municipality,Wayanad,680342,3,13,Plastic packet,1-3,Never,Never,Yes
1953,user440@gmail.com,2-3,Small house,Resident_440,122/10,,,Main Road,Near School,Ward 25,Municipality,Ernakulam,678327,3,19,Plastic packet,4-7,Sometimes,Every 2-3 months,Yes
1954,user441@gmail.com,6+,Large house,Resident_441,65/20,,,Main Road,Near School,Ward 16,Municipality,Alappuzha,680137,4,7,Loose / refill,None,Sometimes,Every 2-3 months,Yes
1955,user442@gmail.com,6+,Apartment,Resident_442,373/3,,,Main Road,Near School,Ward 17,Municipality,Kollam,684032,3,4,Plastic bottle,None,Sometimes,Rarely,No
1956,user443@gmail.com,4-5,Small house,Resident_443,57/7,,,Main Road,Near School,Ward 22,Municipality,Alappuzha,689839,3,8,Plastic packet,4-7,Never,Every month,No
1957,user444@gmail.com,2-3,Small house,Resident_444,89/15,,,Main Road,Near School,Ward 17,Municipality,Wayanad,680281,1,10,Plastic packet,1-3,Never,Every month,No
1958,user445@gmail.com,4-5,Small house,Resident_445,130/16,,,Main Road,Near School,Ward 23,Municipality,Thrissur,677513,4,7,Plastic bottle,1-3,Never,Every month,Yes
1959,user446@gmail.com,2-3,Apartment,Resident_446,125/15,,,Main Road,Near School,Ward 13,Municipality,Kottayam,670828,1,17,Plastic packet,None,Sometimes,Never,Yes
1960,user447@gmail.com,4-5,Large house,Resident_447,423/11,,,Main Road,Near School,Ward 19,Municipality,Idukki,687057,4,11,Plastic packet,7+,Always,Rarely,No
1961,user448@gmail.com,6+,Large house,Resident_448,373/6,,,Main Road,Near School,Ward 2,Municipality,Kozhikode,684311,3,20,Plastic packet,None,Sometimes,Never,No
1962,user449@gmail.com,2-3,Small house,Resident_449,112/12,,,Main Road,Near School,Ward 3,Municipality,Wayanad,682497,3,2,Loose / refill,4-7,Sometimes,Every 2-3 months,No
1963,user450@gmail.com,4-5,Large house,Resident_450,20/17,,,Main Road,Near School,Ward 6,Municipality,Wayanad,680173,2,14,Plastic bottle,1-3,Always,Every 2-3 months,Yes
1964,user451@gmail.com,4-5,Apartment,Resident_451,472/8,,,Main Road,Near School,Ward 12,Municipality,Palakkad,674205,2,8,Loose / refill,7+,Never,Never,No
1965,user452@gmail.com,2-3,Large house,Resident_452,400/6,,,Main Road,Near School,Ward 24,Municipality,Kasaragod,683700,2,4,Plastic packet,None,Never,Every month,No
1966,user453@gmail.com,2-3,Apartment,Resident_453,430/11,,,Main Road,Near School,Ward 14,Municipality,Kasaragod,680231,1,17,Loose / refill,4-7,Never,Rarely,No
1967,user454@gmail.com,2-3,Large house,Resident_454,342/16,,,Main Road,Near School,Ward 4,Municipality,Kottayam,677995,2,3,Plastic bottle,None,Sometimes,Rarely,No
1968,user455@gmail.com,2-3,Small house,Resident_455,171/6,,,Main Road,Near School,Ward 23,Municipality,Alappuzha,684957,3,15,Plastic packet,1-3,Never,Rarely,No
1969,user456@gmail.com,4-5,Small house,Resident_456,429/15,,,Main Road,Near School,Ward 6,Municipality,Palakkad,684048,3,8,Plastic packet,1-3,Sometimes,Rarely,Yes
1970,user457@gmail.com,2-3,Large house,Resident_457,6/2,,,Main Road,Near School,Ward 24,Municipality,Kollam,676554,1,3,Plastic packet,None,Always,Rarely,No
1971,user458@gmail.com,4-5,Apartment,Resident_458,305/11,,,Main Road,Near School,Ward 14,Municipality,Malappuram,672504,2,20,Loose / refill,4-7,Never,Every month,Yes
1972,user459@gmail.com,2-3,Small house,Resident_459,167/13,,,Main Road,Near School,Ward 8,Municipality,Kozhikode,689938,1,16,Plastic bottle,7+,Never,Rarely,Yes
1973,user460@gmail.com,2-3,Small house,Resident_460,339/18,,,Main Road,Near School,Ward 6,Municipality,Idukki,675141,3,13,Loose / refill,4-7,Always,Every 2-3 months,Yes
1974,user461@gmail.com,4-5,Large house,Resident_461,478/5,,,Main Road,Near School,Ward 21,Municipality,Thiruvananthapuram,678847,2,5,Loose / refill,None,Always,Every 2-3 months,No
1975,user462@gmail.com,2-3,Large house,Resident_462,153/4,,,Main Road,Near School,Ward 10,Municipality,Palakkad,678907,1,13,Loose / refill,None,Sometimes,Rarely,No
1976,user463@gmail.com,6+,Small house,Resident_463,222/20,,,Main Road,Near School,Ward 15,Municipality,Idukki,688660,6,12,Plastic bottle,1-3,Never,Every 2-3 months,Yes
1977,user464@gmail.com,4-5,Large house,Resident_464,157/8,,,Main Road,Near School,Ward 3,Municipality,Wayanad,689685,4,20,Loose / refill,1-3,Always,Rarely,Yes
1978,user465@gmail.com,4-5,Small house,Resident_465,300/11,,,Main Road,Near School,Ward 2,Municipality,Kollam,680361,2,17,Plastic bottle,1-3,Never,Never,No
1979,user466@gmail.com,2-3,Small house,Resident_466,455/1,,,Main Road,Near School,Ward 21,Municipality,Thiruvananthapuram,685295,3,15,Plastic packet,1-3,Always,Every 2-3 months,Yes
1980,user467@gmail.com,2-3,Apartment,Resident_467,51/19,,,Main Road,Near School,Ward 22,Municipality,Kollam,674802,2,8,Plastic bottle,None,Always,Every month,No
1981,user468@gmail.com,2-3,Apartment,Resident_468,459/2,,,Main Road,Near School,Ward 20,Municipality,Thrissur,672309,1,17,Plastic packet,None,Never,Every 2-3 months,No
1982,user469@gmail.com,4-5,Apartment,Resident_469,285/4,,,Main Road,Near School,Ward 1,Municipality,Wayanad,677516,4,4,Plastic bottle,None,Never,Never,Yes
1983,user470@gmail.com,4-5,Small house,Resident_470,170/18,,,Main Road,Near School,Ward 8,Municipality,Palakkad,675442,3,10,Plastic bottle,None,Always,Every month,Yes
1984,user471@gmail.com,2-3,Apartment,Resident_471,273/9,,,Main Road,Near School,Ward 21,Municipality,Alappuzha,681971,1,17,Loose / refill,1-3,Sometimes,Every 2-3 months,No
1985,user472@gmail.com,2-3,Apartment,Resident_472,125/18,,,Main Road,Near School,Ward 11,Municipality,Palakkad,683215,2,10,Loose / refill,None,Never,Rarely,Yes
1986,user473@gmail.com,4-5,Small house,Resident_473,248/7,,,Main Road,Near School,Ward 20,Municipality,Kollam,674258,3,20,Plastic bottle,1-3,Sometimes,Rarely,No
1987,user474@gmail.com,1,Large house,Resident_474,376/11,,,Main Road,Near School,Ward 9,Municipality,Thiruvananthapuram,671291,0,20,Loose / refill,1-3,Never,Rarely,No
1988,user475@gmail.com,4-5,Apartment,Resident_475,62/19,,,Main Road,Near School,Ward 14,Municipality,Pathanamthitta,680702,3,16,Loose / refill,4-7,Always,Every month,No
1989,user476@gmail.com,1,Small house,Resident_476,57/19,,,Main Road,Near School,Ward 5,Municipality,Kannur,687770,1,20,Plastic packet,1-3,Never,Every month,Yes
1990,user477@gmail.com,1,Apartment,Resident_477,437/10,,,Main Road,Near School,Ward 21,Municipality,Wayanad,684508,0,16,Plastic bottle,None,Always,Every 2-3 months,No
1991,user478@gmail.com,1,Apartment,Resident_478,96/17,,,Main Road,Near School,Ward 18,Municipality,Pathanamthitta,678352,0,20,Plastic packet,None,Always,Rarely,No
1992,user479@gmail.com,2-3,Apartment,Resident_479,225/7,,,Main Road,Near School,Ward 2,Municipality,Thrissur,688794,2,9,Plastic packet,7+,Never,Never,No
1993,user480@gmail.com,4-5,Apartment,Resident_480,454/11,,,Main Road,Near School,Ward 16,Municipality,Kottayam,687421,3,11,Loose / refill,7+,Never,Every month,No
1994,user481@gmail.com,2-3,Apartment,Resident_481,498/19,,,Main Road,Near School,Ward 16,Municipality,Ernakulam,681076,1,7,Loose / refill,1-3,Always,Never,No
1995,user482@gmail.com,2-3,Large house,Resident_482,239/2,,,Main Road,Near School,Ward 17,Municipality,Pathanamthitta,689684,2,17,Plastic bottle,4-7,Always,Never,Yes
1996,user483@gmail.com,6+,Large house,Resident_483,333/12,,,Main Road,Near School,Ward 2,Municipality,Thiruvananthapuram,674040,6,5,Plastic bottle,None,Never,Rarely,Yes
1997,user484@gmail.com,4-5,Apartment,Resident_484,111/5,,,Main Road,Near School,Ward 1,Municipality,Kozhikode,684408,2,15,Loose / refill,1-3,Never,Every 2-3 months,Yes
1998,user485@gmail.com,2-3,Large house,Resident_485,383/2,,,Main Road,Near School,Ward 1,Municipality,Kottayam,685731,1,7,Plastic bottle,4-7,Always,Every 2-3 months,No
1999,user486@gmail.com,2-3,Small house,Resident_486,443/10,,,Main Road,Near School,Ward 14,Municipality,Palakkad,679421,2,18,Loose / refill,4-7,Sometimes,Every 2-3 months,No
2000,user487@gmail.com,2-3,Large house,Resident_487,394/4,,,Main Road,Near School,Ward 22,Municipality,Ernakulam,677694,2,6,Plastic packet,1-3,Always,Never,No
2001,user488@gmail.com,2-3,Small house,Resident_488,1/17,,,Main Road,Near School,Ward 2,Municipality,Ernakulam,672845,3,18,Loose / refill,None,Always,Every month,No
2002,user489@gmail.com,2-3,Large house,Resident_489,57/14,,,Main Road,Near School,Ward 15,Municipality,Thrissur,683054,2,14,Loose / refill,7+,Always,Every 2-3 months,Yes
2003,user490@gmail.com,4-5,Small house,Resident_490,65/8,,,Main Road,Near School,Ward 20,Municipality,Thrissur,688144,4,12,Plastic bottle,7+,Sometimes,Every 2-3 months,No
2004,user491@gmail.com,4-5,Small house,Resident_491,251/20,,,Main Road,Near School,Ward 15,Municipality,Idukki,677139,3,15,Plastic bottle,7+,Sometimes,Rarely,Yes
2005,user492@gmail.com,1,Large house,Resident_492,129/11,,,Main Road,Near School,Ward 15,Municipality,Kannur,681488,1,2,Loose / refill,None,Always,Never,Yes
2006,user493@gmail.com,6+,Large house,Resident_493,122/3,,,Main Road,Near School,Ward 22,Municipality,Wayanad,677537,4,12,Plastic bottle,4-7,Never,Every month,Yes
2007,user494@gmail.com,2-3,Apartment,Resident_494,35/14,,,Main Road,Near School,Ward 2,Municipality,Ernakulam,682397,2,10,Loose / refill,7+,Never,Every 2-3 months,Yes
2008,user495@gmail.com,2-3,Large house,Resident_495,224/12,,,Main Road,Near School,Ward 9,Municipality,Kannur,676045,1,6,Plastic bottle,4-7,Sometimes,Never,No
2009,user496@gmail.com,4-5,Apartment,Resident_496,12/16,,,Main Road,Near School,Ward 9,Municipality,Malappuram,684628,4,3,Plastic packet,None,Sometimes,Every month,Yes
2010,user497@gmail.com,1,Apartment,Resident_497,243/11,,,Main Road,Near School,Ward 7,Municipality,Kottayam,674203,1,19,Plastic bottle,1-3,Never,Every month,No
2011,user498@gmail.com,6+,Large house,Resident_498,431/5,,,Main Road,Near School,Ward 19,Municipality,Kozhikode,684534,5,6,Plastic packet,1-3,Never,Never,No
2012,user499@gmail.com,4-5,Apartment,Resident_499,356/3,,,Main Road,Near School,Ward 11,Municipality,Kollam,676987,3,7,Loose / refill,1-3,Never,Every 2-3 months,Yes
2013,user500@gmail.com,2-3,Large house,Resident_500,305/1,,,Main Road,Near School,Ward 8,Municipality,Kottayam,681277,1,11,Plastic bottle,1-3,Always,Every 2-3 months,No
2014,user1@gmail.com,2-3,Small house,Resident_1,38/15,,,Main Road,Near School,Ward 24,Municipality,Kasaragod,687750,3,18,Plastic bottle,None,Always,Rarely,No
2015,user2@gmail.com,4-5,Large house,Resident_2,343/6,,,Main Road,Near School,Ward 12,Municipality,Kannur,687456,4,8,Loose / refill,7+,Always,Every 2-3 months,Yes
2016,user3@gmail.com,4-5,Apartment,Resident_3,240/9,,,Main Road,Near School,Ward 6,Municipality,Kottayam,672887,4,3,Plastic packet,4-7,Sometimes,Rarely,Yes
2017,user4@gmail.com,1,Small house,Resident_4,27/5,,,Main Road,Near School,Ward 24,Municipality,Palakkad,672268,1,20,Plastic bottle,1-3,Sometimes,Every month,No
2018,user5@gmail.com,1,Large house,Resident_5,24/19,,,Main Road,Near School,Ward 5,Municipality,Wayanad,672145,1,5,Plastic bottle,1-3,Never,Every month,Yes
2019,user6@gmail.com,2-3,Large house,Resident_6,399/1,,,Main Road,Near School,Ward 8,Municipality,Pathanamthitta,674854,1,19,Plastic bottle,4-7,Always,Every 2-3 months,Yes
2020,user7@gmail.com,6+,Small house,Resident_7,66/1,,,Main Road,Near School,Ward 9,Municipality,Ernakulam,679766,3,2,Plastic packet,None,Always,Every month,Yes
2021,user8@gmail.com,2-3,Apartment,Resident_8,319/16,,,Main Road,Near School,Ward 6,Municipality,Pathanamthitta,677934,3,8,Loose / refill,None,Always,Never,Yes
2022,user9@gmail.com,4-5,Apartment,Resident_9,19/16,,,Main Road,Near School,Ward 8,Municipality,Palakkad,674784,2,9,Plastic packet,7+,Always,Every 2-3 months,Yes
2023,user10@gmail.com,4-5,Small house,Resident_10,131/16,,,Main Road,Near School,Ward 10,Municipality,Pathanamthitta,671550,3,16,Loose / refill,7+,Never,Rarely,Yes
2024,user11@gmail.com,4-5,Apartment,Resident_11,230/12,,,Main Road,Near School,Ward 17,Municipality,Kollam,672700,2,19,Plastic bottle,7+,Sometimes,Every 2-3 months,Yes
2025,user12@gmail.com,6+,Small house,Resident_12,142/19,,,Main Road,Near School,Ward 9,Municipality,Kozhikode,674374,4,19,Plastic packet,1-3,Sometimes,Rarely,No
2026,user13@gmail.com,2-3,Apartment,Resident_13,421/10,,,Main Road,Near School,Ward 7,Municipality,Palakkad,676063,1,10,Plastic packet,4-7,Always,Never,Yes
2027,user14@gmail.com,4-5,Large house,Resident_14,265/11,,,Main Road,Near School,Ward 23,Municipality,Thiruvananthapuram,688576,2,14,Loose / refill,None,Sometimes,Never,No
2028,user15@gmail.com,2-3,Apartment,Resident_15,190/1,,,Main Road,Near School,Ward 24,Municipality,Kannur,686478,3,20,Loose / refill,None,Never,Every month,Yes
2029,user16@gmail.com,2-3,Apartment,Resident_16,160/14,,,Main Road,Near School,Ward 9,Municipality,Kannur,678225,1,5,Loose / refill,7+,Sometimes,Every 2-3 months,Yes
2030,user17@gmail.com,6+,Apartment,Resident_17,427/17,,,Main Road,Near School,Ward 14,Municipality,Thiruvananthapuram,681338,3,7,Plastic packet,1-3,Sometimes,Rarely,Yes
2031,user18@gmail.com,6+,Large house,Resident_18,463/19,,,Main Road,Near School,Ward 15,Municipality,Kasaragod,683506,3,8,Loose / refill,4-7,Sometimes,Rarely,Yes
2032,user19@gmail.com,6+,Large house,Resident_19,118/9,,,Main Road,Near School,Ward 16,Municipality,Kasaragod,689399,4,18,Plastic packet,None,Always,Every month,Yes
2033,user20@gmail.com,6+,Apartment,Resident_20,13/3,,,Main Road,Near School,Ward 4,Municipality,Idukki,673629,6,10,Loose / refill,1-3,Always,Never,No
2034,user21@gmail.com,4-5,Large house,Resident_21,295/16,,,Main Road,Near School,Ward 13,Municipality,Ernakulam,684207,2,5,Plastic packet,4-7,Sometimes,Every 2-3 months,Yes
2035,user22@gmail.com,4-5,Large house,Resident_22,282/13,,,Main Road,Near School,Ward 11,Municipality,Ernakulam,683636,4,20,Plastic bottle,4-7,Never,Never,No
2036,user23@gmail.com,4-5,Large house,Resident_23,395/3,,,Main Road,Near School,Ward 9,Municipality,Pathanamthitta,673533,4,13,Plastic bottle,None,Sometimes,Rarely,Yes
2037,user24@gmail.com,2-3,Apartment,Resident_24,288/20,,,Main Road,Near School,Ward 11,Municipality,Thrissur,671057,2,16,Plastic packet,4-7,Never,Never,No
2038,user25@gmail.com,2-3,Large house,Resident_25,112/4,,,Main Road,Near School,Ward 8,Municipality,Pathanamthitta,680686,1,10,Plastic packet,7+,Never,Every month,No
2039,user26@gmail.com,2-3,Apartment,Resident_26,218/3,,,Main Road,Near School,Ward 9,Municipality,Thrissur,687491,3,10,Plastic packet,1-3,Sometimes,Rarely,Yes
2040,user27@gmail.com,2-3,Small house,Resident_27,225/15,,,Main Road,Near School,Ward 2,Municipality,Kannur,678558,3,9,Plastic bottle,4-7,Always,Rarely,Yes
2041,user28@gmail.com,4-5,Small house,Resident_28,250/4,,,Main Road,Near School,Ward 15,Municipality,Kasaragod,677415,3,15,Plastic bottle,None,Sometimes,Every month,No
2042,user29@gmail.com,2-3,Large house,Resident_29,205/7,,,Main Road,Near School,Ward 22,Municipality,Kannur,678550,2,11,Plastic packet,1-3,Sometimes,Every month,Yes
2043,user30@gmail.com,2-3,Small house,Resident_30,250/4,,,Main Road,Near School,Ward 5,Municipality,Palakkad,686460,2,16,Plastic packet,1-3,Sometimes,Every 2-3 months,Yes
2044,user31@gmail.com,6+,Large house,Resident_31,94/12,,,Main Road,Near School,Ward 11,Municipality,Alappuzha,671443,4,6,Plastic packet,1-3,Never,Every 2-3 months,Yes
2045,user32@gmail.com,4-5,Small house,Resident_32,125/4,,,Main Road,Near School,Ward 5,Municipality,Alappuzha,672588,4,10,Plastic bottle,4-7,Always,Every 2-3 months,Yes
2046,user33@gmail.com,6+,Large house,Resident_33,293/13,,,Main Road,Near School,Ward 18,Municipality,Palakkad,680048,5,13,Plastic packet,1-3,Always,Never,Yes
2047,user34@gmail.com,2-3,Large house,Resident_34,50/14,,,Main Road,Near School,Ward 11,Municipality,Pathanamthitta,682238,2,9,Plastic bottle,7+,Never,Never,Yes
2048,user35@gmail.com,2-3,Small house,Resident_35,449/11,,,Main Road,Near School,Ward 23,Municipality,Kollam,674023,1,9,Loose / refill,None,Sometimes,Rarely,Yes
2049,user36@gmail.com,2-3,Large house,Resident_36,317/13,,,Main Road,Near School,Ward 3,Municipality,Palakkad,685630,3,17,Plastic bottle,1-3,Always,Every month,No
2050,user37@gmail.com,2-3,Small house,Resident_37,354/8,,,Main Road,Near School,Ward 17,Municipality,Wayanad,678547,1,20,Loose / refill,1-3,Always,Rarely,Yes
2051,user38@gmail.com,4-5,Apartment,Resident_38,182/15,,,Main Road,Near School,Ward 9,Municipality,Thrissur,676328,4,4,Loose / refill,7+,Sometimes,Never,No
2052,user39@gmail.com,4-5,Small house,Resident_39,179/20,,,Main Road,Near School,Ward 6,Municipality,Kottayam,685128,2,5,Loose / refill,7+,Sometimes,Every month,Yes
2053,user40@gmail.com,4-5,Large house,Resident_40,43/2,,,Main Road,Near School,Ward 23,Municipality,Ernakulam,679961,2,14,Plastic packet,None,Never,Rarely,Yes
2054,user41@gmail.com,2-3,Large house,Resident_41,475/20,,,Main Road,Near School,Ward 15,Municipality,Alappuzha,673992,1,16,Plastic bottle,None,Never,Every month,No
2055,user42@gmail.com,2-3,Small house,Resident_42,168/17,,,Main Road,Near School,Ward 25,Municipality,Thiruvananthapuram,685890,1,20,Plastic bottle,4-7,Sometimes,Every month,No
2056,user43@gmail.com,2-3,Small house,Resident_43,277/12,,,Main Road,Near School,Ward 13,Municipality,Kottayam,676869,2,3,Loose / refill,1-3,Never,Rarely,Yes
2057,user44@gmail.com,6+,Large house,Resident_44,271/19,,,Main Road,Near School,Ward 23,Municipality,Malappuram,680615,3,18,Plastic bottle,None,Sometimes,Every 2-3 months,Yes
2058,user45@gmail.com,2-3,Small house,Resident_45,11/6,,,Main Road,Near School,Ward 4,Municipality,Kollam,687879,1,9,Plastic packet,1-3,Sometimes,Never,Yes
2059,user46@gmail.com,4-5,Apartment,Resident_46,75/12,,,Main Road,Near School,Ward 8,Municipality,Pathanamthitta,677497,4,4,Plastic bottle,7+,Never,Rarely,No
2060,user47@gmail.com,1,Large house,Resident_47,156/1,,,Main Road,Near School,Ward 16,Municipality,Alappuzha,680829,1,14,Loose / refill,1-3,Never,Never,Yes
2061,user48@gmail.com,1,Apartment,Resident_48,32/3,,,Main Road,Near School,Ward 14,Municipality,Malappuram,683010,0,8,Plastic bottle,7+,Sometimes,Never,Yes
2062,user49@gmail.com,2-3,Small house,Resident_49,242/5,,,Main Road,Near School,Ward 1,Municipality,Alappuzha,673290,1,8,Plastic bottle,None,Sometimes,Every month,Yes
2063,user50@gmail.com,2-3,Apartment,Resident_50,144/11,,,Main Road,Near School,Ward 20,Municipality,Thiruvananthapuram,686082,2,19,Plastic packet,None,Never,Every month,Yes
2064,user51@gmail.com,2-3,Large house,Resident_51,290/19,,,Main Road,Near School,Ward 17,Municipality,Kasaragod,679518,2,18,Plastic bottle,1-3,Never,Rarely,Yes
2065,user52@gmail.com,2-3,Small house,Resident_52,230/3,,,Main Road,Near School,Ward 16,Municipality,Kasaragod,670192,2,2,Loose / refill,None,Sometimes,Rarely,Yes
2066,user53@gmail.com,4-5,Apartment,Resident_53,169/15,,,Main Road,Near School,Ward 12,Municipality,Palakkad,685490,4,14,Plastic packet,4-7,Sometimes,Never,No
2067,user54@gmail.com,6+,Small house,Resident_54,344/18,,,Main Road,Near School,Ward 8,Municipality,Kozhikode,684658,3,7,Loose / refill,4-7,Always,Every 2-3 months,Yes
2068,user55@gmail.com,2-3,Small house,Resident_55,341/4,,,Main Road,Near School,Ward 11,Municipality,Palakkad,682993,2,2,Plastic bottle,1-3,Always,Every 2-3 months,Yes
2069,user56@gmail.com,2-3,Apartment,Resident_56,477/19,,,Main Road,Near School,Ward 6,Municipality,Ernakulam,671751,2,14,Loose / refill,1-3,Always,Never,No
2070,user57@gmail.com,2-3,Small house,Resident_57,132/5,,,Main Road,Near School,Ward 4,Municipality,Kozhikode,685983,1,10,Plastic packet,4-7,Always,Never,No
2071,user58@gmail.com,4-5,Small house,Resident_58,276/14,,,Main Road,Near School,Ward 12,Municipality,Ernakulam,673623,4,12,Plastic packet,None,Never,Rarely,No
2072,user59@gmail.com,2-3,Small house,Resident_59,290/10,,,Main Road,Near School,Ward 23,Municipality,Alappuzha,673768,1,5,Plastic bottle,1-3,Never,Every month,No
2073,user60@gmail.com,1,Small house,Resident_60,355/14,,,Main Road,Near School,Ward 21,Municipality,Pathanamthitta,678358,0,5,Loose / refill,None,Never,Never,No
2074,user61@gmail.com,6+,Apartment,Resident_61,333/3,,,Main Road,Near School,Ward 22,Municipality,Palakkad,670355,5,16,Plastic bottle,7+,Never,Every 2-3 months,No
2075,user62@gmail.com,6+,Large house,Resident_62,338/1,,,Main Road,Near School,Ward 11,Municipality,Alappuzha,673527,4,6,Plastic bottle,7+,Always,Never,Yes
2076,user63@gmail.com,2-3,Small house,Resident_63,254/4,,,Main Road,Near School,Ward 6,Municipality,Malappuram,675660,2,16,Plastic packet,7+,Sometimes,Rarely,No
2077,user64@gmail.com,4-5,Small house,Resident_64,330/20,,,Main Road,Near School,Ward 2,Municipality,Wayanad,688094,4,7,Plastic bottle,1-3,Always,Rarely,Yes
2078,user65@gmail.com,6+,Small house,Resident_65,133/14,,,Main Road,Near School,Ward 8,Municipality,Idukki,676407,5,20,Loose / refill,None,Sometimes,Every 2-3 months,Yes
2079,user66@gmail.com,2-3,Apartment,Resident_66,35/13,,,Main Road,Near School,Ward 21,Municipality,Kottayam,673788,3,3,Plastic packet,4-7,Sometimes,Never,No
2080,user67@gmail.com,2-3,Large house,Resident_67,403/3,,,Main Road,Near School,Ward 8,Municipality,Kannur,675364,1,11,Plastic packet,4-7,Sometimes,Never,Yes
2081,user68@gmail.com,4-5,Large house,Resident_68,146/7,,,Main Road,Near School,Ward 19,Municipality,Kollam,686818,3,13,Plastic bottle,7+,Sometimes,Every 2-3 months,Yes
2082,user69@gmail.com,4-5,Apartment,Resident_69,138/4,,,Main Road,Near School,Ward 13,Municipality,Thiruvananthapuram,671854,2,7,Plastic packet,7+,Never,Every 2-3 months,Yes
2083,user70@gmail.com,4-5,Small house,Resident_70,188/4,,,Main Road,Near School,Ward 12,Municipality,Thrissur,684105,3,11,Plastic packet,None,Always,Every month,No
2084,user71@gmail.com,2-3,Large house,Resident_71,108/15,,,Main Road,Near School,Ward 22,Municipality,Kottayam,678759,1,3,Plastic bottle,None,Always,Never,Yes
2085,user72@gmail.com,6+,Apartment,Resident_72,478/18,,,Main Road,Near School,Ward 12,Municipality,Thrissur,687948,4,19,Plastic bottle,4-7,Sometimes,Never,No
2086,user73@gmail.com,4-5,Small house,Resident_73,244/12,,,Main Road,Near School,Ward 4,Municipality,Wayanad,684885,3,20,Plastic bottle,1-3,Sometimes,Every 2-3 months,No
2087,user74@gmail.com,2-3,Small house,Resident_74,37/6,,,Main Road,Near School,Ward 6,Municipality,Kasaragod,671620,3,6,Loose / refill,4-7,Sometimes,Never,No
2088,user75@gmail.com,2-3,Small house,Resident_75,325/18,,,Main Road,Near School,Ward 18,Municipality,Wayanad,676094,3,12,Loose / refill,1-3,Always,Every 2-3 months,No
2089,user76@gmail.com,4-5,Small house,Resident_76,122/12,,,Main Road,Near School,Ward 20,Municipality,Kollam,681122,2,17,Loose / refill,4-7,Sometimes,Every 2-3 months,Yes
2090,user77@gmail.com,2-3,Apartment,Resident_77,165/20,,,Main Road,Near School,Ward 18,Municipality,Kasaragod,684898,3,13,Loose / refill,None,Sometimes,Every 2-3 months,No
2091,user78@gmail.com,2-3,Apartment,Resident_78,31/18,,,Main Road,Near School,Ward 12,Municipality,Kollam,673630,3,8,Plastic bottle,4-7,Always,Rarely,No
2092,user79@gmail.com,6+,Small house,Resident_79,180/6,,,Main Road,Near School,Ward 15,Municipality,Kozhikode,670896,6,18,Plastic bottle,7+,Sometimes,Rarely,Yes
2093,user80@gmail.com,1,Apartment,Resident_80,177/18,,,Main Road,Near School,Ward 20,Municipality,Thiruvananthapuram,685186,0,20,Plastic packet,7+,Always,Every 2-3 months,No
2094,user81@gmail.com,1,Large house,Resident_81,116/1,,,Main Road,Near School,Ward 17,Municipality,Kottayam,677093,0,19,Plastic packet,7+,Sometimes,Never,No
2095,user82@gmail.com,2-3,Small house,Resident_82,214/5,,,Main Road,Near School,Ward 7,Municipality,Kollam,689433,2,12,Plastic packet,4-7,Sometimes,Every 2-3 months,Yes
2096,user83@gmail.com,1,Large house,Resident_83,55/15,,,Main Road,Near School,Ward 14,Municipality,Kollam,672177,1,20,Plastic bottle,None,Always,Every 2-3 months,Yes
2097,user84@gmail.com,6+,Small house,Resident_84,463/4,,,Main Road,Near School,Ward 3,Municipality,Kozhikode,689039,4,8,Plastic packet,7+,Sometimes,Never,Yes
2098,user85@gmail.com,4-5,Large house,Resident_85,324/11,,,Main Road,Near School,Ward 13,Municipality,Pathanamthitta,678223,2,15,Loose / refill,1-3,Always,Rarely,No
2099,user86@gmail.com,4-5,Apartment,Resident_86,190/16,,,Main Road,Near School,Ward 12,Municipality,Kollam,684366,2,17,Plastic packet,4-7,Never,Every 2-3 months,Yes
2100,user87@gmail.com,2-3,Apartment,Resident_87,162/19,,,Main Road,Near School,Ward 19,Municipality,Malappuram,684417,3,13,Loose / refill,1-3,Sometimes,Never,Yes
2101,user88@gmail.com,4-5,Large house,Resident_88,6/19,,,Main Road,Near School,Ward 15,Municipality,Thiruvananthapuram,688737,3,2,Plastic bottle,1-3,Never,Never,No
2102,user89@gmail.com,6+,Small house,Resident_89,293/17,,,Main Road,Near School,Ward 20,Municipality,Palakkad,680918,4,7,Loose / refill,None,Never,Every month,Yes
2103,user90@gmail.com,2-3,Small house,Resident_90,40/1,,,Main Road,Near School,Ward 13,Municipality,Kollam,682003,3,2,Plastic bottle,1-3,Sometimes,Every month,Yes
2104,user91@gmail.com,4-5,Large house,Resident_91,262/10,,,Main Road,Near School,Ward 12,Municipality,Ernakulam,681001,2,4,Plastic packet,1-3,Sometimes,Every 2-3 months,No
2105,user92@gmail.com,2-3,Large house,Resident_92,21/8,,,Main Road,Near School,Ward 21,Municipality,Kasaragod,683787,1,15,Plastic bottle,1-3,Never,Every 2-3 months,No
2106,user93@gmail.com,2-3,Small house,Resident_93,202/2,,,Main Road,Near School,Ward 2,Municipality,Kollam,686816,2,18,Plastic bottle,4-7,Always,Every 2-3 months,Yes
2107,user94@gmail.com,4-5,Apartment,Resident_94,492/18,,,Main Road,Near School,Ward 8,Municipality,Ernakulam,675441,2,20,Plastic packet,None,Sometimes,Never,Yes
2108,user95@gmail.com,4-5,Apartment,Resident_95,357/2,,,Main Road,Near School,Ward 21,Municipality,Palakkad,682680,2,7,Loose / refill,7+,Never,Rarely,Yes
2109,user96@gmail.com,2-3,Large house,Resident_96,302/18,,,Main Road,Near School,Ward 24,Municipality,Pathanamthitta,677227,2,10,Loose / refill,None,Always,Rarely,Yes
2110,user97@gmail.com,4-5,Large house,Resident_97,480/16,,,Main Road,Near School,Ward 7,Municipality,Palakkad,673361,2,8,Plastic packet,4-7,Never,Rarely,Yes
2111,user98@gmail.com,4-5,Large house,Resident_98,365/9,,,Main Road,Near School,Ward 2,Municipality,Idukki,676800,3,5,Plastic bottle,7+,Always,Never,No
2112,user99@gmail.com,4-5,Small house,Resident_99,496/9,,,Main Road,Near School,Ward 18,Municipality,Malappuram,680942,4,3,Plastic bottle,4-7,Never,Every 2-3 months,Yes
2113,user100@gmail.com,4-5,Apartment,Resident_100,408/13,,,Main Road,Near School,Ward 22,Municipality,Wayanad,681300,2,15,Loose / refill,None,Sometimes,Every 2-3 months,Yes
2114,user101@gmail.com,4-5,Small house,Resident_101,23/16,,,Main Road,Near School,Ward 8,Municipality,Alappuzha,687714,4,13,Loose / refill,1-3,Always,Every 2-3 months,No
2115,user102@gmail.com,2-3,Apartment,Resident_102,245/20,,,Main Road,Near School,Ward 19,Municipality,Idukki,685132,3,12,Plastic packet,7+,Always,Every 2-3 months,No
2116,user103@gmail.com,2-3,Small house,Resident_103,96/17,,,Main Road,Near School,Ward 12,Municipality,Pathanamthitta,683547,3,19,Plastic bottle,4-7,Always,Rarely,No
2117,user104@gmail.com,2-3,Small house,Resident_104,168/13,,,Main Road,Near School,Ward 14,Municipality,Ernakulam,686596,1,12,Plastic bottle,None,Never,Never,Yes
2118,user105@gmail.com,6+,Large house,Resident_105,395/14,,,Main Road,Near School,Ward 9,Municipality,Pathanamthitta,672702,3,14,Plastic packet,1-3,Never,Every month,Yes
2119,user106@gmail.com,4-5,Apartment,Resident_106,461/13,,,Main Road,Near School,Ward 4,Municipality,Wayanad,689464,2,17,Plastic packet,4-7,Never,Every 2-3 months,No
2120,user107@gmail.com,4-5,Small house,Resident_107,227/14,,,Main Road,Near School,Ward 17,Municipality,Malappuram,680853,2,18,Plastic packet,7+,Sometimes,Every 2-3 months,Yes
2121,user108@gmail.com,4-5,Large house,Resident_108,288/1,,,Main Road,Near School,Ward 8,Municipality,Ernakulam,685179,4,11,Loose / refill,1-3,Never,Every 2-3 months,Yes
2122,user109@gmail.com,4-5,Large house,Resident_109,337/17,,,Main Road,Near School,Ward 4,Municipality,Thiruvananthapuram,678741,4,9,Plastic packet,7+,Never,Every 2-3 months,Yes
2123,user110@gmail.com,2-3,Small house,Resident_110,101/18,,,Main Road,Near School,Ward 19,Municipality,Thrissur,676917,1,3,Plastic packet,7+,Never,Never,Yes
2124,user111@gmail.com,2-3,Small house,Resident_111,415/7,,,Main Road,Near School,Ward 16,Municipality,Kozhikode,673747,2,11,Plastic packet,1-3,Sometimes,Never,No
2125,user112@gmail.com,2-3,Small house,Resident_112,363/18,,,Main Road,Near School,Ward 18,Municipality,Thrissur,688254,2,12,Plastic bottle,4-7,Sometimes,Rarely,No
2126,user113@gmail.com,4-5,Apartment,Resident_113,89/20,,,Main Road,Near School,Ward 23,Municipality,Kollam,685620,3,19,Plastic packet,4-7,Never,Rarely,Yes
2127,user114@gmail.com,4-5,Large house,Resident_114,340/4,,,Main Road,Near School,Ward 7,Municipality,Malappuram,680540,3,8,Plastic packet,None,Sometimes,Every 2-3 months,No
2128,user115@gmail.com,6+,Apartment,Resident_115,428/18,,,Main Road,Near School,Ward 23,Municipality,Ernakulam,687029,3,20,Plastic packet,4-7,Never,Rarely,No
2129,user116@gmail.com,4-5,Small house,Resident_116,268/19,,,Main Road,Near School,Ward 17,Municipality,Malappuram,676609,3,10,Plastic bottle,None,Never,Rarely,Yes
2130,user117@gmail.com,6+,Large house,Resident_117,271/13,,,Main Road,Near School,Ward 11,Municipality,Kottayam,685986,6,19,Plastic packet,None,Never,Rarely,No
2131,user118@gmail.com,6+,Small house,Resident_118,266/14,,,Main Road,Near School,Ward 16,Municipality,Wayanad,672129,6,17,Plastic packet,None,Always,Every month,Yes
2132,user119@gmail.com,6+,Small house,Resident_119,472/20,,,Main Road,Near School,Ward 9,Municipality,Idukki,688478,5,11,Plastic packet,4-7,Sometimes,Every 2-3 months,No
2133,user120@gmail.com,4-5,Apartment,Resident_120,91/7,,,Main Road,Near School,Ward 24,Municipality,Thiruvananthapuram,688977,2,18,Plastic bottle,1-3,Sometimes,Every month,Yes
2134,user121@gmail.com,2-3,Large house,Resident_121,30/16,,,Main Road,Near School,Ward 24,Municipality,Kollam,675986,3,18,Plastic bottle,7+,Sometimes,Never,Yes
2135,user122@gmail.com,4-5,Apartment,Resident_122,95/6,,,Main Road,Near School,Ward 20,Municipality,Kottayam,680703,2,15,Loose / refill,4-7,Always,Every month,Yes
2136,user123@gmail.com,1,Large house,Resident_123,154/7,,,Main Road,Near School,Ward 9,Municipality,Kozhikode,674151,0,12,Loose / refill,1-3,Never,Every month,No
2137,user124@gmail.com,4-5,Apartment,Resident_124,156/17,,,Main Road,Near School,Ward 25,Municipality,Thrissur,678317,4,20,Plastic bottle,None,Always,Rarely,Yes
2138,user125@gmail.com,2-3,Apartment,Resident_125,112/5,,,Main Road,Near School,Ward 1,Municipality,Wayanad,680240,2,18,Plastic packet,4-7,Sometimes,Never,Yes
2139,user126@gmail.com,4-5,Small house,Resident_126,246/5,,,Main Road,Near School,Ward 9,Municipality,Malappuram,688054,4,7,Plastic bottle,4-7,Never,Never,No
2140,user127@gmail.com,4-5,Large house,Resident_127,268/20,,,Main Road,Near School,Ward 19,Municipality,Kasaragod,672210,2,16,Plastic bottle,1-3,Always,Never,No
2141,user128@gmail.com,2-3,Large house,Resident_128,72/19,,,Main Road,Near School,Ward 1,Municipality,Kollam,683192,2,11,Plastic packet,None,Sometimes,Every 2-3 months,Yes
2142,user129@gmail.com,1,Small house,Resident_129,186/12,,,Main Road,Near School,Ward 2,Municipality,Alappuzha,687443,0,7,Loose / refill,4-7,Always,Every month,Yes
2143,user130@gmail.com,2-3,Large house,Resident_130,9/19,,,Main Road,Near School,Ward 16,Municipality,Ernakulam,677931,2,14,Plastic packet,7+,Never,Every 2-3 months,Yes
2144,user131@gmail.com,2-3,Small house,Resident_131,170/10,,,Main Road,Near School,Ward 8,Municipality,Kollam,689709,1,14,Plastic bottle,None,Always,Every month,No
2145,user132@gmail.com,2-3,Large house,Resident_132,65/14,,,Main Road,Near School,Ward 7,Municipality,Idukki,681822,2,4,Plastic bottle,None,Never,Rarely,No
2146,user133@gmail.com,2-3,Small house,Resident_133,97/14,,,Main Road,Near School,Ward 15,Municipality,Thiruvananthapuram,689939,3,2,Loose / refill,None,Never,Never,Yes
2147,user134@gmail.com,4-5,Apartment,Resident_134,423/1,,,Main Road,Near School,Ward 3,Municipality,Palakkad,688720,4,12,Loose / refill,7+,Always,Never,Yes
2148,user135@gmail.com,2-3,Small house,Resident_135,180/2,,,Main Road,Near School,Ward 6,Municipality,Ernakulam,671206,3,3,Plastic packet,7+,Never,Every month,No
2149,user136@gmail.com,4-5,Large house,Resident_136,74/19,,,Main Road,Near School,Ward 21,Municipality,Kasaragod,674168,4,11,Loose / refill,1-3,Never,Every month,No
2150,user137@gmail.com,6+,Small house,Resident_137,451/6,,,Main Road,Near School,Ward 18,Municipality,Idukki,672082,4,10,Loose / refill,7+,Never,Every month,Yes
2151,user138@gmail.com,6+,Apartment,Resident_138,93/8,,,Main Road,Near School,Ward 23,Municipality,Palakkad,671888,6,3,Plastic packet,1-3,Never,Every month,No
2152,user139@gmail.com,1,Large house,Resident_139,478/5,,,Main Road,Near School,Ward 15,Municipality,Idukki,688133,1,5,Loose / refill,4-7,Never,Every month,Yes
2153,user140@gmail.com,2-3,Apartment,Resident_140,141/17,,,Main Road,Near School,Ward 3,Municipality,Idukki,689371,2,8,Plastic bottle,None,Sometimes,Never,Yes
2154,user141@gmail.com,4-5,Small house,Resident_141,342/15,,,Main Road,Near School,Ward 17,Municipality,Pathanamthitta,681900,4,17,Plastic bottle,7+,Sometimes,Rarely,No
2155,user142@gmail.com,4-5,Large house,Resident_142,414/18,,,Main Road,Near School,Ward 25,Municipality,Thrissur,678527,4,11,Loose / refill,None,Always,Rarely,No
2156,user143@gmail.com,2-3,Apartment,Resident_143,239/6,,,Main Road,Near School,Ward 23,Municipality,Pathanamthitta,682168,2,11,Loose / refill,None,Sometimes,Every 2-3 months,No
2157,user144@gmail.com,2-3,Large house,Resident_144,69/5,,,Main Road,Near School,Ward 5,Municipality,Ernakulam,672062,2,18,Plastic bottle,1-3,Sometimes,Never,No
2158,user145@gmail.com,6+,Apartment,Resident_145,139/4,,,Main Road,Near School,Ward 9,Municipality,Kannur,677692,3,5,Plastic bottle,7+,Always,Every month,No
2159,user146@gmail.com,4-5,Large house,Resident_146,368/17,,,Main Road,Near School,Ward 10,Municipality,Kottayam,682545,4,8,Loose / refill,1-3,Always,Every month,No
2160,user147@gmail.com,2-3,Small house,Resident_147,218/15,,,Main Road,Near School,Ward 18,Municipality,Kasaragod,680017,1,3,Plastic packet,4-7,Never,Every 2-3 months,Yes
2161,user148@gmail.com,4-5,Large house,Resident_148,304/10,,,Main Road,Near School,Ward 12,Municipality,Kozhikode,674299,3,10,Plastic packet,None,Never,Rarely,No
2162,user149@gmail.com,2-3,Large house,Resident_149,392/18,,,Main Road,Near School,Ward 15,Municipality,Kasaragod,679380,2,16,Loose / refill,7+,Never,Every 2-3 months,Yes
2163,user150@gmail.com,4-5,Small house,Resident_150,137/16,,,Main Road,Near School,Ward 25,Municipality,Malappuram,671648,2,19,Loose / refill,4-7,Always,Rarely,No
2164,user151@gmail.com,2-3,Small house,Resident_151,225/8,,,Main Road,Near School,Ward 20,Municipality,Malappuram,678187,1,9,Plastic bottle,7+,Never,Every 2-3 months,No
2165,user152@gmail.com,2-3,Large house,Resident_152,102/11,,,Main Road,Near School,Ward 25,Municipality,Kollam,682743,3,5,Loose / refill,1-3,Always,Every 2-3 months,Yes
2166,user153@gmail.com,4-5,Small house,Resident_153,50/15,,,Main Road,Near School,Ward 21,Municipality,Thrissur,684368,2,18,Plastic bottle,7+,Always,Never,Yes
2167,user154@gmail.com,6+,Small house,Resident_154,150/16,,,Main Road,Near School,Ward 2,Municipality,Alappuzha,687320,6,20,Loose / refill,7+,Never,Rarely,No
2168,user155@gmail.com,4-5,Small house,Resident_155,352/15,,,Main Road,Near School,Ward 1,Municipality,Thiruvananthapuram,678268,2,17,Plastic bottle,None,Never,Every 2-3 months,Yes
2169,user156@gmail.com,6+,Apartment,Resident_156,268/1,,,Main Road,Near School,Ward 2,Municipality,Ernakulam,683809,3,20,Loose / refill,4-7,Never,Every month,No
2170,user157@gmail.com,4-5,Apartment,Resident_157,258/1,,,Main Road,Near School,Ward 15,Municipality,Kollam,689376,3,8,Plastic packet,7+,Sometimes,Every month,No
2171,user158@gmail.com,4-5,Large house,Resident_158,332/2,,,Main Road,Near School,Ward 23,Municipality,Kottayam,687091,2,7,Plastic bottle,1-3,Sometimes,Never,No
2172,user159@gmail.com,4-5,Apartment,Resident_159,258/11,,,Main Road,Near School,Ward 23,Municipality,Pathanamthitta,683268,4,4,Plastic bottle,4-7,Always,Every 2-3 months,No
2173,user160@gmail.com,2-3,Large house,Resident_160,208/15,,,Main Road,Near School,Ward 22,Municipality,Malappuram,672959,1,5,Plastic bottle,4-7,Never,Never,Yes
2174,user161@gmail.com,4-5,Large house,Resident_161,197/4,,,Main Road,Near School,Ward 2,Municipality,Ernakulam,684937,3,19,Loose / refill,1-3,Always,Never,Yes
2175,user162@gmail.com,4-5,Large house,Resident_162,388/4,,,Main Road,Near School,Ward 10,Municipality,Kannur,682213,3,6,Loose / refill,4-7,Sometimes,Rarely,Yes
2176,user163@gmail.com,2-3,Large house,Resident_163,420/6,,,Main Road,Near School,Ward 23,Municipality,Ernakulam,688822,3,5,Plastic bottle,7+,Sometimes,Never,No
2177,user164@gmail.com,4-5,Small house,Resident_164,274/9,,,Main Road,Near School,Ward 15,Municipality,Kannur,689769,3,4,Loose / refill,7+,Always,Rarely,Yes
2178,user165@gmail.com,6+,Small house,Resident_165,438/4,,,Main Road,Near School,Ward 16,Municipality,Alappuzha,673285,6,16,Plastic packet,1-3,Sometimes,Every month,Yes
2179,user166@gmail.com,1,Large house,Resident_166,430/18,,,Main Road,Near School,Ward 15,Municipality,Alappuzha,671311,0,2,Plastic bottle,7+,Never,Every month,Yes
2180,user167@gmail.com,6+,Large house,Resident_167,326/4,,,Main Road,Near School,Ward 4,Municipality,Alappuzha,682207,6,3,Loose / refill,4-7,Never,Every month,No
2181,user168@gmail.com,4-5,Large house,Resident_168,5/19,,,Main Road,Near School,Ward 6,Municipality,Ernakulam,672673,3,15,Loose / refill,1-3,Sometimes,Every month,No
2182,user169@gmail.com,2-3,Large house,Resident_169,236/6,,,Main Road,Near School,Ward 3,Municipality,Kottayam,685544,3,7,Plastic bottle,7+,Sometimes,Rarely,No
2183,user170@gmail.com,6+,Apartment,Resident_170,450/18,,,Main Road,Near School,Ward 7,Municipality,Wayanad,673824,4,9,Plastic packet,None,Never,Never,No
2184,user171@gmail.com,2-3,Large house,Resident_171,364/11,,,Main Road,Near School,Ward 10,Municipality,Thiruvananthapuram,670697,2,19,Loose / refill,7+,Always,Never,Yes
2185,user172@gmail.com,6+,Large house,Resident_172,381/13,,,Main Road,Near School,Ward 18,Municipality,Kasaragod,672208,5,12,Plastic bottle,4-7,Never,Never,No
2186,user173@gmail.com,2-3,Small house,Resident_173,431/11,,,Main Road,Near School,Ward 6,Municipality,Alappuzha,681689,1,20,Plastic packet,7+,Always,Every month,Yes
2187,user174@gmail.com,6+,Apartment,Resident_174,452/8,,,Main Road,Near School,Ward 2,Municipality,Kozhikode,676415,4,4,Loose / refill,7+,Always,Rarely,No
2188,user175@gmail.com,2-3,Small house,Resident_175,81/2,,,Main Road,Near School,Ward 22,Municipality,Alappuzha,674790,2,9,Loose / refill,4-7,Sometimes,Rarely,No
2189,user176@gmail.com,2-3,Apartment,Resident_176,388/18,,,Main Road,Near School,Ward 5,Municipality,Pathanamthitta,682683,1,16,Plastic packet,1-3,Always,Never,Yes
2190,user177@gmail.com,1,Small house,Resident_177,294/6,,,Main Road,Near School,Ward 22,Municipality,Kasaragod,672606,1,18,Loose / refill,4-7,Always,Never,No
2191,user178@gmail.com,4-5,Small house,Resident_178,115/1,,,Main Road,Near School,Ward 25,Municipality,Idukki,688886,3,13,Plastic packet,7+,Never,Every month,No
2192,user179@gmail.com,2-3,Large house,Resident_179,353/3,,,Main Road,Near School,Ward 18,Municipality,Kasaragod,676507,2,8,Plastic bottle,1-3,Always,Rarely,Yes
2193,user180@gmail.com,6+,Large house,Resident_180,178/1,,,Main Road,Near School,Ward 16,Municipality,Pathanamthitta,677843,3,18,Plastic packet,4-7,Never,Every month,Yes
2194,user181@gmail.com,2-3,Small house,Resident_181,366/1,,,Main Road,Near School,Ward 9,Municipality,Wayanad,672163,1,18,Loose / refill,None,Never,Rarely,Yes
2195,user182@gmail.com,2-3,Small house,Resident_182,197/2,,,Main Road,Near School,Ward 4,Municipality,Kozhikode,674504,2,3,Loose / refill,None,Sometimes,Rarely,Yes
2196,user183@gmail.com,1,Small house,Resident_183,382/15,,,Main Road,Near School,Ward 12,Municipality,Ernakulam,672582,0,13,Plastic bottle,None,Sometimes,Every 2-3 months,No
2197,user184@gmail.com,4-5,Small house,Resident_184,270/14,,,Main Road,Near School,Ward 21,Municipality,Malappuram,686317,2,5,Plastic bottle,4-7,Sometimes,Every month,Yes
2198,user185@gmail.com,4-5,Large house,Resident_185,385/8,,,Main Road,Near School,Ward 10,Municipality,Kasaragod,686716,2,3,Loose / refill,None,Always,Every month,No
2199,user186@gmail.com,4-5,Apartment,Resident_186,325/13,,,Main Road,Near School,Ward 18,Municipality,Palakkad,681271,3,20,Loose / refill,1-3,Always,Rarely,Yes
2200,user187@gmail.com,2-3,Large house,Resident_187,345/13,,,Main Road,Near School,Ward 22,Municipality,Malappuram,689550,3,16,Loose / refill,1-3,Sometimes,Every 2-3 months,No
2201,user188@gmail.com,4-5,Small house,Resident_188,10/4,,,Main Road,Near School,Ward 13,Municipality,Kasaragod,673306,4,11,Plastic bottle,7+,Always,Every 2-3 months,No
2202,user189@gmail.com,4-5,Apartment,Resident_189,111/12,,,Main Road,Near School,Ward 20,Municipality,Pathanamthitta,685351,2,7,Plastic packet,4-7,Never,Never,No
2203,user190@gmail.com,6+,Large house,Resident_190,115/15,,,Main Road,Near School,Ward 13,Municipality,Kasaragod,682843,3,17,Plastic bottle,4-7,Never,Never,No
2204,user191@gmail.com,4-5,Large house,Resident_191,77/5,,,Main Road,Near School,Ward 3,Municipality,Kottayam,684317,2,12,Plastic packet,4-7,Always,Every month,No
2205,user192@gmail.com,4-5,Large house,Resident_192,279/18,,,Main Road,Near School,Ward 13,Municipality,Thrissur,673915,3,5,Loose / refill,None,Always,Rarely,Yes
2206,user193@gmail.com,6+,Apartment,Resident_193,191/19,,,Main Road,Near School,Ward 6,Municipality,Malappuram,671872,3,18,Plastic packet,7+,Sometimes,Every 2-3 months,Yes
2207,user194@gmail.com,4-5,Small house,Resident_194,251/8,,,Main Road,Near School,Ward 23,Municipality,Thrissur,681106,2,12,Plastic bottle,4-7,Always,Rarely,No
2208,user195@gmail.com,4-5,Small house,Resident_195,190/19,,,Main Road,Near School,Ward 3,Municipality,Thrissur,679785,4,16,Loose / refill,1-3,Sometimes,Every month,Yes
2209,user196@gmail.com,4-5,Large house,Resident_196,29/9,,,Main Road,Near School,Ward 7,Municipality,Ernakulam,676813,4,2,Plastic packet,7+,Sometimes,Every 2-3 months,No
2210,user197@gmail.com,2-3,Large house,Resident_197,448/4,,,Main Road,Near School,Ward 4,Municipality,Wayanad,682458,1,2,Plastic packet,None,Always,Every month,No
2211,user198@gmail.com,1,Apartment,Resident_198,119/3,,,Main Road,Near School,Ward 9,Municipality,Malappuram,670267,1,10,Plastic packet,None,Sometimes,Every month,No
2212,user199@gmail.com,1,Large house,Resident_199,198/17,,,Main Road,Near School,Ward 9,Municipality,Kannur,682370,0,5,Plastic packet,7+,Sometimes,Rarely,No
2213,user200@gmail.com,6+,Small house,Resident_200,111/10,,,Main Road,Near School,Ward 12,Municipality,Kottayam,681604,6,11,Plastic bottle,7+,Never,Never,Yes
2214,user201@gmail.com,2-3,Small house,Resident_201,275/6,,,Main Road,Near School,Ward 2,Municipality,Thiruvananthapuram,670560,1,17,Loose / refill,4-7,Always,Never,No
2215,user202@gmail.com,2-3,Small house,Resident_202,189/20,,,Main Road,Near School,Ward 9,Municipality,Malappuram,681460,3,14,Plastic packet,4-7,Sometimes,Every month,No
2216,user203@gmail.com,2-3,Large house,Resident_203,53/4,,,Main Road,Near School,Ward 17,Municipality,Kollam,675239,2,9,Plastic packet,4-7,Never,Never,No
2217,user204@gmail.com,4-5,Large house,Resident_204,365/14,,,Main Road,Near School,Ward 9,Municipality,Kollam,689105,3,12,Plastic packet,1-3,Sometimes,Never,Yes
2218,user205@gmail.com,4-5,Large house,Resident_205,237/18,,,Main Road,Near School,Ward 16,Municipality,Kasaragod,687210,2,15,Plastic packet,1-3,Never,Never,Yes
2219,user206@gmail.com,6+,Apartment,Resident_206,315/19,,,Main Road,Near School,Ward 21,Municipality,Kannur,685034,3,5,Plastic packet,7+,Always,Every month,Yes
2220,user207@gmail.com,4-5,Small house,Resident_207,247/20,,,Main Road,Near School,Ward 2,Municipality,Kozhikode,688355,4,15,Loose / refill,None,Never,Rarely,Yes
2221,user208@gmail.com,4-5,Apartment,Resident_208,312/15,,,Main Road,Near School,Ward 16,Municipality,Kollam,675946,2,9,Plastic bottle,None,Always,Rarely,Yes
2222,user209@gmail.com,4-5,Large house,Resident_209,117/15,,,Main Road,Near School,Ward 21,Municipality,Kollam,673325,2,12,Plastic packet,None,Always,Every 2-3 months,Yes
2223,user210@gmail.com,4-5,Small house,Resident_210,126/12,,,Main Road,Near School,Ward 8,Municipality,Kasaragod,671791,2,16,Plastic packet,7+,Sometimes,Every 2-3 months,Yes
2224,user211@gmail.com,2-3,Small house,Resident_211,36/18,,,Main Road,Near School,Ward 7,Municipality,Palakkad,681787,3,16,Plastic bottle,7+,Sometimes,Every 2-3 months,Yes
2225,user212@gmail.com,2-3,Apartment,Resident_212,132/7,,,Main Road,Near School,Ward 4,Municipality,Ernakulam,672098,1,20,Plastic packet,7+,Never,Every 2-3 months,No
2226,user213@gmail.com,4-5,Small house,Resident_213,207/1,,,Main Road,Near School,Ward 13,Municipality,Idukki,672791,2,5,Plastic bottle,7+,Never,Never,No
2227,user214@gmail.com,2-3,Small house,Resident_214,293/13,,,Main Road,Near School,Ward 24,Municipality,Kozhikode,687518,1,10,Plastic bottle,7+,Always,Rarely,No
2228,user215@gmail.com,2-3,Large house,Resident_215,120/15,,,Main Road,Near School,Ward 22,Municipality,Ernakulam,670388,3,20,Plastic bottle,1-3,Always,Every 2-3 months,Yes
2229,user216@gmail.com,2-3,Large house,Resident_216,416/10,,,Main Road,Near School,Ward 11,Municipality,Thiruvananthapuram,681205,1,11,Plastic packet,None,Never,Every month,Yes
2230,user217@gmail.com,4-5,Small house,Resident_217,201/19,,,Main Road,Near School,Ward 19,Municipality,Kozhikode,683916,3,2,Plastic bottle,7+,Always,Rarely,No
2231,user218@gmail.com,4-5,Large house,Resident_218,465/1,,,Main Road,Near School,Ward 24,Municipality,Kozhikode,687383,4,18,Loose / refill,4-7,Sometimes,Rarely,No
2232,user219@gmail.com,6+,Small house,Resident_219,33/6,,,Main Road,Near School,Ward 1,Municipality,Kasaragod,676451,4,7,Plastic bottle,7+,Never,Rarely,No
2233,user220@gmail.com,6+,Apartment,Resident_220,264/8,,,Main Road,Near School,Ward 24,Municipality,Ernakulam,675038,6,2,Plastic packet,1-3,Never,Every month,Yes
2234,user221@gmail.com,4-5,Small house,Resident_221,49/3,,,Main Road,Near School,Ward 2,Municipality,Pathanamthitta,685609,2,18,Loose / refill,None,Sometimes,Never,Yes
2235,user222@gmail.com,4-5,Small house,Resident_222,412/9,,,Main Road,Near School,Ward 12,Municipality,Malappuram,680709,2,9,Loose / refill,4-7,Never,Never,Yes
2236,user223@gmail.com,6+,Small house,Resident_223,289/2,,,Main Road,Near School,Ward 17,Municipality,Kasaragod,678404,4,19,Plastic bottle,None,Sometimes,Every 2-3 months,No
2237,user224@gmail.com,6+,Small house,Resident_224,352/16,,,Main Road,Near School,Ward 15,Municipality,Kozhikode,680242,4,13,Plastic bottle,None,Never,Every 2-3 months,No
2238,user225@gmail.com,2-3,Small house,Resident_225,313/12,,,Main Road,Near School,Ward 12,Municipality,Idukki,687228,1,18,Loose / refill,None,Always,Every month,No
2239,user226@gmail.com,1,Apartment,Resident_226,434/20,,,Main Road,Near School,Ward 22,Municipality,Malappuram,681384,0,18,Loose / refill,None,Always,Never,Yes
2240,user227@gmail.com,4-5,Large house,Resident_227,372/12,,,Main Road,Near School,Ward 6,Municipality,Palakkad,680519,2,18,Plastic packet,4-7,Always,Every 2-3 months,No
2241,user228@gmail.com,4-5,Apartment,Resident_228,173/8,,,Main Road,Near School,Ward 15,Municipality,Kozhikode,686758,2,3,Plastic bottle,None,Never,Rarely,Yes
2242,user229@gmail.com,2-3,Small house,Resident_229,484/4,,,Main Road,Near School,Ward 2,Municipality,Wayanad,674436,2,4,Loose / refill,None,Never,Rarely,Yes
2243,user230@gmail.com,2-3,Small house,Resident_230,398/11,,,Main Road,Near School,Ward 8,Municipality,Wayanad,686855,1,11,Loose / refill,1-3,Always,Rarely,No
2244,user231@gmail.com,2-3,Apartment,Resident_231,353/18,,,Main Road,Near School,Ward 13,Municipality,Thiruvananthapuram,687812,3,11,Plastic bottle,None,Never,Every 2-3 months,No
2245,user232@gmail.com,6+,Small house,Resident_232,483/1,,,Main Road,Near School,Ward 21,Municipality,Kasaragod,670407,5,8,Plastic bottle,None,Sometimes,Every 2-3 months,Yes
2246,user233@gmail.com,4-5,Large house,Resident_233,460/6,,,Main Road,Near School,Ward 24,Municipality,Thiruvananthapuram,677389,2,9,Plastic bottle,1-3,Always,Never,No
2247,user234@gmail.com,4-5,Small house,Resident_234,11/8,,,Main Road,Near School,Ward 4,Municipality,Kottayam,687790,3,14,Loose / refill,7+,Always,Rarely,Yes
2248,user235@gmail.com,2-3,Large house,Resident_235,233/2,,,Main Road,Near School,Ward 13,Municipality,Malappuram,677693,1,12,Plastic packet,None,Sometimes,Never,No
2249,user236@gmail.com,4-5,Large house,Resident_236,34/7,,,Main Road,Near School,Ward 8,Municipality,Alappuzha,671558,2,11,Loose / refill,None,Always,Rarely,No
2250,user237@gmail.com,4-5,Small house,Resident_237,222/15,,,Main Road,Near School,Ward 22,Municipality,Thiruvananthapuram,678282,4,10,Plastic packet,1-3,Never,Every 2-3 months,Yes
2251,user238@gmail.com,2-3,Large house,Resident_238,75/13,,,Main Road,Near School,Ward 11,Municipality,Palakkad,681884,3,16,Loose / refill,None,Never,Every 2-3 months,No
2252,user239@gmail.com,1,Large house,Resident_239,338/1,,,Main Road,Near School,Ward 23,Municipality,Kottayam,685681,1,2,Plastic bottle,4-7,Sometimes,Every 2-3 months,Yes
2253,user240@gmail.com,2-3,Large house,Resident_240,418/5,,,Main Road,Near School,Ward 2,Municipality,Kollam,687594,2,18,Loose / refill,4-7,Never,Rarely,Yes
2254,user241@gmail.com,6+,Large house,Resident_241,140/20,,,Main Road,Near School,Ward 14,Municipality,Idukki,684713,6,2,Loose / refill,4-7,Never,Never,No
2255,user242@gmail.com,6+,Small house,Resident_242,101/5,,,Main Road,Near School,Ward 6,Municipality,Kollam,687687,6,9,Plastic packet,4-7,Sometimes,Every 2-3 months,Yes
2256,user243@gmail.com,2-3,Large house,Resident_243,473/16,,,Main Road,Near School,Ward 18,Municipality,Palakkad,683571,2,5,Plastic bottle,7+,Always,Every month,No
2257,user244@gmail.com,4-5,Apartment,Resident_244,134/8,,,Main Road,Near School,Ward 20,Municipality,Alappuzha,673888,3,12,Plastic packet,4-7,Never,Every 2-3 months,Yes
2258,user245@gmail.com,6+,Large house,Resident_245,399/12,,,Main Road,Near School,Ward 25,Municipality,Kollam,685353,3,13,Loose / refill,7+,Sometimes,Every 2-3 months,Yes
2259,user246@gmail.com,6+,Small house,Resident_246,315/7,,,Main Road,Near School,Ward 14,Municipality,Kottayam,678964,6,8,Plastic bottle,None,Sometimes,Rarely,Yes
2260,user247@gmail.com,4-5,Large house,Resident_247,269/3,,,Main Road,Near School,Ward 1,Municipality,Wayanad,680861,3,13,Plastic packet,1-3,Always,Never,Yes
2261,user248@gmail.com,2-3,Apartment,Resident_248,47/4,,,Main Road,Near School,Ward 5,Municipality,Thiruvananthapuram,688156,3,2,Plastic bottle,None,Sometimes,Never,No
2262,user249@gmail.com,2-3,Small house,Resident_249,79/7,,,Main Road,Near School,Ward 7,Municipality,Thiruvananthapuram,688584,1,19,Loose / refill,1-3,Never,Every 2-3 months,Yes
2263,user250@gmail.com,2-3,Large house,Resident_250,232/3,,,Main Road,Near School,Ward 11,Municipality,Thrissur,688168,2,10,Loose / refill,4-7,Always,Every 2-3 months,No
2264,user251@gmail.com,2-3,Large house,Resident_251,420/1,,,Main Road,Near School,Ward 13,Municipality,Thrissur,686484,2,7,Plastic bottle,None,Never,Never,Yes
2265,user252@gmail.com,4-5,Large house,Resident_252,107/14,,,Main Road,Near School,Ward 19,Municipality,Idukki,675189,2,17,Loose / refill,7+,Sometimes,Every 2-3 months,Yes
2266,user253@gmail.com,2-3,Large house,Resident_253,42/14,,,Main Road,Near School,Ward 14,Municipality,Pathanamthitta,676839,2,11,Plastic bottle,None,Never,Every month,No
2267,user254@gmail.com,4-5,Small house,Resident_254,381/8,,,Main Road,Near School,Ward 7,Municipality,Malappuram,672060,3,11,Plastic packet,4-7,Sometimes,Never,Yes
2268,user255@gmail.com,2-3,Large house,Resident_255,386/6,,,Main Road,Near School,Ward 17,Municipality,Ernakulam,683689,3,13,Plastic bottle,7+,Never,Rarely,Yes
2269,user256@gmail.com,1,Apartment,Resident_256,481/12,,,Main Road,Near School,Ward 4,Municipality,Kollam,671788,0,4,Loose / refill,None,Never,Every month,Yes
2270,user257@gmail.com,2-3,Large house,Resident_257,406/19,,,Main Road,Near School,Ward 15,Municipality,Kollam,676087,2,10,Plastic packet,None,Always,Every 2-3 months,Yes
2271,user258@gmail.com,4-5,Large house,Resident_258,288/17,,,Main Road,Near School,Ward 13,Municipality,Idukki,673498,4,7,Plastic packet,4-7,Sometimes,Rarely,Yes
2272,user259@gmail.com,6+,Small house,Resident_259,148/3,,,Main Road,Near School,Ward 5,Municipality,Kollam,685485,4,4,Loose / refill,4-7,Always,Rarely,No
2273,user260@gmail.com,4-5,Large house,Resident_260,398/13,,,Main Road,Near School,Ward 6,Municipality,Alappuzha,680934,3,14,Loose / refill,None,Never,Never,Yes
2274,user261@gmail.com,2-3,Large house,Resident_261,85/2,,,Main Road,Near School,Ward 4,Municipality,Kozhikode,687518,1,7,Loose / refill,1-3,Always,Every month,No
2275,user262@gmail.com,2-3,Apartment,Resident_262,339/19,,,Main Road,Near School,Ward 24,Municipality,Kollam,678859,1,14,Plastic packet,7+,Never,Never,No
2276,user263@gmail.com,4-5,Large house,Resident_263,395/4,,,Main Road,Near School,Ward 14,Municipality,Idukki,684565,4,12,Loose / refill,1-3,Never,Rarely,Yes
2277,user264@gmail.com,4-5,Apartment,Resident_264,60/13,,,Main Road,Near School,Ward 4,Municipality,Pathanamthitta,681014,2,3,Plastic bottle,None,Sometimes,Rarely,Yes
2278,user265@gmail.com,1,Large house,Resident_265,90/3,,,Main Road,Near School,Ward 11,Municipality,Thiruvananthapuram,671679,1,17,Plastic bottle,4-7,Never,Every month,No
2279,user266@gmail.com,6+,Apartment,Resident_266,274/5,,,Main Road,Near School,Ward 20,Municipality,Idukki,670841,4,16,Plastic bottle,4-7,Always,Every 2-3 months,No
2280,user267@gmail.com,4-5,Large house,Resident_267,412/14,,,Main Road,Near School,Ward 14,Municipality,Palakkad,689930,3,7,Plastic packet,1-3,Always,Every month,No
2281,user268@gmail.com,4-5,Small house,Resident_268,193/7,,,Main Road,Near School,Ward 4,Municipality,Thrissur,688177,2,19,Plastic bottle,4-7,Never,Every month,No
2282,user269@gmail.com,2-3,Large house,Resident_269,221/2,,,Main Road,Near School,Ward 8,Municipality,Pathanamthitta,681190,1,12,Plastic bottle,4-7,Sometimes,Every 2-3 months,No
2283,user270@gmail.com,4-5,Large house,Resident_270,370/8,,,Main Road,Near School,Ward 19,Municipality,Kollam,688322,3,12,Plastic bottle,4-7,Never,Never,No
2284,user271@gmail.com,2-3,Large house,Resident_271,294/4,,,Main Road,Near School,Ward 9,Municipality,Ernakulam,673869,1,6,Plastic packet,1-3,Always,Never,No
2285,user272@gmail.com,4-5,Small house,Resident_272,131/3,,,Main Road,Near School,Ward 21,Municipality,Malappuram,678870,4,18,Plastic packet,4-7,Always,Every month,No
2286,user273@gmail.com,2-3,Large house,Resident_273,401/3,,,Main Road,Near School,Ward 19,Municipality,Thrissur,680115,2,13,Loose / refill,4-7,Never,Rarely,Yes
2287,user274@gmail.com,2-3,Apartment,Resident_274,20/10,,,Main Road,Near School,Ward 2,Municipality,Pathanamthitta,686037,1,11,Plastic bottle,None,Always,Never,No
2288,user275@gmail.com,4-5,Apartment,Resident_275,101/15,,,Main Road,Near School,Ward 22,Municipality,Kannur,687492,3,3,Plastic bottle,1-3,Always,Never,Yes
2289,user276@gmail.com,6+,Large house,Resident_276,478/8,,,Main Road,Near School,Ward 10,Municipality,Kottayam,679082,3,17,Loose / refill,1-3,Never,Every month,No
2290,user277@gmail.com,6+,Small house,Resident_277,149/19,,,Main Road,Near School,Ward 14,Municipality,Kollam,676493,5,13,Plastic packet,4-7,Always,Never,Yes
2291,user278@gmail.com,4-5,Apartment,Resident_278,419/12,,,Main Road,Near School,Ward 7,Municipality,Thrissur,687366,2,10,Plastic packet,4-7,Never,Every 2-3 months,No
2292,user279@gmail.com,2-3,Apartment,Resident_279,203/14,,,Main Road,Near School,Ward 2,Municipality,Kollam,683869,3,7,Loose / refill,7+,Sometimes,Rarely,No
2293,user280@gmail.com,1,Small house,Resident_280,178/12,,,Main Road,Near School,Ward 19,Municipality,Palakkad,682590,0,5,Plastic bottle,7+,Never,Rarely,No
2294,user281@gmail.com,4-5,Apartment,Resident_281,91/7,,,Main Road,Near School,Ward 10,Municipality,Kozhikode,689436,3,8,Plastic packet,1-3,Always,Every month,No
2295,user282@gmail.com,2-3,Large house,Resident_282,464/2,,,Main Road,Near School,Ward 15,Municipality,Malappuram,685467,3,9,Plastic bottle,7+,Sometimes,Never,Yes
2296,user283@gmail.com,2-3,Small house,Resident_283,167/8,,,Main Road,Near School,Ward 22,Municipality,Pathanamthitta,670943,1,11,Plastic bottle,7+,Sometimes,Every month,Yes
2297,user284@gmail.com,4-5,Apartment,Resident_284,4/14,,,Main Road,Near School,Ward 5,Municipality,Kottayam,688299,2,20,Plastic packet,1-3,Sometimes,Rarely,Yes
2298,user285@gmail.com,2-3,Apartment,Resident_285,101/16,,,Main Road,Near School,Ward 21,Municipality,Malappuram,684857,3,2,Plastic bottle,1-3,Always,Never,No
2299,user286@gmail.com,4-5,Large house,Resident_286,481/5,,,Main Road,Near School,Ward 4,Municipality,Pathanamthitta,675260,2,10,Plastic packet,4-7,Always,Every month,Yes
2300,user287@gmail.com,6+,Large house,Resident_287,149/11,,,Main Road,Near School,Ward 13,Municipality,Kannur,678710,5,6,Plastic packet,None,Sometimes,Every month,No
2301,user288@gmail.com,1,Large house,Resident_288,17/9,,,Main Road,Near School,Ward 16,Municipality,Kozhikode,671202,0,16,Plastic packet,1-3,Never,Rarely,No
2302,user289@gmail.com,2-3,Apartment,Resident_289,81/17,,,Main Road,Near School,Ward 19,Municipality,Kottayam,672118,3,11,Plastic bottle,4-7,Never,Every month,Yes
2303,user290@gmail.com,2-3,Apartment,Resident_290,381/10,,,Main Road,Near School,Ward 21,Municipality,Thrissur,684086,3,17,Plastic bottle,1-3,Sometimes,Every 2-3 months,No
2304,user291@gmail.com,4-5,Apartment,Resident_291,295/9,,,Main Road,Near School,Ward 25,Municipality,Thrissur,671401,2,14,Plastic bottle,None,Always,Rarely,Yes
2305,user292@gmail.com,4-5,Small house,Resident_292,108/9,,,Main Road,Near School,Ward 13,Municipality,Kottayam,680051,4,9,Plastic bottle,None,Sometimes,Rarely,Yes
2306,user293@gmail.com,4-5,Large house,Resident_293,174/1,,,Main Road,Near School,Ward 5,Municipality,Thrissur,682922,4,8,Plastic packet,1-3,Sometimes,Rarely,Yes
2307,user294@gmail.com,1,Small house,Resident_294,135/4,,,Main Road,Near School,Ward 17,Municipality,Malappuram,684170,0,11,Plastic bottle,None,Always,Every month,No
2308,user295@gmail.com,6+,Apartment,Resident_295,193/11,,,Main Road,Near School,Ward 17,Municipality,Wayanad,689584,4,15,Loose / refill,1-3,Always,Every month,No
2309,user296@gmail.com,2-3,Large house,Resident_296,265/15,,,Main Road,Near School,Ward 22,Municipality,Idukki,672300,1,4,Plastic bottle,4-7,Sometimes,Every 2-3 months,No
2310,user297@gmail.com,4-5,Apartment,Resident_297,42/2,,,Main Road,Near School,Ward 24,Municipality,Ernakulam,686873,4,14,Plastic packet,7+,Never,Every month,Yes
2311,user298@gmail.com,2-3,Large house,Resident_298,445/18,,,Main Road,Near School,Ward 8,Municipality,Kasaragod,684712,3,10,Plastic bottle,1-3,Sometimes,Every month,No
2312,user299@gmail.com,2-3,Apartment,Resident_299,136/8,,,Main Road,Near School,Ward 8,Municipality,Wayanad,670131,2,11,Plastic packet,7+,Always,Every 2-3 months,No
2313,user300@gmail.com,4-5,Apartment,Resident_300,455/17,,,Main Road,Near School,Ward 3,Municipality,Kozhikode,670219,2,11,Plastic packet,1-3,Never,Every month,No
2314,user301@gmail.com,4-5,Apartment,Resident_301,28/6,,,Main Road,Near School,Ward 14,Municipality,Thiruvananthapuram,683577,4,11,Plastic bottle,None,Sometimes,Never,Yes
2315,user302@gmail.com,2-3,Large house,Resident_302,458/2,,,Main Road,Near School,Ward 8,Municipality,Thiruvananthapuram,681593,1,18,Plastic bottle,None,Always,Every month,No
2316,user303@gmail.com,4-5,Large house,Resident_303,437/5,,,Main Road,Near School,Ward 25,Municipality,Malappuram,683059,4,11,Loose / refill,4-7,Never,Rarely,No
2317,user304@gmail.com,2-3,Small house,Resident_304,319/12,,,Main Road,Near School,Ward 13,Municipality,Thrissur,677480,1,8,Loose / refill,7+,Always,Every 2-3 months,Yes
2318,user305@gmail.com,4-5,Apartment,Resident_305,478/20,,,Main Road,Near School,Ward 17,Municipality,Kollam,678675,2,13,Plastic packet,1-3,Sometimes,Never,No
2319,user306@gmail.com,2-3,Large house,Resident_306,180/3,,,Main Road,Near School,Ward 16,Municipality,Kozhikode,689865,2,19,Plastic bottle,1-3,Always,Never,No
2320,user307@gmail.com,6+,Small house,Resident_307,390/14,,,Main Road,Near School,Ward 20,Municipality,Malappuram,674308,3,9,Plastic bottle,7+,Sometimes,Every 2-3 months,No
2321,user308@gmail.com,2-3,Apartment,Resident_308,229/12,,,Main Road,Near School,Ward 9,Municipality,Kozhikode,680698,3,19,Loose / refill,4-7,Sometimes,Every 2-3 months,Yes
2322,user309@gmail.com,2-3,Small house,Resident_309,326/10,,,Main Road,Near School,Ward 16,Municipality,Pathanamthitta,676315,1,8,Loose / refill,1-3,Never,Never,No
2323,user310@gmail.com,2-3,Small house,Resident_310,330/20,,,Main Road,Near School,Ward 12,Municipality,Kozhikode,687192,1,9,Plastic packet,None,Always,Rarely,No
2324,user311@gmail.com,4-5,Large house,Resident_311,340/14,,,Main Road,Near School,Ward 2,Municipality,Wayanad,678941,2,3,Loose / refill,1-3,Never,Every 2-3 months,No
2325,user312@gmail.com,2-3,Small house,Resident_312,405/16,,,Main Road,Near School,Ward 19,Municipality,Alappuzha,678879,3,20,Plastic packet,4-7,Always,Every 2-3 months,Yes
2326,user313@gmail.com,4-5,Small house,Resident_313,179/1,,,Main Road,Near School,Ward 5,Municipality,Kozhikode,689193,4,9,Loose / refill,None,Sometimes,Every 2-3 months,No
2327,user314@gmail.com,4-5,Apartment,Resident_314,269/7,,,Main Road,Near School,Ward 3,Municipality,Thrissur,685228,4,19,Plastic packet,7+,Sometimes,Every month,No
2328,user315@gmail.com,6+,Small house,Resident_315,459/11,,,Main Road,Near School,Ward 9,Municipality,Pathanamthitta,677819,6,3,Loose / refill,7+,Always,Every month,No
2329,user316@gmail.com,2-3,Apartment,Resident_316,103/13,,,Main Road,Near School,Ward 7,Municipality,Ernakulam,688465,2,11,Plastic bottle,7+,Always,Never,No
2330,user317@gmail.com,4-5,Small house,Resident_317,165/6,,,Main Road,Near School,Ward 3,Municipality,Kasaragod,671552,2,18,Loose / refill,1-3,Sometimes,Never,No
2331,user318@gmail.com,2-3,Large house,Resident_318,497/15,,,Main Road,Near School,Ward 8,Municipality,Palakkad,680530,2,14,Plastic bottle,1-3,Always,Never,Yes
2332,user319@gmail.com,4-5,Apartment,Resident_319,157/3,,,Main Road,Near School,Ward 10,Municipality,Malappuram,673031,4,17,Loose / refill,1-3,Always,Never,Yes
2333,user320@gmail.com,2-3,Large house,Resident_320,270/19,,,Main Road,Near School,Ward 17,Municipality,Kasaragod,687845,2,7,Plastic packet,4-7,Never,Every month,No
2334,user321@gmail.com,2-3,Large house,Resident_321,472/10,,,Main Road,Near School,Ward 17,Municipality,Kollam,680222,3,5,Plastic bottle,None,Never,Every month,No
2335,user322@gmail.com,4-5,Large house,Resident_322,482/4,,,Main Road,Near School,Ward 16,Municipality,Palakkad,672803,2,12,Loose / refill,1-3,Sometimes,Never,No
2336,user323@gmail.com,4-5,Small house,Resident_323,454/17,,,Main Road,Near School,Ward 9,Municipality,Kollam,680373,3,3,Plastic packet,4-7,Never,Every month,Yes
2337,user324@gmail.com,2-3,Small house,Resident_324,348/12,,,Main Road,Near School,Ward 24,Municipality,Malappuram,683966,3,18,Loose / refill,4-7,Sometimes,Every month,No
2338,user325@gmail.com,4-5,Apartment,Resident_325,49/5,,,Main Road,Near School,Ward 4,Municipality,Idukki,688954,2,20,Plastic bottle,None,Always,Rarely,Yes
2339,user326@gmail.com,4-5,Large house,Resident_326,130/7,,,Main Road,Near School,Ward 17,Municipality,Kasaragod,685343,3,17,Plastic bottle,4-7,Sometimes,Rarely,No
2340,user327@gmail.com,2-3,Large house,Resident_327,414/15,,,Main Road,Near School,Ward 12,Municipality,Wayanad,682156,1,11,Loose / refill,7+,Always,Every 2-3 months,No
2341,user328@gmail.com,2-3,Apartment,Resident_328,163/2,,,Main Road,Near School,Ward 25,Municipality,Kozhikode,688317,2,13,Plastic bottle,1-3,Always,Every month,No
2342,user329@gmail.com,2-3,Small house,Resident_329,82/18,,,Main Road,Near School,Ward 2,Municipality,Idukki,677992,2,9,Plastic bottle,1-3,Sometimes,Every month,Yes
2343,user330@gmail.com,2-3,Small house,Resident_330,150/16,,,Main Road,Near School,Ward 25,Municipality,Kozhikode,672116,1,11,Plastic packet,7+,Always,Rarely,Yes
2344,user331@gmail.com,4-5,Small house,Resident_331,54/3,,,Main Road,Near School,Ward 4,Municipality,Pathanamthitta,681487,2,9,Plastic bottle,7+,Never,Rarely,Yes
2345,user332@gmail.com,2-3,Apartment,Resident_332,169/4,,,Main Road,Near School,Ward 10,Municipality,Kozhikode,681412,3,2,Loose / refill,1-3,Sometimes,Rarely,Yes
2346,user333@gmail.com,4-5,Large house,Resident_333,79/4,,,Main Road,Near School,Ward 18,Municipality,Kollam,676291,4,2,Plastic bottle,7+,Never,Every 2-3 months,No
2347,user334@gmail.com,6+,Large house,Resident_334,383/17,,,Main Road,Near School,Ward 9,Municipality,Ernakulam,670654,4,15,Plastic packet,1-3,Never,Never,Yes
2348,user335@gmail.com,4-5,Large house,Resident_335,440/5,,,Main Road,Near School,Ward 13,Municipality,Idukki,675723,4,15,Loose / refill,7+,Always,Every month,No
2349,user336@gmail.com,2-3,Small house,Resident_336,453/15,,,Main Road,Near School,Ward 3,Municipality,Idukki,672649,2,7,Plastic packet,4-7,Sometimes,Every 2-3 months,Yes
2350,user337@gmail.com,2-3,Apartment,Resident_337,422/11,,,Main Road,Near School,Ward 15,Municipality,Wayanad,683465,3,5,Plastic bottle,1-3,Never,Every month,Yes
2351,user338@gmail.com,2-3,Apartment,Resident_338,416/6,,,Main Road,Near School,Ward 2,Municipality,Ernakulam,674398,1,16,Plastic bottle,4-7,Never,Rarely,No
2352,user339@gmail.com,2-3,Apartment,Resident_339,163/20,,,Main Road,Near School,Ward 21,Municipality,Ernakulam,687012,1,9,Loose / refill,None,Sometimes,Every 2-3 months,Yes
2353,user340@gmail.com,4-5,Small house,Resident_340,10/4,,,Main Road,Near School,Ward 1,Municipality,Palakkad,672421,3,11,Plastic packet,1-3,Never,Rarely,Yes
2354,user341@gmail.com,2-3,Large house,Resident_341,378/1,,,Main Road,Near School,Ward 25,Municipality,Wayanad,680479,3,18,Loose / refill,4-7,Sometimes,Every month,Yes
2355,user342@gmail.com,2-3,Apartment,Resident_342,239/18,,,Main Road,Near School,Ward 19,Municipality,Kozhikode,680001,2,12,Plastic packet,7+,Never,Every 2-3 months,No
2356,user343@gmail.com,4-5,Apartment,Resident_343,145/5,,,Main Road,Near School,Ward 18,Municipality,Kollam,671331,2,14,Plastic packet,None,Never,Every month,Yes
2357,user344@gmail.com,2-3,Small house,Resident_344,242/4,,,Main Road,Near School,Ward 19,Municipality,Kozhikode,679360,1,10,Loose / refill,4-7,Sometimes,Never,Yes
2358,user345@gmail.com,4-5,Small house,Resident_345,185/13,,,Main Road,Near School,Ward 23,Municipality,Kasaragod,684742,2,20,Plastic bottle,None,Sometimes,Rarely,No
2359,user346@gmail.com,1,Small house,Resident_346,325/17,,,Main Road,Near School,Ward 20,Municipality,Kozhikode,685667,1,10,Plastic packet,7+,Never,Every 2-3 months,Yes
2360,user347@gmail.com,1,Small house,Resident_347,328/19,,,Main Road,Near School,Ward 12,Municipality,Kollam,688128,0,5,Plastic bottle,1-3,Never,Rarely,Yes
2361,user348@gmail.com,6+,Large house,Resident_348,416/11,,,Main Road,Near School,Ward 12,Municipality,Kozhikode,678725,6,20,Plastic packet,None,Always,Never,Yes
2362,user349@gmail.com,4-5,Small house,Resident_349,45/14,,,Main Road,Near School,Ward 15,Municipality,Idukki,689155,3,19,Plastic packet,7+,Always,Rarely,Yes
2363,user350@gmail.com,1,Large house,Resident_350,260/20,,,Main Road,Near School,Ward 1,Municipality,Kollam,675489,1,14,Plastic bottle,4-7,Sometimes,Every 2-3 months,Yes
2364,user351@gmail.com,6+,Large house,Resident_351,252/9,,,Main Road,Near School,Ward 25,Municipality,Idukki,671866,5,2,Plastic bottle,7+,Never,Every month,Yes
2365,user352@gmail.com,4-5,Large house,Resident_352,290/7,,,Main Road,Near School,Ward 4,Municipality,Kasaragod,671046,2,14,Loose / refill,None,Sometimes,Every month,No
2366,user353@gmail.com,2-3,Large house,Resident_353,218/6,,,Main Road,Near School,Ward 5,Municipality,Kannur,678317,2,4,Plastic bottle,1-3,Always,Every 2-3 months,Yes
2367,user354@gmail.com,2-3,Large house,Resident_354,236/19,,,Main Road,Near School,Ward 6,Municipality,Thrissur,679851,3,20,Plastic bottle,4-7,Never,Never,Yes
2368,user355@gmail.com,4-5,Large house,Resident_355,139/4,,,Main Road,Near School,Ward 25,Municipality,Ernakulam,680938,3,8,Plastic packet,None,Always,Every month,Yes
2369,user356@gmail.com,2-3,Apartment,Resident_356,467/20,,,Main Road,Near School,Ward 13,Municipality,Wayanad,689121,3,2,Loose / refill,1-3,Sometimes,Never,No
2370,user357@gmail.com,2-3,Apartment,Resident_357,137/19,,,Main Road,Near School,Ward 13,Municipality,Malappuram,672325,1,2,Plastic bottle,4-7,Always,Rarely,No
2371,user358@gmail.com,6+,Apartment,Resident_358,211/15,,,Main Road,Near School,Ward 5,Municipality,Pathanamthitta,689206,3,3,Loose / refill,1-3,Sometimes,Every month,No
2372,user359@gmail.com,1,Small house,Resident_359,127/18,,,Main Road,Near School,Ward 10,Municipality,Idukki,673371,1,3,Plastic bottle,1-3,Always,Never,No
2373,user360@gmail.com,4-5,Apartment,Resident_360,129/19,,,Main Road,Near School,Ward 13,Municipality,Kasaragod,684576,3,17,Plastic bottle,7+,Always,Rarely,Yes
2374,user361@gmail.com,2-3,Small house,Resident_361,110/20,,,Main Road,Near School,Ward 19,Municipality,Kannur,683014,2,2,Plastic bottle,None,Never,Rarely,Yes
2375,user362@gmail.com,2-3,Apartment,Resident_362,105/11,,,Main Road,Near School,Ward 11,Municipality,Malappuram,677437,1,20,Plastic packet,7+,Sometimes,Every month,Yes
2376,user363@gmail.com,2-3,Small house,Resident_363,253/19,,,Main Road,Near School,Ward 1,Municipality,Kasaragod,674997,1,12,Plastic bottle,7+,Never,Never,Yes
2377,user364@gmail.com,2-3,Small house,Resident_364,337/17,,,Main Road,Near School,Ward 1,Municipality,Ernakulam,682206,1,2,Loose / refill,None,Never,Every month,Yes
2378,user365@gmail.com,4-5,Large house,Resident_365,4/20,,,Main Road,Near School,Ward 1,Municipality,Thiruvananthapuram,683621,4,4,Plastic packet,7+,Sometimes,Every month,No
2379,user366@gmail.com,2-3,Small house,Resident_366,452/7,,,Main Road,Near School,Ward 12,Municipality,Thrissur,672424,2,18,Plastic bottle,7+,Always,Every month,Yes
2380,user367@gmail.com,1,Apartment,Resident_367,3/11,,,Main Road,Near School,Ward 14,Municipality,Palakkad,688143,1,7,Plastic bottle,4-7,Always,Every 2-3 months,Yes
2381,user368@gmail.com,4-5,Large house,Resident_368,409/15,,,Main Road,Near School,Ward 24,Municipality,Malappuram,681838,4,5,Plastic bottle,1-3,Sometimes,Every 2-3 months,No
2382,user369@gmail.com,4-5,Large house,Resident_369,132/3,,,Main Road,Near School,Ward 4,Municipality,Kollam,689278,3,13,Plastic packet,7+,Always,Every 2-3 months,Yes
2383,user370@gmail.com,4-5,Small house,Resident_370,82/9,,,Main Road,Near School,Ward 12,Municipality,Wayanad,689047,2,9,Plastic bottle,4-7,Always,Every month,Yes
2384,user371@gmail.com,4-5,Small house,Resident_371,257/1,,,Main Road,Near School,Ward 17,Municipality,Malappuram,682253,2,18,Plastic packet,7+,Always,Rarely,No
2385,user372@gmail.com,2-3,Apartment,Resident_372,166/7,,,Main Road,Near School,Ward 24,Municipality,Ernakulam,689150,1,4,Loose / refill,7+,Never,Never,Yes
2386,user373@gmail.com,4-5,Large house,Resident_373,354/10,,,Main Road,Near School,Ward 8,Municipality,Kozhikode,671345,3,9,Plastic bottle,7+,Always,Every month,No
2387,user374@gmail.com,2-3,Large house,Resident_374,310/18,,,Main Road,Near School,Ward 4,Municipality,Kasaragod,675701,2,10,Plastic packet,None,Always,Every month,No
2388,user375@gmail.com,1,Apartment,Resident_375,363/11,,,Main Road,Near School,Ward 6,Municipality,Alappuzha,671894,0,9,Plastic bottle,None,Never,Never,No
2389,user376@gmail.com,4-5,Small house,Resident_376,15/13,,,Main Road,Near School,Ward 10,Municipality,Kannur,671112,2,12,Plastic bottle,1-3,Never,Every 2-3 months,No
2390,user377@gmail.com,4-5,Apartment,Resident_377,362/14,,,Main Road,Near School,Ward 14,Municipality,Idukki,675603,4,13,Plastic packet,7+,Sometimes,Every month,No
2391,user378@gmail.com,2-3,Apartment,Resident_378,205/12,,,Main Road,Near School,Ward 11,Municipality,Thiruvananthapuram,670579,1,10,Loose / refill,4-7,Sometimes,Rarely,Yes
2392,user379@gmail.com,6+,Apartment,Resident_379,29/12,,,Main Road,Near School,Ward 4,Municipality,Ernakulam,671465,5,7,Plastic bottle,7+,Never,Every month,No
2393,user380@gmail.com,1,Large house,Resident_380,119/7,,,Main Road,Near School,Ward 7,Municipality,Wayanad,680269,1,13,Plastic packet,None,Never,Never,Yes
2394,user381@gmail.com,2-3,Apartment,Resident_381,125/4,,,Main Road,Near School,Ward 25,Municipality,Wayanad,684700,3,14,Plastic bottle,4-7,Sometimes,Rarely,Yes
2395,user382@gmail.com,1,Large house,Resident_382,233/8,,,Main Road,Near School,Ward 6,Municipality,Palakkad,689920,1,6,Loose / refill,None,Always,Rarely,No
2396,user383@gmail.com,1,Large house,Resident_383,75/13,,,Main Road,Near School,Ward 12,Municipality,Kottayam,682481,1,12,Plastic bottle,None,Never,Rarely,Yes
2397,user384@gmail.com,6+,Large house,Resident_384,42/17,,,Main Road,Near School,Ward 15,Municipality,Thrissur,672984,5,7,Plastic packet,None,Always,Every month,Yes
2398,user385@gmail.com,4-5,Apartment,Resident_385,8/14,,,Main Road,Near School,Ward 17,Municipality,Ernakulam,679339,2,14,Plastic bottle,1-3,Never,Never,Yes
2399,user386@gmail.com,4-5,Apartment,Resident_386,302/12,,,Main Road,Near School,Ward 21,Municipality,Palakkad,687679,3,9,Loose / refill,None,Sometimes,Never,No
2400,user387@gmail.com,4-5,Large house,Resident_387,78/2,,,Main Road,Near School,Ward 4,Municipality,Thrissur,684806,2,11,Plastic packet,4-7,Always,Never,Yes
2401,user388@gmail.com,4-5,Small house,Resident_388,147/10,,,Main Road,Near School,Ward 2,Municipality,Thiruvananthapuram,681536,4,7,Plastic packet,7+,Never,Every 2-3 months,Yes
2402,user389@gmail.com,2-3,Large house,Resident_389,318/12,,,Main Road,Near School,Ward 3,Municipality,Ernakulam,675785,2,6,Plastic bottle,1-3,Always,Every month,Yes
2403,user390@gmail.com,4-5,Small house,Resident_390,46/18,,,Main Road,Near School,Ward 13,Municipality,Kannur,685766,3,11,Plastic packet,None,Sometimes,Rarely,No
2404,user391@gmail.com,2-3,Large house,Resident_391,380/1,,,Main Road,Near School,Ward 25,Municipality,Kasaragod,682171,2,18,Loose / refill,4-7,Never,Never,Yes
2405,user392@gmail.com,2-3,Small house,Resident_392,53/14,,,Main Road,Near School,Ward 8,Municipality,Thrissur,679208,3,10,Plastic bottle,7+,Always,Rarely,No
2406,user393@gmail.com,4-5,Apartment,Resident_393,274/12,,,Main Road,Near School,Ward 10,Municipality,Alappuzha,678966,2,15,Plastic packet,7+,Never,Every 2-3 months,No
2407,user394@gmail.com,4-5,Small house,Resident_394,305/20,,,Main Road,Near School,Ward 11,Municipality,Idukki,689183,3,16,Plastic packet,None,Sometimes,Every 2-3 months,No
2408,user395@gmail.com,6+,Apartment,Resident_395,74/6,,,Main Road,Near School,Ward 5,Municipality,Kollam,676715,4,2,Plastic bottle,7+,Sometimes,Every 2-3 months,Yes
2409,user396@gmail.com,6+,Large house,Resident_396,306/15,,,Main Road,Near School,Ward 23,Municipality,Thiruvananthapuram,685821,6,17,Loose / refill,4-7,Never,Every 2-3 months,No
2410,user397@gmail.com,4-5,Small house,Resident_397,122/4,,,Main Road,Near School,Ward 6,Municipality,Wayanad,673449,3,12,Plastic packet,4-7,Always,Every 2-3 months,No
2411,user398@gmail.com,2-3,Large house,Resident_398,332/8,,,Main Road,Near School,Ward 22,Municipality,Malappuram,682265,1,18,Loose / refill,7+,Sometimes,Rarely,No
2412,user399@gmail.com,4-5,Apartment,Resident_399,414/4,,,Main Road,Near School,Ward 2,Municipality,Thrissur,682808,3,4,Loose / refill,7+,Never,Every 2-3 months,No
2413,user400@gmail.com,4-5,Large house,Resident_400,88/4,,,Main Road,Near School,Ward 1,Municipality,Thrissur,682741,4,15,Plastic bottle,1-3,Sometimes,Every 2-3 months,Yes
2414,user401@gmail.com,6+,Small house,Resident_401,18/15,,,Main Road,Near School,Ward 6,Municipality,Ernakulam,673339,6,12,Plastic bottle,7+,Never,Rarely,Yes
2415,user402@gmail.com,4-5,Small house,Resident_402,284/1,,,Main Road,Near School,Ward 13,Municipality,Thrissur,681397,3,16,Plastic packet,None,Sometimes,Never,No
2416,user403@gmail.com,2-3,Small house,Resident_403,310/6,,,Main Road,Near School,Ward 7,Municipality,Thrissur,682039,2,11,Plastic packet,4-7,Never,Every 2-3 months,No
2417,user404@gmail.com,6+,Apartment,Resident_404,328/18,,,Main Road,Near School,Ward 25,Municipality,Alappuzha,680781,5,2,Loose / refill,7+,Sometimes,Never,Yes
2418,user405@gmail.com,4-5,Small house,Resident_405,398/4,,,Main Road,Near School,Ward 11,Municipality,Malappuram,674118,3,17,Plastic bottle,7+,Always,Never,No
2419,user406@gmail.com,4-5,Small house,Resident_406,365/4,,,Main Road,Near School,Ward 18,Municipality,Kozhikode,673142,2,15,Plastic bottle,4-7,Always,Never,Yes
2420,user407@gmail.com,6+,Large house,Resident_407,375/4,,,Main Road,Near School,Ward 22,Municipality,Kannur,683668,6,7,Plastic packet,7+,Sometimes,Every month,No
2421,user408@gmail.com,2-3,Small house,Resident_408,199/19,,,Main Road,Near School,Ward 23,Municipality,Kasaragod,685442,1,8,Plastic bottle,None,Always,Rarely,Yes
2422,user409@gmail.com,2-3,Large house,Resident_409,363/3,,,Main Road,Near School,Ward 16,Municipality,Pathanamthitta,682247,2,11,Loose / refill,4-7,Never,Every month,No
2423,user410@gmail.com,6+,Apartment,Resident_410,254/3,,,Main Road,Near School,Ward 13,Municipality,Pathanamthitta,684879,6,6,Plastic bottle,7+,Always,Rarely,Yes
2424,user411@gmail.com,6+,Small house,Resident_411,374/4,,,Main Road,Near School,Ward 19,Municipality,Kollam,682414,5,16,Loose / refill,1-3,Never,Every month,Yes
2425,user412@gmail.com,4-5,Apartment,Resident_412,148/11,,,Main Road,Near School,Ward 12,Municipality,Thiruvananthapuram,671022,4,14,Loose / refill,None,Always,Every month,No
2426,user413@gmail.com,4-5,Large house,Resident_413,495/18,,,Main Road,Near School,Ward 1,Municipality,Thiruvananthapuram,683255,3,5,Loose / refill,None,Always,Every 2-3 months,Yes
2427,user414@gmail.com,4-5,Small house,Resident_414,29/4,,,Main Road,Near School,Ward 23,Municipality,Ernakulam,680212,3,20,Loose / refill,None,Never,Every month,Yes
2428,user415@gmail.com,4-5,Large house,Resident_415,50/5,,,Main Road,Near School,Ward 18,Municipality,Idukki,682367,4,13,Plastic bottle,1-3,Never,Every 2-3 months,No
2429,user416@gmail.com,4-5,Large house,Resident_416,165/16,,,Main Road,Near School,Ward 10,Municipality,Kottayam,677041,3,11,Plastic packet,None,Sometimes,Never,No
2430,user417@gmail.com,6+,Apartment,Resident_417,491/6,,,Main Road,Near School,Ward 19,Municipality,Idukki,689524,5,19,Plastic bottle,None,Always,Every 2-3 months,Yes
2431,user418@gmail.com,2-3,Large house,Resident_418,110/6,,,Main Road,Near School,Ward 23,Municipality,Wayanad,681181,3,2,Plastic bottle,1-3,Always,Rarely,No
2432,user419@gmail.com,6+,Large house,Resident_419,265/4,,,Main Road,Near School,Ward 11,Municipality,Thrissur,677229,6,9,Loose / refill,1-3,Sometimes,Rarely,Yes
2433,user420@gmail.com,1,Large house,Resident_420,206/5,,,Main Road,Near School,Ward 19,Municipality,Pathanamthitta,688787,1,2,Plastic packet,None,Sometimes,Every month,Yes
2434,user421@gmail.com,4-5,Apartment,Resident_421,398/14,,,Main Road,Near School,Ward 4,Municipality,Kozhikode,685655,4,10,Loose / refill,None,Never,Rarely,No
2435,user422@gmail.com,4-5,Small house,Resident_422,161/5,,,Main Road,Near School,Ward 19,Municipality,Kasaragod,685215,2,13,Loose / refill,4-7,Always,Every 2-3 months,Yes
2436,user423@gmail.com,2-3,Large house,Resident_423,76/17,,,Main Road,Near School,Ward 4,Municipality,Kannur,680596,3,3,Plastic packet,None,Always,Every 2-3 months,No
2437,user424@gmail.com,2-3,Small house,Resident_424,114/12,,,Main Road,Near School,Ward 14,Municipality,Kannur,685824,3,20,Loose / refill,1-3,Sometimes,Never,Yes
2438,user425@gmail.com,2-3,Small house,Resident_425,32/19,,,Main Road,Near School,Ward 12,Municipality,Idukki,677613,3,19,Plastic bottle,1-3,Always,Every 2-3 months,Yes
2439,user426@gmail.com,2-3,Apartment,Resident_426,199/10,,,Main Road,Near School,Ward 18,Municipality,Kottayam,675954,2,3,Plastic bottle,1-3,Never,Never,No
2440,user427@gmail.com,4-5,Large house,Resident_427,46/5,,,Main Road,Near School,Ward 25,Municipality,Kottayam,683519,4,15,Plastic packet,1-3,Always,Every month,Yes
2441,user428@gmail.com,2-3,Apartment,Resident_428,181/18,,,Main Road,Near School,Ward 1,Municipality,Kozhikode,680305,1,5,Plastic bottle,1-3,Never,Every 2-3 months,Yes
2442,user429@gmail.com,2-3,Apartment,Resident_429,156/1,,,Main Road,Near School,Ward 14,Municipality,Malappuram,678406,1,3,Loose / refill,7+,Always,Every 2-3 months,Yes
2443,user430@gmail.com,2-3,Apartment,Resident_430,56/12,,,Main Road,Near School,Ward 8,Municipality,Ernakulam,687029,1,3,Loose / refill,4-7,Sometimes,Never,No
2444,user431@gmail.com,2-3,Small house,Resident_431,339/8,,,Main Road,Near School,Ward 13,Municipality,Kottayam,684916,2,2,Plastic bottle,4-7,Never,Never,Yes
2445,user432@gmail.com,2-3,Large house,Resident_432,12/17,,,Main Road,Near School,Ward 10,Municipality,Kozhikode,680046,1,5,Plastic packet,1-3,Always,Every 2-3 months,Yes
2446,user433@gmail.com,1,Apartment,Resident_433,338/17,,,Main Road,Near School,Ward 5,Municipality,Ernakulam,682192,0,6,Loose / refill,7+,Sometimes,Never,No
2447,user434@gmail.com,4-5,Small house,Resident_434,360/2,,,Main Road,Near School,Ward 14,Municipality,Palakkad,674879,4,17,Plastic bottle,4-7,Never,Rarely,Yes
2448,user435@gmail.com,2-3,Apartment,Resident_435,261/17,,,Main Road,Near School,Ward 15,Municipality,Thiruvananthapuram,673923,3,4,Loose / refill,None,Never,Rarely,No
2449,user436@gmail.com,2-3,Apartment,Resident_436,478/16,,,Main Road,Near School,Ward 11,Municipality,Kannur,671822,1,8,Plastic packet,None,Sometimes,Every month,No
2450,user437@gmail.com,2-3,Small house,Resident_437,90/2,,,Main Road,Near School,Ward 6,Municipality,Wayanad,676122,1,11,Loose / refill,4-7,Never,Rarely,No
2451,user438@gmail.com,2-3,Small house,Resident_438,95/12,,,Main Road,Near School,Ward 18,Municipality,Pathanamthitta,671540,2,5,Plastic bottle,7+,Always,Every month,No
2452,user439@gmail.com,4-5,Large house,Resident_439,258/4,,,Main Road,Near School,Ward 9,Municipality,Thrissur,687789,4,12,Plastic bottle,None,Never,Never,Yes
2453,user440@gmail.com,2-3,Large house,Resident_440,81/4,,,Main Road,Near School,Ward 3,Municipality,Kozhikode,685261,1,5,Plastic packet,7+,Sometimes,Never,Yes
2454,user441@gmail.com,4-5,Apartment,Resident_441,234/6,,,Main Road,Near School,Ward 8,Municipality,Kannur,679816,3,19,Loose / refill,1-3,Sometimes,Every 2-3 months,No
2455,user442@gmail.com,2-3,Apartment,Resident_442,234/7,,,Main Road,Near School,Ward 3,Municipality,Kozhikode,670618,3,7,Loose / refill,7+,Always,Never,Yes
2456,user443@gmail.com,6+,Apartment,Resident_443,119/19,,,Main Road,Near School,Ward 9,Municipality,Idukki,671397,4,13,Plastic bottle,7+,Never,Rarely,Yes
2457,user444@gmail.com,6+,Apartment,Resident_444,214/9,,,Main Road,Near School,Ward 5,Municipality,Kozhikode,671010,5,12,Plastic bottle,7+,Never,Every 2-3 months,No
2458,user445@gmail.com,4-5,Large house,Resident_445,156/17,,,Main Road,Near School,Ward 2,Municipality,Kannur,683893,3,6,Plastic bottle,1-3,Never,Never,Yes
2459,user446@gmail.com,2-3,Large house,Resident_446,45/18,,,Main Road,Near School,Ward 18,Municipality,Thrissur,674559,1,14,Loose / refill,4-7,Never,Never,No
2460,user447@gmail.com,1,Apartment,Resident_447,414/15,,,Main Road,Near School,Ward 7,Municipality,Pathanamthitta,681025,0,14,Plastic bottle,1-3,Sometimes,Every month,No
2461,user448@gmail.com,6+,Small house,Resident_448,120/2,,,Main Road,Near School,Ward 1,Municipality,Pathanamthitta,684077,6,11,Plastic packet,1-3,Never,Every month,No
2462,user449@gmail.com,4-5,Large house,Resident_449,392/1,,,Main Road,Near School,Ward 15,Municipality,Kottayam,689908,4,7,Loose / refill,1-3,Always,Every 2-3 months,No
2463,user450@gmail.com,6+,Large house,Resident_450,97/15,,,Main Road,Near School,Ward 10,Municipality,Kottayam,670960,3,7,Plastic bottle,1-3,Always,Never,No
2464,user451@gmail.com,4-5,Small house,Resident_451,81/15,,,Main Road,Near School,Ward 22,Municipality,Palakkad,685925,4,17,Plastic packet,None,Sometimes,Every 2-3 months,No
2465,user452@gmail.com,2-3,Large house,Resident_452,440/19,,,Main Road,Near School,Ward 17,Municipality,Wayanad,686494,3,15,Plastic bottle,None,Never,Never,No
2466,user453@gmail.com,1,Large house,Resident_453,325/19,,,Main Road,Near School,Ward 22,Municipality,Ernakulam,681575,1,17,Plastic bottle,7+,Always,Rarely,No
2467,user454@gmail.com,2-3,Small house,Resident_454,27/12,,,Main Road,Near School,Ward 9,Municipality,Kozhikode,680268,1,17,Plastic packet,1-3,Sometimes,Every 2-3 months,Yes
2468,user455@gmail.com,4-5,Apartment,Resident_455,133/12,,,Main Road,Near School,Ward 2,Municipality,Thrissur,675575,4,4,Plastic bottle,4-7,Never,Never,No
2469,user456@gmail.com,4-5,Small house,Resident_456,222/18,,,Main Road,Near School,Ward 11,Municipality,Idukki,675877,2,13,Loose / refill,None,Always,Never,Yes
2470,user457@gmail.com,4-5,Small house,Resident_457,110/8,,,Main Road,Near School,Ward 11,Municipality,Thrissur,685182,3,7,Loose / refill,None,Never,Every month,Yes
2471,user458@gmail.com,1,Small house,Resident_458,448/19,,,Main Road,Near School,Ward 14,Municipality,Kollam,683571,0,12,Plastic bottle,7+,Never,Rarely,Yes
2472,user459@gmail.com,4-5,Large house,Resident_459,272/7,,,Main Road,Near School,Ward 9,Municipality,Wayanad,673568,4,13,Plastic packet,None,Never,Rarely,No
2473,user460@gmail.com,1,Small house,Resident_460,77/9,,,Main Road,Near School,Ward 21,Municipality,Ernakulam,679866,0,19,Plastic packet,4-7,Always,Rarely,No
2474,user461@gmail.com,2-3,Apartment,Resident_461,360/17,,,Main Road,Near School,Ward 8,Municipality,Wayanad,677172,2,8,Loose / refill,None,Never,Rarely,No
2475,user462@gmail.com,6+,Small house,Resident_462,499/9,,,Main Road,Near School,Ward 10,Municipality,Kannur,681224,4,18,Plastic bottle,None,Always,Never,Yes
2476,user463@gmail.com,2-3,Large house,Resident_463,486/11,,,Main Road,Near School,Ward 9,Municipality,Kasaragod,670493,2,13,Plastic packet,None,Sometimes,Every 2-3 months,Yes
2477,user464@gmail.com,4-5,Large house,Resident_464,306/10,,,Main Road,Near School,Ward 13,Municipality,Kozhikode,676222,4,18,Plastic packet,4-7,Never,Every 2-3 months,No
2478,user465@gmail.com,4-5,Apartment,Resident_465,163/20,,,Main Road,Near School,Ward 21,Municipality,Pathanamthitta,687595,4,2,Plastic packet,7+,Always,Every 2-3 months,Yes
2479,user466@gmail.com,6+,Apartment,Resident_466,263/18,,,Main Road,Near School,Ward 16,Municipality,Kozhikode,679288,5,7,Plastic packet,4-7,Sometimes,Every 2-3 months,No
2480,user467@gmail.com,1,Small house,Resident_467,416/6,,,Main Road,Near School,Ward 12,Municipality,Alappuzha,683939,0,12,Plastic bottle,7+,Always,Every month,Yes
2481,user468@gmail.com,6+,Large house,Resident_468,222/16,,,Main Road,Near School,Ward 24,Municipality,Kollam,688890,5,6,Loose / refill,1-3,Never,Rarely,Yes
2482,user469@gmail.com,4-5,Apartment,Resident_469,494/18,,,Main Road,Near School,Ward 22,Municipality,Thrissur,688879,4,11,Loose / refill,4-7,Sometimes,Never,No
2483,user470@gmail.com,2-3,Large house,Resident_470,272/5,,,Main Road,Near School,Ward 22,Municipality,Palakkad,679267,1,19,Plastic packet,None,Always,Rarely,No
2484,user471@gmail.com,2-3,Large house,Resident_471,287/3,,,Main Road,Near School,Ward 23,Municipality,Kottayam,676797,3,14,Loose / refill,4-7,Always,Never,Yes
2485,user472@gmail.com,2-3,Small house,Resident_472,357/20,,,Main Road,Near School,Ward 19,Municipality,Kannur,686481,2,14,Plastic packet,1-3,Sometimes,Rarely,No
2486,user473@gmail.com,4-5,Large house,Resident_473,474/6,,,Main Road,Near School,Ward 21,Municipality,Kannur,683673,3,16,Plastic bottle,None,Never,Every 2-3 months,Yes
2487,user474@gmail.com,4-5,Small house,Resident_474,136/4,,,Main Road,Near School,Ward 14,Municipality,Kasaragod,685725,4,15,Loose / refill,1-3,Sometimes,Rarely,No
2488,user475@gmail.com,2-3,Small house,Resident_475,305/11,,,Main Road,Near School,Ward 2,Municipality,Kannur,681239,1,12,Plastic packet,7+,Always,Every 2-3 months,No
2489,user476@gmail.com,2-3,Large house,Resident_476,61/14,,,Main Road,Near School,Ward 25,Municipality,Alappuzha,674764,3,18,Plastic packet,None,Never,Rarely,Yes
2490,user477@gmail.com,4-5,Large house,Resident_477,417/16,,,Main Road,Near School,Ward 14,Municipality,Wayanad,681459,2,7,Plastic bottle,None,Sometimes,Every 2-3 months,No
2491,user478@gmail.com,2-3,Small house,Resident_478,204/10,,,Main Road,Near School,Ward 20,Municipality,Palakkad,689887,1,16,Loose / refill,None,Never,Never,Yes
2492,user479@gmail.com,6+,Apartment,Resident_479,45/10,,,Main Road,Near School,Ward 12,Municipality,Idukki,683424,6,6,Plastic packet,1-3,Always,Never,No
2493,user480@gmail.com,1,Small house,Resident_480,288/10,,,Main Road,Near School,Ward 17,Municipality,Kannur,673224,1,20,Loose / refill,None,Never,Rarely,Yes
2494,user481@gmail.com,2-3,Apartment,Resident_481,415/4,,,Main Road,Near School,Ward 12,Municipality,Thrissur,684661,2,3,Plastic bottle,4-7,Never,Every month,No
2495,user482@gmail.com,1,Large house,Resident_482,243/10,,,Main Road,Near School,Ward 19,Municipality,Kottayam,689545,1,17,Plastic packet,7+,Never,Rarely,Yes
2496,user483@gmail.com,4-5,Large house,Resident_483,64/17,,,Main Road,Near School,Ward 5,Municipality,Thrissur,687396,4,6,Plastic packet,4-7,Never,Every month,Yes
2497,user484@gmail.com,4-5,Apartment,Resident_484,498/13,,,Main Road,Near School,Ward 10,Municipality,Ernakulam,676385,2,10,Loose / refill,1-3,Always,Never,No
2498,user485@gmail.com,4-5,Apartment,Resident_485,322/5,,,Main Road,Near School,Ward 15,Municipality,Ernakulam,685488,2,8,Plastic packet,1-3,Never,Rarely,Yes
2499,user486@gmail.com,2-3,Apartment,Resident_486,72/1,,,Main Road,Near School,Ward 18,Municipality,Idukki,674180,1,19,Loose / refill,7+,Always,Every month,Yes
2500,user487@gmail.com,4-5,Apartment,Resident_487,414/10,,,Main Road,Near School,Ward 20,Municipality,Idukki,673557,4,18,Loose / refill,4-7,Sometimes,Rarely,No
2501,user488@gmail.com,2-3,Apartment,Resident_488,375/14,,,Main Road,Near School,Ward 18,Municipality,Kannur,683868,3,8,Plastic bottle,None,Never,Never,Yes
2502,user489@gmail.com,4-5,Small house,Resident_489,187/4,,,Main Road,Near School,Ward 19,Municipality,Kozhikode,673857,2,7,Plastic packet,4-7,Never,Rarely,Yes
2503,user490@gmail.com,2-3,Apartment,Resident_490,259/10,,,Main Road,Near School,Ward 4,Municipality,Malappuram,679728,3,10,Loose / refill,1-3,Never,Rarely,Yes
2504,user491@gmail.com,6+,Apartment,Resident_491,95/6,,,Main Road,Near School,Ward 6,Municipality,Kannur,679357,5,10,Plastic bottle,None,Never,Rarely,Yes
2505,user492@gmail.com,2-3,Apartment,Resident_492,267/16,,,Main Road,Near School,Ward 8,Municipality,Kasaragod,671579,1,5,Plastic bottle,4-7,Never,Every 2-3 months,Yes
2506,user493@gmail.com,2-3,Large house,Resident_493,287/5,,,Main Road,Near School,Ward 8,Municipality,Idukki,688655,3,14,Plastic packet,7+,Sometimes,Every month,Yes
2507,user494@gmail.com,6+,Small house,Resident_494,358/8,,,Main Road,Near School,Ward 13,Municipality,Alappuzha,687570,6,9,Loose / refill,1-3,Sometimes,Every month,Yes
2508,user495@gmail.com,2-3,Large house,Resident_495,188/18,,,Main Road,Near School,Ward 20,Municipality,Kannur,677821,2,5,Plastic bottle,7+,Never,Rarely,Yes
2509,user496@gmail.com,2-3,Apartment,Resident_496,497/1,,,Main Road,Near School,Ward 4,Municipality,Kozhikode,685289,1,16,Plastic bottle,None,Always,Every month,Yes
2510,user497@gmail.com,4-5,Small house,Resident_497,81/2,,,Main Road,Near School,Ward 17,Municipality,Palakkad,679046,4,6,Plastic packet,None,Never,Every 2-3 months,No
2511,user498@gmail.com,6+,Small house,Resident_498,314/8,,,Main Road,Near School,Ward 2,Municipality,Thrissur,671681,4,13,Loose / refill,1-3,Always,Every month,No
2512,user499@gmail.com,2-3,Small house,Resident_499,8/15,,,Main Road,Near School,Ward 20,Municipality,Wayanad,673341,3,12,Plastic packet,1-3,Always,Every 2-3 months,No
2513,user500@gmail.com,6+,Apartment,Resident_500,482/4,,,Main Road,Near School,Ward 13,Municipality,Thiruvananthapuram,686525,6,3,Loose / refill,4-7,Sometimes,Never,No
2514,user1@gmail.com,4-5,Large house,Resident_1,446/17,,,Main Road,Near School,Ward 4,Municipality,Kottayam,680657,2,7,Plastic bottle,None,Never,Every 2-3 months,Yes
2515,user2@gmail.com,2-3,Large house,Resident_2,399/2,,,Main Road,Near School,Ward 5,Municipality,Thrissur,685171,1,16,Plastic packet,4-7,Always,Every month,Yes
2516,user3@gmail.com,2-3,Small house,Resident_3,92/16,,,Main Road,Near School,Ward 24,Municipality,Alappuzha,670729,1,14,Loose / refill,None,Never,Rarely,Yes
2517,user4@gmail.com,4-5,Small house,Resident_4,169/1,,,Main Road,Near School,Ward 16,Municipality,Thrissur,689475,4,7,Plastic bottle,7+,Sometimes,Every month,Yes
2518,user5@gmail.com,4-5,Large house,Resident_5,125/2,,,Main Road,Near School,Ward 6,Municipality,Kottayam,681434,4,7,Plastic packet,1-3,Never,Rarely,Yes
2519,user6@gmail.com,2-3,Large house,Resident_6,171/8,,,Main Road,Near School,Ward 10,Municipality,Kottayam,673742,3,14,Plastic bottle,7+,Always,Rarely,No
2520,user7@gmail.com,4-5,Apartment,Resident_7,207/18,,,Main Road,Near School,Ward 11,Municipality,Kannur,687443,3,9,Plastic bottle,4-7,Always,Every month,Yes
2521,user8@gmail.com,4-5,Apartment,Resident_8,356/7,,,Main Road,Near School,Ward 17,Municipality,Kannur,684857,2,4,Plastic packet,1-3,Never,Every 2-3 months,No
2522,user9@gmail.com,4-5,Large house,Resident_9,431/16,,,Main Road,Near School,Ward 3,Municipality,Ernakulam,675208,2,20,Loose / refill,7+,Sometimes,Every month,Yes
2523,user10@gmail.com,4-5,Large house,Resident_10,230/19,,,Main Road,Near School,Ward 2,Municipality,Kannur,689959,2,10,Plastic bottle,7+,Always,Every month,Yes
2524,user11@gmail.com,6+,Small house,Resident_11,36/10,,,Main Road,Near School,Ward 17,Municipality,Kozhikode,679345,5,7,Loose / refill,4-7,Never,Every 2-3 months,Yes
2525,user12@gmail.com,2-3,Apartment,Resident_12,466/5,,,Main Road,Near School,Ward 20,Municipality,Idukki,684548,1,17,Plastic packet,None,Always,Every 2-3 months,Yes
2526,user13@gmail.com,4-5,Apartment,Resident_13,80/1,,,Main Road,Near School,Ward 9,Municipality,Kottayam,688432,2,12,Loose / refill,None,Sometimes,Rarely,No
2527,user14@gmail.com,6+,Apartment,Resident_14,393/20,,,Main Road,Near School,Ward 14,Municipality,Thrissur,681648,6,15,Plastic bottle,7+,Never,Never,No
2528,user15@gmail.com,4-5,Small house,Resident_15,474/3,,,Main Road,Near School,Ward 8,Municipality,Malappuram,679551,3,7,Loose / refill,7+,Always,Every month,Yes
2529,user16@gmail.com,1,Large house,Resident_16,353/5,,,Main Road,Near School,Ward 14,Municipality,Wayanad,684748,1,12,Plastic bottle,1-3,Never,Never,Yes
2530,user17@gmail.com,2-3,Apartment,Resident_17,450/14,,,Main Road,Near School,Ward 19,Municipality,Thrissur,677462,1,4,Plastic packet,None,Always,Every month,No
2531,user18@gmail.com,2-3,Apartment,Resident_18,421/2,,,Main Road,Near School,Ward 14,Municipality,Pathanamthitta,676128,1,17,Plastic bottle,7+,Never,Every month,No
2532,user19@gmail.com,6+,Small house,Resident_19,38/7,,,Main Road,Near School,Ward 15,Municipality,Thiruvananthapuram,675448,5,15,Loose / refill,1-3,Always,Every 2-3 months,No
2533,user20@gmail.com,6+,Small house,Resident_20,60/2,,,Main Road,Near School,Ward 20,Municipality,Alappuzha,682114,4,14,Plastic bottle,7+,Sometimes,Every 2-3 months,Yes
2534,user21@gmail.com,4-5,Small house,Resident_21,355/9,,,Main Road,Near School,Ward 22,Municipality,Idukki,687084,4,15,Plastic bottle,None,Never,Every 2-3 months,Yes
2535,user22@gmail.com,6+,Small house,Resident_22,90/7,,,Main Road,Near School,Ward 12,Municipality,Pathanamthitta,679468,4,17,Loose / refill,None,Sometimes,Never,Yes
2536,user23@gmail.com,1,Small house,Resident_23,393/12,,,Main Road,Near School,Ward 18,Municipality,Ernakulam,682955,0,14,Loose / refill,None,Never,Never,Yes
2537,user24@gmail.com,2-3,Apartment,Resident_24,271/13,,,Main Road,Near School,Ward 25,Municipality,Kannur,672669,3,3,Loose / refill,1-3,Never,Every month,Yes
2538,user25@gmail.com,6+,Large house,Resident_25,299/3,,,Main Road,Near School,Ward 3,Municipality,Kozhikode,670278,5,6,Plastic packet,4-7,Sometimes,Every month,No
2539,user26@gmail.com,4-5,Apartment,Resident_26,338/19,,,Main Road,Near School,Ward 1,Municipality,Thiruvananthapuram,674946,3,10,Plastic packet,1-3,Always,Every month,No
2540,user27@gmail.com,2-3,Large house,Resident_27,462/12,,,Main Road,Near School,Ward 1,Municipality,Kollam,671009,2,11,Plastic packet,7+,Never,Every month,No
2541,user28@gmail.com,2-3,Small house,Resident_28,272/2,,,Main Road,Near School,Ward 5,Municipality,Wayanad,680947,3,15,Plastic packet,4-7,Sometimes,Every 2-3 months,No
2542,user29@gmail.com,4-5,Small house,Resident_29,374/16,,,Main Road,Near School,Ward 25,Municipality,Ernakulam,673620,4,12,Plastic packet,None,Sometimes,Every month,No
2543,user30@gmail.com,2-3,Large house,Resident_30,104/15,,,Main Road,Near School,Ward 8,Municipality,Thrissur,674397,3,18,Plastic packet,4-7,Never,Every month,Yes
2544,user31@gmail.com,4-5,Large house,Resident_31,235/10,,,Main Road,Near School,Ward 21,Municipality,Kozhikode,680158,2,4,Plastic bottle,None,Sometimes,Never,Yes
2545,user32@gmail.com,2-3,Apartment,Resident_32,117/16,,,Main Road,Near School,Ward 16,Municipality,Ernakulam,687208,1,15,Plastic packet,1-3,Never,Every month,Yes
2546,user33@gmail.com,2-3,Small house,Resident_33,61/10,,,Main Road,Near School,Ward 22,Municipality,Kottayam,673217,1,18,Plastic bottle,1-3,Always,Every 2-3 months,No
2547,user34@gmail.com,2-3,Small house,Resident_34,105/4,,,Main Road,Near School,Ward 11,Municipality,Kannur,670085,3,10,Plastic packet,4-7,Always,Every 2-3 months,Yes
2548,user35@gmail.com,2-3,Apartment,Resident_35,431/10,,,Main Road,Near School,Ward 22,Municipality,Ernakulam,685588,3,11,Plastic packet,4-7,Always,Every 2-3 months,No
2549,user36@gmail.com,4-5,Large house,Resident_36,137/10,,,Main Road,Near School,Ward 23,Municipality,Thiruvananthapuram,675052,4,16,Plastic bottle,1-3,Sometimes,Every 2-3 months,Yes
2550,user37@gmail.com,4-5,Small house,Resident_37,44/6,,,Main Road,Near School,Ward 19,Municipality,Kannur,673908,3,7,Loose / refill,7+,Sometimes,Rarely,No
2551,user38@gmail.com,4-5,Apartment,Resident_38,43/15,,,Main Road,Near School,Ward 17,Municipality,Pathanamthitta,684914,4,20,Plastic bottle,4-7,Sometimes,Every month,No
2552,user39@gmail.com,4-5,Large house,Resident_39,126/14,,,Main Road,Near School,Ward 20,Municipality,Idukki,670609,2,10,Plastic packet,1-3,Sometimes,Every 2-3 months,No
2553,user40@gmail.com,4-5,Apartment,Resident_40,267/13,,,Main Road,Near School,Ward 6,Municipality,Thrissur,670482,3,7,Plastic bottle,7+,Never,Every month,Yes
2554,user41@gmail.com,4-5,Large house,Resident_41,230/11,,,Main Road,Near School,Ward 18,Municipality,Thrissur,680187,3,15,Loose / refill,1-3,Never,Never,Yes
2555,user42@gmail.com,6+,Large house,Resident_42,140/19,,,Main Road,Near School,Ward 21,Municipality,Alappuzha,675915,5,15,Plastic bottle,7+,Always,Never,No
2556,user43@gmail.com,4-5,Small house,Resident_43,272/17,,,Main Road,Near School,Ward 3,Municipality,Wayanad,675213,4,20,Plastic bottle,7+,Never,Never,Yes
2557,user44@gmail.com,1,Small house,Resident_44,135/18,,,Main Road,Near School,Ward 14,Municipality,Kollam,672466,1,9,Loose / refill,4-7,Never,Rarely,Yes
2558,user45@gmail.com,6+,Apartment,Resident_45,92/12,,,Main Road,Near School,Ward 6,Municipality,Ernakulam,674354,4,10,Loose / refill,4-7,Sometimes,Never,Yes
2559,user46@gmail.com,4-5,Apartment,Resident_46,11/1,,,Main Road,Near School,Ward 11,Municipality,Kannur,681028,4,5,Plastic packet,None,Sometimes,Never,Yes
2560,user47@gmail.com,4-5,Large house,Resident_47,83/17,,,Main Road,Near School,Ward 12,Municipality,Wayanad,671842,2,15,Loose / refill,7+,Never,Never,Yes
2561,user48@gmail.com,2-3,Large house,Resident_48,220/7,,,Main Road,Near School,Ward 6,Municipality,Thrissur,683379,1,7,Plastic packet,7+,Always,Never,Yes
2562,user49@gmail.com,2-3,Large house,Resident_49,287/10,,,Main Road,Near School,Ward 6,Municipality,Palakkad,688102,2,3,Plastic packet,None,Sometimes,Every 2-3 months,No
2563,user50@gmail.com,1,Large house,Resident_50,361/1,,,Main Road,Near School,Ward 2,Municipality,Alappuzha,688164,0,17,Loose / refill,7+,Never,Every month,No
2564,user51@gmail.com,4-5,Apartment,Resident_51,33/7,,,Main Road,Near School,Ward 11,Municipality,Kasaragod,685850,3,19,Plastic packet,1-3,Sometimes,Every month,No
2565,user52@gmail.com,2-3,Apartment,Resident_52,248/12,,,Main Road,Near School,Ward 15,Municipality,Thrissur,685222,3,17,Loose / refill,4-7,Always,Never,No
2566,user53@gmail.com,4-5,Small house,Resident_53,169/1,,,Main Road,Near School,Ward 2,Municipality,Palakkad,684273,2,16,Loose / refill,4-7,Always,Never,Yes
2567,user54@gmail.com,1,Large house,Resident_54,387/2,,,Main Road,Near School,Ward 10,Municipality,Kasaragod,672315,1,4,Plastic packet,1-3,Sometimes,Every month,Yes
2568,user55@gmail.com,4-5,Small house,Resident_55,387/12,,,Main Road,Near School,Ward 22,Municipality,Kottayam,688939,3,8,Plastic bottle,7+,Never,Every 2-3 months,Yes
2569,user56@gmail.com,2-3,Large house,Resident_56,114/9,,,Main Road,Near School,Ward 8,Municipality,Idukki,681831,3,19,Plastic bottle,1-3,Always,Rarely,No
2570,user57@gmail.com,4-5,Small house,Resident_57,341/11,,,Main Road,Near School,Ward 1,Municipality,Kasaragod,676735,3,2,Plastic packet,4-7,Sometimes,Rarely,Yes
2571,user58@gmail.com,2-3,Apartment,Resident_58,56/6,,,Main Road,Near School,Ward 19,Municipality,Kozhikode,674546,3,6,Plastic bottle,1-3,Never,Every 2-3 months,Yes
2572,user59@gmail.com,6+,Apartment,Resident_59,309/7,,,Main Road,Near School,Ward 4,Municipality,Malappuram,686107,6,3,Plastic packet,4-7,Sometimes,Every month,Yes
2573,user60@gmail.com,4-5,Apartment,Resident_60,41/19,,,Main Road,Near School,Ward 23,Municipality,Alappuzha,679917,4,13,Plastic packet,None,Always,Every 2-3 months,No
2574,user61@gmail.com,4-5,Small house,Resident_61,318/19,,,Main Road,Near School,Ward 3,Municipality,Thiruvananthapuram,670787,3,13,Loose / refill,None,Sometimes,Every 2-3 months,No
2575,user62@gmail.com,1,Apartment,Resident_62,184/18,,,Main Road,Near School,Ward 13,Municipality,Ernakulam,688993,1,10,Loose / refill,None,Always,Rarely,No
2576,user63@gmail.com,6+,Large house,Resident_63,364/5,,,Main Road,Near School,Ward 9,Municipality,Kozhikode,687610,6,2,Loose / refill,4-7,Sometimes,Never,No
2577,user64@gmail.com,4-5,Large house,Resident_64,2/2,,,Main Road,Near School,Ward 9,Municipality,Pathanamthitta,682117,2,19,Plastic bottle,1-3,Always,Every month,No
2578,user65@gmail.com,1,Small house,Resident_65,5/7,,,Main Road,Near School,Ward 3,Municipality,Alappuzha,681264,1,13,Plastic bottle,1-3,Sometimes,Never,No
2579,user66@gmail.com,6+,Large house,Resident_66,212/7,,,Main Road,Near School,Ward 15,Municipality,Wayanad,672064,5,11,Loose / refill,None,Sometimes,Every 2-3 months,No
2580,user67@gmail.com,4-5,Apartment,Resident_67,268/13,,,Main Road,Near School,Ward 4,Municipality,Kozhikode,681125,2,14,Loose / refill,1-3,Always,Never,No
2581,user68@gmail.com,2-3,Large house,Resident_68,367/11,,,Main Road,Near School,Ward 17,Municipality,Thiruvananthapuram,672692,2,5,Loose / refill,1-3,Never,Every 2-3 months,Yes
2582,user69@gmail.com,4-5,Large house,Resident_69,230/12,,,Main Road,Near School,Ward 4,Municipality,Wayanad,675836,4,5,Plastic bottle,4-7,Always,Rarely,No
2583,user70@gmail.com,2-3,Small house,Resident_70,342/12,,,Main Road,Near School,Ward 2,Municipality,Kollam,678346,3,6,Loose / refill,1-3,Sometimes,Every 2-3 months,No
2584,user71@gmail.com,4-5,Apartment,Resident_71,282/6,,,Main Road,Near School,Ward 15,Municipality,Kannur,676423,4,15,Plastic bottle,None,Always,Every 2-3 months,No
2585,user72@gmail.com,4-5,Large house,Resident_72,379/15,,,Main Road,Near School,Ward 5,Municipality,Malappuram,689305,2,18,Loose / refill,7+,Always,Never,No
2586,user73@gmail.com,1,Large house,Resident_73,329/14,,,Main Road,Near School,Ward 3,Municipality,Kollam,684407,0,14,Loose / refill,1-3,Always,Every 2-3 months,No
2587,user74@gmail.com,4-5,Apartment,Resident_74,477/19,,,Main Road,Near School,Ward 22,Municipality,Kasaragod,683843,2,18,Loose / refill,4-7,Sometimes,Never,Yes
2588,user75@gmail.com,4-5,Apartment,Resident_75,250/1,,,Main Road,Near School,Ward 14,Municipality,Wayanad,670364,2,18,Plastic packet,4-7,Sometimes,Rarely,No
2589,user76@gmail.com,1,Large house,Resident_76,412/9,,,Main Road,Near School,Ward 17,Municipality,Kollam,676362,0,12,Plastic packet,None,Sometimes,Every 2-3 months,Yes
2590,user77@gmail.com,2-3,Large house,Resident_77,456/15,,,Main Road,Near School,Ward 18,Municipality,Kottayam,674384,1,20,Plastic bottle,7+,Never,Never,Yes
2591,user78@gmail.com,4-5,Apartment,Resident_78,353/9,,,Main Road,Near School,Ward 11,Municipality,Kasaragod,688286,2,2,Plastic bottle,None,Never,Never,Yes
2592,user79@gmail.com,4-5,Small house,Resident_79,109/5,,,Main Road,Near School,Ward 2,Municipality,Kottayam,676130,3,18,Plastic packet,None,Sometimes,Every month,Yes
2593,user80@gmail.com,4-5,Large house,Resident_80,81/2,,,Main Road,Near School,Ward 20,Municipality,Kozhikode,688376,2,6,Plastic bottle,1-3,Never,Every month,No
2594,user81@gmail.com,2-3,Large house,Resident_81,221/10,,,Main Road,Near School,Ward 16,Municipality,Kollam,673913,1,17,Loose / refill,1-3,Sometimes,Rarely,No
2595,user82@gmail.com,2-3,Large house,Resident_82,444/2,,,Main Road,Near School,Ward 23,Municipality,Ernakulam,681169,2,18,Plastic packet,7+,Sometimes,Every month,Yes
2596,user83@gmail.com,4-5,Small house,Resident_83,17/7,,,Main Road,Near School,Ward 14,Municipality,Alappuzha,682705,4,12,Plastic bottle,1-3,Sometimes,Rarely,Yes
2597,user84@gmail.com,6+,Large house,Resident_84,140/1,,,Main Road,Near School,Ward 15,Municipality,Palakkad,677749,3,3,Plastic bottle,None,Always,Every 2-3 months,No
2598,user85@gmail.com,6+,Large house,Resident_85,61/5,,,Main Road,Near School,Ward 22,Municipality,Alappuzha,670595,5,19,Plastic packet,1-3,Sometimes,Never,No
2599,user86@gmail.com,4-5,Large house,Resident_86,12/8,,,Main Road,Near School,Ward 17,Municipality,Thiruvananthapuram,686226,2,13,Plastic packet,1-3,Always,Every 2-3 months,No
2600,user87@gmail.com,6+,Small house,Resident_87,399/12,,,Main Road,Near School,Ward 5,Municipality,Kottayam,681890,3,2,Plastic bottle,7+,Sometimes,Every month,No
2601,user88@gmail.com,6+,Large house,Resident_88,402/9,,,Main Road,Near School,Ward 22,Municipality,Kannur,687265,3,16,Plastic bottle,1-3,Never,Every month,Yes
2602,user89@gmail.com,6+,Large house,Resident_89,439/18,,,Main Road,Near School,Ward 20,Municipality,Ernakulam,671698,3,13,Plastic packet,1-3,Never,Every month,No
2603,user90@gmail.com,6+,Apartment,Resident_90,253/4,,,Main Road,Near School,Ward 5,Municipality,Thiruvananthapuram,676230,4,10,Plastic bottle,1-3,Never,Rarely,No
2604,user91@gmail.com,4-5,Apartment,Resident_91,475/18,,,Main Road,Near School,Ward 1,Municipality,Kasaragod,689331,4,16,Loose / refill,None,Never,Every 2-3 months,Yes
2605,user92@gmail.com,4-5,Small house,Resident_92,405/12,,,Main Road,Near School,Ward 7,Municipality,Kottayam,680604,3,14,Loose / refill,None,Always,Every 2-3 months,No
2606,user93@gmail.com,2-3,Large house,Resident_93,237/9,,,Main Road,Near School,Ward 8,Municipality,Kannur,673044,3,12,Plastic packet,None,Never,Every 2-3 months,No
2607,user94@gmail.com,4-5,Large house,Resident_94,439/6,,,Main Road,Near School,Ward 12,Municipality,Kozhikode,679224,4,13,Plastic packet,1-3,Always,Every 2-3 months,Yes
2608,user95@gmail.com,2-3,Apartment,Resident_95,391/19,,,Main Road,Near School,Ward 23,Municipality,Alappuzha,684277,3,11,Plastic bottle,4-7,Always,Every 2-3 months,Yes
2609,user96@gmail.com,4-5,Apartment,Resident_96,420/14,,,Main Road,Near School,Ward 25,Municipality,Kannur,675709,4,20,Loose / refill,7+,Never,Every month,Yes
2610,user97@gmail.com,1,Small house,Resident_97,183/20,,,Main Road,Near School,Ward 5,Municipality,Kottayam,675027,0,9,Loose / refill,7+,Always,Rarely,Yes
2611,user98@gmail.com,2-3,Small house,Resident_98,329/18,,,Main Road,Near School,Ward 24,Municipality,Thrissur,681408,2,8,Loose / refill,None,Always,Every month,Yes
2612,user99@gmail.com,2-3,Large house,Resident_99,496/6,,,Main Road,Near School,Ward 15,Municipality,Wayanad,675450,2,17,Loose / refill,7+,Always,Every month,No
2613,user100@gmail.com,4-5,Apartment,Resident_100,454/20,,,Main Road,Near School,Ward 13,Municipality,Thiruvananthapuram,676298,3,11,Plastic packet,None,Sometimes,Rarely,No
2614,user101@gmail.com,2-3,Large house,Resident_101,335/20,,,Main Road,Near School,Ward 3,Municipality,Kozhikode,686793,1,17,Plastic bottle,7+,Never,Every 2-3 months,No
2615,user102@gmail.com,4-5,Large house,Resident_102,346/12,,,Main Road,Near School,Ward 13,Municipality,Kozhikode,685701,3,17,Loose / refill,4-7,Sometimes,Every 2-3 months,Yes
2616,user103@gmail.com,6+,Apartment,Resident_103,325/12,,,Main Road,Near School,Ward 16,Municipality,Pathanamthitta,684407,4,8,Plastic packet,4-7,Never,Never,No
2617,user104@gmail.com,2-3,Small house,Resident_104,286/2,,,Main Road,Near School,Ward 24,Municipality,Kasaragod,679682,1,5,Plastic packet,1-3,Sometimes,Every month,Yes
2618,user105@gmail.com,2-3,Large house,Resident_105,238/9,,,Main Road,Near School,Ward 6,Municipality,Thrissur,681734,3,7,Plastic bottle,4-7,Never,Never,No
2619,user106@gmail.com,2-3,Small house,Resident_106,262/6,,,Main Road,Near School,Ward 15,Municipality,Malappuram,680457,1,11,Plastic bottle,1-3,Sometimes,Every 2-3 months,No
2620,user107@gmail.com,4-5,Large house,Resident_107,322/14,,,Main Road,Near School,Ward 21,Municipality,Kozhikode,686507,2,3,Loose / refill,1-3,Sometimes,Rarely,No
2621,user108@gmail.com,2-3,Apartment,Resident_108,341/2,,,Main Road,Near School,Ward 25,Municipality,Alappuzha,687093,1,12,Plastic bottle,1-3,Sometimes,Every 2-3 months,Yes
2622,user109@gmail.com,1,Large house,Resident_109,29/20,,,Main Road,Near School,Ward 24,Municipality,Pathanamthitta,688983,1,18,Plastic bottle,7+,Never,Never,Yes
2623,user110@gmail.com,2-3,Apartment,Resident_110,498/18,,,Main Road,Near School,Ward 20,Municipality,Palakkad,686367,3,16,Plastic packet,None,Sometimes,Never,Yes
2624,user111@gmail.com,4-5,Apartment,Resident_111,98/17,,,Main Road,Near School,Ward 16,Municipality,Idukki,689102,2,10,Plastic packet,1-3,Sometimes,Rarely,No
2625,user112@gmail.com,2-3,Apartment,Resident_112,184/2,,,Main Road,Near School,Ward 3,Municipality,Ernakulam,679839,2,5,Plastic bottle,1-3,Never,Every month,No
2626,user113@gmail.com,4-5,Large house,Resident_113,232/19,,,Main Road,Near School,Ward 22,Municipality,Pathanamthitta,679546,2,10,Loose / refill,7+,Sometimes,Every 2-3 months,No
2627,user114@gmail.com,2-3,Apartment,Resident_114,254/20,,,Main Road,Near School,Ward 13,Municipality,Kozhikode,679097,3,9,Plastic bottle,None,Sometimes,Never,Yes
2628,user115@gmail.com,2-3,Small house,Resident_115,366/1,,,Main Road,Near School,Ward 8,Municipality,Ernakulam,677853,3,18,Plastic bottle,4-7,Never,Every 2-3 months,No
2629,user116@gmail.com,2-3,Apartment,Resident_116,130/20,,,Main Road,Near School,Ward 22,Municipality,Ernakulam,686203,3,13,Loose / refill,4-7,Never,Never,No
2630,user117@gmail.com,6+,Apartment,Resident_117,420/2,,,Main Road,Near School,Ward 5,Municipality,Malappuram,680887,3,4,Plastic bottle,None,Sometimes,Every 2-3 months,Yes
2631,user118@gmail.com,4-5,Apartment,Resident_118,417/5,,,Main Road,Near School,Ward 19,Municipality,Idukki,684751,4,13,Plastic packet,1-3,Never,Every 2-3 months,No
2632,user119@gmail.com,4-5,Small house,Resident_119,146/17,,,Main Road,Near School,Ward 11,Municipality,Alappuzha,678325,4,3,Plastic bottle,4-7,Always,Never,Yes
2633,user120@gmail.com,2-3,Apartment,Resident_120,479/2,,,Main Road,Near School,Ward 6,Municipality,Pathanamthitta,680012,1,17,Loose / refill,7+,Never,Every month,Yes
2634,user121@gmail.com,2-3,Small house,Resident_121,339/17,,,Main Road,Near School,Ward 3,Municipality,Kannur,682372,2,17,Loose / refill,1-3,Sometimes,Rarely,Yes
2635,user122@gmail.com,2-3,Small house,Resident_122,423/19,,,Main Road,Near School,Ward 12,Municipality,Palakkad,673409,1,11,Loose / refill,4-7,Sometimes,Every 2-3 months,No
2636,user123@gmail.com,4-5,Apartment,Resident_123,186/19,,,Main Road,Near School,Ward 24,Municipality,Idukki,676900,3,14,Plastic bottle,4-7,Always,Every month,Yes
2637,user124@gmail.com,4-5,Large house,Resident_124,378/13,,,Main Road,Near School,Ward 24,Municipality,Ernakulam,677435,2,15,Plastic bottle,None,Sometimes,Every 2-3 months,Yes
2638,user125@gmail.com,2-3,Apartment,Resident_125,330/8,,,Main Road,Near School,Ward 24,Municipality,Kasaragod,687929,3,7,Plastic bottle,None,Sometimes,Rarely,No
2639,user126@gmail.com,1,Large house,Resident_126,89/20,,,Main Road,Near School,Ward 4,Municipality,Palakkad,672786,1,12,Plastic packet,7+,Never,Every 2-3 months,No
2640,user127@gmail.com,2-3,Apartment,Resident_127,109/3,,,Main Road,Near School,Ward 14,Municipality,Kannur,686576,3,18,Plastic bottle,7+,Always,Every 2-3 months,No
2641,user128@gmail.com,2-3,Large house,Resident_128,213/8,,,Main Road,Near School,Ward 8,Municipality,Malappuram,680683,1,12,Plastic bottle,None,Sometimes,Never,No
2642,user129@gmail.com,1,Small house,Resident_129,454/9,,,Main Road,Near School,Ward 10,Municipality,Kozhikode,684533,1,8,Loose / refill,7+,Never,Every month,No
2643,user130@gmail.com,6+,Large house,Resident_130,200/9,,,Main Road,Near School,Ward 22,Municipality,Wayanad,686880,4,11,Plastic bottle,7+,Sometimes,Rarely,No
2644,user131@gmail.com,6+,Apartment,Resident_131,287/18,,,Main Road,Near School,Ward 5,Municipality,Palakkad,683215,4,13,Plastic bottle,None,Sometimes,Every month,No
2645,user132@gmail.com,4-5,Apartment,Resident_132,146/19,,,Main Road,Near School,Ward 21,Municipality,Wayanad,687189,2,17,Loose / refill,4-7,Sometimes,Never,Yes
2646,user133@gmail.com,4-5,Apartment,Resident_133,144/15,,,Main Road,Near School,Ward 20,Municipality,Ernakulam,683671,2,19,Plastic bottle,1-3,Sometimes,Every month,No
2647,user134@gmail.com,6+,Large house,Resident_134,200/3,,,Main Road,Near School,Ward 17,Municipality,Malappuram,677522,4,18,Loose / refill,7+,Sometimes,Every month,Yes
2648,user135@gmail.com,4-5,Apartment,Resident_135,286/10,,,Main Road,Near School,Ward 22,Municipality,Kottayam,687256,4,7,Plastic packet,None,Always,Rarely,No
2649,user136@gmail.com,2-3,Small house,Resident_136,164/4,,,Main Road,Near School,Ward 22,Municipality,Idukki,684369,2,2,Loose / refill,None,Never,Never,Yes
2650,user137@gmail.com,4-5,Large house,Resident_137,3/9,,,Main Road,Near School,Ward 3,Municipality,Ernakulam,679803,3,2,Loose / refill,4-7,Always,Every month,No
2651,user138@gmail.com,2-3,Apartment,Resident_138,307/2,,,Main Road,Near School,Ward 22,Municipality,Kollam,670525,2,5,Plastic bottle,7+,Always,Rarely,No
2652,user139@gmail.com,4-5,Small house,Resident_139,133/11,,,Main Road,Near School,Ward 22,Municipality,Ernakulam,676585,3,8,Plastic packet,4-7,Always,Every month,No
2653,user140@gmail.com,2-3,Large house,Resident_140,177/4,,,Main Road,Near School,Ward 21,Municipality,Alappuzha,688057,2,20,Plastic bottle,None,Sometimes,Rarely,Yes
2654,user141@gmail.com,6+,Large house,Resident_141,20/2,,,Main Road,Near School,Ward 25,Municipality,Alappuzha,673391,6,20,Plastic packet,4-7,Always,Never,No
2655,user142@gmail.com,2-3,Apartment,Resident_142,151/3,,,Main Road,Near School,Ward 9,Municipality,Kottayam,672141,1,12,Loose / refill,7+,Never,Never,No
2656,user143@gmail.com,4-5,Small house,Resident_143,101/9,,,Main Road,Near School,Ward 4,Municipality,Ernakulam,671282,3,15,Loose / refill,7+,Never,Every 2-3 months,Yes
2657,user144@gmail.com,4-5,Small house,Resident_144,18/18,,,Main Road,Near School,Ward 5,Municipality,Wayanad,680068,3,2,Plastic bottle,7+,Never,Rarely,No
2658,user145@gmail.com,2-3,Apartment,Resident_145,494/16,,,Main Road,Near School,Ward 11,Municipality,Thrissur,689208,3,8,Loose / refill,7+,Always,Never,No
2659,user146@gmail.com,2-3,Apartment,Resident_146,246/12,,,Main Road,Near School,Ward 19,Municipality,Palakkad,677385,2,6,Plastic packet,1-3,Never,Every month,No
2660,user147@gmail.com,2-3,Large house,Resident_147,24/6,,,Main Road,Near School,Ward 20,Municipality,Kasaragod,672324,2,16,Plastic packet,4-7,Always,Every 2-3 months,No
2661,user148@gmail.com,2-3,Apartment,Resident_148,83/19,,,Main Road,Near School,Ward 12,Municipality,Idukki,673317,1,13,Plastic bottle,None,Never,Every 2-3 months,Yes
2662,user149@gmail.com,4-5,Small house,Resident_149,374/2,,,Main Road,Near School,Ward 22,Municipality,Thiruvananthapuram,681916,3,3,Plastic packet,7+,Never,Every month,No
2663,user150@gmail.com,1,Large house,Resident_150,338/14,,,Main Road,Near School,Ward 8,Municipality,Kottayam,674794,1,8,Plastic packet,4-7,Sometimes,Every 2-3 months,Yes
2664,user151@gmail.com,2-3,Apartment,Resident_151,436/14,,,Main Road,Near School,Ward 1,Municipality,Palakkad,681839,3,15,Loose / refill,None,Always,Rarely,No
2665,user152@gmail.com,6+,Small house,Resident_152,476/20,,,Main Road,Near School,Ward 7,Municipality,Kozhikode,684498,5,8,Loose / refill,1-3,Never,Every month,Yes
2666,user153@gmail.com,2-3,Apartment,Resident_153,255/4,,,Main Road,Near School,Ward 22,Municipality,Ernakulam,672557,2,14,Plastic bottle,1-3,Sometimes,Rarely,Yes
2667,user154@gmail.com,2-3,Large house,Resident_154,481/15,,,Main Road,Near School,Ward 12,Municipality,Palakkad,688092,3,14,Plastic bottle,4-7,Always,Every month,No
2668,user155@gmail.com,2-3,Apartment,Resident_155,221/5,,,Main Road,Near School,Ward 3,Municipality,Kollam,682443,3,7,Plastic packet,4-7,Sometimes,Never,No
2669,user156@gmail.com,1,Small house,Resident_156,134/18,,,Main Road,Near School,Ward 25,Municipality,Thrissur,670765,0,5,Plastic bottle,1-3,Always,Never,No
2670,user157@gmail.com,4-5,Large house,Resident_157,334/11,,,Main Road,Near School,Ward 12,Municipality,Idukki,688448,3,10,Plastic bottle,None,Never,Every 2-3 months,Yes
2671,user158@gmail.com,2-3,Small house,Resident_158,318/7,,,Main Road,Near School,Ward 1,Municipality,Pathanamthitta,682867,3,17,Plastic packet,4-7,Never,Every month,No
2672,user159@gmail.com,2-3,Apartment,Resident_159,259/9,,,Main Road,Near School,Ward 7,Municipality,Kannur,676955,3,7,Plastic packet,None,Always,Rarely,No
2673,user160@gmail.com,4-5,Large house,Resident_160,202/7,,,Main Road,Near School,Ward 11,Municipality,Kasaragod,671433,2,3,Loose / refill,None,Never,Rarely,No
2674,user161@gmail.com,4-5,Small house,Resident_161,343/8,,,Main Road,Near School,Ward 10,Municipality,Thrissur,689952,3,2,Plastic packet,7+,Never,Rarely,No
2675,user162@gmail.com,4-5,Large house,Resident_162,294/16,,,Main Road,Near School,Ward 25,Municipality,Thiruvananthapuram,683417,2,12,Plastic packet,None,Always,Never,Yes
2676,user163@gmail.com,6+,Apartment,Resident_163,134/3,,,Main Road,Near School,Ward 21,Municipality,Ernakulam,688842,3,10,Plastic packet,None,Never,Every 2-3 months,Yes
2677,user164@gmail.com,2-3,Apartment,Resident_164,102/2,,,Main Road,Near School,Ward 2,Municipality,Kollam,684277,1,16,Plastic bottle,1-3,Always,Every 2-3 months,No
2678,user165@gmail.com,2-3,Apartment,Resident_165,127/20,,,Main Road,Near School,Ward 23,Municipality,Malappuram,681485,1,9,Loose / refill,7+,Sometimes,Every month,No
2679,user166@gmail.com,2-3,Small house,Resident_166,438/4,,,Main Road,Near School,Ward 21,Municipality,Thrissur,673164,3,5,Loose / refill,1-3,Sometimes,Every month,Yes
2680,user167@gmail.com,2-3,Large house,Resident_167,244/12,,,Main Road,Near School,Ward 19,Municipality,Alappuzha,682483,2,17,Plastic bottle,4-7,Never,Every 2-3 months,Yes
2681,user168@gmail.com,4-5,Small house,Resident_168,333/8,,,Main Road,Near School,Ward 9,Municipality,Thiruvananthapuram,685645,3,16,Plastic packet,7+,Sometimes,Rarely,No
2682,user169@gmail.com,2-3,Large house,Resident_169,401/9,,,Main Road,Near School,Ward 22,Municipality,Thrissur,686028,2,2,Loose / refill,None,Sometimes,Every month,No
2683,user170@gmail.com,2-3,Small house,Resident_170,305/1,,,Main Road,Near School,Ward 19,Municipality,Kollam,687773,3,7,Plastic bottle,None,Sometimes,Rarely,Yes
2684,user171@gmail.com,6+,Large house,Resident_171,29/12,,,Main Road,Near School,Ward 24,Municipality,Thrissur,681707,6,3,Plastic packet,None,Never,Rarely,Yes
2685,user172@gmail.com,1,Small house,Resident_172,401/13,,,Main Road,Near School,Ward 10,Municipality,Thrissur,680068,1,14,Plastic packet,None,Always,Never,Yes
2686,user173@gmail.com,2-3,Apartment,Resident_173,16/7,,,Main Road,Near School,Ward 18,Municipality,Wayanad,670103,3,14,Plastic bottle,1-3,Never,Never,Yes
2687,user174@gmail.com,2-3,Small house,Resident_174,64/14,,,Main Road,Near School,Ward 24,Municipality,Malappuram,689286,1,15,Plastic bottle,7+,Always,Rarely,Yes
2688,user175@gmail.com,6+,Large house,Resident_175,284/7,,,Main Road,Near School,Ward 3,Municipality,Kozhikode,671556,5,2,Loose / refill,7+,Always,Every 2-3 months,No
2689,user176@gmail.com,4-5,Large house,Resident_176,215/2,,,Main Road,Near School,Ward 14,Municipality,Wayanad,676830,2,18,Plastic bottle,1-3,Always,Never,Yes
2690,user177@gmail.com,4-5,Large house,Resident_177,373/17,,,Main Road,Near School,Ward 7,Municipality,Ernakulam,677697,4,11,Plastic packet,None,Always,Never,No
2691,user178@gmail.com,6+,Large house,Resident_178,95/17,,,Main Road,Near School,Ward 21,Municipality,Idukki,680869,4,4,Loose / refill,None,Never,Every 2-3 months,Yes
2692,user179@gmail.com,4-5,Small house,Resident_179,173/8,,,Main Road,Near School,Ward 13,Municipality,Palakkad,685802,3,6,Loose / refill,None,Always,Rarely,No
2693,user180@gmail.com,2-3,Small house,Resident_180,19/18,,,Main Road,Near School,Ward 7,Municipality,Alappuzha,689592,2,11,Plastic bottle,7+,Never,Every 2-3 months,Yes
2694,user181@gmail.com,2-3,Apartment,Resident_181,482/1,,,Main Road,Near School,Ward 6,Municipality,Thrissur,673299,1,17,Plastic bottle,7+,Sometimes,Never,Yes
2695,user182@gmail.com,2-3,Apartment,Resident_182,290/16,,,Main Road,Near School,Ward 5,Municipality,Idukki,675534,3,5,Plastic bottle,None,Sometimes,Every 2-3 months,Yes
2696,user183@gmail.com,4-5,Small house,Resident_183,461/14,,,Main Road,Near School,Ward 25,Municipality,Ernakulam,671262,4,6,Loose / refill,4-7,Sometimes,Every month,Yes
2697,user184@gmail.com,6+,Large house,Resident_184,224/10,,,Main Road,Near School,Ward 14,Municipality,Kasaragod,680580,5,12,Plastic bottle,7+,Never,Rarely,No
2698,user185@gmail.com,2-3,Apartment,Resident_185,465/7,,,Main Road,Near School,Ward 10,Municipality,Palakkad,677289,3,18,Plastic bottle,None,Sometimes,Every 2-3 months,Yes
2699,user186@gmail.com,6+,Apartment,Resident_186,431/20,,,Main Road,Near School,Ward 16,Municipality,Kollam,683176,5,8,Plastic packet,1-3,Always,Every month,No
2700,user187@gmail.com,4-5,Apartment,Resident_187,198/19,,,Main Road,Near School,Ward 25,Municipality,Kasaragod,688722,3,10,Plastic packet,7+,Always,Every month,No
2701,user188@gmail.com,4-5,Large house,Resident_188,465/9,,,Main Road,Near School,Ward 19,Municipality,Malappuram,686921,4,16,Plastic packet,None,Sometimes,Never,No
2702,user189@gmail.com,4-5,Small house,Resident_189,140/5,,,Main Road,Near School,Ward 23,Municipality,Kannur,671923,2,14,Plastic packet,1-3,Sometimes,Rarely,Yes
2703,user190@gmail.com,2-3,Small house,Resident_190,384/8,,,Main Road,Near School,Ward 1,Municipality,Kannur,687252,2,6,Loose / refill,1-3,Sometimes,Every month,Yes
2704,user191@gmail.com,2-3,Large house,Resident_191,454/18,,,Main Road,Near School,Ward 24,Municipality,Kottayam,683350,3,16,Plastic packet,None,Always,Every month,No
2705,user192@gmail.com,4-5,Large house,Resident_192,112/20,,,Main Road,Near School,Ward 6,Municipality,Ernakulam,678843,3,3,Plastic bottle,4-7,Never,Rarely,Yes
2706,user193@gmail.com,2-3,Large house,Resident_193,96/3,,,Main Road,Near School,Ward 18,Municipality,Thrissur,672559,2,5,Plastic packet,7+,Sometimes,Every month,No
2707,user194@gmail.com,4-5,Apartment,Resident_194,203/3,,,Main Road,Near School,Ward 6,Municipality,Thrissur,687600,4,7,Loose / refill,4-7,Sometimes,Rarely,Yes
2708,user195@gmail.com,4-5,Small house,Resident_195,165/6,,,Main Road,Near School,Ward 19,Municipality,Thiruvananthapuram,685267,2,19,Plastic bottle,None,Always,Every 2-3 months,Yes
2709,user196@gmail.com,2-3,Small house,Resident_196,479/17,,,Main Road,Near School,Ward 20,Municipality,Malappuram,679294,1,3,Plastic bottle,1-3,Never,Rarely,No
2710,user197@gmail.com,2-3,Large house,Resident_197,302/1,,,Main Road,Near School,Ward 9,Municipality,Thrissur,671986,2,10,Plastic bottle,1-3,Never,Never,No
2711,user198@gmail.com,6+,Large house,Resident_198,398/4,,,Main Road,Near School,Ward 2,Municipality,Alappuzha,689171,5,13,Loose / refill,7+,Sometimes,Never,Yes
2712,user199@gmail.com,4-5,Large house,Resident_199,44/13,,,Main Road,Near School,Ward 1,Municipality,Ernakulam,675966,3,6,Plastic packet,1-3,Always,Never,No
2713,user200@gmail.com,4-5,Small house,Resident_200,471/15,,,Main Road,Near School,Ward 15,Municipality,Ernakulam,686343,3,2,Plastic packet,7+,Always,Never,No
2714,user201@gmail.com,2-3,Small house,Resident_201,284/20,,,Main Road,Near School,Ward 21,Municipality,Kollam,671425,2,13,Plastic packet,4-7,Sometimes,Rarely,Yes
2715,user202@gmail.com,4-5,Large house,Resident_202,238/9,,,Main Road,Near School,Ward 5,Municipality,Kasaragod,681254,2,20,Loose / refill,None,Sometimes,Never,No
2716,user203@gmail.com,2-3,Large house,Resident_203,32/19,,,Main Road,Near School,Ward 2,Municipality,Kottayam,682430,1,12,Plastic bottle,None,Always,Every month,Yes
2717,user204@gmail.com,6+,Small house,Resident_204,25/17,,,Main Road,Near School,Ward 17,Municipality,Idukki,675567,4,19,Plastic packet,None,Sometimes,Every month,Yes
2718,user205@gmail.com,4-5,Small house,Resident_205,61/18,,,Main Road,Near School,Ward 6,Municipality,Ernakulam,686202,2,7,Loose / refill,1-3,Always,Never,No
2719,user206@gmail.com,2-3,Large house,Resident_206,102/5,,,Main Road,Near School,Ward 14,Municipality,Kannur,683676,1,12,Loose / refill,1-3,Never,Rarely,Yes
2720,user207@gmail.com,6+,Apartment,Resident_207,350/14,,,Main Road,Near School,Ward 9,Municipality,Pathanamthitta,670202,3,3,Plastic bottle,7+,Sometimes,Every month,No
2721,user208@gmail.com,2-3,Small house,Resident_208,335/1,,,Main Road,Near School,Ward 2,Municipality,Wayanad,674168,1,6,Loose / refill,1-3,Always,Rarely,Yes
2722,user209@gmail.com,4-5,Apartment,Resident_209,481/12,,,Main Road,Near School,Ward 24,Municipality,Pathanamthitta,673518,4,7,Plastic packet,1-3,Sometimes,Every month,No
2723,user210@gmail.com,2-3,Small house,Resident_210,285/7,,,Main Road,Near School,Ward 23,Municipality,Palakkad,671045,2,12,Plastic bottle,1-3,Sometimes,Every 2-3 months,Yes
2724,user211@gmail.com,2-3,Large house,Resident_211,195/11,,,Main Road,Near School,Ward 18,Municipality,Idukki,681819,3,11,Plastic bottle,7+,Always,Every month,Yes
2725,user212@gmail.com,6+,Large house,Resident_212,354/3,,,Main Road,Near School,Ward 10,Municipality,Kasaragod,674223,4,2,Plastic packet,None,Sometimes,Every 2-3 months,Yes
2726,user213@gmail.com,6+,Large house,Resident_213,83/10,,,Main Road,Near School,Ward 8,Municipality,Palakkad,680663,5,7,Plastic packet,4-7,Always,Every 2-3 months,No
2727,user214@gmail.com,6+,Apartment,Resident_214,131/1,,,Main Road,Near School,Ward 24,Municipality,Idukki,684815,4,15,Plastic packet,1-3,Sometimes,Every month,No
2728,user215@gmail.com,1,Large house,Resident_215,2/5,,,Main Road,Near School,Ward 25,Municipality,Kozhikode,684727,1,3,Plastic packet,7+,Always,Every 2-3 months,No
2729,user216@gmail.com,4-5,Small house,Resident_216,316/8,,,Main Road,Near School,Ward 21,Municipality,Kozhikode,682882,4,9,Loose / refill,None,Never,Never,Yes
2730,user217@gmail.com,4-5,Large house,Resident_217,139/17,,,Main Road,Near School,Ward 4,Municipality,Pathanamthitta,684490,4,2,Loose / refill,1-3,Never,Rarely,No
2731,user218@gmail.com,2-3,Large house,Resident_218,336/4,,,Main Road,Near School,Ward 7,Municipality,Ernakulam,679792,3,12,Plastic bottle,4-7,Sometimes,Every month,Yes
2732,user219@gmail.com,4-5,Apartment,Resident_219,243/9,,,Main Road,Near School,Ward 17,Municipality,Thrissur,672337,3,19,Plastic bottle,None,Sometimes,Every 2-3 months,No
2733,user220@gmail.com,6+,Apartment,Resident_220,311/9,,,Main Road,Near School,Ward 1,Municipality,Pathanamthitta,684596,3,13,Plastic packet,None,Always,Rarely,No
2734,user221@gmail.com,2-3,Apartment,Resident_221,163/17,,,Main Road,Near School,Ward 12,Municipality,Thrissur,672033,1,17,Plastic packet,None,Sometimes,Every month,Yes
2735,user222@gmail.com,2-3,Apartment,Resident_222,172/18,,,Main Road,Near School,Ward 25,Municipality,Malappuram,682625,1,18,Plastic bottle,1-3,Sometimes,Rarely,No
2736,user223@gmail.com,4-5,Small house,Resident_223,457/1,,,Main Road,Near School,Ward 18,Municipality,Kasaragod,687549,4,7,Plastic bottle,1-3,Never,Rarely,Yes
2737,user224@gmail.com,6+,Small house,Resident_224,257/2,,,Main Road,Near School,Ward 11,Municipality,Malappuram,689084,5,20,Loose / refill,None,Never,Rarely,No
2738,user225@gmail.com,2-3,Apartment,Resident_225,98/9,,,Main Road,Near School,Ward 10,Municipality,Palakkad,679613,2,2,Loose / refill,4-7,Sometimes,Every month,Yes
2739,user226@gmail.com,6+,Apartment,Resident_226,396/12,,,Main Road,Near School,Ward 14,Municipality,Thrissur,684366,3,2,Plastic bottle,None,Never,Never,No
2740,user227@gmail.com,4-5,Small house,Resident_227,153/20,,,Main Road,Near School,Ward 22,Municipality,Thrissur,682306,4,13,Plastic bottle,1-3,Always,Rarely,Yes
2741,user228@gmail.com,4-5,Large house,Resident_228,169/15,,,Main Road,Near School,Ward 16,Municipality,Kozhikode,688971,4,11,Plastic packet,None,Sometimes,Never,No
2742,user229@gmail.com,2-3,Small house,Resident_229,399/6,,,Main Road,Near School,Ward 1,Municipality,Alappuzha,675603,2,7,Loose / refill,4-7,Sometimes,Never,Yes
2743,user230@gmail.com,4-5,Apartment,Resident_230,308/10,,,Main Road,Near School,Ward 18,Municipality,Thiruvananthapuram,681303,4,2,Plastic bottle,1-3,Sometimes,Every 2-3 months,Yes
2744,user231@gmail.com,4-5,Apartment,Resident_231,168/7,,,Main Road,Near School,Ward 4,Municipality,Pathanamthitta,680469,3,9,Loose / refill,7+,Sometimes,Every month,No
2745,user232@gmail.com,6+,Large house,Resident_232,426/1,,,Main Road,Near School,Ward 2,Municipality,Kottayam,681477,6,14,Loose / refill,1-3,Never,Rarely,No
2746,user233@gmail.com,4-5,Small house,Resident_233,62/8,,,Main Road,Near School,Ward 20,Municipality,Alappuzha,679252,3,18,Plastic packet,4-7,Sometimes,Every 2-3 months,No
2747,user234@gmail.com,2-3,Large house,Resident_234,427/20,,,Main Road,Near School,Ward 11,Municipality,Thrissur,687634,3,5,Plastic packet,None,Always,Never,No
2748,user235@gmail.com,4-5,Small house,Resident_235,6/4,,,Main Road,Near School,Ward 17,Municipality,Pathanamthitta,681338,4,4,Plastic packet,7+,Sometimes,Every 2-3 months,Yes
2749,user236@gmail.com,1,Apartment,Resident_236,379/20,,,Main Road,Near School,Ward 23,Municipality,Alappuzha,685391,1,20,Loose / refill,None,Always,Every 2-3 months,No
2750,user237@gmail.com,4-5,Small house,Resident_237,494/10,,,Main Road,Near School,Ward 14,Municipality,Kottayam,673792,4,20,Loose / refill,7+,Never,Every month,No
2751,user238@gmail.com,4-5,Large house,Resident_238,29/12,,,Main Road,Near School,Ward 16,Municipality,Malappuram,672769,2,10,Plastic packet,7+,Always,Every 2-3 months,Yes
2752,user239@gmail.com,1,Small house,Resident_239,275/6,,,Main Road,Near School,Ward 6,Municipality,Ernakulam,684163,1,12,Loose / refill,1-3,Always,Every month,Yes
2753,user240@gmail.com,1,Small house,Resident_240,229/2,,,Main Road,Near School,Ward 23,Municipality,Thrissur,672302,1,15,Plastic packet,1-3,Always,Rarely,No
2754,user241@gmail.com,6+,Apartment,Resident_241,482/11,,,Main Road,Near School,Ward 17,Municipality,Kozhikode,685069,4,13,Plastic packet,7+,Sometimes,Rarely,No
2755,user242@gmail.com,4-5,Apartment,Resident_242,132/17,,,Main Road,Near School,Ward 5,Municipality,Wayanad,674377,4,4,Plastic packet,7+,Never,Never,Yes
2756,user243@gmail.com,4-5,Large house,Resident_243,206/15,,,Main Road,Near School,Ward 9,Municipality,Idukki,670507,3,15,Loose / refill,7+,Sometimes,Every 2-3 months,Yes
2757,user244@gmail.com,2-3,Small house,Resident_244,192/4,,,Main Road,Near School,Ward 18,Municipality,Malappuram,686472,2,11,Plastic packet,7+,Sometimes,Every month,Yes
2758,user245@gmail.com,6+,Large house,Resident_245,164/17,,,Main Road,Near School,Ward 21,Municipality,Malappuram,689220,3,4,Plastic bottle,7+,Always,Every month,Yes
2759,user246@gmail.com,1,Large house,Resident_246,264/20,,,Main Road,Near School,Ward 24,Municipality,Kozhikode,687780,1,3,Plastic bottle,4-7,Always,Every month,Yes
2760,user247@gmail.com,2-3,Apartment,Resident_247,487/4,,,Main Road,Near School,Ward 4,Municipality,Kasaragod,675811,1,5,Loose / refill,4-7,Never,Every month,Yes
2761,user248@gmail.com,6+,Apartment,Resident_248,336/7,,,Main Road,Near School,Ward 10,Municipality,Kollam,683008,6,2,Plastic bottle,None,Always,Every 2-3 months,Yes
2762,user249@gmail.com,2-3,Apartment,Resident_249,98/15,,,Main Road,Near School,Ward 14,Municipality,Alappuzha,676760,3,13,Loose / refill,None,Never,Rarely,Yes
2763,user250@gmail.com,4-5,Apartment,Resident_250,7/13,,,Main Road,Near School,Ward 22,Municipality,Thiruvananthapuram,676226,3,4,Plastic packet,1-3,Never,Never,Yes
2764,user251@gmail.com,2-3,Small house,Resident_251,76/18,,,Main Road,Near School,Ward 7,Municipality,Malappuram,672391,3,10,Plastic bottle,4-7,Always,Every 2-3 months,No
2765,user252@gmail.com,4-5,Apartment,Resident_252,52/19,,,Main Road,Near School,Ward 3,Municipality,Pathanamthitta,680800,4,3,Loose / refill,None,Sometimes,Every month,No
2766,user253@gmail.com,2-3,Apartment,Resident_253,257/14,,,Main Road,Near School,Ward 25,Municipality,Alappuzha,689667,1,2,Plastic packet,4-7,Always,Every month,Yes
2767,user254@gmail.com,6+,Large house,Resident_254,130/16,,,Main Road,Near School,Ward 3,Municipality,Wayanad,680080,5,16,Plastic bottle,7+,Never,Rarely,Yes
2768,user255@gmail.com,2-3,Small house,Resident_255,327/11,,,Main Road,Near School,Ward 15,Municipality,Malappuram,671682,2,6,Plastic packet,1-3,Never,Rarely,Yes
2769,user256@gmail.com,2-3,Large house,Resident_256,83/2,,,Main Road,Near School,Ward 21,Municipality,Kottayam,677810,2,7,Plastic packet,1-3,Sometimes,Never,No
2770,user257@gmail.com,2-3,Apartment,Resident_257,478/8,,,Main Road,Near School,Ward 13,Municipality,Pathanamthitta,688908,1,7,Plastic packet,1-3,Never,Rarely,Yes
2771,user258@gmail.com,2-3,Apartment,Resident_258,346/14,,,Main Road,Near School,Ward 14,Municipality,Alappuzha,674729,2,15,Plastic packet,1-3,Always,Rarely,Yes
2772,user259@gmail.com,1,Large house,Resident_259,297/1,,,Main Road,Near School,Ward 5,Municipality,Idukki,688624,0,17,Plastic packet,4-7,Always,Rarely,Yes
2773,user260@gmail.com,6+,Apartment,Resident_260,19/15,,,Main Road,Near School,Ward 2,Municipality,Wayanad,681687,4,15,Plastic packet,1-3,Never,Never,Yes
2774,user261@gmail.com,1,Small house,Resident_261,230/20,,,Main Road,Near School,Ward 11,Municipality,Palakkad,688637,0,9,Loose / refill,None,Always,Never,Yes
2775,user262@gmail.com,4-5,Small house,Resident_262,71/3,,,Main Road,Near School,Ward 5,Municipality,Kozhikode,689124,2,17,Plastic packet,7+,Never,Rarely,No
2776,user263@gmail.com,4-5,Large house,Resident_263,280/13,,,Main Road,Near School,Ward 23,Municipality,Kozhikode,683899,2,19,Plastic bottle,4-7,Always,Every month,No
2777,user264@gmail.com,6+,Large house,Resident_264,93/15,,,Main Road,Near School,Ward 24,Municipality,Kasaragod,674133,5,7,Plastic packet,7+,Always,Every 2-3 months,No
2778,user265@gmail.com,4-5,Apartment,Resident_265,257/11,,,Main Road,Near School,Ward 22,Municipality,Thrissur,682232,2,3,Loose / refill,4-7,Never,Every 2-3 months,No
2779,user266@gmail.com,4-5,Small house,Resident_266,135/6,,,Main Road,Near School,Ward 10,Municipality,Pathanamthitta,673270,2,2,Loose / refill,1-3,Sometimes,Every 2-3 months,No
2780,user267@gmail.com,4-5,Apartment,Resident_267,185/8,,,Main Road,Near School,Ward 24,Municipality,Kannur,672480,4,17,Loose / refill,None,Sometimes,Never,No
2781,user268@gmail.com,6+,Large house,Resident_268,392/6,,,Main Road,Near School,Ward 22,Municipality,Kannur,674012,5,2,Plastic bottle,None,Sometimes,Every 2-3 months,Yes
2782,user269@gmail.com,4-5,Large house,Resident_269,417/1,,,Main Road,Near School,Ward 24,Municipality,Kozhikode,678606,3,18,Plastic bottle,7+,Sometimes,Every 2-3 months,Yes
2783,user270@gmail.com,4-5,Large house,Resident_270,325/17,,,Main Road,Near School,Ward 10,Municipality,Idukki,688674,2,16,Plastic bottle,1-3,Sometimes,Rarely,No
2784,user271@gmail.com,4-5,Large house,Resident_271,488/5,,,Main Road,Near School,Ward 22,Municipality,Thiruvananthapuram,681334,4,4,Loose / refill,None,Sometimes,Rarely,No
2785,user272@gmail.com,4-5,Apartment,Resident_272,162/12,,,Main Road,Near School,Ward 19,Municipality,Palakkad,674546,3,6,Plastic bottle,None,Never,Rarely,No
2786,user273@gmail.com,1,Large house,Resident_273,195/6,,,Main Road,Near School,Ward 6,Municipality,Malappuram,679196,1,11,Plastic packet,7+,Never,Never,No
2787,user274@gmail.com,2-3,Small house,Resident_274,51/16,,,Main Road,Near School,Ward 4,Municipality,Pathanamthitta,670019,1,13,Plastic bottle,None,Never,Every 2-3 months,Yes
2788,user275@gmail.com,4-5,Apartment,Resident_275,178/14,,,Main Road,Near School,Ward 19,Municipality,Ernakulam,689259,4,11,Plastic bottle,None,Sometimes,Rarely,No
2789,user276@gmail.com,4-5,Apartment,Resident_276,35/15,,,Main Road,Near School,Ward 3,Municipality,Thrissur,673894,3,15,Plastic bottle,4-7,Never,Never,No
2790,user277@gmail.com,6+,Apartment,Resident_277,399/8,,,Main Road,Near School,Ward 1,Municipality,Kottayam,679281,6,16,Plastic packet,None,Sometimes,Every 2-3 months,No
2791,user278@gmail.com,2-3,Apartment,Resident_278,333/4,,,Main Road,Near School,Ward 1,Municipality,Thrissur,679989,1,9,Plastic bottle,7+,Never,Never,Yes
2792,user279@gmail.com,2-3,Small house,Resident_279,210/12,,,Main Road,Near School,Ward 7,Municipality,Thiruvananthapuram,687179,3,17,Loose / refill,4-7,Never,Every month,Yes
2793,user280@gmail.com,2-3,Large house,Resident_280,432/4,,,Main Road,Near School,Ward 16,Municipality,Kannur,685400,1,16,Plastic bottle,7+,Always,Every month,No
2794,user281@gmail.com,2-3,Large house,Resident_281,454/11,,,Main Road,Near School,Ward 8,Municipality,Kozhikode,673203,2,2,Loose / refill,1-3,Never,Rarely,No
2795,user282@gmail.com,2-3,Apartment,Resident_282,365/19,,,Main Road,Near School,Ward 8,Municipality,Thrissur,689746,1,12,Plastic bottle,4-7,Always,Every 2-3 months,Yes
2796,user283@gmail.com,4-5,Large house,Resident_283,437/3,,,Main Road,Near School,Ward 5,Municipality,Alappuzha,678513,4,5,Plastic packet,None,Sometimes,Every 2-3 months,Yes
2797,user284@gmail.com,1,Large house,Resident_284,356/16,,,Main Road,Near School,Ward 23,Municipality,Malappuram,670719,0,20,Plastic packet,4-7,Sometimes,Rarely,No
2798,user285@gmail.com,2-3,Small house,Resident_285,108/2,,,Main Road,Near School,Ward 1,Municipality,Kottayam,677782,1,13,Plastic packet,7+,Always,Never,No
2799,user286@gmail.com,4-5,Large house,Resident_286,291/15,,,Main Road,Near School,Ward 1,Municipality,Kottayam,677722,2,4,Plastic bottle,None,Never,Every month,Yes
2800,user287@gmail.com,4-5,Apartment,Resident_287,166/8,,,Main Road,Near School,Ward 24,Municipality,Wayanad,689223,4,13,Plastic bottle,7+,Always,Rarely,No
2801,user288@gmail.com,2-3,Apartment,Resident_288,292/1,,,Main Road,Near School,Ward 5,Municipality,Wayanad,675739,2,4,Plastic packet,1-3,Never,Every month,No
2802,user289@gmail.com,2-3,Large house,Resident_289,43/14,,,Main Road,Near School,Ward 3,Municipality,Ernakulam,684408,1,3,Plastic packet,4-7,Always,Every month,No
2803,user290@gmail.com,2-3,Small house,Resident_290,200/18,,,Main Road,Near School,Ward 8,Municipality,Thrissur,681114,2,6,Plastic bottle,4-7,Always,Every 2-3 months,No
2804,user291@gmail.com,2-3,Small house,Resident_291,492/8,,,Main Road,Near School,Ward 6,Municipality,Idukki,676906,2,2,Plastic packet,4-7,Sometimes,Every month,No
2805,user292@gmail.com,4-5,Large house,Resident_292,355/8,,,Main Road,Near School,Ward 2,Municipality,Malappuram,683160,3,18,Plastic packet,4-7,Always,Every 2-3 months,Yes
2806,user293@gmail.com,6+,Small house,Resident_293,72/12,,,Main Road,Near School,Ward 25,Municipality,Malappuram,684102,6,13,Plastic bottle,None,Never,Rarely,No
2807,user294@gmail.com,4-5,Large house,Resident_294,314/18,,,Main Road,Near School,Ward 24,Municipality,Ernakulam,684454,2,2,Loose / refill,7+,Always,Rarely,No
2808,user295@gmail.com,2-3,Large house,Resident_295,192/2,,,Main Road,Near School,Ward 5,Municipality,Idukki,673982,3,2,Loose / refill,4-7,Sometimes,Rarely,No
2809,user296@gmail.com,4-5,Large house,Resident_296,44/19,,,Main Road,Near School,Ward 9,Municipality,Idukki,689875,2,13,Loose / refill,4-7,Always,Every 2-3 months,Yes
2810,user297@gmail.com,6+,Small house,Resident_297,460/3,,,Main Road,Near School,Ward 22,Municipality,Palakkad,676001,3,3,Plastic bottle,7+,Sometimes,Never,Yes
2811,user298@gmail.com,4-5,Small house,Resident_298,133/15,,,Main Road,Near School,Ward 16,Municipality,Kannur,678934,2,3,Loose / refill,None,Sometimes,Every month,No
2812,user299@gmail.com,2-3,Small house,Resident_299,422/17,,,Main Road,Near School,Ward 7,Municipality,Malappuram,685508,2,14,Loose / refill,1-3,Always,Never,No
2813,user300@gmail.com,2-3,Apartment,Resident_300,115/7,,,Main Road,Near School,Ward 16,Municipality,Idukki,673274,2,14,Plastic bottle,7+,Always,Never,No
2814,user301@gmail.com,6+,Apartment,Resident_301,264/8,,,Main Road,Near School,Ward 20,Municipality,Alappuzha,679300,3,19,Loose / refill,None,Sometimes,Rarely,Yes
2815,user302@gmail.com,4-5,Apartment,Resident_302,11/10,,,Main Road,Near School,Ward 17,Municipality,Pathanamthitta,675425,4,4,Plastic packet,None,Never,Every month,No
2816,user303@gmail.com,1,Small house,Resident_303,289/9,,,Main Road,Near School,Ward 8,Municipality,Kasaragod,688886,1,5,Loose / refill,4-7,Never,Every month,No
2817,user304@gmail.com,2-3,Small house,Resident_304,360/8,,,Main Road,Near School,Ward 21,Municipality,Wayanad,686605,1,2,Plastic bottle,1-3,Sometimes,Every 2-3 months,Yes
2818,user305@gmail.com,4-5,Small house,Resident_305,299/6,,,Main Road,Near School,Ward 9,Municipality,Ernakulam,676885,4,5,Plastic bottle,None,Sometimes,Every 2-3 months,No
2819,user306@gmail.com,2-3,Large house,Resident_306,87/14,,,Main Road,Near School,Ward 22,Municipality,Pathanamthitta,675663,1,8,Loose / refill,1-3,Sometimes,Never,Yes
2820,user307@gmail.com,6+,Apartment,Resident_307,397/7,,,Main Road,Near School,Ward 5,Municipality,Kannur,678223,5,19,Loose / refill,7+,Never,Every 2-3 months,Yes
2821,user308@gmail.com,4-5,Large house,Resident_308,465/11,,,Main Road,Near School,Ward 24,Municipality,Palakkad,686299,2,18,Plastic bottle,None,Always,Every 2-3 months,Yes
2822,user309@gmail.com,4-5,Apartment,Resident_309,252/13,,,Main Road,Near School,Ward 20,Municipality,Palakkad,684397,3,7,Plastic bottle,1-3,Sometimes,Rarely,No
2823,user310@gmail.com,4-5,Apartment,Resident_310,373/18,,,Main Road,Near School,Ward 3,Municipality,Thiruvananthapuram,678633,2,12,Plastic packet,4-7,Never,Never,No
2824,user311@gmail.com,6+,Large house,Resident_311,156/1,,,Main Road,Near School,Ward 7,Municipality,Kasaragod,685154,6,19,Loose / refill,7+,Always,Every month,No
2825,user312@gmail.com,2-3,Small house,Resident_312,221/19,,,Main Road,Near School,Ward 9,Municipality,Alappuzha,676627,2,16,Plastic packet,1-3,Sometimes,Never,No
2826,user313@gmail.com,4-5,Apartment,Resident_313,350/5,,,Main Road,Near School,Ward 3,Municipality,Ernakulam,671359,2,10,Plastic bottle,7+,Always,Every 2-3 months,Yes
2827,user314@gmail.com,4-5,Large house,Resident_314,337/2,,,Main Road,Near School,Ward 11,Municipality,Pathanamthitta,676470,2,16,Plastic packet,None,Always,Never,Yes
2828,user315@gmail.com,6+,Apartment,Resident_315,478/8,,,Main Road,Near School,Ward 10,Municipality,Wayanad,685169,3,11,Loose / refill,7+,Always,Rarely,Yes
2829,user316@gmail.com,4-5,Small house,Resident_316,85/10,,,Main Road,Near School,Ward 22,Municipality,Thrissur,684354,4,8,Plastic bottle,7+,Always,Every month,No
2830,user317@gmail.com,2-3,Large house,Resident_317,439/1,,,Main Road,Near School,Ward 19,Municipality,Thiruvananthapuram,679702,3,17,Loose / refill,1-3,Sometimes,Every month,Yes
2831,user318@gmail.com,4-5,Large house,Resident_318,10/14,,,Main Road,Near School,Ward 17,Municipality,Ernakulam,673248,2,5,Plastic bottle,4-7,Sometimes,Rarely,Yes
2832,user319@gmail.com,1,Large house,Resident_319,377/12,,,Main Road,Near School,Ward 24,Municipality,Thrissur,685832,0,3,Plastic bottle,1-3,Never,Every 2-3 months,No
2833,user320@gmail.com,4-5,Large house,Resident_320,38/8,,,Main Road,Near School,Ward 12,Municipality,Idukki,671512,3,10,Loose / refill,None,Always,Never,Yes
2834,user321@gmail.com,2-3,Apartment,Resident_321,325/12,,,Main Road,Near School,Ward 21,Municipality,Alappuzha,670805,1,14,Loose / refill,7+,Always,Rarely,Yes
2835,user322@gmail.com,1,Small house,Resident_322,385/13,,,Main Road,Near School,Ward 14,Municipality,Malappuram,677616,1,8,Plastic bottle,4-7,Always,Every month,No
2836,user323@gmail.com,4-5,Large house,Resident_323,227/1,,,Main Road,Near School,Ward 5,Municipality,Pathanamthitta,684007,4,7,Plastic bottle,None,Sometimes,Rarely,No
2837,user324@gmail.com,6+,Apartment,Resident_324,97/11,,,Main Road,Near School,Ward 11,Municipality,Thrissur,675178,6,11,Plastic bottle,1-3,Never,Every 2-3 months,No
2838,user325@gmail.com,2-3,Small house,Resident_325,162/17,,,Main Road,Near School,Ward 24,Municipality,Wayanad,682816,2,2,Plastic bottle,1-3,Never,Rarely,Yes
2839,user326@gmail.com,4-5,Small house,Resident_326,485/15,,,Main Road,Near School,Ward 16,Municipality,Wayanad,686508,2,12,Plastic bottle,1-3,Sometimes,Every month,Yes
2840,user327@gmail.com,2-3,Small house,Resident_327,310/17,,,Main Road,Near School,Ward 23,Municipality,Kannur,680386,3,17,Plastic packet,7+,Sometimes,Rarely,Yes
2841,user328@gmail.com,4-5,Small house,Resident_328,446/14,,,Main Road,Near School,Ward 1,Municipality,Idukki,687556,4,13,Plastic packet,7+,Never,Never,No
2842,user329@gmail.com,4-5,Apartment,Resident_329,332/15,,,Main Road,Near School,Ward 20,Municipality,Kottayam,686466,2,2,Plastic bottle,None,Sometimes,Rarely,No
2843,user330@gmail.com,1,Large house,Resident_330,348/10,,,Main Road,Near School,Ward 22,Municipality,Idukki,679082,0,6,Plastic bottle,1-3,Always,Every month,No
2844,user331@gmail.com,4-5,Large house,Resident_331,233/14,,,Main Road,Near School,Ward 15,Municipality,Palakkad,688384,2,4,Loose / refill,None,Sometimes,Never,No
2845,user332@gmail.com,1,Small house,Resident_332,283/4,,,Main Road,Near School,Ward 8,Municipality,Thiruvananthapuram,687934,1,4,Plastic packet,7+,Sometimes,Rarely,No
2846,user333@gmail.com,6+,Small house,Resident_333,453/9,,,Main Road,Near School,Ward 6,Municipality,Kollam,680279,4,9,Plastic packet,None,Sometimes,Every 2-3 months,Yes
2847,user334@gmail.com,6+,Small house,Resident_334,135/7,,,Main Road,Near School,Ward 13,Municipality,Kozhikode,684703,3,12,Loose / refill,1-3,Never,Every month,No
2848,user335@gmail.com,4-5,Small house,Resident_335,30/2,,,Main Road,Near School,Ward 21,Municipality,Palakkad,673582,4,6,Plastic packet,None,Sometimes,Every 2-3 months,No
2849,user336@gmail.com,2-3,Apartment,Resident_336,276/8,,,Main Road,Near School,Ward 4,Municipality,Kozhikode,671588,3,12,Loose / refill,7+,Always,Every month,No
2850,user337@gmail.com,4-5,Small house,Resident_337,312/19,,,Main Road,Near School,Ward 21,Municipality,Kozhikode,674444,4,2,Plastic bottle,4-7,Always,Never,No
2851,user338@gmail.com,1,Large house,Resident_338,122/3,,,Main Road,Near School,Ward 7,Municipality,Kollam,675787,0,20,Plastic bottle,1-3,Never,Every 2-3 months,Yes
2852,user339@gmail.com,4-5,Large house,Resident_339,239/9,,,Main Road,Near School,Ward 6,Municipality,Kozhikode,683505,3,13,Loose / refill,4-7,Always,Every 2-3 months,No
2853,user340@gmail.com,2-3,Large house,Resident_340,479/1,,,Main Road,Near School,Ward 23,Municipality,Thiruvananthapuram,683179,2,17,Loose / refill,None,Sometimes,Every 2-3 months,Yes
2854,user341@gmail.com,4-5,Apartment,Resident_341,480/14,,,Main Road,Near School,Ward 19,Municipality,Kannur,672806,3,19,Plastic bottle,1-3,Sometimes,Every month,No
2855,user342@gmail.com,4-5,Apartment,Resident_342,316/6,,,Main Road,Near School,Ward 6,Municipality,Malappuram,679579,2,6,Loose / refill,None,Always,Every month,No
2856,user343@gmail.com,4-5,Small house,Resident_343,292/10,,,Main Road,Near School,Ward 11,Municipality,Ernakulam,688486,4,4,Loose / refill,7+,Never,Rarely,Yes
2857,user344@gmail.com,4-5,Large house,Resident_344,438/17,,,Main Road,Near School,Ward 3,Municipality,Malappuram,670727,2,13,Loose / refill,None,Sometimes,Every month,Yes
2858,user345@gmail.com,4-5,Small house,Resident_345,278/8,,,Main Road,Near School,Ward 18,Municipality,Thiruvananthapuram,679412,4,20,Plastic bottle,None,Always,Never,No
2859,user346@gmail.com,4-5,Apartment,Resident_346,419/7,,,Main Road,Near School,Ward 12,Municipality,Kannur,672761,3,5,Loose / refill,7+,Always,Every month,Yes
2860,user347@gmail.com,2-3,Apartment,Resident_347,122/6,,,Main Road,Near School,Ward 2,Municipality,Malappuram,670205,3,10,Plastic bottle,None,Never,Every 2-3 months,Yes
2861,user348@gmail.com,1,Small house,Resident_348,258/7,,,Main Road,Near School,Ward 23,Municipality,Alappuzha,686295,0,18,Plastic packet,7+,Never,Rarely,No
2862,user349@gmail.com,4-5,Apartment,Resident_349,245/4,,,Main Road,Near School,Ward 9,Municipality,Thiruvananthapuram,682732,4,6,Plastic packet,4-7,Never,Every 2-3 months,Yes
2863,user350@gmail.com,2-3,Small house,Resident_350,374/15,,,Main Road,Near School,Ward 19,Municipality,Thrissur,679143,3,2,Loose / refill,4-7,Never,Every month,Yes
2864,user351@gmail.com,4-5,Small house,Resident_351,32/18,,,Main Road,Near School,Ward 23,Municipality,Wayanad,676968,4,8,Plastic packet,7+,Sometimes,Every month,Yes
2865,user352@gmail.com,2-3,Apartment,Resident_352,469/1,,,Main Road,Near School,Ward 24,Municipality,Kasaragod,677677,3,14,Loose / refill,4-7,Sometimes,Rarely,No
2866,user353@gmail.com,6+,Apartment,Resident_353,311/5,,,Main Road,Near School,Ward 10,Municipality,Wayanad,682585,6,6,Plastic packet,None,Never,Every month,Yes
2867,user354@gmail.com,2-3,Small house,Resident_354,364/12,,,Main Road,Near School,Ward 10,Municipality,Palakkad,675358,1,11,Loose / refill,4-7,Never,Never,No
2868,user355@gmail.com,2-3,Small house,Resident_355,164/14,,,Main Road,Near School,Ward 3,Municipality,Idukki,687786,2,3,Loose / refill,1-3,Sometimes,Rarely,No
2869,user356@gmail.com,2-3,Apartment,Resident_356,254/10,,,Main Road,Near School,Ward 7,Municipality,Alappuzha,684127,2,16,Plastic packet,4-7,Never,Never,Yes
2870,user357@gmail.com,2-3,Small house,Resident_357,406/4,,,Main Road,Near School,Ward 4,Municipality,Kozhikode,684576,2,16,Plastic bottle,4-7,Sometimes,Every 2-3 months,Yes
2871,user358@gmail.com,2-3,Apartment,Resident_358,403/13,,,Main Road,Near School,Ward 8,Municipality,Palakkad,674692,2,2,Plastic bottle,7+,Sometimes,Every month,No
2872,user359@gmail.com,4-5,Large house,Resident_359,76/12,,,Main Road,Near School,Ward 16,Municipality,Kasaragod,689466,3,17,Loose / refill,7+,Sometimes,Rarely,Yes
2873,user360@gmail.com,4-5,Small house,Resident_360,490/8,,,Main Road,Near School,Ward 14,Municipality,Thrissur,675205,3,17,Plastic bottle,None,Never,Never,Yes
2874,user361@gmail.com,2-3,Apartment,Resident_361,355/4,,,Main Road,Near School,Ward 18,Municipality,Malappuram,681104,2,13,Loose / refill,1-3,Always,Rarely,Yes
2875,user362@gmail.com,2-3,Small house,Resident_362,437/7,,,Main Road,Near School,Ward 18,Municipality,Pathanamthitta,689000,3,15,Loose / refill,4-7,Always,Never,Yes
2876,user363@gmail.com,2-3,Small house,Resident_363,119/1,,,Main Road,Near School,Ward 6,Municipality,Thrissur,686945,3,16,Plastic bottle,1-3,Always,Every 2-3 months,Yes
2877,user364@gmail.com,6+,Small house,Resident_364,224/5,,,Main Road,Near School,Ward 11,Municipality,Kottayam,678314,3,16,Plastic packet,7+,Sometimes,Every month,Yes
2878,user365@gmail.com,6+,Large house,Resident_365,364/11,,,Main Road,Near School,Ward 19,Municipality,Wayanad,688742,6,10,Loose / refill,1-3,Sometimes,Every 2-3 months,Yes
2879,user366@gmail.com,2-3,Large house,Resident_366,435/2,,,Main Road,Near School,Ward 24,Municipality,Kannur,673528,1,12,Loose / refill,1-3,Always,Rarely,Yes
2880,user367@gmail.com,4-5,Small house,Resident_367,244/15,,,Main Road,Near School,Ward 24,Municipality,Kottayam,679891,2,8,Plastic bottle,1-3,Never,Every month,Yes
2881,user368@gmail.com,4-5,Apartment,Resident_368,354/2,,,Main Road,Near School,Ward 4,Municipality,Kannur,681505,2,7,Plastic bottle,1-3,Always,Rarely,No
2882,user369@gmail.com,4-5,Large house,Resident_369,390/15,,,Main Road,Near School,Ward 1,Municipality,Kozhikode,684617,3,16,Loose / refill,7+,Always,Never,Yes
2883,user370@gmail.com,4-5,Apartment,Resident_370,193/19,,,Main Road,Near School,Ward 1,Municipality,Palakkad,680421,4,20,Plastic packet,7+,Never,Every 2-3 months,No
2884,user371@gmail.com,2-3,Apartment,Resident_371,36/17,,,Main Road,Near School,Ward 16,Municipality,Idukki,680820,3,7,Loose / refill,7+,Always,Every month,No
2885,user372@gmail.com,2-3,Large house,Resident_372,290/5,,,Main Road,Near School,Ward 14,Municipality,Ernakulam,676607,3,14,Plastic packet,7+,Always,Rarely,No
2886,user373@gmail.com,4-5,Large house,Resident_373,325/5,,,Main Road,Near School,Ward 2,Municipality,Kozhikode,670001,2,14,Plastic bottle,4-7,Never,Never,Yes
2887,user374@gmail.com,2-3,Large house,Resident_374,130/14,,,Main Road,Near School,Ward 10,Municipality,Wayanad,688448,3,17,Plastic bottle,None,Sometimes,Every 2-3 months,No
2888,user375@gmail.com,4-5,Small house,Resident_375,52/18,,,Main Road,Near School,Ward 11,Municipality,Kollam,686943,2,12,Plastic bottle,4-7,Sometimes,Every 2-3 months,Yes
2889,user376@gmail.com,4-5,Apartment,Resident_376,283/11,,,Main Road,Near School,Ward 25,Municipality,Ernakulam,675882,3,3,Plastic bottle,4-7,Never,Never,Yes
2890,user377@gmail.com,6+,Large house,Resident_377,317/14,,,Main Road,Near School,Ward 5,Municipality,Pathanamthitta,681097,3,15,Loose / refill,4-7,Always,Never,No
2891,user378@gmail.com,1,Apartment,Resident_378,479/18,,,Main Road,Near School,Ward 12,Municipality,Alappuzha,677520,0,18,Plastic packet,7+,Always,Every month,No
2892,user379@gmail.com,1,Apartment,Resident_379,199/9,,,Main Road,Near School,Ward 2,Municipality,Kannur,673588,0,20,Plastic packet,1-3,Sometimes,Rarely,Yes
2893,user380@gmail.com,2-3,Small house,Resident_380,47/15,,,Main Road,Near School,Ward 19,Municipality,Kasaragod,676973,1,4,Plastic bottle,1-3,Sometimes,Every 2-3 months,No
2894,user381@gmail.com,6+,Apartment,Resident_381,10/7,,,Main Road,Near School,Ward 3,Municipality,Kottayam,682538,6,8,Plastic packet,4-7,Always,Never,No
2895,user382@gmail.com,4-5,Large house,Resident_382,262/19,,,Main Road,Near School,Ward 9,Municipality,Kottayam,689830,3,9,Loose / refill,7+,Never,Every 2-3 months,No
2896,user383@gmail.com,2-3,Small house,Resident_383,172/13,,,Main Road,Near School,Ward 18,Municipality,Kannur,676541,1,16,Plastic packet,1-3,Sometimes,Every 2-3 months,Yes
2897,user384@gmail.com,2-3,Large house,Resident_384,101/13,,,Main Road,Near School,Ward 1,Municipality,Thrissur,675766,1,11,Plastic bottle,1-3,Sometimes,Every month,No
2898,user385@gmail.com,1,Small house,Resident_385,267/3,,,Main Road,Near School,Ward 12,Municipality,Malappuram,675498,0,5,Plastic packet,4-7,Sometimes,Every 2-3 months,No
2899,user386@gmail.com,2-3,Apartment,Resident_386,367/7,,,Main Road,Near School,Ward 15,Municipality,Thrissur,672562,3,2,Plastic packet,1-3,Always,Rarely,No
2900,user387@gmail.com,4-5,Apartment,Resident_387,446/3,,,Main Road,Near School,Ward 20,Municipality,Idukki,672084,3,9,Loose / refill,7+,Always,Rarely,Yes
2901,user388@gmail.com,4-5,Apartment,Resident_388,481/12,,,Main Road,Near School,Ward 21,Municipality,Kannur,675262,2,12,Plastic bottle,1-3,Sometimes,Every 2-3 months,No
2902,user389@gmail.com,1,Apartment,Resident_389,65/9,,,Main Road,Near School,Ward 22,Municipality,Wayanad,673769,1,13,Plastic packet,4-7,Never,Rarely,Yes
2903,user390@gmail.com,2-3,Apartment,Resident_390,314/5,,,Main Road,Near School,Ward 16,Municipality,Palakkad,678195,1,14,Loose / refill,None,Never,Rarely,Yes
2904,user391@gmail.com,4-5,Apartment,Resident_391,405/17,,,Main Road,Near School,Ward 25,Municipality,Kozhikode,671198,4,13,Plastic bottle,4-7,Always,Never,Yes
2905,user392@gmail.com,2-3,Large house,Resident_392,177/5,,,Main Road,Near School,Ward 10,Municipality,Palakkad,684828,2,18,Plastic packet,7+,Sometimes,Every 2-3 months,No
2906,user393@gmail.com,1,Apartment,Resident_393,497/8,,,Main Road,Near School,Ward 24,Municipality,Thrissur,682869,0,16,Plastic bottle,None,Always,Every 2-3 months,Yes
2907,user394@gmail.com,4-5,Small house,Resident_394,327/7,,,Main Road,Near School,Ward 23,Municipality,Kannur,674021,4,8,Plastic packet,7+,Sometimes,Rarely,Yes
2908,user395@gmail.com,4-5,Small house,Resident_395,175/14,,,Main Road,Near School,Ward 19,Municipality,Kottayam,688286,3,19,Plastic packet,None,Always,Every 2-3 months,No
2909,user396@gmail.com,6+,Large house,Resident_396,35/7,,,Main Road,Near School,Ward 17,Municipality,Palakkad,676771,5,9,Plastic bottle,None,Sometimes,Rarely,Yes
2910,user397@gmail.com,2-3,Apartment,Resident_397,253/4,,,Main Road,Near School,Ward 4,Municipality,Kollam,680373,1,9,Plastic packet,1-3,Never,Every month,No
2911,user398@gmail.com,2-3,Large house,Resident_398,500/5,,,Main Road,Near School,Ward 9,Municipality,Kottayam,687963,2,3,Plastic bottle,4-7,Sometimes,Every 2-3 months,Yes
2912,user399@gmail.com,2-3,Apartment,Resident_399,498/15,,,Main Road,Near School,Ward 25,Municipality,Idukki,684599,3,17,Plastic bottle,1-3,Always,Rarely,No
2913,user400@gmail.com,1,Apartment,Resident_400,113/18,,,Main Road,Near School,Ward 14,Municipality,Thrissur,682908,1,13,Plastic bottle,4-7,Sometimes,Every month,No
2914,user401@gmail.com,4-5,Large house,Resident_401,222/17,,,Main Road,Near School,Ward 5,Municipality,Ernakulam,688800,4,4,Plastic packet,None,Never,Never,Yes
2915,user402@gmail.com,1,Apartment,Resident_402,40/11,,,Main Road,Near School,Ward 22,Municipality,Kottayam,686117,0,6,Loose / refill,7+,Sometimes,Rarely,Yes
2916,user403@gmail.com,2-3,Small house,Resident_403,261/20,,,Main Road,Near School,Ward 9,Municipality,Palakkad,678091,2,8,Plastic bottle,1-3,Never,Rarely,No
2917,user404@gmail.com,6+,Apartment,Resident_404,239/9,,,Main Road,Near School,Ward 7,Municipality,Malappuram,688688,4,17,Plastic bottle,4-7,Always,Every 2-3 months,Yes
2918,user405@gmail.com,2-3,Large house,Resident_405,157/4,,,Main Road,Near School,Ward 24,Municipality,Alappuzha,684024,2,16,Plastic bottle,4-7,Always,Every 2-3 months,No
2919,user406@gmail.com,4-5,Apartment,Resident_406,234/16,,,Main Road,Near School,Ward 8,Municipality,Pathanamthitta,680833,3,12,Plastic packet,None,Sometimes,Every month,No
2920,user407@gmail.com,2-3,Large house,Resident_407,290/15,,,Main Road,Near School,Ward 22,Municipality,Ernakulam,685773,3,11,Plastic bottle,7+,Never,Rarely,No
2921,user408@gmail.com,2-3,Large house,Resident_408,407/2,,,Main Road,Near School,Ward 16,Municipality,Kannur,673339,3,17,Plastic packet,None,Always,Rarely,No
2922,user409@gmail.com,2-3,Apartment,Resident_409,460/3,,,Main Road,Near School,Ward 7,Municipality,Thrissur,681258,3,17,Plastic packet,None,Always,Every month,No
2923,user410@gmail.com,4-5,Apartment,Resident_410,309/5,,,Main Road,Near School,Ward 14,Municipality,Kollam,671227,2,5,Loose / refill,None,Always,Every month,Yes
2924,user411@gmail.com,4-5,Small house,Resident_411,192/11,,,Main Road,Near School,Ward 16,Municipality,Wayanad,676623,4,7,Plastic bottle,7+,Never,Every 2-3 months,Yes
2925,user412@gmail.com,6+,Small house,Resident_412,369/11,,,Main Road,Near School,Ward 4,Municipality,Thrissur,672050,5,18,Loose / refill,1-3,Never,Every 2-3 months,No
2926,user413@gmail.com,2-3,Large house,Resident_413,100/3,,,Main Road,Near School,Ward 3,Municipality,Kannur,675028,1,18,Loose / refill,7+,Never,Never,No
2927,user414@gmail.com,4-5,Apartment,Resident_414,291/2,,,Main Road,Near School,Ward 1,Municipality,Thrissur,672970,3,9,Plastic bottle,None,Sometimes,Every month,No
2928,user415@gmail.com,6+,Apartment,Resident_415,493/5,,,Main Road,Near School,Ward 1,Municipality,Kollam,684670,3,16,Loose / refill,1-3,Always,Never,Yes
2929,user416@gmail.com,1,Small house,Resident_416,110/15,,,Main Road,Near School,Ward 11,Municipality,Kottayam,670706,0,20,Plastic bottle,7+,Never,Every month,Yes
2930,user417@gmail.com,4-5,Small house,Resident_417,434/1,,,Main Road,Near School,Ward 7,Municipality,Palakkad,670965,3,6,Plastic bottle,None,Sometimes,Every month,Yes
2931,user418@gmail.com,1,Apartment,Resident_418,69/14,,,Main Road,Near School,Ward 6,Municipality,Kasaragod,688591,0,5,Loose / refill,7+,Never,Never,No
2932,user419@gmail.com,2-3,Apartment,Resident_419,110/3,,,Main Road,Near School,Ward 15,Municipality,Malappuram,678086,2,16,Loose / refill,None,Always,Every 2-3 months,No
2933,user420@gmail.com,2-3,Small house,Resident_420,409/17,,,Main Road,Near School,Ward 17,Municipality,Thrissur,687798,3,18,Plastic packet,1-3,Always,Every month,No
2934,user421@gmail.com,2-3,Apartment,Resident_421,497/2,,,Main Road,Near School,Ward 16,Municipality,Pathanamthitta,677845,1,7,Loose / refill,1-3,Always,Every 2-3 months,Yes
2935,user422@gmail.com,2-3,Small house,Resident_422,312/7,,,Main Road,Near School,Ward 4,Municipality,Pathanamthitta,674138,3,16,Plastic bottle,7+,Never,Never,Yes
2936,user423@gmail.com,2-3,Large house,Resident_423,49/9,,,Main Road,Near School,Ward 1,Municipality,Ernakulam,671130,2,11,Plastic packet,7+,Always,Rarely,No
2937,user424@gmail.com,4-5,Small house,Resident_424,211/2,,,Main Road,Near School,Ward 20,Municipality,Thiruvananthapuram,682344,2,8,Plastic bottle,4-7,Sometimes,Every 2-3 months,Yes
2938,user425@gmail.com,4-5,Apartment,Resident_425,300/6,,,Main Road,Near School,Ward 7,Municipality,Kozhikode,686767,4,6,Loose / refill,7+,Sometimes,Never,Yes
2939,user426@gmail.com,4-5,Small house,Resident_426,428/11,,,Main Road,Near School,Ward 21,Municipality,Kollam,685199,3,7,Plastic packet,4-7,Never,Every month,No
2940,user427@gmail.com,2-3,Large house,Resident_427,138/14,,,Main Road,Near School,Ward 7,Municipality,Ernakulam,678421,3,8,Plastic packet,4-7,Sometimes,Every 2-3 months,Yes
2941,user428@gmail.com,2-3,Small house,Resident_428,434/18,,,Main Road,Near School,Ward 19,Municipality,Thiruvananthapuram,678303,3,9,Plastic bottle,1-3,Always,Every 2-3 months,Yes
2942,user429@gmail.com,6+,Small house,Resident_429,333/7,,,Main Road,Near School,Ward 22,Municipality,Thrissur,681742,6,8,Plastic packet,4-7,Never,Every month,Yes
2943,user430@gmail.com,1,Large house,Resident_430,74/7,,,Main Road,Near School,Ward 4,Municipality,Kozhikode,689852,1,9,Plastic packet,1-3,Never,Rarely,No
2944,user431@gmail.com,4-5,Large house,Resident_431,184/2,,,Main Road,Near School,Ward 5,Municipality,Alappuzha,683248,2,11,Loose / refill,4-7,Never,Every month,Yes
2945,user432@gmail.com,2-3,Large house,Resident_432,101/10,,,Main Road,Near School,Ward 9,Municipality,Palakkad,685485,1,10,Plastic bottle,1-3,Always,Rarely,No
2946,user433@gmail.com,4-5,Small house,Resident_433,119/7,,,Main Road,Near School,Ward 4,Municipality,Thiruvananthapuram,672242,4,16,Plastic packet,7+,Always,Rarely,No
2947,user434@gmail.com,4-5,Large house,Resident_434,275/15,,,Main Road,Near School,Ward 6,Municipality,Palakkad,682894,4,10,Loose / refill,None,Always,Every month,Yes
2948,user435@gmail.com,1,Small house,Resident_435,490/11,,,Main Road,Near School,Ward 19,Municipality,Malappuram,673053,1,11,Plastic packet,7+,Always,Every month,Yes
2949,user436@gmail.com,4-5,Small house,Resident_436,283/20,,,Main Road,Near School,Ward 11,Municipality,Kannur,687747,4,8,Plastic bottle,4-7,Always,Every month,Yes
2950,user437@gmail.com,4-5,Small house,Resident_437,72/2,,,Main Road,Near School,Ward 18,Municipality,Ernakulam,681927,4,19,Loose / refill,1-3,Always,Every 2-3 months,Yes
2951,user438@gmail.com,4-5,Apartment,Resident_438,46/3,,,Main Road,Near School,Ward 4,Municipality,Palakkad,677659,2,7,Loose / refill,4-7,Sometimes,Never,No
2952,user439@gmail.com,1,Small house,Resident_439,71/11,,,Main Road,Near School,Ward 7,Municipality,Alappuzha,676010,0,14,Plastic packet,None,Never,Rarely,No
2953,user440@gmail.com,4-5,Small house,Resident_440,315/7,,,Main Road,Near School,Ward 3,Municipality,Ernakulam,680917,4,20,Loose / refill,None,Sometimes,Never,Yes
2954,user441@gmail.com,6+,Apartment,Resident_441,282/7,,,Main Road,Near School,Ward 10,Municipality,Idukki,689122,5,14,Loose / refill,4-7,Always,Every month,Yes
2955,user442@gmail.com,4-5,Apartment,Resident_442,422/18,,,Main Road,Near School,Ward 14,Municipality,Pathanamthitta,679648,3,15,Plastic bottle,7+,Always,Every 2-3 months,Yes
2956,user443@gmail.com,1,Large house,Resident_443,49/2,,,Main Road,Near School,Ward 11,Municipality,Kollam,681795,1,4,Plastic packet,4-7,Always,Never,Yes
2957,user444@gmail.com,2-3,Small house,Resident_444,26/11,,,Main Road,Near School,Ward 3,Municipality,Kozhikode,681549,2,4,Plastic packet,7+,Never,Never,No
2958,user445@gmail.com,6+,Large house,Resident_445,205/7,,,Main Road,Near School,Ward 6,Municipality,Palakkad,676837,3,13,Plastic packet,None,Never,Never,Yes
2959,user446@gmail.com,2-3,Large house,Resident_446,366/15,,,Main Road,Near School,Ward 20,Municipality,Kottayam,677193,2,2,Plastic bottle,1-3,Never,Rarely,Yes
2960,user447@gmail.com,4-5,Apartment,Resident_447,195/11,,,Main Road,Near School,Ward 15,Municipality,Kozhikode,680859,4,20,Plastic bottle,None,Never,Rarely,Yes
2961,user448@gmail.com,6+,Large house,Resident_448,438/4,,,Main Road,Near School,Ward 14,Municipality,Idukki,679307,5,8,Loose / refill,1-3,Sometimes,Every 2-3 months,No
2962,user449@gmail.com,4-5,Large house,Resident_449,239/19,,,Main Road,Near School,Ward 11,Municipality,Kollam,675642,4,19,Plastic bottle,1-3,Always,Every 2-3 months,No
2963,user450@gmail.com,4-5,Large house,Resident_450,402/16,,,Main Road,Near School,Ward 25,Municipality,Wayanad,685078,2,17,Plastic bottle,7+,Sometimes,Every 2-3 months,Yes
2964,user451@gmail.com,2-3,Apartment,Resident_451,466/13,,,Main Road,Near School,Ward 24,Municipality,Palakkad,687702,1,8,Loose / refill,4-7,Always,Rarely,No
2965,user452@gmail.com,4-5,Small house,Resident_452,259/17,,,Main Road,Near School,Ward 22,Municipality,Pathanamthitta,682502,3,13,Plastic packet,1-3,Never,Every 2-3 months,Yes
2966,user453@gmail.com,2-3,Apartment,Resident_453,237/16,,,Main Road,Near School,Ward 13,Municipality,Idukki,688789,1,14,Loose / refill,7+,Never,Never,No
2967,user454@gmail.com,2-3,Large house,Resident_454,81/13,,,Main Road,Near School,Ward 24,Municipality,Alappuzha,681116,2,15,Plastic packet,None,Never,Never,No
2968,user455@gmail.com,1,Large house,Resident_455,352/5,,,Main Road,Near School,Ward 4,Municipality,Thiruvananthapuram,689700,1,5,Loose / refill,4-7,Always,Rarely,Yes
2969,user456@gmail.com,4-5,Small house,Resident_456,341/1,,,Main Road,Near School,Ward 7,Municipality,Kottayam,671082,2,8,Plastic bottle,7+,Always,Rarely,No
2970,user457@gmail.com,2-3,Small house,Resident_457,34/6,,,Main Road,Near School,Ward 14,Municipality,Thrissur,679106,1,8,Plastic packet,1-3,Sometimes,Every 2-3 months,Yes
2971,user458@gmail.com,2-3,Apartment,Resident_458,138/19,,,Main Road,Near School,Ward 19,Municipality,Kannur,678576,2,2,Plastic bottle,4-7,Sometimes,Never,No
2972,user459@gmail.com,4-5,Large house,Resident_459,480/11,,,Main Road,Near School,Ward 6,Municipality,Kannur,689353,2,15,Plastic bottle,4-7,Never,Every month,No
2973,user460@gmail.com,2-3,Apartment,Resident_460,255/17,,,Main Road,Near School,Ward 15,Municipality,Kannur,684203,1,17,Plastic packet,None,Never,Never,Yes
2974,user461@gmail.com,4-5,Apartment,Resident_461,64/12,,,Main Road,Near School,Ward 2,Municipality,Thiruvananthapuram,678617,2,16,Plastic packet,None,Never,Never,Yes
2975,user462@gmail.com,2-3,Apartment,Resident_462,200/4,,,Main Road,Near School,Ward 4,Municipality,Kannur,677365,1,10,Plastic bottle,1-3,Sometimes,Rarely,No
2976,user463@gmail.com,4-5,Small house,Resident_463,192/9,,,Main Road,Near School,Ward 4,Municipality,Kozhikode,674733,3,10,Plastic bottle,None,Never,Rarely,No
2977,user464@gmail.com,4-5,Apartment,Resident_464,175/6,,,Main Road,Near School,Ward 5,Municipality,Ernakulam,680124,4,19,Plastic bottle,7+,Sometimes,Every month,No
2978,user465@gmail.com,4-5,Apartment,Resident_465,321/12,,,Main Road,Near School,Ward 22,Municipality,Thiruvananthapuram,681214,3,17,Loose / refill,None,Always,Every month,No
2979,user466@gmail.com,4-5,Large house,Resident_466,84/20,,,Main Road,Near School,Ward 23,Municipality,Thiruvananthapuram,671553,4,2,Loose / refill,1-3,Sometimes,Every 2-3 months,Yes
2980,user467@gmail.com,1,Large house,Resident_467,160/10,,,Main Road,Near School,Ward 12,Municipality,Kollam,684499,0,15,Plastic bottle,None,Never,Every month,No
2981,user468@gmail.com,4-5,Large house,Resident_468,113/2,,,Main Road,Near School,Ward 11,Municipality,Thiruvananthapuram,675414,2,6,Plastic bottle,7+,Always,Every 2-3 months,Yes
2982,user469@gmail.com,2-3,Large house,Resident_469,268/13,,,Main Road,Near School,Ward 4,Municipality,Kollam,681268,2,2,Loose / refill,7+,Never,Rarely,No
2983,user470@gmail.com,2-3,Large house,Resident_470,165/7,,,Main Road,Near School,Ward 15,Municipality,Palakkad,683863,2,2,Plastic bottle,4-7,Sometimes,Rarely,Yes
2984,user471@gmail.com,2-3,Apartment,Resident_471,306/15,,,Main Road,Near School,Ward 14,Municipality,Thiruvananthapuram,672608,1,15,Loose / refill,7+,Never,Every 2-3 months,Yes
2985,user472@gmail.com,2-3,Small house,Resident_472,64/9,,,Main Road,Near School,Ward 25,Municipality,Kannur,675831,1,12,Plastic packet,7+,Never,Every month,Yes
2986,user473@gmail.com,6+,Small house,Resident_473,6/10,,,Main Road,Near School,Ward 12,Municipality,Thrissur,679956,3,8,Plastic bottle,1-3,Sometimes,Rarely,Yes
2987,user474@gmail.com,2-3,Apartment,Resident_474,231/7,,,Main Road,Near School,Ward 24,Municipality,Alappuzha,677450,3,15,Plastic packet,7+,Never,Every 2-3 months,No
2988,user475@gmail.com,6+,Small house,Resident_475,99/3,,,Main Road,Near School,Ward 14,Municipality,Kozhikode,672222,4,4,Plastic packet,4-7,Never,Never,No
2989,user476@gmail.com,4-5,Small house,Resident_476,70/16,,,Main Road,Near School,Ward 22,Municipality,Idukki,687224,4,4,Loose / refill,1-3,Always,Never,No
2990,user477@gmail.com,4-5,Small house,Resident_477,72/1,,,Main Road,Near School,Ward 22,Municipality,Pathanamthitta,680281,2,11,Plastic packet,None,Always,Never,No
2991,user478@gmail.com,2-3,Apartment,Resident_478,1/7,,,Main Road,Near School,Ward 17,Municipality,Kottayam,673677,3,9,Plastic bottle,4-7,Always,Never,Yes
2992,user479@gmail.com,4-5,Apartment,Resident_479,206/12,,,Main Road,Near School,Ward 9,Municipality,Kozhikode,689185,4,3,Plastic bottle,1-3,Never,Every 2-3 months,No
2993,user480@gmail.com,6+,Small house,Resident_480,447/5,,,Main Road,Near School,Ward 17,Municipality,Alappuzha,686717,5,20,Plastic packet,7+,Always,Every month,No
2994,user481@gmail.com,2-3,Large house,Resident_481,479/16,,,Main Road,Near School,Ward 22,Municipality,Wayanad,689904,1,8,Plastic bottle,1-3,Always,Never,No
2995,user482@gmail.com,1,Large house,Resident_482,241/2,,,Main Road,Near School,Ward 8,Municipality,Kottayam,679638,0,15,Plastic bottle,4-7,Always,Every month,Yes
2996,user483@gmail.com,6+,Large house,Resident_483,235/6,,,Main Road,Near School,Ward 18,Municipality,Idukki,683473,5,11,Plastic bottle,4-7,Never,Never,No
2997,user484@gmail.com,2-3,Small house,Resident_484,453/6,,,Main Road,Near School,Ward 12,Municipality,Ernakulam,678338,2,2,Plastic bottle,7+,Never,Rarely,No
2998,user485@gmail.com,2-3,Small house,Resident_485,295/5,,,Main Road,Near School,Ward 25,Municipality,Wayanad,686193,2,20,Plastic packet,4-7,Always,Every month,No
2999,user486@gmail.com,4-5,Apartment,Resident_486,109/3,,,Main Road,Near School,Ward 9,Municipality,Kottayam,682521,4,8,Plastic packet,7+,Sometimes,Rarely,No
3000,user487@gmail.com,4-5,Apartment,Resident_487,154/19,,,Main Road,Near School,Ward 24,Municipality,Alappuzha,677858,3,6,Plastic bottle,7+,Sometimes,Every 2-3 months,No
3001,user488@gmail.com,2-3,Small house,Resident_488,333/4,,,Main Road,Near School,Ward 9,Municipality,Pathanamthitta,673852,3,7,Plastic bottle,1-3,Always,Never,No
3002,user489@gmail.com,2-3,Apartment,Resident_489,143/16,,,Main Road,Near School,Ward 20,Municipality,Kollam,673620,3,16,Plastic bottle,4-7,Never,Every month,Yes
3003,user490@gmail.com,4-5,Large house,Resident_490,493/17,,,Main Road,Near School,Ward 14,Municipality,Kannur,670840,2,2,Plastic packet,7+,Always,Every month,No
3004,user491@gmail.com,2-3,Small house,Resident_491,266/9,,,Main Road,Near School,Ward 12,Municipality,Ernakulam,677573,1,8,Plastic bottle,7+,Always,Every 2-3 months,Yes
3005,user492@gmail.com,2-3,Small house,Resident_492,499/17,,,Main Road,Near School,Ward 1,Municipality,Kottayam,684797,1,17,Loose / refill,None,Never,Every 2-3 months,Yes
3006,user493@gmail.com,4-5,Large house,Resident_493,388/18,,,Main Road,Near School,Ward 15,Municipality,Thrissur,687056,2,7,Plastic packet,4-7,Sometimes,Every month,Yes
3007,user494@gmail.com,1,Apartment,Resident_494,446/5,,,Main Road,Near School,Ward 8,Municipality,Idukki,681278,1,5,Plastic packet,7+,Never,Never,Yes
3008,user495@gmail.com,4-5,Apartment,Resident_495,200/11,,,Main Road,Near School,Ward 12,Municipality,Pathanamthitta,688490,2,10,Loose / refill,None,Always,Every month,No
3009,user496@gmail.com,2-3,Large house,Resident_496,177/2,,,Main Road,Near School,Ward 1,Municipality,Kottayam,673124,3,4,Plastic packet,1-3,Always,Every month,No
3010,user497@gmail.com,6+,Small house,Resident_497,34/2,,,Main Road,Near School,Ward 4,Municipality,Alappuzha,684946,6,7,Plastic bottle,1-3,Sometimes,Every 2-3 months,No
3011,user498@gmail.com,4-5,Small house,Resident_498,1/2,,,Main Road,Near School,Ward 20,Municipality,Kollam,686271,2,15,Plastic bottle,7+,Never,Every month,No
3012,user499@gmail.com,4-5,Small house,Resident_499,485/18,,,Main Road,Near School,Ward 18,Municipality,Idukki,673066,3,3,Loose / refill,4-7,Sometimes,Every month,No
3013,user500@gmail.com,4-5,Small house,Resident_500,496/15,,,Main Road,Near School,Ward 25,Municipality,Kozhikode,689126,2,18,Plastic packet,None,Always,Never,No
3014,user1@gmail.com,4-5,Apartment,Resident_1,60/3,,,Main Road,Near School,Ward 24,Municipality,Thrissur,676760,4,9,Plastic bottle,4-7,Always,Rarely,Yes
3015,user2@gmail.com,4-5,Large house,Resident_2,95/12,,,Main Road,Near School,Ward 12,Municipality,Kottayam,681184,4,12,Plastic bottle,1-3,Never,Rarely,Yes
3016,user3@gmail.com,4-5,Small house,Resident_3,267/7,,,Main Road,Near School,Ward 23,Municipality,Ernakulam,670520,2,15,Loose / refill,7+,Never,Every month,Yes
3017,user4@gmail.com,4-5,Apartment,Resident_4,216/19,,,Main Road,Near School,Ward 21,Municipality,Kollam,683030,4,13,Loose / refill,7+,Never,Every 2-3 months,No
3018,user5@gmail.com,4-5,Large house,Resident_5,315/14,,,Main Road,Near School,Ward 13,Municipality,Palakkad,687545,3,15,Plastic packet,4-7,Never,Rarely,No
3019,user6@gmail.com,4-5,Large house,Resident_6,12/11,,,Main Road,Near School,Ward 3,Municipality,Malappuram,680126,3,12,Plastic packet,7+,Sometimes,Every 2-3 months,Yes
3020,user7@gmail.com,2-3,Small house,Resident_7,83/11,,,Main Road,Near School,Ward 12,Municipality,Thrissur,679662,3,11,Plastic bottle,None,Always,Rarely,Yes
3021,user8@gmail.com,1,Large house,Resident_8,17/11,,,Main Road,Near School,Ward 11,Municipality,Malappuram,681981,1,6,Plastic packet,None,Never,Rarely,Yes
3022,user9@gmail.com,2-3,Apartment,Resident_9,337/4,,,Main Road,Near School,Ward 14,Municipality,Wayanad,686078,2,12,Plastic packet,1-3,Always,Every month,Yes
3023,user10@gmail.com,2-3,Apartment,Resident_10,427/20,,,Main Road,Near School,Ward 25,Municipality,Kasaragod,686141,2,6,Plastic bottle,1-3,Always,Rarely,Yes
3024,user11@gmail.com,2-3,Small house,Resident_11,209/2,,,Main Road,Near School,Ward 22,Municipality,Thrissur,675231,1,20,Loose / refill,1-3,Never,Every month,No
3025,user12@gmail.com,2-3,Small house,Resident_12,306/14,,,Main Road,Near School,Ward 19,Municipality,Wayanad,675976,3,8,Plastic bottle,None,Sometimes,Never,Yes
3026,user13@gmail.com,2-3,Large house,Resident_13,497/2,,,Main Road,Near School,Ward 18,Municipality,Thrissur,684086,1,20,Plastic packet,7+,Always,Every 2-3 months,No
3027,user14@gmail.com,2-3,Large house,Resident_14,48/20,,,Main Road,Near School,Ward 24,Municipality,Kollam,689544,1,5,Plastic packet,1-3,Never,Never,Yes
3028,user15@gmail.com,6+,Apartment,Resident_15,500/1,,,Main Road,Near School,Ward 20,Municipality,Kollam,683292,4,14,Loose / refill,1-3,Always,Never,Yes
3029,user16@gmail.com,4-5,Apartment,Resident_16,292/17,,,Main Road,Near School,Ward 23,Municipality,Wayanad,677992,4,16,Plastic packet,4-7,Never,Never,No
3030,user17@gmail.com,6+,Small house,Resident_17,320/12,,,Main Road,Near School,Ward 2,Municipality,Idukki,685182,6,4,Plastic bottle,1-3,Sometimes,Never,No
3031,user18@gmail.com,2-3,Small house,Resident_18,94/3,,,Main Road,Near School,Ward 1,Municipality,Malappuram,677126,3,8,Plastic bottle,4-7,Never,Every month,Yes
3032,user19@gmail.com,1,Large house,Resident_19,264/1,,,Main Road,Near School,Ward 12,Municipality,Palakkad,682982,1,11,Plastic packet,1-3,Always,Never,Yes
3033,user20@gmail.com,6+,Apartment,Resident_20,73/7,,,Main Road,Near School,Ward 21,Municipality,Palakkad,687783,5,19,Plastic packet,7+,Always,Rarely,No
3034,user21@gmail.com,4-5,Apartment,Resident_21,406/18,,,Main Road,Near School,Ward 1,Municipality,Thrissur,680082,3,7,Loose / refill,7+,Always,Every month,Yes
3035,user22@gmail.com,2-3,Large house,Resident_22,88/15,,,Main Road,Near School,Ward 22,Municipality,Palakkad,685026,3,15,Plastic packet,7+,Sometimes,Every 2-3 months,Yes
3036,user23@gmail.com,4-5,Apartment,Resident_23,75/8,,,Main Road,Near School,Ward 18,Municipality,Alappuzha,678324,2,16,Plastic bottle,None,Sometimes,Every month,Yes
3037,user24@gmail.com,4-5,Small house,Resident_24,185/16,,,Main Road,Near School,Ward 25,Municipality,Thiruvananthapuram,676137,2,2,Loose / refill,1-3,Never,Every month,No
3038,user25@gmail.com,2-3,Large house,Resident_25,23/7,,,Main Road,Near School,Ward 6,Municipality,Thrissur,671047,1,7,Plastic bottle,1-3,Always,Never,No
3039,user26@gmail.com,2-3,Apartment,Resident_26,409/15,,,Main Road,Near School,Ward 16,Municipality,Kozhikode,672449,3,4,Plastic packet,1-3,Always,Every month,Yes
3040,user27@gmail.com,2-3,Large house,Resident_27,188/11,,,Main Road,Near School,Ward 23,Municipality,Kollam,684897,1,16,Loose / refill,1-3,Always,Every month,Yes
3041,user28@gmail.com,2-3,Small house,Resident_28,110/10,,,Main Road,Near School,Ward 6,Municipality,Palakkad,682572,3,11,Plastic packet,7+,Always,Rarely,No
3042,user29@gmail.com,4-5,Small house,Resident_29,14/15,,,Main Road,Near School,Ward 25,Municipality,Thiruvananthapuram,684902,2,2,Plastic packet,None,Always,Every 2-3 months,Yes
3043,user30@gmail.com,1,Large house,Resident_30,470/19,,,Main Road,Near School,Ward 10,Municipality,Ernakulam,671183,0,16,Plastic bottle,None,Always,Every month,Yes
3044,user31@gmail.com,2-3,Small house,Resident_31,31/19,,,Main Road,Near School,Ward 25,Municipality,Kasaragod,683502,2,19,Plastic packet,7+,Sometimes,Rarely,Yes
3045,user32@gmail.com,4-5,Apartment,Resident_32,122/5,,,Main Road,Near School,Ward 19,Municipality,Wayanad,673346,3,12,Plastic packet,None,Always,Never,No
3046,user33@gmail.com,4-5,Apartment,Resident_33,478/16,,,Main Road,Near School,Ward 3,Municipality,Kasaragod,674762,2,10,Plastic packet,7+,Always,Never,No
3047,user34@gmail.com,2-3,Large house,Resident_34,167/1,,,Main Road,Near School,Ward 12,Municipality,Palakkad,683688,3,18,Plastic bottle,None,Sometimes,Every month,Yes
3048,user35@gmail.com,2-3,Small house,Resident_35,373/19,,,Main Road,Near School,Ward 19,Municipality,Ernakulam,675092,1,9,Loose / refill,None,Always,Never,No
3049,user36@gmail.com,2-3,Large house,Resident_36,77/3,,,Main Road,Near School,Ward 24,Municipality,Kottayam,681503,1,16,Loose / refill,None,Sometimes,Never,No
3050,user37@gmail.com,4-5,Small house,Resident_37,98/4,,,Main Road,Near School,Ward 2,Municipality,Malappuram,675044,3,10,Plastic packet,None,Always,Every month,No
3051,user38@gmail.com,6+,Large house,Resident_38,400/13,,,Main Road,Near School,Ward 6,Municipality,Malappuram,688253,4,5,Plastic bottle,None,Never,Every 2-3 months,Yes
3052,user39@gmail.com,1,Small house,Resident_39,5/8,,,Main Road,Near School,Ward 9,Municipality,Pathanamthitta,677688,0,12,Loose / refill,7+,Never,Rarely,Yes
3053,user40@gmail.com,2-3,Small house,Resident_40,100/13,,,Main Road,Near School,Ward 24,Municipality,Malappuram,683577,1,17,Loose / refill,1-3,Always,Every month,Yes
3054,user41@gmail.com,4-5,Small house,Resident_41,446/20,,,Main Road,Near School,Ward 12,Municipality,Kottayam,685014,2,4,Loose / refill,None,Never,Every month,No
3055,user42@gmail.com,2-3,Large house,Resident_42,101/16,,,Main Road,Near School,Ward 25,Municipality,Kollam,673520,1,7,Plastic bottle,4-7,Always,Every month,No
3056,user43@gmail.com,4-5,Large house,Resident_43,322/18,,,Main Road,Near School,Ward 22,Municipality,Kasaragod,688496,3,3,Plastic packet,1-3,Always,Every 2-3 months,Yes
3057,user44@gmail.com,2-3,Large house,Resident_44,128/16,,,Main Road,Near School,Ward 20,Municipality,Palakkad,683971,1,5,Loose / refill,None,Always,Rarely,No
3058,user45@gmail.com,2-3,Apartment,Resident_45,494/13,,,Main Road,Near School,Ward 13,Municipality,Thrissur,679157,3,20,Plastic bottle,4-7,Sometimes,Never,Yes
3059,user46@gmail.com,2-3,Large house,Resident_46,366/9,,,Main Road,Near School,Ward 20,Municipality,Kozhikode,674700,3,19,Plastic bottle,None,Sometimes,Never,Yes
3060,user47@gmail.com,6+,Large house,Resident_47,431/18,,,Main Road,Near School,Ward 10,Municipality,Pathanamthitta,673899,5,19,Plastic packet,7+,Never,Rarely,No
3061,user48@gmail.com,4-5,Apartment,Resident_48,483/13,,,Main Road,Near School,Ward 23,Municipality,Kannur,673924,2,5,Plastic bottle,7+,Always,Every 2-3 months,Yes
3062,user49@gmail.com,6+,Apartment,Resident_49,403/14,,,Main Road,Near School,Ward 18,Municipality,Kasaragod,679066,5,6,Plastic bottle,4-7,Always,Never,No
3063,user50@gmail.com,4-5,Large house,Resident_50,213/5,,,Main Road,Near School,Ward 15,Municipality,Thiruvananthapuram,683393,3,6,Plastic packet,None,Sometimes,Every 2-3 months,No
3064,user51@gmail.com,4-5,Apartment,Resident_51,430/4,,,Main Road,Near School,Ward 24,Municipality,Kollam,689061,4,5,Plastic packet,4-7,Always,Rarely,Yes
3065,user52@gmail.com,2-3,Small house,Resident_52,339/15,,,Main Road,Near School,Ward 18,Municipality,Alappuzha,687439,1,8,Plastic bottle,7+,Never,Every 2-3 months,No
3066,user53@gmail.com,6+,Small house,Resident_53,324/12,,,Main Road,Near School,Ward 6,Municipality,Kasaragod,671576,3,19,Loose / refill,7+,Never,Every month,No
3067,user54@gmail.com,4-5,Small house,Resident_54,289/11,,,Main Road,Near School,Ward 7,Municipality,Kozhikode,673508,4,13,Plastic packet,1-3,Never,Never,No
3068,user55@gmail.com,4-5,Small house,Resident_55,345/8,,,Main Road,Near School,Ward 13,Municipality,Kozhikode,670324,2,12,Plastic bottle,1-3,Always,Every month,Yes
3069,user56@gmail.com,4-5,Apartment,Resident_56,263/5,,,Main Road,Near School,Ward 18,Municipality,Wayanad,671784,2,16,Plastic packet,None,Sometimes,Never,Yes
3070,user57@gmail.com,4-5,Apartment,Resident_57,475/4,,,Main Road,Near School,Ward 20,Municipality,Palakkad,685129,4,16,Loose / refill,4-7,Never,Every 2-3 months,Yes
3071,user58@gmail.com,1,Small house,Resident_58,70/7,,,Main Road,Near School,Ward 5,Municipality,Kozhikode,677377,1,19,Plastic packet,None,Sometimes,Every month,No
3072,user59@gmail.com,4-5,Apartment,Resident_59,452/9,,,Main Road,Near School,Ward 11,Municipality,Kottayam,683815,3,14,Plastic bottle,7+,Never,Rarely,Yes
3073,user60@gmail.com,4-5,Large house,Resident_60,161/10,,,Main Road,Near School,Ward 12,Municipality,Thrissur,675107,2,4,Plastic bottle,1-3,Always,Never,Yes
3074,user61@gmail.com,2-3,Small house,Resident_61,15/7,,,Main Road,Near School,Ward 6,Municipality,Idukki,673262,2,12,Loose / refill,7+,Always,Every 2-3 months,Yes
3075,user62@gmail.com,6+,Small house,Resident_62,459/5,,,Main Road,Near School,Ward 11,Municipality,Thiruvananthapuram,686220,6,2,Loose / refill,4-7,Never,Every 2-3 months,No
3076,user63@gmail.com,2-3,Apartment,Resident_63,462/13,,,Main Road,Near School,Ward 25,Municipality,Thrissur,684058,3,12,Plastic bottle,None,Never,Every 2-3 months,No
3077,user64@gmail.com,2-3,Large house,Resident_64,166/11,,,Main Road,Near School,Ward 18,Municipality,Ernakulam,670891,2,4,Plastic bottle,1-3,Never,Rarely,Yes
3078,user65@gmail.com,2-3,Large house,Resident_65,150/8,,,Main Road,Near School,Ward 5,Municipality,Palakkad,675063,3,6,Plastic bottle,7+,Sometimes,Every month,Yes
3079,user66@gmail.com,2-3,Small house,Resident_66,180/15,,,Main Road,Near School,Ward 24,Municipality,Thrissur,672064,2,15,Loose / refill,4-7,Always,Never,No
3080,user67@gmail.com,4-5,Apartment,Resident_67,69/11,,,Main Road,Near School,Ward 24,Municipality,Thiruvananthapuram,689642,3,5,Plastic bottle,None,Never,Never,No
3081,user68@gmail.com,4-5,Small house,Resident_68,390/12,,,Main Road,Near School,Ward 16,Municipality,Kozhikode,676984,3,8,Loose / refill,1-3,Always,Every 2-3 months,Yes
3082,user69@gmail.com,2-3,Apartment,Resident_69,68/3,,,Main Road,Near School,Ward 20,Municipality,Thrissur,674726,2,13,Plastic packet,None,Always,Every 2-3 months,Yes
3083,user70@gmail.com,2-3,Large house,Resident_70,29/6,,,Main Road,Near School,Ward 25,Municipality,Palakkad,674086,3,16,Loose / refill,4-7,Always,Every month,No
3084,user71@gmail.com,6+,Small house,Resident_71,423/13,,,Main Road,Near School,Ward 13,Municipality,Kollam,677798,5,12,Plastic bottle,4-7,Sometimes,Never,Yes
3085,user72@gmail.com,2-3,Small house,Resident_72,206/5,,,Main Road,Near School,Ward 20,Municipality,Ernakulam,689095,3,5,Plastic packet,1-3,Sometimes,Never,Yes
3086,user73@gmail.com,2-3,Small house,Resident_73,118/9,,,Main Road,Near School,Ward 9,Municipality,Kozhikode,679590,3,5,Plastic bottle,1-3,Always,Never,Yes
3087,user74@gmail.com,6+,Large house,Resident_74,32/8,,,Main Road,Near School,Ward 8,Municipality,Palakkad,679638,6,7,Plastic bottle,7+,Sometimes,Never,Yes
3088,user75@gmail.com,2-3,Large house,Resident_75,222/4,,,Main Road,Near School,Ward 23,Municipality,Pathanamthitta,676244,3,5,Plastic packet,1-3,Never,Never,Yes
3089,user76@gmail.com,2-3,Small house,Resident_76,332/9,,,Main Road,Near School,Ward 2,Municipality,Pathanamthitta,678595,2,16,Plastic bottle,4-7,Never,Never,Yes
3090,user77@gmail.com,4-5,Small house,Resident_77,300/13,,,Main Road,Near School,Ward 16,Municipality,Malappuram,679704,2,20,Plastic packet,4-7,Never,Rarely,No
3091,user78@gmail.com,6+,Large house,Resident_78,352/20,,,Main Road,Near School,Ward 1,Municipality,Idukki,688576,3,19,Loose / refill,7+,Sometimes,Rarely,No
3092,user79@gmail.com,2-3,Apartment,Resident_79,220/10,,,Main Road,Near School,Ward 24,Municipality,Kasaragod,684618,2,3,Plastic bottle,1-3,Sometimes,Every 2-3 months,Yes
3093,user80@gmail.com,2-3,Apartment,Resident_80,462/18,,,Main Road,Near School,Ward 5,Municipality,Thiruvananthapuram,682059,3,15,Plastic packet,7+,Sometimes,Rarely,No
3094,user81@gmail.com,2-3,Small house,Resident_81,302/18,,,Main Road,Near School,Ward 19,Municipality,Kottayam,683260,2,7,Loose / refill,7+,Sometimes,Never,No
3095,user82@gmail.com,4-5,Large house,Resident_82,481/8,,,Main Road,Near School,Ward 19,Municipality,Kozhikode,689509,2,14,Plastic packet,None,Never,Never,Yes
3096,user83@gmail.com,2-3,Large house,Resident_83,376/14,,,Main Road,Near School,Ward 2,Municipality,Kottayam,675888,3,14,Plastic bottle,1-3,Sometimes,Every 2-3 months,No
3097,user84@gmail.com,4-5,Small house,Resident_84,230/4,,,Main Road,Near School,Ward 1,Municipality,Kollam,670594,3,11,Plastic packet,4-7,Never,Every 2-3 months,No
3098,user85@gmail.com,2-3,Small house,Resident_85,327/10,,,Main Road,Near School,Ward 1,Municipality,Idukki,689065,1,2,Plastic packet,1-3,Always,Every 2-3 months,Yes
3099,user86@gmail.com,4-5,Large house,Resident_86,251/9,,,Main Road,Near School,Ward 5,Municipality,Wayanad,685508,3,20,Loose / refill,4-7,Always,Every month,Yes
3100,user87@gmail.com,2-3,Small house,Resident_87,176/5,,,Main Road,Near School,Ward 14,Municipality,Ernakulam,674028,3,5,Plastic bottle,7+,Sometimes,Rarely,No
3101,user88@gmail.com,6+,Small house,Resident_88,1/3,,,Main Road,Near School,Ward 14,Municipality,Kottayam,682270,5,19,Plastic packet,7+,Always,Rarely,No
3102,user89@gmail.com,1,Apartment,Resident_89,394/19,,,Main Road,Near School,Ward 24,Municipality,Wayanad,685839,0,7,Loose / refill,4-7,Sometimes,Every 2-3 months,No
3103,user90@gmail.com,2-3,Small house,Resident_90,230/14,,,Main Road,Near School,Ward 7,Municipality,Pathanamthitta,681414,2,13,Plastic bottle,4-7,Sometimes,Never,No
3104,user91@gmail.com,6+,Large house,Resident_91,433/18,,,Main Road,Near School,Ward 24,Municipality,Alappuzha,679747,6,20,Plastic bottle,4-7,Never,Every month,Yes
3105,user92@gmail.com,1,Large house,Resident_92,254/11,,,Main Road,Near School,Ward 13,Municipality,Idukki,687574,0,14,Loose / refill,4-7,Never,Every month,Yes
3106,user93@gmail.com,4-5,Apartment,Resident_93,358/8,,,Main Road,Near School,Ward 13,Municipality,Malappuram,687462,3,19,Plastic bottle,4-7,Sometimes,Rarely,No
3107,user94@gmail.com,6+,Large house,Resident_94,392/12,,,Main Road,Near School,Ward 24,Municipality,Idukki,676502,4,4,Loose / refill,4-7,Never,Every 2-3 months,Yes
3108,user95@gmail.com,4-5,Apartment,Resident_95,337/12,,,Main Road,Near School,Ward 15,Municipality,Kottayam,674100,2,14,Loose / refill,1-3,Never,Every 2-3 months,Yes
3109,user96@gmail.com,6+,Apartment,Resident_96,469/9,,,Main Road,Near School,Ward 16,Municipality,Kollam,680058,5,15,Plastic packet,4-7,Always,Rarely,Yes
3110,user97@gmail.com,2-3,Apartment,Resident_97,271/12,,,Main Road,Near School,Ward 4,Municipality,Kannur,682057,2,15,Loose / refill,1-3,Never,Rarely,No
3111,user98@gmail.com,4-5,Small house,Resident_98,187/15,,,Main Road,Near School,Ward 12,Municipality,Alappuzha,670822,4,10,Loose / refill,None,Always,Never,Yes
3112,user99@gmail.com,2-3,Apartment,Resident_99,466/10,,,Main Road,Near School,Ward 5,Municipality,Malappuram,673977,3,7,Plastic bottle,None,Always,Every 2-3 months,No
3113,user100@gmail.com,2-3,Large house,Resident_100,492/17,,,Main Road,Near School,Ward 8,Municipality,Ernakulam,673996,1,17,Loose / refill,7+,Always,Every month,No
3114,user101@gmail.com,2-3,Small house,Resident_101,3/2,,,Main Road,Near School,Ward 21,Municipality,Thiruvananthapuram,684696,2,5,Plastic bottle,7+,Always,Rarely,Yes
3115,user102@gmail.com,4-5,Large house,Resident_102,230/17,,,Main Road,Near School,Ward 7,Municipality,Alappuzha,682853,3,15,Loose / refill,1-3,Sometimes,Never,No
3116,user103@gmail.com,4-5,Large house,Resident_103,441/1,,,Main Road,Near School,Ward 5,Municipality,Kottayam,683066,3,6,Plastic bottle,None,Never,Every 2-3 months,No
3117,user104@gmail.com,2-3,Large house,Resident_104,441/2,,,Main Road,Near School,Ward 4,Municipality,Palakkad,687654,2,5,Plastic bottle,4-7,Sometimes,Every month,Yes
3118,user105@gmail.com,4-5,Small house,Resident_105,414/15,,,Main Road,Near School,Ward 7,Municipality,Alappuzha,670858,3,18,Loose / refill,7+,Sometimes,Never,Yes
3119,user106@gmail.com,2-3,Small house,Resident_106,468/6,,,Main Road,Near School,Ward 18,Municipality,Kollam,674706,2,19,Plastic bottle,None,Never,Rarely,No
3120,user107@gmail.com,2-3,Apartment,Resident_107,356/20,,,Main Road,Near School,Ward 25,Municipality,Palakkad,689806,1,5,Plastic packet,1-3,Never,Rarely,Yes
3121,user108@gmail.com,2-3,Large house,Resident_108,123/2,,,Main Road,Near School,Ward 4,Municipality,Kottayam,677865,3,18,Plastic bottle,7+,Sometimes,Never,Yes
3122,user109@gmail.com,4-5,Apartment,Resident_109,322/3,,,Main Road,Near School,Ward 22,Municipality,Wayanad,671517,3,16,Plastic bottle,7+,Never,Every 2-3 months,No
3123,user110@gmail.com,2-3,Large house,Resident_110,346/20,,,Main Road,Near School,Ward 12,Municipality,Thiruvananthapuram,688686,1,11,Loose / refill,None,Always,Never,No
3124,user111@gmail.com,2-3,Apartment,Resident_111,117/10,,,Main Road,Near School,Ward 10,Municipality,Malappuram,681724,2,20,Plastic packet,None,Sometimes,Never,Yes
3125,user112@gmail.com,2-3,Apartment,Resident_112,144/13,,,Main Road,Near School,Ward 1,Municipality,Wayanad,686624,2,17,Plastic bottle,7+,Never,Rarely,Yes
3126,user113@gmail.com,2-3,Large house,Resident_113,184/20,,,Main Road,Near School,Ward 13,Municipality,Idukki,682713,3,7,Loose / refill,None,Never,Never,No
3127,user114@gmail.com,1,Small house,Resident_114,29/19,,,Main Road,Near School,Ward 24,Municipality,Kozhikode,689833,1,3,Loose / refill,7+,Sometimes,Every month,Yes
3128,user115@gmail.com,2-3,Small house,Resident_115,469/5,,,Main Road,Near School,Ward 16,Municipality,Alappuzha,686020,2,20,Loose / refill,7+,Sometimes,Every 2-3 months,Yes
3129,user116@gmail.com,6+,Small house,Resident_116,144/4,,,Main Road,Near School,Ward 8,Municipality,Wayanad,677835,5,7,Plastic packet,None,Never,Never,Yes
3130,user117@gmail.com,2-3,Large house,Resident_117,115/7,,,Main Road,Near School,Ward 13,Municipality,Kozhikode,677518,2,17,Plastic bottle,7+,Sometimes,Rarely,Yes
3131,user118@gmail.com,4-5,Apartment,Resident_118,153/16,,,Main Road,Near School,Ward 21,Municipality,Kollam,677174,4,13,Plastic packet,7+,Never,Rarely,Yes
3132,user119@gmail.com,2-3,Small house,Resident_119,393/12,,,Main Road,Near School,Ward 16,Municipality,Pathanamthitta,676128,1,17,Plastic packet,4-7,Never,Never,Yes
3133,user120@gmail.com,4-5,Small house,Resident_120,334/2,,,Main Road,Near School,Ward 25,Municipality,Pathanamthitta,680780,3,20,Plastic bottle,None,Always,Rarely,No
3134,user121@gmail.com,4-5,Apartment,Resident_121,170/20,,,Main Road,Near School,Ward 19,Municipality,Kottayam,680324,3,4,Plastic packet,7+,Sometimes,Never,Yes
3135,user122@gmail.com,2-3,Apartment,Resident_122,7/2,,,Main Road,Near School,Ward 17,Municipality,Thrissur,674561,1,18,Plastic bottle,4-7,Never,Every month,No
3136,user123@gmail.com,2-3,Small house,Resident_123,83/2,,,Main Road,Near School,Ward 10,Municipality,Kannur,676313,1,12,Loose / refill,1-3,Sometimes,Every 2-3 months,Yes
3137,user124@gmail.com,2-3,Apartment,Resident_124,95/7,,,Main Road,Near School,Ward 10,Municipality,Kannur,689892,1,2,Loose / refill,7+,Never,Rarely,Yes
3138,user125@gmail.com,2-3,Small house,Resident_125,427/13,,,Main Road,Near School,Ward 14,Municipality,Pathanamthitta,670242,2,12,Loose / refill,1-3,Always,Never,Yes
3139,user126@gmail.com,2-3,Small house,Resident_126,456/11,,,Main Road,Near School,Ward 23,Municipality,Malappuram,685625,1,19,Plastic bottle,4-7,Never,Never,Yes
3140,user127@gmail.com,6+,Apartment,Resident_127,377/9,,,Main Road,Near School,Ward 15,Municipality,Kozhikode,675398,6,15,Plastic packet,None,Never,Every 2-3 months,No
3141,user128@gmail.com,6+,Large house,Resident_128,398/18,,,Main Road,Near School,Ward 7,Municipality,Kasaragod,689834,4,19,Loose / refill,7+,Sometimes,Every month,Yes
3142,user129@gmail.com,2-3,Small house,Resident_129,169/6,,,Main Road,Near School,Ward 1,Municipality,Kozhikode,680203,3,6,Plastic packet,7+,Always,Never,Yes
3143,user130@gmail.com,2-3,Apartment,Resident_130,491/6,,,Main Road,Near School,Ward 15,Municipality,Kozhikode,679014,1,12,Plastic packet,None,Always,Rarely,Yes
3144,user131@gmail.com,4-5,Apartment,Resident_131,206/3,,,Main Road,Near School,Ward 18,Municipality,Kozhikode,687005,3,19,Plastic bottle,7+,Always,Every month,No
3145,user132@gmail.com,4-5,Apartment,Resident_132,269/9,,,Main Road,Near School,Ward 6,Municipality,Malappuram,682276,4,3,Plastic bottle,1-3,Sometimes,Never,No
3146,user133@gmail.com,4-5,Large house,Resident_133,246/10,,,Main Road,Near School,Ward 4,Municipality,Kozhikode,676679,2,2,Loose / refill,7+,Sometimes,Every 2-3 months,Yes
3147,user134@gmail.com,1,Small house,Resident_134,493/17,,,Main Road,Near School,Ward 4,Municipality,Kannur,688455,0,14,Plastic packet,1-3,Always,Every month,Yes
3148,user135@gmail.com,4-5,Large house,Resident_135,208/6,,,Main Road,Near School,Ward 22,Municipality,Thiruvananthapuram,673307,2,19,Loose / refill,7+,Always,Never,No
3149,user136@gmail.com,6+,Apartment,Resident_136,289/7,,,Main Road,Near School,Ward 5,Municipality,Pathanamthitta,671094,4,6,Plastic packet,7+,Sometimes,Every month,No
3150,user137@gmail.com,2-3,Large house,Resident_137,347/20,,,Main Road,Near School,Ward 16,Municipality,Kannur,687034,3,2,Loose / refill,4-7,Never,Every 2-3 months,No
3151,user138@gmail.com,4-5,Large house,Resident_138,350/8,,,Main Road,Near School,Ward 15,Municipality,Thiruvananthapuram,688546,3,3,Plastic packet,None,Never,Never,No
3152,user139@gmail.com,2-3,Apartment,Resident_139,196/14,,,Main Road,Near School,Ward 9,Municipality,Ernakulam,679114,1,17,Plastic packet,7+,Sometimes,Never,No
3153,user140@gmail.com,2-3,Apartment,Resident_140,428/7,,,Main Road,Near School,Ward 14,Municipality,Kasaragod,689453,2,12,Loose / refill,1-3,Sometimes,Never,No
3154,user141@gmail.com,4-5,Small house,Resident_141,278/18,,,Main Road,Near School,Ward 4,Municipality,Wayanad,676104,2,12,Plastic packet,4-7,Sometimes,Rarely,Yes
3155,user142@gmail.com,4-5,Apartment,Resident_142,475/1,,,Main Road,Near School,Ward 19,Municipality,Alappuzha,683871,2,7,Plastic bottle,4-7,Never,Every month,No
3156,user143@gmail.com,1,Small house,Resident_143,396/8,,,Main Road,Near School,Ward 6,Municipality,Palakkad,674069,0,11,Plastic packet,4-7,Sometimes,Every month,Yes
3157,user144@gmail.com,4-5,Apartment,Resident_144,492/18,,,Main Road,Near School,Ward 4,Municipality,Thrissur,682486,3,3,Loose / refill,4-7,Sometimes,Every 2-3 months,Yes
3158,user145@gmail.com,4-5,Apartment,Resident_145,92/4,,,Main Road,Near School,Ward 4,Municipality,Alappuzha,676540,3,15,Loose / refill,1-3,Always,Every 2-3 months,Yes
3159,user146@gmail.com,1,Large house,Resident_146,148/19,,,Main Road,Near School,Ward 3,Municipality,Palakkad,680918,1,18,Plastic packet,None,Never,Never,Yes
3160,user147@gmail.com,2-3,Small house,Resident_147,303/16,,,Main Road,Near School,Ward 6,Municipality,Idukki,686586,2,6,Loose / refill,1-3,Sometimes,Never,Yes
3161,user148@gmail.com,4-5,Apartment,Resident_148,61/16,,,Main Road,Near School,Ward 19,Municipality,Ernakulam,670706,3,7,Plastic packet,None,Sometimes,Every month,No
3162,user149@gmail.com,2-3,Apartment,Resident_149,251/14,,,Main Road,Near School,Ward 8,Municipality,Thrissur,678529,2,18,Plastic bottle,None,Never,Every 2-3 months,No
3163,user150@gmail.com,4-5,Large house,Resident_150,225/17,,,Main Road,Near School,Ward 20,Municipality,Wayanad,686785,2,16,Plastic packet,None,Sometimes,Every 2-3 months,Yes
3164,user151@gmail.com,4-5,Large house,Resident_151,365/13,,,Main Road,Near School,Ward 4,Municipality,Ernakulam,687081,3,3,Plastic bottle,7+,Always,Rarely,No
3165,user152@gmail.com,4-5,Large house,Resident_152,78/5,,,Main Road,Near School,Ward 16,Municipality,Malappuram,687839,2,10,Plastic bottle,4-7,Always,Every month,Yes
3166,user153@gmail.com,4-5,Small house,Resident_153,279/9,,,Main Road,Near School,Ward 14,Municipality,Pathanamthitta,675938,4,10,Plastic bottle,1-3,Always,Never,No
3167,user154@gmail.com,4-5,Apartment,Resident_154,319/1,,,Main Road,Near School,Ward 9,Municipality,Palakkad,684060,2,12,Plastic packet,None,Always,Every month,No
3168,user155@gmail.com,4-5,Apartment,Resident_155,210/9,,,Main Road,Near School,Ward 2,Municipality,Ernakulam,674156,3,5,Plastic bottle,None,Always,Every 2-3 months,Yes
3169,user156@gmail.com,6+,Apartment,Resident_156,344/19,,,Main Road,Near School,Ward 8,Municipality,Kottayam,681714,6,14,Plastic packet,1-3,Always,Every 2-3 months,Yes
3170,user157@gmail.com,1,Apartment,Resident_157,291/13,,,Main Road,Near School,Ward 9,Municipality,Kollam,670268,0,12,Plastic packet,7+,Always,Rarely,No
3171,user158@gmail.com,4-5,Apartment,Resident_158,203/9,,,Main Road,Near School,Ward 6,Municipality,Kozhikode,675628,4,2,Plastic bottle,4-7,Always,Rarely,Yes
3172,user159@gmail.com,2-3,Apartment,Resident_159,452/5,,,Main Road,Near School,Ward 11,Municipality,Thrissur,674803,3,5,Plastic packet,7+,Never,Every month,Yes
3173,user160@gmail.com,4-5,Small house,Resident_160,300/7,,,Main Road,Near School,Ward 1,Municipality,Wayanad,679091,4,9,Plastic bottle,1-3,Sometimes,Every month,No
3174,user161@gmail.com,6+,Large house,Resident_161,265/13,,,Main Road,Near School,Ward 4,Municipality,Idukki,683618,6,19,Loose / refill,1-3,Never,Rarely,No
3175,user162@gmail.com,1,Apartment,Resident_162,10/4,,,Main Road,Near School,Ward 22,Municipality,Kozhikode,688121,0,14,Plastic packet,None,Sometimes,Rarely,Yes
3176,user163@gmail.com,6+,Large house,Resident_163,277/10,,,Main Road,Near School,Ward 4,Municipality,Wayanad,670551,4,20,Plastic bottle,1-3,Sometimes,Every month,Yes
3177,user164@gmail.com,2-3,Large house,Resident_164,291/17,,,Main Road,Near School,Ward 14,Municipality,Kannur,678887,1,15,Loose / refill,None,Always,Never,No
3178,user165@gmail.com,4-5,Apartment,Resident_165,457/12,,,Main Road,Near School,Ward 9,Municipality,Thiruvananthapuram,688384,2,9,Plastic packet,4-7,Always,Never,No
3179,user166@gmail.com,4-5,Large house,Resident_166,155/3,,,Main Road,Near School,Ward 25,Municipality,Ernakulam,683526,2,17,Plastic packet,1-3,Always,Every month,Yes
3180,user167@gmail.com,2-3,Large house,Resident_167,42/3,,,Main Road,Near School,Ward 24,Municipality,Kasaragod,682286,1,4,Plastic bottle,4-7,Always,Every month,No
3181,user168@gmail.com,2-3,Small house,Resident_168,5/20,,,Main Road,Near School,Ward 25,Municipality,Thiruvananthapuram,684939,1,19,Loose / refill,4-7,Never,Rarely,No
3182,user169@gmail.com,4-5,Large house,Resident_169,387/20,,,Main Road,Near School,Ward 7,Municipality,Malappuram,676785,3,16,Loose / refill,1-3,Sometimes,Rarely,Yes
3183,user170@gmail.com,2-3,Large house,Resident_170,249/8,,,Main Road,Near School,Ward 13,Municipality,Wayanad,687205,3,17,Plastic packet,1-3,Never,Never,Yes
3184,user171@gmail.com,4-5,Apartment,Resident_171,467/5,,,Main Road,Near School,Ward 2,Municipality,Malappuram,688893,2,16,Loose / refill,4-7,Sometimes,Every month,No
3185,user172@gmail.com,4-5,Apartment,Resident_172,254/1,,,Main Road,Near School,Ward 1,Municipality,Malappuram,678529,4,19,Plastic packet,None,Sometimes,Never,No
3186,user173@gmail.com,2-3,Small house,Resident_173,379/11,,,Main Road,Near School,Ward 23,Municipality,Thiruvananthapuram,682632,2,8,Plastic packet,7+,Sometimes,Every 2-3 months,No
3187,user174@gmail.com,6+,Apartment,Resident_174,119/9,,,Main Road,Near School,Ward 23,Municipality,Pathanamthitta,689300,4,11,Loose / refill,1-3,Never,Rarely,Yes
3188,user175@gmail.com,4-5,Large house,Resident_175,462/20,,,Main Road,Near School,Ward 15,Municipality,Kozhikode,673954,2,11,Plastic packet,1-3,Sometimes,Rarely,Yes
3189,user176@gmail.com,2-3,Apartment,Resident_176,446/5,,,Main Road,Near School,Ward 15,Municipality,Kottayam,688266,2,5,Loose / refill,None,Sometimes,Never,No
3190,user177@gmail.com,4-5,Large house,Resident_177,416/15,,,Main Road,Near School,Ward 9,Municipality,Ernakulam,689252,4,4,Plastic packet,None,Sometimes,Every month,No
3191,user178@gmail.com,6+,Apartment,Resident_178,495/15,,,Main Road,Near School,Ward 19,Municipality,Idukki,688981,3,17,Plastic bottle,4-7,Never,Rarely,No
3192,user179@gmail.com,4-5,Apartment,Resident_179,214/5,,,Main Road,Near School,Ward 3,Municipality,Idukki,685369,3,14,Plastic bottle,4-7,Sometimes,Every month,Yes
3193,user180@gmail.com,2-3,Large house,Resident_180,434/6,,,Main Road,Near School,Ward 18,Municipality,Kottayam,687695,3,17,Plastic packet,1-3,Never,Every 2-3 months,Yes
3194,user181@gmail.com,4-5,Small house,Resident_181,294/19,,,Main Road,Near School,Ward 3,Municipality,Thrissur,673457,4,14,Plastic packet,1-3,Sometimes,Rarely,Yes
3195,user182@gmail.com,2-3,Small house,Resident_182,34/18,,,Main Road,Near School,Ward 20,Municipality,Kasaragod,687418,3,3,Loose / refill,4-7,Never,Never,No
3196,user183@gmail.com,4-5,Large house,Resident_183,279/9,,,Main Road,Near School,Ward 25,Municipality,Malappuram,675623,3,9,Plastic packet,None,Never,Every month,Yes
3197,user184@gmail.com,2-3,Small house,Resident_184,293/5,,,Main Road,Near School,Ward 6,Municipality,Kasaragod,687243,2,18,Plastic packet,None,Sometimes,Every 2-3 months,Yes
3198,user185@gmail.com,4-5,Apartment,Resident_185,294/15,,,Main Road,Near School,Ward 22,Municipality,Kollam,675462,3,15,Loose / refill,1-3,Never,Never,No
3199,user186@gmail.com,2-3,Apartment,Resident_186,373/3,,,Main Road,Near School,Ward 2,Municipality,Wayanad,683184,1,8,Plastic packet,None,Never,Rarely,Yes
3200,user187@gmail.com,4-5,Apartment,Resident_187,85/2,,,Main Road,Near School,Ward 21,Municipality,Ernakulam,688666,2,5,Plastic bottle,1-3,Sometimes,Every month,Yes
3201,user188@gmail.com,4-5,Large house,Resident_188,199/3,,,Main Road,Near School,Ward 23,Municipality,Idukki,685208,3,10,Loose / refill,7+,Always,Never,No
3202,user189@gmail.com,6+,Apartment,Resident_189,371/18,,,Main Road,Near School,Ward 10,Municipality,Thiruvananthapuram,686779,5,13,Plastic packet,1-3,Never,Never,Yes
3203,user190@gmail.com,2-3,Small house,Resident_190,381/17,,,Main Road,Near School,Ward 22,Municipality,Ernakulam,675234,2,14,Plastic packet,7+,Sometimes,Never,No
3204,user191@gmail.com,1,Small house,Resident_191,90/12,,,Main Road,Near School,Ward 5,Municipality,Pathanamthitta,678569,1,18,Plastic bottle,4-7,Never,Every 2-3 months,Yes
3205,user192@gmail.com,6+,Large house,Resident_192,146/4,,,Main Road,Near School,Ward 1,Municipality,Kasaragod,681840,5,4,Plastic packet,4-7,Sometimes,Every month,Yes
3206,user193@gmail.com,2-3,Apartment,Resident_193,494/16,,,Main Road,Near School,Ward 13,Municipality,Thrissur,689193,3,6,Plastic packet,7+,Sometimes,Rarely,Yes
3207,user194@gmail.com,2-3,Small house,Resident_194,163/7,,,Main Road,Near School,Ward 22,Municipality,Kannur,687797,2,4,Plastic packet,None,Sometimes,Rarely,No
3208,user195@gmail.com,2-3,Small house,Resident_195,117/1,,,Main Road,Near School,Ward 19,Municipality,Kannur,674870,1,7,Plastic bottle,None,Always,Rarely,No
3209,user196@gmail.com,6+,Apartment,Resident_196,293/16,,,Main Road,Near School,Ward 2,Municipality,Kannur,674612,3,4,Loose / refill,7+,Always,Every 2-3 months,No
3210,user197@gmail.com,1,Apartment,Resident_197,455/12,,,Main Road,Near School,Ward 17,Municipality,Kollam,685245,0,4,Plastic bottle,1-3,Always,Every month,Yes
3211,user198@gmail.com,4-5,Small house,Resident_198,312/12,,,Main Road,Near School,Ward 1,Municipality,Kasaragod,689039,3,17,Loose / refill,None,Never,Every 2-3 months,Yes
3212,user199@gmail.com,2-3,Apartment,Resident_199,308/4,,,Main Road,Near School,Ward 24,Municipality,Malappuram,675166,1,2,Loose / refill,None,Sometimes,Every month,Yes
3213,user200@gmail.com,2-3,Large house,Resident_200,159/17,,,Main Road,Near School,Ward 5,Municipality,Malappuram,678232,1,7,Loose / refill,4-7,Always,Every month,No
3214,user201@gmail.com,4-5,Small house,Resident_201,12/3,,,Main Road,Near School,Ward 17,Municipality,Alappuzha,687350,4,11,Plastic packet,1-3,Always,Rarely,No
3215,user202@gmail.com,2-3,Apartment,Resident_202,26/9,,,Main Road,Near School,Ward 25,Municipality,Idukki,678715,2,11,Plastic bottle,4-7,Always,Every month,No
3216,user203@gmail.com,1,Small house,Resident_203,152/15,,,Main Road,Near School,Ward 13,Municipality,Wayanad,680331,0,8,Plastic packet,None,Always,Rarely,Yes
3217,user204@gmail.com,2-3,Small house,Resident_204,217/1,,,Main Road,Near School,Ward 20,Municipality,Ernakulam,682419,1,4,Plastic bottle,1-3,Always,Never,Yes
3218,user205@gmail.com,1,Apartment,Resident_205,336/13,,,Main Road,Near School,Ward 9,Municipality,Thrissur,683529,1,6,Plastic bottle,1-3,Always,Rarely,No
3219,user206@gmail.com,2-3,Large house,Resident_206,175/18,,,Main Road,Near School,Ward 8,Municipality,Kannur,679594,3,9,Loose / refill,None,Sometimes,Never,Yes
3220,user207@gmail.com,1,Apartment,Resident_207,31/2,,,Main Road,Near School,Ward 8,Municipality,Wayanad,674985,0,16,Plastic packet,4-7,Always,Rarely,Yes
3221,user208@gmail.com,4-5,Apartment,Resident_208,294/16,,,Main Road,Near School,Ward 17,Municipality,Ernakulam,680707,2,12,Plastic bottle,None,Sometimes,Every month,No
3222,user209@gmail.com,1,Apartment,Resident_209,447/13,,,Main Road,Near School,Ward 16,Municipality,Idukki,682348,0,7,Plastic packet,1-3,Sometimes,Every month,No
3223,user210@gmail.com,2-3,Apartment,Resident_210,405/1,,,Main Road,Near School,Ward 15,Municipality,Palakkad,679495,1,19,Loose / refill,4-7,Always,Every month,Yes
3224,user211@gmail.com,1,Apartment,Resident_211,412/19,,,Main Road,Near School,Ward 24,Municipality,Kozhikode,676972,0,20,Plastic bottle,4-7,Sometimes,Never,Yes
3225,user212@gmail.com,6+,Apartment,Resident_212,351/15,,,Main Road,Near School,Ward 12,Municipality,Wayanad,683206,3,16,Plastic packet,7+,Sometimes,Every 2-3 months,Yes
3226,user213@gmail.com,2-3,Apartment,Resident_213,377/2,,,Main Road,Near School,Ward 19,Municipality,Idukki,670258,3,2,Loose / refill,4-7,Never,Every month,Yes
3227,user214@gmail.com,2-3,Apartment,Resident_214,465/17,,,Main Road,Near School,Ward 9,Municipality,Malappuram,685225,1,19,Plastic packet,1-3,Never,Every month,Yes
3228,user215@gmail.com,2-3,Small house,Resident_215,428/18,,,Main Road,Near School,Ward 20,Municipality,Thrissur,670626,3,19,Loose / refill,None,Always,Rarely,No
3229,user216@gmail.com,2-3,Small house,Resident_216,154/19,,,Main Road,Near School,Ward 2,Municipality,Pathanamthitta,680621,2,15,Plastic packet,4-7,Never,Never,Yes
3230,user217@gmail.com,6+,Large house,Resident_217,226/6,,,Main Road,Near School,Ward 9,Municipality,Thrissur,679956,3,5,Loose / refill,4-7,Always,Never,Yes
3231,user218@gmail.com,2-3,Small house,Resident_218,187/4,,,Main Road,Near School,Ward 3,Municipality,Thiruvananthapuram,679166,1,17,Plastic packet,1-3,Always,Rarely,No
3232,user219@gmail.com,4-5,Apartment,Resident_219,138/6,,,Main Road,Near School,Ward 17,Municipality,Thiruvananthapuram,676104,2,20,Loose / refill,7+,Never,Rarely,No
3233,user220@gmail.com,2-3,Small house,Resident_220,304/15,,,Main Road,Near School,Ward 9,Municipality,Ernakulam,686507,3,18,Plastic packet,7+,Never,Every 2-3 months,Yes
3234,user221@gmail.com,4-5,Apartment,Resident_221,255/9,,,Main Road,Near School,Ward 8,Municipality,Idukki,675393,2,16,Plastic bottle,4-7,Sometimes,Every month,No
3235,user222@gmail.com,4-5,Large house,Resident_222,391/4,,,Main Road,Near School,Ward 18,Municipality,Idukki,677981,4,14,Plastic bottle,7+,Never,Every 2-3 months,No
3236,user223@gmail.com,4-5,Large house,Resident_223,28/17,,,Main Road,Near School,Ward 8,Municipality,Ernakulam,678102,3,14,Loose / refill,1-3,Always,Every month,Yes
3237,user224@gmail.com,1,Large house,Resident_224,62/15,,,Main Road,Near School,Ward 7,Municipality,Malappuram,673509,0,15,Loose / refill,1-3,Sometimes,Never,No
3238,user225@gmail.com,2-3,Large house,Resident_225,402/16,,,Main Road,Near School,Ward 15,Municipality,Kasaragod,675230,2,16,Loose / refill,4-7,Always,Never,Yes
3239,user226@gmail.com,4-5,Apartment,Resident_226,215/16,,,Main Road,Near School,Ward 4,Municipality,Kozhikode,678602,4,11,Plastic bottle,1-3,Never,Rarely,Yes
3240,user227@gmail.com,1,Large house,Resident_227,426/5,,,Main Road,Near School,Ward 3,Municipality,Alappuzha,677501,1,2,Plastic bottle,4-7,Never,Rarely,Yes
3241,user228@gmail.com,4-5,Small house,Resident_228,493/2,,,Main Road,Near School,Ward 19,Municipality,Kollam,676487,2,15,Plastic packet,4-7,Always,Rarely,Yes
3242,user229@gmail.com,1,Small house,Resident_229,278/6,,,Main Road,Near School,Ward 13,Municipality,Kannur,672706,1,6,Plastic bottle,4-7,Always,Rarely,No
3243,user230@gmail.com,4-5,Apartment,Resident_230,207/13,,,Main Road,Near School,Ward 20,Municipality,Thrissur,682070,2,12,Plastic bottle,1-3,Never,Rarely,No
3244,user231@gmail.com,6+,Small house,Resident_231,315/14,,,Main Road,Near School,Ward 10,Municipality,Palakkad,682461,5,8,Plastic bottle,4-7,Always,Never,No
3245,user232@gmail.com,2-3,Large house,Resident_232,442/16,,,Main Road,Near School,Ward 18,Municipality,Palakkad,670123,3,2,Loose / refill,7+,Sometimes,Never,No
3246,user233@gmail.com,2-3,Small house,Resident_233,59/20,,,Main Road,Near School,Ward 4,Municipality,Thrissur,674271,1,8,Plastic packet,None,Never,Every month,Yes
3247,user234@gmail.com,2-3,Large house,Resident_234,332/1,,,Main Road,Near School,Ward 18,Municipality,Kollam,684044,2,15,Loose / refill,7+,Always,Never,Yes
3248,user235@gmail.com,2-3,Small house,Resident_235,129/9,,,Main Road,Near School,Ward 17,Municipality,Idukki,680106,1,13,Plastic bottle,7+,Sometimes,Every 2-3 months,No
3249,user236@gmail.com,6+,Apartment,Resident_236,124/2,,,Main Road,Near School,Ward 5,Municipality,Wayanad,676486,6,13,Loose / refill,4-7,Never,Every 2-3 months,Yes
3250,user237@gmail.com,4-5,Apartment,Resident_237,100/6,,,Main Road,Near School,Ward 6,Municipality,Kollam,675573,3,7,Plastic packet,4-7,Always,Every 2-3 months,No
3251,user238@gmail.com,2-3,Large house,Resident_238,329/20,,,Main Road,Near School,Ward 15,Municipality,Palakkad,673181,2,18,Plastic packet,None,Sometimes,Every month,Yes
3252,user239@gmail.com,2-3,Large house,Resident_239,496/8,,,Main Road,Near School,Ward 14,Municipality,Thiruvananthapuram,677654,3,13,Plastic bottle,1-3,Always,Rarely,No
3253,user240@gmail.com,4-5,Large house,Resident_240,308/13,,,Main Road,Near School,Ward 9,Municipality,Idukki,685533,3,18,Plastic bottle,None,Always,Rarely,No
3254,user241@gmail.com,4-5,Large house,Resident_241,414/11,,,Main Road,Near School,Ward 19,Municipality,Wayanad,672676,3,16,Loose / refill,None,Always,Every month,No
3255,user242@gmail.com,4-5,Large house,Resident_242,406/16,,,Main Road,Near School,Ward 12,Municipality,Kasaragod,683537,2,19,Plastic packet,1-3,Never,Every month,No
3256,user243@gmail.com,2-3,Apartment,Resident_243,201/12,,,Main Road,Near School,Ward 13,Municipality,Ernakulam,679944,2,8,Plastic bottle,None,Sometimes,Rarely,No
3257,user244@gmail.com,4-5,Small house,Resident_244,465/17,,,Main Road,Near School,Ward 18,Municipality,Kottayam,670946,3,10,Loose / refill,1-3,Sometimes,Never,Yes
3258,user245@gmail.com,6+,Apartment,Resident_245,141/18,,,Main Road,Near School,Ward 14,Municipality,Kollam,670877,6,15,Plastic packet,1-3,Always,Rarely,Yes
3259,user246@gmail.com,2-3,Large house,Resident_246,196/13,,,Main Road,Near School,Ward 20,Municipality,Alappuzha,677849,2,6,Plastic packet,None,Sometimes,Rarely,No
3260,user247@gmail.com,2-3,Apartment,Resident_247,281/19,,,Main Road,Near School,Ward 15,Municipality,Ernakulam,670578,3,16,Loose / refill,4-7,Sometimes,Never,Yes
3261,user248@gmail.com,2-3,Large house,Resident_248,225/7,,,Main Road,Near School,Ward 2,Municipality,Kottayam,688850,2,12,Loose / refill,4-7,Always,Every 2-3 months,No
3262,user249@gmail.com,4-5,Large house,Resident_249,261/15,,,Main Road,Near School,Ward 12,Municipality,Palakkad,688500,3,7,Plastic packet,None,Never,Never,Yes
3263,user250@gmail.com,2-3,Apartment,Resident_250,251/12,,,Main Road,Near School,Ward 20,Municipality,Kollam,673678,1,9,Loose / refill,1-3,Sometimes,Rarely,Yes
3264,user251@gmail.com,2-3,Apartment,Resident_251,109/19,,,Main Road,Near School,Ward 19,Municipality,Pathanamthitta,684935,3,13,Plastic packet,4-7,Never,Every 2-3 months,No
3265,user252@gmail.com,2-3,Large house,Resident_252,239/7,,,Main Road,Near School,Ward 19,Municipality,Wayanad,686462,1,18,Plastic packet,None,Never,Rarely,Yes
3266,user253@gmail.com,1,Apartment,Resident_253,428/16,,,Main Road,Near School,Ward 10,Municipality,Kannur,676722,1,2,Plastic packet,1-3,Never,Every month,No
3267,user254@gmail.com,1,Apartment,Resident_254,208/4,,,Main Road,Near School,Ward 9,Municipality,Thiruvananthapuram,681970,1,10,Plastic bottle,7+,Sometimes,Every month,Yes
3268,user255@gmail.com,2-3,Small house,Resident_255,132/7,,,Main Road,Near School,Ward 14,Municipality,Alappuzha,673855,1,12,Plastic packet,1-3,Never,Rarely,No
3269,user256@gmail.com,4-5,Apartment,Resident_256,305/17,,,Main Road,Near School,Ward 15,Municipality,Wayanad,686991,3,10,Loose / refill,1-3,Always,Every month,No
3270,user257@gmail.com,2-3,Apartment,Resident_257,34/12,,,Main Road,Near School,Ward 8,Municipality,Alappuzha,681988,2,15,Plastic packet,None,Always,Never,Yes
3271,user258@gmail.com,4-5,Apartment,Resident_258,439/4,,,Main Road,Near School,Ward 6,Municipality,Kannur,680137,3,4,Plastic bottle,None,Always,Never,Yes
3272,user259@gmail.com,2-3,Small house,Resident_259,275/4,,,Main Road,Near School,Ward 18,Municipality,Kottayam,687239,1,20,Plastic packet,4-7,Never,Every month,No
3273,user260@gmail.com,4-5,Small house,Resident_260,361/6,,,Main Road,Near School,Ward 8,Municipality,Kannur,681072,2,15,Plastic bottle,4-7,Never,Rarely,No
3274,user261@gmail.com,4-5,Apartment,Resident_261,4/3,,,Main Road,Near School,Ward 16,Municipality,Kannur,681501,3,2,Loose / refill,4-7,Sometimes,Every month,Yes
3275,user262@gmail.com,2-3,Apartment,Resident_262,289/10,,,Main Road,Near School,Ward 21,Municipality,Ernakulam,678700,3,7,Plastic packet,4-7,Sometimes,Rarely,Yes
3276,user263@gmail.com,4-5,Apartment,Resident_263,24/8,,,Main Road,Near School,Ward 2,Municipality,Kozhikode,670011,2,7,Loose / refill,4-7,Never,Never,Yes
3277,user264@gmail.com,2-3,Large house,Resident_264,171/2,,,Main Road,Near School,Ward 24,Municipality,Kannur,671237,1,9,Loose / refill,4-7,Always,Every month,No
3278,user265@gmail.com,2-3,Small house,Resident_265,412/5,,,Main Road,Near School,Ward 23,Municipality,Thiruvananthapuram,684635,3,7,Plastic bottle,None,Never,Never,Yes
3279,user266@gmail.com,6+,Small house,Resident_266,263/18,,,Main Road,Near School,Ward 3,Municipality,Kollam,689257,6,3,Plastic bottle,4-7,Sometimes,Every 2-3 months,No
3280,user267@gmail.com,6+,Large house,Resident_267,246/3,,,Main Road,Near School,Ward 18,Municipality,Kottayam,675685,6,13,Plastic packet,7+,Sometimes,Every 2-3 months,Yes
3281,user268@gmail.com,4-5,Small house,Resident_268,111/7,,,Main Road,Near School,Ward 24,Municipality,Kasaragod,681230,4,19,Loose / refill,None,Sometimes,Rarely,No
3282,user269@gmail.com,1,Small house,Resident_269,109/18,,,Main Road,Near School,Ward 11,Municipality,Thiruvananthapuram,689430,1,20,Loose / refill,1-3,Sometimes,Rarely,Yes
3283,user270@gmail.com,6+,Apartment,Resident_270,85/16,,,Main Road,Near School,Ward 3,Municipality,Wayanad,674814,3,11,Loose / refill,None,Sometimes,Rarely,No
3284,user271@gmail.com,4-5,Apartment,Resident_271,93/14,,,Main Road,Near School,Ward 8,Municipality,Alappuzha,670880,4,20,Plastic bottle,4-7,Sometimes,Every 2-3 months,Yes
3285,user272@gmail.com,2-3,Small house,Resident_272,481/17,,,Main Road,Near School,Ward 17,Municipality,Palakkad,681520,3,2,Loose / refill,1-3,Sometimes,Every 2-3 months,Yes
3286,user273@gmail.com,1,Small house,Resident_273,280/4,,,Main Road,Near School,Ward 1,Municipality,Malappuram,683476,1,3,Loose / refill,7+,Sometimes,Every 2-3 months,Yes
3287,user274@gmail.com,1,Small house,Resident_274,427/20,,,Main Road,Near School,Ward 21,Municipality,Wayanad,681281,1,20,Plastic bottle,4-7,Never,Never,Yes
3288,user275@gmail.com,2-3,Large house,Resident_275,200/20,,,Main Road,Near School,Ward 22,Municipality,Kannur,680353,3,9,Loose / refill,7+,Always,Rarely,No
3289,user276@gmail.com,4-5,Small house,Resident_276,31/12,,,Main Road,Near School,Ward 4,Municipality,Pathanamthitta,675919,2,12,Loose / refill,1-3,Sometimes,Every month,Yes
3290,user277@gmail.com,4-5,Apartment,Resident_277,188/10,,,Main Road,Near School,Ward 1,Municipality,Malappuram,671964,3,12,Plastic packet,None,Sometimes,Never,No
3291,user278@gmail.com,4-5,Large house,Resident_278,484/5,,,Main Road,Near School,Ward 22,Municipality,Ernakulam,680736,2,3,Plastic bottle,None,Never,Every month,No
3292,user279@gmail.com,6+,Apartment,Resident_279,418/20,,,Main Road,Near School,Ward 25,Municipality,Palakkad,685860,4,2,Plastic bottle,None,Sometimes,Every 2-3 months,Yes
3293,user280@gmail.com,1,Apartment,Resident_280,201/1,,,Main Road,Near School,Ward 4,Municipality,Alappuzha,673753,0,20,Plastic packet,1-3,Never,Every 2-3 months,Yes
3294,user281@gmail.com,6+,Small house,Resident_281,395/3,,,Main Road,Near School,Ward 3,Municipality,Kannur,688475,6,14,Plastic bottle,1-3,Never,Every month,No
3295,user282@gmail.com,1,Small house,Resident_282,420/8,,,Main Road,Near School,Ward 17,Municipality,Kasaragod,672796,0,18,Plastic packet,7+,Always,Every 2-3 months,Yes
3296,user283@gmail.com,1,Small house,Resident_283,462/9,,,Main Road,Near School,Ward 24,Municipality,Thiruvananthapuram,670577,0,16,Plastic packet,4-7,Always,Rarely,No
3297,user284@gmail.com,2-3,Large house,Resident_284,351/18,,,Main Road,Near School,Ward 22,Municipality,Kottayam,681123,2,8,Loose / refill,None,Sometimes,Every month,Yes
3298,user285@gmail.com,4-5,Large house,Resident_285,245/1,,,Main Road,Near School,Ward 3,Municipality,Thrissur,687216,3,17,Plastic packet,1-3,Always,Never,Yes
3299,user286@gmail.com,2-3,Small house,Resident_286,139/15,,,Main Road,Near School,Ward 6,Municipality,Palakkad,670593,3,13,Plastic bottle,None,Never,Every 2-3 months,No
3300,user287@gmail.com,2-3,Apartment,Resident_287,423/13,,,Main Road,Near School,Ward 4,Municipality,Kannur,679119,1,7,Plastic packet,4-7,Never,Every 2-3 months,No
3301,user288@gmail.com,4-5,Apartment,Resident_288,21/16,,,Main Road,Near School,Ward 6,Municipality,Kollam,673534,3,13,Plastic bottle,4-7,Always,Every month,No
3302,user289@gmail.com,2-3,Small house,Resident_289,72/17,,,Main Road,Near School,Ward 22,Municipality,Alappuzha,679374,3,17,Plastic bottle,1-3,Always,Never,No
3303,user290@gmail.com,4-5,Apartment,Resident_290,400/19,,,Main Road,Near School,Ward 8,Municipality,Alappuzha,680135,3,18,Plastic packet,None,Always,Every 2-3 months,No
3304,user291@gmail.com,2-3,Large house,Resident_291,91/20,,,Main Road,Near School,Ward 2,Municipality,Palakkad,676154,2,8,Loose / refill,7+,Never,Rarely,No
3305,user292@gmail.com,4-5,Large house,Resident_292,81/3,,,Main Road,Near School,Ward 6,Municipality,Thrissur,687879,4,13,Plastic packet,4-7,Never,Every 2-3 months,Yes
3306,user293@gmail.com,4-5,Small house,Resident_293,413/14,,,Main Road,Near School,Ward 21,Municipality,Thrissur,674851,2,6,Plastic packet,1-3,Sometimes,Every 2-3 months,No
3307,user294@gmail.com,2-3,Apartment,Resident_294,243/2,,,Main Road,Near School,Ward 13,Municipality,Kollam,679419,1,6,Plastic bottle,7+,Always,Never,Yes
3308,user295@gmail.com,2-3,Small house,Resident_295,154/9,,,Main Road,Near School,Ward 3,Municipality,Ernakulam,671066,3,8,Plastic bottle,4-7,Always,Every month,Yes
3309,user296@gmail.com,4-5,Apartment,Resident_296,342/10,,,Main Road,Near School,Ward 24,Municipality,Palakkad,680349,2,17,Loose / refill,None,Always,Never,Yes
3310,user297@gmail.com,2-3,Small house,Resident_297,495/4,,,Main Road,Near School,Ward 8,Municipality,Idukki,683930,2,9,Loose / refill,4-7,Always,Never,No
3311,user298@gmail.com,2-3,Small house,Resident_298,113/8,,,Main Road,Near School,Ward 11,Municipality,Pathanamthitta,680092,1,18,Plastic bottle,None,Never,Every 2-3 months,Yes
3312,user299@gmail.com,2-3,Large house,Resident_299,137/10,,,Main Road,Near School,Ward 5,Municipality,Thiruvananthapuram,676102,3,9,Plastic packet,None,Never,Never,No
3313,user300@gmail.com,4-5,Small house,Resident_300,258/15,,,Main Road,Near School,Ward 9,Municipality,Palakkad,685062,3,2,Plastic packet,None,Always,Every month,Yes
3314,user301@gmail.com,6+,Large house,Resident_301,259/4,,,Main Road,Near School,Ward 25,Municipality,Kollam,675296,4,11,Plastic bottle,4-7,Always,Every 2-3 months,Yes
3315,user302@gmail.com,6+,Small house,Resident_302,206/4,,,Main Road,Near School,Ward 4,Municipality,Palakkad,671356,5,16,Plastic packet,7+,Sometimes,Every 2-3 months,No
3316,user303@gmail.com,2-3,Apartment,Resident_303,433/9,,,Main Road,Near School,Ward 24,Municipality,Palakkad,679831,2,16,Loose / refill,None,Never,Every 2-3 months,Yes
3317,user304@gmail.com,2-3,Small house,Resident_304,264/15,,,Main Road,Near School,Ward 6,Municipality,Palakkad,687533,2,8,Plastic bottle,None,Sometimes,Every 2-3 months,No
3318,user305@gmail.com,2-3,Large house,Resident_305,192/13,,,Main Road,Near School,Ward 11,Municipality,Kollam,673845,2,9,Plastic bottle,None,Never,Every 2-3 months,No
3319,user306@gmail.com,4-5,Apartment,Resident_306,56/6,,,Main Road,Near School,Ward 17,Municipality,Pathanamthitta,688022,2,2,Plastic bottle,None,Always,Never,No
3320,user307@gmail.com,2-3,Small house,Resident_307,9/9,,,Main Road,Near School,Ward 25,Municipality,Kannur,681027,3,10,Loose / refill,1-3,Sometimes,Rarely,No
3321,user308@gmail.com,6+,Small house,Resident_308,469/11,,,Main Road,Near School,Ward 8,Municipality,Thiruvananthapuram,682782,4,18,Plastic packet,None,Sometimes,Every 2-3 months,Yes
3322,user309@gmail.com,6+,Apartment,Resident_309,193/5,,,Main Road,Near School,Ward 18,Municipality,Thrissur,671178,4,19,Plastic bottle,7+,Always,Every month,No
3323,user310@gmail.com,4-5,Apartment,Resident_310,114/11,,,Main Road,Near School,Ward 12,Municipality,Kozhikode,676858,2,8,Plastic packet,1-3,Never,Never,Yes
3324,user311@gmail.com,4-5,Apartment,Resident_311,182/1,,,Main Road,Near School,Ward 16,Municipality,Thiruvananthapuram,686709,2,17,Plastic bottle,4-7,Sometimes,Every month,Yes
3325,user312@gmail.com,1,Large house,Resident_312,161/16,,,Main Road,Near School,Ward 13,Municipality,Kollam,674459,0,17,Loose / refill,7+,Sometimes,Never,Yes
3326,user313@gmail.com,1,Small house,Resident_313,317/19,,,Main Road,Near School,Ward 13,Municipality,Pathanamthitta,683377,1,18,Loose / refill,7+,Never,Every 2-3 months,Yes
3327,user314@gmail.com,2-3,Apartment,Resident_314,466/6,,,Main Road,Near School,Ward 1,Municipality,Thrissur,679931,1,7,Plastic packet,None,Never,Every 2-3 months,Yes
3328,user315@gmail.com,2-3,Small house,Resident_315,413/15,,,Main Road,Near School,Ward 17,Municipality,Kozhikode,678348,1,17,Loose / refill,7+,Always,Every month,No
3329,user316@gmail.com,4-5,Small house,Resident_316,278/9,,,Main Road,Near School,Ward 16,Municipality,Wayanad,686889,3,15,Loose / refill,1-3,Sometimes,Every month,Yes
3330,user317@gmail.com,2-3,Apartment,Resident_317,105/16,,,Main Road,Near School,Ward 5,Municipality,Thrissur,681136,1,19,Loose / refill,None,Always,Never,Yes
3331,user318@gmail.com,6+,Apartment,Resident_318,63/13,,,Main Road,Near School,Ward 14,Municipality,Kozhikode,682912,6,10,Plastic bottle,4-7,Never,Rarely,No
3332,user319@gmail.com,2-3,Apartment,Resident_319,279/18,,,Main Road,Near School,Ward 7,Municipality,Kottayam,680887,3,12,Loose / refill,7+,Always,Rarely,No
3333,user320@gmail.com,4-5,Small house,Resident_320,258/19,,,Main Road,Near School,Ward 1,Municipality,Kannur,678590,4,15,Plastic packet,None,Always,Every 2-3 months,No
3334,user321@gmail.com,4-5,Small house,Resident_321,319/11,,,Main Road,Near School,Ward 12,Municipality,Kasaragod,670665,4,8,Plastic bottle,None,Always,Every 2-3 months,No
3335,user322@gmail.com,4-5,Large house,Resident_322,330/16,,,Main Road,Near School,Ward 6,Municipality,Wayanad,677730,2,10,Loose / refill,None,Never,Every month,Yes
3336,user323@gmail.com,6+,Large house,Resident_323,121/14,,,Main Road,Near School,Ward 10,Municipality,Wayanad,687003,3,10,Plastic packet,1-3,Always,Never,Yes
3337,user324@gmail.com,1,Apartment,Resident_324,129/17,,,Main Road,Near School,Ward 22,Municipality,Malappuram,671356,1,10,Loose / refill,1-3,Always,Every 2-3 months,Yes
3338,user325@gmail.com,2-3,Apartment,Resident_325,296/18,,,Main Road,Near School,Ward 6,Municipality,Pathanamthitta,673572,3,9,Plastic packet,None,Always,Never,No
3339,user326@gmail.com,4-5,Small house,Resident_326,81/5,,,Main Road,Near School,Ward 5,Municipality,Malappuram,677490,2,11,Plastic bottle,1-3,Always,Rarely,Yes
3340,user327@gmail.com,2-3,Apartment,Resident_327,278/14,,,Main Road,Near School,Ward 16,Municipality,Idukki,680154,3,17,Plastic packet,None,Always,Every month,Yes
3341,user328@gmail.com,4-5,Apartment,Resident_328,468/17,,,Main Road,Near School,Ward 20,Municipality,Alappuzha,688864,2,5,Plastic packet,4-7,Never,Never,Yes
3342,user329@gmail.com,4-5,Apartment,Resident_329,477/13,,,Main Road,Near School,Ward 15,Municipality,Kozhikode,689097,4,5,Plastic packet,None,Sometimes,Every month,Yes
3343,user330@gmail.com,1,Large house,Resident_330,415/5,,,Main Road,Near School,Ward 8,Municipality,Kozhikode,678723,1,10,Plastic bottle,1-3,Never,Rarely,Yes
3344,user331@gmail.com,2-3,Small house,Resident_331,266/7,,,Main Road,Near School,Ward 24,Municipality,Kozhikode,671315,3,7,Plastic bottle,7+,Sometimes,Every month,No
3345,user332@gmail.com,2-3,Small house,Resident_332,161/20,,,Main Road,Near School,Ward 19,Municipality,Kozhikode,683747,3,13,Plastic bottle,None,Always,Never,No
3346,user333@gmail.com,4-5,Apartment,Resident_333,318/18,,,Main Road,Near School,Ward 4,Municipality,Pathanamthitta,682678,3,9,Plastic bottle,7+,Always,Every 2-3 months,Yes
3347,user334@gmail.com,6+,Large house,Resident_334,61/17,,,Main Road,Near School,Ward 2,Municipality,Kasaragod,682866,6,6,Plastic packet,1-3,Never,Rarely,Yes
3348,user335@gmail.com,1,Large house,Resident_335,256/13,,,Main Road,Near School,Ward 22,Municipality,Kasaragod,687886,1,13,Loose / refill,1-3,Never,Rarely,Yes
3349,user336@gmail.com,4-5,Large house,Resident_336,239/13,,,Main Road,Near School,Ward 22,Municipality,Kollam,685391,3,17,Plastic packet,1-3,Sometimes,Never,Yes
3350,user337@gmail.com,2-3,Small house,Resident_337,464/9,,,Main Road,Near School,Ward 22,Municipality,Kottayam,678119,2,16,Plastic packet,4-7,Always,Rarely,No
3351,user338@gmail.com,4-5,Large house,Resident_338,53/16,,,Main Road,Near School,Ward 7,Municipality,Kannur,686544,3,16,Plastic packet,None,Always,Every 2-3 months,No
3352,user339@gmail.com,4-5,Small house,Resident_339,289/4,,,Main Road,Near School,Ward 18,Municipality,Kozhikode,688845,4,13,Plastic bottle,None,Always,Every month,Yes
3353,user340@gmail.com,2-3,Apartment,Resident_340,134/19,,,Main Road,Near School,Ward 7,Municipality,Thrissur,674954,3,5,Loose / refill,4-7,Sometimes,Never,Yes
3354,user341@gmail.com,4-5,Small house,Resident_341,166/12,,,Main Road,Near School,Ward 14,Municipality,Alappuzha,685912,4,4,Plastic bottle,7+,Always,Rarely,Yes
3355,user342@gmail.com,4-5,Small house,Resident_342,35/19,,,Main Road,Near School,Ward 7,Municipality,Wayanad,684705,2,16,Plastic packet,7+,Sometimes,Every month,No
3356,user343@gmail.com,4-5,Small house,Resident_343,37/6,,,Main Road,Near School,Ward 23,Municipality,Thrissur,671646,2,20,Loose / refill,1-3,Never,Every month,Yes
3357,user344@gmail.com,2-3,Large house,Resident_344,399/20,,,Main Road,Near School,Ward 7,Municipality,Kottayam,678855,1,2,Loose / refill,4-7,Always,Rarely,No
3358,user345@gmail.com,2-3,Large house,Resident_345,94/13,,,Main Road,Near School,Ward 19,Municipality,Pathanamthitta,682058,1,16,Loose / refill,7+,Never,Every month,Yes
3359,user346@gmail.com,6+,Apartment,Resident_346,282/14,,,Main Road,Near School,Ward 14,Municipality,Thiruvananthapuram,679975,4,16,Plastic packet,None,Always,Every month,Yes
3360,user347@gmail.com,2-3,Large house,Resident_347,331/6,,,Main Road,Near School,Ward 23,Municipality,Wayanad,678689,3,13,Plastic bottle,None,Always,Rarely,No
3361,user348@gmail.com,4-5,Large house,Resident_348,242/11,,,Main Road,Near School,Ward 22,Municipality,Pathanamthitta,679582,4,10,Plastic packet,1-3,Never,Every month,No
3362,user349@gmail.com,2-3,Large house,Resident_349,393/19,,,Main Road,Near School,Ward 19,Municipality,Alappuzha,676967,2,10,Loose / refill,1-3,Sometimes,Every month,Yes
3363,user350@gmail.com,6+,Apartment,Resident_350,139/9,,,Main Road,Near School,Ward 7,Municipality,Palakkad,687846,4,15,Loose / refill,None,Never,Rarely,No
3364,user351@gmail.com,2-3,Small house,Resident_351,234/14,,,Main Road,Near School,Ward 25,Municipality,Thrissur,680528,1,20,Plastic packet,7+,Always,Every 2-3 months,Yes
3365,user352@gmail.com,2-3,Small house,Resident_352,268/3,,,Main Road,Near School,Ward 17,Municipality,Idukki,689391,2,12,Plastic bottle,None,Never,Every 2-3 months,Yes
3366,user353@gmail.com,1,Apartment,Resident_353,354/1,,,Main Road,Near School,Ward 17,Municipality,Wayanad,679308,0,13,Loose / refill,4-7,Sometimes,Every month,No
3367,user354@gmail.com,4-5,Apartment,Resident_354,273/2,,,Main Road,Near School,Ward 16,Municipality,Thrissur,674502,3,18,Plastic packet,7+,Always,Every month,No
3368,user355@gmail.com,4-5,Large house,Resident_355,220/16,,,Main Road,Near School,Ward 9,Municipality,Kannur,688721,2,10,Plastic bottle,4-7,Never,Every 2-3 months,Yes
3369,user356@gmail.com,2-3,Large house,Resident_356,28/16,,,Main Road,Near School,Ward 7,Municipality,Kollam,677141,1,19,Plastic bottle,7+,Always,Every 2-3 months,Yes
3370,user357@gmail.com,2-3,Large house,Resident_357,322/1,,,Main Road,Near School,Ward 3,Municipality,Thrissur,671071,2,8,Plastic packet,7+,Always,Never,No
3371,user358@gmail.com,2-3,Apartment,Resident_358,289/2,,,Main Road,Near School,Ward 6,Municipality,Kottayam,679805,2,17,Plastic bottle,4-7,Always,Every 2-3 months,Yes
3372,user359@gmail.com,2-3,Apartment,Resident_359,465/12,,,Main Road,Near School,Ward 8,Municipality,Kozhikode,678597,1,9,Plastic bottle,7+,Sometimes,Every month,No
3373,user360@gmail.com,4-5,Apartment,Resident_360,382/11,,,Main Road,Near School,Ward 14,Municipality,Malappuram,687569,3,9,Plastic packet,4-7,Sometimes,Rarely,No
3374,user361@gmail.com,4-5,Apartment,Resident_361,487/11,,,Main Road,Near School,Ward 12,Municipality,Kannur,682346,4,2,Plastic packet,7+,Never,Every 2-3 months,No
3375,user362@gmail.com,1,Large house,Resident_362,477/13,,,Main Road,Near School,Ward 23,Municipality,Kannur,682369,0,20,Plastic packet,1-3,Always,Never,No
3376,user363@gmail.com,1,Apartment,Resident_363,124/1,,,Main Road,Near School,Ward 11,Municipality,Ernakulam,675928,1,6,Plastic bottle,None,Never,Every month,Yes
3377,user364@gmail.com,6+,Large house,Resident_364,245/20,,,Main Road,Near School,Ward 18,Municipality,Thrissur,678665,3,18,Plastic packet,4-7,Sometimes,Never,No
3378,user365@gmail.com,2-3,Apartment,Resident_365,335/12,,,Main Road,Near School,Ward 15,Municipality,Kollam,676101,3,3,Plastic bottle,1-3,Sometimes,Never,Yes
3379,user366@gmail.com,2-3,Apartment,Resident_366,440/14,,,Main Road,Near School,Ward 14,Municipality,Thrissur,672148,2,4,Plastic bottle,1-3,Sometimes,Rarely,Yes
3380,user367@gmail.com,4-5,Small house,Resident_367,173/5,,,Main Road,Near School,Ward 22,Municipality,Ernakulam,688923,4,7,Loose / refill,1-3,Sometimes,Every month,Yes
3381,user368@gmail.com,4-5,Apartment,Resident_368,186/2,,,Main Road,Near School,Ward 17,Municipality,Kottayam,676507,3,14,Plastic bottle,7+,Always,Never,Yes
3382,user369@gmail.com,2-3,Apartment,Resident_369,298/10,,,Main Road,Near School,Ward 7,Municipality,Kozhikode,679583,1,3,Plastic packet,None,Sometimes,Rarely,Yes
3383,user370@gmail.com,4-5,Large house,Resident_370,223/19,,,Main Road,Near School,Ward 2,Municipality,Thiruvananthapuram,674333,3,11,Plastic packet,None,Never,Never,Yes
3384,user371@gmail.com,2-3,Large house,Resident_371,302/10,,,Main Road,Near School,Ward 15,Municipality,Ernakulam,675361,3,17,Loose / refill,4-7,Sometimes,Every month,No
3385,user372@gmail.com,4-5,Large house,Resident_372,49/14,,,Main Road,Near School,Ward 17,Municipality,Malappuram,672218,2,14,Plastic packet,7+,Always,Never,Yes
3386,user373@gmail.com,2-3,Large house,Resident_373,417/2,,,Main Road,Near School,Ward 10,Municipality,Thrissur,677463,2,9,Loose / refill,7+,Sometimes,Every 2-3 months,Yes
3387,user374@gmail.com,4-5,Small house,Resident_374,245/14,,,Main Road,Near School,Ward 10,Municipality,Pathanamthitta,672245,4,15,Plastic bottle,4-7,Always,Rarely,Yes
3388,user375@gmail.com,4-5,Large house,Resident_375,367/7,,,Main Road,Near School,Ward 3,Municipality,Kottayam,672467,3,8,Plastic packet,4-7,Always,Every month,No
3389,user376@gmail.com,2-3,Small house,Resident_376,242/3,,,Main Road,Near School,Ward 23,Municipality,Ernakulam,672982,2,20,Loose / refill,7+,Sometimes,Never,No
3390,user377@gmail.com,2-3,Large house,Resident_377,68/4,,,Main Road,Near School,Ward 5,Municipality,Kozhikode,676895,3,16,Loose / refill,4-7,Sometimes,Rarely,Yes
3391,user378@gmail.com,6+,Small house,Resident_378,377/7,,,Main Road,Near School,Ward 11,Municipality,Kollam,680853,5,20,Loose / refill,None,Always,Never,Yes
3392,user379@gmail.com,1,Large house,Resident_379,2/8,,,Main Road,Near School,Ward 24,Municipality,Idukki,673683,1,3,Loose / refill,1-3,Always,Every month,Yes
3393,user380@gmail.com,4-5,Small house,Resident_380,205/20,,,Main Road,Near School,Ward 5,Municipality,Kannur,680054,4,12,Plastic bottle,7+,Always,Every 2-3 months,No
3394,user381@gmail.com,1,Apartment,Resident_381,90/9,,,Main Road,Near School,Ward 24,Municipality,Alappuzha,675959,1,19,Plastic packet,7+,Sometimes,Rarely,Yes
3395,user382@gmail.com,2-3,Large house,Resident_382,141/1,,,Main Road,Near School,Ward 25,Municipality,Alappuzha,686364,1,15,Plastic bottle,None,Never,Every month,Yes
3396,user383@gmail.com,6+,Large house,Resident_383,385/10,,,Main Road,Near School,Ward 19,Municipality,Malappuram,673511,3,7,Loose / refill,4-7,Never,Rarely,No
3397,user384@gmail.com,1,Large house,Resident_384,195/13,,,Main Road,Near School,Ward 9,Municipality,Malappuram,673247,0,8,Loose / refill,4-7,Never,Every 2-3 months,No
3398,user385@gmail.com,2-3,Large house,Resident_385,414/2,,,Main Road,Near School,Ward 18,Municipality,Palakkad,675461,3,3,Loose / refill,4-7,Sometimes,Every month,Yes
3399,user386@gmail.com,2-3,Large house,Resident_386,151/4,,,Main Road,Near School,Ward 15,Municipality,Idukki,681991,1,10,Loose / refill,None,Sometimes,Every month,No
3400,user387@gmail.com,6+,Apartment,Resident_387,105/7,,,Main Road,Near School,Ward 3,Municipality,Kottayam,680508,3,10,Plastic packet,4-7,Always,Rarely,Yes
3401,user388@gmail.com,4-5,Apartment,Resident_388,477/13,,,Main Road,Near School,Ward 13,Municipality,Kollam,676346,4,9,Loose / refill,1-3,Never,Rarely,Yes
3402,user389@gmail.com,4-5,Apartment,Resident_389,424/2,,,Main Road,Near School,Ward 22,Municipality,Idukki,688366,4,4,Plastic bottle,7+,Always,Every 2-3 months,Yes
3403,user390@gmail.com,1,Small house,Resident_390,375/20,,,Main Road,Near School,Ward 20,Municipality,Kollam,672894,0,3,Loose / refill,4-7,Sometimes,Every month,Yes
3404,user391@gmail.com,2-3,Apartment,Resident_391,55/20,,,Main Road,Near School,Ward 20,Municipality,Kollam,684550,2,10,Loose / refill,None,Always,Every 2-3 months,No
3405,user392@gmail.com,6+,Large house,Resident_392,302/13,,,Main Road,Near School,Ward 7,Municipality,Idukki,679193,4,12,Plastic bottle,4-7,Sometimes,Rarely,No
3406,user393@gmail.com,2-3,Small house,Resident_393,361/17,,,Main Road,Near School,Ward 11,Municipality,Alappuzha,677999,2,4,Plastic bottle,7+,Sometimes,Rarely,Yes
3407,user394@gmail.com,4-5,Apartment,Resident_394,185/3,,,Main Road,Near School,Ward 23,Municipality,Thiruvananthapuram,676284,3,4,Loose / refill,1-3,Never,Every month,Yes
3408,user395@gmail.com,6+,Small house,Resident_395,439/20,,,Main Road,Near School,Ward 22,Municipality,Kasaragod,683413,5,16,Loose / refill,1-3,Never,Every 2-3 months,No
3409,user396@gmail.com,4-5,Apartment,Resident_396,180/11,,,Main Road,Near School,Ward 13,Municipality,Palakkad,681582,3,19,Plastic bottle,1-3,Sometimes,Rarely,No
3410,user397@gmail.com,2-3,Large house,Resident_397,287/7,,,Main Road,Near School,Ward 3,Municipality,Malappuram,679949,2,19,Plastic bottle,1-3,Sometimes,Never,No
3411,user398@gmail.com,2-3,Apartment,Resident_398,167/9,,,Main Road,Near School,Ward 21,Municipality,Ernakulam,688549,1,4,Loose / refill,4-7,Sometimes,Rarely,No
3412,user399@gmail.com,4-5,Small house,Resident_399,371/8,,,Main Road,Near School,Ward 10,Municipality,Malappuram,676584,2,14,Loose / refill,7+,Sometimes,Rarely,No
3413,user400@gmail.com,2-3,Apartment,Resident_400,7/17,,,Main Road,Near School,Ward 2,Municipality,Idukki,679929,2,3,Plastic bottle,1-3,Sometimes,Never,No
3414,user401@gmail.com,4-5,Large house,Resident_401,273/9,,,Main Road,Near School,Ward 20,Municipality,Pathanamthitta,683926,4,6,Plastic packet,7+,Always,Rarely,No
3415,user402@gmail.com,2-3,Small house,Resident_402,263/16,,,Main Road,Near School,Ward 15,Municipality,Alappuzha,686285,2,11,Plastic bottle,1-3,Never,Every 2-3 months,Yes
3416,user403@gmail.com,2-3,Large house,Resident_403,20/17,,,Main Road,Near School,Ward 20,Municipality,Kozhikode,682207,2,13,Plastic bottle,None,Never,Every 2-3 months,Yes
3417,user404@gmail.com,6+,Small house,Resident_404,69/9,,,Main Road,Near School,Ward 12,Municipality,Kannur,679377,4,5,Loose / refill,4-7,Never,Every 2-3 months,No
3418,user405@gmail.com,1,Apartment,Resident_405,183/14,,,Main Road,Near School,Ward 4,Municipality,Palakkad,689027,0,15,Plastic bottle,4-7,Always,Rarely,Yes
3419,user406@gmail.com,6+,Large house,Resident_406,331/15,,,Main Road,Near School,Ward 23,Municipality,Pathanamthitta,675110,6,18,Plastic packet,1-3,Sometimes,Never,No
3420,user407@gmail.com,2-3,Small house,Resident_407,247/4,,,Main Road,Near School,Ward 22,Municipality,Wayanad,679664,2,20,Plastic packet,7+,Sometimes,Every month,Yes
3421,user408@gmail.com,4-5,Large house,Resident_408,455/2,,,Main Road,Near School,Ward 9,Municipality,Idukki,682594,4,11,Loose / refill,4-7,Sometimes,Every month,Yes
3422,user409@gmail.com,1,Apartment,Resident_409,251/2,,,Main Road,Near School,Ward 4,Municipality,Kottayam,670229,1,6,Plastic bottle,1-3,Sometimes,Every 2-3 months,No
3423,user410@gmail.com,2-3,Small house,Resident_410,374/14,,,Main Road,Near School,Ward 15,Municipality,Alappuzha,689177,2,15,Plastic packet,None,Sometimes,Every month,No
3424,user411@gmail.com,2-3,Large house,Resident_411,233/3,,,Main Road,Near School,Ward 16,Municipality,Thiruvananthapuram,689840,2,9,Plastic bottle,7+,Sometimes,Never,No
3425,user412@gmail.com,1,Large house,Resident_412,156/18,,,Main Road,Near School,Ward 4,Municipality,Kottayam,684813,1,20,Plastic packet,1-3,Sometimes,Every month,Yes
3426,user413@gmail.com,4-5,Small house,Resident_413,248/8,,,Main Road,Near School,Ward 2,Municipality,Wayanad,684269,3,10,Plastic bottle,None,Sometimes,Every 2-3 months,Yes
3427,user414@gmail.com,4-5,Apartment,Resident_414,451/4,,,Main Road,Near School,Ward 21,Municipality,Palakkad,679775,3,14,Plastic bottle,None,Always,Every month,Yes
3428,user415@gmail.com,1,Small house,Resident_415,117/19,,,Main Road,Near School,Ward 16,Municipality,Malappuram,671513,0,14,Plastic bottle,1-3,Sometimes,Every 2-3 months,Yes
3429,user416@gmail.com,6+,Large house,Resident_416,271/12,,,Main Road,Near School,Ward 2,Municipality,Kannur,685716,6,9,Plastic packet,None,Always,Never,No
3430,user417@gmail.com,6+,Apartment,Resident_417,382/18,,,Main Road,Near School,Ward 15,Municipality,Malappuram,676445,5,14,Plastic packet,7+,Sometimes,Every 2-3 months,No
3431,user418@gmail.com,6+,Small house,Resident_418,456/1,,,Main Road,Near School,Ward 2,Municipality,Kollam,670505,5,8,Loose / refill,1-3,Never,Every 2-3 months,No
3432,user419@gmail.com,4-5,Large house,Resident_419,382/2,,,Main Road,Near School,Ward 16,Municipality,Palakkad,670331,3,13,Plastic packet,4-7,Never,Every month,Yes
3433,user420@gmail.com,4-5,Small house,Resident_420,1/9,,,Main Road,Near School,Ward 10,Municipality,Wayanad,673132,4,17,Plastic packet,7+,Sometimes,Every month,No
3434,user421@gmail.com,4-5,Large house,Resident_421,131/1,,,Main Road,Near School,Ward 10,Municipality,Kozhikode,674081,2,14,Plastic packet,4-7,Sometimes,Every 2-3 months,No
3435,user422@gmail.com,6+,Large house,Resident_422,109/9,,,Main Road,Near School,Ward 15,Municipality,Thrissur,673458,4,8,Loose / refill,None,Sometimes,Every 2-3 months,Yes
3436,user423@gmail.com,1,Large house,Resident_423,478/11,,,Main Road,Near School,Ward 15,Municipality,Thrissur,675896,0,7,Plastic packet,4-7,Never,Every month,Yes
3437,user424@gmail.com,2-3,Apartment,Resident_424,382/9,,,Main Road,Near School,Ward 17,Municipality,Idukki,681895,2,13,Plastic bottle,1-3,Sometimes,Every 2-3 months,No
3438,user425@gmail.com,4-5,Large house,Resident_425,285/6,,,Main Road,Near School,Ward 12,Municipality,Kollam,680350,4,18,Loose / refill,1-3,Always,Rarely,Yes
3439,user426@gmail.com,4-5,Apartment,Resident_426,198/17,,,Main Road,Near School,Ward 2,Municipality,Thiruvananthapuram,680228,2,2,Loose / refill,7+,Never,Every 2-3 months,Yes
3440,user427@gmail.com,2-3,Small house,Resident_427,58/14,,,Main Road,Near School,Ward 6,Municipality,Wayanad,681828,1,9,Plastic packet,7+,Always,Never,No
3441,user428@gmail.com,4-5,Small house,Resident_428,61/19,,,Main Road,Near School,Ward 24,Municipality,Kollam,670965,2,2,Plastic packet,7+,Always,Rarely,Yes
3442,user429@gmail.com,1,Large house,Resident_429,140/8,,,Main Road,Near School,Ward 5,Municipality,Malappuram,677966,0,18,Plastic bottle,4-7,Never,Rarely,No
3443,user430@gmail.com,4-5,Large house,Resident_430,273/2,,,Main Road,Near School,Ward 23,Municipality,Thrissur,689445,4,6,Plastic bottle,None,Always,Never,No
3444,user431@gmail.com,4-5,Small house,Resident_431,441/11,,,Main Road,Near School,Ward 24,Municipality,Ernakulam,680141,2,14,Plastic bottle,None,Always,Never,No
3445,user432@gmail.com,6+,Small house,Resident_432,28/9,,,Main Road,Near School,Ward 13,Municipality,Ernakulam,672956,5,19,Plastic bottle,None,Always,Never,No
3446,user433@gmail.com,4-5,Small house,Resident_433,414/8,,,Main Road,Near School,Ward 24,Municipality,Pathanamthitta,679930,4,2,Plastic bottle,None,Always,Every month,Yes
3447,user434@gmail.com,6+,Small house,Resident_434,422/2,,,Main Road,Near School,Ward 23,Municipality,Kasaragod,673630,6,18,Plastic bottle,1-3,Always,Never,No
3448,user435@gmail.com,4-5,Small house,Resident_435,374/1,,,Main Road,Near School,Ward 14,Municipality,Idukki,677773,2,19,Loose / refill,4-7,Sometimes,Never,Yes
3449,user436@gmail.com,6+,Apartment,Resident_436,465/17,,,Main Road,Near School,Ward 11,Municipality,Thrissur,682736,6,14,Plastic bottle,4-7,Sometimes,Never,Yes
3450,user437@gmail.com,2-3,Apartment,Resident_437,489/16,,,Main Road,Near School,Ward 24,Municipality,Thrissur,675567,3,19,Loose / refill,7+,Always,Every 2-3 months,Yes
3451,user438@gmail.com,2-3,Apartment,Resident_438,194/5,,,Main Road,Near School,Ward 23,Municipality,Thrissur,679524,1,4,Loose / refill,None,Never,Every 2-3 months,Yes
3452,user439@gmail.com,2-3,Small house,Resident_439,420/20,,,Main Road,Near School,Ward 14,Municipality,Thiruvananthapuram,673418,2,20,Plastic bottle,1-3,Sometimes,Every month,No
3453,user440@gmail.com,6+,Large house,Resident_440,431/8,,,Main Road,Near School,Ward 6,Municipality,Kollam,671590,6,13,Loose / refill,None,Always,Never,Yes
3454,user441@gmail.com,6+,Large house,Resident_441,385/2,,,Main Road,Near School,Ward 22,Municipality,Alappuzha,678142,3,14,Plastic packet,1-3,Always,Never,No
3455,user442@gmail.com,4-5,Large house,Resident_442,424/19,,,Main Road,Near School,Ward 4,Municipality,Kottayam,672482,4,11,Loose / refill,1-3,Never,Every 2-3 months,Yes
3456,user443@gmail.com,4-5,Apartment,Resident_443,247/12,,,Main Road,Near School,Ward 22,Municipality,Idukki,679513,2,19,Plastic bottle,7+,Never,Every month,No
3457,user444@gmail.com,2-3,Apartment,Resident_444,197/12,,,Main Road,Near School,Ward 15,Municipality,Wayanad,685984,3,14,Plastic packet,None,Never,Every month,Yes
3458,user445@gmail.com,4-5,Small house,Resident_445,379/19,,,Main Road,Near School,Ward 12,Municipality,Kollam,681275,4,3,Plastic packet,1-3,Never,Every month,Yes
3459,user446@gmail.com,2-3,Large house,Resident_446,198/8,,,Main Road,Near School,Ward 3,Municipality,Thiruvananthapuram,685409,2,12,Plastic bottle,None,Sometimes,Never,No
3460,user447@gmail.com,4-5,Small house,Resident_447,381/20,,,Main Road,Near School,Ward 11,Municipality,Palakkad,687052,3,17,Loose / refill,1-3,Never,Rarely,Yes
3461,user448@gmail.com,2-3,Large house,Resident_448,73/8,,,Main Road,Near School,Ward 6,Municipality,Thiruvananthapuram,671714,2,8,Loose / refill,1-3,Sometimes,Rarely,Yes
3462,user449@gmail.com,1,Small house,Resident_449,426/9,,,Main Road,Near School,Ward 17,Municipality,Kasaragod,670974,1,14,Plastic bottle,7+,Always,Rarely,Yes
3463,user450@gmail.com,4-5,Large house,Resident_450,106/8,,,Main Road,Near School,Ward 15,Municipality,Thrissur,676589,4,10,Plastic bottle,1-3,Sometimes,Never,Yes
3464,user451@gmail.com,4-5,Small house,Resident_451,156/18,,,Main Road,Near School,Ward 1,Municipality,Kannur,685236,3,17,Plastic bottle,7+,Sometimes,Rarely,No
3465,user452@gmail.com,2-3,Apartment,Resident_452,486/11,,,Main Road,Near School,Ward 5,Municipality,Thiruvananthapuram,685113,1,16,Plastic packet,1-3,Sometimes,Rarely,Yes
3466,user453@gmail.com,4-5,Apartment,Resident_453,83/4,,,Main Road,Near School,Ward 19,Municipality,Pathanamthitta,682898,4,14,Plastic packet,1-3,Never,Rarely,Yes
3467,user454@gmail.com,6+,Small house,Resident_454,363/11,,,Main Road,Near School,Ward 4,Municipality,Thrissur,687648,3,5,Plastic packet,4-7,Never,Never,No
3468,user455@gmail.com,2-3,Apartment,Resident_455,373/20,,,Main Road,Near School,Ward 6,Municipality,Kottayam,678638,1,6,Plastic bottle,7+,Always,Every 2-3 months,No
3469,user456@gmail.com,4-5,Apartment,Resident_456,418/19,,,Main Road,Near School,Ward 16,Municipality,Kottayam,683037,4,20,Plastic packet,1-3,Sometimes,Every month,No
3470,user457@gmail.com,4-5,Large house,Resident_457,414/3,,,Main Road,Near School,Ward 16,Municipality,Kollam,689377,2,5,Loose / refill,4-7,Sometimes,Every month,Yes
3471,user458@gmail.com,4-5,Large house,Resident_458,475/4,,,Main Road,Near School,Ward 21,Municipality,Ernakulam,670529,4,16,Plastic packet,None,Never,Every 2-3 months,Yes
3472,user459@gmail.com,2-3,Small house,Resident_459,314/17,,,Main Road,Near School,Ward 23,Municipality,Palakkad,689055,3,10,Plastic bottle,1-3,Sometimes,Every 2-3 months,No
3473,user460@gmail.com,6+,Large house,Resident_460,319/20,,,Main Road,Near School,Ward 14,Municipality,Kottayam,676652,5,5,Plastic bottle,1-3,Always,Rarely,No
3474,user461@gmail.com,2-3,Large house,Resident_461,70/12,,,Main Road,Near School,Ward 14,Municipality,Kollam,684706,1,13,Loose / refill,1-3,Always,Every month,No
3475,user462@gmail.com,1,Large house,Resident_462,181/20,,,Main Road,Near School,Ward 4,Municipality,Kasaragod,687129,1,17,Plastic bottle,4-7,Always,Every 2-3 months,No
3476,user463@gmail.com,4-5,Large house,Resident_463,199/9,,,Main Road,Near School,Ward 7,Municipality,Alappuzha,680842,2,18,Loose / refill,7+,Always,Rarely,No
3477,user464@gmail.com,4-5,Apartment,Resident_464,380/4,,,Main Road,Near School,Ward 23,Municipality,Thiruvananthapuram,680971,2,3,Loose / refill,4-7,Always,Rarely,Yes
3478,user465@gmail.com,4-5,Apartment,Resident_465,338/9,,,Main Road,Near School,Ward 17,Municipality,Idukki,675491,3,19,Loose / refill,1-3,Always,Every month,Yes
3479,user466@gmail.com,2-3,Small house,Resident_466,61/10,,,Main Road,Near School,Ward 12,Municipality,Thrissur,679850,1,19,Plastic bottle,None,Always,Rarely,No
3480,user467@gmail.com,4-5,Apartment,Resident_467,322/12,,,Main Road,Near School,Ward 24,Municipality,Thiruvananthapuram,672323,3,19,Plastic bottle,7+,Sometimes,Rarely,No
3481,user468@gmail.com,2-3,Small house,Resident_468,426/5,,,Main Road,Near School,Ward 4,Municipality,Thiruvananthapuram,679314,3,16,Loose / refill,None,Always,Every 2-3 months,No
3482,user469@gmail.com,6+,Small house,Resident_469,270/3,,,Main Road,Near School,Ward 8,Municipality,Kasaragod,681186,6,15,Plastic packet,1-3,Sometimes,Every 2-3 months,No
3483,user470@gmail.com,1,Apartment,Resident_470,350/2,,,Main Road,Near School,Ward 12,Municipality,Idukki,672434,1,16,Plastic bottle,7+,Never,Every month,No
3484,user471@gmail.com,2-3,Apartment,Resident_471,115/13,,,Main Road,Near School,Ward 14,Municipality,Idukki,685022,1,17,Plastic packet,1-3,Always,Rarely,Yes
3485,user472@gmail.com,4-5,Small house,Resident_472,179/8,,,Main Road,Near School,Ward 23,Municipality,Thiruvananthapuram,678047,3,14,Loose / refill,None,Never,Rarely,Yes
3486,user473@gmail.com,1,Large house,Resident_473,123/3,,,Main Road,Near School,Ward 16,Municipality,Pathanamthitta,687414,0,4,Plastic packet,1-3,Never,Every 2-3 months,Yes
3487,user474@gmail.com,2-3,Small house,Resident_474,101/17,,,Main Road,Near School,Ward 18,Municipality,Idukki,673933,1,20,Plastic bottle,1-3,Always,Every 2-3 months,No
3488,user475@gmail.com,4-5,Small house,Resident_475,341/12,,,Main Road,Near School,Ward 24,Municipality,Palakkad,682885,2,18,Loose / refill,1-3,Never,Rarely,No
3489,user476@gmail.com,4-5,Large house,Resident_476,399/19,,,Main Road,Near School,Ward 12,Municipality,Thiruvananthapuram,671020,2,15,Loose / refill,7+,Always,Rarely,No
3490,user477@gmail.com,4-5,Large house,Resident_477,311/4,,,Main Road,Near School,Ward 13,Municipality,Ernakulam,682970,4,4,Plastic packet,None,Always,Never,Yes
3491,user478@gmail.com,6+,Apartment,Resident_478,107/18,,,Main Road,Near School,Ward 22,Municipality,Thrissur,674360,5,8,Plastic bottle,1-3,Sometimes,Every 2-3 months,Yes
3492,user479@gmail.com,4-5,Apartment,Resident_479,77/9,,,Main Road,Near School,Ward 1,Municipality,Idukki,689930,2,14,Plastic packet,1-3,Sometimes,Every month,Yes
3493,user480@gmail.com,6+,Apartment,Resident_480,260/20,,,Main Road,Near School,Ward 8,Municipality,Kottayam,676763,6,8,Plastic packet,1-3,Never,Every month,No
3494,user481@gmail.com,4-5,Small house,Resident_481,131/18,,,Main Road,Near School,Ward 15,Municipality,Kottayam,673950,3,12,Loose / refill,1-3,Never,Rarely,No
3495,user482@gmail.com,4-5,Large house,Resident_482,473/7,,,Main Road,Near School,Ward 18,Municipality,Kottayam,687231,3,16,Plastic packet,7+,Never,Rarely,No
3496,user483@gmail.com,1,Apartment,Resident_483,11/13,,,Main Road,Near School,Ward 4,Municipality,Kannur,675769,0,2,Plastic bottle,7+,Sometimes,Rarely,Yes
3497,user484@gmail.com,2-3,Large house,Resident_484,396/14,,,Main Road,Near School,Ward 4,Municipality,Kannur,681009,2,17,Plastic bottle,1-3,Always,Never,No
3498,user485@gmail.com,2-3,Large house,Resident_485,267/17,,,Main Road,Near School,Ward 14,Municipality,Kannur,682167,3,16,Loose / refill,None,Sometimes,Every month,Yes
3499,user486@gmail.com,4-5,Large house,Resident_486,40/10,,,Main Road,Near School,Ward 11,Municipality,Kannur,674151,4,7,Plastic packet,1-3,Sometimes,Never,No
3500,user487@gmail.com,2-3,Large house,Resident_487,182/3,,,Main Road,Near School,Ward 3,Municipality,Alappuzha,679803,2,18,Loose / refill,7+,Never,Rarely,No
3501,user488@gmail.com,4-5,Small house,Resident_488,112/15,,,Main Road,Near School,Ward 15,Municipality,Palakkad,688482,3,18,Loose / refill,1-3,Never,Every month,Yes
3502,user489@gmail.com,4-5,Small house,Resident_489,267/8,,,Main Road,Near School,Ward 22,Municipality,Ernakulam,678887,2,9,Plastic packet,1-3,Always,Rarely,No
3503,user490@gmail.com,2-3,Small house,Resident_490,11/11,,,Main Road,Near School,Ward 11,Municipality,Palakkad,679956,2,16,Loose / refill,1-3,Always,Never,Yes
3504,user491@gmail.com,2-3,Small house,Resident_491,105/3,,,Main Road,Near School,Ward 20,Municipality,Ernakulam,681926,1,12,Plastic bottle,4-7,Never,Rarely,Yes
3505,user492@gmail.com,2-3,Apartment,Resident_492,217/4,,,Main Road,Near School,Ward 12,Municipality,Kasaragod,672605,2,2,Loose / refill,None,Sometimes,Every month,Yes
3506,user493@gmail.com,4-5,Apartment,Resident_493,400/14,,,Main Road,Near School,Ward 24,Municipality,Malappuram,672590,2,10,Plastic packet,4-7,Sometimes,Never,Yes
3507,user494@gmail.com,2-3,Apartment,Resident_494,319/12,,,Main Road,Near School,Ward 13,Municipality,Kottayam,673899,3,13,Plastic bottle,1-3,Never,Never,Yes
3508,user495@gmail.com,2-3,Apartment,Resident_495,56/7,,,Main Road,Near School,Ward 22,Municipality,Kasaragod,677430,1,15,Plastic packet,4-7,Never,Every 2-3 months,No
3509,user496@gmail.com,6+,Small house,Resident_496,424/5,,,Main Road,Near School,Ward 14,Municipality,Kasaragod,672776,6,10,Plastic bottle,7+,Never,Never,Yes
3510,user497@gmail.com,4-5,Apartment,Resident_497,341/2,,,Main Road,Near School,Ward 6,Municipality,Malappuram,679615,2,19,Plastic packet,1-3,Never,Every month,Yes
3511,user498@gmail.com,4-5,Small house,Resident_498,107/10,,,Main Road,Near School,Ward 10,Municipality,Pathanamthitta,673207,2,12,Plastic packet,4-7,Sometimes,Every 2-3 months,Yes
3512,user499@gmail.com,4-5,Apartment,Resident_499,337/10,,,Main Road,Near School,Ward 11,Municipality,Kollam,673716,2,8,Plastic packet,1-3,Always,Every month,Yes
3513,user500@gmail.com,6+,Small house,Resident_500,287/17,,,Main Road,Near School,Ward 12,Municipality,Ernakulam,686015,3,12,Loose / refill,4-7,Always,Every 2-3 months,No
3514,user1@gmail.com,2-3,Small house,Resident_1,262/9,,,Main Road,Near School,Ward 9,Municipality,Kannur,675769,1,20,Plastic bottle,7+,Never,Rarely,No
3515,user2@gmail.com,4-5,Small house,Resident_2,1/13,,,Main Road,Near School,Ward 17,Municipality,Thrissur,676926,4,4,Plastic packet,None,Always,Never,No
3516,user3@gmail.com,4-5,Apartment,Resident_3,100/4,,,Main Road,Near School,Ward 11,Municipality,Alappuzha,685127,3,7,Loose / refill,7+,Sometimes,Rarely,Yes
3517,user4@gmail.com,4-5,Apartment,Resident_4,33/15,,,Main Road,Near School,Ward 20,Municipality,Idukki,684206,2,12,Plastic bottle,4-7,Never,Never,Yes
3518,user5@gmail.com,4-5,Large house,Resident_5,456/19,,,Main Road,Near School,Ward 10,Municipality,Ernakulam,688207,2,9,Plastic bottle,7+,Never,Never,Yes
3519,user6@gmail.com,6+,Large house,Resident_6,392/4,,,Main Road,Near School,Ward 3,Municipality,Idukki,682536,4,8,Plastic packet,1-3,Always,Rarely,Yes
3520,user7@gmail.com,2-3,Apartment,Resident_7,459/6,,,Main Road,Near School,Ward 13,Municipality,Kollam,676808,3,5,Plastic packet,7+,Never,Rarely,Yes
3521,user8@gmail.com,6+,Small house,Resident_8,493/9,,,Main Road,Near School,Ward 18,Municipality,Palakkad,682980,6,3,Plastic bottle,None,Always,Never,Yes
3522,user9@gmail.com,2-3,Small house,Resident_9,239/10,,,Main Road,Near School,Ward 7,Municipality,Ernakulam,674801,1,13,Loose / refill,None,Sometimes,Every month,No
3523,user10@gmail.com,4-5,Large house,Resident_10,246/15,,,Main Road,Near School,Ward 10,Municipality,Kozhikode,677590,3,2,Loose / refill,1-3,Always,Never,Yes
3524,user11@gmail.com,2-3,Apartment,Resident_11,422/5,,,Main Road,Near School,Ward 9,Municipality,Kottayam,675092,3,15,Plastic bottle,7+,Sometimes,Every 2-3 months,No
3525,user12@gmail.com,2-3,Large house,Resident_12,365/2,,,Main Road,Near School,Ward 5,Municipality,Kottayam,679493,1,7,Plastic packet,1-3,Sometimes,Rarely,No
3526,user13@gmail.com,4-5,Large house,Resident_13,131/18,,,Main Road,Near School,Ward 1,Municipality,Kozhikode,679842,2,12,Plastic packet,1-3,Always,Every 2-3 months,Yes
3527,user14@gmail.com,2-3,Large house,Resident_14,335/20,,,Main Road,Near School,Ward 4,Municipality,Ernakulam,687906,2,3,Plastic bottle,1-3,Sometimes,Never,No
3528,user15@gmail.com,4-5,Small house,Resident_15,255/4,,,Main Road,Near School,Ward 25,Municipality,Ernakulam,674854,4,6,Plastic packet,4-7,Sometimes,Every 2-3 months,No
3529,user16@gmail.com,1,Apartment,Resident_16,142/4,,,Main Road,Near School,Ward 5,Municipality,Palakkad,689352,1,17,Loose / refill,4-7,Always,Every 2-3 months,No
3530,user17@gmail.com,1,Large house,Resident_17,276/20,,,Main Road,Near School,Ward 12,Municipality,Palakkad,674826,1,5,Plastic bottle,None,Never,Rarely,Yes
3531,user18@gmail.com,2-3,Small house,Resident_18,262/8,,,Main Road,Near School,Ward 7,Municipality,Ernakulam,677747,3,3,Loose / refill,4-7,Always,Every 2-3 months,Yes
3532,user19@gmail.com,6+,Apartment,Resident_19,146/5,,,Main Road,Near School,Ward 12,Municipality,Idukki,670188,6,5,Loose / refill,1-3,Always,Never,Yes
3533,user20@gmail.com,2-3,Small house,Resident_20,285/6,,,Main Road,Near School,Ward 5,Municipality,Ernakulam,677833,1,11,Plastic bottle,1-3,Always,Every 2-3 months,Yes
3534,user21@gmail.com,2-3,Apartment,Resident_21,427/4,,,Main Road,Near School,Ward 3,Municipality,Idukki,680142,1,9,Plastic bottle,None,Never,Never,No
3535,user22@gmail.com,2-3,Apartment,Resident_22,480/2,,,Main Road,Near School,Ward 20,Municipality,Alappuzha,675037,3,12,Loose / refill,7+,Never,Every 2-3 months,Yes
3536,user23@gmail.com,4-5,Small house,Resident_23,126/5,,,Main Road,Near School,Ward 3,Municipality,Wayanad,671778,2,2,Loose / refill,1-3,Sometimes,Never,Yes
3537,user24@gmail.com,4-5,Apartment,Resident_24,127/2,,,Main Road,Near School,Ward 8,Municipality,Kasaragod,685014,2,8,Plastic bottle,1-3,Never,Rarely,No
3538,user25@gmail.com,1,Apartment,Resident_25,175/7,,,Main Road,Near School,Ward 9,Municipality,Kannur,681000,1,15,Plastic packet,7+,Sometimes,Every 2-3 months,Yes
3539,user26@gmail.com,4-5,Small house,Resident_26,115/6,,,Main Road,Near School,Ward 25,Municipality,Palakkad,678213,4,20,Plastic packet,1-3,Sometimes,Never,No
3540,user27@gmail.com,2-3,Small house,Resident_27,242/20,,,Main Road,Near School,Ward 13,Municipality,Malappuram,670978,2,12,Loose / refill,7+,Always,Rarely,Yes
3541,user28@gmail.com,2-3,Large house,Resident_28,434/13,,,Main Road,Near School,Ward 16,Municipality,Kasaragod,683349,2,20,Plastic bottle,None,Sometimes,Every 2-3 months,No
3542,user29@gmail.com,4-5,Small house,Resident_29,463/5,,,Main Road,Near School,Ward 25,Municipality,Kollam,677412,2,19,Plastic bottle,1-3,Never,Rarely,No
3543,user30@gmail.com,2-3,Apartment,Resident_30,239/1,,,Main Road,Near School,Ward 2,Municipality,Kannur,688372,3,16,Loose / refill,None,Sometimes,Rarely,Yes
3544,user31@gmail.com,4-5,Small house,Resident_31,464/16,,,Main Road,Near School,Ward 22,Municipality,Ernakulam,687416,4,15,Loose / refill,1-3,Always,Every 2-3 months,Yes
3545,user32@gmail.com,6+,Large house,Resident_32,468/8,,,Main Road,Near School,Ward 5,Municipality,Idukki,676284,3,12,Plastic bottle,1-3,Sometimes,Every 2-3 months,No
3546,user33@gmail.com,2-3,Apartment,Resident_33,377/10,,,Main Road,Near School,Ward 14,Municipality,Malappuram,683399,2,5,Plastic packet,None,Sometimes,Never,No
3547,user34@gmail.com,4-5,Small house,Resident_34,342/19,,,Main Road,Near School,Ward 10,Municipality,Kottayam,689840,3,5,Plastic bottle,4-7,Always,Rarely,Yes
3548,user35@gmail.com,4-5,Apartment,Resident_35,388/8,,,Main Road,Near School,Ward 5,Municipality,Idukki,680438,2,10,Loose / refill,1-3,Always,Never,Yes
3549,user36@gmail.com,6+,Apartment,Resident_36,490/1,,,Main Road,Near School,Ward 7,Municipality,Kannur,680082,4,10,Loose / refill,7+,Sometimes,Rarely,No
3550,user37@gmail.com,2-3,Apartment,Resident_37,402/11,,,Main Road,Near School,Ward 3,Municipality,Malappuram,684501,1,8,Plastic bottle,1-3,Sometimes,Every 2-3 months,No
3551,user38@gmail.com,2-3,Large house,Resident_38,418/14,,,Main Road,Near School,Ward 4,Municipality,Wayanad,677789,1,19,Plastic bottle,4-7,Never,Never,No
3552,user39@gmail.com,4-5,Apartment,Resident_39,249/12,,,Main Road,Near School,Ward 22,Municipality,Pathanamthitta,683613,4,5,Loose / refill,7+,Never,Rarely,Yes
3553,user40@gmail.com,2-3,Large house,Resident_40,130/8,,,Main Road,Near School,Ward 21,Municipality,Palakkad,689058,1,7,Plastic packet,4-7,Never,Never,No
3554,user41@gmail.com,6+,Small house,Resident_41,329/12,,,Main Road,Near School,Ward 2,Municipality,Ernakulam,686757,4,17,Plastic packet,4-7,Always,Rarely,Yes
3555,user42@gmail.com,4-5,Apartment,Resident_42,73/14,,,Main Road,Near School,Ward 18,Municipality,Malappuram,680440,4,8,Plastic packet,7+,Always,Never,No
3556,user43@gmail.com,2-3,Large house,Resident_43,153/2,,,Main Road,Near School,Ward 3,Municipality,Thrissur,688253,3,15,Plastic bottle,1-3,Never,Never,Yes
3557,user44@gmail.com,1,Small house,Resident_44,453/5,,,Main Road,Near School,Ward 1,Municipality,Kozhikode,688228,0,19,Plastic packet,1-3,Never,Never,No
3558,user45@gmail.com,1,Apartment,Resident_45,135/4,,,Main Road,Near School,Ward 14,Municipality,Malappuram,678743,1,7,Plastic bottle,None,Never,Every month,Yes
3559,user46@gmail.com,6+,Large house,Resident_46,486/10,,,Main Road,Near School,Ward 5,Municipality,Thrissur,686805,4,3,Plastic packet,None,Sometimes,Every 2-3 months,Yes
3560,user47@gmail.com,4-5,Large house,Resident_47,438/15,,,Main Road,Near School,Ward 24,Municipality,Thiruvananthapuram,672865,3,18,Plastic packet,7+,Always,Never,Yes
3561,user48@gmail.com,2-3,Small house,Resident_48,97/15,,,Main Road,Near School,Ward 9,Municipality,Kasaragod,670039,3,18,Loose / refill,7+,Always,Every month,Yes
3562,user49@gmail.com,2-3,Apartment,Resident_49,202/11,,,Main Road,Near School,Ward 2,Municipality,Wayanad,685251,3,11,Plastic bottle,1-3,Sometimes,Every 2-3 months,Yes
3563,user50@gmail.com,2-3,Large house,Resident_50,61/10,,,Main Road,Near School,Ward 8,Municipality,Thiruvananthapuram,671469,1,18,Plastic bottle,4-7,Never,Every 2-3 months,Yes
3564,user51@gmail.com,6+,Apartment,Resident_51,64/14,,,Main Road,Near School,Ward 1,Municipality,Thrissur,677150,5,11,Plastic packet,1-3,Always,Never,No
3565,user52@gmail.com,6+,Large house,Resident_52,12/11,,,Main Road,Near School,Ward 25,Municipality,Thiruvananthapuram,688950,4,14,Plastic bottle,None,Sometimes,Every month,Yes
3566,user53@gmail.com,6+,Small house,Resident_53,429/5,,,Main Road,Near School,Ward 19,Municipality,Thiruvananthapuram,680938,4,17,Plastic bottle,7+,Always,Every 2-3 months,Yes
3567,user54@gmail.com,1,Apartment,Resident_54,188/3,,,Main Road,Near School,Ward 23,Municipality,Idukki,686233,1,3,Plastic bottle,7+,Sometimes,Every month,No
3568,user55@gmail.com,4-5,Large house,Resident_55,253/16,,,Main Road,Near School,Ward 9,Municipality,Pathanamthitta,674271,2,15,Plastic packet,1-3,Always,Never,No
3569,user56@gmail.com,2-3,Apartment,Resident_56,196/15,,,Main Road,Near School,Ward 21,Municipality,Thrissur,683003,1,12,Plastic packet,1-3,Always,Never,Yes
3570,user57@gmail.com,1,Small house,Resident_57,190/11,,,Main Road,Near School,Ward 5,Municipality,Malappuram,682372,1,20,Loose / refill,None,Never,Never,No
3571,user58@gmail.com,4-5,Small house,Resident_58,86/14,,,Main Road,Near School,Ward 16,Municipality,Kollam,678335,2,6,Plastic bottle,7+,Sometimes,Never,Yes
3572,user59@gmail.com,2-3,Small house,Resident_59,313/11,,,Main Road,Near School,Ward 5,Municipality,Wayanad,685148,1,7,Loose / refill,7+,Never,Never,Yes
3573,user60@gmail.com,4-5,Small house,Resident_60,40/15,,,Main Road,Near School,Ward 5,Municipality,Thrissur,686416,4,6,Plastic bottle,4-7,Never,Rarely,Yes
3574,user61@gmail.com,4-5,Apartment,Resident_61,472/7,,,Main Road,Near School,Ward 13,Municipality,Alappuzha,683475,3,6,Plastic bottle,1-3,Always,Every month,Yes
3575,user62@gmail.com,1,Apartment,Resident_62,3/7,,,Main Road,Near School,Ward 18,Municipality,Ernakulam,675352,1,7,Plastic bottle,1-3,Always,Every 2-3 months,No
3576,user63@gmail.com,6+,Large house,Resident_63,238/13,,,Main Road,Near School,Ward 3,Municipality,Kozhikode,676807,4,14,Loose / refill,1-3,Sometimes,Rarely,No
3577,user64@gmail.com,4-5,Small house,Resident_64,484/6,,,Main Road,Near School,Ward 5,Municipality,Kollam,675999,2,11,Loose / refill,1-3,Sometimes,Never,Yes
3578,user65@gmail.com,6+,Large house,Resident_65,225/3,,,Main Road,Near School,Ward 1,Municipality,Pathanamthitta,675676,4,17,Plastic bottle,4-7,Never,Every 2-3 months,No
3579,user66@gmail.com,4-5,Large house,Resident_66,85/2,,,Main Road,Near School,Ward 5,Municipality,Palakkad,678237,3,17,Plastic packet,7+,Sometimes,Every 2-3 months,No
3580,user67@gmail.com,4-5,Large house,Resident_67,84/14,,,Main Road,Near School,Ward 18,Municipality,Kozhikode,683068,2,8,Plastic packet,4-7,Always,Never,No
3581,user68@gmail.com,6+,Large house,Resident_68,263/18,,,Main Road,Near School,Ward 23,Municipality,Idukki,671914,4,19,Plastic packet,None,Sometimes,Rarely,No
3582,user69@gmail.com,2-3,Apartment,Resident_69,491/16,,,Main Road,Near School,Ward 3,Municipality,Thiruvananthapuram,680631,3,15,Loose / refill,None,Sometimes,Every 2-3 months,No
3583,user70@gmail.com,2-3,Apartment,Resident_70,294/17,,,Main Road,Near School,Ward 10,Municipality,Kannur,679284,1,3,Loose / refill,4-7,Always,Never,No
3584,user71@gmail.com,4-5,Apartment,Resident_71,159/2,,,Main Road,Near School,Ward 20,Municipality,Wayanad,682267,3,11,Plastic bottle,None,Never,Every 2-3 months,No
3585,user72@gmail.com,4-5,Apartment,Resident_72,444/9,,,Main Road,Near School,Ward 12,Municipality,Idukki,677549,3,13,Plastic bottle,4-7,Always,Every 2-3 months,Yes
3586,user73@gmail.com,2-3,Large house,Resident_73,352/13,,,Main Road,Near School,Ward 24,Municipality,Kannur,689789,1,17,Plastic bottle,None,Never,Never,No
3587,user74@gmail.com,2-3,Small house,Resident_74,166/3,,,Main Road,Near School,Ward 1,Municipality,Pathanamthitta,677542,2,13,Plastic packet,1-3,Never,Every 2-3 months,Yes
3588,user75@gmail.com,4-5,Small house,Resident_75,255/15,,,Main Road,Near School,Ward 15,Municipality,Thrissur,684015,4,15,Loose / refill,7+,Always,Every month,No
3589,user76@gmail.com,2-3,Large house,Resident_76,98/8,,,Main Road,Near School,Ward 15,Municipality,Palakkad,672524,2,4,Plastic bottle,7+,Sometimes,Rarely,No
3590,user77@gmail.com,4-5,Apartment,Resident_77,301/3,,,Main Road,Near School,Ward 18,Municipality,Kannur,683780,2,16,Loose / refill,1-3,Never,Every month,Yes
3591,user78@gmail.com,2-3,Large house,Resident_78,234/9,,,Main Road,Near School,Ward 21,Municipality,Thrissur,681887,1,4,Plastic packet,None,Sometimes,Rarely,Yes
3592,user79@gmail.com,4-5,Apartment,Resident_79,353/7,,,Main Road,Near School,Ward 10,Municipality,Kollam,670154,3,5,Plastic bottle,None,Never,Never,Yes
3593,user80@gmail.com,2-3,Apartment,Resident_80,416/2,,,Main Road,Near School,Ward 21,Municipality,Kasaragod,685862,1,13,Plastic bottle,7+,Sometimes,Every 2-3 months,No
3594,user81@gmail.com,2-3,Small house,Resident_81,311/2,,,Main Road,Near School,Ward 3,Municipality,Wayanad,673590,1,6,Loose / refill,7+,Never,Every 2-3 months,Yes
3595,user82@gmail.com,6+,Small house,Resident_82,134/7,,,Main Road,Near School,Ward 12,Municipality,Kollam,671024,6,2,Plastic packet,1-3,Sometimes,Never,Yes
3596,user83@gmail.com,2-3,Large house,Resident_83,114/12,,,Main Road,Near School,Ward 11,Municipality,Thrissur,682869,3,11,Plastic bottle,None,Sometimes,Every month,Yes
3597,user84@gmail.com,6+,Large house,Resident_84,172/13,,,Main Road,Near School,Ward 15,Municipality,Palakkad,687637,4,12,Plastic packet,4-7,Never,Rarely,No
3598,user85@gmail.com,2-3,Small house,Resident_85,405/19,,,Main Road,Near School,Ward 6,Municipality,Thrissur,671780,2,5,Loose / refill,7+,Sometimes,Rarely,No
3599,user86@gmail.com,4-5,Large house,Resident_86,102/18,,,Main Road,Near School,Ward 6,Municipality,Pathanamthitta,682615,4,17,Plastic packet,7+,Sometimes,Rarely,Yes
3600,user87@gmail.com,1,Apartment,Resident_87,210/12,,,Main Road,Near School,Ward 14,Municipality,Kasaragod,675531,1,20,Plastic packet,1-3,Never,Never,Yes
3601,user88@gmail.com,2-3,Small house,Resident_88,138/17,,,Main Road,Near School,Ward 1,Municipality,Kollam,688854,3,8,Plastic bottle,None,Always,Every month,Yes
3602,user89@gmail.com,2-3,Apartment,Resident_89,419/5,,,Main Road,Near School,Ward 19,Municipality,Kottayam,684308,3,7,Plastic packet,7+,Never,Every 2-3 months,Yes
3603,user90@gmail.com,6+,Small house,Resident_90,42/16,,,Main Road,Near School,Ward 14,Municipality,Idukki,675466,4,20,Loose / refill,None,Never,Never,No
3604,user91@gmail.com,4-5,Large house,Resident_91,47/13,,,Main Road,Near School,Ward 3,Municipality,Idukki,685990,2,20,Plastic bottle,7+,Always,Rarely,Yes
3605,user92@gmail.com,4-5,Large house,Resident_92,241/5,,,Main Road,Near School,Ward 11,Municipality,Alappuzha,678689,4,9,Plastic bottle,4-7,Always,Never,No
3606,user93@gmail.com,6+,Large house,Resident_93,243/7,,,Main Road,Near School,Ward 23,Municipality,Idukki,670114,6,13,Loose / refill,1-3,Sometimes,Every month,Yes
3607,user94@gmail.com,6+,Apartment,Resident_94,47/6,,,Main Road,Near School,Ward 20,Municipality,Thiruvananthapuram,678245,6,12,Plastic packet,7+,Never,Rarely,Yes
3608,user95@gmail.com,2-3,Small house,Resident_95,38/3,,,Main Road,Near School,Ward 21,Municipality,Wayanad,675527,2,3,Loose / refill,4-7,Sometimes,Never,No
3609,user96@gmail.com,4-5,Small house,Resident_96,374/10,,,Main Road,Near School,Ward 9,Municipality,Kottayam,679373,4,18,Loose / refill,7+,Sometimes,Never,Yes
3610,user97@gmail.com,4-5,Apartment,Resident_97,380/3,,,Main Road,Near School,Ward 6,Municipality,Wayanad,687364,3,11,Plastic bottle,4-7,Never,Never,Yes
3611,user98@gmail.com,4-5,Large house,Resident_98,261/3,,,Main Road,Near School,Ward 1,Municipality,Idukki,673168,4,15,Plastic bottle,7+,Always,Every 2-3 months,Yes
3612,user99@gmail.com,4-5,Large house,Resident_99,426/13,,,Main Road,Near School,Ward 9,Municipality,Thrissur,671327,4,15,Loose / refill,7+,Always,Every month,Yes
3613,user100@gmail.com,2-3,Large house,Resident_100,144/11,,,Main Road,Near School,Ward 17,Municipality,Malappuram,686430,1,15,Loose / refill,1-3,Always,Rarely,No
3614,user101@gmail.com,2-3,Apartment,Resident_101,445/7,,,Main Road,Near School,Ward 8,Municipality,Wayanad,676466,2,10,Plastic packet,None,Always,Never,No
3615,user102@gmail.com,2-3,Small house,Resident_102,265/17,,,Main Road,Near School,Ward 19,Municipality,Alappuzha,679737,1,3,Plastic bottle,1-3,Always,Rarely,No
3616,user103@gmail.com,1,Small house,Resident_103,316/5,,,Main Road,Near School,Ward 10,Municipality,Idukki,671163,1,18,Loose / refill,4-7,Never,Never,Yes
3617,user104@gmail.com,2-3,Apartment,Resident_104,161/16,,,Main Road,Near School,Ward 8,Municipality,Kottayam,685066,1,4,Plastic packet,1-3,Sometimes,Rarely,No
3618,user105@gmail.com,2-3,Large house,Resident_105,112/16,,,Main Road,Near School,Ward 1,Municipality,Kottayam,689190,1,20,Plastic bottle,None,Always,Every 2-3 months,No
3619,user106@gmail.com,4-5,Large house,Resident_106,188/9,,,Main Road,Near School,Ward 18,Municipality,Malappuram,675969,4,7,Loose / refill,None,Sometimes,Every month,No
3620,user107@gmail.com,4-5,Apartment,Resident_107,195/10,,,Main Road,Near School,Ward 18,Municipality,Kozhikode,677639,3,7,Loose / refill,1-3,Never,Every month,Yes
3621,user108@gmail.com,2-3,Small house,Resident_108,313/1,,,Main Road,Near School,Ward 3,Municipality,Idukki,683933,3,8,Plastic bottle,7+,Sometimes,Never,Yes
3622,user109@gmail.com,4-5,Small house,Resident_109,478/20,,,Main Road,Near School,Ward 25,Municipality,Wayanad,678532,4,5,Loose / refill,4-7,Always,Never,Yes
3623,user110@gmail.com,4-5,Large house,Resident_110,199/10,,,Main Road,Near School,Ward 25,Municipality,Thiruvananthapuram,673942,2,15,Plastic bottle,4-7,Never,Never,No
3624,user111@gmail.com,2-3,Large house,Resident_111,366/7,,,Main Road,Near School,Ward 20,Municipality,Wayanad,678468,3,4,Loose / refill,4-7,Sometimes,Rarely,Yes
3625,user112@gmail.com,4-5,Large house,Resident_112,454/8,,,Main Road,Near School,Ward 10,Municipality,Wayanad,679643,2,9,Plastic bottle,1-3,Sometimes,Rarely,Yes
3626,user113@gmail.com,6+,Apartment,Resident_113,197/20,,,Main Road,Near School,Ward 6,Municipality,Thiruvananthapuram,684630,5,7,Plastic bottle,None,Sometimes,Rarely,Yes
3627,user114@gmail.com,1,Small house,Resident_114,437/5,,,Main Road,Near School,Ward 13,Municipality,Pathanamthitta,671302,1,4,Loose / refill,1-3,Never,Every 2-3 months,No
3628,user115@gmail.com,6+,Large house,Resident_115,400/1,,,Main Road,Near School,Ward 13,Municipality,Kollam,681269,4,5,Loose / refill,7+,Sometimes,Every month,Yes
3629,user116@gmail.com,2-3,Small house,Resident_116,443/17,,,Main Road,Near School,Ward 22,Municipality,Idukki,684164,3,9,Loose / refill,1-3,Always,Never,Yes
3630,user117@gmail.com,4-5,Small house,Resident_117,63/3,,,Main Road,Near School,Ward 4,Municipality,Idukki,671747,3,10,Plastic bottle,4-7,Never,Rarely,Yes
3631,user118@gmail.com,4-5,Apartment,Resident_118,41/4,,,Main Road,Near School,Ward 13,Municipality,Idukki,678735,2,14,Plastic bottle,4-7,Sometimes,Every 2-3 months,Yes
3632,user119@gmail.com,2-3,Large house,Resident_119,477/4,,,Main Road,Near School,Ward 19,Municipality,Thrissur,685400,3,19,Plastic packet,7+,Always,Rarely,No
3633,user120@gmail.com,4-5,Apartment,Resident_120,349/7,,,Main Road,Near School,Ward 22,Municipality,Pathanamthitta,681010,4,7,Plastic bottle,None,Never,Rarely,Yes
3634,user121@gmail.com,2-3,Small house,Resident_121,63/14,,,Main Road,Near School,Ward 23,Municipality,Wayanad,674526,2,10,Plastic packet,7+,Always,Every month,Yes
3635,user122@gmail.com,2-3,Apartment,Resident_122,54/12,,,Main Road,Near School,Ward 15,Municipality,Idukki,681824,1,20,Plastic packet,7+,Never,Never,Yes
3636,user123@gmail.com,6+,Apartment,Resident_123,177/12,,,Main Road,Near School,Ward 11,Municipality,Kollam,686710,4,2,Loose / refill,7+,Never,Never,Yes
3637,user124@gmail.com,6+,Small house,Resident_124,111/3,,,Main Road,Near School,Ward 9,Municipality,Malappuram,671157,5,7,Plastic packet,7+,Sometimes,Every month,No
3638,user125@gmail.com,4-5,Small house,Resident_125,450/3,,,Main Road,Near School,Ward 24,Municipality,Alappuzha,674270,3,8,Plastic bottle,1-3,Sometimes,Every 2-3 months,Yes
3639,user126@gmail.com,6+,Apartment,Resident_126,241/5,,,Main Road,Near School,Ward 5,Municipality,Thrissur,674572,3,12,Loose / refill,7+,Never,Every 2-3 months,Yes
3640,user127@gmail.com,2-3,Large house,Resident_127,133/19,,,Main Road,Near School,Ward 24,Municipality,Pathanamthitta,684743,1,5,Plastic packet,7+,Never,Never,No
3641,user128@gmail.com,2-3,Small house,Resident_128,410/2,,,Main Road,Near School,Ward 7,Municipality,Pathanamthitta,677124,2,11,Loose / refill,None,Never,Rarely,No
3642,user129@gmail.com,4-5,Apartment,Resident_129,336/1,,,Main Road,Near School,Ward 21,Municipality,Malappuram,688977,3,4,Plastic packet,4-7,Sometimes,Every 2-3 months,Yes
3643,user130@gmail.com,4-5,Apartment,Resident_130,157/10,,,Main Road,Near School,Ward 9,Municipality,Thrissur,684482,4,10,Plastic bottle,4-7,Sometimes,Every 2-3 months,No
3644,user131@gmail.com,6+,Small house,Resident_131,500/14,,,Main Road,Near School,Ward 17,Municipality,Alappuzha,679450,3,10,Plastic bottle,1-3,Never,Rarely,Yes
3645,user132@gmail.com,1,Large house,Resident_132,384/12,,,Main Road,Near School,Ward 15,Municipality,Idukki,689443,1,8,Plastic packet,4-7,Always,Every month,Yes
3646,user133@gmail.com,4-5,Small house,Resident_133,456/7,,,Main Road,Near School,Ward 14,Municipality,Kasaragod,686335,3,2,Loose / refill,7+,Never,Rarely,No
3647,user134@gmail.com,4-5,Small house,Resident_134,350/6,,,Main Road,Near School,Ward 6,Municipality,Pathanamthitta,671467,3,19,Plastic packet,4-7,Sometimes,Never,Yes
3648,user135@gmail.com,2-3,Large house,Resident_135,95/19,,,Main Road,Near School,Ward 16,Municipality,Kottayam,677834,1,20,Plastic packet,4-7,Sometimes,Every 2-3 months,No
3649,user136@gmail.com,4-5,Large house,Resident_136,252/11,,,Main Road,Near School,Ward 10,Municipality,Kasaragod,674184,2,9,Loose / refill,7+,Sometimes,Rarely,No
3650,user137@gmail.com,4-5,Small house,Resident_137,21/7,,,Main Road,Near School,Ward 21,Municipality,Kozhikode,679211,2,5,Plastic bottle,7+,Always,Every month,Yes
3651,user138@gmail.com,4-5,Large house,Resident_138,292/12,,,Main Road,Near School,Ward 12,Municipality,Kollam,673397,4,11,Plastic bottle,None,Sometimes,Every 2-3 months,Yes
3652,user139@gmail.com,4-5,Small house,Resident_139,226/3,,,Main Road,Near School,Ward 19,Municipality,Wayanad,686674,3,2,Plastic packet,7+,Sometimes,Every 2-3 months,Yes
3653,user140@gmail.com,4-5,Apartment,Resident_140,28/19,,,Main Road,Near School,Ward 14,Municipality,Wayanad,684125,2,8,Plastic packet,4-7,Sometimes,Never,No
3654,user141@gmail.com,4-5,Apartment,Resident_141,194/18,,,Main Road,Near School,Ward 19,Municipality,Kozhikode,679170,3,17,Plastic packet,4-7,Sometimes,Never,Yes
3655,user142@gmail.com,1,Apartment,Resident_142,472/14,,,Main Road,Near School,Ward 12,Municipality,Kollam,672776,0,12,Plastic bottle,4-7,Always,Never,Yes
3656,user143@gmail.com,6+,Apartment,Resident_143,278/5,,,Main Road,Near School,Ward 7,Municipality,Thiruvananthapuram,673115,4,17,Plastic packet,7+,Never,Every 2-3 months,Yes
3657,user144@gmail.com,4-5,Small house,Resident_144,231/6,,,Main Road,Near School,Ward 17,Municipality,Malappuram,682247,2,3,Loose / refill,4-7,Sometimes,Every month,Yes
3658,user145@gmail.com,6+,Apartment,Resident_145,168/8,,,Main Road,Near School,Ward 21,Municipality,Kollam,683668,3,12,Plastic packet,7+,Never,Every month,No
3659,user146@gmail.com,4-5,Large house,Resident_146,2/7,,,Main Road,Near School,Ward 5,Municipality,Idukki,689396,2,20,Plastic packet,1-3,Sometimes,Every month,Yes
3660,user147@gmail.com,2-3,Large house,Resident_147,363/9,,,Main Road,Near School,Ward 2,Municipality,Kollam,688265,1,6,Plastic bottle,4-7,Never,Every 2-3 months,Yes
3661,user148@gmail.com,2-3,Apartment,Resident_148,23/11,,,Main Road,Near School,Ward 4,Municipality,Kasaragod,689629,2,16,Plastic bottle,1-3,Sometimes,Never,No
3662,user149@gmail.com,2-3,Apartment,Resident_149,10/10,,,Main Road,Near School,Ward 13,Municipality,Thrissur,673190,2,10,Plastic packet,1-3,Always,Never,Yes
3663,user150@gmail.com,2-3,Apartment,Resident_150,113/10,,,Main Road,Near School,Ward 17,Municipality,Wayanad,684025,1,9,Plastic packet,7+,Always,Every month,Yes
3664,user151@gmail.com,2-3,Small house,Resident_151,477/1,,,Main Road,Near School,Ward 2,Municipality,Pathanamthitta,676007,2,13,Plastic packet,7+,Never,Every 2-3 months,Yes
3665,user152@gmail.com,2-3,Large house,Resident_152,200/1,,,Main Road,Near School,Ward 7,Municipality,Pathanamthitta,675372,3,3,Loose / refill,7+,Sometimes,Never,No
3666,user153@gmail.com,1,Small house,Resident_153,92/6,,,Main Road,Near School,Ward 6,Municipality,Kasaragod,678746,0,13,Loose / refill,7+,Sometimes,Never,No
3667,user154@gmail.com,1,Apartment,Resident_154,484/5,,,Main Road,Near School,Ward 2,Municipality,Thrissur,683968,0,4,Plastic bottle,None,Never,Rarely,Yes
3668,user155@gmail.com,2-3,Small house,Resident_155,128/10,,,Main Road,Near School,Ward 20,Municipality,Kottayam,682511,1,7,Loose / refill,4-7,Always,Every month,No
3669,user156@gmail.com,4-5,Large house,Resident_156,185/6,,,Main Road,Near School,Ward 25,Municipality,Idukki,685122,2,11,Plastic bottle,None,Always,Every 2-3 months,No
3670,user157@gmail.com,4-5,Small house,Resident_157,157/8,,,Main Road,Near School,Ward 11,Municipality,Kasaragod,687394,4,8,Plastic bottle,7+,Sometimes,Every 2-3 months,No
3671,user158@gmail.com,2-3,Small house,Resident_158,486/5,,,Main Road,Near School,Ward 3,Municipality,Ernakulam,680690,3,10,Loose / refill,None,Never,Every 2-3 months,No
3672,user159@gmail.com,1,Apartment,Resident_159,81/8,,,Main Road,Near School,Ward 18,Municipality,Kannur,678253,0,20,Plastic packet,4-7,Always,Never,Yes
3673,user160@gmail.com,4-5,Apartment,Resident_160,320/17,,,Main Road,Near School,Ward 23,Municipality,Kasaragod,672450,4,10,Plastic bottle,7+,Never,Every month,Yes
3674,user161@gmail.com,4-5,Apartment,Resident_161,401/18,,,Main Road,Near School,Ward 16,Municipality,Kollam,679785,4,7,Plastic packet,1-3,Sometimes,Rarely,No
3675,user162@gmail.com,6+,Small house,Resident_162,312/20,,,Main Road,Near School,Ward 20,Municipality,Malappuram,684286,4,17,Loose / refill,7+,Sometimes,Every 2-3 months,No
3676,user163@gmail.com,2-3,Large house,Resident_163,354/8,,,Main Road,Near School,Ward 19,Municipality,Alappuzha,673865,2,7,Loose / refill,4-7,Never,Rarely,Yes
3677,user164@gmail.com,2-3,Small house,Resident_164,334/2,,,Main Road,Near School,Ward 3,Municipality,Wayanad,685820,2,19,Plastic packet,1-3,Always,Every 2-3 months,No
3678,user165@gmail.com,4-5,Apartment,Resident_165,101/20,,,Main Road,Near School,Ward 25,Municipality,Kozhikode,683796,2,8,Plastic bottle,1-3,Never,Rarely,No
3679,user166@gmail.com,2-3,Small house,Resident_166,70/10,,,Main Road,Near School,Ward 6,Municipality,Kollam,676540,3,2,Loose / refill,4-7,Sometimes,Every month,No
3680,user167@gmail.com,4-5,Small house,Resident_167,267/20,,,Main Road,Near School,Ward 23,Municipality,Malappuram,676205,3,6,Loose / refill,1-3,Sometimes,Every 2-3 months,No
3681,user168@gmail.com,2-3,Large house,Resident_168,193/14,,,Main Road,Near School,Ward 21,Municipality,Idukki,679988,3,5,Plastic bottle,None,Sometimes,Every month,No
3682,user169@gmail.com,6+,Small house,Resident_169,390/16,,,Main Road,Near School,Ward 17,Municipality,Pathanamthitta,685814,5,13,Plastic bottle,7+,Sometimes,Every 2-3 months,No
3683,user170@gmail.com,6+,Large house,Resident_170,192/6,,,Main Road,Near School,Ward 11,Municipality,Ernakulam,687905,5,7,Loose / refill,7+,Always,Every 2-3 months,No
3684,user171@gmail.com,2-3,Apartment,Resident_171,264/20,,,Main Road,Near School,Ward 13,Municipality,Wayanad,678390,1,10,Loose / refill,1-3,Never,Every 2-3 months,No
3685,user172@gmail.com,4-5,Small house,Resident_172,423/8,,,Main Road,Near School,Ward 12,Municipality,Thrissur,677356,3,20,Loose / refill,None,Always,Rarely,No
3686,user173@gmail.com,2-3,Large house,Resident_173,329/13,,,Main Road,Near School,Ward 3,Municipality,Alappuzha,680214,2,9,Loose / refill,None,Never,Every 2-3 months,Yes
3687,user174@gmail.com,4-5,Apartment,Resident_174,85/15,,,Main Road,Near School,Ward 20,Municipality,Kollam,688041,3,19,Plastic packet,7+,Sometimes,Rarely,Yes
3688,user175@gmail.com,1,Large house,Resident_175,103/5,,,Main Road,Near School,Ward 20,Municipality,Kannur,678648,1,17,Loose / refill,7+,Never,Every 2-3 months,No
3689,user176@gmail.com,4-5,Small house,Resident_176,258/13,,,Main Road,Near School,Ward 5,Municipality,Wayanad,674147,4,7,Plastic bottle,None,Always,Every 2-3 months,Yes
3690,user177@gmail.com,6+,Small house,Resident_177,72/13,,,Main Road,Near School,Ward 20,Municipality,Kollam,680677,4,8,Plastic bottle,None,Never,Never,No
3691,user178@gmail.com,2-3,Large house,Resident_178,107/11,,,Main Road,Near School,Ward 19,Municipality,Kollam,677578,2,5,Plastic packet,7+,Sometimes,Every month,Yes
3692,user179@gmail.com,2-3,Small house,Resident_179,106/11,,,Main Road,Near School,Ward 8,Municipality,Kottayam,682333,1,14,Loose / refill,4-7,Never,Every 2-3 months,Yes
3693,user180@gmail.com,6+,Large house,Resident_180,61/18,,,Main Road,Near School,Ward 16,Municipality,Alappuzha,680405,3,9,Plastic packet,None,Always,Every 2-3 months,No
3694,user181@gmail.com,6+,Small house,Resident_181,185/6,,,Main Road,Near School,Ward 20,Municipality,Ernakulam,677902,6,19,Plastic bottle,4-7,Always,Every month,No
3695,user182@gmail.com,1,Apartment,Resident_182,250/8,,,Main Road,Near School,Ward 1,Municipality,Ernakulam,681205,0,3,Plastic packet,7+,Never,Never,Yes
3696,user183@gmail.com,4-5,Large house,Resident_183,48/16,,,Main Road,Near School,Ward 4,Municipality,Ernakulam,682057,2,11,Plastic bottle,None,Sometimes,Rarely,Yes
3697,user184@gmail.com,2-3,Small house,Resident_184,332/1,,,Main Road,Near School,Ward 17,Municipality,Kollam,678339,3,18,Plastic bottle,1-3,Sometimes,Rarely,Yes
3698,user185@gmail.com,4-5,Large house,Resident_185,360/2,,,Main Road,Near School,Ward 17,Municipality,Ernakulam,686864,3,13,Plastic packet,7+,Always,Every month,No
3699,user186@gmail.com,4-5,Small house,Resident_186,1/2,,,Main Road,Near School,Ward 23,Municipality,Idukki,686685,4,19,Plastic bottle,4-7,Sometimes,Rarely,Yes
3700,user187@gmail.com,4-5,Small house,Resident_187,338/4,,,Main Road,Near School,Ward 16,Municipality,Ernakulam,680561,4,3,Loose / refill,4-7,Always,Every month,Yes
3701,user188@gmail.com,2-3,Apartment,Resident_188,18/2,,,Main Road,Near School,Ward 17,Municipality,Wayanad,674061,1,17,Plastic bottle,4-7,Always,Every month,No
3702,user189@gmail.com,6+,Small house,Resident_189,255/19,,,Main Road,Near School,Ward 25,Municipality,Wayanad,680018,4,18,Loose / refill,1-3,Always,Rarely,Yes
3703,user190@gmail.com,4-5,Apartment,Resident_190,217/1,,,Main Road,Near School,Ward 15,Municipality,Kozhikode,681465,3,11,Loose / refill,1-3,Always,Every month,No
3704,user191@gmail.com,2-3,Large house,Resident_191,144/1,,,Main Road,Near School,Ward 6,Municipality,Pathanamthitta,674780,1,13,Plastic packet,1-3,Never,Every 2-3 months,No
3705,user192@gmail.com,2-3,Small house,Resident_192,398/6,,,Main Road,Near School,Ward 22,Municipality,Idukki,670050,1,2,Plastic packet,1-3,Sometimes,Every month,Yes
3706,user193@gmail.com,4-5,Apartment,Resident_193,464/3,,,Main Road,Near School,Ward 5,Municipality,Kottayam,688781,4,9,Plastic packet,None,Never,Every 2-3 months,No
3707,user194@gmail.com,4-5,Apartment,Resident_194,193/15,,,Main Road,Near School,Ward 18,Municipality,Thiruvananthapuram,687669,3,11,Plastic packet,1-3,Never,Rarely,Yes
3708,user195@gmail.com,2-3,Apartment,Resident_195,423/13,,,Main Road,Near School,Ward 15,Municipality,Pathanamthitta,686405,3,11,Loose / refill,None,Never,Rarely,Yes
3709,user196@gmail.com,4-5,Large house,Resident_196,444/4,,,Main Road,Near School,Ward 16,Municipality,Kozhikode,678996,4,10,Loose / refill,4-7,Never,Never,No
3710,user197@gmail.com,2-3,Large house,Resident_197,66/5,,,Main Road,Near School,Ward 19,Municipality,Kottayam,676962,1,5,Plastic bottle,4-7,Sometimes,Rarely,Yes
3711,user198@gmail.com,6+,Apartment,Resident_198,134/13,,,Main Road,Near School,Ward 25,Municipality,Thiruvananthapuram,679484,5,18,Plastic bottle,4-7,Always,Every month,Yes
3712,user199@gmail.com,2-3,Small house,Resident_199,286/7,,,Main Road,Near School,Ward 19,Municipality,Palakkad,675954,1,9,Plastic bottle,7+,Sometimes,Never,No
3713,user200@gmail.com,6+,Large house,Resident_200,316/5,,,Main Road,Near School,Ward 22,Municipality,Pathanamthitta,671825,5,7,Plastic bottle,1-3,Never,Rarely,No
3714,user201@gmail.com,4-5,Small house,Resident_201,471/6,,,Main Road,Near School,Ward 10,Municipality,Palakkad,686370,2,5,Plastic packet,None,Sometimes,Every 2-3 months,Yes
3715,user202@gmail.com,1,Small house,Resident_202,98/20,,,Main Road,Near School,Ward 20,Municipality,Thiruvananthapuram,673798,0,15,Plastic packet,4-7,Never,Rarely,No
3716,user203@gmail.com,2-3,Apartment,Resident_203,78/17,,,Main Road,Near School,Ward 14,Municipality,Alappuzha,682165,2,19,Plastic bottle,1-3,Sometimes,Never,Yes
3717,user204@gmail.com,6+,Large house,Resident_204,84/1,,,Main Road,Near School,Ward 18,Municipality,Malappuram,674710,3,6,Plastic bottle,None,Never,Every month,No
3718,user205@gmail.com,2-3,Small house,Resident_205,97/14,,,Main Road,Near School,Ward 8,Municipality,Ernakulam,684966,3,14,Loose / refill,1-3,Sometimes,Rarely,Yes
3719,user206@gmail.com,4-5,Large house,Resident_206,470/8,,,Main Road,Near School,Ward 9,Municipality,Ernakulam,678144,3,9,Loose / refill,4-7,Always,Rarely,No
3720,user207@gmail.com,4-5,Apartment,Resident_207,409/7,,,Main Road,Near School,Ward 25,Municipality,Kollam,673276,3,8,Loose / refill,7+,Sometimes,Never,No
3721,user208@gmail.com,4-5,Apartment,Resident_208,285/13,,,Main Road,Near School,Ward 9,Municipality,Malappuram,686657,4,11,Plastic packet,4-7,Always,Rarely,No
3722,user209@gmail.com,2-3,Large house,Resident_209,56/3,,,Main Road,Near School,Ward 16,Municipality,Wayanad,681296,3,6,Loose / refill,None,Never,Every 2-3 months,No
3723,user210@gmail.com,4-5,Apartment,Resident_210,298/13,,,Main Road,Near School,Ward 20,Municipality,Thiruvananthapuram,675011,4,11,Plastic bottle,1-3,Sometimes,Every month,Yes
3724,user211@gmail.com,4-5,Large house,Resident_211,186/6,,,Main Road,Near School,Ward 22,Municipality,Idukki,671968,4,18,Plastic packet,1-3,Sometimes,Rarely,No
3725,user212@gmail.com,2-3,Apartment,Resident_212,221/18,,,Main Road,Near School,Ward 15,Municipality,Wayanad,688644,1,7,Plastic bottle,None,Sometimes,Rarely,No
3726,user213@gmail.com,1,Small house,Resident_213,10/10,,,Main Road,Near School,Ward 17,Municipality,Pathanamthitta,673899,0,3,Plastic packet,1-3,Sometimes,Every 2-3 months,No
3727,user214@gmail.com,4-5,Large house,Resident_214,482/10,,,Main Road,Near School,Ward 23,Municipality,Thrissur,686416,3,2,Loose / refill,7+,Sometimes,Never,Yes
3728,user215@gmail.com,4-5,Apartment,Resident_215,160/7,,,Main Road,Near School,Ward 6,Municipality,Thrissur,672287,4,5,Plastic packet,None,Never,Never,Yes
3729,user216@gmail.com,4-5,Large house,Resident_216,423/19,,,Main Road,Near School,Ward 13,Municipality,Palakkad,675091,4,8,Loose / refill,1-3,Sometimes,Never,Yes
3730,user217@gmail.com,2-3,Apartment,Resident_217,283/10,,,Main Road,Near School,Ward 22,Municipality,Palakkad,674897,3,4,Plastic packet,None,Always,Every month,Yes
3731,user218@gmail.com,4-5,Apartment,Resident_218,295/9,,,Main Road,Near School,Ward 16,Municipality,Kasaragod,670428,2,14,Plastic packet,7+,Never,Never,No
3732,user219@gmail.com,6+,Small house,Resident_219,32/9,,,Main Road,Near School,Ward 12,Municipality,Thrissur,682347,6,14,Loose / refill,1-3,Sometimes,Rarely,No
3733,user220@gmail.com,4-5,Apartment,Resident_220,433/6,,,Main Road,Near School,Ward 3,Municipality,Malappuram,676523,4,8,Plastic packet,1-3,Sometimes,Every month,Yes
3734,user221@gmail.com,4-5,Large house,Resident_221,444/7,,,Main Road,Near School,Ward 23,Municipality,Wayanad,675613,2,14,Plastic packet,4-7,Always,Every month,No
3735,user222@gmail.com,4-5,Small house,Resident_222,315/9,,,Main Road,Near School,Ward 3,Municipality,Kozhikode,684192,4,3,Plastic packet,1-3,Never,Rarely,Yes
3736,user223@gmail.com,2-3,Large house,Resident_223,317/12,,,Main Road,Near School,Ward 14,Municipality,Thrissur,686822,2,14,Plastic bottle,1-3,Sometimes,Every month,No
3737,user224@gmail.com,4-5,Large house,Resident_224,217/18,,,Main Road,Near School,Ward 6,Municipality,Kasaragod,685971,2,9,Plastic packet,None,Always,Every month,No
3738,user225@gmail.com,6+,Large house,Resident_225,70/9,,,Main Road,Near School,Ward 23,Municipality,Wayanad,675284,5,20,Plastic bottle,4-7,Always,Never,No
3739,user226@gmail.com,4-5,Small house,Resident_226,132/9,,,Main Road,Near School,Ward 16,Municipality,Thiruvananthapuram,678133,3,14,Plastic bottle,7+,Never,Every 2-3 months,Yes
3740,user227@gmail.com,4-5,Large house,Resident_227,203/10,,,Main Road,Near School,Ward 1,Municipality,Ernakulam,670835,4,4,Loose / refill,4-7,Sometimes,Rarely,No
3741,user228@gmail.com,2-3,Large house,Resident_228,239/11,,,Main Road,Near School,Ward 20,Municipality,Malappuram,674977,1,19,Loose / refill,4-7,Never,Rarely,No
3742,user229@gmail.com,6+,Apartment,Resident_229,317/16,,,Main Road,Near School,Ward 17,Municipality,Kollam,685170,6,14,Plastic packet,7+,Always,Rarely,Yes
3743,user230@gmail.com,4-5,Large house,Resident_230,257/13,,,Main Road,Near School,Ward 9,Municipality,Thiruvananthapuram,673254,4,6,Loose / refill,None,Always,Every month,No
3744,user231@gmail.com,4-5,Large house,Resident_231,484/17,,,Main Road,Near School,Ward 17,Municipality,Idukki,684773,2,3,Plastic packet,None,Always,Every month,No
3745,user232@gmail.com,2-3,Small house,Resident_232,313/3,,,Main Road,Near School,Ward 23,Municipality,Wayanad,674453,1,17,Plastic packet,None,Always,Every month,Yes
3746,user233@gmail.com,6+,Apartment,Resident_233,394/16,,,Main Road,Near School,Ward 7,Municipality,Alappuzha,673551,5,15,Plastic bottle,4-7,Never,Every 2-3 months,Yes
3747,user234@gmail.com,4-5,Small house,Resident_234,400/20,,,Main Road,Near School,Ward 16,Municipality,Kollam,676731,2,11,Plastic bottle,1-3,Always,Every month,Yes
3748,user235@gmail.com,6+,Large house,Resident_235,429/3,,,Main Road,Near School,Ward 19,Municipality,Kottayam,675647,4,12,Plastic bottle,None,Never,Every 2-3 months,No
3749,user236@gmail.com,1,Small house,Resident_236,206/18,,,Main Road,Near School,Ward 11,Municipality,Kozhikode,686832,1,19,Loose / refill,None,Always,Never,No
3750,user237@gmail.com,1,Apartment,Resident_237,294/6,,,Main Road,Near School,Ward 24,Municipality,Ernakulam,687832,1,3,Loose / refill,None,Sometimes,Never,No
3751,user238@gmail.com,4-5,Apartment,Resident_238,270/19,,,Main Road,Near School,Ward 19,Municipality,Idukki,687227,4,9,Plastic packet,7+,Always,Every 2-3 months,Yes
3752,user239@gmail.com,1,Large house,Resident_239,235/19,,,Main Road,Near School,Ward 16,Municipality,Kannur,687207,0,3,Plastic bottle,7+,Always,Every 2-3 months,No
3753,user240@gmail.com,1,Apartment,Resident_240,93/11,,,Main Road,Near School,Ward 24,Municipality,Idukki,684740,1,20,Loose / refill,None,Sometimes,Never,No
3754,user241@gmail.com,2-3,Large house,Resident_241,489/5,,,Main Road,Near School,Ward 20,Municipality,Thiruvananthapuram,689741,1,5,Plastic packet,7+,Always,Every month,Yes
3755,user242@gmail.com,2-3,Apartment,Resident_242,238/13,,,Main Road,Near School,Ward 11,Municipality,Kasaragod,682131,3,17,Plastic packet,1-3,Never,Every 2-3 months,Yes
3756,user243@gmail.com,4-5,Large house,Resident_243,156/5,,,Main Road,Near School,Ward 3,Municipality,Thiruvananthapuram,683997,4,16,Loose / refill,None,Sometimes,Every 2-3 months,Yes
3757,user244@gmail.com,6+,Large house,Resident_244,246/15,,,Main Road,Near School,Ward 22,Municipality,Pathanamthitta,686187,5,20,Plastic bottle,4-7,Never,Every 2-3 months,Yes
3758,user245@gmail.com,4-5,Small house,Resident_245,448/10,,,Main Road,Near School,Ward 25,Municipality,Kottayam,684450,4,17,Plastic bottle,1-3,Never,Never,No
3759,user246@gmail.com,4-5,Apartment,Resident_246,415/17,,,Main Road,Near School,Ward 21,Municipality,Kozhikode,676010,2,16,Loose / refill,7+,Never,Every 2-3 months,Yes
3760,user247@gmail.com,4-5,Large house,Resident_247,345/9,,,Main Road,Near School,Ward 6,Municipality,Thiruvananthapuram,680689,3,16,Plastic packet,None,Sometimes,Every month,No
3761,user248@gmail.com,6+,Large house,Resident_248,101/15,,,Main Road,Near School,Ward 25,Municipality,Wayanad,686988,3,13,Plastic bottle,7+,Never,Every 2-3 months,Yes
3762,user249@gmail.com,1,Small house,Resident_249,3/1,,,Main Road,Near School,Ward 7,Municipality,Thiruvananthapuram,676316,0,8,Plastic packet,7+,Always,Every month,No
3763,user250@gmail.com,4-5,Small house,Resident_250,213/13,,,Main Road,Near School,Ward 12,Municipality,Kasaragod,684572,2,13,Plastic bottle,4-7,Sometimes,Never,No
3764,user251@gmail.com,4-5,Apartment,Resident_251,175/8,,,Main Road,Near School,Ward 10,Municipality,Kannur,677588,2,20,Loose / refill,None,Never,Every 2-3 months,Yes
3765,user252@gmail.com,2-3,Small house,Resident_252,222/3,,,Main Road,Near School,Ward 17,Municipality,Ernakulam,683630,3,20,Loose / refill,4-7,Sometimes,Every month,Yes
3766,user253@gmail.com,2-3,Large house,Resident_253,384/17,,,Main Road,Near School,Ward 12,Municipality,Kollam,686327,2,6,Plastic bottle,1-3,Always,Rarely,Yes
3767,user254@gmail.com,2-3,Large house,Resident_254,318/7,,,Main Road,Near School,Ward 15,Municipality,Idukki,670831,1,15,Plastic packet,1-3,Never,Every month,Yes
3768,user255@gmail.com,2-3,Apartment,Resident_255,39/10,,,Main Road,Near School,Ward 3,Municipality,Kannur,679392,2,19,Plastic bottle,1-3,Always,Rarely,Yes
3769,user256@gmail.com,2-3,Large house,Resident_256,464/16,,,Main Road,Near School,Ward 17,Municipality,Ernakulam,679643,3,19,Plastic packet,1-3,Never,Rarely,Yes
3770,user257@gmail.com,4-5,Large house,Resident_257,140/6,,,Main Road,Near School,Ward 2,Municipality,Ernakulam,675206,2,20,Plastic bottle,7+,Sometimes,Every month,Yes
3771,user258@gmail.com,6+,Large house,Resident_258,48/9,,,Main Road,Near School,Ward 20,Municipality,Thiruvananthapuram,677434,5,12,Plastic packet,1-3,Never,Rarely,No
3772,user259@gmail.com,2-3,Apartment,Resident_259,321/3,,,Main Road,Near School,Ward 8,Municipality,Alappuzha,675433,2,6,Loose / refill,4-7,Never,Every month,No
3773,user260@gmail.com,2-3,Small house,Resident_260,143/11,,,Main Road,Near School,Ward 4,Municipality,Palakkad,677200,3,14,Plastic packet,None,Sometimes,Rarely,No
3774,user261@gmail.com,4-5,Apartment,Resident_261,363/16,,,Main Road,Near School,Ward 16,Municipality,Palakkad,687020,2,5,Plastic bottle,4-7,Sometimes,Every 2-3 months,No
3775,user262@gmail.com,6+,Large house,Resident_262,92/14,,,Main Road,Near School,Ward 4,Municipality,Ernakulam,684458,3,15,Plastic bottle,4-7,Always,Rarely,No
3776,user263@gmail.com,4-5,Large house,Resident_263,472/3,,,Main Road,Near School,Ward 15,Municipality,Alappuzha,687677,3,4,Loose / refill,4-7,Never,Never,Yes
3777,user264@gmail.com,1,Large house,Resident_264,465/15,,,Main Road,Near School,Ward 24,Municipality,Kottayam,678303,1,9,Loose / refill,1-3,Always,Rarely,No
3778,user265@gmail.com,4-5,Small house,Resident_265,449/3,,,Main Road,Near School,Ward 5,Municipality,Ernakulam,670267,2,6,Plastic bottle,4-7,Always,Every 2-3 months,No
3779,user266@gmail.com,2-3,Small house,Resident_266,288/3,,,Main Road,Near School,Ward 25,Municipality,Alappuzha,689528,3,7,Plastic bottle,None,Never,Rarely,No
3780,user267@gmail.com,2-3,Small house,Resident_267,71/14,,,Main Road,Near School,Ward 21,Municipality,Palakkad,679780,3,8,Plastic packet,7+,Sometimes,Never,No
3781,user268@gmail.com,2-3,Large house,Resident_268,258/8,,,Main Road,Near School,Ward 24,Municipality,Kannur,685547,2,7,Plastic bottle,4-7,Sometimes,Never,Yes
3782,user269@gmail.com,1,Small house,Resident_269,224/14,,,Main Road,Near School,Ward 18,Municipality,Alappuzha,679135,1,9,Plastic packet,None,Never,Never,Yes
3783,user270@gmail.com,2-3,Small house,Resident_270,48/8,,,Main Road,Near School,Ward 13,Municipality,Wayanad,673480,2,18,Plastic bottle,None,Never,Every 2-3 months,Yes
3784,user271@gmail.com,1,Apartment,Resident_271,358/6,,,Main Road,Near School,Ward 3,Municipality,Kozhikode,688784,0,11,Loose / refill,4-7,Always,Rarely,No
3785,user272@gmail.com,1,Apartment,Resident_272,408/20,,,Main Road,Near School,Ward 17,Municipality,Wayanad,689243,1,15,Loose / refill,7+,Sometimes,Every 2-3 months,Yes
3786,user273@gmail.com,4-5,Small house,Resident_273,320/2,,,Main Road,Near School,Ward 1,Municipality,Idukki,676177,2,11,Plastic bottle,4-7,Never,Never,No
3787,user274@gmail.com,4-5,Large house,Resident_274,321/3,,,Main Road,Near School,Ward 19,Municipality,Alappuzha,672635,2,15,Plastic packet,7+,Never,Every 2-3 months,Yes
3788,user275@gmail.com,2-3,Large house,Resident_275,498/5,,,Main Road,Near School,Ward 16,Municipality,Wayanad,682379,3,8,Plastic packet,1-3,Always,Rarely,No
3789,user276@gmail.com,2-3,Apartment,Resident_276,208/20,,,Main Road,Near School,Ward 19,Municipality,Pathanamthitta,674212,1,3,Plastic packet,None,Always,Rarely,No
3790,user277@gmail.com,2-3,Small house,Resident_277,209/13,,,Main Road,Near School,Ward 3,Municipality,Kollam,679640,2,3,Plastic packet,4-7,Sometimes,Every month,No
3791,user278@gmail.com,6+,Apartment,Resident_278,145/11,,,Main Road,Near School,Ward 15,Municipality,Thrissur,683581,4,6,Loose / refill,1-3,Always,Every month,Yes
3792,user279@gmail.com,6+,Large house,Resident_279,209/17,,,Main Road,Near School,Ward 5,Municipality,Kottayam,686941,5,14,Plastic packet,None,Never,Every 2-3 months,No
3793,user280@gmail.com,6+,Large house,Resident_280,76/11,,,Main Road,Near School,Ward 11,Municipality,Thiruvananthapuram,678386,4,8,Plastic bottle,4-7,Never,Rarely,No
3794,user281@gmail.com,2-3,Large house,Resident_281,486/1,,,Main Road,Near School,Ward 22,Municipality,Palakkad,672196,3,9,Plastic bottle,4-7,Always,Never,No
3795,user282@gmail.com,6+,Small house,Resident_282,270/20,,,Main Road,Near School,Ward 12,Municipality,Idukki,686542,3,8,Plastic bottle,4-7,Sometimes,Every month,Yes
3796,user283@gmail.com,6+,Small house,Resident_283,492/16,,,Main Road,Near School,Ward 21,Municipality,Thrissur,683415,5,17,Plastic packet,1-3,Sometimes,Rarely,No
3797,user284@gmail.com,2-3,Apartment,Resident_284,460/9,,,Main Road,Near School,Ward 4,Municipality,Thrissur,674094,1,16,Plastic packet,None,Never,Every 2-3 months,Yes
3798,user285@gmail.com,1,Large house,Resident_285,9/8,,,Main Road,Near School,Ward 25,Municipality,Wayanad,688392,0,11,Loose / refill,1-3,Always,Rarely,Yes
3799,user286@gmail.com,2-3,Small house,Resident_286,153/19,,,Main Road,Near School,Ward 22,Municipality,Wayanad,688988,1,6,Plastic bottle,7+,Never,Rarely,Yes
3800,user287@gmail.com,4-5,Small house,Resident_287,101/15,,,Main Road,Near School,Ward 23,Municipality,Malappuram,680897,4,17,Plastic bottle,4-7,Always,Never,No
3801,user288@gmail.com,1,Apartment,Resident_288,27/9,,,Main Road,Near School,Ward 6,Municipality,Kozhikode,671105,1,3,Plastic packet,4-7,Sometimes,Never,Yes
3802,user289@gmail.com,2-3,Large house,Resident_289,342/8,,,Main Road,Near School,Ward 22,Municipality,Thrissur,671932,2,2,Plastic bottle,None,Sometimes,Never,No
3803,user290@gmail.com,6+,Small house,Resident_290,328/10,,,Main Road,Near School,Ward 13,Municipality,Kollam,676367,5,7,Loose / refill,4-7,Always,Never,Yes
3804,user291@gmail.com,2-3,Apartment,Resident_291,320/9,,,Main Road,Near School,Ward 12,Municipality,Kollam,685640,1,2,Plastic packet,7+,Never,Every month,No
3805,user292@gmail.com,2-3,Apartment,Resident_292,466/9,,,Main Road,Near School,Ward 25,Municipality,Ernakulam,678304,1,9,Plastic packet,None,Always,Every 2-3 months,No
3806,user293@gmail.com,1,Small house,Resident_293,306/5,,,Main Road,Near School,Ward 10,Municipality,Kannur,689937,0,3,Plastic bottle,7+,Sometimes,Every month,Yes
3807,user294@gmail.com,1,Large house,Resident_294,363/9,,,Main Road,Near School,Ward 7,Municipality,Thrissur,673732,1,20,Plastic bottle,None,Sometimes,Every 2-3 months,Yes
3808,user295@gmail.com,6+,Small house,Resident_295,405/20,,,Main Road,Near School,Ward 22,Municipality,Kasaragod,687484,4,3,Plastic bottle,4-7,Always,Rarely,No
3809,user296@gmail.com,1,Large house,Resident_296,250/6,,,Main Road,Near School,Ward 3,Municipality,Malappuram,686132,1,9,Plastic packet,None,Always,Never,No
3810,user297@gmail.com,2-3,Apartment,Resident_297,81/16,,,Main Road,Near School,Ward 15,Municipality,Kasaragod,677789,2,17,Plastic bottle,1-3,Always,Every month,No
3811,user298@gmail.com,2-3,Small house,Resident_298,115/7,,,Main Road,Near School,Ward 1,Municipality,Ernakulam,688832,1,7,Loose / refill,1-3,Never,Every month,Yes
3812,user299@gmail.com,4-5,Large house,Resident_299,389/5,,,Main Road,Near School,Ward 10,Municipality,Malappuram,670457,3,11,Plastic bottle,7+,Always,Every 2-3 months,No
3813,user300@gmail.com,2-3,Large house,Resident_300,75/20,,,Main Road,Near School,Ward 20,Municipality,Palakkad,675892,1,8,Plastic packet,7+,Never,Every 2-3 months,No
3814,user301@gmail.com,2-3,Large house,Resident_301,15/8,,,Main Road,Near School,Ward 7,Municipality,Thiruvananthapuram,680417,2,5,Plastic bottle,None,Always,Every month,No
3815,user302@gmail.com,2-3,Large house,Resident_302,398/17,,,Main Road,Near School,Ward 16,Municipality,Idukki,678476,2,2,Plastic bottle,4-7,Never,Never,Yes
3816,user303@gmail.com,4-5,Apartment,Resident_303,71/4,,,Main Road,Near School,Ward 21,Municipality,Palakkad,671670,3,4,Loose / refill,1-3,Sometimes,Rarely,No
3817,user304@gmail.com,2-3,Apartment,Resident_304,468/10,,,Main Road,Near School,Ward 6,Municipality,Thrissur,675702,3,16,Plastic bottle,1-3,Always,Rarely,Yes
3818,user305@gmail.com,2-3,Apartment,Resident_305,158/9,,,Main Road,Near School,Ward 20,Municipality,Kasaragod,686466,1,12,Plastic packet,4-7,Sometimes,Rarely,Yes
3819,user306@gmail.com,2-3,Small house,Resident_306,124/14,,,Main Road,Near School,Ward 20,Municipality,Palakkad,686261,1,16,Plastic bottle,7+,Sometimes,Never,Yes
3820,user307@gmail.com,6+,Large house,Resident_307,252/6,,,Main Road,Near School,Ward 15,Municipality,Malappuram,672261,4,3,Plastic bottle,7+,Sometimes,Rarely,No
3821,user308@gmail.com,2-3,Small house,Resident_308,500/4,,,Main Road,Near School,Ward 2,Municipality,Thrissur,685335,1,3,Loose / refill,1-3,Always,Every month,Yes
3822,user309@gmail.com,4-5,Apartment,Resident_309,201/9,,,Main Road,Near School,Ward 4,Municipality,Kozhikode,674359,4,3,Plastic packet,4-7,Sometimes,Every 2-3 months,Yes
3823,user310@gmail.com,2-3,Large house,Resident_310,402/2,,,Main Road,Near School,Ward 11,Municipality,Thrissur,682690,2,18,Loose / refill,4-7,Never,Every month,Yes
3824,user311@gmail.com,2-3,Apartment,Resident_311,93/7,,,Main Road,Near School,Ward 17,Municipality,Kollam,681685,2,18,Plastic bottle,1-3,Never,Never,Yes
3825,user312@gmail.com,4-5,Apartment,Resident_312,490/15,,,Main Road,Near School,Ward 13,Municipality,Kasaragod,672185,2,5,Plastic packet,4-7,Always,Every 2-3 months,No
3826,user313@gmail.com,4-5,Large house,Resident_313,488/16,,,Main Road,Near School,Ward 21,Municipality,Kozhikode,674445,2,4,Plastic bottle,1-3,Sometimes,Every month,Yes
3827,user314@gmail.com,6+,Apartment,Resident_314,442/8,,,Main Road,Near School,Ward 25,Municipality,Malappuram,679096,3,8,Plastic bottle,None,Always,Every 2-3 months,No
3828,user315@gmail.com,4-5,Apartment,Resident_315,138/7,,,Main Road,Near School,Ward 7,Municipality,Idukki,681960,4,19,Loose / refill,4-7,Always,Rarely,No
3829,user316@gmail.com,2-3,Large house,Resident_316,65/10,,,Main Road,Near School,Ward 25,Municipality,Idukki,680629,1,11,Plastic bottle,1-3,Never,Every 2-3 months,Yes
3830,user317@gmail.com,1,Small house,Resident_317,35/18,,,Main Road,Near School,Ward 13,Municipality,Kollam,672914,0,11,Plastic bottle,None,Sometimes,Every 2-3 months,No
3831,user318@gmail.com,2-3,Small house,Resident_318,6/7,,,Main Road,Near School,Ward 20,Municipality,Alappuzha,686962,2,8,Plastic packet,4-7,Never,Never,No
3832,user319@gmail.com,4-5,Large house,Resident_319,166/7,,,Main Road,Near School,Ward 11,Municipality,Ernakulam,685911,2,17,Plastic bottle,None,Always,Rarely,No
3833,user320@gmail.com,4-5,Small house,Resident_320,85/11,,,Main Road,Near School,Ward 7,Municipality,Thrissur,686790,3,14,Plastic bottle,4-7,Sometimes,Rarely,Yes
3834,user321@gmail.com,1,Apartment,Resident_321,187/13,,,Main Road,Near School,Ward 13,Municipality,Kollam,678913,1,4,Loose / refill,None,Always,Every month,Yes
3835,user322@gmail.com,2-3,Large house,Resident_322,275/4,,,Main Road,Near School,Ward 12,Municipality,Alappuzha,679955,3,18,Plastic packet,4-7,Always,Rarely,Yes
3836,user323@gmail.com,2-3,Large house,Resident_323,25/10,,,Main Road,Near School,Ward 5,Municipality,Malappuram,672635,3,11,Plastic bottle,1-3,Sometimes,Never,Yes
3837,user324@gmail.com,4-5,Small house,Resident_324,500/20,,,Main Road,Near School,Ward 14,Municipality,Idukki,682438,4,11,Plastic packet,4-7,Always,Every month,No
3838,user325@gmail.com,4-5,Apartment,Resident_325,170/12,,,Main Road,Near School,Ward 25,Municipality,Ernakulam,673624,3,17,Plastic packet,7+,Never,Every 2-3 months,Yes
3839,user326@gmail.com,6+,Large house,Resident_326,459/11,,,Main Road,Near School,Ward 13,Municipality,Alappuzha,689845,6,16,Plastic packet,4-7,Sometimes,Never,No
3840,user327@gmail.com,4-5,Large house,Resident_327,301/16,,,Main Road,Near School,Ward 9,Municipality,Kannur,686330,4,10,Plastic packet,4-7,Never,Rarely,Yes
3841,user328@gmail.com,2-3,Apartment,Resident_328,156/11,,,Main Road,Near School,Ward 5,Municipality,Pathanamthitta,677757,3,2,Loose / refill,4-7,Sometimes,Every 2-3 months,No
3842,user329@gmail.com,2-3,Apartment,Resident_329,453/4,,,Main Road,Near School,Ward 13,Municipality,Ernakulam,673538,2,10,Plastic packet,None,Never,Every 2-3 months,Yes
3843,user330@gmail.com,6+,Apartment,Resident_330,360/6,,,Main Road,Near School,Ward 20,Municipality,Wayanad,683579,5,18,Loose / refill,7+,Always,Every month,No
3844,user331@gmail.com,2-3,Apartment,Resident_331,322/19,,,Main Road,Near School,Ward 16,Municipality,Palakkad,677488,2,2,Plastic bottle,7+,Sometimes,Every month,No
3845,user332@gmail.com,4-5,Apartment,Resident_332,351/7,,,Main Road,Near School,Ward 17,Municipality,Kasaragod,675834,4,5,Loose / refill,None,Never,Every 2-3 months,No
3846,user333@gmail.com,4-5,Apartment,Resident_333,175/20,,,Main Road,Near School,Ward 13,Municipality,Alappuzha,689880,3,12,Plastic packet,None,Sometimes,Rarely,Yes
3847,user334@gmail.com,4-5,Small house,Resident_334,189/12,,,Main Road,Near School,Ward 5,Municipality,Kozhikode,688711,2,15,Plastic bottle,None,Never,Never,No
3848,user335@gmail.com,4-5,Apartment,Resident_335,164/3,,,Main Road,Near School,Ward 10,Municipality,Kasaragod,681750,3,12,Plastic packet,7+,Always,Every 2-3 months,No
3849,user336@gmail.com,4-5,Apartment,Resident_336,309/10,,,Main Road,Near School,Ward 2,Municipality,Thiruvananthapuram,670294,4,4,Plastic packet,1-3,Always,Never,No
3850,user337@gmail.com,1,Large house,Resident_337,408/16,,,Main Road,Near School,Ward 24,Municipality,Thiruvananthapuram,670396,1,14,Plastic packet,4-7,Always,Never,No
3851,user338@gmail.com,2-3,Small house,Resident_338,110/15,,,Main Road,Near School,Ward 23,Municipality,Kollam,676433,3,20,Loose / refill,4-7,Always,Rarely,No
3852,user339@gmail.com,4-5,Apartment,Resident_339,180/2,,,Main Road,Near School,Ward 21,Municipality,Pathanamthitta,674961,2,10,Plastic packet,None,Sometimes,Never,No
3853,user340@gmail.com,6+,Small house,Resident_340,412/4,,,Main Road,Near School,Ward 15,Municipality,Thrissur,678726,6,4,Loose / refill,1-3,Always,Rarely,No
3854,user341@gmail.com,2-3,Large house,Resident_341,304/20,,,Main Road,Near School,Ward 21,Municipality,Idukki,689071,3,17,Plastic packet,7+,Sometimes,Every 2-3 months,Yes
3855,user342@gmail.com,2-3,Apartment,Resident_342,235/15,,,Main Road,Near School,Ward 5,Municipality,Wayanad,682762,3,17,Plastic bottle,1-3,Never,Every 2-3 months,Yes
3856,user343@gmail.com,2-3,Large house,Resident_343,151/3,,,Main Road,Near School,Ward 19,Municipality,Thrissur,672700,2,17,Plastic bottle,None,Always,Rarely,No
3857,user344@gmail.com,1,Small house,Resident_344,424/4,,,Main Road,Near School,Ward 21,Municipality,Kannur,680012,0,14,Plastic bottle,7+,Always,Every month,Yes
3858,user345@gmail.com,6+,Large house,Resident_345,88/13,,,Main Road,Near School,Ward 23,Municipality,Kannur,670760,3,14,Loose / refill,None,Never,Never,Yes
3859,user346@gmail.com,2-3,Large house,Resident_346,409/2,,,Main Road,Near School,Ward 25,Municipality,Kasaragod,678203,3,20,Plastic bottle,7+,Always,Every month,No
3860,user347@gmail.com,1,Large house,Resident_347,489/7,,,Main Road,Near School,Ward 19,Municipality,Kasaragod,670624,0,19,Plastic packet,None,Never,Never,No
3861,user348@gmail.com,4-5,Large house,Resident_348,230/8,,,Main Road,Near School,Ward 25,Municipality,Alappuzha,682204,2,10,Plastic bottle,1-3,Never,Never,Yes
3862,user349@gmail.com,2-3,Small house,Resident_349,31/1,,,Main Road,Near School,Ward 25,Municipality,Kottayam,677339,1,18,Plastic packet,None,Sometimes,Rarely,Yes
3863,user350@gmail.com,2-3,Small house,Resident_350,497/2,,,Main Road,Near School,Ward 16,Municipality,Malappuram,680347,1,16,Loose / refill,4-7,Sometimes,Never,Yes
3864,user351@gmail.com,4-5,Apartment,Resident_351,10/13,,,Main Road,Near School,Ward 22,Municipality,Malappuram,671563,3,12,Plastic bottle,1-3,Never,Every month,Yes
3865,user352@gmail.com,4-5,Large house,Resident_352,259/3,,,Main Road,Near School,Ward 8,Municipality,Thiruvananthapuram,689992,3,12,Plastic bottle,4-7,Never,Rarely,Yes
3866,user353@gmail.com,4-5,Apartment,Resident_353,174/6,,,Main Road,Near School,Ward 9,Municipality,Kozhikode,670543,3,13,Loose / refill,None,Never,Never,Yes
3867,user354@gmail.com,4-5,Apartment,Resident_354,259/20,,,Main Road,Near School,Ward 14,Municipality,Kozhikode,675707,2,4,Plastic bottle,1-3,Always,Every 2-3 months,No
3868,user355@gmail.com,4-5,Large house,Resident_355,90/3,,,Main Road,Near School,Ward 12,Municipality,Kozhikode,673729,2,7,Plastic packet,4-7,Sometimes,Rarely,Yes
3869,user356@gmail.com,2-3,Small house,Resident_356,60/12,,,Main Road,Near School,Ward 14,Municipality,Kollam,674241,1,8,Plastic bottle,1-3,Sometimes,Every month,No
3870,user357@gmail.com,4-5,Large house,Resident_357,86/7,,,Main Road,Near School,Ward 5,Municipality,Thiruvananthapuram,689904,3,6,Plastic bottle,1-3,Never,Never,Yes
3871,user358@gmail.com,2-3,Large house,Resident_358,183/11,,,Main Road,Near School,Ward 15,Municipality,Ernakulam,671078,3,10,Loose / refill,4-7,Never,Every month,No
3872,user359@gmail.com,1,Small house,Resident_359,340/16,,,Main Road,Near School,Ward 19,Municipality,Malappuram,684412,0,19,Plastic bottle,4-7,Always,Every month,Yes
3873,user360@gmail.com,4-5,Small house,Resident_360,379/9,,,Main Road,Near School,Ward 11,Municipality,Malappuram,688388,4,20,Plastic bottle,None,Always,Never,Yes
3874,user361@gmail.com,2-3,Large house,Resident_361,343/1,,,Main Road,Near School,Ward 5,Municipality,Kollam,676445,2,19,Plastic packet,7+,Never,Never,Yes
3875,user362@gmail.com,2-3,Apartment,Resident_362,443/5,,,Main Road,Near School,Ward 20,Municipality,Kollam,676010,1,15,Plastic packet,7+,Sometimes,Every 2-3 months,Yes
3876,user363@gmail.com,4-5,Small house,Resident_363,160/5,,,Main Road,Near School,Ward 18,Municipality,Wayanad,686693,2,9,Loose / refill,7+,Sometimes,Every month,No
3877,user364@gmail.com,6+,Apartment,Resident_364,30/5,,,Main Road,Near School,Ward 24,Municipality,Thrissur,688558,3,6,Plastic packet,4-7,Sometimes,Every month,No
3878,user365@gmail.com,4-5,Apartment,Resident_365,131/20,,,Main Road,Near School,Ward 2,Municipality,Kasaragod,671034,4,15,Loose / refill,4-7,Sometimes,Rarely,No
3879,user366@gmail.com,4-5,Apartment,Resident_366,342/19,,,Main Road,Near School,Ward 8,Municipality,Wayanad,673746,2,2,Plastic packet,None,Never,Never,Yes
3880,user367@gmail.com,2-3,Small house,Resident_367,417/12,,,Main Road,Near School,Ward 18,Municipality,Thiruvananthapuram,689465,2,6,Loose / refill,None,Never,Every 2-3 months,No
3881,user368@gmail.com,2-3,Apartment,Resident_368,322/9,,,Main Road,Near School,Ward 17,Municipality,Idukki,671992,1,8,Plastic bottle,7+,Never,Rarely,No
3882,user369@gmail.com,4-5,Apartment,Resident_369,281/4,,,Main Road,Near School,Ward 1,Municipality,Thiruvananthapuram,689648,2,3,Plastic bottle,None,Always,Every 2-3 months,No
3883,user370@gmail.com,4-5,Apartment,Resident_370,417/18,,,Main Road,Near School,Ward 20,Municipality,Ernakulam,678536,4,3,Plastic bottle,4-7,Never,Never,Yes
3884,user371@gmail.com,6+,Apartment,Resident_371,413/20,,,Main Road,Near School,Ward 7,Municipality,Thiruvananthapuram,687058,6,10,Plastic bottle,1-3,Sometimes,Never,No
3885,user372@gmail.com,2-3,Large house,Resident_372,195/13,,,Main Road,Near School,Ward 18,Municipality,Kottayam,687847,3,15,Loose / refill,1-3,Never,Never,Yes
3886,user373@gmail.com,4-5,Small house,Resident_373,83/19,,,Main Road,Near School,Ward 5,Municipality,Kottayam,689622,4,3,Plastic bottle,7+,Sometimes,Rarely,Yes
3887,user374@gmail.com,2-3,Small house,Resident_374,355/6,,,Main Road,Near School,Ward 9,Municipality,Thrissur,673956,1,7,Plastic bottle,4-7,Always,Every 2-3 months,Yes
3888,user375@gmail.com,6+,Apartment,Resident_375,105/12,,,Main Road,Near School,Ward 8,Municipality,Kasaragod,675576,3,3,Loose / refill,4-7,Always,Rarely,Yes
3889,user376@gmail.com,6+,Small house,Resident_376,452/5,,,Main Road,Near School,Ward 23,Municipality,Thrissur,680176,6,2,Plastic bottle,4-7,Sometimes,Every month,No
3890,user377@gmail.com,6+,Apartment,Resident_377,89/3,,,Main Road,Near School,Ward 23,Municipality,Kozhikode,673391,3,11,Plastic bottle,4-7,Always,Every month,Yes
3891,user378@gmail.com,2-3,Small house,Resident_378,73/4,,,Main Road,Near School,Ward 21,Municipality,Malappuram,672783,2,10,Loose / refill,4-7,Never,Rarely,Yes
3892,user379@gmail.com,2-3,Large house,Resident_379,248/13,,,Main Road,Near School,Ward 22,Municipality,Kannur,679490,1,7,Loose / refill,1-3,Always,Rarely,Yes
3893,user380@gmail.com,1,Small house,Resident_380,123/6,,,Main Road,Near School,Ward 25,Municipality,Kottayam,685939,1,6,Plastic packet,1-3,Never,Rarely,No
3894,user381@gmail.com,6+,Small house,Resident_381,319/15,,,Main Road,Near School,Ward 22,Municipality,Pathanamthitta,683131,4,17,Loose / refill,None,Never,Every 2-3 months,Yes
3895,user382@gmail.com,1,Small house,Resident_382,311/5,,,Main Road,Near School,Ward 22,Municipality,Thiruvananthapuram,677618,1,9,Plastic packet,7+,Always,Never,No
3896,user383@gmail.com,2-3,Small house,Resident_383,440/11,,,Main Road,Near School,Ward 19,Municipality,Wayanad,678552,3,5,Plastic bottle,4-7,Always,Every month,Yes
3897,user384@gmail.com,4-5,Small house,Resident_384,81/8,,,Main Road,Near School,Ward 21,Municipality,Wayanad,675000,4,8,Plastic packet,1-3,Sometimes,Every 2-3 months,No
3898,user385@gmail.com,4-5,Apartment,Resident_385,22/5,,,Main Road,Near School,Ward 13,Municipality,Wayanad,677758,3,4,Loose / refill,None,Sometimes,Never,No
3899,user386@gmail.com,2-3,Apartment,Resident_386,107/1,,,Main Road,Near School,Ward 14,Municipality,Kollam,676302,2,12,Plastic packet,4-7,Sometimes,Every 2-3 months,Yes
3900,user387@gmail.com,4-5,Apartment,Resident_387,116/2,,,Main Road,Near School,Ward 18,Municipality,Alappuzha,688126,2,8,Plastic packet,None,Never,Every month,Yes
3901,user388@gmail.com,2-3,Large house,Resident_388,10/19,,,Main Road,Near School,Ward 6,Municipality,Kannur,683213,1,8,Loose / refill,None,Always,Rarely,No
3902,user389@gmail.com,2-3,Small house,Resident_389,437/5,,,Main Road,Near School,Ward 3,Municipality,Thrissur,679690,3,14,Plastic packet,None,Always,Never,No
3903,user390@gmail.com,2-3,Small house,Resident_390,321/12,,,Main Road,Near School,Ward 15,Municipality,Kasaragod,680503,2,15,Plastic bottle,1-3,Sometimes,Every 2-3 months,No
3904,user391@gmail.com,6+,Large house,Resident_391,370/6,,,Main Road,Near School,Ward 25,Municipality,Thiruvananthapuram,675263,3,20,Loose / refill,4-7,Sometimes,Never,No
3905,user392@gmail.com,2-3,Large house,Resident_392,42/13,,,Main Road,Near School,Ward 15,Municipality,Idukki,682449,3,4,Loose / refill,None,Never,Never,No
3906,user393@gmail.com,2-3,Apartment,Resident_393,200/16,,,Main Road,Near School,Ward 24,Municipality,Thiruvananthapuram,679313,3,9,Plastic bottle,None,Always,Every 2-3 months,No
3907,user394@gmail.com,1,Apartment,Resident_394,83/7,,,Main Road,Near School,Ward 14,Municipality,Thrissur,672065,0,5,Plastic packet,None,Sometimes,Rarely,Yes
3908,user395@gmail.com,2-3,Large house,Resident_395,456/15,,,Main Road,Near School,Ward 11,Municipality,Thrissur,670920,3,8,Plastic bottle,4-7,Sometimes,Every month,No
3909,user396@gmail.com,4-5,Large house,Resident_396,371/9,,,Main Road,Near School,Ward 6,Municipality,Pathanamthitta,684080,4,10,Plastic packet,None,Sometimes,Every 2-3 months,Yes
3910,user397@gmail.com,2-3,Apartment,Resident_397,422/9,,,Main Road,Near School,Ward 20,Municipality,Kannur,689168,3,12,Plastic packet,7+,Sometimes,Every month,No
3911,user398@gmail.com,1,Apartment,Resident_398,306/17,,,Main Road,Near School,Ward 1,Municipality,Alappuzha,678649,1,3,Loose / refill,7+,Always,Never,No
3912,user399@gmail.com,2-3,Large house,Resident_399,260/14,,,Main Road,Near School,Ward 6,Municipality,Kasaragod,681064,2,6,Plastic packet,7+,Never,Never,Yes
3913,user400@gmail.com,4-5,Large house,Resident_400,338/10,,,Main Road,Near School,Ward 16,Municipality,Kannur,675014,4,8,Plastic bottle,7+,Never,Every 2-3 months,No
3914,user401@gmail.com,4-5,Apartment,Resident_401,258/12,,,Main Road,Near School,Ward 2,Municipality,Thiruvananthapuram,686311,3,7,Plastic bottle,None,Never,Rarely,Yes
3915,user402@gmail.com,4-5,Large house,Resident_402,287/20,,,Main Road,Near School,Ward 8,Municipality,Thiruvananthapuram,673330,2,4,Loose / refill,None,Sometimes,Rarely,No
3916,user403@gmail.com,2-3,Small house,Resident_403,66/20,,,Main Road,Near School,Ward 15,Municipality,Kollam,675428,1,4,Plastic bottle,1-3,Sometimes,Every month,No
3917,user404@gmail.com,4-5,Small house,Resident_404,243/7,,,Main Road,Near School,Ward 1,Municipality,Palakkad,682570,3,3,Plastic packet,1-3,Never,Rarely,Yes
3918,user405@gmail.com,2-3,Apartment,Resident_405,196/13,,,Main Road,Near School,Ward 11,Municipality,Thrissur,676118,1,7,Plastic packet,None,Sometimes,Never,No
3919,user406@gmail.com,6+,Apartment,Resident_406,310/12,,,Main Road,Near School,Ward 15,Municipality,Kollam,681217,6,15,Loose / refill,1-3,Always,Never,No
3920,user407@gmail.com,2-3,Large house,Resident_407,269/12,,,Main Road,Near School,Ward 12,Municipality,Thrissur,674505,3,3,Plastic bottle,1-3,Always,Every 2-3 months,Yes
3921,user408@gmail.com,4-5,Apartment,Resident_408,295/11,,,Main Road,Near School,Ward 8,Municipality,Kottayam,678758,3,17,Plastic packet,4-7,Always,Every 2-3 months,No
3922,user409@gmail.com,1,Large house,Resident_409,309/19,,,Main Road,Near School,Ward 22,Municipality,Kannur,672039,0,2,Plastic bottle,None,Sometimes,Rarely,No
3923,user410@gmail.com,6+,Large house,Resident_410,264/19,,,Main Road,Near School,Ward 7,Municipality,Kottayam,683762,5,9,Loose / refill,7+,Always,Every month,No
3924,user411@gmail.com,4-5,Large house,Resident_411,56/11,,,Main Road,Near School,Ward 6,Municipality,Kottayam,687185,4,16,Loose / refill,7+,Sometimes,Rarely,Yes
3925,user412@gmail.com,2-3,Apartment,Resident_412,41/3,,,Main Road,Near School,Ward 22,Municipality,Wayanad,675792,1,20,Plastic bottle,4-7,Sometimes,Every month,Yes
3926,user413@gmail.com,4-5,Large house,Resident_413,118/14,,,Main Road,Near School,Ward 2,Municipality,Thrissur,672509,2,2,Plastic bottle,7+,Sometimes,Every 2-3 months,No
3927,user414@gmail.com,2-3,Large house,Resident_414,56/4,,,Main Road,Near School,Ward 21,Municipality,Wayanad,685185,3,18,Loose / refill,1-3,Never,Never,Yes
3928,user415@gmail.com,4-5,Small house,Resident_415,388/15,,,Main Road,Near School,Ward 5,Municipality,Kollam,673355,2,8,Loose / refill,4-7,Never,Rarely,No
3929,user416@gmail.com,2-3,Apartment,Resident_416,402/17,,,Main Road,Near School,Ward 7,Municipality,Thiruvananthapuram,679987,3,5,Plastic packet,7+,Always,Every 2-3 months,No
3930,user417@gmail.com,4-5,Apartment,Resident_417,398/13,,,Main Road,Near School,Ward 5,Municipality,Kozhikode,685846,2,19,Loose / refill,7+,Sometimes,Every month,Yes
3931,user418@gmail.com,2-3,Large house,Resident_418,366/5,,,Main Road,Near School,Ward 5,Municipality,Thiruvananthapuram,672911,1,20,Plastic packet,None,Never,Every 2-3 months,No
3932,user419@gmail.com,2-3,Apartment,Resident_419,253/9,,,Main Road,Near School,Ward 11,Municipality,Kollam,671433,2,19,Loose / refill,None,Sometimes,Never,No
3933,user420@gmail.com,6+,Small house,Resident_420,341/16,,,Main Road,Near School,Ward 18,Municipality,Kottayam,688710,6,14,Plastic packet,7+,Never,Never,No
3934,user421@gmail.com,6+,Apartment,Resident_421,215/3,,,Main Road,Near School,Ward 20,Municipality,Thiruvananthapuram,685601,4,4,Plastic packet,7+,Sometimes,Never,No
3935,user422@gmail.com,4-5,Small house,Resident_422,112/4,,,Main Road,Near School,Ward 6,Municipality,Kozhikode,670693,3,19,Plastic packet,1-3,Sometimes,Never,Yes
3936,user423@gmail.com,6+,Large house,Resident_423,374/18,,,Main Road,Near School,Ward 3,Municipality,Kasaragod,673573,6,14,Plastic packet,1-3,Sometimes,Rarely,Yes
3937,user424@gmail.com,4-5,Large house,Resident_424,159/3,,,Main Road,Near School,Ward 21,Municipality,Kollam,683745,4,18,Loose / refill,4-7,Always,Rarely,No
3938,user425@gmail.com,4-5,Small house,Resident_425,364/15,,,Main Road,Near School,Ward 20,Municipality,Kozhikode,681868,4,18,Plastic bottle,1-3,Always,Every 2-3 months,Yes
3939,user426@gmail.com,1,Apartment,Resident_426,2/8,,,Main Road,Near School,Ward 17,Municipality,Thiruvananthapuram,672641,0,7,Plastic packet,4-7,Always,Every month,No
3940,user427@gmail.com,6+,Large house,Resident_427,7/7,,,Main Road,Near School,Ward 20,Municipality,Malappuram,675252,4,17,Plastic packet,None,Sometimes,Every 2-3 months,No
3941,user428@gmail.com,2-3,Small house,Resident_428,428/17,,,Main Road,Near School,Ward 1,Municipality,Palakkad,678014,2,4,Plastic bottle,None,Sometimes,Every 2-3 months,No
3942,user429@gmail.com,2-3,Small house,Resident_429,214/5,,,Main Road,Near School,Ward 10,Municipality,Alappuzha,679332,2,2,Plastic packet,7+,Never,Every month,No
3943,user430@gmail.com,2-3,Apartment,Resident_430,350/18,,,Main Road,Near School,Ward 5,Municipality,Kollam,670774,1,3,Plastic packet,1-3,Always,Never,No
3944,user431@gmail.com,4-5,Apartment,Resident_431,479/17,,,Main Road,Near School,Ward 25,Municipality,Thrissur,679314,2,7,Plastic bottle,None,Always,Every 2-3 months,Yes
3945,user432@gmail.com,4-5,Large house,Resident_432,413/19,,,Main Road,Near School,Ward 10,Municipality,Thiruvananthapuram,689758,2,18,Plastic packet,None,Sometimes,Every month,No
3946,user433@gmail.com,2-3,Apartment,Resident_433,308/19,,,Main Road,Near School,Ward 22,Municipality,Thrissur,679185,1,16,Plastic packet,7+,Sometimes,Never,Yes
3947,user434@gmail.com,6+,Large house,Resident_434,47/9,,,Main Road,Near School,Ward 4,Municipality,Alappuzha,687544,6,18,Loose / refill,None,Never,Every month,Yes
3948,user435@gmail.com,2-3,Large house,Resident_435,19/5,,,Main Road,Near School,Ward 13,Municipality,Ernakulam,680329,3,2,Plastic bottle,1-3,Never,Rarely,Yes
3949,user436@gmail.com,4-5,Apartment,Resident_436,34/20,,,Main Road,Near School,Ward 20,Municipality,Kottayam,689863,4,13,Plastic bottle,7+,Never,Every month,Yes
3950,user437@gmail.com,2-3,Small house,Resident_437,259/3,,,Main Road,Near School,Ward 5,Municipality,Thiruvananthapuram,688502,2,9,Loose / refill,7+,Never,Every 2-3 months,No
3951,user438@gmail.com,4-5,Apartment,Resident_438,336/7,,,Main Road,Near School,Ward 3,Municipality,Kozhikode,677554,3,9,Loose / refill,None,Never,Every month,No
3952,user439@gmail.com,2-3,Apartment,Resident_439,38/5,,,Main Road,Near School,Ward 16,Municipality,Kottayam,682872,2,17,Loose / refill,7+,Never,Every month,No
3953,user440@gmail.com,2-3,Apartment,Resident_440,491/10,,,Main Road,Near School,Ward 8,Municipality,Wayanad,679409,1,12,Plastic packet,4-7,Always,Rarely,No
3954,user441@gmail.com,2-3,Apartment,Resident_441,479/5,,,Main Road,Near School,Ward 10,Municipality,Kottayam,678042,1,12,Loose / refill,1-3,Sometimes,Rarely,No
3955,user442@gmail.com,4-5,Apartment,Resident_442,242/18,,,Main Road,Near School,Ward 22,Municipality,Kottayam,671168,3,2,Plastic packet,7+,Sometimes,Rarely,Yes
3956,user443@gmail.com,4-5,Large house,Resident_443,443/16,,,Main Road,Near School,Ward 21,Municipality,Ernakulam,688024,2,14,Loose / refill,None,Sometimes,Every 2-3 months,No
3957,user444@gmail.com,2-3,Apartment,Resident_444,31/5,,,Main Road,Near School,Ward 10,Municipality,Kollam,682685,2,6,Loose / refill,None,Sometimes,Rarely,Yes
3958,user445@gmail.com,2-3,Large house,Resident_445,357/18,,,Main Road,Near School,Ward 15,Municipality,Alappuzha,684601,1,12,Plastic packet,None,Always,Never,No
3959,user446@gmail.com,6+,Large house,Resident_446,65/1,,,Main Road,Near School,Ward 18,Municipality,Thrissur,671632,6,7,Loose / refill,4-7,Never,Rarely,Yes
3960,user447@gmail.com,4-5,Large house,Resident_447,269/20,,,Main Road,Near School,Ward 5,Municipality,Kasaragod,673581,2,16,Plastic packet,1-3,Always,Never,Yes
3961,user448@gmail.com,6+,Apartment,Resident_448,409/19,,,Main Road,Near School,Ward 8,Municipality,Kasaragod,681939,3,9,Plastic bottle,4-7,Sometimes,Every month,Yes
3962,user449@gmail.com,2-3,Apartment,Resident_449,381/6,,,Main Road,Near School,Ward 16,Municipality,Kannur,679637,1,3,Plastic packet,4-7,Always,Never,No
3963,user450@gmail.com,4-5,Large house,Resident_450,149/14,,,Main Road,Near School,Ward 22,Municipality,Kasaragod,681171,3,20,Plastic packet,4-7,Sometimes,Every month,Yes
3964,user451@gmail.com,4-5,Small house,Resident_451,72/6,,,Main Road,Near School,Ward 1,Municipality,Thrissur,684514,3,15,Loose / refill,None,Sometimes,Every 2-3 months,No
3965,user452@gmail.com,6+,Large house,Resident_452,268/12,,,Main Road,Near School,Ward 24,Municipality,Ernakulam,685696,5,5,Plastic bottle,None,Always,Every month,No
3966,user453@gmail.com,1,Small house,Resident_453,101/3,,,Main Road,Near School,Ward 23,Municipality,Thrissur,673902,1,6,Plastic packet,None,Sometimes,Rarely,Yes
3967,user454@gmail.com,2-3,Small house,Resident_454,216/11,,,Main Road,Near School,Ward 18,Municipality,Alappuzha,687650,3,5,Loose / refill,4-7,Always,Never,Yes
3968,user455@gmail.com,2-3,Small house,Resident_455,37/4,,,Main Road,Near School,Ward 23,Municipality,Alappuzha,678388,2,17,Plastic packet,4-7,Sometimes,Every 2-3 months,No
3969,user456@gmail.com,4-5,Small house,Resident_456,121/9,,,Main Road,Near School,Ward 11,Municipality,Ernakulam,682917,2,5,Loose / refill,7+,Always,Never,Yes
3970,user457@gmail.com,2-3,Small house,Resident_457,301/7,,,Main Road,Near School,Ward 7,Municipality,Malappuram,688968,3,9,Plastic packet,1-3,Sometimes,Every 2-3 months,Yes
3971,user458@gmail.com,2-3,Large house,Resident_458,470/14,,,Main Road,Near School,Ward 24,Municipality,Ernakulam,676858,2,12,Plastic packet,7+,Always,Every month,Yes
3972,user459@gmail.com,2-3,Apartment,Resident_459,275/14,,,Main Road,Near School,Ward 15,Municipality,Pathanamthitta,673587,1,7,Loose / refill,1-3,Sometimes,Rarely,Yes
3973,user460@gmail.com,2-3,Apartment,Resident_460,46/18,,,Main Road,Near School,Ward 10,Municipality,Malappuram,688757,2,3,Loose / refill,4-7,Always,Rarely,Yes
3974,user461@gmail.com,4-5,Small house,Resident_461,313/4,,,Main Road,Near School,Ward 1,Municipality,Thrissur,670465,3,3,Loose / refill,7+,Never,Never,No
3975,user462@gmail.com,2-3,Apartment,Resident_462,413/5,,,Main Road,Near School,Ward 7,Municipality,Thrissur,675079,2,15,Plastic packet,7+,Never,Every month,Yes
3976,user463@gmail.com,2-3,Apartment,Resident_463,259/19,,,Main Road,Near School,Ward 19,Municipality,Malappuram,671133,1,3,Plastic bottle,1-3,Sometimes,Every month,No
3977,user464@gmail.com,2-3,Large house,Resident_464,23/17,,,Main Road,Near School,Ward 19,Municipality,Kasaragod,670453,1,3,Loose / refill,7+,Always,Every month,No
3978,user465@gmail.com,2-3,Apartment,Resident_465,274/3,,,Main Road,Near School,Ward 12,Municipality,Idukki,686313,3,16,Loose / refill,1-3,Sometimes,Every 2-3 months,Yes
3979,user466@gmail.com,2-3,Apartment,Resident_466,300/10,,,Main Road,Near School,Ward 17,Municipality,Alappuzha,689584,2,8,Plastic bottle,7+,Never,Rarely,No
3980,user467@gmail.com,2-3,Apartment,Resident_467,151/17,,,Main Road,Near School,Ward 21,Municipality,Kollam,673618,3,2,Loose / refill,7+,Never,Every month,Yes
3981,user468@gmail.com,2-3,Small house,Resident_468,196/14,,,Main Road,Near School,Ward 21,Municipality,Idukki,671853,1,11,Loose / refill,7+,Never,Rarely,No
3982,user469@gmail.com,1,Large house,Resident_469,348/4,,,Main Road,Near School,Ward 21,Municipality,Thiruvananthapuram,673139,1,20,Plastic packet,7+,Always,Every month,No
3983,user470@gmail.com,1,Large house,Resident_470,405/18,,,Main Road,Near School,Ward 24,Municipality,Kollam,673579,0,2,Loose / refill,1-3,Sometimes,Every month,Yes
3984,user471@gmail.com,2-3,Large house,Resident_471,465/16,,,Main Road,Near School,Ward 23,Municipality,Kozhikode,675987,3,12,Plastic bottle,7+,Always,Rarely,Yes
3985,user472@gmail.com,6+,Large house,Resident_472,258/19,,,Main Road,Near School,Ward 7,Municipality,Kasaragod,683470,3,5,Loose / refill,7+,Sometimes,Never,Yes
3986,user473@gmail.com,1,Small house,Resident_473,250/16,,,Main Road,Near School,Ward 3,Municipality,Kannur,688219,0,19,Plastic packet,4-7,Always,Rarely,Yes
3987,user474@gmail.com,2-3,Large house,Resident_474,427/1,,,Main Road,Near School,Ward 11,Municipality,Malappuram,683852,3,17,Plastic bottle,4-7,Never,Every 2-3 months,Yes
3988,user475@gmail.com,2-3,Large house,Resident_475,85/14,,,Main Road,Near School,Ward 10,Municipality,Pathanamthitta,675533,1,4,Loose / refill,1-3,Sometimes,Every month,No
3989,user476@gmail.com,1,Large house,Resident_476,144/14,,,Main Road,Near School,Ward 2,Municipality,Malappuram,683657,0,11,Loose / refill,None,Sometimes,Rarely,Yes
3990,user477@gmail.com,2-3,Large house,Resident_477,127/5,,,Main Road,Near School,Ward 14,Municipality,Ernakulam,680872,3,6,Plastic packet,1-3,Sometimes,Every month,No
3991,user478@gmail.com,1,Small house,Resident_478,23/6,,,Main Road,Near School,Ward 20,Municipality,Kozhikode,676821,0,7,Plastic packet,1-3,Never,Rarely,Yes
3992,user479@gmail.com,4-5,Large house,Resident_479,434/1,,,Main Road,Near School,Ward 1,Municipality,Palakkad,684671,4,9,Plastic bottle,None,Never,Every month,Yes
3993,user480@gmail.com,2-3,Small house,Resident_480,251/20,,,Main Road,Near School,Ward 23,Municipality,Kollam,680692,2,10,Plastic packet,7+,Always,Never,No
3994,user481@gmail.com,4-5,Large house,Resident_481,97/4,,,Main Road,Near School,Ward 10,Municipality,Palakkad,675180,2,19,Plastic bottle,4-7,Always,Every 2-3 months,Yes
3995,user482@gmail.com,2-3,Small house,Resident_482,421/19,,,Main Road,Near School,Ward 1,Municipality,Malappuram,687156,1,20,Plastic bottle,1-3,Sometimes,Every month,No
3996,user483@gmail.com,4-5,Small house,Resident_483,465/1,,,Main Road,Near School,Ward 14,Municipality,Kottayam,675493,4,10,Plastic packet,1-3,Sometimes,Rarely,No
3997,user484@gmail.com,4-5,Apartment,Resident_484,215/11,,,Main Road,Near School,Ward 6,Municipality,Kottayam,675467,2,18,Plastic bottle,None,Always,Every 2-3 months,Yes
3998,user485@gmail.com,4-5,Apartment,Resident_485,73/13,,,Main Road,Near School,Ward 3,Municipality,Idukki,680985,3,16,Plastic packet,7+,Never,Rarely,Yes
3999,user486@gmail.com,4-5,Small house,Resident_486,260/3,,,Main Road,Near School,Ward 1,Municipality,Wayanad,674249,2,13,Plastic packet,4-7,Sometimes,Never,Yes
4000,user487@gmail.com,2-3,Apartment,Resident_487,45/17,,,Main Road,Near School,Ward 19,Municipality,Wayanad,672553,3,5,Loose / refill,4-7,Always,Rarely,Yes
4001,user488@gmail.com,4-5,Apartment,Resident_488,298/20,,,Main Road,Near School,Ward 18,Municipality,Kasaragod,677931,3,7,Loose / refill,None,Always,Rarely,Yes
4002,user489@gmail.com,2-3,Small house,Resident_489,315/14,,,Main Road,Near School,Ward 22,Municipality,Idukki,684199,3,16,Loose / refill,7+,Sometimes,Never,No
4003,user490@gmail.com,2-3,Small house,Resident_490,165/20,,,Main Road,Near School,Ward 1,Municipality,Kozhikode,670128,3,7,Loose / refill,1-3,Sometimes,Every 2-3 months,Yes
4004,user491@gmail.com,4-5,Apartment,Resident_491,210/15,,,Main Road,Near School,Ward 9,Municipality,Ernakulam,689426,2,11,Plastic bottle,1-3,Never,Rarely,Yes
4005,user492@gmail.com,4-5,Small house,Resident_492,357/11,,,Main Road,Near School,Ward 6,Municipality,Thiruvananthapuram,672671,2,14,Plastic packet,7+,Always,Every 2-3 months,No
4006,user493@gmail.com,2-3,Small house,Resident_493,311/3,,,Main Road,Near School,Ward 11,Municipality,Thiruvananthapuram,671556,2,12,Plastic bottle,4-7,Always,Rarely,Yes
4007,user494@gmail.com,6+,Large house,Resident_494,266/4,,,Main Road,Near School,Ward 16,Municipality,Kannur,688495,6,18,Plastic packet,7+,Sometimes,Rarely,Yes
4008,user495@gmail.com,6+,Small house,Resident_495,209/5,,,Main Road,Near School,Ward 21,Municipality,Palakkad,687350,5,17,Plastic bottle,4-7,Always,Every 2-3 months,No
4009,user496@gmail.com,2-3,Large house,Resident_496,470/1,,,Main Road,Near School,Ward 20,Municipality,Kollam,681704,2,12,Loose / refill,7+,Always,Never,No
4010,user497@gmail.com,2-3,Small house,Resident_497,288/7,,,Main Road,Near School,Ward 10,Municipality,Malappuram,682089,3,10,Plastic bottle,None,Sometimes,Every month,Yes
4011,user498@gmail.com,1,Large house,Resident_498,291/12,,,Main Road,Near School,Ward 20,Municipality,Wayanad,678411,0,14,Plastic packet,4-7,Sometimes,Every month,Yes
4012,user499@gmail.com,6+,Large house,Resident_499,176/12,,,Main Road,Near School,Ward 14,Municipality,Kottayam,683108,6,9,Loose / refill,1-3,Sometimes,Rarely,No
4013,user500@gmail.com,2-3,Small house,Resident_500,275/11,,,Main Road,Near School,Ward 5,Municipality,Kasaragod,686898,3,6,Loose / refill,4-7,Never,Every month,No
4014,user1@gmail.com,1,Apartment,u1,101,green,2A,ernakulam,cusat,32,kalamassery,Ernakulam,680021,1,14,Plastic packet,1-3,Always,Every month,Yes
